ANO4,PONDERA,CH04,CH06,CH07,CH08,NIVEL_ED,ESTADO,CAT_INAC,IPCF,CAT_OCUP,PP07H,P21,PP04A,PP04C
2005,1542.0,1.0,37.0,2.0,1.0,5.0,1.0,0.0,500.0,3.0,1.0,1000.0,1.0,10.0
2005,1542.0,2.0,37.0,2.0,1.0,6.0,1.0,0.0,500.0,3.0,1.0,1000.0,1.0,9.0
2005,1542.0,1.0,9.0,5.0,1.0,1.0,4.0,3.0,500.0,0.0,0.0,0.0,,
2005,1542.0,1.0,7.0,5.0,1.0,1.0,4.0,3.0,500.0,0.0,0.0,0.0,,
2005,1256.0,1.0,37.0,2.0,1.0,3.0,1.0,0.0,250.0,3.0,1.0,1000.0,2.0,
2005,1256.0,2.0,24.0,2.0,1.0,6.0,1.0,0.0,250.0,3.0,1.0,0.0,2.0,7.0
2005,1256.0,1.0,8.0,5.0,1.0,1.0,4.0,3.0,250.0,0.0,0.0,0.0,,
2005,1256.0,2.0,,5.0,1.0,7.0,4.0,5.0,250.0,0.0,0.0,0.0,,
2005,1302.0,1.0,44.0,5.0,1.0,4.0,1.0,0.0,1000.0,3.0,1.0,800.0,1.0,11.0
2005,1302.0,2.0,44.0,5.0,1.0,6.0,1.0,0.0,1000.0,3.0,1.0,700.0,2.0,8.0
2005,1302.0,1.0,38.0,5.0,1.0,6.0,1.0,0.0,1000.0,3.0,2.0,500.0,2.0,2.0
2005,1796.0,1.0,52.0,2.0,1.0,4.0,1.0,0.0,2250.0,3.0,1.0,6000.0,1.0,12.0
2005,1796.0,2.0,41.0,2.0,1.0,5.0,3.0,3.0,2250.0,0.0,0.0,0.0,,
2005,1796.0,1.0,10.0,5.0,1.0,1.0,3.0,3.0,2250.0,0.0,0.0,0.0,,
2005,1796.0,1.0,5.0,5.0,1.0,7.0,4.0,5.0,2250.0,0.0,0.0,0.0,,
2005,1297.0,1.0,84.0,4.0,1.0,2.0,3.0,1.0,320.0,0.0,0.0,0.0,,
2005,1235.0,1.0,86.0,4.0,1.0,2.0,3.0,1.0,500.0,0.0,0.0,0.0,,
2005,1235.0,2.0,43.0,5.0,4.0,5.0,3.0,3.0,500.0,0.0,0.0,0.0,,
2005,692.0,2.0,24.0,5.0,4.0,6.0,3.0,4.0,736.0,0.0,0.0,0.0,,
2005,692.0,2.0,21.0,5.0,1.0,5.0,1.0,0.0,736.0,3.0,1.0,1100.0,2.0,4.0
2005,692.0,2.0,20.0,5.0,1.0,5.0,1.0,0.0,736.0,3.0,1.0,500.0,2.0,3.0
2005,692.0,1.0,44.0,2.0,1.0,4.0,1.0,0.0,736.0,3.0,1.0,980.0,2.0,10.0
2005,692.0,2.0,41.0,2.0,1.0,4.0,3.0,4.0,736.0,0.0,0.0,0.0,,
2005,1016.0,2.0,61.0,4.0,4.0,2.0,3.0,1.0,175.0,0.0,0.0,0.0,,
2005,1016.0,1.0,24.0,5.0,4.0,5.0,2.0,0.0,175.0,0.0,0.0,0.0,,
2005,1203.0,1.0,47.0,1.0,4.0,4.0,1.0,0.0,366.6666666666667,3.0,2.0,800.0,2.0,6.0
2005,1203.0,2.0,49.0,1.0,4.0,3.0,1.0,0.0,366.6666666666667,3.0,2.0,300.0,2.0,6.0
2005,1203.0,2.0,6.0,5.0,4.0,1.0,4.0,3.0,366.6666666666667,0.0,0.0,0.0,,
2005,1155.0,2.0,60.0,3.0,4.0,3.0,1.0,0.0,875.0,3.0,1.0,750.0,2.0,7.0
2005,1155.0,2.0,27.0,5.0,4.0,5.0,1.0,0.0,875.0,3.0,2.0,1000.0,2.0,
2005,1150.0,1.0,41.0,1.0,1.0,5.0,1.0,0.0,840.0,3.0,1.0,2600.0,2.0,11.0
2005,1150.0,2.0,41.0,1.0,1.0,5.0,1.0,0.0,840.0,3.0,1.0,1600.0,2.0,10.0
2005,1150.0,1.0,12.0,5.0,1.0,1.0,3.0,3.0,840.0,0.0,0.0,0.0,,
2005,1150.0,1.0,2.0,5.0,1.0,7.0,4.0,5.0,840.0,0.0,0.0,0.0,,
2005,1150.0,1.0,15.0,5.0,1.0,3.0,3.0,3.0,840.0,0.0,0.0,0.0,,
2005,1160.0,1.0,54.0,2.0,1.0,4.0,1.0,0.0,3333.3333333333335,2.0,0.0,6000.0,2.0,1.0
2005,1160.0,2.0,56.0,2.0,1.0,6.0,1.0,0.0,3333.3333333333335,2.0,0.0,4000.0,2.0,1.0
2005,1160.0,2.0,16.0,5.0,1.0,3.0,3.0,3.0,3333.3333333333335,0.0,0.0,0.0,,
2005,1168.0,1.0,31.0,5.0,1.0,4.0,1.0,0.0,1970.0,3.0,1.0,1120.0,2.0,9.0
2005,1664.0,1.0,42.0,1.0,4.0,2.0,1.0,0.0,3000.0,1.0,0.0,6000.0,2.0,6.0
2005,1664.0,2.0,33.0,1.0,4.0,2.0,3.0,4.0,3000.0,0.0,0.0,0.0,,
2005,2245.0,1.0,25.0,1.0,4.0,3.0,1.0,0.0,126.66666666666667,2.0,0.0,300.0,2.0,1.0
2005,2245.0,2.0,21.0,1.0,4.0,3.0,3.0,4.0,126.66666666666667,0.0,0.0,0.0,,
2005,2245.0,2.0,,5.0,4.0,7.0,4.0,5.0,126.66666666666667,0.0,0.0,0.0,,
2005,1906.0,1.0,43.0,2.0,1.0,6.0,1.0,0.0,960.0,3.0,1.0,1700.0,1.0,
2005,1906.0,2.0,45.0,2.0,1.0,4.0,1.0,0.0,960.0,3.0,1.0,1200.0,1.0,
2005,1906.0,2.0,84.0,4.0,1.0,7.0,3.0,1.0,960.0,0.0,0.0,0.0,,
2005,1906.0,2.0,15.0,5.0,1.0,3.0,3.0,3.0,960.0,0.0,0.0,0.0,,
2005,1906.0,1.0,12.0,5.0,1.0,1.0,3.0,3.0,960.0,0.0,0.0,0.0,,
2005,1312.0,2.0,29.0,5.0,1.0,4.0,1.0,0.0,450.0,3.0,1.0,900.0,2.0,12.0
2005,1312.0,1.0,8.0,5.0,1.0,1.0,4.0,3.0,450.0,0.0,0.0,0.0,,
2005,1078.0,1.0,36.0,2.0,1.0,2.0,1.0,0.0,1400.0,3.0,1.0,1200.0,2.0,2.0
2005,1058.0,1.0,55.0,2.0,2.0,4.0,1.0,0.0,840.0,1.0,0.0,1300.0,2.0,4.0
2005,1058.0,2.0,54.0,2.0,2.0,4.0,1.0,0.0,840.0,3.0,2.0,500.0,2.0,8.0
2005,1058.0,2.0,27.0,5.0,1.0,5.0,1.0,0.0,840.0,3.0,1.0,700.0,2.0,
2005,1058.0,2.0,27.0,5.0,1.0,5.0,1.0,0.0,840.0,3.0,1.0,900.0,1.0,1.0
2005,1058.0,2.0,19.0,5.0,2.0,5.0,3.0,3.0,840.0,0.0,0.0,0.0,,
2005,1107.0,1.0,56.0,2.0,2.0,6.0,1.0,0.0,1625.0,3.0,2.0,6500.0,2.0,12.0
2005,1107.0,2.0,53.0,2.0,2.0,6.0,3.0,4.0,1625.0,0.0,0.0,0.0,,
2005,1107.0,1.0,21.0,5.0,2.0,5.0,3.0,3.0,1625.0,0.0,0.0,0.0,,
2005,1107.0,1.0,18.0,5.0,2.0,5.0,3.0,3.0,1625.0,0.0,0.0,0.0,,
2005,1445.0,2.0,85.0,4.0,2.0,5.0,3.0,1.0,1900.0,0.0,0.0,0.0,,
2005,1352.0,2.0,82.0,4.0,1.0,2.0,3.0,1.0,600.0,0.0,0.0,0.0,,
2005,1155.0,2.0,66.0,4.0,2.0,6.0,1.0,0.0,987.25,2.0,0.0,150.0,2.0,1.0
2005,1155.0,1.0,40.0,5.0,1.0,6.0,1.0,0.0,987.25,3.0,1.0,900.0,2.0,9.0
2005,1155.0,2.0,36.0,5.0,12.0,6.0,1.0,0.0,987.25,3.0,1.0,1200.0,2.0,
2005,1155.0,2.0,33.0,5.0,12.0,6.0,1.0,0.0,987.25,3.0,1.0,0.0,2.0,
2005,1540.0,1.0,56.0,5.0,1.0,6.0,1.0,0.0,5750.0,3.0,1.0,3250.0,2.0,9.0
2005,1276.0,2.0,56.0,3.0,1.0,6.0,1.0,0.0,750.0,2.0,0.0,1500.0,2.0,2.0
2005,1276.0,2.0,16.0,5.0,1.0,3.0,3.0,3.0,750.0,0.0,0.0,0.0,,
2005,943.0,1.0,56.0,2.0,1.0,2.0,1.0,0.0,166.66666666666666,3.0,1.0,1000.0,2.0,3.0
2005,943.0,2.0,49.0,2.0,1.0,2.0,3.0,4.0,166.66666666666666,0.0,0.0,0.0,,
2005,943.0,2.0,25.0,5.0,4.0,3.0,2.0,0.0,166.66666666666666,0.0,0.0,0.0,,
2005,943.0,2.0,22.0,5.0,4.0,4.0,2.0,0.0,166.66666666666666,0.0,0.0,0.0,,
2005,943.0,2.0,17.0,5.0,1.0,4.0,3.0,7.0,166.66666666666666,0.0,0.0,0.0,,
2005,943.0,2.0,14.0,5.0,1.0,3.0,3.0,3.0,166.66666666666666,0.0,0.0,0.0,,
2005,1338.0,1.0,35.0,1.0,1.0,6.0,1.0,0.0,1333.3333333333333,3.0,1.0,2000.0,1.0,11.0
2005,1338.0,2.0,35.0,1.0,2.0,6.0,1.0,0.0,1333.3333333333333,3.0,2.0,2000.0,2.0,9.0
2005,1338.0,1.0,4.0,5.0,2.0,7.0,4.0,5.0,1333.3333333333333,0.0,0.0,0.0,,
2005,1244.0,1.0,69.0,3.0,2.0,6.0,1.0,0.0,4080.0,1.0,0.0,3500.0,2.0,2.0
2005,1244.0,2.0,46.0,5.0,1.0,4.0,1.0,0.0,360.0,3.0,1.0,360.0,2.0,
2005,991.0,1.0,34.0,2.0,1.0,4.0,1.0,0.0,1447.5,3.0,1.0,830.0,2.0,
2005,991.0,2.0,36.0,2.0,1.0,6.0,1.0,0.0,1447.5,3.0,1.0,700.0,1.0,9.0
2005,1225.0,1.0,69.0,2.0,12.0,4.0,3.0,1.0,1160.0,0.0,0.0,0.0,,
2005,1225.0,2.0,64.0,2.0,12.0,3.0,3.0,1.0,1160.0,0.0,0.0,0.0,,
2005,1094.0,2.0,37.0,2.0,2.0,6.0,1.0,0.0,1800.0,2.0,0.0,3000.0,2.0,1.0
2005,1094.0,1.0,38.0,2.0,2.0,6.0,1.0,0.0,1800.0,3.0,2.0,600.0,2.0,
2005,888.0,2.0,47.0,3.0,1.0,4.0,1.0,0.0,400.0,3.0,1.0,1200.0,1.0,9.0
2005,888.0,1.0,24.0,5.0,4.0,6.0,2.0,0.0,400.0,3.0,0.0,0.0,,
2005,888.0,1.0,22.0,5.0,4.0,4.0,2.0,0.0,400.0,3.0,0.0,0.0,,
2005,1097.0,1.0,33.0,2.0,1.0,6.0,1.0,0.0,878.3333333333334,2.0,0.0,1000.0,2.0,6.0
2005,1097.0,2.0,34.0,2.0,1.0,6.0,1.0,0.0,878.3333333333334,3.0,1.0,1600.0,2.0,9.0
2005,1097.0,2.0,3.0,5.0,1.0,7.0,4.0,5.0,878.3333333333334,0.0,0.0,0.0,,
2005,1373.0,1.0,44.0,2.0,1.0,6.0,1.0,0.0,362.5,3.0,1.0,700.0,1.0,
2005,1373.0,2.0,41.0,2.0,1.0,6.0,1.0,0.0,362.5,3.0,1.0,750.0,1.0,
2005,1373.0,1.0,8.0,5.0,1.0,1.0,4.0,3.0,362.5,0.0,0.0,0.0,,
2005,1373.0,2.0,3.0,5.0,1.0,7.0,4.0,5.0,362.5,0.0,0.0,0.0,,
2005,1346.0,2.0,82.0,4.0,1.0,1.0,3.0,1.0,440.0,0.0,0.0,0.0,,
2005,1452.0,1.0,75.0,2.0,1.0,2.0,3.0,1.0,297.5,0.0,0.0,0.0,,
2005,1452.0,2.0,64.0,2.0,1.0,2.0,3.0,1.0,297.5,0.0,0.0,0.0,,
2005,1529.0,2.0,85.0,5.0,1.0,2.0,3.0,1.0,330.0,0.0,0.0,0.0,,
2005,1233.0,1.0,38.0,2.0,1.0,5.0,1.0,0.0,500.0,3.0,1.0,1200.0,2.0,2.0
2005,1233.0,2.0,39.0,2.0,1.0,6.0,1.0,0.0,500.0,3.0,1.0,300.0,2.0,7.0
2005,1233.0,2.0,6.0,5.0,1.0,1.0,4.0,3.0,500.0,0.0,0.0,0.0,,
2005,1316.0,2.0,72.0,5.0,1.0,2.0,3.0,1.0,336.0,0.0,0.0,0.0,,
2005,1488.0,1.0,83.0,2.0,1.0,5.0,3.0,1.0,1740.0,0.0,0.0,0.0,,
2005,1488.0,2.0,82.0,2.0,1.0,6.0,3.0,1.0,1740.0,0.0,0.0,0.0,,
2005,1298.0,1.0,65.0,2.0,1.0,5.0,1.0,0.0,566.6666666666666,3.0,1.0,600.0,1.0,10.0
2005,1298.0,2.0,59.0,2.0,1.0,4.0,3.0,4.0,566.6666666666666,0.0,0.0,0.0,,
2005,1298.0,1.0,33.0,5.0,1.0,6.0,1.0,0.0,566.6666666666666,3.0,1.0,1100.0,1.0,12.0
2005,1074.0,2.0,29.0,5.0,1.0,4.0,2.0,0.0,170.0,3.0,0.0,0.0,,
2005,1223.0,1.0,64.0,1.0,1.0,4.0,1.0,0.0,1275.0,3.0,1.0,900.0,2.0,
2005,1223.0,2.0,55.0,1.0,2.0,2.0,1.0,0.0,1275.0,3.0,1.0,800.0,2.0,9.0
2005,1241.0,1.0,56.0,3.0,1.0,1.0,1.0,0.0,1050.0,3.0,1.0,850.0,2.0,1.0
2005,1321.0,1.0,64.0,2.0,4.0,4.0,1.0,0.0,900.0,3.0,1.0,1200.0,2.0,6.0
2005,1321.0,2.0,61.0,2.0,4.0,4.0,3.0,4.0,900.0,0.0,0.0,0.0,,
2005,1157.0,1.0,62.0,3.0,2.0,5.0,1.0,0.0,4250.0,3.0,2.0,4250.0,2.0,10.0
2005,1194.0,1.0,64.0,4.0,2.0,6.0,1.0,0.0,5316.0,2.0,0.0,5000.0,2.0,1.0
2005,1658.0,1.0,30.0,1.0,1.0,5.0,1.0,0.0,2600.0,2.0,0.0,1500.0,2.0,1.0
2005,1658.0,2.0,27.0,1.0,1.0,5.0,1.0,0.0,2600.0,3.0,1.0,2200.0,2.0,12.0
2005,1187.0,2.0,51.0,5.0,4.0,4.0,1.0,0.0,500.0,3.0,2.0,500.0,2.0,2.0
2005,1394.0,1.0,82.0,2.0,1.0,2.0,3.0,1.0,325.0,0.0,0.0,0.0,,
2005,1394.0,2.0,84.0,2.0,1.0,4.0,3.0,4.0,325.0,0.0,0.0,0.0,,
2005,2514.0,1.0,22.0,1.0,1.0,3.0,1.0,0.0,180.0,3.0,1.0,600.0,2.0,
2005,2514.0,2.0,28.0,1.0,4.0,3.0,3.0,4.0,180.0,0.0,0.0,0.0,,
2005,2514.0,1.0,4.0,5.0,1.0,7.0,4.0,5.0,180.0,0.0,0.0,0.0,,
2005,2514.0,2.0,,5.0,4.0,7.0,4.0,5.0,180.0,0.0,0.0,0.0,,
2005,1415.0,1.0,38.0,2.0,1.0,5.0,1.0,0.0,2300.0,3.0,1.0,3200.0,2.0,11.0
2005,1415.0,2.0,27.0,2.0,1.0,5.0,1.0,0.0,2300.0,3.0,1.0,1500.0,2.0,12.0
2005,1415.0,2.0,,5.0,1.0,7.0,4.0,5.0,2300.0,0.0,0.0,0.0,,
2005,1189.0,2.0,39.0,5.0,1.0,5.0,1.0,0.0,1000.0,3.0,1.0,1000.0,2.0,9.0
2005,1063.0,1.0,42.0,5.0,12.0,6.0,1.0,0.0,2000.0,3.0,1.0,2000.0,1.0,8.0
2005,1555.0,1.0,39.0,2.0,2.0,5.0,1.0,0.0,340.0,3.0,1.0,1700.0,2.0,9.0
2005,1555.0,2.0,37.0,2.0,2.0,5.0,3.0,4.0,340.0,0.0,0.0,0.0,,
2005,1555.0,1.0,11.0,5.0,2.0,1.0,3.0,3.0,340.0,0.0,0.0,0.0,,
2005,1555.0,2.0,7.0,5.0,2.0,1.0,4.0,3.0,340.0,0.0,0.0,0.0,,
2005,1555.0,1.0,5.0,5.0,2.0,7.0,4.0,5.0,340.0,0.0,0.0,0.0,,
2005,1652.0,2.0,23.0,5.0,4.0,6.0,1.0,0.0,1100.0,2.0,0.0,1100.0,2.0,6.0
2005,1224.0,1.0,40.0,2.0,1.0,3.0,1.0,0.0,675.0,3.0,1.0,1100.0,2.0,1.0
2005,1224.0,2.0,30.0,2.0,1.0,4.0,1.0,0.0,675.0,3.0,2.0,250.0,2.0,
2005,1320.0,2.0,70.0,4.0,1.0,1.0,3.0,1.0,970.0,0.0,0.0,0.0,,
2005,921.0,1.0,25.0,5.0,1.0,5.0,1.0,0.0,508.3333333333333,3.0,1.0,950.0,2.0,
2005,921.0,2.0,20.0,5.0,2.0,5.0,2.0,0.0,508.3333333333333,3.0,0.0,0.0,,
2005,921.0,2.0,57.0,3.0,4.0,2.0,3.0,4.0,508.3333333333333,0.0,0.0,0.0,,
2005,1051.0,2.0,62.0,3.0,4.0,5.0,2.0,0.0,875.0,3.0,0.0,0.0,,
2005,1051.0,2.0,32.0,5.0,4.0,4.0,1.0,0.0,875.0,3.0,2.0,1000.0,2.0,
2005,1161.0,1.0,46.0,2.0,2.0,4.0,1.0,0.0,666.6666666666666,1.0,0.0,2000.0,2.0,6.0
2005,1161.0,2.0,45.0,2.0,2.0,6.0,1.0,0.0,666.6666666666666,4.0,0.0,0.0,2.0,6.0
2005,1161.0,1.0,14.0,5.0,2.0,3.0,3.0,3.0,666.6666666666666,0.0,0.0,0.0,,
2005,1150.0,1.0,39.0,1.0,1.0,5.0,1.0,0.0,1100.0,3.0,2.0,1100.0,2.0,11.0
2005,1150.0,2.0,21.0,1.0,1.0,5.0,1.0,0.0,1100.0,3.0,1.0,700.0,2.0,
2005,1890.0,1.0,53.0,3.0,4.0,4.0,1.0,0.0,800.0,2.0,0.0,800.0,2.0,1.0
2005,1595.0,1.0,67.0,5.0,1.0,2.0,1.0,0.0,500.0,3.0,1.0,800.0,2.0,9.0
2005,1595.0,2.0,62.0,5.0,4.0,2.0,1.0,0.0,500.0,2.0,0.0,300.0,2.0,1.0
2005,1595.0,2.0,89.0,4.0,4.0,1.0,3.0,7.0,500.0,0.0,0.0,0.0,,
2005,1795.0,1.0,75.0,2.0,1.0,5.0,3.0,1.0,612.0,0.0,0.0,0.0,,
2005,1795.0,2.0,69.0,2.0,1.0,4.0,3.0,4.0,612.0,0.0,0.0,0.0,,
2005,1179.0,1.0,51.0,2.0,1.0,2.0,1.0,0.0,677.5,3.0,1.0,800.0,2.0,2.0
2005,1179.0,2.0,48.0,2.0,1.0,2.0,1.0,0.0,677.5,3.0,1.0,380.0,2.0,
2005,1105.0,1.0,25.0,5.0,1.0,4.0,1.0,0.0,1792.5,3.0,1.0,1770.0,2.0,12.0
2005,1105.0,1.0,25.0,5.0,1.0,4.0,1.0,0.0,1792.5,3.0,1.0,600.0,2.0,5.0
2005,1105.0,1.0,25.0,5.0,1.0,4.0,1.0,0.0,1792.5,3.0,1.0,600.0,2.0,8.0
2005,1105.0,1.0,29.0,5.0,1.0,6.0,1.0,0.0,1792.5,3.0,1.0,1600.0,2.0,12.0
2005,1169.0,1.0,43.0,1.0,2.0,4.0,1.0,0.0,1000.0,1.0,0.0,2000.0,2.0,5.0
2005,1169.0,2.0,45.0,1.0,2.0,6.0,1.0,0.0,1000.0,3.0,1.0,1000.0,1.0,4.0
2005,1169.0,2.0,14.0,5.0,2.0,3.0,3.0,3.0,1000.0,0.0,0.0,0.0,,
2005,1042.0,2.0,30.0,5.0,1.0,6.0,1.0,0.0,3100.0,3.0,1.0,1200.0,1.0,12.0
2005,1211.0,1.0,48.0,2.0,4.0,1.0,1.0,0.0,30.0,2.0,0.0,0.0,2.0,1.0
2005,1211.0,2.0,54.0,2.0,4.0,1.0,1.0,0.0,30.0,2.0,0.0,100.0,2.0,2.0
2005,1211.0,2.0,18.0,5.0,4.0,3.0,1.0,0.0,30.0,2.0,0.0,50.0,2.0,2.0
2005,1211.0,2.0,16.0,5.0,4.0,3.0,3.0,3.0,30.0,0.0,0.0,0.0,,
2005,1211.0,1.0,13.0,5.0,4.0,3.0,3.0,3.0,30.0,0.0,0.0,0.0,,
2005,1381.0,1.0,77.0,2.0,1.0,6.0,3.0,1.0,2100.0,0.0,0.0,0.0,,
2005,1381.0,2.0,73.0,2.0,1.0,4.0,3.0,4.0,2100.0,0.0,0.0,0.0,,
2005,1465.0,2.0,47.0,3.0,2.0,4.0,1.0,0.0,600.0,3.0,2.0,400.0,2.0,3.0
2005,1465.0,1.0,14.0,5.0,2.0,3.0,3.0,3.0,600.0,0.0,0.0,0.0,,
2005,1465.0,1.0,9.0,5.0,2.0,1.0,4.0,3.0,600.0,0.0,0.0,0.0,,
2005,1465.0,1.0,6.0,5.0,2.0,1.0,4.0,3.0,600.0,0.0,0.0,0.0,,
2005,1417.0,1.0,62.0,2.0,4.0,2.0,1.0,0.0,350.0,2.0,0.0,700.0,2.0,1.0
2005,1417.0,2.0,67.0,2.0,4.0,3.0,3.0,4.0,350.0,0.0,0.0,0.0,,
2005,1333.0,1.0,69.0,2.0,12.0,4.0,3.0,1.0,600.0,0.0,0.0,0.0,,
2005,1333.0,2.0,63.0,2.0,12.0,6.0,3.0,4.0,600.0,0.0,0.0,0.0,,
2005,1200.0,1.0,47.0,2.0,1.0,6.0,1.0,0.0,650.0,3.0,1.0,1500.0,2.0,7.0
2005,1200.0,2.0,44.0,2.0,1.0,6.0,1.0,0.0,650.0,3.0,2.0,500.0,2.0,
2005,1200.0,2.0,14.0,5.0,1.0,3.0,3.0,3.0,650.0,0.0,0.0,0.0,,
2005,1200.0,1.0,11.0,5.0,1.0,1.0,3.0,3.0,650.0,0.0,0.0,0.0,,
2005,1131.0,1.0,41.0,1.0,2.0,4.0,1.0,0.0,1633.3333333333333,1.0,0.0,2000.0,2.0,5.0
2005,1131.0,2.0,47.0,1.0,2.0,6.0,1.0,0.0,1633.3333333333333,3.0,1.0,2100.0,2.0,9.0
2005,1131.0,1.0,7.0,5.0,2.0,1.0,4.0,3.0,1633.3333333333333,0.0,0.0,0.0,,
2005,1131.0,2.0,33.0,5.0,4.0,2.0,1.0,0.0,500.0,3.0,2.0,500.0,2.0,
2005,1269.0,1.0,31.0,2.0,4.0,5.0,1.0,0.0,400.0,2.0,0.0,600.0,2.0,2.0
2005,1269.0,2.0,35.0,2.0,4.0,6.0,1.0,0.0,400.0,2.0,0.0,600.0,2.0,2.0
2005,1269.0,1.0,1.0,5.0,4.0,7.0,4.0,5.0,400.0,0.0,0.0,0.0,,
2005,1062.0,1.0,50.0,2.0,1.0,6.0,1.0,0.0,550.0,3.0,1.0,2200.0,2.0,6.0
2005,1062.0,2.0,47.0,2.0,1.0,6.0,3.0,4.0,550.0,0.0,0.0,0.0,,
2005,1062.0,2.0,18.0,5.0,1.0,3.0,3.0,3.0,550.0,0.0,0.0,0.0,,
2005,1062.0,2.0,16.0,5.0,1.0,3.0,3.0,3.0,550.0,0.0,0.0,0.0,,
2005,1230.0,2.0,57.0,4.0,1.0,4.0,1.0,0.0,1755.0,3.0,1.0,800.0,2.0,8.0
2005,1230.0,2.0,27.0,5.0,1.0,6.0,1.0,0.0,1755.0,3.0,1.0,2350.0,2.0,11.0
2005,1196.0,1.0,58.0,5.0,2.0,5.0,1.0,0.0,1500.0,2.0,0.0,1500.0,2.0,2.0
2005,1089.0,1.0,55.0,1.0,4.0,3.0,1.0,0.0,253.33333333333334,2.0,0.0,500.0,2.0,1.0
2005,1089.0,1.0,21.0,5.0,4.0,3.0,2.0,0.0,253.33333333333334,2.0,0.0,0.0,,
2005,1089.0,1.0,22.0,5.0,4.0,4.0,1.0,0.0,253.33333333333334,2.0,0.0,0.0,2.0,1.0
2005,1089.0,2.0,54.0,1.0,4.0,4.0,1.0,0.0,253.33333333333334,3.0,2.0,100.0,2.0,4.0
2005,1089.0,2.0,31.0,5.0,1.0,4.0,1.0,0.0,253.33333333333334,3.0,1.0,680.0,2.0,6.0
2005,1089.0,2.0,18.0,5.0,4.0,4.0,3.0,4.0,253.33333333333334,0.0,0.0,0.0,,
2005,1152.0,1.0,39.0,1.0,4.0,4.0,1.0,0.0,1350.0,3.0,2.0,1200.0,2.0,
2005,1152.0,2.0,37.0,1.0,1.0,4.0,1.0,0.0,1350.0,3.0,1.0,1500.0,2.0,11.0
2005,1055.0,2.0,23.0,5.0,1.0,6.0,1.0,0.0,2250.0,3.0,1.0,2000.0,1.0,12.0
2005,1452.0,1.0,44.0,1.0,1.0,6.0,1.0,0.0,700.0,3.0,1.0,1000.0,1.0,
2005,1452.0,2.0,39.0,1.0,2.0,6.0,1.0,0.0,700.0,3.0,1.0,0.0,1.0,10.0
2005,1452.0,2.0,7.0,5.0,2.0,1.0,4.0,3.0,700.0,0.0,0.0,0.0,,
2005,1452.0,1.0,2.0,5.0,2.0,7.0,4.0,5.0,700.0,0.0,0.0,0.0,,
2005,908.0,2.0,25.0,1.0,2.0,5.0,1.0,0.0,400.0,2.0,0.0,150.0,2.0,2.0
2005,908.0,1.0,27.0,1.0,4.0,4.0,1.0,0.0,400.0,2.0,0.0,150.0,2.0,2.0
2005,1401.0,1.0,67.0,4.0,1.0,2.0,3.0,1.0,428.0,0.0,0.0,0.0,,
2005,1187.0,1.0,48.0,3.0,2.0,6.0,1.0,0.0,3000.0,1.0,0.0,3000.0,2.0,6.0
2005,1576.0,1.0,37.0,1.0,2.0,4.0,1.0,0.0,1333.3333333333333,1.0,0.0,4000.0,2.0,7.0
2005,1576.0,2.0,25.0,1.0,2.0,5.0,3.0,4.0,1333.3333333333333,0.0,0.0,0.0,,
2005,1576.0,2.0,4.0,5.0,2.0,7.0,4.0,5.0,1333.3333333333333,0.0,0.0,0.0,,
2005,1391.0,2.0,73.0,4.0,1.0,4.0,3.0,1.0,1476.0,0.0,0.0,0.0,,
2005,1448.0,1.0,32.0,2.0,1.0,4.0,1.0,0.0,700.0,2.0,0.0,2000.0,2.0,1.0
2005,1448.0,2.0,34.0,2.0,1.0,3.0,3.0,4.0,700.0,0.0,0.0,0.0,,
2005,1448.0,1.0,6.0,5.0,1.0,7.0,4.0,3.0,700.0,0.0,0.0,0.0,,
2005,1448.0,1.0,66.0,3.0,4.0,5.0,1.0,0.0,700.0,2.0,0.0,1500.0,2.0,3.0
2005,1448.0,2.0,,5.0,1.0,7.0,4.0,5.0,700.0,0.0,0.0,0.0,,
2005,1116.0,2.0,86.0,4.0,12.0,4.0,3.0,1.0,533.3333333333334,0.0,0.0,0.0,,
2005,1116.0,1.0,29.0,5.0,1.0,6.0,1.0,0.0,533.3333333333334,3.0,2.0,0.0,2.0,12.0
2005,1116.0,2.0,20.0,5.0,1.0,5.0,2.0,0.0,533.3333333333334,0.0,0.0,0.0,,
2005,1304.0,1.0,71.0,5.0,4.0,1.0,2.0,0.0,0.0,0.0,0.0,0.0,,
2005,1326.0,1.0,31.0,2.0,1.0,3.0,1.0,0.0,300.0,3.0,1.0,1200.0,2.0,2.0
2005,1326.0,2.0,24.0,2.0,1.0,4.0,3.0,4.0,300.0,0.0,0.0,0.0,,
2005,1326.0,1.0,6.0,5.0,1.0,1.0,4.0,3.0,300.0,0.0,0.0,0.0,,
2005,1326.0,1.0,4.0,5.0,1.0,7.0,4.0,5.0,300.0,0.0,0.0,0.0,,
2005,1630.0,2.0,84.0,5.0,1.0,6.0,3.0,1.0,1280.0,0.0,0.0,0.0,,
2005,1296.0,2.0,69.0,4.0,1.0,2.0,3.0,1.0,400.0,0.0,0.0,0.0,,
2005,913.0,2.0,49.0,3.0,4.0,6.0,1.0,0.0,183.33333333333334,3.0,2.0,0.0,2.0,4.0
2005,913.0,1.0,21.0,5.0,4.0,2.0,2.0,0.0,183.33333333333334,3.0,0.0,0.0,,
2005,913.0,1.0,20.0,5.0,4.0,3.0,1.0,0.0,183.33333333333334,3.0,2.0,250.0,2.0,2.0
2005,1015.0,1.0,51.0,2.0,1.0,2.0,1.0,0.0,900.0,3.0,1.0,1300.0,2.0,2.0
2005,1015.0,2.0,47.0,2.0,1.0,3.0,1.0,0.0,900.0,3.0,1.0,700.0,2.0,2.0
2005,1015.0,1.0,22.0,5.0,1.0,3.0,1.0,0.0,900.0,3.0,1.0,900.0,2.0,5.0
2005,1015.0,1.0,21.0,5.0,1.0,4.0,1.0,0.0,900.0,3.0,1.0,700.0,1.0,9.0
2005,1015.0,1.0,18.0,5.0,1.0,3.0,1.0,0.0,900.0,3.0,2.0,300.0,2.0,2.0
2005,1015.0,1.0,13.0,5.0,1.0,3.0,3.0,3.0,900.0,0.0,0.0,0.0,,
2005,1209.0,1.0,54.0,4.0,1.0,2.0,1.0,0.0,266.6666666666667,3.0,2.0,250.0,2.0,
2005,1209.0,1.0,19.0,5.0,1.0,3.0,3.0,3.0,266.6666666666667,0.0,0.0,0.0,,
2005,1209.0,2.0,20.0,5.0,1.0,5.0,3.0,3.0,266.6666666666667,0.0,0.0,0.0,,
2005,1030.0,1.0,24.0,1.0,2.0,4.0,1.0,0.0,1035.0,3.0,2.0,1000.0,2.0,4.0
2005,1030.0,2.0,28.0,1.0,1.0,4.0,1.0,0.0,1035.0,3.0,2.0,270.0,2.0,3.0
2005,1378.0,1.0,35.0,5.0,1.0,6.0,1.0,0.0,1800.0,3.0,1.0,1200.0,2.0,9.0
2005,1102.0,1.0,53.0,2.0,1.0,6.0,1.0,0.0,2360.0,1.0,0.0,10000.0,2.0,6.0
2005,1102.0,2.0,55.0,2.0,1.0,6.0,1.0,0.0,2360.0,3.0,1.0,300.0,2.0,10.0
2005,1102.0,2.0,28.0,5.0,1.0,5.0,1.0,0.0,2360.0,2.0,0.0,300.0,2.0,1.0
2005,1102.0,2.0,24.0,5.0,1.0,5.0,1.0,0.0,2360.0,3.0,1.0,900.0,2.0,10.0
2005,1102.0,1.0,19.0,5.0,2.0,5.0,1.0,0.0,2360.0,3.0,2.0,300.0,2.0,6.0
2005,1241.0,2.0,38.0,3.0,1.0,2.0,1.0,0.0,595.0,3.0,1.0,1110.0,2.0,2.0
2005,1241.0,2.0,42.0,3.0,4.0,3.0,1.0,0.0,595.0,3.0,2.0,350.0,2.0,2.0
2005,1241.0,1.0,17.0,5.0,1.0,3.0,1.0,0.0,595.0,3.0,2.0,240.0,2.0,4.0
2005,1241.0,1.0,7.0,5.0,1.0,1.0,4.0,3.0,595.0,0.0,0.0,0.0,,
2005,1371.0,2.0,27.0,3.0,4.0,5.0,1.0,0.0,300.0,2.0,0.0,400.0,2.0,6.0
2005,1371.0,2.0,4.0,5.0,1.0,7.0,4.0,5.0,300.0,0.0,0.0,0.0,,
2005,1378.0,2.0,41.0,3.0,1.0,6.0,1.0,0.0,1025.0,3.0,1.0,1250.0,2.0,7.0
2005,1378.0,2.0,10.0,5.0,1.0,1.0,3.0,3.0,1025.0,0.0,0.0,0.0,,
2005,1378.0,2.0,53.0,2.0,4.0,4.0,1.0,0.0,275.0,3.0,2.0,150.0,2.0,
2005,1450.0,2.0,54.0,4.0,2.0,4.0,1.0,0.0,650.0,3.0,2.0,800.0,2.0,
2005,1450.0,2.0,19.0,5.0,2.0,5.0,3.0,3.0,650.0,0.0,0.0,0.0,,
2005,1450.0,2.0,16.0,5.0,2.0,3.0,3.0,3.0,650.0,0.0,0.0,0.0,,
2005,958.0,1.0,57.0,2.0,1.0,5.0,1.0,0.0,520.0,2.0,0.0,1300.0,2.0,1.0
2005,958.0,2.0,55.0,2.0,1.0,4.0,3.0,4.0,520.0,0.0,0.0,0.0,,
2005,958.0,2.0,28.0,5.0,1.0,5.0,3.0,3.0,520.0,0.0,0.0,0.0,,
2005,958.0,1.0,25.0,5.0,1.0,5.0,1.0,0.0,520.0,3.0,1.0,1300.0,2.0,
2005,958.0,1.0,18.0,5.0,1.0,5.0,3.0,3.0,520.0,0.0,0.0,0.0,,
2005,1337.0,1.0,52.0,2.0,2.0,6.0,1.0,0.0,375.0,3.0,1.0,2000.0,2.0,7.0
2005,1337.0,2.0,50.0,2.0,2.0,6.0,3.0,4.0,375.0,0.0,0.0,0.0,,
2005,1337.0,2.0,23.0,5.0,2.0,6.0,3.0,7.0,375.0,0.0,0.0,0.0,,
2005,1337.0,1.0,21.0,5.0,2.0,5.0,3.0,3.0,375.0,0.0,0.0,0.0,,
2005,1337.0,1.0,19.0,5.0,2.0,5.0,3.0,3.0,375.0,0.0,0.0,0.0,,
2005,1337.0,2.0,16.0,5.0,2.0,3.0,3.0,3.0,375.0,0.0,0.0,0.0,,
2005,1337.0,2.0,12.0,5.0,2.0,1.0,3.0,3.0,375.0,0.0,0.0,0.0,,
2005,1337.0,1.0,11.0,5.0,2.0,1.0,3.0,3.0,375.0,0.0,0.0,0.0,,
2005,1052.0,1.0,47.0,2.0,2.0,6.0,1.0,0.0,2500.0,3.0,1.0,6000.0,2.0,9.0
2005,1052.0,2.0,45.0,2.0,2.0,6.0,1.0,0.0,2500.0,3.0,2.0,3000.0,1.0,11.0
2005,1052.0,1.0,16.0,5.0,2.0,3.0,3.0,3.0,2500.0,0.0,0.0,0.0,,
2005,1052.0,2.0,10.0,5.0,2.0,1.0,3.0,3.0,2500.0,0.0,0.0,0.0,,
2005,1183.0,1.0,60.0,1.0,1.0,3.0,1.0,0.0,400.0,3.0,1.0,800.0,2.0,2.0
2005,1183.0,2.0,63.0,1.0,1.0,2.0,3.0,4.0,400.0,0.0,0.0,0.0,,
2005,1501.0,2.0,23.0,5.0,1.0,5.0,3.0,3.0,275.0,0.0,0.0,0.0,,
2005,1501.0,1.0,5.0,5.0,1.0,7.0,4.0,5.0,275.0,0.0,0.0,0.0,,
2005,1213.0,1.0,52.0,2.0,1.0,3.0,1.0,0.0,1100.0,2.0,0.0,3000.0,2.0,2.0
2005,1213.0,2.0,47.0,2.0,1.0,6.0,1.0,0.0,1100.0,3.0,2.0,300.0,2.0,12.0
2005,1213.0,2.0,14.0,5.0,1.0,3.0,3.0,3.0,1100.0,0.0,0.0,0.0,,
2005,1516.0,2.0,34.0,2.0,1.0,3.0,1.0,0.0,833.3333333333334,3.0,1.0,1000.0,2.0,6.0
2005,1516.0,1.0,34.0,2.0,1.0,4.0,1.0,0.0,833.3333333333334,2.0,0.0,1500.0,2.0,1.0
2005,1516.0,1.0,7.0,5.0,1.0,1.0,4.0,3.0,833.3333333333334,0.0,0.0,0.0,,
2005,1166.0,1.0,61.0,2.0,1.0,3.0,1.0,0.0,833.3333333333334,3.0,1.0,1000.0,2.0,2.0
2005,1166.0,2.0,58.0,2.0,1.0,4.0,1.0,0.0,833.3333333333334,3.0,1.0,1500.0,1.0,
2005,1166.0,2.0,19.0,5.0,1.0,5.0,3.0,3.0,833.3333333333334,0.0,0.0,0.0,,
2005,1327.0,1.0,65.0,2.0,1.0,4.0,1.0,0.0,1020.0,3.0,1.0,1200.0,2.0,9.0
2005,1327.0,2.0,64.0,2.0,1.0,4.0,1.0,0.0,1020.0,3.0,1.0,840.0,2.0,7.0
2005,1033.0,2.0,47.0,3.0,1.0,6.0,1.0,0.0,2000.0,3.0,1.0,2000.0,2.0,12.0
2005,1206.0,1.0,29.0,2.0,1.0,6.0,1.0,0.0,676.6666666666666,2.0,0.0,1000.0,2.0,4.0
2005,1206.0,2.0,25.0,2.0,1.0,6.0,1.0,0.0,676.6666666666666,3.0,1.0,700.0,2.0,6.0
2005,1206.0,2.0,,5.0,1.0,7.0,4.0,5.0,676.6666666666666,0.0,0.0,0.0,,
2005,1506.0,1.0,42.0,1.0,1.0,6.0,1.0,0.0,1840.0,3.0,1.0,2800.0,1.0,12.0
2005,1506.0,2.0,39.0,1.0,1.0,6.0,1.0,0.0,1840.0,2.0,0.0,2000.0,2.0,2.0
2005,1506.0,1.0,7.0,5.0,1.0,1.0,4.0,3.0,1840.0,0.0,0.0,0.0,,
2005,1506.0,2.0,5.0,5.0,1.0,7.0,4.0,5.0,1840.0,0.0,0.0,0.0,,
2005,1506.0,1.0,1.0,5.0,1.0,7.0,4.0,5.0,1840.0,0.0,0.0,0.0,,
2005,1271.0,2.0,52.0,3.0,4.0,3.0,1.0,0.0,510.0,3.0,2.0,240.0,2.0,
2005,1234.0,1.0,76.0,4.0,1.0,2.0,3.0,1.0,1000.0,0.0,0.0,0.0,,
2005,1234.0,1.0,27.0,5.0,1.0,5.0,1.0,0.0,1000.0,3.0,1.0,1000.0,2.0,
2005,983.0,1.0,48.0,2.0,4.0,6.0,1.0,0.0,200.0,2.0,0.0,1000.0,2.0,1.0
2005,983.0,2.0,45.0,2.0,4.0,4.0,2.0,0.0,200.0,0.0,0.0,0.0,,
2005,983.0,1.0,17.0,5.0,4.0,3.0,3.0,3.0,200.0,0.0,0.0,0.0,,
2005,983.0,2.0,16.0,5.0,4.0,3.0,3.0,3.0,200.0,0.0,0.0,0.0,,
2005,983.0,2.0,14.0,5.0,4.0,3.0,3.0,3.0,200.0,0.0,0.0,0.0,,
2005,1723.0,1.0,69.0,2.0,1.0,5.0,3.0,1.0,850.0,0.0,0.0,0.0,,
2005,1723.0,2.0,65.0,2.0,1.0,6.0,3.0,1.0,850.0,0.0,0.0,0.0,,
2005,1180.0,1.0,68.0,3.0,4.0,5.0,1.0,0.0,600.0,2.0,0.0,600.0,2.0,1.0
2005,1320.0,2.0,83.0,4.0,2.0,2.0,3.0,4.0,0.0,0.0,0.0,0.0,,
2005,1320.0,2.0,43.0,3.0,4.0,4.0,3.0,6.0,0.0,0.0,0.0,0.0,,
2005,1320.0,2.0,6.0,5.0,4.0,7.0,4.0,3.0,0.0,0.0,0.0,0.0,,
2005,1306.0,1.0,64.0,2.0,1.0,3.0,3.0,1.0,385.0,0.0,0.0,0.0,,
2005,1306.0,2.0,58.0,2.0,1.0,4.0,3.0,4.0,385.0,0.0,0.0,0.0,,
2005,1306.0,2.0,93.0,4.0,1.0,2.0,3.0,1.0,385.0,0.0,0.0,0.0,,
2005,1306.0,2.0,27.0,5.0,1.0,4.0,1.0,0.0,385.0,3.0,1.0,700.0,2.0,
2005,1479.0,1.0,38.0,2.0,2.0,6.0,1.0,0.0,21600.0,3.0,2.0,8000.0,2.0,7.0
2005,1479.0,2.0,35.0,2.0,2.0,6.0,1.0,0.0,21600.0,1.0,0.0,100000.0,2.0,7.0
2005,1479.0,1.0,8.0,5.0,2.0,1.0,4.0,3.0,21600.0,0.0,0.0,0.0,,
2005,1479.0,1.0,7.0,5.0,2.0,1.0,4.0,3.0,21600.0,0.0,0.0,0.0,,
2005,1479.0,2.0,,5.0,2.0,7.0,4.0,5.0,21600.0,0.0,0.0,0.0,,
2005,1193.0,1.0,76.0,5.0,2.0,4.0,3.0,4.0,0.0,0.0,0.0,0.0,,
2005,1134.0,1.0,24.0,5.0,1.0,6.0,1.0,0.0,1450.0,3.0,1.0,1450.0,2.0,10.0
2005,1664.0,1.0,55.0,2.0,1.0,5.0,1.0,0.0,1066.6666666666667,1.0,0.0,2000.0,2.0,3.0
2005,1664.0,2.0,61.0,2.0,1.0,5.0,1.0,0.0,1066.6666666666667,1.0,0.0,1200.0,2.0,3.0
2005,1664.0,1.0,20.0,5.0,1.0,5.0,3.0,3.0,1066.6666666666667,0.0,0.0,0.0,,
2005,1333.0,2.0,76.0,5.0,1.0,4.0,3.0,1.0,530.0,0.0,0.0,0.0,,
2005,1439.0,1.0,80.0,2.0,1.0,3.0,3.0,1.0,550.0,0.0,0.0,0.0,,
2005,1439.0,2.0,74.0,2.0,1.0,3.0,3.0,4.0,550.0,0.0,0.0,0.0,,
2005,1331.0,2.0,68.0,5.0,1.0,6.0,3.0,1.0,750.0,0.0,0.0,0.0,,
2005,1331.0,2.0,78.0,5.0,1.0,6.0,1.0,0.0,750.0,3.0,1.0,600.0,1.0,12.0
2005,1350.0,1.0,58.0,2.0,4.0,2.0,1.0,0.0,350.0,1.0,0.0,700.0,2.0,2.0
2005,1350.0,2.0,63.0,2.0,2.0,4.0,3.0,4.0,350.0,0.0,0.0,0.0,,
2005,1088.0,1.0,26.0,1.0,4.0,4.0,1.0,0.0,475.0,3.0,2.0,650.0,2.0,5.0
2005,1088.0,2.0,19.0,1.0,4.0,5.0,1.0,0.0,475.0,3.0,2.0,300.0,2.0,5.0
2005,1573.0,1.0,67.0,2.0,4.0,2.0,3.0,4.0,75.0,0.0,0.0,0.0,,
2005,1573.0,2.0,65.0,2.0,4.0,2.0,3.0,4.0,75.0,0.0,0.0,0.0,,
2005,1672.0,1.0,62.0,2.0,12.0,6.0,1.0,0.0,3200.0,3.0,1.0,1600.0,1.0,12.0
2005,1672.0,2.0,61.0,2.0,12.0,6.0,1.0,0.0,3200.0,2.0,0.0,2000.0,2.0,1.0
2005,1157.0,2.0,71.0,4.0,2.0,5.0,3.0,1.0,975.0,0.0,0.0,0.0,,
2005,1157.0,2.0,26.0,5.0,2.0,5.0,2.0,0.0,975.0,3.0,0.0,0.0,,
2005,1500.0,1.0,80.0,2.0,1.0,4.0,3.0,1.0,545.0,0.0,0.0,0.0,,
2005,1500.0,2.0,71.0,2.0,1.0,2.0,3.0,1.0,545.0,0.0,0.0,0.0,,
2005,1324.0,1.0,50.0,4.0,1.0,2.0,2.0,0.0,418.75,3.0,0.0,0.0,,
2005,1324.0,1.0,21.0,1.0,4.0,3.0,1.0,0.0,418.75,3.0,2.0,700.0,2.0,5.0
2005,1324.0,2.0,28.0,1.0,4.0,2.0,1.0,0.0,418.75,3.0,2.0,300.0,2.0,7.0
2005,1324.0,1.0,9.0,5.0,4.0,1.0,4.0,3.0,418.75,0.0,0.0,0.0,,
2005,1355.0,2.0,64.0,4.0,1.0,2.0,3.0,1.0,214.5,0.0,0.0,0.0,,
2005,1355.0,2.0,38.0,3.0,4.0,6.0,1.0,0.0,214.5,2.0,0.0,100.0,2.0,1.0
2005,1355.0,2.0,70.0,5.0,4.0,2.0,3.0,7.0,214.5,0.0,0.0,0.0,,
2005,1355.0,1.0,3.0,5.0,4.0,7.0,4.0,5.0,214.5,0.0,0.0,0.0,,
2005,991.0,2.0,27.0,5.0,4.0,6.0,1.0,0.0,600.0,3.0,2.0,1000.0,1.0,9.0
2005,991.0,1.0,19.0,5.0,4.0,5.0,2.0,0.0,600.0,0.0,0.0,0.0,,
2005,1269.0,1.0,71.0,2.0,1.0,3.0,3.0,1.0,715.0,0.0,0.0,0.0,,
2005,1269.0,2.0,54.0,2.0,1.0,4.0,3.0,2.0,715.0,0.0,0.0,0.0,,
2005,1269.0,1.0,28.0,5.0,1.0,6.0,1.0,0.0,715.0,3.0,1.0,1300.0,1.0,12.0
2005,1269.0,2.0,25.0,5.0,4.0,6.0,1.0,0.0,715.0,3.0,2.0,0.0,1.0,12.0
2005,1091.0,2.0,46.0,2.0,4.0,4.0,1.0,0.0,325.0,3.0,2.0,150.0,1.0,9.0
2005,1091.0,1.0,24.0,5.0,1.0,4.0,1.0,0.0,325.0,3.0,1.0,700.0,2.0,8.0
2005,1091.0,1.0,15.0,5.0,4.0,3.0,3.0,3.0,325.0,0.0,0.0,0.0,,
2005,1091.0,1.0,50.0,2.0,4.0,3.0,1.0,0.0,325.0,3.0,2.0,450.0,2.0,3.0
2005,1171.0,1.0,27.0,1.0,4.0,4.0,1.0,0.0,583.3333333333334,3.0,2.0,1200.0,2.0,3.0
2005,1171.0,2.0,30.0,1.0,4.0,5.0,1.0,0.0,583.3333333333334,3.0,2.0,550.0,2.0,7.0
2005,1171.0,2.0,6.0,5.0,4.0,1.0,4.0,3.0,583.3333333333334,0.0,0.0,0.0,,
2005,1240.0,2.0,31.0,5.0,1.0,4.0,1.0,0.0,550.0,3.0,1.0,750.0,2.0,8.0
2005,1240.0,1.0,7.0,5.0,1.0,1.0,4.0,3.0,550.0,0.0,0.0,0.0,,
2005,1481.0,1.0,70.0,2.0,1.0,2.0,3.0,1.0,424.0,0.0,0.0,0.0,,
2005,1481.0,2.0,68.0,2.0,1.0,1.0,3.0,1.0,424.0,0.0,0.0,0.0,,
2005,1273.0,1.0,44.0,2.0,4.0,3.0,1.0,0.0,260.0,2.0,0.0,1300.0,2.0,1.0
2005,1273.0,2.0,42.0,2.0,4.0,3.0,3.0,4.0,260.0,0.0,0.0,0.0,,
2005,1273.0,2.0,13.0,5.0,4.0,3.0,3.0,3.0,260.0,0.0,0.0,0.0,,
2005,1273.0,1.0,8.0,5.0,4.0,1.0,4.0,3.0,260.0,0.0,0.0,0.0,,
2005,1273.0,2.0,5.0,5.0,4.0,7.0,4.0,5.0,260.0,0.0,0.0,0.0,,
2005,1196.0,1.0,30.0,2.0,1.0,5.0,1.0,0.0,800.0,3.0,1.0,400.0,2.0,9.0
2005,1196.0,2.0,32.0,2.0,1.0,6.0,1.0,0.0,800.0,3.0,1.0,800.0,2.0,7.0
2005,1394.0,2.0,72.0,5.0,1.0,1.0,3.0,1.0,950.0,0.0,0.0,0.0,,
2005,1280.0,1.0,36.0,1.0,1.0,5.0,1.0,0.0,175.0,3.0,1.0,0.0,2.0,11.0
2005,1280.0,2.0,27.0,1.0,1.0,4.0,1.0,0.0,175.0,3.0,1.0,700.0,2.0,9.0
2005,1280.0,1.0,4.0,5.0,1.0,7.0,4.0,5.0,175.0,0.0,0.0,0.0,,
2005,1280.0,2.0,2.0,5.0,1.0,7.0,4.0,5.0,175.0,0.0,0.0,0.0,,
2005,1442.0,2.0,80.0,4.0,1.0,2.0,3.0,1.0,334.0,0.0,0.0,0.0,,
2005,1359.0,2.0,89.0,4.0,1.0,4.0,3.0,1.0,507.0,0.0,0.0,0.0,,
2005,1247.0,1.0,74.0,5.0,1.0,1.0,3.0,1.0,650.0,0.0,0.0,0.0,,
2005,1084.0,1.0,25.0,1.0,1.0,5.0,1.0,0.0,483.3333333333333,3.0,1.0,1450.0,2.0,
2005,1084.0,2.0,24.0,1.0,1.0,5.0,1.0,0.0,483.3333333333333,3.0,2.0,0.0,2.0,2.0
2005,1084.0,2.0,1.0,5.0,1.0,7.0,4.0,5.0,483.3333333333333,0.0,0.0,0.0,,
2005,1503.0,2.0,35.0,3.0,2.0,5.0,1.0,0.0,750.0,3.0,2.0,500.0,2.0,
2005,1503.0,1.0,6.0,5.0,2.0,1.0,4.0,3.0,750.0,0.0,0.0,0.0,,
2005,1268.0,1.0,61.0,3.0,4.0,6.0,1.0,0.0,3000.0,3.0,2.0,3000.0,2.0,
2005,866.0,1.0,23.0,5.0,2.0,5.0,3.0,3.0,340.0,0.0,0.0,0.0,,
2005,866.0,1.0,23.0,5.0,1.0,5.0,1.0,0.0,340.0,3.0,1.0,700.0,2.0,4.0
2005,866.0,1.0,23.0,5.0,,5.0,3.0,3.0,340.0,0.0,0.0,0.0,,
2005,866.0,1.0,23.0,5.0,,5.0,1.0,0.0,340.0,3.0,2.0,10.0,2.0,6.0
2005,1090.0,1.0,48.0,2.0,2.0,6.0,1.0,0.0,912.5,2.0,0.0,1500.0,2.0,1.0
2005,1090.0,2.0,46.0,2.0,2.0,6.0,1.0,0.0,912.5,3.0,2.0,1150.0,2.0,7.0
2005,1090.0,2.0,15.0,5.0,2.0,3.0,3.0,3.0,912.5,0.0,0.0,0.0,,
2005,1090.0,1.0,12.0,5.0,2.0,1.0,3.0,3.0,912.5,0.0,0.0,0.0,,
2005,1337.0,2.0,79.0,4.0,4.0,2.0,3.0,1.0,520.0,0.0,0.0,0.0,,
2005,1262.0,2.0,65.0,4.0,,4.0,1.0,0.0,366.6666666666667,3.0,2.0,300.0,2.0,3.0
2005,1262.0,2.0,25.0,5.0,,5.0,3.0,3.0,366.6666666666667,0.0,0.0,0.0,,
2005,1262.0,1.0,29.0,5.0,,4.0,1.0,0.0,366.6666666666667,3.0,2.0,800.0,2.0,4.0
2005,946.0,1.0,49.0,2.0,1.0,3.0,1.0,0.0,290.0,3.0,1.0,1000.0,2.0,7.0
2005,946.0,2.0,49.0,2.0,1.0,2.0,2.0,0.0,290.0,2.0,0.0,0.0,,
2005,946.0,2.0,16.0,5.0,1.0,3.0,3.0,3.0,290.0,0.0,0.0,0.0,,
2005,946.0,2.0,15.0,5.0,1.0,3.0,3.0,3.0,290.0,0.0,0.0,0.0,,
2005,946.0,1.0,13.0,5.0,1.0,3.0,3.0,3.0,290.0,0.0,0.0,0.0,,
2005,1687.0,1.0,38.0,2.0,1.0,2.0,1.0,0.0,266.6666666666667,3.0,1.0,1200.0,2.0,11.0
2005,1687.0,2.0,41.0,2.0,1.0,2.0,3.0,4.0,266.6666666666667,0.0,0.0,0.0,,
2005,1687.0,2.0,12.0,5.0,1.0,1.0,3.0,3.0,266.6666666666667,0.0,0.0,0.0,,
2005,1687.0,2.0,9.0,5.0,1.0,1.0,4.0,3.0,266.6666666666667,0.0,0.0,0.0,,
2005,1687.0,2.0,7.0,5.0,1.0,1.0,4.0,3.0,266.6666666666667,0.0,0.0,0.0,,
2005,1687.0,1.0,,5.0,1.0,7.0,4.0,5.0,266.6666666666667,0.0,0.0,0.0,,
2005,1452.0,1.0,66.0,3.0,4.0,2.0,2.0,0.0,0.0,2.0,0.0,0.0,,
2005,1401.0,1.0,41.0,2.0,1.0,6.0,1.0,0.0,450.0,3.0,1.0,800.0,2.0,9.0
2005,1401.0,2.0,36.0,2.0,1.0,6.0,1.0,0.0,450.0,3.0,1.0,1000.0,2.0,6.0
2005,1401.0,2.0,7.0,5.0,1.0,1.0,4.0,3.0,450.0,0.0,0.0,0.0,,
2005,1401.0,2.0,1.0,5.0,1.0,7.0,4.0,5.0,450.0,0.0,0.0,0.0,,
2005,1221.0,2.0,84.0,4.0,12.0,2.0,3.0,1.0,800.0,0.0,0.0,0.0,,
2005,1327.0,1.0,59.0,2.0,12.0,6.0,1.0,0.0,2250.0,3.0,1.0,2000.0,1.0,12.0
2005,1327.0,2.0,55.0,2.0,12.0,5.0,3.0,4.0,2250.0,0.0,0.0,0.0,,
2005,988.0,2.0,48.0,3.0,1.0,6.0,1.0,0.0,666.6666666666666,3.0,1.0,1500.0,2.0,
2005,988.0,1.0,48.0,3.0,4.0,6.0,2.0,0.0,666.6666666666666,0.0,0.0,0.0,,
2005,988.0,2.0,16.0,5.0,1.0,3.0,3.0,3.0,666.6666666666666,0.0,0.0,0.0,,
2005,1072.0,2.0,44.0,4.0,1.0,6.0,1.0,0.0,233.33333333333334,3.0,1.0,700.0,1.0,
2005,1072.0,1.0,21.0,5.0,1.0,5.0,3.0,3.0,233.33333333333334,0.0,0.0,0.0,,
2005,1072.0,2.0,19.0,5.0,1.0,5.0,3.0,3.0,233.33333333333334,0.0,0.0,0.0,,
2005,1072.0,2.0,17.0,5.0,1.0,3.0,3.0,3.0,233.33333333333334,0.0,0.0,0.0,,
2005,1072.0,1.0,13.0,5.0,1.0,3.0,3.0,3.0,233.33333333333334,0.0,0.0,0.0,,
2005,1072.0,1.0,10.0,5.0,1.0,1.0,3.0,3.0,233.33333333333334,0.0,0.0,0.0,,
2005,1125.0,1.0,45.0,1.0,1.0,6.0,1.0,0.0,1512.5,1.0,0.0,3500.0,2.0,7.0
2005,1125.0,2.0,46.0,1.0,1.0,6.0,1.0,0.0,1512.5,3.0,1.0,2200.0,2.0,12.0
2005,1125.0,2.0,15.0,5.0,1.0,3.0,3.0,3.0,1512.5,0.0,0.0,0.0,,
2005,1125.0,2.0,74.0,4.0,1.0,1.0,3.0,1.0,1512.5,0.0,0.0,0.0,,
2005,1387.0,2.0,76.0,4.0,1.0,2.0,3.0,1.0,956.25,0.0,0.0,0.0,,
2005,1387.0,2.0,58.0,5.0,1.0,6.0,3.0,1.0,956.25,0.0,0.0,0.0,,
2005,1387.0,1.0,14.0,5.0,1.0,3.0,3.0,3.0,956.25,0.0,0.0,0.0,,
2005,1387.0,2.0,21.0,5.0,1.0,5.0,3.0,3.0,956.25,0.0,0.0,0.0,,
2005,1136.0,1.0,55.0,2.0,2.0,6.0,1.0,0.0,800.0,2.0,0.0,1200.0,2.0,1.0
2005,1136.0,2.0,53.0,2.0,2.0,6.0,1.0,0.0,800.0,2.0,0.0,1200.0,2.0,1.0
2005,1136.0,2.0,19.0,5.0,2.0,5.0,3.0,3.0,800.0,0.0,0.0,0.0,,
2005,1224.0,2.0,57.0,5.0,1.0,4.0,1.0,0.0,350.0,3.0,2.0,150.0,2.0,
2005,1263.0,2.0,33.0,5.0,4.0,5.0,1.0,0.0,330.0,3.0,2.0,120.0,2.0,
2005,1263.0,2.0,43.0,5.0,4.0,5.0,1.0,0.0,330.0,3.0,2.0,300.0,2.0,
2005,1266.0,2.0,87.0,4.0,1.0,4.0,3.0,1.0,3450.0,0.0,0.0,0.0,,
2005,1266.0,2.0,40.0,2.0,4.0,1.0,1.0,0.0,750.0,3.0,2.0,500.0,2.0,
2005,1315.0,2.0,84.0,4.0,1.0,2.0,3.0,1.0,900.0,0.0,0.0,0.0,,
2005,1211.0,2.0,68.0,4.0,2.0,5.0,1.0,0.0,700.0,2.0,0.0,400.0,2.0,1.0
2005,1205.0,2.0,71.0,4.0,1.0,2.0,3.0,4.0,750.0,0.0,0.0,0.0,,
2005,1205.0,2.0,33.0,5.0,1.0,5.0,1.0,0.0,750.0,3.0,1.0,1500.0,2.0,7.0
2005,912.0,1.0,29.0,1.0,1.0,2.0,1.0,0.0,2000.0,1.0,0.0,3000.0,2.0,2.0
2005,912.0,2.0,27.0,1.0,1.0,4.0,1.0,0.0,2000.0,3.0,1.0,700.0,2.0,6.0
2005,1127.0,1.0,44.0,1.0,1.0,2.0,3.0,1.0,207.75,0.0,0.0,0.0,,
2005,1127.0,2.0,27.0,1.0,4.0,2.0,3.0,4.0,207.75,0.0,0.0,0.0,,
2005,1127.0,1.0,17.0,5.0,1.0,3.0,1.0,0.0,207.75,3.0,2.0,150.0,2.0,
2005,1127.0,2.0,6.0,5.0,1.0,1.0,4.0,3.0,207.75,0.0,0.0,0.0,,
2005,1443.0,1.0,32.0,1.0,1.0,2.0,1.0,0.0,1000.0,3.0,1.0,1200.0,2.0,1.0
2005,1443.0,2.0,29.0,1.0,1.0,3.0,1.0,0.0,1000.0,3.0,1.0,800.0,2.0,
2005,1182.0,2.0,43.0,5.0,1.0,6.0,1.0,0.0,400.0,2.0,0.0,400.0,2.0,1.0
2005,1449.0,2.0,63.0,2.0,1.0,6.0,1.0,0.0,700.0,3.0,1.0,1000.0,2.0,4.0
2005,1449.0,2.0,60.0,4.0,1.0,3.0,3.0,1.0,700.0,0.0,0.0,0.0,,
2005,1449.0,1.0,15.0,5.0,1.0,3.0,3.0,3.0,700.0,0.0,0.0,0.0,,
2005,1449.0,1.0,64.0,2.0,1.0,4.0,1.0,0.0,700.0,2.0,0.0,1500.0,2.0,1.0
2005,1240.0,1.0,44.0,2.0,2.0,5.0,1.0,0.0,600.0,1.0,0.0,3000.0,2.0,6.0
2005,1240.0,2.0,43.0,2.0,2.0,6.0,1.0,0.0,600.0,3.0,2.0,0.0,2.0,7.0
2005,1240.0,2.0,22.0,5.0,2.0,5.0,3.0,3.0,600.0,0.0,0.0,0.0,,
2005,1240.0,2.0,20.0,5.0,2.0,3.0,3.0,3.0,600.0,0.0,0.0,0.0,,
2005,1240.0,1.0,14.0,5.0,2.0,3.0,3.0,3.0,600.0,0.0,0.0,0.0,,
2005,1300.0,1.0,44.0,2.0,1.0,2.0,1.0,0.0,700.0,3.0,1.0,1050.0,2.0,3.0
2005,1300.0,2.0,40.0,2.0,1.0,4.0,1.0,0.0,700.0,3.0,2.0,500.0,2.0,
2005,1300.0,1.0,13.0,5.0,1.0,3.0,3.0,3.0,700.0,0.0,0.0,0.0,,
2005,1346.0,2.0,30.0,5.0,1.0,6.0,1.0,0.0,1450.0,3.0,1.0,1000.0,2.0,11.0
2005,1010.0,1.0,33.0,1.0,1.0,4.0,1.0,0.0,475.0,3.0,2.0,1200.0,2.0,8.0
2005,1010.0,2.0,28.0,1.0,4.0,4.0,1.0,0.0,475.0,2.0,0.0,700.0,2.0,1.0
2005,1010.0,1.0,9.0,5.0,4.0,1.0,4.0,3.0,475.0,0.0,0.0,0.0,,
2005,1010.0,2.0,21.0,5.0,4.0,4.0,2.0,0.0,475.0,3.0,0.0,0.0,,
2005,1572.0,1.0,76.0,4.0,1.0,6.0,3.0,1.0,500.0,0.0,0.0,0.0,,
2005,1572.0,2.0,38.0,3.0,2.0,4.0,2.0,0.0,500.0,3.0,0.0,0.0,,
2005,1572.0,1.0,10.0,5.0,2.0,1.0,3.0,3.0,500.0,0.0,0.0,0.0,,
2005,1572.0,2.0,4.0,5.0,2.0,7.0,4.0,5.0,500.0,0.0,0.0,0.0,,
2005,1150.0,2.0,49.0,5.0,1.0,6.0,1.0,0.0,2350.0,1.0,0.0,4000.0,2.0,2.0
2005,1150.0,2.0,85.0,4.0,1.0,2.0,3.0,1.0,2350.0,0.0,0.0,0.0,,
2005,1293.0,2.0,54.0,4.0,1.0,3.0,1.0,0.0,435.0,3.0,1.0,435.0,2.0,11.0
2005,1168.0,2.0,61.0,3.0,4.0,3.0,1.0,0.0,200.0,3.0,2.0,300.0,2.0,3.0
2005,1168.0,2.0,23.0,1.0,4.0,4.0,3.0,4.0,200.0,0.0,0.0,0.0,,
2005,1168.0,1.0,27.0,1.0,4.0,4.0,1.0,0.0,200.0,3.0,2.0,500.0,2.0,6.0
2005,1168.0,1.0,,5.0,4.0,7.0,4.0,5.0,200.0,0.0,0.0,0.0,,
2005,1197.0,1.0,64.0,3.0,1.0,5.0,3.0,1.0,800.0,0.0,0.0,0.0,,
2005,1403.0,1.0,42.0,2.0,1.0,4.0,1.0,0.0,762.5,3.0,1.0,1500.0,2.0,10.0
2005,1403.0,2.0,38.0,2.0,1.0,6.0,1.0,0.0,762.5,3.0,1.0,800.0,2.0,6.0
2005,1403.0,2.0,6.0,5.0,1.0,1.0,4.0,3.0,762.5,0.0,0.0,0.0,,
2005,1403.0,1.0,6.0,5.0,1.0,1.0,4.0,3.0,762.5,0.0,0.0,0.0,,
2005,1175.0,1.0,46.0,5.0,4.0,6.0,2.0,0.0,150.0,3.0,0.0,0.0,,
2005,1128.0,1.0,63.0,3.0,2.0,6.0,1.0,0.0,1300.0,3.0,2.0,2000.0,2.0,10.0
2005,1128.0,2.0,28.0,5.0,2.0,5.0,1.0,0.0,1300.0,2.0,0.0,300.0,2.0,1.0
2005,1332.0,1.0,38.0,3.0,2.0,6.0,1.0,0.0,636.6666666666666,2.0,0.0,900.0,2.0,1.0
2005,1332.0,1.0,11.0,5.0,2.0,1.0,3.0,3.0,636.6666666666666,0.0,0.0,0.0,,
2005,1332.0,1.0,10.0,5.0,2.0,1.0,3.0,3.0,636.6666666666666,0.0,0.0,0.0,,
2005,1332.0,2.0,17.0,5.0,4.0,3.0,1.0,0.0,500.0,3.0,2.0,350.0,2.0,
2005,1399.0,2.0,74.0,4.0,1.0,2.0,3.0,1.0,350.0,0.0,0.0,0.0,,
2005,1585.0,1.0,77.0,4.0,12.0,6.0,3.0,1.0,700.0,0.0,0.0,0.0,,
2005,1383.0,2.0,77.0,4.0,1.0,1.0,3.0,1.0,475.0,0.0,0.0,0.0,,
2005,1383.0,2.0,55.0,3.0,4.0,4.0,1.0,0.0,475.0,3.0,2.0,0.0,2.0,1.0
2005,1168.0,2.0,61.0,4.0,1.0,2.0,3.0,1.0,470.0,0.0,0.0,0.0,,
2005,1168.0,1.0,31.0,5.0,1.0,4.0,1.0,0.0,470.0,3.0,1.0,1000.0,1.0,12.0
2005,1168.0,2.0,28.0,5.0,1.0,4.0,2.0,0.0,470.0,3.0,0.0,0.0,,
2005,1317.0,2.0,70.0,3.0,2.0,6.0,1.0,0.0,1780.0,3.0,2.0,0.0,1.0,12.0
2005,1292.0,1.0,43.0,1.0,1.0,4.0,1.0,0.0,700.0,3.0,2.0,900.0,2.0,6.0
2005,1292.0,2.0,35.0,1.0,1.0,4.0,1.0,0.0,700.0,3.0,2.0,1200.0,2.0,6.0
2005,1292.0,1.0,1.0,5.0,1.0,7.0,4.0,5.0,700.0,0.0,0.0,0.0,,
2005,1269.0,2.0,81.0,4.0,1.0,1.0,3.0,1.0,530.0,0.0,0.0,0.0,,
2005,1517.0,1.0,78.0,2.0,2.0,2.0,3.0,1.0,1742.5,0.0,0.0,0.0,,
2005,1517.0,2.0,66.0,2.0,2.0,2.0,3.0,1.0,1742.5,0.0,0.0,0.0,,
2005,1078.0,1.0,25.0,5.0,12.0,6.0,1.0,0.0,2000.0,3.0,1.0,0.0,2.0,12.0
2005,1304.0,1.0,31.0,2.0,1.0,6.0,1.0,0.0,860.0,3.0,1.0,2140.0,2.0,11.0
2005,1304.0,2.0,30.0,2.0,1.0,6.0,3.0,4.0,860.0,0.0,0.0,0.0,,
2005,1304.0,1.0,4.0,5.0,1.0,7.0,4.0,5.0,860.0,0.0,0.0,0.0,,
2005,1304.0,2.0,1.0,5.0,1.0,7.0,4.0,5.0,860.0,0.0,0.0,0.0,,
2005,2194.0,1.0,68.0,1.0,1.0,4.0,1.0,0.0,373.3333333333333,2.0,0.0,0.0,2.0,2.0
2005,2194.0,2.0,63.0,1.0,1.0,4.0,1.0,0.0,373.3333333333333,2.0,0.0,0.0,2.0,2.0
2005,2194.0,2.0,90.0,5.0,1.0,2.0,3.0,1.0,373.3333333333333,0.0,0.0,0.0,,
2005,1045.0,1.0,62.0,2.0,2.0,6.0,1.0,0.0,4666.666666666667,1.0,0.0,10000.0,2.0,7.0
2005,1045.0,2.0,62.0,2.0,2.0,6.0,1.0,0.0,4666.666666666667,3.0,1.0,3000.0,1.0,9.0
2005,1045.0,1.0,24.0,5.0,2.0,5.0,1.0,0.0,4666.666666666667,3.0,2.0,1000.0,2.0,7.0
2005,1090.0,2.0,66.0,4.0,2.0,3.0,1.0,0.0,800.0,3.0,2.0,400.0,2.0,3.0
2005,1090.0,1.0,36.0,5.0,2.0,5.0,1.0,0.0,800.0,3.0,2.0,2000.0,2.0,
2005,1090.0,2.0,34.0,2.0,1.0,6.0,3.0,4.0,800.0,0.0,0.0,0.0,,
2005,1072.0,1.0,45.0,5.0,2.0,6.0,1.0,0.0,4000.0,3.0,1.0,4000.0,2.0,7.0
2005,1640.0,2.0,46.0,5.0,12.0,6.0,1.0,0.0,3790.0,3.0,2.0,1890.0,1.0,12.0
2005,1261.0,2.0,85.0,4.0,1.0,2.0,3.0,1.0,230.0,0.0,0.0,0.0,,
2005,1485.0,1.0,67.0,2.0,4.0,3.0,1.0,0.0,433.3333333333333,2.0,0.0,400.0,2.0,1.0
2005,1485.0,2.0,77.0,2.0,4.0,2.0,3.0,7.0,433.3333333333333,0.0,0.0,0.0,,
2005,1485.0,2.0,36.0,5.0,4.0,5.0,1.0,0.0,433.3333333333333,2.0,0.0,900.0,2.0,1.0
2005,1514.0,1.0,80.0,4.0,1.0,4.0,3.0,1.0,645.0,0.0,0.0,0.0,,
2005,1008.0,1.0,48.0,2.0,12.0,6.0,1.0,0.0,1340.0,1.0,0.0,3000.0,2.0,2.0
2005,1008.0,2.0,45.0,2.0,12.0,3.0,1.0,0.0,1340.0,4.0,0.0,0.0,2.0,2.0
2005,1008.0,2.0,24.0,5.0,12.0,6.0,1.0,0.0,1340.0,3.0,1.0,500.0,2.0,
2005,1008.0,1.0,20.0,5.0,1.0,5.0,1.0,0.0,1340.0,3.0,1.0,360.0,2.0,5.0
2005,1449.0,1.0,60.0,2.0,2.0,6.0,1.0,0.0,1266.6666666666667,2.0,0.0,3000.0,2.0,1.0
2005,1449.0,2.0,52.0,2.0,2.0,4.0,1.0,0.0,1266.6666666666667,2.0,0.0,800.0,2.0,1.0
2005,1449.0,1.0,18.0,5.0,2.0,3.0,3.0,3.0,1266.6666666666667,0.0,0.0,0.0,,
2005,797.0,2.0,51.0,3.0,4.0,2.0,1.0,0.0,402.0,3.0,2.0,400.0,2.0,
2005,797.0,1.0,29.0,5.0,4.0,2.0,1.0,0.0,402.0,3.0,2.0,150.0,1.0,
2005,797.0,2.0,21.0,5.0,4.0,4.0,2.0,0.0,402.0,0.0,0.0,0.0,,
2005,1187.0,1.0,32.0,5.0,2.0,5.0,1.0,0.0,1470.0,3.0,1.0,1020.0,2.0,12.0
2005,1100.0,1.0,36.0,2.0,1.0,3.0,1.0,0.0,950.0,2.0,0.0,1500.0,2.0,1.0
2005,1100.0,2.0,36.0,2.0,1.0,6.0,1.0,0.0,950.0,3.0,2.0,400.0,2.0,6.0
2005,1017.0,1.0,64.0,2.0,2.0,5.0,1.0,0.0,250.0,2.0,0.0,1000.0,2.0,1.0
2005,1017.0,2.0,45.0,2.0,2.0,6.0,3.0,4.0,250.0,0.0,0.0,0.0,,
2005,1017.0,2.0,20.0,5.0,2.0,5.0,3.0,3.0,250.0,0.0,0.0,0.0,,
2005,1017.0,2.0,16.0,5.0,2.0,3.0,3.0,3.0,250.0,0.0,0.0,0.0,,
2005,1035.0,2.0,24.0,5.0,2.0,6.0,3.0,3.0,2350.0,0.0,0.0,0.0,,
2005,1035.0,2.0,24.0,5.0,1.0,6.0,1.0,0.0,2350.0,3.0,1.0,700.0,2.0,7.0
2005,1069.0,2.0,58.0,5.0,2.0,6.0,1.0,0.0,975.0,2.0,0.0,600.0,2.0,1.0
2005,1069.0,2.0,22.0,5.0,2.0,5.0,1.0,0.0,975.0,3.0,1.0,1100.0,2.0,
2005,1443.0,1.0,32.0,2.0,1.0,6.0,1.0,0.0,2475.0,3.0,1.0,2200.0,2.0,12.0
2005,1443.0,2.0,29.0,2.0,1.0,6.0,1.0,0.0,2475.0,3.0,1.0,2500.0,2.0,11.0
2005,1095.0,1.0,55.0,2.0,2.0,6.0,1.0,0.0,2253.5,2.0,0.0,4000.0,2.0,2.0
2005,1095.0,2.0,55.0,2.0,2.0,6.0,1.0,0.0,2253.5,1.0,0.0,2500.0,2.0,4.0
2005,1095.0,2.0,24.0,5.0,2.0,5.0,1.0,0.0,2253.5,3.0,1.0,414.0,2.0,9.0
2005,1095.0,2.0,19.0,5.0,2.0,5.0,1.0,0.0,2253.5,3.0,2.0,200.0,2.0,4.0
2005,1249.0,1.0,59.0,3.0,2.0,4.0,1.0,0.0,870.0,1.0,0.0,1800.0,2.0,3.0
2005,1249.0,1.0,28.0,5.0,2.0,4.0,1.0,0.0,870.0,3.0,2.0,650.0,2.0,3.0
2005,1249.0,2.0,27.0,5.0,2.0,5.0,1.0,0.0,870.0,3.0,1.0,1200.0,2.0,
2005,1249.0,2.0,21.0,5.0,2.0,5.0,3.0,3.0,870.0,0.0,0.0,0.0,,
2005,1249.0,2.0,20.0,5.0,2.0,5.0,3.0,3.0,870.0,0.0,0.0,0.0,,
2005,1212.0,1.0,65.0,3.0,4.0,6.0,1.0,0.0,1000.0,2.0,0.0,1000.0,2.0,1.0
2005,1634.0,1.0,32.0,2.0,4.0,4.0,3.0,1.0,32.666666666666664,0.0,0.0,0.0,,
2005,1634.0,2.0,31.0,2.0,4.0,4.0,3.0,4.0,32.666666666666664,0.0,0.0,0.0,,
2005,1634.0,2.0,8.0,5.0,4.0,1.0,4.0,3.0,32.666666666666664,0.0,0.0,0.0,,
2005,1634.0,2.0,8.0,5.0,4.0,1.0,4.0,3.0,32.666666666666664,0.0,0.0,0.0,,
2005,1634.0,2.0,6.0,5.0,4.0,1.0,4.0,3.0,32.666666666666664,0.0,0.0,0.0,,
2005,1634.0,1.0,,5.0,4.0,7.0,4.0,5.0,32.666666666666664,0.0,0.0,0.0,,
2005,1052.0,1.0,36.0,1.0,1.0,2.0,1.0,0.0,450.0,3.0,1.0,600.0,2.0,5.0
2005,1052.0,2.0,29.0,1.0,4.0,3.0,3.0,4.0,450.0,0.0,0.0,0.0,,
2005,1332.0,1.0,78.0,4.0,1.0,4.0,3.0,1.0,925.0,0.0,0.0,0.0,,
2005,1332.0,1.0,48.0,2.0,4.0,4.0,1.0,0.0,925.0,2.0,0.0,1500.0,2.0,1.0
2005,1543.0,1.0,53.0,2.0,1.0,5.0,1.0,0.0,3250.0,3.0,1.0,3500.0,2.0,9.0
2005,1543.0,2.0,46.0,2.0,1.0,4.0,1.0,0.0,3250.0,3.0,1.0,1500.0,2.0,4.0
2005,1296.0,1.0,77.0,2.0,1.0,2.0,3.0,1.0,551.3333333333334,0.0,0.0,0.0,,
2005,1296.0,2.0,67.0,2.0,1.0,2.0,3.0,4.0,551.3333333333334,0.0,0.0,0.0,,
2005,1296.0,2.0,38.0,5.0,1.0,6.0,1.0,0.0,551.3333333333334,3.0,1.0,890.0,2.0,
2005,1803.0,1.0,26.0,2.0,1.0,4.0,1.0,0.0,539.6666666666666,3.0,1.0,979.0,2.0,1.0
2005,1803.0,2.0,22.0,2.0,1.0,4.0,1.0,0.0,539.6666666666666,2.0,0.0,240.0,2.0,2.0
2005,1803.0,1.0,1.0,5.0,1.0,7.0,4.0,5.0,539.6666666666666,0.0,0.0,0.0,,
2005,1428.0,1.0,70.0,2.0,1.0,5.0,1.0,0.0,1250.0,3.0,1.0,1900.0,1.0,11.0
2005,1428.0,2.0,74.0,2.0,1.0,4.0,3.0,4.0,1250.0,0.0,0.0,0.0,,
2005,981.0,2.0,21.0,5.0,2.0,5.0,3.0,3.0,1100.0,0.0,0.0,0.0,,
2005,981.0,2.0,24.0,5.0,2.0,6.0,1.0,0.0,1100.0,3.0,1.0,800.0,2.0,7.0
2005,1688.0,1.0,80.0,2.0,1.0,5.0,1.0,0.0,1383.3333333333333,3.0,2.0,500.0,1.0,
2005,1688.0,2.0,77.0,2.0,1.0,4.0,1.0,0.0,1383.3333333333333,3.0,2.0,500.0,1.0,
2005,1688.0,1.0,50.0,5.0,1.0,6.0,1.0,0.0,1383.3333333333333,2.0,0.0,1800.0,2.0,1.0
2005,933.0,2.0,25.0,4.0,2.0,5.0,3.0,1.0,186.66666666666666,0.0,0.0,0.0,,
2005,933.0,1.0,25.0,5.0,2.0,5.0,3.0,3.0,186.66666666666666,0.0,0.0,0.0,,
2005,933.0,1.0,27.0,5.0,2.0,6.0,2.0,0.0,186.66666666666666,3.0,0.0,0.0,,
2005,965.0,1.0,60.0,2.0,2.0,4.0,3.0,6.0,207.5,0.0,0.0,0.0,,
2005,965.0,2.0,58.0,2.0,2.0,4.0,1.0,0.0,207.5,1.0,0.0,350.0,2.0,2.0
2005,965.0,2.0,22.0,5.0,2.0,5.0,1.0,0.0,207.5,3.0,2.0,480.0,2.0,5.0
2005,965.0,2.0,20.0,5.0,2.0,5.0,3.0,3.0,207.5,0.0,0.0,0.0,,
2005,1058.0,1.0,31.0,2.0,1.0,6.0,1.0,0.0,590.0,3.0,1.0,1200.0,2.0,12.0
2005,1058.0,2.0,28.0,2.0,1.0,6.0,1.0,0.0,590.0,3.0,1.0,570.0,2.0,6.0
2005,1058.0,2.0,1.0,5.0,1.0,7.0,4.0,5.0,590.0,0.0,0.0,0.0,,
2005,1312.0,1.0,72.0,2.0,1.0,4.0,3.0,1.0,774.0,0.0,0.0,0.0,,
2005,1312.0,2.0,72.0,2.0,1.0,5.0,3.0,1.0,774.0,0.0,0.0,0.0,,
2005,1317.0,1.0,56.0,1.0,1.0,2.0,2.0,0.0,105.0,3.0,0.0,0.0,,
2005,1317.0,2.0,55.0,1.0,1.0,3.0,2.0,0.0,105.0,0.0,0.0,0.0,,
2005,1032.0,2.0,83.0,4.0,12.0,4.0,3.0,1.0,815.0,0.0,0.0,0.0,,
2005,1032.0,1.0,21.0,5.0,,5.0,1.0,0.0,815.0,3.0,1.0,350.0,2.0,
2005,1032.0,1.0,18.0,5.0,,5.0,3.0,3.0,815.0,0.0,0.0,0.0,,
2005,1032.0,2.0,34.0,5.0,4.0,2.0,1.0,0.0,900.0,3.0,2.0,600.0,2.0,
2005,1377.0,1.0,24.0,1.0,2.0,5.0,1.0,0.0,725.0,3.0,1.0,700.0,2.0,7.0
2005,1377.0,2.0,21.0,1.0,2.0,5.0,1.0,0.0,725.0,3.0,1.0,750.0,2.0,7.0
2005,1065.0,1.0,49.0,3.0,4.0,6.0,1.0,0.0,666.6666666666666,3.0,2.0,2000.0,2.0,9.0
2005,1065.0,1.0,17.0,5.0,4.0,3.0,3.0,3.0,666.6666666666666,0.0,0.0,0.0,,
2005,1065.0,1.0,15.0,5.0,4.0,3.0,3.0,3.0,666.6666666666666,0.0,0.0,0.0,,
2005,2072.0,2.0,69.0,3.0,1.0,2.0,3.0,1.0,946.6666666666666,0.0,0.0,0.0,,
2005,2072.0,2.0,79.0,4.0,1.0,2.0,3.0,1.0,946.6666666666666,0.0,0.0,0.0,,
2005,2072.0,2.0,37.0,5.0,4.0,6.0,1.0,0.0,946.6666666666666,2.0,0.0,1000.0,2.0,1.0
2005,1364.0,2.0,92.0,4.0,1.0,2.0,3.0,1.0,1178.0,0.0,0.0,0.0,,
2005,1364.0,2.0,41.0,5.0,4.0,4.0,1.0,0.0,510.0,3.0,2.0,350.0,2.0,
2005,1324.0,1.0,69.0,1.0,2.0,6.0,2.0,0.0,1026.6666666666667,2.0,0.0,0.0,,
2005,1324.0,2.0,67.0,1.0,2.0,4.0,3.0,1.0,1026.6666666666667,0.0,0.0,0.0,,
2005,1324.0,2.0,30.0,5.0,2.0,6.0,1.0,0.0,1026.6666666666667,3.0,1.0,1200.0,2.0,9.0
2005,1112.0,2.0,30.0,5.0,4.0,6.0,1.0,0.0,1300.0,2.0,0.0,1300.0,2.0,1.0
2005,1055.0,1.0,48.0,5.0,1.0,2.0,1.0,0.0,2100.0,3.0,1.0,1600.0,2.0,6.0
2005,1119.0,1.0,50.0,2.0,1.0,6.0,1.0,0.0,200.0,3.0,1.0,800.0,1.0,
2005,1119.0,2.0,46.0,2.0,1.0,6.0,3.0,4.0,200.0,0.0,0.0,0.0,,
2005,1119.0,1.0,20.0,5.0,1.0,5.0,1.0,0.0,200.0,3.0,2.0,400.0,2.0,
2005,1119.0,2.0,19.0,5.0,1.0,5.0,3.0,3.0,200.0,0.0,0.0,0.0,,
2005,1119.0,1.0,16.0,5.0,1.0,3.0,3.0,3.0,200.0,0.0,0.0,0.0,,
2005,1119.0,1.0,8.0,5.0,1.0,1.0,4.0,3.0,200.0,0.0,0.0,0.0,,
2005,1138.0,1.0,46.0,5.0,2.0,4.0,1.0,0.0,660.0,2.0,0.0,500.0,2.0,1.0
2005,1175.0,1.0,59.0,2.0,1.0,6.0,1.0,0.0,1217.5,3.0,1.0,1900.0,1.0,12.0
2005,1175.0,2.0,56.0,2.0,1.0,6.0,2.0,0.0,1217.5,3.0,0.0,0.0,,
2005,1175.0,1.0,28.0,5.0,1.0,6.0,1.0,0.0,1217.5,3.0,1.0,1170.0,2.0,
2005,1175.0,1.0,25.0,5.0,1.0,5.0,2.0,0.0,1217.5,0.0,0.0,0.0,,
2005,1254.0,1.0,34.0,2.0,1.0,6.0,1.0,0.0,660.2,2.0,0.0,2500.0,2.0,1.0
2005,1254.0,2.0,32.0,2.0,1.0,6.0,1.0,0.0,660.2,3.0,1.0,801.0,1.0,12.0
2005,1254.0,1.0,10.0,5.0,1.0,1.0,3.0,3.0,660.2,0.0,0.0,0.0,,
2005,1254.0,2.0,1.0,5.0,1.0,7.0,4.0,5.0,660.2,0.0,0.0,0.0,,
2005,1254.0,2.0,19.0,5.0,4.0,5.0,2.0,0.0,660.2,3.0,0.0,0.0,,
2005,1183.0,1.0,41.0,1.0,1.0,2.0,1.0,0.0,348.75,3.0,1.0,720.0,2.0,1.0
2005,1183.0,2.0,44.0,1.0,1.0,2.0,1.0,0.0,348.75,3.0,2.0,240.0,2.0,
2005,1183.0,2.0,14.0,5.0,1.0,3.0,3.0,3.0,348.75,0.0,0.0,0.0,,
2005,1183.0,1.0,5.0,5.0,1.0,7.0,4.0,5.0,348.75,0.0,0.0,0.0,,
2005,1205.0,2.0,49.0,5.0,1.0,6.0,1.0,0.0,750.0,3.0,2.0,1200.0,2.0,7.0
2005,1205.0,2.0,10.0,5.0,1.0,1.0,3.0,3.0,750.0,0.0,0.0,0.0,,
2005,1118.0,1.0,30.0,1.0,1.0,2.0,1.0,0.0,548.5714285714286,3.0,1.0,1200.0,2.0,8.0
2005,1118.0,2.0,32.0,1.0,4.0,4.0,3.0,4.0,548.5714285714286,0.0,0.0,0.0,,
2005,1118.0,2.0,5.0,5.0,1.0,7.0,4.0,5.0,548.5714285714286,0.0,0.0,0.0,,
2005,1118.0,1.0,3.0,5.0,1.0,7.0,4.0,5.0,548.5714285714286,0.0,0.0,0.0,,
2005,1118.0,1.0,26.0,5.0,1.0,4.0,1.0,0.0,548.5714285714286,3.0,1.0,240.0,2.0,8.0
2005,1118.0,1.0,32.0,5.0,1.0,2.0,1.0,0.0,548.5714285714286,3.0,1.0,1400.0,2.0,
2005,1118.0,1.0,28.0,5.0,1.0,4.0,1.0,0.0,548.5714285714286,3.0,1.0,1000.0,2.0,8.0
2005,1268.0,2.0,73.0,4.0,1.0,2.0,3.0,1.0,400.0,0.0,0.0,0.0,,
2005,1522.0,1.0,72.0,2.0,1.0,4.0,3.0,1.0,900.0,0.0,0.0,0.0,,
2005,1522.0,2.0,71.0,2.0,1.0,2.0,1.0,0.0,900.0,3.0,1.0,500.0,1.0,9.0
2005,933.0,1.0,55.0,2.0,1.0,6.0,3.0,1.0,1500.0,0.0,0.0,0.0,,
2005,933.0,2.0,46.0,2.0,1.0,6.0,1.0,0.0,1500.0,3.0,1.0,1000.0,2.0,3.0
2005,933.0,2.0,26.0,5.0,1.0,6.0,1.0,0.0,1500.0,3.0,1.0,1500.0,2.0,5.0
2005,933.0,2.0,23.0,5.0,1.0,5.0,1.0,0.0,1500.0,3.0,2.0,500.0,2.0,5.0
2005,933.0,1.0,19.0,5.0,1.0,5.0,3.0,3.0,1500.0,0.0,0.0,0.0,,
2005,933.0,2.0,15.0,5.0,1.0,3.0,3.0,3.0,1500.0,0.0,0.0,0.0,,
2005,1326.0,1.0,54.0,2.0,4.0,2.0,3.0,7.0,100.0,0.0,0.0,0.0,,
2005,1326.0,2.0,66.0,2.0,4.0,3.0,3.0,4.0,100.0,0.0,0.0,0.0,,
2005,1243.0,2.0,56.0,5.0,1.0,6.0,1.0,0.0,3500.0,3.0,1.0,2500.0,1.0,11.0
2005,1128.0,1.0,57.0,2.0,1.0,5.0,1.0,0.0,2266.6666666666665,3.0,1.0,3800.0,2.0,9.0
2005,1128.0,2.0,52.0,2.0,1.0,4.0,1.0,0.0,2266.6666666666665,3.0,2.0,400.0,2.0,5.0
2005,1128.0,2.0,26.0,5.0,1.0,6.0,1.0,0.0,2266.6666666666665,3.0,1.0,1200.0,2.0,12.0
2005,1199.0,2.0,53.0,2.0,1.0,6.0,1.0,0.0,533.3333333333334,2.0,0.0,600.0,2.0,1.0
2005,1199.0,1.0,55.0,2.0,1.0,4.0,1.0,0.0,533.3333333333334,1.0,0.0,1000.0,2.0,2.0
2005,1199.0,2.0,21.0,5.0,1.0,5.0,3.0,3.0,533.3333333333334,0.0,0.0,0.0,,
2005,656.0,2.0,44.0,3.0,12.0,6.0,1.0,0.0,2525.0,2.0,0.0,2000.0,2.0,1.0
2005,656.0,2.0,19.0,5.0,2.0,5.0,1.0,0.0,2525.0,3.0,2.0,250.0,2.0,
2005,1450.0,1.0,70.0,2.0,1.0,3.0,3.0,1.0,564.0,0.0,0.0,0.0,,
2005,1450.0,2.0,71.0,2.0,1.0,2.0,3.0,1.0,564.0,0.0,0.0,0.0,,
2005,1186.0,1.0,36.0,1.0,1.0,4.0,1.0,0.0,262.5,3.0,1.0,600.0,2.0,
2005,1186.0,2.0,23.0,1.0,1.0,2.0,1.0,0.0,262.5,1.0,0.0,350.0,2.0,2.0
2005,1186.0,1.0,,5.0,1.0,7.0,4.0,5.0,262.5,0.0,0.0,0.0,,
2005,1186.0,1.0,15.0,5.0,4.0,1.0,1.0,0.0,262.5,3.0,2.0,100.0,2.0,2.0
2005,1116.0,1.0,29.0,2.0,3.0,3.0,1.0,0.0,300.0,3.0,2.0,600.0,2.0,6.0
2005,1116.0,2.0,28.0,2.0,3.0,3.0,3.0,4.0,300.0,0.0,0.0,0.0,,
2005,1116.0,1.0,6.0,5.0,3.0,7.0,4.0,3.0,300.0,0.0,0.0,0.0,,
2005,1116.0,2.0,5.0,5.0,3.0,7.0,4.0,5.0,300.0,0.0,0.0,0.0,,
2005,1116.0,1.0,2.0,5.0,3.0,7.0,4.0,5.0,300.0,0.0,0.0,0.0,,
2005,1116.0,1.0,24.0,1.0,4.0,3.0,1.0,0.0,300.0,3.0,2.0,600.0,2.0,6.0
2005,1116.0,2.0,25.0,1.0,4.0,3.0,1.0,0.0,300.0,3.0,2.0,300.0,2.0,6.0
2005,1271.0,2.0,56.0,5.0,1.0,6.0,1.0,0.0,890.0,3.0,2.0,550.0,2.0,9.0
2005,1097.0,2.0,25.0,5.0,1.0,5.0,1.0,0.0,2200.0,3.0,1.0,1300.0,2.0,10.0
2005,1335.0,1.0,63.0,2.0,2.0,6.0,1.0,0.0,1304.0,3.0,1.0,3250.0,2.0,12.0
2005,1335.0,2.0,57.0,2.0,2.0,4.0,3.0,4.0,1304.0,0.0,0.0,0.0,,
2005,1335.0,1.0,33.0,5.0,2.0,4.0,1.0,0.0,1304.0,3.0,2.0,750.0,2.0,8.0
2005,1335.0,1.0,29.0,5.0,2.0,6.0,1.0,0.0,1304.0,3.0,1.0,1700.0,2.0,
2005,1335.0,2.0,88.0,4.0,1.0,2.0,3.0,1.0,1304.0,0.0,0.0,0.0,,
2005,1297.0,1.0,30.0,2.0,2.0,6.0,1.0,0.0,766.6666666666666,3.0,2.0,1000.0,1.0,12.0
2005,1297.0,2.0,31.0,2.0,2.0,6.0,1.0,0.0,766.6666666666666,3.0,2.0,800.0,1.0,12.0
2005,1297.0,1.0,,5.0,2.0,7.0,4.0,5.0,766.6666666666666,0.0,0.0,0.0,,
2005,956.0,1.0,55.0,2.0,1.0,6.0,1.0,0.0,5260.0,3.0,2.0,25000.0,1.0,9.0
2005,956.0,2.0,45.0,2.0,1.0,6.0,1.0,0.0,5260.0,3.0,1.0,1300.0,1.0,10.0
2005,956.0,1.0,20.0,5.0,1.0,5.0,3.0,3.0,5260.0,0.0,0.0,0.0,,
2005,956.0,2.0,18.0,5.0,1.0,5.0,3.0,3.0,5260.0,0.0,0.0,0.0,,
2005,956.0,1.0,12.0,5.0,1.0,1.0,3.0,3.0,5260.0,0.0,0.0,0.0,,
2005,1340.0,1.0,61.0,2.0,4.0,2.0,1.0,0.0,318.75,2.0,0.0,150.0,2.0,1.0
2005,1340.0,2.0,59.0,2.0,4.0,2.0,3.0,4.0,318.75,0.0,0.0,0.0,,
2005,1340.0,1.0,34.0,5.0,4.0,5.0,1.0,0.0,318.75,3.0,1.0,0.0,2.0,2.0
2005,1340.0,2.0,33.0,2.0,1.0,4.0,3.0,4.0,318.75,0.0,0.0,0.0,,
2005,1340.0,1.0,32.0,2.0,1.0,2.0,1.0,0.0,318.75,3.0,1.0,700.0,2.0,
2005,1340.0,1.0,23.0,5.0,1.0,4.0,1.0,0.0,318.75,3.0,1.0,500.0,2.0,
2005,1340.0,1.0,6.0,5.0,1.0,1.0,4.0,3.0,318.75,0.0,0.0,0.0,,
2005,1340.0,1.0,3.0,5.0,1.0,7.0,4.0,5.0,318.75,0.0,0.0,0.0,,
2005,1352.0,2.0,74.0,4.0,1.0,2.0,3.0,1.0,560.0,0.0,0.0,0.0,,
2005,1516.0,2.0,55.0,5.0,1.0,3.0,1.0,0.0,580.0,3.0,2.0,80.0,2.0,6.0
2005,1795.0,1.0,92.0,2.0,2.0,2.0,3.0,1.0,537.5,0.0,0.0,0.0,,
2005,1795.0,2.0,75.0,2.0,1.0,4.0,3.0,1.0,537.5,0.0,0.0,0.0,,
2005,1544.0,1.0,35.0,2.0,2.0,6.0,1.0,0.0,2100.0,3.0,1.0,4500.0,1.0,12.0
2005,1544.0,2.0,31.0,2.0,2.0,6.0,1.0,0.0,2100.0,3.0,1.0,1200.0,1.0,12.0
2005,1544.0,2.0,1.0,5.0,2.0,7.0,4.0,5.0,2100.0,0.0,0.0,0.0,,
2005,1154.0,1.0,57.0,2.0,1.0,2.0,1.0,0.0,846.6666666666666,3.0,1.0,1200.0,2.0,10.0
2005,1154.0,2.0,58.0,2.0,1.0,2.0,3.0,4.0,846.6666666666666,0.0,0.0,0.0,,
2005,1154.0,2.0,27.0,5.0,1.0,4.0,1.0,0.0,846.6666666666666,3.0,1.0,700.0,2.0,
2005,1102.0,2.0,20.0,5.0,1.0,5.0,1.0,0.0,740.0,3.0,1.0,480.0,2.0,10.0
2005,1102.0,2.0,31.0,5.0,1.0,6.0,1.0,0.0,740.0,3.0,1.0,1000.0,2.0,8.0
2005,1201.0,1.0,38.0,2.0,1.0,6.0,1.0,0.0,1335.0,3.0,1.0,2840.0,2.0,11.0
2005,1201.0,2.0,38.0,2.0,1.0,6.0,1.0,0.0,1335.0,3.0,2.0,1200.0,1.0,9.0
2005,1201.0,1.0,9.0,5.0,1.0,1.0,4.0,3.0,1335.0,0.0,0.0,0.0,,
2005,1201.0,2.0,5.0,5.0,1.0,7.0,4.0,5.0,1335.0,0.0,0.0,0.0,,
2005,1174.0,1.0,33.0,2.0,4.0,4.0,1.0,0.0,350.0,2.0,0.0,1400.0,2.0,2.0
2005,1174.0,2.0,31.0,2.0,4.0,4.0,3.0,4.0,350.0,0.0,0.0,0.0,,
2005,1174.0,2.0,5.0,5.0,4.0,7.0,4.0,5.0,350.0,0.0,0.0,0.0,,
2005,1174.0,1.0,3.0,5.0,4.0,7.0,4.0,5.0,350.0,0.0,0.0,0.0,,
2005,1508.0,1.0,78.0,2.0,12.0,3.0,3.0,1.0,1175.0,0.0,0.0,0.0,,
2005,1508.0,2.0,67.0,2.0,12.0,2.0,3.0,4.0,1175.0,0.0,0.0,0.0,,
2005,1508.0,2.0,41.0,5.0,2.0,6.0,1.0,0.0,1175.0,3.0,2.0,1500.0,1.0,10.0
2005,1508.0,2.0,36.0,5.0,2.0,4.0,1.0,0.0,1175.0,3.0,1.0,400.0,2.0,9.0
2005,1226.0,1.0,49.0,2.0,1.0,3.0,1.0,0.0,825.0,2.0,0.0,3000.0,2.0,3.0
2005,1226.0,2.0,47.0,2.0,1.0,5.0,1.0,0.0,825.0,2.0,0.0,300.0,2.0,1.0
2005,1226.0,1.0,16.0,5.0,1.0,3.0,3.0,3.0,825.0,0.0,0.0,0.0,,
2005,1226.0,2.0,12.0,5.0,1.0,1.0,3.0,3.0,825.0,0.0,0.0,0.0,,
2005,1411.0,1.0,65.0,5.0,1.0,5.0,1.0,0.0,1600.0,3.0,1.0,1600.0,1.0,12.0
2005,1372.0,1.0,73.0,4.0,4.0,4.0,3.0,4.0,1000.0,0.0,0.0,0.0,,
2005,1016.0,2.0,32.0,5.0,4.0,3.0,3.0,3.0,650.0,0.0,0.0,0.0,,
2005,1016.0,1.0,30.0,5.0,1.0,4.0,1.0,0.0,650.0,3.0,1.0,1000.0,2.0,6.0
2005,1394.0,1.0,32.0,2.0,2.0,4.0,1.0,0.0,140.0,2.0,0.0,700.0,2.0,1.0
2005,1394.0,2.0,31.0,2.0,2.0,4.0,3.0,4.0,140.0,0.0,0.0,0.0,,
2005,1394.0,2.0,11.0,5.0,2.0,1.0,3.0,3.0,140.0,0.0,0.0,0.0,,
2005,1394.0,1.0,9.0,5.0,2.0,1.0,4.0,3.0,140.0,0.0,0.0,0.0,,
2005,1394.0,2.0,3.0,5.0,2.0,7.0,4.0,5.0,140.0,0.0,0.0,0.0,,
2005,1217.0,2.0,53.0,3.0,1.0,6.0,1.0,0.0,441.6666666666667,3.0,1.0,750.0,2.0,2.0
2005,1217.0,2.0,19.0,5.0,1.0,4.0,1.0,0.0,441.6666666666667,3.0,1.0,500.0,2.0,9.0
2005,1217.0,2.0,17.0,5.0,1.0,3.0,3.0,3.0,441.6666666666667,0.0,0.0,0.0,,
2005,1217.0,1.0,13.0,5.0,1.0,3.0,3.0,3.0,441.6666666666667,0.0,0.0,0.0,,
2005,1217.0,2.0,20.0,5.0,1.0,4.0,1.0,0.0,441.6666666666667,3.0,2.0,400.0,2.0,4.0
2005,1217.0,1.0,1.0,5.0,1.0,7.0,4.0,5.0,441.6666666666667,0.0,0.0,0.0,,
2005,1332.0,1.0,36.0,2.0,12.0,6.0,1.0,0.0,2725.0,3.0,1.0,1200.0,2.0,11.0
2005,1332.0,2.0,28.0,2.0,12.0,6.0,1.0,0.0,2725.0,3.0,1.0,1300.0,1.0,12.0
2005,1336.0,1.0,77.0,2.0,1.0,4.0,3.0,1.0,753.0,0.0,0.0,0.0,,
2005,1336.0,2.0,83.0,2.0,1.0,4.0,3.0,1.0,753.0,0.0,0.0,0.0,,
2005,1244.0,2.0,33.0,5.0,1.0,6.0,1.0,0.0,2000.0,2.0,0.0,2000.0,2.0,3.0
2005,1172.0,1.0,61.0,2.0,1.0,3.0,1.0,0.0,537.5,2.0,0.0,1200.0,2.0,1.0
2005,1172.0,2.0,55.0,2.0,1.0,4.0,3.0,4.0,537.5,0.0,0.0,0.0,,
2005,1172.0,2.0,26.0,5.0,4.0,4.0,1.0,0.0,537.5,2.0,0.0,300.0,2.0,1.0
2005,1172.0,1.0,25.0,5.0,1.0,4.0,1.0,0.0,537.5,3.0,1.0,650.0,2.0,5.0
2005,1114.0,2.0,52.0,3.0,1.0,5.0,1.0,0.0,2225.0,3.0,1.0,2700.0,2.0,12.0
2005,1114.0,2.0,24.0,5.0,2.0,4.0,1.0,0.0,2225.0,3.0,1.0,400.0,2.0,10.0
2005,1101.0,2.0,83.0,4.0,2.0,6.0,1.0,0.0,820.0,3.0,2.0,0.0,1.0,
2005,1101.0,2.0,33.0,3.0,1.0,5.0,1.0,0.0,820.0,3.0,1.0,1120.0,2.0,6.0
2005,1027.0,1.0,54.0,2.0,1.0,6.0,1.0,0.0,300.0,2.0,0.0,1000.0,2.0,1.0
2005,1027.0,2.0,52.0,2.0,1.0,6.0,1.0,0.0,300.0,3.0,2.0,0.0,1.0,12.0
2005,1027.0,2.0,24.0,5.0,1.0,6.0,1.0,0.0,300.0,3.0,2.0,200.0,2.0,2.0
2005,1027.0,1.0,19.0,5.0,1.0,5.0,3.0,3.0,300.0,0.0,0.0,0.0,,
2005,1371.0,2.0,77.0,3.0,1.0,2.0,3.0,1.0,350.0,0.0,0.0,0.0,,
2005,1333.0,1.0,35.0,2.0,1.0,6.0,1.0,0.0,850.0,3.0,1.0,3400.0,2.0,9.0
2005,1333.0,2.0,36.0,2.0,1.0,6.0,2.0,0.0,850.0,3.0,0.0,0.0,,
2005,1333.0,1.0,9.0,5.0,1.0,1.0,4.0,3.0,850.0,0.0,0.0,0.0,,
2005,1333.0,1.0,3.0,5.0,1.0,7.0,4.0,5.0,850.0,0.0,0.0,0.0,,
2005,1261.0,1.0,34.0,2.0,2.0,6.0,1.0,0.0,1370.0,1.0,0.0,4000.0,2.0,3.0
2005,1261.0,2.0,35.0,2.0,2.0,6.0,3.0,4.0,1370.0,0.0,0.0,0.0,,
2005,1261.0,2.0,2.0,5.0,2.0,7.0,4.0,5.0,1370.0,0.0,0.0,0.0,,
2005,882.0,1.0,47.0,2.0,1.0,5.0,1.0,0.0,420.0,2.0,0.0,1000.0,2.0,1.0
2005,882.0,2.0,46.0,2.0,1.0,6.0,1.0,0.0,420.0,2.0,0.0,300.0,2.0,1.0
2005,882.0,1.0,23.0,5.0,1.0,6.0,1.0,0.0,420.0,3.0,1.0,800.0,2.0,4.0
2005,882.0,2.0,18.0,5.0,1.0,5.0,3.0,3.0,420.0,0.0,0.0,0.0,,
2005,882.0,2.0,10.0,5.0,1.0,1.0,3.0,3.0,420.0,0.0,0.0,0.0,,
2005,1323.0,2.0,42.0,5.0,1.0,5.0,1.0,0.0,1300.0,3.0,1.0,1300.0,2.0,10.0
2005,1112.0,2.0,56.0,4.0,1.0,6.0,1.0,0.0,633.3333333333334,3.0,1.0,900.0,1.0,7.0
2005,1112.0,2.0,21.0,5.0,4.0,4.0,3.0,4.0,633.3333333333334,0.0,0.0,0.0,,
2005,1112.0,2.0,19.0,5.0,1.0,4.0,3.0,4.0,633.3333333333334,0.0,0.0,0.0,,
2005,1674.0,2.0,74.0,4.0,1.0,1.0,3.0,1.0,340.0,0.0,0.0,0.0,,
2005,1674.0,2.0,77.0,4.0,1.0,1.0,3.0,1.0,340.0,0.0,0.0,0.0,,
2005,1340.0,1.0,60.0,2.0,2.0,6.0,1.0,0.0,1950.0,3.0,1.0,2000.0,1.0,10.0
2005,1340.0,2.0,60.0,2.0,2.0,6.0,1.0,0.0,1950.0,2.0,0.0,900.0,2.0,1.0
2005,1304.0,1.0,80.0,4.0,1.0,6.0,3.0,1.0,4800.0,0.0,0.0,0.0,,
2005,1099.0,1.0,27.0,5.0,4.0,5.0,1.0,0.0,1100.0,3.0,2.0,600.0,2.0,7.0
2005,1740.0,1.0,80.0,2.0,1.0,4.0,3.0,1.0,340.0,0.0,0.0,0.0,,
2005,1740.0,2.0,75.0,2.0,1.0,2.0,3.0,4.0,340.0,0.0,0.0,0.0,,
2005,1740.0,2.0,73.0,2.0,1.0,3.0,3.0,1.0,340.0,0.0,0.0,0.0,,
2005,1740.0,1.0,84.0,2.0,1.0,4.0,3.0,1.0,340.0,0.0,0.0,0.0,,
2005,1250.0,1.0,57.0,2.0,1.0,6.0,1.0,0.0,2350.0,2.0,0.0,3000.0,2.0,1.0
2005,1250.0,2.0,56.0,2.0,1.0,6.0,1.0,0.0,2350.0,3.0,1.0,1600.0,2.0,9.0
2005,1250.0,2.0,26.0,5.0,1.0,6.0,1.0,0.0,2350.0,3.0,1.0,1300.0,1.0,9.0
2005,1250.0,1.0,55.0,3.0,1.0,6.0,1.0,0.0,1500.0,3.0,1.0,1200.0,2.0,6.0
2005,1250.0,1.0,21.0,5.0,1.0,3.0,1.0,0.0,1500.0,3.0,1.0,300.0,2.0,6.0
2005,1759.0,2.0,81.0,2.0,1.0,1.0,1.0,0.0,385.0,2.0,0.0,0.0,2.0,1.0
2005,1759.0,1.0,83.0,2.0,1.0,1.0,3.0,1.0,385.0,0.0,0.0,0.0,,
2005,1158.0,1.0,61.0,2.0,2.0,4.0,1.0,0.0,40.0,1.0,0.0,0.0,2.0,6.0
2005,1158.0,2.0,57.0,2.0,2.0,6.0,1.0,0.0,40.0,4.0,0.0,0.0,2.0,6.0
2005,1158.0,2.0,27.0,5.0,2.0,6.0,1.0,0.0,40.0,2.0,0.0,120.0,2.0,1.0
2005,1364.0,2.0,93.0,4.0,1.0,2.0,3.0,1.0,1325.0,0.0,0.0,0.0,,
2005,1364.0,2.0,61.0,3.0,12.0,6.0,1.0,0.0,1325.0,3.0,1.0,1800.0,1.0,9.0
2005,993.0,2.0,43.0,3.0,1.0,5.0,1.0,0.0,705.0,3.0,1.0,910.0,2.0,9.0
2005,993.0,1.0,18.0,5.0,1.0,3.0,3.0,3.0,705.0,0.0,0.0,0.0,,
2005,960.0,2.0,62.0,5.0,1.0,4.0,1.0,0.0,1800.0,3.0,1.0,1800.0,2.0,12.0
2005,1123.0,1.0,26.0,5.0,2.0,5.0,1.0,0.0,1500.0,3.0,1.0,1500.0,2.0,
2005,1337.0,2.0,44.0,4.0,1.0,4.0,1.0,0.0,800.0,3.0,1.0,1600.0,1.0,12.0
2005,1337.0,1.0,14.0,5.0,1.0,3.0,3.0,3.0,800.0,0.0,0.0,0.0,,
2005,1475.0,1.0,55.0,2.0,4.0,2.0,1.0,0.0,266.6666666666667,3.0,1.0,800.0,2.0,3.0
2005,1475.0,2.0,52.0,2.0,4.0,2.0,3.0,4.0,266.6666666666667,0.0,0.0,0.0,,
2005,1475.0,1.0,13.0,5.0,4.0,3.0,3.0,3.0,266.6666666666667,0.0,0.0,0.0,,
2005,1838.0,1.0,37.0,2.0,4.0,2.0,1.0,0.0,91.66666666666667,3.0,2.0,400.0,2.0,3.0
2005,1838.0,2.0,30.0,2.0,4.0,2.0,3.0,4.0,91.66666666666667,0.0,0.0,0.0,,
2005,1838.0,2.0,80.0,4.0,4.0,1.0,3.0,7.0,91.66666666666667,0.0,0.0,0.0,,
2005,1838.0,1.0,9.0,5.0,4.0,1.0,4.0,3.0,91.66666666666667,0.0,0.0,0.0,,
2005,1838.0,2.0,6.0,5.0,4.0,7.0,4.0,3.0,91.66666666666667,0.0,0.0,0.0,,
2005,1838.0,2.0,,5.0,4.0,7.0,4.0,5.0,91.66666666666667,0.0,0.0,0.0,,
2005,1042.0,1.0,49.0,2.0,2.0,6.0,1.0,0.0,2125.0,3.0,1.0,4200.0,2.0,12.0
2005,1042.0,2.0,51.0,2.0,2.0,6.0,1.0,0.0,2125.0,2.0,0.0,2500.0,2.0,1.0
2005,1042.0,1.0,22.0,5.0,2.0,5.0,3.0,3.0,2125.0,0.0,0.0,0.0,,
2005,1042.0,1.0,18.0,5.0,2.0,3.0,3.0,3.0,2125.0,0.0,0.0,0.0,,
2005,1136.0,1.0,48.0,1.0,4.0,1.0,1.0,0.0,572.5,3.0,2.0,400.0,2.0,2.0
2005,1136.0,2.0,54.0,1.0,4.0,2.0,1.0,0.0,572.5,3.0,2.0,400.0,2.0,
2005,1136.0,2.0,32.0,5.0,1.0,5.0,1.0,0.0,572.5,3.0,1.0,890.0,2.0,11.0
2005,1136.0,2.0,11.0,5.0,4.0,1.0,3.0,3.0,572.5,0.0,0.0,0.0,,
2005,1492.0,1.0,46.0,2.0,4.0,6.0,1.0,0.0,116.66666666666667,2.0,0.0,700.0,2.0,1.0
2005,1492.0,2.0,46.0,2.0,4.0,6.0,3.0,4.0,116.66666666666667,0.0,0.0,0.0,,
2005,1492.0,1.0,17.0,5.0,4.0,3.0,3.0,3.0,116.66666666666667,0.0,0.0,0.0,,
2005,1492.0,1.0,14.0,5.0,4.0,3.0,3.0,3.0,116.66666666666667,0.0,0.0,0.0,,
2005,1492.0,2.0,9.0,5.0,4.0,1.0,4.0,3.0,116.66666666666667,0.0,0.0,0.0,,
2005,1492.0,1.0,2.0,5.0,4.0,7.0,4.0,5.0,116.66666666666667,0.0,0.0,0.0,,
2005,1311.0,1.0,51.0,2.0,1.0,3.0,1.0,0.0,541.6666666666666,3.0,1.0,1200.0,2.0,
2005,1311.0,2.0,47.0,2.0,1.0,3.0,1.0,0.0,541.6666666666666,3.0,1.0,300.0,1.0,
2005,1311.0,2.0,25.0,1.0,1.0,3.0,1.0,0.0,541.6666666666666,3.0,1.0,1000.0,2.0,
2005,1311.0,1.0,20.0,1.0,1.0,3.0,1.0,0.0,541.6666666666666,3.0,1.0,750.0,2.0,
2005,1311.0,2.0,4.0,5.0,1.0,7.0,4.0,5.0,541.6666666666666,0.0,0.0,0.0,,
2005,1311.0,2.0,6.0,5.0,1.0,1.0,4.0,3.0,541.6666666666666,0.0,0.0,0.0,,
2005,1200.0,2.0,62.0,4.0,1.0,3.0,1.0,0.0,1948.0,3.0,2.0,0.0,2.0,6.0
2005,1200.0,2.0,86.0,4.0,1.0,2.0,3.0,7.0,1948.0,0.0,0.0,0.0,,
2005,1152.0,2.0,67.0,5.0,1.0,4.0,1.0,0.0,830.0,3.0,2.0,470.0,2.0,6.0
2005,1603.0,1.0,78.0,2.0,1.0,2.0,3.0,1.0,794.0,0.0,0.0,0.0,,
2005,1603.0,2.0,74.0,2.0,1.0,2.0,3.0,1.0,794.0,0.0,0.0,0.0,,
2005,1603.0,2.0,50.0,5.0,1.0,5.0,1.0,0.0,794.0,3.0,1.0,1000.0,2.0,7.0
2005,1409.0,1.0,74.0,2.0,1.0,4.0,1.0,0.0,2267.5,3.0,2.0,2000.0,2.0,7.0
2005,1409.0,2.0,69.0,2.0,1.0,4.0,1.0,0.0,2267.5,3.0,2.0,450.0,2.0,7.0
2005,1282.0,1.0,80.0,4.0,1.0,2.0,3.0,1.0,360.0,0.0,0.0,0.0,,
2005,1282.0,1.0,47.0,3.0,4.0,2.0,3.0,6.0,360.0,0.0,0.0,0.0,,
2005,1282.0,1.0,37.0,5.0,4.0,2.0,1.0,0.0,360.0,3.0,2.0,500.0,2.0,5.0
2005,939.0,2.0,48.0,1.0,1.0,3.0,1.0,0.0,787.5,3.0,1.0,750.0,2.0,10.0
2005,939.0,1.0,23.0,5.0,4.0,3.0,1.0,0.0,787.5,3.0,1.0,700.0,2.0,
2005,939.0,2.0,15.0,5.0,1.0,1.0,3.0,3.0,787.5,0.0,0.0,0.0,,
2005,939.0,1.0,47.0,1.0,4.0,4.0,1.0,0.0,787.5,3.0,2.0,1700.0,2.0,6.0
2005,1285.0,2.0,85.0,4.0,1.0,4.0,3.0,1.0,890.0,0.0,0.0,0.0,,
2005,1224.0,1.0,59.0,2.0,1.0,3.0,1.0,0.0,375.0,3.0,1.0,750.0,2.0,1.0
2005,1224.0,2.0,58.0,2.0,1.0,2.0,3.0,4.0,375.0,0.0,0.0,0.0,,
2005,951.0,2.0,21.0,5.0,1.0,5.0,1.0,0.0,550.0,3.0,2.0,200.0,2.0,7.0
2005,951.0,2.0,23.0,5.0,1.0,6.0,1.0,0.0,550.0,3.0,2.0,400.0,2.0,4.0
2005,1210.0,1.0,50.0,2.0,1.0,5.0,1.0,0.0,1950.0,2.0,0.0,1500.0,2.0,1.0
2005,1210.0,2.0,47.0,2.0,1.0,6.0,1.0,0.0,1950.0,3.0,1.0,1800.0,2.0,9.0
2005,984.0,1.0,24.0,2.0,2.0,5.0,1.0,0.0,560.0,3.0,1.0,1200.0,2.0,7.0
2005,984.0,2.0,25.0,2.0,2.0,6.0,3.0,4.0,560.0,0.0,0.0,0.0,,
2005,984.0,2.0,,5.0,2.0,7.0,4.0,5.0,560.0,0.0,0.0,0.0,,
2005,909.0,1.0,29.0,2.0,4.0,5.0,1.0,0.0,1075.0,3.0,2.0,750.0,2.0,2.0
2005,909.0,2.0,28.0,2.0,1.0,4.0,1.0,0.0,1075.0,3.0,1.0,700.0,2.0,
2005,1082.0,1.0,34.0,2.0,1.0,5.0,1.0,0.0,1600.0,2.0,0.0,100.0,2.0,1.0
2005,1082.0,2.0,33.0,2.0,1.0,6.0,1.0,0.0,1600.0,3.0,1.0,3000.0,2.0,10.0
2005,1383.0,1.0,41.0,3.0,1.0,6.0,1.0,0.0,800.0,2.0,0.0,1500.0,2.0,1.0
2005,1383.0,2.0,9.0,5.0,1.0,1.0,4.0,3.0,800.0,0.0,0.0,0.0,,
2005,1075.0,2.0,43.0,3.0,1.0,6.0,1.0,0.0,1075.0,3.0,1.0,300.0,1.0,10.0
2005,1075.0,1.0,19.0,5.0,1.0,5.0,1.0,0.0,1075.0,3.0,1.0,1300.0,2.0,
2005,1075.0,1.0,17.0,5.0,1.0,3.0,3.0,3.0,1075.0,0.0,0.0,0.0,,
2005,1075.0,2.0,8.0,5.0,1.0,1.0,4.0,3.0,1075.0,0.0,0.0,0.0,,
2005,418.0,2.0,22.0,5.0,1.0,5.0,3.0,3.0,253.33333333333334,0.0,0.0,0.0,,
2005,418.0,2.0,20.0,5.0,1.0,5.0,1.0,0.0,253.33333333333334,3.0,2.0,260.0,2.0,2.0
2005,418.0,1.0,,5.0,1.0,7.0,4.0,5.0,253.33333333333334,0.0,0.0,0.0,,
2005,1031.0,2.0,30.0,2.0,4.0,2.0,1.0,0.0,850.0,3.0,2.0,1000.0,2.0,5.0
2005,1031.0,1.0,24.0,2.0,4.0,3.0,1.0,0.0,850.0,3.0,2.0,700.0,2.0,5.0
2005,1129.0,1.0,44.0,2.0,12.0,6.0,1.0,0.0,1700.0,3.0,1.0,1300.0,1.0,
2005,1129.0,2.0,50.0,2.0,12.0,4.0,1.0,0.0,1700.0,3.0,1.0,1200.0,2.0,6.0
2005,1125.0,1.0,64.0,2.0,4.0,3.0,3.0,4.0,213.33333333333334,0.0,0.0,0.0,,
2005,1125.0,2.0,65.0,2.0,4.0,3.0,3.0,4.0,213.33333333333334,0.0,0.0,0.0,,
2005,1125.0,2.0,92.0,4.0,1.0,1.0,3.0,1.0,213.33333333333334,0.0,0.0,0.0,,
2005,1129.0,1.0,26.0,5.0,2.0,6.0,1.0,0.0,1200.0,3.0,2.0,600.0,2.0,9.0
2005,1174.0,1.0,30.0,1.0,1.0,2.0,1.0,0.0,348.57142857142856,3.0,1.0,1400.0,2.0,7.0
2005,1174.0,2.0,37.0,1.0,4.0,4.0,3.0,4.0,348.57142857142856,0.0,0.0,0.0,,
2005,1174.0,1.0,20.0,5.0,4.0,3.0,1.0,0.0,348.57142857142856,3.0,2.0,600.0,2.0,6.0
2005,1174.0,1.0,17.0,5.0,4.0,3.0,1.0,0.0,348.57142857142856,3.0,2.0,240.0,2.0,3.0
2005,1174.0,1.0,12.0,5.0,4.0,1.0,3.0,3.0,348.57142857142856,0.0,0.0,0.0,,
2005,1174.0,1.0,11.0,5.0,4.0,1.0,3.0,3.0,348.57142857142856,0.0,0.0,0.0,,
2005,1174.0,1.0,7.0,5.0,4.0,1.0,4.0,3.0,348.57142857142856,0.0,0.0,0.0,,
2005,1351.0,1.0,43.0,2.0,1.0,6.0,1.0,0.0,1575.0,1.0,0.0,3000.0,2.0,6.0
2005,1351.0,2.0,42.0,2.0,1.0,6.0,1.0,0.0,1575.0,3.0,1.0,2200.0,1.0,12.0
2005,1351.0,1.0,9.0,5.0,1.0,1.0,4.0,3.0,1575.0,0.0,0.0,0.0,,
2005,1351.0,2.0,7.0,5.0,1.0,1.0,4.0,3.0,1575.0,0.0,0.0,0.0,,
2005,1306.0,1.0,40.0,2.0,1.0,6.0,1.0,0.0,966.6666666666666,3.0,1.0,2150.0,2.0,11.0
2005,1306.0,2.0,38.0,2.0,1.0,6.0,1.0,0.0,966.6666666666666,3.0,1.0,750.0,1.0,7.0
2005,1306.0,2.0,3.0,5.0,1.0,7.0,4.0,5.0,966.6666666666666,0.0,0.0,0.0,,
2005,871.0,2.0,45.0,3.0,2.0,6.0,1.0,0.0,180.0,2.0,0.0,700.0,2.0,1.0
2005,871.0,2.0,21.0,5.0,2.0,5.0,3.0,3.0,180.0,0.0,0.0,0.0,,
2005,871.0,2.0,19.0,5.0,2.0,5.0,3.0,3.0,180.0,0.0,0.0,0.0,,
2005,871.0,2.0,16.0,5.0,2.0,3.0,3.0,3.0,180.0,0.0,0.0,0.0,,
2005,871.0,2.0,12.0,5.0,2.0,1.0,3.0,3.0,180.0,0.0,0.0,0.0,,
2005,871.0,2.0,46.0,2.0,4.0,4.0,1.0,0.0,300.0,3.0,2.0,150.0,2.0,
2005,990.0,1.0,49.0,2.0,2.0,3.0,1.0,0.0,250.0,2.0,0.0,1000.0,2.0,3.0
2005,990.0,2.0,51.0,2.0,2.0,5.0,1.0,0.0,250.0,4.0,0.0,0.0,2.0,3.0
2005,990.0,1.0,22.0,5.0,2.0,5.0,1.0,0.0,250.0,4.0,0.0,0.0,2.0,3.0
2005,990.0,2.0,16.0,5.0,2.0,3.0,3.0,3.0,250.0,0.0,0.0,0.0,,
2005,1144.0,1.0,63.0,2.0,1.0,5.0,3.0,1.0,690.0,0.0,0.0,0.0,,
2005,1144.0,2.0,62.0,2.0,1.0,5.0,3.0,1.0,690.0,0.0,0.0,0.0,,
2005,970.0,2.0,35.0,1.0,1.0,3.0,1.0,0.0,300.0,3.0,1.0,900.0,2.0,6.0
2005,970.0,1.0,43.0,1.0,1.0,4.0,1.0,0.0,300.0,3.0,1.0,900.0,2.0,9.0
2005,970.0,1.0,17.0,5.0,1.0,3.0,2.0,0.0,300.0,0.0,0.0,0.0,,
2005,970.0,2.0,15.0,5.0,1.0,3.0,3.0,3.0,300.0,0.0,0.0,0.0,,
2005,970.0,2.0,13.0,5.0,1.0,1.0,3.0,3.0,300.0,0.0,0.0,0.0,,
2005,970.0,2.0,11.0,5.0,1.0,1.0,3.0,3.0,300.0,0.0,0.0,0.0,,
2005,1584.0,2.0,54.0,5.0,1.0,6.0,1.0,0.0,1850.0,3.0,1.0,2000.0,1.0,8.0
2005,1584.0,2.0,12.0,5.0,1.0,1.0,3.0,3.0,1850.0,0.0,0.0,0.0,,
2005,1379.0,1.0,25.0,5.0,4.0,6.0,1.0,0.0,1000.0,3.0,2.0,500.0,1.0,11.0
2005,1537.0,2.0,67.0,4.0,1.0,3.0,3.0,1.0,3300.0,0.0,0.0,0.0,,
2005,1140.0,2.0,41.0,3.0,2.0,4.0,1.0,0.0,1166.6666666666667,3.0,1.0,3000.0,2.0,8.0
2005,1140.0,2.0,64.0,3.0,2.0,4.0,3.0,7.0,1166.6666666666667,0.0,0.0,0.0,,
2005,1140.0,1.0,24.0,5.0,2.0,6.0,1.0,0.0,1166.6666666666667,3.0,2.0,500.0,2.0,
2005,1246.0,1.0,45.0,2.0,4.0,2.0,1.0,0.0,240.0,3.0,1.0,600.0,2.0,6.0
2005,1246.0,2.0,40.0,2.0,4.0,4.0,1.0,0.0,240.0,3.0,2.0,300.0,2.0,
2005,1246.0,2.0,16.0,5.0,4.0,3.0,3.0,3.0,240.0,0.0,0.0,0.0,,
2005,1246.0,2.0,13.0,5.0,4.0,3.0,3.0,3.0,240.0,0.0,0.0,0.0,,
2005,1246.0,2.0,11.0,5.0,4.0,1.0,3.0,3.0,240.0,0.0,0.0,0.0,,
2005,1692.0,2.0,39.0,3.0,2.0,6.0,3.0,2.0,320.0,0.0,0.0,0.0,,
2005,1692.0,1.0,10.0,5.0,2.0,1.0,3.0,3.0,320.0,0.0,0.0,0.0,,
2005,1692.0,2.0,8.0,5.0,2.0,1.0,4.0,3.0,320.0,0.0,0.0,0.0,,
2005,1692.0,2.0,12.0,5.0,2.0,1.0,3.0,3.0,320.0,0.0,0.0,0.0,,
2005,1692.0,1.0,1.0,5.0,2.0,7.0,4.0,5.0,320.0,0.0,0.0,0.0,,
2005,1001.0,1.0,30.0,2.0,1.0,4.0,1.0,0.0,400.0,3.0,1.0,1200.0,2.0,7.0
2005,1001.0,2.0,28.0,2.0,1.0,5.0,3.0,4.0,400.0,0.0,0.0,0.0,,
2005,1001.0,1.0,1.0,5.0,1.0,7.0,4.0,5.0,400.0,0.0,0.0,0.0,,
2005,1314.0,2.0,37.0,3.0,2.0,6.0,1.0,0.0,375.0,2.0,0.0,600.0,2.0,3.0
2005,1314.0,1.0,12.0,5.0,2.0,1.0,3.0,3.0,375.0,0.0,0.0,0.0,,
2005,2234.0,1.0,71.0,2.0,1.0,4.0,3.0,1.0,2250.0,0.0,0.0,0.0,,
2005,2234.0,2.0,68.0,2.0,1.0,3.0,3.0,4.0,2250.0,0.0,0.0,0.0,,
2005,1085.0,2.0,41.0,4.0,1.0,6.0,1.0,0.0,1025.0,3.0,1.0,700.0,2.0,
2005,1085.0,1.0,15.0,5.0,1.0,3.0,3.0,3.0,1025.0,0.0,0.0,0.0,,
2005,1693.0,2.0,30.0,5.0,2.0,5.0,1.0,0.0,1970.0,3.0,1.0,1370.0,2.0,11.0
2005,1182.0,2.0,76.0,4.0,2.0,4.0,1.0,0.0,1800.0,3.0,2.0,1200.0,2.0,
2005,1150.0,1.0,30.0,5.0,12.0,5.0,1.0,0.0,1150.0,3.0,1.0,1500.0,2.0,6.0
2005,1150.0,2.0,23.0,5.0,1.0,6.0,1.0,0.0,1150.0,3.0,1.0,800.0,2.0,12.0
2005,1745.0,1.0,39.0,2.0,4.0,3.0,1.0,0.0,183.33333333333334,2.0,0.0,450.0,2.0,1.0
2005,1745.0,2.0,39.0,2.0,4.0,2.0,3.0,4.0,183.33333333333334,0.0,0.0,0.0,,
2005,1745.0,2.0,41.0,1.0,4.0,1.0,1.0,0.0,183.33333333333334,2.0,0.0,600.0,2.0,2.0
2005,1745.0,1.0,30.0,1.0,4.0,2.0,1.0,0.0,183.33333333333334,2.0,0.0,600.0,2.0,2.0
2005,1745.0,1.0,15.0,5.0,4.0,3.0,3.0,3.0,183.33333333333334,0.0,0.0,0.0,,
2005,1745.0,1.0,8.0,5.0,4.0,1.0,4.0,3.0,183.33333333333334,0.0,0.0,0.0,,
2005,1745.0,1.0,5.0,5.0,4.0,7.0,4.0,5.0,183.33333333333334,0.0,0.0,0.0,,
2005,1745.0,1.0,9.0,5.0,4.0,7.0,4.0,6.0,183.33333333333334,0.0,0.0,0.0,,
2005,1745.0,2.0,,5.0,4.0,7.0,4.0,5.0,183.33333333333334,0.0,0.0,0.0,,
2005,1433.0,2.0,72.0,2.0,2.0,6.0,3.0,7.0,11010.0,0.0,0.0,0.0,,
2005,1433.0,1.0,76.0,2.0,2.0,6.0,1.0,0.0,11010.0,3.0,2.0,15000.0,2.0,12.0
2005,1241.0,1.0,52.0,5.0,4.0,6.0,2.0,0.0,900.0,2.0,0.0,0.0,,
2005,1421.0,2.0,47.0,2.0,1.0,6.0,1.0,0.0,2425.0,3.0,2.0,1500.0,2.0,11.0
2005,1421.0,1.0,50.0,2.0,1.0,6.0,1.0,0.0,2425.0,3.0,1.0,1700.0,1.0,11.0
2005,1421.0,1.0,13.0,5.0,1.0,1.0,3.0,3.0,2425.0,0.0,0.0,0.0,,
2005,1421.0,2.0,8.0,5.0,1.0,1.0,4.0,3.0,2425.0,0.0,0.0,0.0,,
2005,1168.0,1.0,55.0,2.0,12.0,6.0,1.0,0.0,1175.0,3.0,1.0,3500.0,2.0,12.0
2005,1168.0,2.0,55.0,2.0,12.0,4.0,3.0,4.0,1175.0,0.0,0.0,0.0,,
2005,1168.0,2.0,19.0,5.0,12.0,5.0,3.0,3.0,1175.0,0.0,0.0,0.0,,
2005,1168.0,2.0,24.0,5.0,12.0,5.0,1.0,0.0,1175.0,3.0,2.0,400.0,2.0,9.0
2005,1258.0,1.0,84.0,2.0,1.0,4.0,3.0,1.0,476.6666666666667,0.0,0.0,0.0,,
2005,1258.0,2.0,83.0,2.0,1.0,4.0,3.0,4.0,476.6666666666667,0.0,0.0,0.0,,
2005,1258.0,2.0,44.0,5.0,1.0,6.0,1.0,0.0,476.6666666666667,3.0,1.0,630.0,1.0,11.0
2005,1199.0,2.0,32.0,1.0,1.0,5.0,1.0,0.0,833.3333333333334,3.0,1.0,1400.0,2.0,8.0
2005,1199.0,1.0,32.0,1.0,2.0,5.0,1.0,0.0,833.3333333333334,3.0,1.0,1100.0,2.0,7.0
2005,1199.0,2.0,,5.0,1.0,7.0,4.0,5.0,833.3333333333334,0.0,0.0,0.0,,
2005,1114.0,1.0,47.0,1.0,1.0,4.0,1.0,0.0,675.0,3.0,1.0,1100.0,2.0,12.0
2005,1114.0,2.0,37.0,1.0,1.0,4.0,1.0,0.0,675.0,3.0,2.0,250.0,2.0,4.0
2005,1438.0,1.0,45.0,2.0,2.0,6.0,2.0,0.0,346.75,2.0,0.0,0.0,,
2005,1438.0,2.0,45.0,2.0,2.0,6.0,1.0,0.0,346.75,3.0,1.0,987.0,2.0,
2005,1438.0,2.0,9.0,5.0,2.0,1.0,4.0,3.0,346.75,0.0,0.0,0.0,,
2005,1438.0,1.0,5.0,5.0,2.0,7.0,4.0,5.0,346.75,0.0,0.0,0.0,,
2005,1237.0,2.0,52.0,3.0,1.0,3.0,1.0,0.0,700.0,1.0,0.0,1000.0,2.0,3.0
2005,1237.0,2.0,26.0,5.0,1.0,5.0,1.0,0.0,700.0,3.0,1.0,1100.0,2.0,7.0
2005,1237.0,2.0,21.0,5.0,4.0,3.0,2.0,0.0,700.0,4.0,0.0,0.0,,
2005,1233.0,1.0,30.0,1.0,4.0,3.0,1.0,0.0,383.3333333333333,2.0,0.0,1000.0,2.0,1.0
2005,1233.0,2.0,26.0,1.0,4.0,2.0,1.0,0.0,383.3333333333333,3.0,2.0,0.0,1.0,
2005,1233.0,2.0,8.0,5.0,4.0,1.0,4.0,3.0,383.3333333333333,0.0,0.0,0.0,,
2005,1332.0,1.0,35.0,2.0,12.0,4.0,1.0,0.0,125.0,1.0,0.0,0.0,2.0,7.0
2005,1332.0,2.0,33.0,2.0,12.0,4.0,1.0,0.0,125.0,3.0,2.0,500.0,2.0,7.0
2005,1332.0,1.0,6.0,5.0,12.0,1.0,4.0,3.0,125.0,0.0,0.0,0.0,,
2005,1332.0,1.0,1.0,5.0,12.0,7.0,4.0,5.0,125.0,0.0,0.0,0.0,,
2005,1115.0,2.0,57.0,3.0,1.0,6.0,1.0,0.0,1912.5,3.0,1.0,1300.0,1.0,9.0
2005,1115.0,1.0,27.0,5.0,1.0,6.0,1.0,0.0,1912.5,3.0,1.0,500.0,1.0,
2005,1278.0,1.0,75.0,2.0,1.0,4.0,3.0,1.0,200.0,0.0,0.0,0.0,,
2005,1278.0,2.0,66.0,2.0,1.0,4.0,3.0,7.0,200.0,0.0,0.0,0.0,,
2005,1530.0,1.0,73.0,2.0,1.0,2.0,3.0,1.0,725.0,0.0,0.0,0.0,,
2005,1530.0,2.0,73.0,2.0,1.0,2.0,3.0,1.0,725.0,0.0,0.0,0.0,,
2005,1611.0,1.0,45.0,2.0,1.0,4.0,1.0,0.0,475.0,3.0,1.0,900.0,2.0,12.0
2005,1611.0,2.0,42.0,2.0,1.0,4.0,1.0,0.0,475.0,3.0,1.0,1000.0,2.0,12.0
2005,1611.0,2.0,14.0,5.0,1.0,3.0,3.0,3.0,475.0,0.0,0.0,0.0,,
2005,1611.0,2.0,13.0,5.0,1.0,3.0,3.0,3.0,475.0,0.0,0.0,0.0,,
2005,1262.0,1.0,38.0,2.0,1.0,6.0,1.0,0.0,1033.3333333333333,3.0,2.0,1900.0,1.0,12.0
2005,1262.0,2.0,33.0,2.0,1.0,6.0,1.0,0.0,1033.3333333333333,3.0,1.0,1200.0,1.0,10.0
2005,1262.0,2.0,1.0,5.0,1.0,7.0,4.0,5.0,1033.3333333333333,0.0,0.0,0.0,,
2005,1979.0,1.0,56.0,2.0,1.0,3.0,1.0,0.0,725.0,3.0,1.0,750.0,2.0,
2005,1979.0,2.0,53.0,2.0,1.0,3.0,3.0,4.0,725.0,0.0,0.0,0.0,,
2005,1979.0,2.0,30.0,5.0,1.0,4.0,1.0,0.0,725.0,3.0,1.0,1500.0,1.0,12.0
2005,1979.0,2.0,3.0,5.0,1.0,7.0,4.0,5.0,725.0,0.0,0.0,0.0,,
2005,875.0,1.0,50.0,2.0,2.0,6.0,1.0,0.0,547.1428571428571,2.0,0.0,1000.0,2.0,2.0
2005,875.0,2.0,51.0,2.0,2.0,4.0,1.0,0.0,547.1428571428571,2.0,0.0,800.0,2.0,2.0
2005,875.0,1.0,15.0,5.0,2.0,3.0,3.0,3.0,547.1428571428571,0.0,0.0,0.0,,
2005,875.0,2.0,45.0,4.0,1.0,3.0,1.0,0.0,547.1428571428571,3.0,1.0,800.0,2.0,5.0
2005,875.0,1.0,22.0,5.0,1.0,4.0,1.0,0.0,547.1428571428571,3.0,2.0,850.0,2.0,3.0
2005,875.0,2.0,18.0,5.0,1.0,3.0,3.0,3.0,547.1428571428571,0.0,0.0,0.0,,
2005,875.0,2.0,77.0,4.0,1.0,2.0,3.0,7.0,547.1428571428571,0.0,0.0,0.0,,
2005,1464.0,2.0,58.0,3.0,2.0,3.0,1.0,0.0,1100.0,2.0,0.0,800.0,2.0,1.0
2005,1160.0,1.0,62.0,2.0,1.0,5.0,1.0,0.0,4166.666666666667,3.0,1.0,4500.0,1.0,6.0
2005,1160.0,2.0,54.0,2.0,1.0,6.0,1.0,0.0,4166.666666666667,3.0,1.0,8000.0,1.0,4.0
2005,1160.0,2.0,17.0,5.0,1.0,3.0,3.0,3.0,4166.666666666667,0.0,0.0,0.0,,
2005,1206.0,1.0,63.0,2.0,4.0,3.0,1.0,0.0,500.0,1.0,0.0,2000.0,2.0,2.0
2005,1206.0,2.0,55.0,2.0,4.0,4.0,3.0,4.0,500.0,0.0,0.0,0.0,,
2005,1206.0,1.0,32.0,5.0,4.0,1.0,3.0,3.0,500.0,0.0,0.0,0.0,,
2005,1206.0,2.0,20.0,5.0,4.0,5.0,2.0,0.0,500.0,0.0,0.0,0.0,,
2005,1384.0,1.0,83.0,2.0,2.0,2.0,3.0,1.0,545.0,0.0,0.0,0.0,,
2005,1384.0,2.0,82.0,2.0,2.0,2.0,3.0,1.0,545.0,0.0,0.0,0.0,,
2005,1048.0,1.0,45.0,1.0,4.0,4.0,1.0,0.0,160.0,2.0,0.0,500.0,2.0,1.0
2005,1048.0,2.0,47.0,1.0,4.0,4.0,2.0,0.0,160.0,3.0,0.0,0.0,,
2005,1048.0,1.0,21.0,5.0,4.0,3.0,2.0,0.0,160.0,3.0,0.0,0.0,,
2005,1048.0,1.0,20.0,5.0,4.0,3.0,1.0,0.0,160.0,3.0,2.0,300.0,2.0,2.0
2005,1048.0,2.0,7.0,5.0,4.0,1.0,4.0,3.0,160.0,0.0,0.0,0.0,,
2005,1385.0,1.0,44.0,5.0,4.0,3.0,1.0,0.0,430.0,3.0,2.0,430.0,2.0,4.0
2005,972.0,1.0,46.0,5.0,4.0,5.0,1.0,0.0,660.0,3.0,2.0,200.0,2.0,1.0
2005,1452.0,1.0,58.0,2.0,2.0,2.0,1.0,0.0,333.3333333333333,2.0,0.0,1000.0,2.0,1.0
2005,1452.0,2.0,59.0,2.0,2.0,2.0,3.0,4.0,333.3333333333333,0.0,0.0,0.0,,
2005,1452.0,2.0,83.0,4.0,2.0,1.0,3.0,4.0,333.3333333333333,0.0,0.0,0.0,,
2005,1585.0,1.0,78.0,2.0,1.0,4.0,3.0,1.0,675.0,0.0,0.0,0.0,,
2005,1585.0,2.0,72.0,2.0,1.0,4.0,3.0,1.0,675.0,0.0,0.0,0.0,,
2005,1364.0,2.0,72.0,4.0,1.0,2.0,3.0,1.0,1831.5,0.0,0.0,0.0,,
2005,1364.0,2.0,41.0,5.0,1.0,6.0,1.0,0.0,1831.5,3.0,1.0,1600.0,1.0,
2005,1467.0,1.0,36.0,2.0,1.0,6.0,1.0,0.0,450.0,2.0,0.0,900.0,2.0,2.0
2005,1467.0,2.0,35.0,2.0,1.0,4.0,1.0,0.0,450.0,2.0,0.0,900.0,2.0,2.0
2005,1467.0,2.0,10.0,5.0,1.0,1.0,3.0,3.0,450.0,0.0,0.0,0.0,,
2005,1467.0,2.0,7.0,5.0,1.0,1.0,4.0,3.0,450.0,0.0,0.0,0.0,,
2005,1323.0,1.0,74.0,4.0,1.0,2.0,3.0,1.0,850.0,0.0,0.0,0.0,,
2005,1529.0,2.0,72.0,4.0,4.0,6.0,3.0,4.0,1100.0,0.0,0.0,0.0,,
2005,1269.0,2.0,46.0,3.0,1.0,5.0,1.0,0.0,640.0,3.0,1.0,1600.0,1.0,
2005,1269.0,1.0,84.0,4.0,1.0,2.0,3.0,1.0,640.0,0.0,0.0,0.0,,
2005,1269.0,1.0,19.0,5.0,1.0,5.0,3.0,3.0,640.0,0.0,0.0,0.0,,
2005,1165.0,2.0,56.0,3.0,1.0,6.0,1.0,0.0,1300.0,2.0,0.0,1300.0,2.0,1.0
2005,1409.0,1.0,75.0,2.0,1.0,4.0,1.0,0.0,1310.0,3.0,1.0,420.0,2.0,2.0
2005,1409.0,2.0,75.0,2.0,1.0,4.0,3.0,1.0,1310.0,0.0,0.0,0.0,,
2005,1007.0,2.0,58.0,4.0,1.0,5.0,1.0,0.0,1475.0,3.0,1.0,1000.0,1.0,
2005,1007.0,1.0,28.0,5.0,1.0,4.0,1.0,0.0,1475.0,3.0,1.0,2500.0,2.0,9.0
2005,1007.0,1.0,24.0,5.0,1.0,5.0,1.0,0.0,1475.0,3.0,1.0,800.0,1.0,
2005,1007.0,2.0,22.0,5.0,1.0,5.0,1.0,0.0,1475.0,3.0,2.0,900.0,1.0,9.0
2005,1349.0,2.0,82.0,4.0,2.0,4.0,3.0,2.0,162.0,0.0,0.0,0.0,,
2005,1251.0,2.0,50.0,3.0,2.0,6.0,1.0,0.0,2000.0,1.0,0.0,4000.0,2.0,
2005,1251.0,2.0,21.0,5.0,2.0,5.0,3.0,3.0,2000.0,0.0,0.0,0.0,,
2005,1170.0,2.0,65.0,4.0,1.0,5.0,1.0,0.0,3100.0,3.0,1.0,2400.0,2.0,
2005,1195.0,1.0,31.0,2.0,1.0,4.0,1.0,0.0,300.0,1.0,0.0,1200.0,2.0,6.0
2005,1195.0,2.0,26.0,2.0,1.0,4.0,3.0,4.0,300.0,0.0,0.0,0.0,,
2005,1195.0,1.0,9.0,5.0,1.0,1.0,4.0,3.0,300.0,0.0,0.0,0.0,,
2005,1195.0,1.0,2.0,5.0,1.0,7.0,4.0,5.0,300.0,0.0,0.0,0.0,,
2005,1195.0,1.0,32.0,1.0,4.0,2.0,1.0,0.0,166.66666666666666,3.0,2.0,300.0,2.0,6.0
2005,1195.0,2.0,26.0,1.0,4.0,2.0,1.0,0.0,166.66666666666666,3.0,2.0,200.0,2.0,6.0
2005,1195.0,2.0,6.0,5.0,4.0,1.0,4.0,3.0,166.66666666666666,0.0,0.0,0.0,,
2005,1195.0,1.0,21.0,1.0,4.0,5.0,1.0,0.0,275.0,3.0,2.0,300.0,2.0,6.0
2005,1195.0,2.0,19.0,1.0,4.0,4.0,1.0,0.0,275.0,3.0,2.0,250.0,2.0,6.0
2005,1262.0,2.0,71.0,4.0,1.0,6.0,3.0,1.0,3000.0,0.0,0.0,0.0,,
2005,1510.0,1.0,34.0,2.0,1.0,4.0,1.0,0.0,787.5,3.0,1.0,2150.0,2.0,8.0
2005,1510.0,2.0,30.0,2.0,1.0,4.0,3.0,4.0,787.5,0.0,0.0,0.0,,
2005,1510.0,1.0,7.0,5.0,1.0,1.0,4.0,3.0,787.5,0.0,0.0,0.0,,
2005,1510.0,1.0,3.0,5.0,1.0,7.0,4.0,5.0,787.5,0.0,0.0,0.0,,
2005,1559.0,1.0,72.0,2.0,1.0,2.0,1.0,0.0,570.0,2.0,0.0,300.0,2.0,2.0
2005,1559.0,2.0,73.0,2.0,1.0,2.0,3.0,1.0,570.0,0.0,0.0,0.0,,
2005,1536.0,1.0,67.0,2.0,1.0,2.0,3.0,1.0,566.6666666666666,0.0,0.0,0.0,,
2005,1536.0,2.0,69.0,2.0,1.0,3.0,3.0,4.0,566.6666666666666,0.0,0.0,0.0,,
2005,1536.0,2.0,32.0,3.0,1.0,4.0,1.0,0.0,566.6666666666666,3.0,1.0,1400.0,1.0,12.0
2005,1536.0,1.0,36.0,3.0,1.0,4.0,1.0,0.0,566.6666666666666,3.0,1.0,1400.0,1.0,12.0
2005,1536.0,1.0,6.0,5.0,1.0,1.0,4.0,3.0,566.6666666666666,0.0,0.0,0.0,,
2005,1536.0,1.0,4.0,5.0,1.0,7.0,4.0,5.0,566.6666666666666,0.0,0.0,0.0,,
2005,1415.0,1.0,30.0,2.0,1.0,5.0,1.0,0.0,400.0,3.0,1.0,800.0,1.0,8.0
2005,1415.0,2.0,32.0,2.0,1.0,5.0,1.0,0.0,400.0,3.0,1.0,800.0,1.0,8.0
2005,1415.0,2.0,5.0,5.0,1.0,7.0,4.0,5.0,400.0,0.0,0.0,0.0,,
2005,1415.0,2.0,3.0,5.0,1.0,7.0,4.0,5.0,400.0,0.0,0.0,0.0,,
2005,1284.0,1.0,80.0,2.0,1.0,1.0,1.0,0.0,1824.0,2.0,0.0,400.0,2.0,2.0
2005,1284.0,2.0,79.0,2.0,1.0,1.0,1.0,0.0,1824.0,2.0,0.0,2500.0,2.0,2.0
2005,1262.0,2.0,83.0,5.0,1.0,4.0,3.0,2.0,500.0,0.0,0.0,0.0,,
2005,1197.0,1.0,54.0,3.0,1.0,3.0,1.0,0.0,1675.0,3.0,1.0,1400.0,2.0,12.0
2005,1197.0,2.0,32.0,5.0,1.0,3.0,1.0,0.0,1675.0,3.0,1.0,780.0,2.0,5.0
2005,1068.0,1.0,47.0,1.0,1.0,4.0,1.0,0.0,1900.0,3.0,1.0,1500.0,2.0,11.0
2005,1068.0,2.0,36.0,1.0,1.0,5.0,1.0,0.0,1900.0,3.0,1.0,1300.0,2.0,11.0
2005,1450.0,1.0,36.0,1.0,1.0,4.0,1.0,0.0,250.0,3.0,1.0,1000.0,2.0,6.0
2005,1450.0,2.0,34.0,1.0,1.0,4.0,3.0,4.0,250.0,0.0,0.0,0.0,,
2005,1450.0,1.0,7.0,5.0,1.0,1.0,4.0,3.0,250.0,0.0,0.0,0.0,,
2005,1450.0,2.0,5.0,5.0,1.0,7.0,4.0,5.0,250.0,0.0,0.0,0.0,,
2005,731.0,2.0,31.0,5.0,1.0,6.0,1.0,0.0,1500.0,3.0,1.0,1500.0,2.0,9.0
2005,992.0,1.0,29.0,1.0,1.0,5.0,1.0,0.0,900.0,3.0,1.0,800.0,2.0,2.0
2005,992.0,2.0,25.0,1.0,1.0,3.0,1.0,0.0,900.0,3.0,2.0,1000.0,2.0,2.0
2005,560.0,1.0,49.0,2.0,1.0,6.0,1.0,0.0,1678.3333333333333,1.0,0.0,3000.0,2.0,2.0
2005,560.0,2.0,47.0,2.0,1.0,6.0,1.0,0.0,1678.3333333333333,3.0,1.0,5000.0,1.0,11.0
2005,560.0,2.0,21.0,5.0,1.0,5.0,1.0,0.0,1678.3333333333333,3.0,2.0,200.0,2.0,2.0
2005,560.0,2.0,18.0,5.0,1.0,5.0,3.0,3.0,1678.3333333333333,0.0,0.0,0.0,,
2005,560.0,2.0,17.0,5.0,1.0,3.0,3.0,3.0,1678.3333333333333,0.0,0.0,0.0,,
2005,560.0,2.0,15.0,5.0,1.0,3.0,3.0,3.0,1678.3333333333333,0.0,0.0,0.0,,
2005,1204.0,1.0,39.0,2.0,12.0,6.0,1.0,0.0,3225.0,2.0,0.0,8000.0,2.0,2.0
2005,1204.0,2.0,39.0,2.0,12.0,6.0,1.0,0.0,3225.0,3.0,1.0,2800.0,2.0,
2005,1204.0,2.0,19.0,5.0,12.0,5.0,3.0,3.0,3225.0,0.0,0.0,0.0,,
2005,1204.0,1.0,14.0,5.0,12.0,3.0,3.0,3.0,3225.0,0.0,0.0,0.0,,
2005,1556.0,1.0,74.0,2.0,1.0,5.0,3.0,1.0,416.6666666666667,0.0,0.0,0.0,,
2005,1556.0,2.0,66.0,2.0,1.0,3.0,3.0,4.0,416.6666666666667,0.0,0.0,0.0,,
2005,1556.0,2.0,91.0,4.0,1.0,2.0,3.0,1.0,416.6666666666667,0.0,0.0,0.0,,
2005,1132.0,1.0,41.0,2.0,12.0,5.0,1.0,0.0,1800.0,1.0,0.0,2000.0,2.0,6.0
2005,1132.0,2.0,40.0,2.0,12.0,6.0,1.0,0.0,1800.0,3.0,1.0,1000.0,1.0,11.0
2005,1287.0,1.0,70.0,2.0,2.0,4.0,3.0,1.0,130.0,0.0,0.0,0.0,,
2005,1287.0,2.0,63.0,2.0,2.0,4.0,3.0,4.0,130.0,0.0,0.0,0.0,,
2005,1287.0,2.0,25.0,5.0,2.0,6.0,1.0,0.0,130.0,3.0,2.0,0.0,1.0,12.0
2005,1203.0,1.0,49.0,2.0,4.0,3.0,1.0,0.0,133.33333333333334,3.0,2.0,400.0,2.0,2.0
2005,1203.0,2.0,52.0,2.0,4.0,4.0,3.0,4.0,133.33333333333334,0.0,0.0,0.0,,
2005,1203.0,1.0,18.0,5.0,4.0,3.0,3.0,3.0,133.33333333333334,0.0,0.0,0.0,,
2005,1050.0,2.0,80.0,4.0,1.0,3.0,3.0,1.0,675.0,0.0,0.0,0.0,,
2005,1050.0,2.0,21.0,5.0,1.0,4.0,1.0,0.0,675.0,3.0,2.0,1000.0,2.0,3.0
2005,1413.0,2.0,77.0,4.0,1.0,2.0,3.0,1.0,1079.0,0.0,0.0,0.0,,
2005,1413.0,1.0,57.0,5.0,4.0,4.0,1.0,0.0,1079.0,2.0,0.0,1500.0,2.0,1.0
2005,1055.0,2.0,24.0,5.0,1.0,5.0,1.0,0.0,1550.0,3.0,2.0,500.0,2.0,2.0
2005,1292.0,1.0,34.0,1.0,4.0,3.0,1.0,0.0,316.6666666666667,3.0,2.0,950.0,2.0,3.0
2005,1292.0,2.0,27.0,1.0,2.0,5.0,3.0,4.0,316.6666666666667,0.0,0.0,0.0,,
2005,1292.0,2.0,3.0,5.0,2.0,7.0,4.0,5.0,316.6666666666667,0.0,0.0,0.0,,
2005,847.0,1.0,61.0,2.0,1.0,6.0,1.0,0.0,1044.2857142857142,3.0,1.0,3000.0,1.0,
2005,847.0,2.0,57.0,2.0,1.0,6.0,1.0,0.0,1044.2857142857142,3.0,1.0,2500.0,2.0,
2005,847.0,1.0,29.0,5.0,1.0,6.0,1.0,0.0,1044.2857142857142,3.0,2.0,360.0,1.0,
2005,847.0,1.0,26.0,5.0,1.0,5.0,1.0,0.0,1044.2857142857142,3.0,1.0,300.0,2.0,
2005,847.0,2.0,23.0,5.0,1.0,5.0,1.0,0.0,1044.2857142857142,3.0,2.0,850.0,1.0,
2005,847.0,2.0,19.0,5.0,1.0,5.0,2.0,0.0,1044.2857142857142,3.0,0.0,0.0,,
2005,847.0,2.0,18.0,5.0,1.0,5.0,3.0,3.0,1044.2857142857142,0.0,0.0,0.0,,
2005,1033.0,2.0,36.0,3.0,1.0,4.0,1.0,0.0,1250.0,3.0,2.0,1000.0,2.0,6.0
2005,1307.0,2.0,89.0,4.0,1.0,5.0,3.0,1.0,2000.0,0.0,0.0,0.0,,
2005,1307.0,2.0,62.0,4.0,4.0,3.0,1.0,0.0,600.0,3.0,2.0,600.0,2.0,
2005,1236.0,2.0,35.0,5.0,1.0,6.0,1.0,0.0,1050.0,3.0,1.0,2100.0,2.0,11.0
2005,1236.0,1.0,9.0,5.0,1.0,1.0,4.0,3.0,1050.0,0.0,0.0,0.0,,
2005,879.0,1.0,55.0,2.0,2.0,5.0,1.0,0.0,150.0,1.0,0.0,0.0,2.0,6.0
2005,879.0,2.0,47.0,2.0,2.0,5.0,3.0,3.0,150.0,0.0,0.0,0.0,,
2005,879.0,2.0,21.0,5.0,2.0,5.0,1.0,0.0,150.0,3.0,2.0,600.0,2.0,6.0
2005,879.0,2.0,17.0,5.0,2.0,3.0,3.0,3.0,150.0,0.0,0.0,0.0,,
2005,1258.0,2.0,95.0,5.0,1.0,4.0,3.0,1.0,200.0,0.0,0.0,0.0,,
2005,1258.0,2.0,60.0,5.0,4.0,4.0,2.0,0.0,200.0,0.0,0.0,0.0,,
2005,1258.0,2.0,31.0,5.0,1.0,6.0,2.0,0.0,200.0,0.0,0.0,0.0,,
2005,1828.0,1.0,77.0,2.0,1.0,4.0,1.0,0.0,2654.0,1.0,0.0,5000.0,2.0,7.0
2005,1828.0,2.0,75.0,2.0,1.0,4.0,1.0,0.0,2654.0,3.0,2.0,0.0,2.0,9.0
2005,1224.0,1.0,61.0,2.0,1.0,2.0,1.0,0.0,801.0,3.0,1.0,1002.0,1.0,7.0
2005,1224.0,2.0,57.0,2.0,1.0,2.0,3.0,4.0,801.0,0.0,0.0,0.0,,
2005,1398.0,2.0,82.0,4.0,1.0,2.0,3.0,1.0,750.0,0.0,0.0,0.0,,
2005,1246.0,1.0,32.0,5.0,1.0,6.0,1.0,0.0,6800.0,1.0,0.0,6000.0,2.0,7.0
2005,1356.0,2.0,69.0,3.0,1.0,4.0,3.0,4.0,683.3333333333334,0.0,0.0,0.0,,
2005,1356.0,2.0,48.0,5.0,1.0,6.0,1.0,0.0,683.3333333333334,3.0,1.0,1000.0,1.0,10.0
2005,1356.0,2.0,43.0,5.0,1.0,6.0,1.0,0.0,683.3333333333334,2.0,0.0,300.0,2.0,1.0
2005,1742.0,1.0,74.0,2.0,1.0,2.0,3.0,1.0,200.0,0.0,0.0,0.0,,
2005,1742.0,2.0,72.0,2.0,1.0,2.0,3.0,4.0,200.0,0.0,0.0,0.0,,
2005,1270.0,1.0,31.0,2.0,1.0,4.0,1.0,0.0,933.3333333333334,3.0,1.0,1600.0,2.0,7.0
2005,1270.0,2.0,31.0,2.0,1.0,6.0,1.0,0.0,933.3333333333334,3.0,2.0,1200.0,2.0,2.0
2005,1270.0,1.0,1.0,5.0,1.0,7.0,4.0,5.0,933.3333333333334,0.0,0.0,0.0,,
2005,1280.0,1.0,44.0,3.0,1.0,4.0,1.0,0.0,960.0,3.0,1.0,960.0,2.0,1.0
2005,1440.0,1.0,70.0,2.0,1.0,1.0,3.0,1.0,562.5,0.0,0.0,0.0,,
2005,1440.0,2.0,70.0,2.0,1.0,1.0,3.0,1.0,562.5,0.0,0.0,0.0,,
2005,1278.0,1.0,55.0,3.0,4.0,2.0,1.0,0.0,450.0,3.0,2.0,600.0,2.0,6.0
2005,1278.0,1.0,26.0,5.0,4.0,2.0,1.0,0.0,450.0,3.0,2.0,300.0,2.0,2.0
2005,1278.0,2.0,38.0,3.0,1.0,6.0,1.0,0.0,375.0,3.0,1.0,775.0,2.0,11.0
2005,1278.0,1.0,15.0,5.0,1.0,3.0,3.0,3.0,375.0,0.0,0.0,0.0,,
2005,1278.0,2.0,10.0,5.0,1.0,1.0,3.0,3.0,375.0,0.0,0.0,0.0,,
2005,1101.0,1.0,64.0,2.0,1.0,3.0,1.0,0.0,580.0,3.0,1.0,760.0,1.0,10.0
2005,1101.0,2.0,58.0,2.0,1.0,5.0,3.0,1.0,580.0,0.0,0.0,0.0,,
2005,1101.0,1.0,25.0,5.0,4.0,5.0,1.0,0.0,580.0,3.0,2.0,750.0,2.0,7.0
2005,1101.0,1.0,19.0,5.0,1.0,3.0,2.0,0.0,580.0,0.0,0.0,0.0,,
2005,1138.0,1.0,49.0,1.0,2.0,4.0,1.0,0.0,1716.6666666666667,3.0,2.0,3800.0,2.0,6.0
2005,1138.0,2.0,28.0,1.0,1.0,4.0,1.0,0.0,1716.6666666666667,3.0,1.0,1250.0,1.0,12.0
2005,1138.0,1.0,4.0,5.0,12.0,7.0,4.0,5.0,1716.6666666666667,0.0,0.0,0.0,,
2005,811.0,1.0,49.0,2.0,1.0,3.0,1.0,0.0,1962.5,3.0,1.0,2600.0,1.0,12.0
2005,811.0,2.0,45.0,2.0,1.0,4.0,1.0,0.0,1962.5,3.0,1.0,2500.0,2.0,12.0
2005,811.0,2.0,21.0,5.0,1.0,6.0,1.0,0.0,1962.5,3.0,1.0,400.0,2.0,10.0
2005,811.0,1.0,19.0,5.0,1.0,5.0,3.0,3.0,1962.5,0.0,0.0,0.0,,
2005,1873.0,1.0,58.0,2.0,12.0,6.0,1.0,0.0,2495.0,3.0,1.0,4000.0,1.0,10.0
2005,1873.0,2.0,54.0,2.0,12.0,6.0,1.0,0.0,2495.0,3.0,1.0,300.0,2.0,2.0
2005,1117.0,2.0,46.0,3.0,1.0,4.0,1.0,0.0,1250.0,3.0,1.0,1500.0,2.0,10.0
2005,1117.0,2.0,23.0,5.0,2.0,6.0,1.0,0.0,1250.0,3.0,2.0,1000.0,1.0,9.0
2005,1158.0,1.0,56.0,2.0,2.0,5.0,1.0,0.0,1791.25,3.0,1.0,3000.0,2.0,5.0
2005,1158.0,2.0,61.0,2.0,2.0,3.0,1.0,0.0,1791.25,1.0,0.0,3000.0,2.0,6.0
2005,1158.0,2.0,28.0,5.0,2.0,6.0,1.0,0.0,1791.25,3.0,1.0,920.0,1.0,10.0
2005,1158.0,1.0,22.0,5.0,2.0,5.0,1.0,0.0,1791.25,3.0,2.0,125.0,2.0,6.0
2005,1264.0,1.0,52.0,2.0,2.0,6.0,1.0,0.0,1000.0,2.0,0.0,900.0,2.0,1.0
2005,1264.0,2.0,48.0,2.0,2.0,6.0,1.0,0.0,1000.0,2.0,0.0,2000.0,2.0,1.0
2005,1264.0,2.0,8.0,5.0,2.0,1.0,4.0,3.0,1000.0,0.0,0.0,0.0,,
2005,1474.0,1.0,41.0,2.0,1.0,3.0,1.0,0.0,483.3333333333333,3.0,1.0,2900.0,2.0,12.0
2005,1474.0,2.0,35.0,2.0,1.0,4.0,3.0,4.0,483.3333333333333,0.0,0.0,0.0,,
2005,1474.0,2.0,15.0,5.0,1.0,3.0,3.0,3.0,483.3333333333333,0.0,0.0,0.0,,
2005,1474.0,2.0,14.0,5.0,1.0,3.0,3.0,3.0,483.3333333333333,0.0,0.0,0.0,,
2005,1474.0,1.0,10.0,5.0,1.0,1.0,3.0,3.0,483.3333333333333,0.0,0.0,0.0,,
2005,1474.0,2.0,3.0,5.0,1.0,7.0,4.0,5.0,483.3333333333333,0.0,0.0,0.0,,
2005,1337.0,2.0,46.0,3.0,3.0,4.0,1.0,0.0,200.0,3.0,2.0,400.0,2.0,6.0
2005,1337.0,2.0,75.0,4.0,4.0,2.0,3.0,4.0,200.0,0.0,0.0,0.0,,
2005,1155.0,2.0,74.0,4.0,2.0,2.0,3.0,1.0,735.0,0.0,0.0,0.0,,
2005,1155.0,2.0,42.0,5.0,2.0,4.0,1.0,0.0,735.0,3.0,1.0,600.0,2.0,
2005,1399.0,2.0,82.0,4.0,1.0,4.0,3.0,1.0,614.0,0.0,0.0,0.0,,
2005,2049.0,2.0,70.0,4.0,2.0,2.0,1.0,0.0,900.0,3.0,2.0,100.0,2.0,
2005,1263.0,1.0,57.0,3.0,4.0,3.0,1.0,0.0,800.0,2.0,0.0,800.0,2.0,1.0
2005,1073.0,2.0,35.0,2.0,1.0,4.0,1.0,0.0,1300.0,1.0,0.0,700.0,2.0,2.0
2005,1073.0,1.0,31.0,2.0,1.0,5.0,1.0,0.0,1300.0,3.0,1.0,1200.0,2.0,8.0
2005,1221.0,2.0,27.0,5.0,1.0,5.0,1.0,0.0,750.0,3.0,1.0,750.0,2.0,6.0
2005,1290.0,1.0,33.0,2.0,1.0,5.0,1.0,0.0,682.5,3.0,1.0,1780.0,2.0,10.0
2005,1290.0,2.0,33.0,2.0,1.0,3.0,1.0,0.0,682.5,3.0,2.0,150.0,2.0,
2005,1290.0,1.0,11.0,5.0,1.0,1.0,3.0,3.0,682.5,0.0,0.0,0.0,,
2005,1290.0,1.0,4.0,5.0,1.0,7.0,4.0,5.0,682.5,0.0,0.0,0.0,,
2005,1095.0,2.0,69.0,4.0,1.0,6.0,3.0,1.0,600.0,0.0,0.0,0.0,,
2005,1172.0,1.0,45.0,2.0,1.0,5.0,1.0,0.0,2020.0,3.0,1.0,840.0,2.0,9.0
2005,1172.0,2.0,50.0,2.0,1.0,6.0,1.0,0.0,2020.0,3.0,1.0,1500.0,1.0,10.0
2005,1206.0,2.0,49.0,5.0,1.0,5.0,1.0,0.0,1500.0,3.0,1.0,1500.0,2.0,9.0
2005,1380.0,1.0,78.0,2.0,12.0,2.0,3.0,1.0,430.0,0.0,0.0,0.0,,
2005,1380.0,2.0,71.0,2.0,12.0,2.0,3.0,4.0,430.0,0.0,0.0,0.0,,
2005,982.0,1.0,28.0,5.0,1.0,6.0,1.0,0.0,2250.0,3.0,2.0,2000.0,2.0,8.0
2005,982.0,2.0,24.0,5.0,1.0,6.0,1.0,0.0,2250.0,2.0,0.0,2500.0,2.0,1.0
2005,1200.0,2.0,78.0,4.0,1.0,2.0,3.0,1.0,1364.5,0.0,0.0,0.0,,
2005,1200.0,2.0,47.0,5.0,1.0,6.0,1.0,0.0,1364.5,3.0,1.0,2200.0,2.0,
2005,1335.0,1.0,63.0,2.0,1.0,4.0,1.0,0.0,600.0,1.0,0.0,1200.0,2.0,6.0
2005,1335.0,2.0,60.0,2.0,1.0,4.0,3.0,4.0,600.0,0.0,0.0,0.0,,
2005,1542.0,1.0,51.0,2.0,4.0,4.0,2.0,0.0,237.5,3.0,0.0,0.0,,
2005,1542.0,2.0,53.0,2.0,1.0,3.0,1.0,0.0,237.5,2.0,0.0,800.0,2.0,2.0
2005,1542.0,1.0,22.0,5.0,1.0,1.0,3.0,3.0,237.5,0.0,0.0,0.0,,
2005,1542.0,2.0,14.0,5.0,1.0,3.0,3.0,3.0,237.5,0.0,0.0,0.0,,
2005,1825.0,1.0,36.0,2.0,2.0,6.0,1.0,0.0,1637.5,3.0,1.0,1750.0,2.0,11.0
2005,1825.0,2.0,35.0,2.0,2.0,6.0,1.0,0.0,1637.5,1.0,0.0,3000.0,2.0,2.0
2005,1825.0,2.0,4.0,5.0,2.0,7.0,4.0,5.0,1637.5,0.0,0.0,0.0,,
2005,1825.0,1.0,2.0,5.0,2.0,7.0,4.0,5.0,1637.5,0.0,0.0,0.0,,
2005,1395.0,1.0,39.0,2.0,4.0,2.0,1.0,0.0,500.0,1.0,0.0,2000.0,2.0,3.0
2005,1395.0,2.0,39.0,2.0,4.0,4.0,3.0,4.0,500.0,0.0,0.0,0.0,,
2005,1395.0,1.0,7.0,5.0,4.0,1.0,4.0,3.0,500.0,0.0,0.0,0.0,,
2005,1395.0,1.0,5.0,5.0,4.0,7.0,4.0,5.0,500.0,0.0,0.0,0.0,,
2005,1492.0,2.0,60.0,3.0,4.0,1.0,3.0,4.0,100.0,0.0,0.0,0.0,,
2005,1205.0,2.0,61.0,4.0,1.0,6.0,3.0,1.0,1060.0,0.0,0.0,0.0,,
2005,1392.0,1.0,67.0,2.0,2.0,3.0,3.0,1.0,902.0,0.0,0.0,0.0,,
2005,1392.0,2.0,65.0,2.0,2.0,3.0,3.0,1.0,902.0,0.0,0.0,0.0,,
2005,1220.0,1.0,33.0,2.0,4.0,3.0,1.0,0.0,466.6666666666667,2.0,0.0,1400.0,2.0,2.0
2005,1220.0,2.0,30.0,2.0,1.0,4.0,3.0,4.0,466.6666666666667,0.0,0.0,0.0,,
2005,1220.0,1.0,5.0,5.0,1.0,7.0,4.0,5.0,466.6666666666667,0.0,0.0,0.0,,
2005,1430.0,1.0,71.0,2.0,1.0,6.0,1.0,0.0,1750.0,1.0,0.0,2000.0,2.0,6.0
2005,1430.0,2.0,64.0,2.0,1.0,6.0,1.0,0.0,1750.0,1.0,0.0,1500.0,2.0,6.0
2005,1385.0,1.0,47.0,3.0,4.0,6.0,1.0,0.0,1500.0,2.0,0.0,1500.0,2.0,1.0
2005,1150.0,1.0,35.0,5.0,4.0,5.0,2.0,0.0,0.0,3.0,0.0,0.0,,
2005,1303.0,1.0,36.0,1.0,4.0,4.0,1.0,0.0,150.0,3.0,2.0,900.0,2.0,
2005,1303.0,2.0,38.0,1.0,4.0,3.0,3.0,4.0,150.0,0.0,0.0,0.0,,
2005,1303.0,2.0,20.0,5.0,4.0,3.0,3.0,7.0,150.0,0.0,0.0,0.0,,
2005,1303.0,1.0,13.0,5.0,4.0,3.0,3.0,3.0,150.0,0.0,0.0,0.0,,
2005,1303.0,1.0,6.0,5.0,4.0,1.0,4.0,3.0,150.0,0.0,0.0,0.0,,
2005,1303.0,1.0,1.0,5.0,4.0,7.0,4.0,5.0,150.0,0.0,0.0,0.0,,
2005,1304.0,1.0,53.0,1.0,2.0,4.0,1.0,0.0,3500.0,3.0,1.0,1700.0,2.0,
2005,1304.0,2.0,37.0,1.0,2.0,6.0,1.0,0.0,3500.0,3.0,1.0,3000.0,2.0,11.0
2005,1301.0,2.0,63.0,5.0,1.0,6.0,3.0,1.0,1050.0,0.0,0.0,0.0,,
2005,1295.0,2.0,65.0,4.0,1.0,6.0,1.0,0.0,1130.0,2.0,0.0,400.0,2.0,1.0
2005,1096.0,2.0,43.0,1.0,1.0,5.0,1.0,0.0,2250.0,3.0,1.0,1500.0,1.0,11.0
2005,1096.0,1.0,41.0,1.0,1.0,6.0,1.0,0.0,2250.0,3.0,1.0,3000.0,2.0,7.0
2005,1252.0,1.0,46.0,5.0,1.0,4.0,3.0,2.0,700.0,0.0,0.0,0.0,,
2005,1492.0,2.0,36.0,5.0,4.0,5.0,1.0,0.0,539.5,3.0,1.0,1500.0,2.0,7.0
2005,1492.0,2.0,67.0,4.0,1.0,2.0,1.0,0.0,539.5,3.0,2.0,200.0,2.0,
2005,1492.0,1.0,12.0,5.0,4.0,1.0,3.0,3.0,539.5,0.0,0.0,0.0,,
2005,1492.0,1.0,12.0,5.0,4.0,1.0,3.0,3.0,539.5,0.0,0.0,0.0,,
2005,1687.0,1.0,37.0,5.0,4.0,5.0,3.0,2.0,950.0,0.0,0.0,0.0,,
2005,1836.0,2.0,35.0,3.0,1.0,3.0,3.0,1.0,114.28571428571429,0.0,0.0,0.0,,
2005,1836.0,1.0,14.0,5.0,1.0,3.0,3.0,3.0,114.28571428571429,0.0,0.0,0.0,,
2005,1836.0,2.0,11.0,5.0,1.0,1.0,3.0,3.0,114.28571428571429,0.0,0.0,0.0,,
2005,1836.0,2.0,10.0,5.0,1.0,1.0,3.0,3.0,114.28571428571429,0.0,0.0,0.0,,
2005,1836.0,2.0,4.0,5.0,1.0,7.0,4.0,5.0,114.28571428571429,0.0,0.0,0.0,,
2005,1836.0,2.0,2.0,5.0,1.0,7.0,4.0,5.0,114.28571428571429,0.0,0.0,0.0,,
2005,1836.0,2.0,81.0,4.0,1.0,7.0,3.0,1.0,114.28571428571429,0.0,0.0,0.0,,
2005,1354.0,1.0,37.0,1.0,1.0,3.0,1.0,0.0,500.0,2.0,0.0,1000.0,2.0,1.0
2005,1354.0,2.0,33.0,1.0,1.0,3.0,1.0,0.0,500.0,3.0,1.0,700.0,2.0,
2005,1354.0,1.0,10.0,5.0,1.0,1.0,3.0,3.0,500.0,0.0,0.0,0.0,,
2005,1354.0,2.0,4.0,5.0,1.0,7.0,4.0,5.0,500.0,0.0,0.0,0.0,,
2005,600.0,2.0,42.0,1.0,4.0,5.0,3.0,7.0,587.5,0.0,0.0,0.0,,
2005,600.0,1.0,18.0,5.0,1.0,3.0,3.0,3.0,587.5,0.0,0.0,0.0,,
2005,600.0,1.0,23.0,5.0,1.0,5.0,1.0,0.0,587.5,3.0,2.0,1300.0,2.0,
2005,600.0,1.0,33.0,1.0,1.0,6.0,1.0,0.0,587.5,3.0,1.0,1050.0,2.0,11.0
2005,1093.0,1.0,53.0,1.0,1.0,3.0,1.0,0.0,400.0,2.0,0.0,1200.0,2.0,1.0
2005,1093.0,2.0,54.0,1.0,1.0,2.0,3.0,4.0,400.0,0.0,0.0,0.0,,
2005,1093.0,2.0,15.0,5.0,1.0,3.0,3.0,3.0,400.0,0.0,0.0,0.0,,
2005,1104.0,1.0,44.0,1.0,1.0,4.0,1.0,0.0,1350.0,3.0,1.0,1500.0,1.0,9.0
2005,1104.0,2.0,33.0,1.0,1.0,6.0,1.0,0.0,1350.0,3.0,1.0,1200.0,1.0,7.0
2005,1165.0,1.0,61.0,2.0,1.0,6.0,1.0,0.0,916.6666666666666,3.0,1.0,1800.0,1.0,12.0
2005,1165.0,2.0,54.0,2.0,1.0,4.0,3.0,1.0,916.6666666666666,0.0,0.0,0.0,,
2005,1165.0,1.0,26.0,5.0,1.0,4.0,1.0,0.0,916.6666666666666,3.0,1.0,400.0,1.0,12.0
2005,1298.0,2.0,81.0,4.0,12.0,4.0,3.0,1.0,741.0,0.0,0.0,0.0,,
2005,1298.0,2.0,53.0,4.0,12.0,4.0,1.0,0.0,741.0,3.0,1.0,870.0,2.0,
2005,1223.0,1.0,29.0,5.0,1.0,5.0,1.0,0.0,1880.0,3.0,1.0,1400.0,2.0,6.0
2005,1541.0,2.0,39.0,3.0,1.0,4.0,1.0,0.0,1003.0,3.0,1.0,1000.0,2.0,
2005,1541.0,2.0,67.0,4.0,1.0,2.0,3.0,1.0,1003.0,0.0,0.0,0.0,,
2005,1164.0,2.0,50.0,3.0,1.0,4.0,1.0,0.0,2370.0,3.0,1.0,1650.0,1.0,11.0
2005,1405.0,1.0,55.0,2.0,1.0,3.0,1.0,0.0,312.5,3.0,1.0,750.0,2.0,
2005,1405.0,2.0,36.0,2.0,1.0,4.0,3.0,4.0,312.5,0.0,0.0,0.0,,
2005,1405.0,2.0,80.0,4.0,1.0,2.0,3.0,1.0,312.5,0.0,0.0,0.0,,
2005,1405.0,2.0,57.0,3.0,4.0,2.0,3.0,4.0,312.5,0.0,0.0,0.0,,
2005,1288.0,1.0,33.0,1.0,4.0,6.0,1.0,0.0,1075.0,2.0,0.0,350.0,2.0,1.0
2005,1288.0,2.0,31.0,1.0,4.0,6.0,1.0,0.0,1075.0,3.0,2.0,1800.0,1.0,9.0
2005,1031.0,2.0,24.0,5.0,4.0,3.0,1.0,0.0,350.0,3.0,2.0,500.0,2.0,
2005,1031.0,2.0,24.0,5.0,4.0,5.0,2.0,0.0,350.0,3.0,0.0,0.0,,
2005,1207.0,2.0,61.0,3.0,2.0,2.0,3.0,2.0,700.0,0.0,0.0,0.0,,
2005,1207.0,2.0,33.0,5.0,2.0,6.0,1.0,0.0,700.0,1.0,0.0,1000.0,2.0,3.0
2005,1406.0,1.0,67.0,2.0,1.0,2.0,3.0,1.0,217.5,0.0,0.0,0.0,,
2005,1406.0,2.0,66.0,2.0,1.0,4.0,3.0,4.0,217.5,0.0,0.0,0.0,,
2005,1265.0,2.0,70.0,4.0,1.0,2.0,3.0,1.0,490.0,0.0,0.0,0.0,,
2005,1231.0,1.0,28.0,1.0,1.0,4.0,1.0,0.0,400.0,2.0,0.0,600.0,2.0,1.0
2005,1231.0,2.0,26.0,1.0,4.0,3.0,3.0,4.0,400.0,0.0,0.0,0.0,,
2005,1231.0,1.0,1.0,5.0,1.0,7.0,4.0,5.0,400.0,0.0,0.0,0.0,,
2005,1075.0,2.0,29.0,5.0,2.0,6.0,1.0,0.0,3600.0,3.0,1.0,2500.0,2.0,12.0
2005,1317.0,2.0,74.0,4.0,1.0,2.0,3.0,1.0,525.0,0.0,0.0,0.0,,
2005,1175.0,1.0,56.0,2.0,1.0,3.0,1.0,0.0,733.3333333333334,2.0,0.0,1000.0,2.0,1.0
2005,1175.0,2.0,52.0,2.0,1.0,2.0,3.0,4.0,733.3333333333334,0.0,0.0,0.0,,
2005,1175.0,1.0,33.0,5.0,1.0,5.0,1.0,0.0,733.3333333333334,3.0,1.0,1200.0,1.0,10.0
2005,1144.0,2.0,55.0,3.0,2.0,2.0,1.0,0.0,550.0,2.0,0.0,600.0,2.0,1.0
2005,1144.0,1.0,26.0,5.0,4.0,3.0,2.0,0.0,550.0,2.0,0.0,0.0,,
2005,1429.0,1.0,47.0,1.0,1.0,6.0,1.0,0.0,1333.3333333333333,3.0,1.0,2500.0,1.0,12.0
2005,1429.0,2.0,49.0,1.0,1.0,6.0,1.0,0.0,1333.3333333333333,3.0,1.0,1500.0,1.0,11.0
2005,1429.0,2.0,9.0,5.0,1.0,1.0,4.0,3.0,1333.3333333333333,0.0,0.0,0.0,,
2005,1136.0,2.0,34.0,5.0,4.0,6.0,1.0,0.0,1200.0,3.0,2.0,1200.0,2.0,8.0
2005,1436.0,1.0,56.0,2.0,1.0,3.0,1.0,0.0,516.6666666666666,3.0,1.0,1000.0,2.0,1.0
2005,1436.0,2.0,55.0,2.0,1.0,2.0,1.0,0.0,516.6666666666666,3.0,2.0,50.0,2.0,12.0
2005,1436.0,2.0,19.0,5.0,1.0,3.0,3.0,3.0,516.6666666666666,0.0,0.0,0.0,,
2005,1203.0,1.0,45.0,2.0,2.0,6.0,1.0,0.0,2033.3333333333333,3.0,2.0,2500.0,2.0,10.0
2005,1203.0,2.0,43.0,2.0,2.0,6.0,1.0,0.0,2033.3333333333333,3.0,1.0,1800.0,2.0,9.0
2005,1203.0,1.0,7.0,5.0,2.0,1.0,4.0,3.0,2033.3333333333333,0.0,0.0,0.0,,
2005,1309.0,2.0,81.0,5.0,1.0,3.0,3.0,1.0,530.0,0.0,0.0,0.0,,
2005,1465.0,2.0,92.0,4.0,1.0,2.0,3.0,1.0,300.0,0.0,0.0,0.0,,
2005,1946.0,1.0,31.0,2.0,3.0,6.0,1.0,0.0,333.3333333333333,3.0,1.0,1000.0,2.0,
2005,1946.0,2.0,31.0,2.0,3.0,6.0,3.0,4.0,333.3333333333333,0.0,0.0,0.0,,
2005,1946.0,1.0,1.0,5.0,3.0,7.0,4.0,5.0,333.3333333333333,0.0,0.0,0.0,,
2005,1763.0,1.0,42.0,2.0,1.0,6.0,1.0,0.0,1375.0,3.0,1.0,1500.0,2.0,9.0
2005,1763.0,2.0,41.0,2.0,1.0,6.0,1.0,0.0,1375.0,1.0,0.0,3000.0,2.0,3.0
2005,1763.0,1.0,16.0,5.0,1.0,3.0,3.0,3.0,1375.0,0.0,0.0,0.0,,
2005,1763.0,2.0,9.0,5.0,1.0,1.0,4.0,3.0,1375.0,0.0,0.0,0.0,,
2005,1162.0,1.0,54.0,2.0,1.0,6.0,2.0,0.0,825.0,3.0,0.0,0.0,,
2005,1162.0,2.0,48.0,2.0,1.0,4.0,1.0,0.0,825.0,3.0,1.0,1800.0,1.0,10.0
2005,1162.0,2.0,16.0,5.0,1.0,3.0,3.0,3.0,825.0,0.0,0.0,0.0,,
2005,1162.0,2.0,11.0,5.0,1.0,1.0,3.0,3.0,825.0,0.0,0.0,0.0,,
2005,1076.0,1.0,52.0,2.0,1.0,4.0,1.0,0.0,483.3333333333333,2.0,0.0,2000.0,2.0,2.0
2005,1076.0,2.0,45.0,2.0,1.0,6.0,1.0,0.0,483.3333333333333,4.0,0.0,0.0,2.0,2.0
2005,1076.0,2.0,21.0,5.0,1.0,5.0,3.0,3.0,483.3333333333333,0.0,0.0,0.0,,
2005,1076.0,2.0,18.0,5.0,1.0,5.0,3.0,3.0,483.3333333333333,0.0,0.0,0.0,,
2005,1076.0,2.0,17.0,5.0,1.0,3.0,3.0,3.0,483.3333333333333,0.0,0.0,0.0,,
2005,1076.0,2.0,14.0,5.0,1.0,3.0,3.0,3.0,483.3333333333333,0.0,0.0,0.0,,
2005,1522.0,2.0,45.0,3.0,1.0,6.0,1.0,0.0,950.0,3.0,2.0,1000.0,1.0,9.0
2005,1522.0,2.0,11.0,5.0,1.0,1.0,3.0,3.0,950.0,0.0,0.0,0.0,,
2005,857.0,1.0,63.0,2.0,1.0,6.0,1.0,0.0,1366.6666666666667,3.0,1.0,1400.0,2.0,
2005,857.0,2.0,35.0,5.0,1.0,6.0,1.0,0.0,1366.6666666666667,3.0,1.0,1100.0,2.0,
2005,857.0,1.0,25.0,5.0,1.0,6.0,1.0,0.0,1366.6666666666667,3.0,1.0,1300.0,1.0,11.0
2005,1240.0,1.0,48.0,2.0,1.0,6.0,1.0,0.0,900.0,3.0,1.0,2500.0,2.0,5.0
2005,1240.0,2.0,45.0,2.0,2.0,6.0,2.0,0.0,900.0,0.0,0.0,0.0,,
2005,1240.0,1.0,18.0,5.0,2.0,5.0,3.0,3.0,900.0,0.0,0.0,0.0,,
2005,1240.0,2.0,16.0,5.0,2.0,3.0,3.0,3.0,900.0,0.0,0.0,0.0,,
2005,1240.0,2.0,8.0,5.0,2.0,1.0,4.0,3.0,900.0,0.0,0.0,0.0,,
2005,1290.0,1.0,70.0,2.0,1.0,2.0,3.0,1.0,400.0,0.0,0.0,0.0,,
2005,1290.0,2.0,66.0,2.0,1.0,4.0,3.0,4.0,400.0,0.0,0.0,0.0,,
2005,1450.0,1.0,39.0,2.0,2.0,6.0,1.0,0.0,700.0,3.0,1.0,1500.0,2.0,
2005,1450.0,2.0,38.0,2.0,2.0,6.0,1.0,0.0,700.0,3.0,1.0,800.0,2.0,8.0
2005,1450.0,1.0,6.0,5.0,2.0,1.0,4.0,3.0,700.0,0.0,0.0,0.0,,
2005,1450.0,2.0,1.0,5.0,2.0,7.0,4.0,5.0,700.0,0.0,0.0,0.0,,
2005,1035.0,1.0,37.0,2.0,2.0,6.0,1.0,0.0,1700.0,3.0,1.0,2100.0,2.0,12.0
2005,1035.0,2.0,34.0,2.0,2.0,6.0,1.0,0.0,1700.0,3.0,1.0,1300.0,2.0,7.0
2005,1148.0,2.0,27.0,5.0,1.0,6.0,1.0,0.0,1400.0,3.0,1.0,700.0,1.0,8.0
2005,1379.0,1.0,60.0,2.0,1.0,6.0,1.0,0.0,425.0,1.0,0.0,700.0,2.0,
2005,1379.0,2.0,59.0,2.0,1.0,6.0,3.0,4.0,425.0,0.0,0.0,0.0,,
2005,1379.0,2.0,31.0,5.0,1.0,6.0,1.0,0.0,425.0,3.0,2.0,0.0,1.0,11.0
2005,1379.0,2.0,27.0,5.0,1.0,6.0,1.0,0.0,425.0,3.0,2.0,1000.0,2.0,6.0
2005,1457.0,2.0,52.0,3.0,12.0,5.0,2.0,0.0,50.0,3.0,0.0,0.0,,
2005,1128.0,1.0,49.0,2.0,1.0,2.0,1.0,0.0,1050.0,3.0,1.0,1100.0,2.0,1.0
2005,1128.0,2.0,45.0,2.0,1.0,2.0,1.0,0.0,1050.0,3.0,1.0,1000.0,2.0,5.0
2005,1055.0,2.0,25.0,5.0,1.0,6.0,1.0,0.0,3200.0,3.0,1.0,2700.0,2.0,12.0
2005,969.0,1.0,38.0,1.0,1.0,5.0,1.0,0.0,600.0,3.0,1.0,1200.0,2.0,12.0
2005,969.0,2.0,35.0,1.0,1.0,5.0,3.0,4.0,600.0,0.0,0.0,0.0,,
2005,1127.0,1.0,34.0,2.0,1.0,5.0,1.0,0.0,893.3333333333334,3.0,1.0,1300.0,2.0,10.0
2005,1127.0,2.0,33.0,2.0,1.0,4.0,1.0,0.0,893.3333333333334,3.0,1.0,1380.0,2.0,12.0
2005,1127.0,1.0,2.0,5.0,1.0,7.0,4.0,5.0,893.3333333333334,0.0,0.0,0.0,,
2005,1067.0,2.0,41.0,3.0,1.0,4.0,1.0,0.0,950.0,3.0,1.0,750.0,2.0,5.0
2005,1067.0,2.0,65.0,4.0,1.0,2.0,1.0,0.0,950.0,3.0,1.0,650.0,1.0,11.0
2005,1067.0,1.0,15.0,5.0,1.0,3.0,3.0,3.0,950.0,0.0,0.0,0.0,,
2005,1067.0,1.0,25.0,5.0,1.0,6.0,1.0,0.0,950.0,3.0,1.0,1300.0,2.0,3.0
2005,1286.0,1.0,50.0,2.0,1.0,6.0,1.0,0.0,750.0,2.0,0.0,3000.0,2.0,1.0
2005,1286.0,2.0,44.0,2.0,1.0,6.0,3.0,4.0,750.0,0.0,0.0,0.0,,
2005,1286.0,2.0,10.0,5.0,1.0,1.0,3.0,3.0,750.0,0.0,0.0,0.0,,
2005,1286.0,1.0,8.0,5.0,1.0,1.0,4.0,3.0,750.0,0.0,0.0,0.0,,
2005,1054.0,2.0,47.0,3.0,1.0,4.0,2.0,0.0,453.3333333333333,0.0,0.0,0.0,,
2005,1054.0,1.0,21.0,5.0,1.0,5.0,1.0,0.0,453.3333333333333,3.0,2.0,650.0,2.0,
2005,1054.0,1.0,19.0,5.0,1.0,5.0,3.0,3.0,453.3333333333333,0.0,0.0,0.0,,
2005,1062.0,1.0,51.0,2.0,1.0,4.0,1.0,0.0,431.25,3.0,1.0,350.0,2.0,5.0
2005,1062.0,2.0,50.0,2.0,1.0,6.0,3.0,4.0,431.25,0.0,0.0,0.0,,
2005,1062.0,1.0,25.0,5.0,4.0,3.0,1.0,0.0,431.25,3.0,1.0,400.0,2.0,7.0
2005,1062.0,1.0,20.0,5.0,1.0,4.0,1.0,0.0,431.25,3.0,2.0,800.0,2.0,6.0
2005,1321.0,2.0,60.0,4.0,1.0,6.0,2.0,0.0,850.0,3.0,0.0,0.0,,
2005,1268.0,2.0,67.0,5.0,1.0,4.0,3.0,1.0,851.0,0.0,0.0,0.0,,
2005,1465.0,1.0,64.0,2.0,1.0,4.0,1.0,0.0,1500.0,1.0,0.0,3000.0,2.0,8.0
2005,1465.0,2.0,53.0,2.0,1.0,6.0,1.0,0.0,1500.0,2.0,0.0,2000.0,2.0,1.0
2005,1465.0,1.0,31.0,5.0,1.0,5.0,1.0,0.0,1500.0,3.0,1.0,1000.0,2.0,3.0
2005,1465.0,2.0,31.0,5.0,1.0,6.0,2.0,0.0,1500.0,3.0,0.0,0.0,,
2005,1529.0,2.0,74.0,3.0,4.0,2.0,3.0,1.0,1130.0,0.0,0.0,0.0,,
2005,1463.0,1.0,78.0,2.0,1.0,4.0,3.0,1.0,159.0,0.0,0.0,0.0,,
2005,1463.0,2.0,70.0,2.0,1.0,1.0,3.0,4.0,159.0,0.0,0.0,0.0,,
2005,1130.0,2.0,35.0,5.0,4.0,6.0,1.0,0.0,500.0,3.0,1.0,500.0,1.0,8.0
2005,809.0,1.0,47.0,2.0,4.0,6.0,1.0,0.0,652.5,3.0,2.0,2000.0,2.0,6.0
2005,809.0,2.0,45.0,2.0,4.0,3.0,3.0,4.0,652.5,0.0,0.0,0.0,,
2005,809.0,2.0,21.0,5.0,4.0,5.0,1.0,0.0,652.5,2.0,0.0,200.0,2.0,1.0
2005,809.0,2.0,15.0,5.0,4.0,3.0,3.0,3.0,652.5,0.0,0.0,0.0,,
2005,1333.0,2.0,25.0,5.0,2.0,5.0,1.0,0.0,750.0,3.0,2.0,100.0,2.0,
2005,1333.0,2.0,24.0,5.0,2.0,5.0,3.0,3.0,750.0,0.0,0.0,0.0,,
2005,1321.0,2.0,84.0,4.0,1.0,1.0,3.0,1.0,385.0,0.0,0.0,0.0,,
2005,1321.0,1.0,55.0,5.0,4.0,4.0,2.0,0.0,385.0,0.0,0.0,0.0,,
2005,836.0,2.0,44.0,2.0,4.0,1.0,3.0,4.0,166.66666666666666,0.0,0.0,0.0,,
2005,836.0,1.0,20.0,5.0,4.0,5.0,1.0,0.0,166.66666666666666,3.0,2.0,800.0,2.0,4.0
2005,836.0,1.0,18.0,5.0,4.0,3.0,3.0,3.0,166.66666666666666,0.0,0.0,0.0,,
2005,836.0,2.0,21.0,5.0,4.0,3.0,3.0,3.0,166.66666666666666,0.0,0.0,0.0,,
2005,836.0,1.0,17.0,5.0,4.0,3.0,3.0,3.0,166.66666666666666,0.0,0.0,0.0,,
2005,836.0,1.0,15.0,5.0,4.0,3.0,3.0,3.0,166.66666666666666,0.0,0.0,0.0,,
2005,1407.0,1.0,73.0,2.0,1.0,2.0,3.0,1.0,285.0,0.0,0.0,0.0,,
2005,1407.0,2.0,73.0,2.0,1.0,1.0,3.0,4.0,285.0,0.0,0.0,0.0,,
2005,1300.0,1.0,66.0,2.0,2.0,4.0,1.0,0.0,1666.6666666666667,1.0,0.0,5000.0,2.0,6.0
2005,1300.0,2.0,57.0,2.0,2.0,4.0,3.0,4.0,1666.6666666666667,0.0,0.0,0.0,,
2005,1300.0,2.0,28.0,5.0,2.0,7.0,3.0,6.0,1666.6666666666667,0.0,0.0,0.0,,
2005,1417.0,1.0,69.0,1.0,3.0,5.0,1.0,0.0,900.0,3.0,2.0,1800.0,2.0,4.0
2005,1417.0,2.0,55.0,1.0,3.0,6.0,1.0,0.0,900.0,3.0,2.0,0.0,2.0,
2005,840.0,1.0,52.0,2.0,1.0,6.0,1.0,0.0,216.66666666666666,3.0,1.0,1300.0,,
2005,840.0,2.0,48.0,2.0,1.0,4.0,3.0,4.0,216.66666666666666,0.0,0.0,0.0,,
2005,840.0,1.0,27.0,5.0,1.0,5.0,3.0,3.0,216.66666666666666,0.0,0.0,0.0,,
2005,840.0,2.0,25.0,5.0,1.0,6.0,3.0,7.0,216.66666666666666,0.0,0.0,0.0,,
2005,840.0,2.0,19.0,5.0,1.0,5.0,3.0,3.0,216.66666666666666,0.0,0.0,0.0,,
2005,840.0,1.0,16.0,5.0,1.0,3.0,3.0,3.0,216.66666666666666,0.0,0.0,0.0,,
2005,1428.0,1.0,37.0,2.0,1.0,6.0,1.0,0.0,360.0,1.0,0.0,1800.0,2.0,4.0
2005,1428.0,2.0,37.0,2.0,1.0,6.0,3.0,4.0,360.0,0.0,0.0,0.0,,
2005,1428.0,1.0,8.0,5.0,1.0,1.0,4.0,3.0,360.0,0.0,0.0,0.0,,
2005,1428.0,2.0,7.0,5.0,1.0,1.0,4.0,3.0,360.0,0.0,0.0,0.0,,
2005,1428.0,1.0,1.0,5.0,1.0,7.0,4.0,5.0,360.0,0.0,0.0,0.0,,
2005,1282.0,2.0,81.0,4.0,1.0,4.0,3.0,1.0,375.0,0.0,0.0,0.0,,
2005,1282.0,1.0,56.0,2.0,1.0,4.0,1.0,0.0,375.0,3.0,1.0,650.0,2.0,12.0
2005,1282.0,1.0,50.0,2.0,1.0,4.0,1.0,0.0,375.0,3.0,2.0,160.0,2.0,
2005,1282.0,2.0,17.0,5.0,1.0,3.0,3.0,3.0,375.0,0.0,0.0,0.0,,
2005,1057.0,1.0,32.0,2.0,1.0,6.0,1.0,0.0,1566.6666666666667,3.0,1.0,1200.0,2.0,12.0
2005,1057.0,2.0,31.0,2.0,1.0,6.0,1.0,0.0,1566.6666666666667,3.0,2.0,800.0,2.0,8.0
2005,1057.0,2.0,4.0,5.0,1.0,7.0,4.0,5.0,1566.6666666666667,0.0,0.0,0.0,,
2005,1331.0,1.0,81.0,4.0,1.0,2.0,3.0,1.0,2500.0,0.0,0.0,0.0,,
2005,1076.0,1.0,46.0,3.0,4.0,4.0,1.0,0.0,600.0,3.0,2.0,600.0,2.0,3.0
2005,1280.0,1.0,52.0,2.0,1.0,1.0,1.0,0.0,725.0,3.0,1.0,900.0,2.0,1.0
2005,1280.0,2.0,58.0,2.0,1.0,1.0,1.0,0.0,725.0,3.0,2.0,200.0,2.0,
2005,1343.0,1.0,33.0,2.0,1.0,6.0,1.0,0.0,600.0,3.0,1.0,900.0,2.0,
2005,1343.0,2.0,33.0,2.0,1.0,5.0,1.0,0.0,600.0,3.0,1.0,900.0,1.0,11.0
2005,1343.0,2.0,2.0,5.0,1.0,7.0,4.0,5.0,600.0,0.0,0.0,0.0,,
2005,1210.0,2.0,54.0,5.0,1.0,6.0,1.0,0.0,4000.0,2.0,0.0,2500.0,2.0,2.0
2005,2839.0,1.0,54.0,3.0,4.0,3.0,1.0,0.0,162.0,3.0,2.0,144.0,2.0,
2005,2839.0,1.0,14.0,5.0,4.0,3.0,3.0,3.0,162.0,0.0,0.0,0.0,,
2005,1152.0,2.0,69.0,4.0,1.0,3.0,1.0,0.0,1500.0,3.0,2.0,0.0,2.0,
2005,1152.0,1.0,31.0,5.0,1.0,6.0,1.0,0.0,1500.0,3.0,1.0,2000.0,2.0,
2005,1236.0,1.0,28.0,2.0,1.0,6.0,1.0,0.0,1495.0,3.0,1.0,840.0,2.0,11.0
2005,1236.0,2.0,29.0,2.0,1.0,5.0,1.0,0.0,1495.0,3.0,1.0,900.0,2.0,11.0
2005,1474.0,1.0,40.0,2.0,1.0,5.0,1.0,0.0,1050.0,3.0,1.0,1600.0,1.0,6.0
2005,1474.0,2.0,35.0,2.0,12.0,6.0,1.0,0.0,1050.0,3.0,1.0,1600.0,1.0,10.0
2005,1474.0,2.0,10.0,5.0,2.0,1.0,3.0,3.0,1050.0,0.0,0.0,0.0,,
2005,1474.0,1.0,3.0,5.0,2.0,7.0,4.0,5.0,1050.0,0.0,0.0,0.0,,
2005,959.0,2.0,46.0,5.0,2.0,5.0,1.0,0.0,700.0,3.0,2.0,400.0,2.0,2.0
2005,1363.0,1.0,46.0,2.0,1.0,4.0,1.0,0.0,442.5,3.0,2.0,1770.0,2.0,7.0
2005,1363.0,2.0,44.0,2.0,1.0,4.0,3.0,4.0,442.5,0.0,0.0,0.0,,
2005,1363.0,2.0,7.0,5.0,1.0,1.0,4.0,3.0,442.5,0.0,0.0,0.0,,
2005,1363.0,2.0,6.0,5.0,1.0,1.0,4.0,3.0,442.5,0.0,0.0,0.0,,
2005,1166.0,2.0,52.0,3.0,1.0,5.0,1.0,0.0,415.0,2.0,0.0,415.0,2.0,1.0
2005,1383.0,1.0,82.0,2.0,1.0,2.0,3.0,1.0,350.0,0.0,0.0,0.0,,
2005,1383.0,2.0,77.0,2.0,1.0,2.0,3.0,1.0,350.0,0.0,0.0,0.0,,
2005,1075.0,2.0,48.0,5.0,1.0,6.0,1.0,0.0,2800.0,3.0,1.0,2800.0,2.0,5.0
2005,1214.0,1.0,47.0,2.0,1.0,4.0,1.0,0.0,305.0,3.0,1.0,750.0,2.0,7.0
2005,1214.0,2.0,46.0,2.0,1.0,4.0,3.0,4.0,305.0,0.0,0.0,0.0,,
2005,1214.0,2.0,13.0,5.0,1.0,3.0,3.0,3.0,305.0,0.0,0.0,0.0,,
2005,1214.0,1.0,12.0,5.0,1.0,1.0,3.0,3.0,305.0,0.0,0.0,0.0,,
2005,1553.0,1.0,74.0,2.0,1.0,2.0,3.0,1.0,175.0,0.0,0.0,0.0,,
2005,1553.0,2.0,72.0,2.0,1.0,2.0,3.0,4.0,175.0,0.0,0.0,0.0,,
2005,1145.0,1.0,53.0,2.0,1.0,6.0,1.0,0.0,1050.0,3.0,1.0,2000.0,1.0,
2005,1145.0,2.0,45.0,2.0,1.0,6.0,1.0,0.0,1050.0,3.0,1.0,800.0,1.0,9.0
2005,1145.0,1.0,6.0,5.0,1.0,1.0,4.0,3.0,1050.0,0.0,0.0,0.0,,
2005,1257.0,1.0,61.0,3.0,1.0,4.0,3.0,1.0,1000.0,0.0,0.0,0.0,,
2005,1205.0,2.0,61.0,4.0,1.0,4.0,1.0,0.0,1300.0,3.0,1.0,1000.0,2.0,10.0
2005,1176.0,1.0,33.0,5.0,1.0,6.0,1.0,0.0,5380.0,3.0,1.0,3680.0,2.0,5.0
2005,1225.0,1.0,26.0,5.0,2.0,6.0,2.0,0.0,400.0,3.0,0.0,0.0,,
2005,1225.0,2.0,67.0,2.0,2.0,6.0,3.0,2.0,400.0,0.0,0.0,0.0,,
2005,1137.0,1.0,50.0,2.0,4.0,5.0,1.0,0.0,260.0,2.0,0.0,1000.0,2.0,1.0
2005,1137.0,2.0,47.0,2.0,4.0,3.0,3.0,4.0,260.0,0.0,0.0,0.0,,
2005,1137.0,1.0,23.0,5.0,4.0,5.0,2.0,0.0,260.0,3.0,0.0,0.0,,
2005,1137.0,1.0,21.0,5.0,4.0,4.0,2.0,0.0,260.0,0.0,0.0,0.0,,
2005,1137.0,1.0,14.0,5.0,4.0,3.0,3.0,3.0,260.0,0.0,0.0,0.0,,
2005,991.0,1.0,25.0,1.0,1.0,5.0,1.0,0.0,1450.0,2.0,0.0,1400.0,2.0,2.0
2005,991.0,2.0,25.0,1.0,1.0,5.0,1.0,0.0,1450.0,3.0,1.0,1000.0,1.0,11.0
2005,1180.0,2.0,64.0,4.0,1.0,6.0,3.0,1.0,762.0,0.0,0.0,0.0,,
2005,1403.0,1.0,46.0,2.0,1.0,4.0,1.0,0.0,616.6666666666666,3.0,1.0,1850.0,2.0,8.0
2005,1403.0,2.0,44.0,2.0,1.0,2.0,3.0,4.0,616.6666666666666,0.0,0.0,0.0,,
2005,1403.0,1.0,14.0,5.0,1.0,3.0,3.0,3.0,616.6666666666666,0.0,0.0,0.0,,
2005,1159.0,1.0,25.0,1.0,1.0,2.0,1.0,0.0,233.33333333333334,3.0,1.0,700.0,2.0,3.0
2005,1159.0,2.0,22.0,1.0,4.0,3.0,3.0,7.0,233.33333333333334,0.0,0.0,0.0,,
2005,1159.0,2.0,1.0,5.0,1.0,7.0,4.0,5.0,233.33333333333334,0.0,0.0,0.0,,
2005,1295.0,1.0,67.0,2.0,1.0,2.0,1.0,0.0,750.0,2.0,0.0,150.0,2.0,1.0
2005,1295.0,2.0,55.0,2.0,1.0,2.0,1.0,0.0,750.0,3.0,1.0,700.0,2.0,9.0
2005,1295.0,1.0,22.0,5.0,2.0,5.0,1.0,0.0,750.0,3.0,2.0,1400.0,1.0,
2005,1182.0,2.0,40.0,1.0,4.0,6.0,2.0,0.0,730.0,3.0,0.0,0.0,,
2005,1182.0,1.0,8.0,5.0,1.0,1.0,4.0,3.0,730.0,0.0,0.0,0.0,,
2005,1182.0,1.0,50.0,1.0,4.0,2.0,1.0,0.0,730.0,3.0,1.0,1050.0,2.0,11.0
2005,1551.0,1.0,69.0,2.0,2.0,6.0,1.0,0.0,500.0,3.0,1.0,900.0,1.0,12.0
2005,1551.0,2.0,46.0,2.0,2.0,6.0,1.0,0.0,500.0,2.0,0.0,600.0,2.0,2.0
2005,1551.0,1.0,12.0,5.0,2.0,1.0,3.0,3.0,500.0,0.0,0.0,0.0,,
2005,1002.0,2.0,28.0,5.0,12.0,6.0,1.0,0.0,2160.0,3.0,2.0,1600.0,2.0,9.0
2005,1002.0,1.0,23.0,5.0,2.0,5.0,1.0,0.0,1800.0,3.0,1.0,1800.0,2.0,12.0
2005,1092.0,1.0,35.0,5.0,1.0,6.0,1.0,0.0,4500.0,3.0,1.0,3000.0,2.0,9.0
2005,1426.0,1.0,77.0,2.0,1.0,1.0,3.0,1.0,350.0,0.0,0.0,0.0,,
2005,1426.0,2.0,71.0,2.0,1.0,1.0,3.0,1.0,350.0,0.0,0.0,0.0,,
2005,1893.0,1.0,37.0,1.0,4.0,3.0,1.0,0.0,120.0,2.0,0.0,500.0,2.0,1.0
2005,1893.0,2.0,38.0,1.0,4.0,3.0,2.0,0.0,120.0,3.0,0.0,0.0,,
2005,1893.0,1.0,11.0,5.0,4.0,1.0,3.0,3.0,120.0,0.0,0.0,0.0,,
2005,1893.0,1.0,8.0,5.0,4.0,1.0,4.0,3.0,120.0,0.0,0.0,0.0,,
2005,1893.0,1.0,1.0,5.0,4.0,7.0,4.0,5.0,120.0,0.0,0.0,0.0,,
2005,1062.0,1.0,74.0,2.0,1.0,2.0,1.0,0.0,450.0,3.0,2.0,100.0,2.0,2.0
2005,1062.0,2.0,70.0,2.0,1.0,2.0,3.0,4.0,450.0,0.0,0.0,0.0,,
2005,1062.0,1.0,38.0,5.0,1.0,5.0,1.0,0.0,450.0,3.0,1.0,900.0,2.0,
2005,1220.0,1.0,42.0,2.0,1.0,2.0,1.0,0.0,196.66666666666666,3.0,1.0,600.0,2.0,
2005,1220.0,2.0,38.0,2.0,4.0,2.0,1.0,0.0,196.66666666666666,3.0,2.0,400.0,2.0,6.0
2005,1220.0,2.0,18.0,5.0,4.0,3.0,1.0,0.0,196.66666666666666,3.0,2.0,180.0,2.0,6.0
2005,1220.0,1.0,16.0,5.0,4.0,3.0,3.0,3.0,196.66666666666666,0.0,0.0,0.0,,
2005,1220.0,2.0,14.0,5.0,1.0,3.0,3.0,3.0,196.66666666666666,0.0,0.0,0.0,,
2005,1220.0,2.0,12.0,5.0,1.0,1.0,3.0,3.0,196.66666666666666,0.0,0.0,0.0,,
2005,1365.0,2.0,75.0,3.0,1.0,6.0,3.0,1.0,610.0,0.0,0.0,0.0,,
2005,1076.0,1.0,47.0,2.0,1.0,5.0,1.0,0.0,1075.0,2.0,0.0,300.0,2.0,1.0
2005,1076.0,2.0,51.0,2.0,1.0,6.0,1.0,0.0,1075.0,2.0,0.0,4000.0,2.0,1.0
2005,1076.0,2.0,20.0,5.0,1.0,5.0,3.0,3.0,1075.0,0.0,0.0,0.0,,
2005,1076.0,2.0,15.0,5.0,1.0,3.0,3.0,3.0,1075.0,0.0,0.0,0.0,,
2005,1150.0,1.0,53.0,2.0,1.0,2.0,1.0,0.0,350.0,3.0,1.0,700.0,2.0,1.0
2005,1150.0,2.0,51.0,2.0,1.0,4.0,3.0,4.0,350.0,0.0,0.0,0.0,,
2005,1150.0,1.0,23.0,5.0,1.0,3.0,2.0,0.0,350.0,0.0,0.0,0.0,,
2005,1410.0,1.0,86.0,4.0,1.0,2.0,3.0,1.0,517.0,0.0,0.0,0.0,,
2005,1410.0,2.0,55.0,5.0,1.0,2.0,1.0,0.0,517.0,3.0,1.0,120.0,2.0,5.0
2005,1055.0,2.0,72.0,4.0,2.0,6.0,3.0,1.0,1670.0,0.0,0.0,0.0,,
2005,1055.0,2.0,34.0,5.0,2.0,6.0,1.0,0.0,1670.0,2.0,0.0,700.0,2.0,1.0
2005,1037.0,2.0,28.0,5.0,1.0,4.0,1.0,0.0,1435.0,3.0,1.0,1350.0,1.0,10.0
2005,1037.0,1.0,40.0,5.0,1.0,3.0,1.0,0.0,1435.0,3.0,1.0,950.0,1.0,11.0
2005,1164.0,2.0,66.0,3.0,1.0,6.0,3.0,1.0,800.0,0.0,0.0,0.0,,
2005,1172.0,1.0,53.0,2.0,1.0,6.0,1.0,0.0,800.0,3.0,1.0,2000.0,1.0,12.0
2005,1172.0,2.0,53.0,2.0,1.0,4.0,3.0,4.0,800.0,0.0,0.0,0.0,,
2005,1172.0,2.0,20.0,5.0,1.0,5.0,3.0,3.0,800.0,0.0,0.0,0.0,,
2005,948.0,1.0,22.0,5.0,1.0,5.0,1.0,0.0,1280.0,3.0,1.0,480.0,2.0,5.0
2005,1121.0,1.0,56.0,2.0,1.0,3.0,1.0,0.0,666.6666666666666,3.0,1.0,1100.0,2.0,1.0
2005,1121.0,2.0,49.0,2.0,1.0,2.0,3.0,7.0,666.6666666666666,0.0,0.0,0.0,,
2005,1121.0,2.0,27.0,5.0,1.0,3.0,1.0,0.0,666.6666666666666,3.0,1.0,900.0,2.0,3.0
2005,912.0,1.0,44.0,2.0,2.0,6.0,1.0,0.0,500.0,2.0,0.0,1500.0,2.0,2.0
2005,912.0,2.0,43.0,2.0,2.0,4.0,3.0,4.0,500.0,0.0,0.0,0.0,,
2005,912.0,1.0,15.0,5.0,2.0,3.0,3.0,3.0,500.0,0.0,0.0,0.0,,
2005,1119.0,1.0,57.0,3.0,2.0,6.0,1.0,0.0,293.3333333333333,1.0,0.0,700.0,2.0,
2005,1119.0,2.0,24.0,5.0,2.0,5.0,2.0,0.0,293.3333333333333,3.0,0.0,0.0,,
2005,1119.0,2.0,21.0,5.0,2.0,5.0,1.0,0.0,293.3333333333333,2.0,0.0,180.0,2.0,1.0
2005,1291.0,2.0,86.0,4.0,1.0,3.0,3.0,1.0,350.0,0.0,0.0,0.0,,
2005,983.0,2.0,29.0,5.0,1.0,6.0,1.0,0.0,1400.0,3.0,2.0,1400.0,2.0,6.0
2005,1254.0,1.0,64.0,2.0,1.0,4.0,1.0,0.0,883.3333333333334,2.0,0.0,900.0,2.0,1.0
2005,1254.0,2.0,67.0,2.0,1.0,6.0,3.0,1.0,883.3333333333334,0.0,0.0,0.0,,
2005,1254.0,1.0,31.0,5.0,4.0,3.0,1.0,0.0,883.3333333333334,3.0,2.0,900.0,2.0,3.0
2005,1479.0,1.0,44.0,2.0,2.0,6.0,1.0,0.0,1200.0,3.0,1.0,6000.0,2.0,10.0
2005,1479.0,2.0,36.0,2.0,2.0,5.0,3.0,4.0,1200.0,0.0,0.0,0.0,,
2005,1479.0,2.0,8.0,5.0,2.0,1.0,4.0,3.0,1200.0,0.0,0.0,0.0,,
2005,1479.0,1.0,6.0,5.0,2.0,1.0,4.0,3.0,1200.0,0.0,0.0,0.0,,
2005,1479.0,1.0,,5.0,2.0,7.0,4.0,5.0,1200.0,0.0,0.0,0.0,,
2005,1353.0,2.0,62.0,3.0,1.0,4.0,1.0,0.0,810.0,3.0,2.0,200.0,2.0,1.0
2005,1225.0,2.0,59.0,4.0,4.0,6.0,1.0,0.0,822.5,3.0,1.0,1800.0,1.0,9.0
2005,1225.0,2.0,26.0,5.0,1.0,4.0,1.0,0.0,822.5,3.0,1.0,590.0,2.0,2.0
2005,1225.0,1.0,24.0,5.0,4.0,3.0,1.0,0.0,822.5,3.0,2.0,400.0,2.0,3.0
2005,1225.0,2.0,93.0,4.0,1.0,1.0,3.0,1.0,822.5,0.0,0.0,0.0,,
2005,1736.0,1.0,38.0,2.0,1.0,6.0,1.0,0.0,2050.0,3.0,1.0,1200.0,1.0,
2005,1736.0,2.0,39.0,2.0,1.0,6.0,1.0,0.0,2050.0,3.0,1.0,900.0,2.0,11.0
2005,1216.0,2.0,75.0,4.0,1.0,2.0,3.0,1.0,400.0,0.0,0.0,0.0,,
2005,1224.0,1.0,51.0,4.0,4.0,1.0,1.0,0.0,547.5,3.0,2.0,450.0,2.0,
2005,1224.0,1.0,29.0,5.0,4.0,3.0,1.0,0.0,547.5,3.0,2.0,790.0,2.0,
2005,1224.0,1.0,27.0,5.0,4.0,3.0,1.0,0.0,547.5,3.0,2.0,950.0,2.0,
2005,1224.0,2.0,17.0,5.0,4.0,3.0,3.0,3.0,547.5,0.0,0.0,0.0,,
2005,1429.0,1.0,51.0,1.0,2.0,6.0,1.0,0.0,2400.0,1.0,0.0,3500.0,2.0,5.0
2005,1429.0,2.0,46.0,1.0,2.0,6.0,1.0,0.0,2400.0,1.0,0.0,1300.0,2.0,4.0
2005,1594.0,1.0,63.0,4.0,1.0,6.0,1.0,0.0,3000.0,3.0,1.0,2000.0,1.0,12.0
2005,1138.0,1.0,36.0,1.0,4.0,2.0,1.0,0.0,365.0,3.0,2.0,1400.0,2.0,9.0
2005,1138.0,2.0,40.0,1.0,4.0,3.0,3.0,4.0,365.0,0.0,0.0,0.0,,
2005,1138.0,1.0,15.0,5.0,4.0,3.0,3.0,3.0,365.0,0.0,0.0,0.0,,
2005,1138.0,1.0,11.0,5.0,4.0,1.0,3.0,3.0,365.0,0.0,0.0,0.0,,
2005,1195.0,1.0,52.0,2.0,2.0,5.0,1.0,0.0,620.0,2.0,0.0,1000.0,2.0,1.0
2005,1195.0,2.0,49.0,2.0,2.0,5.0,2.0,0.0,620.0,3.0,0.0,0.0,,
2005,1195.0,2.0,23.0,5.0,2.0,6.0,1.0,0.0,620.0,3.0,1.0,1200.0,2.0,7.0
2005,1195.0,1.0,20.0,5.0,2.0,4.0,1.0,0.0,620.0,3.0,1.0,900.0,2.0,
2005,1195.0,1.0,12.0,5.0,2.0,3.0,3.0,3.0,620.0,0.0,0.0,0.0,,
2005,1239.0,2.0,48.0,3.0,1.0,4.0,1.0,0.0,845.0,3.0,1.0,800.0,2.0,7.0
2005,1239.0,2.0,76.0,4.0,1.0,1.0,3.0,1.0,845.0,0.0,0.0,0.0,,
2005,1292.0,1.0,32.0,2.0,1.0,4.0,1.0,0.0,500.0,2.0,0.0,1500.0,2.0,1.0
2005,1292.0,2.0,33.0,2.0,1.0,4.0,1.0,0.0,500.0,2.0,0.0,0.0,2.0,2.0
2005,1292.0,2.0,1.0,5.0,1.0,7.0,4.0,5.0,500.0,0.0,0.0,0.0,,
2005,991.0,1.0,29.0,5.0,1.0,5.0,1.0,0.0,1800.0,3.0,1.0,1400.0,2.0,12.0
2005,991.0,2.0,23.0,5.0,1.0,6.0,1.0,0.0,1800.0,3.0,1.0,800.0,2.0,7.0
2005,1330.0,1.0,69.0,2.0,1.0,6.0,1.0,0.0,3600.0,3.0,2.0,2500.0,1.0,
2005,1330.0,2.0,65.0,2.0,1.0,6.0,1.0,0.0,3600.0,2.0,0.0,2500.0,2.0,1.0
2005,1330.0,1.0,21.0,5.0,1.0,5.0,1.0,0.0,3600.0,3.0,2.0,1800.0,1.0,
2005,1184.0,1.0,43.0,1.0,1.0,4.0,1.0,0.0,1450.0,3.0,1.0,600.0,1.0,9.0
2005,1184.0,2.0,34.0,1.0,1.0,3.0,1.0,0.0,1450.0,3.0,2.0,500.0,2.0,
2005,1437.0,1.0,39.0,2.0,1.0,6.0,1.0,0.0,462.5,3.0,2.0,550.0,2.0,7.0
2005,1437.0,2.0,36.0,2.0,1.0,6.0,1.0,0.0,462.5,3.0,1.0,770.0,1.0,6.0
2005,1437.0,1.0,9.0,5.0,1.0,1.0,4.0,3.0,462.5,0.0,0.0,0.0,,
2005,1437.0,1.0,5.0,5.0,1.0,7.0,4.0,5.0,462.5,0.0,0.0,0.0,,
2005,1633.0,2.0,65.0,4.0,1.0,3.0,1.0,0.0,175.0,3.0,1.0,600.0,2.0,7.0
2005,1633.0,2.0,29.0,3.0,4.0,3.0,3.0,4.0,175.0,0.0,0.0,0.0,,
2005,1633.0,1.0,10.0,5.0,4.0,1.0,3.0,3.0,175.0,0.0,0.0,0.0,,
2005,1633.0,1.0,6.0,5.0,4.0,1.0,4.0,3.0,175.0,0.0,0.0,0.0,,
2005,1633.0,2.0,3.0,5.0,4.0,7.0,4.0,5.0,175.0,0.0,0.0,0.0,,
2005,1633.0,2.0,,5.0,4.0,7.0,4.0,5.0,175.0,0.0,0.0,0.0,,
2005,1337.0,1.0,85.0,2.0,1.0,4.0,3.0,1.0,600.0,0.0,0.0,0.0,,
2005,1337.0,2.0,89.0,2.0,1.0,4.0,3.0,4.0,600.0,0.0,0.0,0.0,,
2005,1496.0,1.0,66.0,2.0,1.0,2.0,3.0,1.0,533.3333333333334,0.0,0.0,0.0,,
2005,1496.0,2.0,63.0,2.0,1.0,2.0,3.0,1.0,533.3333333333334,0.0,0.0,0.0,,
2005,1496.0,1.0,29.0,5.0,4.0,4.0,1.0,0.0,533.3333333333334,3.0,2.0,800.0,1.0,
2005,1181.0,1.0,35.0,5.0,1.0,6.0,1.0,0.0,1950.0,3.0,1.0,1200.0,2.0,9.0
2005,1055.0,1.0,60.0,2.0,3.0,3.0,1.0,0.0,844.0,2.0,0.0,1000.0,2.0,1.0
2005,1055.0,2.0,52.0,2.0,3.0,3.0,3.0,4.0,844.0,0.0,0.0,0.0,,
2005,1055.0,1.0,26.0,5.0,1.0,5.0,1.0,0.0,844.0,3.0,1.0,1000.0,2.0,6.0
2005,1055.0,2.0,27.0,5.0,1.0,6.0,1.0,0.0,844.0,3.0,1.0,800.0,2.0,
2005,1055.0,1.0,21.0,5.0,3.0,4.0,1.0,0.0,844.0,3.0,2.0,400.0,2.0,
2005,1490.0,1.0,33.0,2.0,4.0,4.0,1.0,0.0,220.0,2.0,0.0,1100.0,2.0,1.0
2005,1490.0,2.0,36.0,2.0,4.0,4.0,3.0,4.0,220.0,0.0,0.0,0.0,,
2005,1490.0,2.0,14.0,5.0,4.0,1.0,3.0,3.0,220.0,0.0,0.0,0.0,,
2005,1490.0,1.0,11.0,5.0,4.0,1.0,3.0,3.0,220.0,0.0,0.0,0.0,,
2005,1490.0,2.0,10.0,5.0,4.0,1.0,3.0,3.0,220.0,0.0,0.0,0.0,,
2005,1304.0,2.0,74.0,5.0,12.0,5.0,1.0,0.0,400.0,3.0,2.0,100.0,2.0,2.0
2005,1327.0,1.0,33.0,2.0,1.0,2.0,1.0,0.0,845.0,3.0,1.0,720.0,2.0,8.0
2005,1327.0,2.0,30.0,2.0,1.0,2.0,1.0,0.0,845.0,3.0,1.0,1000.0,2.0,9.0
2005,1327.0,1.0,5.0,5.0,1.0,7.0,4.0,5.0,845.0,0.0,0.0,0.0,,
2005,1219.0,1.0,50.0,1.0,2.0,3.0,1.0,0.0,310.0,2.0,0.0,800.0,2.0,1.0
2005,1219.0,2.0,39.0,1.0,2.0,6.0,1.0,0.0,310.0,3.0,2.0,350.0,2.0,9.0
2005,1219.0,2.0,15.0,5.0,2.0,3.0,3.0,3.0,310.0,0.0,0.0,0.0,,
2005,1219.0,2.0,13.0,5.0,2.0,3.0,3.0,3.0,310.0,0.0,0.0,0.0,,
2005,1219.0,2.0,9.0,5.0,2.0,1.0,4.0,3.0,310.0,0.0,0.0,0.0,,
2005,1036.0,1.0,28.0,1.0,2.0,5.0,1.0,0.0,1225.0,3.0,1.0,1500.0,2.0,12.0
2005,1036.0,2.0,24.0,1.0,2.0,6.0,1.0,0.0,1225.0,3.0,2.0,950.0,1.0,12.0
2005,1078.0,1.0,40.0,5.0,1.0,4.0,1.0,0.0,1300.0,3.0,2.0,1300.0,2.0,5.0
2005,950.0,2.0,59.0,3.0,1.0,6.0,1.0,0.0,2200.0,3.0,1.0,2200.0,2.0,12.0
2005,1372.0,1.0,65.0,1.0,4.0,3.0,2.0,0.0,86.75,3.0,0.0,0.0,,
2005,1372.0,2.0,42.0,1.0,4.0,4.0,2.0,0.0,86.75,3.0,0.0,0.0,,
2005,1372.0,2.0,15.0,5.0,4.0,3.0,3.0,3.0,86.75,0.0,0.0,0.0,,
2005,1372.0,1.0,9.0,5.0,4.0,1.0,4.0,3.0,86.75,0.0,0.0,0.0,,
2005,1089.0,2.0,52.0,3.0,3.0,6.0,1.0,0.0,1566.6666666666667,3.0,2.0,1400.0,2.0,6.0
2005,1089.0,1.0,25.0,5.0,3.0,5.0,1.0,0.0,1566.6666666666667,3.0,2.0,1000.0,2.0,2.0
2005,1089.0,1.0,23.0,5.0,1.0,5.0,1.0,0.0,1566.6666666666667,3.0,2.0,1200.0,1.0,10.0
2005,1051.0,2.0,62.0,3.0,1.0,4.0,1.0,0.0,323.3333333333333,3.0,1.0,600.0,2.0,5.0
2005,1051.0,2.0,25.0,5.0,4.0,5.0,2.0,0.0,323.3333333333333,3.0,0.0,0.0,,
2005,1051.0,1.0,61.0,3.0,4.0,2.0,3.0,6.0,323.3333333333333,0.0,0.0,0.0,,
2005,1174.0,2.0,28.0,1.0,2.0,6.0,1.0,0.0,3425.0,3.0,2.0,2000.0,1.0,7.0
2005,1174.0,1.0,45.0,1.0,2.0,6.0,1.0,0.0,3425.0,2.0,0.0,3500.0,2.0,4.0
2005,993.0,1.0,30.0,2.0,2.0,6.0,1.0,0.0,1660.0,3.0,1.0,2000.0,2.0,
2005,993.0,2.0,26.0,2.0,2.0,6.0,1.0,0.0,1660.0,3.0,1.0,720.0,2.0,7.0
2005,1436.0,1.0,55.0,2.0,2.0,6.0,1.0,0.0,1116.6666666666667,1.0,0.0,4500.0,2.0,4.0
2005,1436.0,2.0,53.0,2.0,2.0,6.0,1.0,0.0,1116.6666666666667,2.0,0.0,2000.0,2.0,4.0
2005,1436.0,1.0,22.0,5.0,2.0,5.0,1.0,0.0,1116.6666666666667,3.0,2.0,0.0,2.0,4.0
2005,1436.0,2.0,21.0,5.0,2.0,5.0,1.0,0.0,1116.6666666666667,3.0,2.0,200.0,2.0,4.0
2005,1436.0,1.0,14.0,5.0,2.0,3.0,3.0,3.0,1116.6666666666667,0.0,0.0,0.0,,
2005,1436.0,1.0,12.0,5.0,2.0,1.0,3.0,3.0,1116.6666666666667,0.0,0.0,0.0,,
2005,1193.0,1.0,43.0,2.0,1.0,4.0,1.0,0.0,2850.0,3.0,1.0,4000.0,1.0,
2005,1193.0,2.0,39.0,2.0,1.0,6.0,1.0,0.0,2850.0,3.0,1.0,850.0,1.0,9.0
2005,1359.0,1.0,63.0,3.0,1.0,6.0,1.0,0.0,2900.0,3.0,1.0,1000.0,2.0,8.0
2005,1586.0,1.0,36.0,2.0,2.0,6.0,1.0,0.0,3020.0,1.0,0.0,3060.0,2.0,6.0
2005,1586.0,2.0,42.0,2.0,2.0,6.0,1.0,0.0,3020.0,1.0,0.0,3000.0,2.0,4.0
2005,1586.0,1.0,2.0,5.0,2.0,7.0,4.0,5.0,3020.0,0.0,0.0,0.0,,
2005,1285.0,1.0,52.0,2.0,2.0,4.0,1.0,0.0,1066.6666666666667,3.0,1.0,2000.0,2.0,11.0
2005,1285.0,2.0,52.0,2.0,2.0,6.0,1.0,0.0,1066.6666666666667,2.0,0.0,800.0,2.0,1.0
2005,1285.0,1.0,12.0,5.0,2.0,1.0,3.0,3.0,1066.6666666666667,0.0,0.0,0.0,,
2005,1185.0,2.0,43.0,5.0,1.0,4.0,1.0,0.0,750.0,3.0,1.0,750.0,2.0,2.0
2005,1232.0,1.0,56.0,1.0,2.0,6.0,3.0,1.0,2650.0,0.0,0.0,0.0,,
2005,1232.0,2.0,43.0,1.0,2.0,6.0,1.0,0.0,2650.0,2.0,0.0,3500.0,2.0,1.0
2005,1094.0,1.0,51.0,2.0,2.0,5.0,1.0,0.0,2500.0,3.0,1.0,5300.0,2.0,5.0
2005,1094.0,2.0,50.0,2.0,2.0,4.0,1.0,0.0,2500.0,3.0,1.0,700.0,2.0,5.0
2005,1094.0,1.0,24.0,5.0,2.0,5.0,1.0,0.0,2500.0,3.0,1.0,1500.0,2.0,11.0
2005,962.0,1.0,48.0,2.0,4.0,2.0,2.0,0.0,366.6666666666667,3.0,0.0,0.0,,
2005,962.0,2.0,52.0,2.0,4.0,3.0,3.0,4.0,366.6666666666667,0.0,0.0,0.0,,
2005,962.0,2.0,93.0,4.0,1.0,4.0,3.0,1.0,366.6666666666667,0.0,0.0,0.0,,
2005,1139.0,2.0,61.0,4.0,2.0,4.0,3.0,4.0,0.0,0.0,0.0,0.0,,
2005,1139.0,1.0,23.0,5.0,2.0,5.0,3.0,3.0,0.0,0.0,0.0,0.0,,
2005,1221.0,2.0,65.0,2.0,12.0,4.0,3.0,4.0,1400.0,0.0,0.0,0.0,,
2005,1221.0,1.0,73.0,2.0,12.0,4.0,1.0,0.0,1400.0,3.0,2.0,800.0,2.0,8.0
2005,1161.0,1.0,51.0,2.0,2.0,6.0,1.0,0.0,2825.0,3.0,1.0,10000.0,2.0,11.0
2005,1161.0,2.0,50.0,2.0,2.0,4.0,3.0,4.0,2825.0,0.0,0.0,0.0,,
2005,1161.0,2.0,24.0,5.0,2.0,6.0,1.0,0.0,2825.0,3.0,1.0,1300.0,2.0,
2005,1161.0,1.0,22.0,5.0,2.0,5.0,3.0,3.0,2825.0,0.0,0.0,0.0,,
2005,1161.0,2.0,57.0,4.0,1.0,1.0,1.0,0.0,650.0,3.0,1.0,650.0,2.0,
2005,969.0,1.0,33.0,2.0,2.0,6.0,1.0,0.0,2825.0,3.0,1.0,2850.0,1.0,11.0
2005,969.0,2.0,26.0,2.0,2.0,4.0,1.0,0.0,2825.0,3.0,1.0,1000.0,2.0,3.0
2005,1602.0,1.0,66.0,2.0,1.0,6.0,3.0,4.0,536.0,0.0,0.0,0.0,,
2005,1602.0,2.0,63.0,2.0,1.0,5.0,3.0,1.0,536.0,0.0,0.0,0.0,,
2005,1087.0,1.0,29.0,1.0,1.0,6.0,1.0,0.0,1150.0,3.0,1.0,650.0,2.0,9.0
2005,1087.0,2.0,28.0,1.0,1.0,6.0,1.0,0.0,1150.0,3.0,1.0,900.0,2.0,12.0
2005,1277.0,2.0,73.0,4.0,4.0,2.0,1.0,0.0,450.0,3.0,2.0,100.0,2.0,
2005,1148.0,2.0,30.0,5.0,1.0,5.0,1.0,0.0,1830.0,3.0,1.0,1230.0,2.0,12.0
2005,1270.0,1.0,66.0,2.0,1.0,4.0,2.0,0.0,966.6666666666666,3.0,0.0,0.0,,
2005,1270.0,2.0,60.0,2.0,1.0,4.0,2.0,0.0,966.6666666666666,0.0,0.0,0.0,,
2005,1270.0,2.0,26.0,5.0,1.0,6.0,1.0,0.0,966.6666666666666,3.0,1.0,1000.0,1.0,
2005,1210.0,1.0,63.0,2.0,1.0,6.0,3.0,7.0,450.0,0.0,0.0,0.0,,
2005,1210.0,2.0,62.0,2.0,1.0,5.0,3.0,1.0,450.0,0.0,0.0,0.0,,
2005,1693.0,2.0,35.0,1.0,1.0,4.0,3.0,4.0,784.2857142857143,0.0,0.0,0.0,,
2005,1693.0,1.0,35.0,1.0,1.0,6.0,1.0,0.0,784.2857142857143,3.0,1.0,3390.0,1.0,12.0
2005,1693.0,1.0,13.0,5.0,1.0,3.0,3.0,3.0,784.2857142857143,0.0,0.0,0.0,,
2005,1693.0,2.0,6.0,5.0,1.0,1.0,4.0,3.0,784.2857142857143,0.0,0.0,0.0,,
2005,1693.0,1.0,3.0,5.0,1.0,7.0,4.0,5.0,784.2857142857143,0.0,0.0,0.0,,
2005,1693.0,2.0,2.0,5.0,1.0,7.0,4.0,5.0,784.2857142857143,0.0,0.0,0.0,,
2005,1693.0,2.0,75.0,4.0,1.0,2.0,3.0,1.0,784.2857142857143,0.0,0.0,0.0,,
2005,1746.0,2.0,51.0,3.0,2.0,6.0,1.0,0.0,1025.0,2.0,0.0,1600.0,2.0,2.0
2005,1746.0,1.0,23.0,5.0,2.0,5.0,1.0,0.0,1025.0,3.0,2.0,450.0,2.0,
2005,1053.0,2.0,55.0,4.0,4.0,6.0,1.0,0.0,733.3333333333334,2.0,0.0,700.0,2.0,1.0
2005,1053.0,2.0,25.0,5.0,1.0,5.0,1.0,0.0,733.3333333333334,3.0,1.0,700.0,2.0,8.0
2005,1053.0,1.0,20.0,5.0,4.0,4.0,1.0,0.0,733.3333333333334,3.0,2.0,800.0,2.0,
2005,1332.0,1.0,30.0,1.0,1.0,6.0,1.0,0.0,1350.0,3.0,1.0,700.0,1.0,11.0
2005,1332.0,2.0,29.0,1.0,1.0,6.0,1.0,0.0,1350.0,3.0,1.0,700.0,1.0,12.0
2005,1008.0,1.0,28.0,1.0,1.0,5.0,1.0,0.0,2500.0,3.0,1.0,3500.0,2.0,8.0
2005,1008.0,2.0,22.0,1.0,1.0,5.0,1.0,0.0,2500.0,3.0,1.0,1500.0,2.0,
2005,1280.0,1.0,50.0,3.0,2.0,6.0,1.0,0.0,1750.0,1.0,0.0,3500.0,2.0,2.0
2005,1280.0,1.0,17.0,5.0,2.0,3.0,3.0,3.0,1750.0,0.0,0.0,0.0,,
2005,1250.0,1.0,53.0,2.0,1.0,2.0,1.0,0.0,570.0,3.0,1.0,900.0,2.0,3.0
2005,1250.0,2.0,46.0,2.0,1.0,2.0,3.0,4.0,570.0,0.0,0.0,0.0,,
2005,1167.0,1.0,45.0,2.0,1.0,3.0,1.0,0.0,300.0,3.0,2.0,1500.0,2.0,2.0
2005,1167.0,2.0,45.0,2.0,1.0,6.0,3.0,4.0,300.0,0.0,0.0,0.0,,
2005,1167.0,2.0,17.0,5.0,1.0,3.0,3.0,3.0,300.0,0.0,0.0,0.0,,
2005,1167.0,2.0,14.0,5.0,1.0,3.0,3.0,3.0,300.0,0.0,0.0,0.0,,
2005,1167.0,2.0,10.0,5.0,1.0,1.0,3.0,3.0,300.0,0.0,0.0,0.0,,
2005,1540.0,2.0,63.0,4.0,1.0,2.0,1.0,0.0,1136.25,3.0,1.0,850.0,1.0,12.0
2005,1540.0,2.0,73.0,5.0,1.0,7.0,3.0,6.0,1136.25,0.0,0.0,0.0,,
2005,1540.0,1.0,45.0,1.0,1.0,4.0,1.0,0.0,1136.25,3.0,1.0,1200.0,2.0,3.0
2005,1540.0,2.0,36.0,1.0,2.0,4.0,1.0,0.0,1136.25,3.0,2.0,850.0,1.0,12.0
2005,1219.0,1.0,51.0,2.0,1.0,6.0,1.0,0.0,566.6666666666666,3.0,1.0,1700.0,1.0,12.0
2005,1219.0,2.0,55.0,2.0,1.0,4.0,3.0,4.0,566.6666666666666,0.0,0.0,0.0,,
2005,1219.0,2.0,18.0,5.0,1.0,3.0,3.0,3.0,566.6666666666666,0.0,0.0,0.0,,
2005,1474.0,1.0,46.0,2.0,1.0,6.0,1.0,0.0,770.0,2.0,0.0,800.0,2.0,1.0
2005,1474.0,2.0,39.0,2.0,1.0,6.0,1.0,0.0,770.0,3.0,1.0,680.0,2.0,10.0
2005,1474.0,1.0,9.0,5.0,1.0,1.0,4.0,3.0,770.0,0.0,0.0,0.0,,
2005,1474.0,2.0,8.0,5.0,1.0,1.0,4.0,3.0,770.0,0.0,0.0,0.0,,
2005,998.0,2.0,34.0,5.0,1.0,5.0,1.0,0.0,675.0,3.0,2.0,900.0,1.0,10.0
2005,998.0,2.0,24.0,5.0,4.0,5.0,1.0,0.0,675.0,3.0,2.0,450.0,2.0,6.0
2005,1392.0,2.0,46.0,3.0,1.0,6.0,1.0,0.0,516.6666666666666,3.0,1.0,1300.0,2.0,9.0
2005,1392.0,2.0,10.0,5.0,1.0,1.0,3.0,3.0,516.6666666666666,0.0,0.0,0.0,,
2005,1392.0,1.0,8.0,5.0,1.0,1.0,4.0,3.0,516.6666666666666,0.0,0.0,0.0,,
2005,1308.0,2.0,79.0,4.0,1.0,1.0,3.0,1.0,130.0,0.0,0.0,0.0,,
2005,1308.0,2.0,27.0,5.0,4.0,2.0,1.0,0.0,130.0,3.0,2.0,20.0,2.0,
2005,1308.0,2.0,4.0,5.0,3.0,7.0,4.0,5.0,130.0,0.0,0.0,0.0,,
2005,1308.0,1.0,2.0,5.0,3.0,7.0,4.0,5.0,130.0,0.0,0.0,0.0,,
2005,1062.0,1.0,29.0,5.0,2.0,6.0,1.0,0.0,4100.0,3.0,1.0,1500.0,1.0,12.0
2005,1412.0,1.0,86.0,2.0,1.0,5.0,3.0,1.0,770.0,0.0,0.0,0.0,,
2005,1412.0,2.0,83.0,2.0,1.0,2.0,3.0,1.0,770.0,0.0,0.0,0.0,,
2005,1390.0,2.0,73.0,3.0,12.0,6.0,1.0,0.0,937.5,3.0,2.0,1200.0,1.0,
2005,1390.0,1.0,37.0,2.0,2.0,6.0,2.0,0.0,937.5,3.0,0.0,0.0,,
2005,1390.0,2.0,33.0,2.0,2.0,6.0,1.0,0.0,937.5,2.0,0.0,600.0,2.0,1.0
2005,1390.0,2.0,,5.0,2.0,7.0,4.0,5.0,937.5,0.0,0.0,0.0,,
2005,1047.0,2.0,54.0,4.0,2.0,5.0,3.0,2.0,1933.3333333333333,0.0,0.0,0.0,,
2005,1047.0,2.0,29.0,5.0,2.0,6.0,1.0,0.0,1933.3333333333333,3.0,2.0,1500.0,2.0,6.0
2005,1047.0,1.0,23.0,5.0,2.0,5.0,1.0,0.0,1933.3333333333333,3.0,1.0,1500.0,2.0,11.0
2005,1068.0,1.0,55.0,2.0,2.0,6.0,1.0,0.0,1310.0,2.0,0.0,3500.0,2.0,2.0
2005,1068.0,2.0,53.0,2.0,2.0,6.0,1.0,0.0,1310.0,2.0,0.0,2000.0,2.0,1.0
2005,1068.0,2.0,24.0,5.0,2.0,5.0,1.0,0.0,1310.0,2.0,0.0,150.0,2.0,2.0
2005,1068.0,2.0,21.0,5.0,2.0,5.0,2.0,0.0,1310.0,3.0,0.0,0.0,,
2005,1068.0,1.0,17.0,5.0,2.0,3.0,3.0,3.0,1310.0,0.0,0.0,0.0,,
2005,1359.0,2.0,46.0,4.0,2.0,3.0,1.0,0.0,75.0,2.0,0.0,100.0,2.0,1.0
2005,1359.0,2.0,18.0,5.0,4.0,3.0,2.0,0.0,75.0,3.0,0.0,0.0,,
2005,1359.0,2.0,14.0,5.0,1.0,3.0,3.0,3.0,75.0,0.0,0.0,0.0,,
2005,1359.0,2.0,11.0,5.0,2.0,1.0,3.0,3.0,75.0,0.0,0.0,0.0,,
2005,1359.0,2.0,10.0,5.0,2.0,1.0,3.0,3.0,75.0,0.0,0.0,0.0,,
2005,1069.0,1.0,30.0,1.0,1.0,6.0,1.0,0.0,2500.0,2.0,0.0,4000.0,2.0,5.0
2005,1069.0,2.0,28.0,1.0,1.0,6.0,1.0,0.0,2500.0,3.0,1.0,500.0,1.0,9.0
2005,1442.0,2.0,73.0,4.0,1.0,3.0,3.0,1.0,1450.0,0.0,0.0,0.0,,
2005,1455.0,1.0,84.0,3.0,12.0,2.0,3.0,1.0,644.0,0.0,0.0,0.0,,
2005,1049.0,1.0,40.0,5.0,1.0,3.0,1.0,0.0,702.0,3.0,1.0,702.0,2.0,3.0
2005,920.0,1.0,49.0,2.0,1.0,6.0,1.0,0.0,1000.0,3.0,1.0,2000.0,2.0,7.0
2005,920.0,2.0,49.0,2.0,1.0,6.0,1.0,0.0,1000.0,2.0,0.0,400.0,2.0,1.0
2005,920.0,2.0,21.0,5.0,1.0,5.0,1.0,0.0,1000.0,3.0,1.0,300.0,2.0,12.0
2005,920.0,1.0,22.0,5.0,1.0,5.0,1.0,0.0,1000.0,3.0,2.0,700.0,2.0,7.0
2005,1075.0,2.0,33.0,5.0,1.0,6.0,1.0,0.0,2000.0,3.0,2.0,2000.0,2.0,7.0
2005,1112.0,1.0,46.0,1.0,2.0,4.0,1.0,0.0,366.6666666666667,2.0,0.0,1100.0,2.0,2.0
2005,1112.0,2.0,50.0,1.0,2.0,4.0,3.0,4.0,366.6666666666667,0.0,0.0,0.0,,
2005,1112.0,2.0,18.0,5.0,2.0,4.0,3.0,7.0,366.6666666666667,0.0,0.0,0.0,,
2005,1294.0,1.0,57.0,2.0,2.0,4.0,1.0,0.0,433.3333333333333,3.0,1.0,1200.0,2.0,4.0
2005,1294.0,2.0,55.0,2.0,2.0,4.0,3.0,4.0,433.3333333333333,0.0,0.0,0.0,,
2005,1294.0,2.0,25.0,5.0,2.0,5.0,2.0,0.0,433.3333333333333,3.0,0.0,0.0,,
2005,1578.0,2.0,69.0,2.0,12.0,1.0,3.0,3.0,410.0,0.0,0.0,0.0,,
2005,1578.0,1.0,72.0,2.0,12.0,4.0,1.0,0.0,410.0,2.0,0.0,300.0,2.0,1.0
2005,1198.0,2.0,36.0,1.0,1.0,5.0,1.0,0.0,1450.0,3.0,1.0,1300.0,2.0,3.0
2005,1198.0,1.0,60.0,1.0,12.0,6.0,1.0,0.0,1450.0,3.0,1.0,1600.0,1.0,
2005,1377.0,1.0,78.0,2.0,4.0,2.0,3.0,4.0,76.66666666666667,0.0,0.0,0.0,,
2005,1377.0,2.0,72.0,2.0,1.0,2.0,3.0,1.0,76.66666666666667,0.0,0.0,0.0,,
2005,1377.0,1.0,26.0,5.0,4.0,3.0,2.0,0.0,76.66666666666667,3.0,0.0,0.0,,
2005,1033.0,1.0,43.0,2.0,1.0,3.0,1.0,0.0,410.0,3.0,1.0,1200.0,2.0,1.0
2005,1033.0,2.0,47.0,2.0,1.0,3.0,3.0,4.0,410.0,0.0,0.0,0.0,,
2005,1033.0,2.0,87.0,4.0,1.0,1.0,3.0,1.0,410.0,0.0,0.0,0.0,,
2005,1033.0,2.0,20.0,5.0,1.0,3.0,2.0,0.0,410.0,3.0,0.0,0.0,,
2005,1033.0,2.0,15.0,5.0,1.0,3.0,3.0,3.0,410.0,0.0,0.0,0.0,,
2005,1243.0,1.0,28.0,1.0,4.0,2.0,1.0,0.0,125.0,2.0,0.0,500.0,2.0,1.0
2005,1243.0,2.0,23.0,1.0,4.0,3.0,3.0,4.0,125.0,0.0,0.0,0.0,,
2005,1243.0,1.0,1.0,5.0,4.0,7.0,4.0,5.0,125.0,0.0,0.0,0.0,,
2005,1243.0,2.0,,5.0,4.0,7.0,4.0,5.0,125.0,0.0,0.0,0.0,,
2005,1730.0,1.0,66.0,2.0,3.0,3.0,1.0,0.0,380.0,2.0,0.0,800.0,2.0,2.0
2005,1730.0,2.0,59.0,2.0,3.0,2.0,3.0,4.0,380.0,0.0,0.0,0.0,,
2005,1730.0,1.0,68.0,2.0,3.0,7.0,1.0,0.0,380.0,2.0,0.0,600.0,2.0,2.0
2005,1730.0,2.0,68.0,2.0,3.0,2.0,1.0,0.0,380.0,3.0,2.0,60.0,2.0,
2005,1426.0,1.0,62.0,1.0,2.0,3.0,1.0,0.0,750.0,3.0,1.0,1500.0,2.0,6.0
2005,1426.0,2.0,62.0,1.0,2.0,2.0,2.0,0.0,750.0,2.0,0.0,0.0,,
2005,1328.0,2.0,74.0,4.0,12.0,4.0,3.0,1.0,1175.0,0.0,0.0,0.0,,
2005,1150.0,2.0,60.0,4.0,1.0,1.0,1.0,0.0,415.0,3.0,2.0,180.0,2.0,
2005,1150.0,2.0,19.0,5.0,4.0,1.0,1.0,0.0,415.0,3.0,2.0,300.0,2.0,
2005,1090.0,2.0,45.0,3.0,1.0,5.0,1.0,0.0,1000.0,3.0,1.0,1000.0,1.0,10.0
2005,1274.0,1.0,47.0,1.0,1.0,4.0,1.0,0.0,633.3333333333334,3.0,1.0,1400.0,2.0,1.0
2005,1274.0,2.0,36.0,1.0,1.0,3.0,1.0,0.0,633.3333333333334,3.0,2.0,500.0,2.0,
2005,1274.0,2.0,12.0,5.0,1.0,1.0,3.0,3.0,633.3333333333334,0.0,0.0,0.0,,
2005,988.0,2.0,49.0,3.0,4.0,3.0,1.0,0.0,207.5,3.0,2.0,300.0,2.0,
2005,988.0,2.0,20.0,5.0,4.0,5.0,1.0,0.0,207.5,3.0,2.0,150.0,1.0,
2005,988.0,2.0,15.0,5.0,4.0,3.0,3.0,3.0,207.5,0.0,0.0,0.0,,
2005,988.0,2.0,14.0,5.0,4.0,3.0,3.0,3.0,207.5,0.0,0.0,0.0,,
2005,1334.0,1.0,33.0,2.0,4.0,4.0,1.0,0.0,250.0,3.0,2.0,1000.0,2.0,2.0
2005,1334.0,2.0,32.0,2.0,4.0,4.0,3.0,4.0,250.0,0.0,0.0,0.0,,
2005,1334.0,1.0,10.0,5.0,4.0,1.0,3.0,3.0,250.0,0.0,0.0,0.0,,
2005,1334.0,1.0,4.0,5.0,4.0,7.0,4.0,5.0,250.0,0.0,0.0,0.0,,
2005,1324.0,1.0,65.0,2.0,1.0,4.0,3.0,1.0,600.0,0.0,0.0,0.0,,
2005,1324.0,2.0,64.0,2.0,1.0,2.0,3.0,4.0,600.0,0.0,0.0,0.0,,
2005,1354.0,1.0,63.0,2.0,3.0,6.0,1.0,0.0,1188.5,3.0,2.0,1200.0,2.0,3.0
2005,1354.0,2.0,61.0,2.0,3.0,4.0,1.0,0.0,1188.5,2.0,0.0,1000.0,2.0,1.0
2005,1692.0,1.0,71.0,2.0,1.0,3.0,3.0,1.0,575.0,0.0,0.0,0.0,,
2005,1692.0,2.0,67.0,2.0,1.0,4.0,3.0,1.0,575.0,0.0,0.0,0.0,,
2005,927.0,1.0,29.0,2.0,1.0,6.0,1.0,0.0,1280.0,3.0,1.0,920.0,2.0,9.0
2005,927.0,2.0,29.0,2.0,1.0,6.0,1.0,0.0,1280.0,3.0,1.0,920.0,2.0,
2005,1303.0,2.0,77.0,4.0,1.0,6.0,3.0,1.0,300.0,0.0,0.0,0.0,,
2005,1562.0,1.0,70.0,2.0,1.0,2.0,1.0,0.0,400.0,2.0,0.0,400.0,2.0,3.0
2005,1562.0,2.0,64.0,2.0,1.0,1.0,1.0,0.0,400.0,4.0,0.0,0.0,2.0,3.0
2005,986.0,1.0,29.0,1.0,1.0,4.0,1.0,0.0,840.0,3.0,1.0,1000.0,2.0,10.0
2005,986.0,2.0,20.0,1.0,1.0,5.0,1.0,0.0,840.0,3.0,1.0,680.0,2.0,7.0
2005,1106.0,1.0,30.0,5.0,2.0,6.0,1.0,0.0,3000.0,3.0,1.0,3000.0,2.0,12.0
2005,1233.0,1.0,44.0,2.0,1.0,2.0,1.0,0.0,354.0,3.0,1.0,900.0,2.0,6.0
2005,1233.0,2.0,43.0,2.0,1.0,3.0,3.0,4.0,354.0,0.0,0.0,0.0,,
2005,1233.0,2.0,20.0,5.0,1.0,5.0,3.0,3.0,354.0,0.0,0.0,0.0,,
2005,1233.0,1.0,14.0,5.0,1.0,3.0,3.0,3.0,354.0,0.0,0.0,0.0,,
2005,1233.0,2.0,75.0,4.0,1.0,1.0,3.0,1.0,354.0,0.0,0.0,0.0,,
2005,903.0,1.0,23.0,5.0,1.0,4.0,1.0,0.0,783.3333333333334,3.0,1.0,700.0,1.0,12.0
2005,903.0,1.0,18.0,5.0,1.0,5.0,3.0,3.0,783.3333333333334,0.0,0.0,0.0,,
2005,903.0,1.0,21.0,5.0,1.0,4.0,1.0,0.0,783.3333333333334,3.0,1.0,800.0,1.0,12.0
2005,1467.0,1.0,75.0,2.0,1.0,6.0,3.0,1.0,1400.0,0.0,0.0,0.0,,
2005,1467.0,2.0,59.0,2.0,1.0,6.0,3.0,1.0,1400.0,0.0,0.0,0.0,,
2005,1180.0,1.0,56.0,2.0,4.0,1.0,1.0,0.0,780.0,3.0,2.0,2230.0,2.0,
2005,1180.0,2.0,51.0,2.0,4.0,2.0,3.0,4.0,780.0,0.0,0.0,0.0,,
2005,1180.0,1.0,30.0,5.0,1.0,2.0,1.0,0.0,780.0,3.0,2.0,890.0,1.0,
2005,1180.0,2.0,26.0,5.0,4.0,5.0,3.0,3.0,780.0,0.0,0.0,0.0,,
2005,1332.0,1.0,44.0,2.0,1.0,6.0,1.0,0.0,1417.5,3.0,1.0,3100.0,2.0,9.0
2005,1332.0,2.0,41.0,2.0,1.0,6.0,1.0,0.0,1417.5,3.0,1.0,340.0,2.0,9.0
2005,1332.0,1.0,13.0,5.0,1.0,3.0,3.0,3.0,1417.5,0.0,0.0,0.0,,
2005,1332.0,1.0,10.0,5.0,1.0,1.0,3.0,3.0,1417.5,0.0,0.0,0.0,,
2005,1243.0,2.0,32.0,5.0,1.0,5.0,1.0,0.0,1350.0,3.0,1.0,900.0,2.0,3.0
2005,1303.0,2.0,67.0,4.0,2.0,2.0,3.0,4.0,1000.0,0.0,0.0,0.0,,
2005,1308.0,1.0,49.0,1.0,1.0,5.0,1.0,0.0,387.5,3.0,1.0,1000.0,2.0,12.0
2005,1308.0,2.0,43.0,1.0,4.0,3.0,1.0,0.0,387.5,3.0,2.0,0.0,2.0,4.0
2005,1308.0,1.0,19.0,5.0,4.0,4.0,2.0,0.0,387.5,3.0,0.0,0.0,,
2005,1308.0,2.0,11.0,5.0,1.0,1.0,3.0,3.0,387.5,0.0,0.0,0.0,,
2005,1336.0,1.0,71.0,2.0,1.0,2.0,3.0,1.0,510.0,0.0,0.0,0.0,,
2005,1336.0,2.0,71.0,2.0,1.0,4.0,3.0,1.0,510.0,0.0,0.0,0.0,,
2005,961.0,2.0,49.0,5.0,1.0,6.0,1.0,0.0,2000.0,3.0,1.0,4000.0,1.0,12.0
2005,961.0,2.0,18.0,5.0,1.0,4.0,2.0,0.0,2000.0,3.0,0.0,0.0,,
2005,1076.0,2.0,54.0,3.0,1.0,6.0,1.0,0.0,683.3333333333334,3.0,1.0,1300.0,2.0,11.0
2005,1076.0,2.0,19.0,5.0,1.0,5.0,1.0,0.0,683.3333333333334,3.0,1.0,250.0,2.0,5.0
2005,1076.0,2.0,17.0,5.0,1.0,3.0,3.0,3.0,683.3333333333334,0.0,0.0,0.0,,
2005,937.0,1.0,52.0,2.0,1.0,3.0,3.0,1.0,613.3333333333334,0.0,0.0,0.0,,
2005,937.0,2.0,52.0,2.0,1.0,3.0,3.0,4.0,613.3333333333334,0.0,0.0,0.0,,
2005,937.0,2.0,27.0,5.0,1.0,5.0,1.0,0.0,613.3333333333334,3.0,1.0,900.0,1.0,12.0
2005,937.0,1.0,20.0,5.0,1.0,5.0,1.0,0.0,613.3333333333334,3.0,1.0,1000.0,2.0,
2005,937.0,1.0,17.0,5.0,1.0,3.0,3.0,3.0,613.3333333333334,0.0,0.0,0.0,,
2005,937.0,1.0,16.0,5.0,1.0,3.0,3.0,3.0,613.3333333333334,0.0,0.0,0.0,,
2005,1379.0,1.0,50.0,5.0,1.0,4.0,1.0,0.0,750.0,3.0,1.0,800.0,2.0,5.0
2005,1379.0,2.0,78.0,4.0,1.0,4.0,3.0,1.0,750.0,0.0,0.0,0.0,,
2005,1127.0,2.0,51.0,5.0,4.0,6.0,1.0,0.0,1600.0,3.0,2.0,500.0,2.0,6.0
2005,1266.0,1.0,52.0,5.0,1.0,6.0,1.0,0.0,1000.0,3.0,1.0,1000.0,1.0,12.0
2005,1391.0,2.0,65.0,4.0,1.0,6.0,1.0,0.0,2498.0,3.0,1.0,2200.0,1.0,8.0
2005,1403.0,1.0,71.0,2.0,1.0,3.0,3.0,1.0,120.33333333333333,0.0,0.0,0.0,,
2005,1403.0,2.0,70.0,2.0,1.0,2.0,3.0,4.0,120.33333333333333,0.0,0.0,0.0,,
2005,1403.0,2.0,34.0,5.0,,4.0,1.0,0.0,120.33333333333333,3.0,2.0,11.0,,
2005,1125.0,2.0,48.0,3.0,1.0,2.0,1.0,0.0,1300.0,3.0,1.0,600.0,2.0,9.0
2005,1447.0,1.0,61.0,2.0,2.0,6.0,1.0,0.0,1750.0,1.0,0.0,3500.0,2.0,4.0
2005,1447.0,2.0,63.0,2.0,2.0,4.0,3.0,4.0,1750.0,0.0,0.0,0.0,,
2005,1194.0,1.0,64.0,1.0,1.0,2.0,3.0,1.0,160.0,0.0,0.0,0.0,,
2005,1194.0,2.0,63.0,1.0,4.0,4.0,3.0,4.0,160.0,0.0,0.0,0.0,,
2005,1194.0,1.0,27.0,5.0,4.0,3.0,3.0,6.0,160.0,0.0,0.0,0.0,,
2005,1216.0,1.0,66.0,3.0,4.0,2.0,3.0,6.0,125.0,0.0,0.0,0.0,,
2005,1216.0,1.0,41.0,5.0,4.0,2.0,2.0,0.0,125.0,2.0,0.0,0.0,,
2005,1186.0,2.0,33.0,3.0,1.0,5.0,1.0,0.0,1025.0,3.0,1.0,1700.0,2.0,11.0
2005,1186.0,2.0,7.0,5.0,1.0,1.0,4.0,3.0,1025.0,0.0,0.0,0.0,,
2005,961.0,2.0,21.0,5.0,1.0,5.0,1.0,0.0,315.0,3.0,2.0,630.0,2.0,7.0
2005,961.0,2.0,22.0,5.0,1.0,5.0,1.0,0.0,315.0,3.0,2.0,0.0,1.0,
2005,1435.0,2.0,80.0,4.0,1.0,2.0,3.0,1.0,790.0,0.0,0.0,0.0,,
2005,1222.0,2.0,72.0,4.0,12.0,6.0,3.0,1.0,1700.0,0.0,0.0,0.0,,
2005,1393.0,1.0,68.0,2.0,1.0,3.0,3.0,1.0,518.0,0.0,0.0,0.0,,
2005,1393.0,2.0,62.0,2.0,1.0,4.0,3.0,7.0,518.0,0.0,0.0,0.0,,
2005,1393.0,1.0,41.0,3.0,1.0,6.0,2.0,0.0,518.0,3.0,0.0,0.0,,
2005,1116.0,2.0,77.0,4.0,1.0,4.0,3.0,1.0,350.0,0.0,0.0,0.0,,
2005,1574.0,1.0,70.0,4.0,1.0,1.0,1.0,0.0,1700.0,3.0,1.0,900.0,2.0,2.0
2005,1273.0,2.0,67.0,4.0,1.0,4.0,1.0,0.0,350.0,3.0,2.0,200.0,2.0,
2005,1273.0,2.0,30.0,1.0,1.0,6.0,2.0,0.0,350.0,2.0,0.0,0.0,,
2005,1273.0,1.0,42.0,1.0,4.0,6.0,1.0,0.0,350.0,3.0,2.0,550.0,2.0,3.0
2005,1562.0,1.0,65.0,2.0,1.0,4.0,1.0,0.0,1250.0,3.0,1.0,2500.0,2.0,10.0
2005,1562.0,2.0,64.0,2.0,1.0,2.0,3.0,4.0,1250.0,0.0,0.0,0.0,,
2005,1452.0,1.0,39.0,2.0,2.0,6.0,1.0,0.0,375.0,3.0,2.0,0.0,2.0,7.0
2005,1452.0,2.0,36.0,2.0,2.0,6.0,1.0,0.0,375.0,3.0,2.0,1500.0,2.0,5.0
2005,1452.0,1.0,10.0,5.0,2.0,1.0,3.0,3.0,375.0,0.0,0.0,0.0,,
2005,1452.0,2.0,8.0,5.0,2.0,1.0,4.0,3.0,375.0,0.0,0.0,0.0,,
2005,1507.0,1.0,31.0,2.0,1.0,4.0,1.0,0.0,763.3333333333334,3.0,1.0,750.0,2.0,9.0
2005,1507.0,2.0,30.0,2.0,1.0,5.0,1.0,0.0,763.3333333333334,3.0,1.0,850.0,2.0,3.0
2005,1507.0,2.0,,5.0,1.0,7.0,4.0,5.0,763.3333333333334,0.0,0.0,0.0,,
2005,1147.0,2.0,25.0,5.0,2.0,6.0,1.0,0.0,2300.0,3.0,1.0,2300.0,2.0,
2005,1505.0,1.0,44.0,2.0,1.0,6.0,1.0,0.0,1595.0,1.0,0.0,1000.0,2.0,6.0
2005,1505.0,2.0,32.0,2.0,1.0,6.0,1.0,0.0,1595.0,3.0,1.0,2190.0,2.0,12.0
2005,1946.0,1.0,38.0,2.0,1.0,4.0,1.0,0.0,546.6666666666666,2.0,0.0,1500.0,2.0,1.0
2005,1946.0,2.0,30.0,2.0,1.0,4.0,3.0,4.0,546.6666666666666,0.0,0.0,0.0,,
2005,1946.0,1.0,3.0,5.0,1.0,7.0,4.0,5.0,546.6666666666666,0.0,0.0,0.0,,
2005,1596.0,2.0,80.0,4.0,1.0,2.0,3.0,1.0,690.0,0.0,0.0,0.0,,
2005,1233.0,1.0,58.0,2.0,1.0,3.0,1.0,0.0,833.3333333333334,2.0,0.0,1200.0,2.0,1.0
2005,1233.0,2.0,53.0,2.0,1.0,3.0,1.0,0.0,833.3333333333334,1.0,0.0,1000.0,2.0,3.0
2005,1233.0,2.0,22.0,5.0,1.0,5.0,2.0,0.0,833.3333333333334,3.0,0.0,0.0,,
2005,1307.0,1.0,57.0,2.0,4.0,2.0,2.0,0.0,112.22222222222223,3.0,0.0,0.0,,
2005,1307.0,2.0,55.0,2.0,4.0,2.0,3.0,4.0,112.22222222222223,0.0,0.0,0.0,,
2005,1307.0,1.0,21.0,1.0,4.0,3.0,2.0,0.0,112.22222222222223,2.0,0.0,0.0,,
2005,1307.0,2.0,22.0,1.0,4.0,4.0,3.0,4.0,112.22222222222223,0.0,0.0,0.0,,
2005,1307.0,1.0,4.0,5.0,4.0,7.0,4.0,5.0,112.22222222222223,0.0,0.0,0.0,,
2005,1307.0,2.0,2.0,5.0,4.0,7.0,4.0,5.0,112.22222222222223,0.0,0.0,0.0,,
2005,1307.0,1.0,18.0,5.0,4.0,1.0,1.0,0.0,112.22222222222223,3.0,2.0,220.0,1.0,12.0
2005,1307.0,1.0,60.0,2.0,4.0,2.0,3.0,1.0,112.22222222222223,0.0,0.0,0.0,,
2005,1307.0,2.0,47.0,2.0,4.0,2.0,3.0,7.0,112.22222222222223,0.0,0.0,0.0,,
2005,1240.0,1.0,21.0,5.0,1.0,5.0,1.0,0.0,500.0,2.0,0.0,150.0,2.0,1.0
2005,1240.0,1.0,17.0,5.0,1.0,3.0,3.0,3.0,500.0,0.0,0.0,0.0,,
2005,1450.0,1.0,42.0,5.0,1.0,1.0,3.0,1.0,1130.0,0.0,0.0,0.0,,
2005,1167.0,1.0,33.0,5.0,4.0,5.0,1.0,0.0,550.0,3.0,2.0,500.0,2.0,2.0
2005,1167.0,2.0,58.0,5.0,4.0,4.0,1.0,0.0,550.0,3.0,2.0,600.0,2.0,
2005,1079.0,2.0,40.0,1.0,2.0,5.0,1.0,0.0,1900.0,3.0,2.0,800.0,2.0,6.0
2005,1079.0,1.0,49.0,1.0,2.0,6.0,1.0,0.0,1900.0,3.0,1.0,3000.0,2.0,
2005,1491.0,1.0,71.0,2.0,1.0,4.0,3.0,1.0,493.3333333333333,0.0,0.0,0.0,,
2005,1491.0,2.0,73.0,2.0,1.0,4.0,3.0,1.0,493.3333333333333,0.0,0.0,0.0,,
2005,1491.0,1.0,31.0,5.0,1.0,4.0,1.0,0.0,493.3333333333333,3.0,2.0,700.0,2.0,
2005,1379.0,2.0,40.0,5.0,1.0,4.0,1.0,0.0,1700.0,3.0,1.0,1500.0,2.0,10.0
2005,1303.0,2.0,74.0,4.0,12.0,2.0,3.0,1.0,670.0,0.0,0.0,0.0,,
2005,1091.0,1.0,46.0,2.0,1.0,6.0,1.0,0.0,875.0,2.0,0.0,1000.0,2.0,4.0
2005,1091.0,2.0,45.0,2.0,1.0,6.0,1.0,0.0,875.0,3.0,1.0,500.0,1.0,8.0
2005,1091.0,2.0,15.0,5.0,1.0,3.0,3.0,3.0,875.0,0.0,0.0,0.0,,
2005,1091.0,1.0,12.0,5.0,1.0,1.0,3.0,3.0,875.0,0.0,0.0,0.0,,
2005,1110.0,1.0,56.0,2.0,2.0,4.0,1.0,0.0,3400.0,3.0,1.0,4000.0,2.0,12.0
2005,1110.0,2.0,56.0,2.0,2.0,4.0,1.0,0.0,3400.0,2.0,0.0,1700.0,2.0,2.0
2005,1110.0,1.0,24.0,5.0,2.0,5.0,3.0,3.0,3400.0,0.0,0.0,0.0,,
2005,1110.0,2.0,26.0,5.0,2.0,6.0,1.0,0.0,3400.0,2.0,0.0,1600.0,2.0,2.0
2005,1196.0,1.0,58.0,3.0,1.0,5.0,1.0,0.0,1500.0,3.0,1.0,1500.0,1.0,8.0
2005,1256.0,1.0,28.0,2.0,1.0,4.0,1.0,0.0,375.0,2.0,0.0,1500.0,2.0,1.0
2005,1256.0,2.0,31.0,2.0,1.0,4.0,3.0,4.0,375.0,0.0,0.0,0.0,,
2005,1256.0,2.0,7.0,5.0,1.0,1.0,4.0,3.0,375.0,0.0,0.0,0.0,,
2005,1256.0,1.0,,5.0,1.0,7.0,4.0,5.0,375.0,0.0,0.0,0.0,,
2005,1418.0,1.0,81.0,2.0,12.0,2.0,3.0,1.0,185.0,0.0,0.0,0.0,,
2005,1418.0,2.0,74.0,2.0,12.0,3.0,3.0,4.0,185.0,0.0,0.0,0.0,,
2005,1367.0,2.0,42.0,3.0,4.0,6.0,1.0,0.0,650.0,2.0,0.0,700.0,2.0,1.0
2005,1367.0,2.0,14.0,5.0,1.0,1.0,3.0,3.0,650.0,0.0,0.0,0.0,,
2005,1367.0,1.0,12.0,5.0,1.0,1.0,3.0,3.0,650.0,0.0,0.0,0.0,,
2005,1212.0,1.0,24.0,1.0,2.0,5.0,1.0,0.0,875.0,3.0,2.0,950.0,1.0,12.0
2005,1212.0,2.0,30.0,1.0,1.0,3.0,1.0,0.0,875.0,3.0,1.0,550.0,2.0,6.0
2005,1158.0,2.0,92.0,4.0,1.0,2.0,3.0,1.0,220.0,0.0,0.0,0.0,,
2005,1352.0,2.0,81.0,4.0,1.0,3.0,3.0,1.0,329.0,0.0,0.0,0.0,,
2005,1352.0,2.0,78.0,5.0,1.0,3.0,3.0,1.0,329.0,0.0,0.0,0.0,,
2005,1495.0,2.0,76.0,4.0,1.0,2.0,3.0,1.0,266.6666666666667,0.0,0.0,0.0,,
2005,1495.0,2.0,75.0,1.0,1.0,2.0,3.0,1.0,266.6666666666667,0.0,0.0,0.0,,
2005,1495.0,1.0,68.0,1.0,1.0,2.0,3.0,7.0,266.6666666666667,0.0,0.0,0.0,,
2005,1305.0,1.0,62.0,3.0,2.0,6.0,1.0,0.0,800.0,3.0,2.0,800.0,2.0,7.0
2005,1257.0,2.0,48.0,4.0,1.0,4.0,2.0,0.0,173.33333333333334,0.0,0.0,0.0,,
2005,1257.0,2.0,17.0,5.0,1.0,3.0,1.0,0.0,173.33333333333334,3.0,2.0,0.0,2.0,9.0
2005,1257.0,1.0,14.0,5.0,1.0,3.0,3.0,3.0,173.33333333333334,0.0,0.0,0.0,,
2005,1318.0,2.0,63.0,4.0,1.0,4.0,3.0,1.0,805.0,0.0,0.0,0.0,,
2005,1318.0,1.0,38.0,5.0,1.0,4.0,1.0,0.0,805.0,3.0,1.0,1200.0,2.0,
2005,1493.0,1.0,80.0,2.0,1.0,6.0,3.0,1.0,1265.0,0.0,0.0,0.0,,
2005,1493.0,2.0,77.0,2.0,1.0,2.0,3.0,4.0,1265.0,0.0,0.0,0.0,,
2005,1336.0,1.0,61.0,3.0,1.0,6.0,1.0,0.0,1550.0,3.0,1.0,750.0,1.0,9.0
2005,1180.0,1.0,62.0,2.0,1.0,3.0,1.0,0.0,600.0,2.0,0.0,900.0,2.0,2.0
2005,1180.0,2.0,53.0,2.0,1.0,3.0,1.0,0.0,600.0,2.0,0.0,900.0,2.0,2.0
2005,1180.0,1.0,30.0,5.0,1.0,6.0,1.0,0.0,600.0,3.0,2.0,600.0,2.0,
2005,1180.0,2.0,21.0,5.0,1.0,5.0,3.0,3.0,600.0,0.0,0.0,0.0,,
2005,1359.0,2.0,69.0,4.0,12.0,4.0,3.0,1.0,1400.0,0.0,0.0,0.0,,
2005,1472.0,1.0,41.0,2.0,1.0,6.0,1.0,0.0,400.0,3.0,1.0,2000.0,2.0,7.0
2005,1472.0,2.0,37.0,2.0,1.0,6.0,3.0,4.0,400.0,0.0,0.0,0.0,,
2005,1472.0,1.0,12.0,5.0,1.0,1.0,3.0,3.0,400.0,0.0,0.0,0.0,,
2005,1472.0,1.0,10.0,5.0,1.0,1.0,3.0,3.0,400.0,0.0,0.0,0.0,,
2005,1472.0,2.0,9.0,5.0,1.0,1.0,4.0,3.0,400.0,0.0,0.0,0.0,,
2005,944.0,1.0,49.0,2.0,2.0,6.0,1.0,0.0,1750.0,1.0,0.0,7000.0,2.0,4.0
2005,944.0,2.0,46.0,2.0,2.0,2.0,3.0,4.0,1750.0,0.0,0.0,0.0,,
2005,944.0,2.0,29.0,5.0,2.0,5.0,3.0,3.0,1750.0,0.0,0.0,0.0,,
2005,944.0,2.0,22.0,5.0,2.0,5.0,3.0,3.0,1750.0,0.0,0.0,0.0,,
2005,1467.0,2.0,37.0,2.0,1.0,6.0,1.0,0.0,92.5,3.0,1.0,120.0,,
2005,1467.0,2.0,12.0,5.0,1.0,1.0,3.0,3.0,92.5,0.0,0.0,0.0,,
2005,1467.0,2.0,8.0,5.0,1.0,1.0,4.0,3.0,92.5,0.0,0.0,0.0,,
2005,1467.0,1.0,38.0,2.0,1.0,3.0,1.0,0.0,92.5,3.0,2.0,250.0,2.0,2.0
2005,1333.0,2.0,23.0,5.0,2.0,5.0,3.0,3.0,1250.0,0.0,0.0,0.0,,
2005,1333.0,2.0,29.0,5.0,12.0,5.0,1.0,0.0,1250.0,3.0,1.0,1500.0,2.0,10.0
2005,1462.0,1.0,80.0,2.0,1.0,6.0,3.0,1.0,1204.0,0.0,0.0,0.0,,
2005,1462.0,2.0,75.0,2.0,1.0,4.0,3.0,1.0,1204.0,0.0,0.0,0.0,,
2005,1060.0,1.0,26.0,5.0,1.0,6.0,1.0,0.0,1170.0,3.0,1.0,1170.0,2.0,11.0
2005,1006.0,1.0,51.0,2.0,1.0,6.0,1.0,0.0,837.5,3.0,1.0,1400.0,2.0,
2005,1006.0,2.0,50.0,2.0,1.0,6.0,1.0,0.0,837.5,3.0,1.0,1300.0,1.0,8.0
2005,1006.0,1.0,24.0,5.0,1.0,5.0,3.0,3.0,837.5,0.0,0.0,0.0,,
2005,1006.0,1.0,21.0,5.0,1.0,5.0,3.0,3.0,837.5,0.0,0.0,0.0,,
2005,1418.0,1.0,91.0,2.0,1.0,2.0,3.0,1.0,300.0,0.0,0.0,0.0,,
2005,1418.0,2.0,78.0,2.0,1.0,2.0,3.0,4.0,300.0,0.0,0.0,0.0,,
2005,1417.0,1.0,36.0,2.0,4.0,4.0,1.0,0.0,300.0,2.0,0.0,600.0,2.0,2.0
2005,1417.0,2.0,31.0,2.0,4.0,3.0,1.0,0.0,300.0,3.0,2.0,200.0,2.0,
2005,1417.0,1.0,3.0,5.0,4.0,7.0,4.0,5.0,300.0,0.0,0.0,0.0,,
2005,1503.0,1.0,63.0,3.0,1.0,4.0,1.0,0.0,4150.0,3.0,2.0,2650.0,2.0,9.0
2005,1106.0,1.0,40.0,1.0,1.0,4.0,1.0,0.0,366.6666666666667,3.0,1.0,1100.0,2.0,
2005,1106.0,2.0,37.0,1.0,4.0,4.0,3.0,4.0,366.6666666666667,0.0,0.0,0.0,,
2005,1106.0,1.0,2.0,5.0,4.0,7.0,4.0,5.0,366.6666666666667,0.0,0.0,0.0,,
2005,1112.0,1.0,61.0,2.0,1.0,6.0,1.0,0.0,421.42857142857144,1.0,0.0,1500.0,2.0,7.0
2005,1112.0,2.0,56.0,2.0,1.0,6.0,1.0,0.0,421.42857142857144,3.0,1.0,800.0,1.0,
2005,1112.0,2.0,30.0,5.0,1.0,5.0,3.0,3.0,421.42857142857144,0.0,0.0,0.0,,
2005,1112.0,1.0,22.0,5.0,1.0,5.0,1.0,0.0,421.42857142857144,3.0,2.0,650.0,2.0,5.0
2005,1112.0,1.0,18.0,5.0,1.0,3.0,3.0,3.0,421.42857142857144,0.0,0.0,0.0,,
2005,1112.0,2.0,15.0,5.0,1.0,3.0,3.0,3.0,421.42857142857144,0.0,0.0,0.0,,
2005,1112.0,1.0,3.0,5.0,1.0,7.0,4.0,5.0,421.42857142857144,0.0,0.0,0.0,,
2005,1461.0,2.0,38.0,1.0,1.0,5.0,1.0,0.0,1570.0,3.0,1.0,935.0,1.0,12.0
2005,1461.0,1.0,14.0,5.0,1.0,3.0,3.0,3.0,1570.0,0.0,0.0,0.0,,
2005,1461.0,1.0,10.0,5.0,1.0,1.0,3.0,3.0,1570.0,0.0,0.0,0.0,,
2005,1461.0,1.0,53.0,1.0,1.0,4.0,1.0,0.0,1570.0,3.0,2.0,1700.0,2.0,
2005,1013.0,2.0,55.0,2.0,2.0,6.0,1.0,0.0,1333.3333333333333,3.0,2.0,1800.0,2.0,
2005,1013.0,2.0,27.0,5.0,2.0,5.0,1.0,0.0,1333.3333333333333,3.0,1.0,1400.0,2.0,5.0
2005,1013.0,1.0,21.0,5.0,2.0,5.0,3.0,3.0,1333.3333333333333,0.0,0.0,0.0,,
2005,1229.0,1.0,43.0,2.0,1.0,3.0,1.0,0.0,466.6666666666667,3.0,1.0,700.0,1.0,10.0
2005,1229.0,2.0,34.0,2.0,1.0,5.0,1.0,0.0,466.6666666666667,3.0,1.0,600.0,2.0,8.0
2005,1229.0,1.0,1.0,5.0,1.0,7.0,4.0,5.0,466.6666666666667,0.0,0.0,0.0,,
2005,1145.0,1.0,54.0,2.0,2.0,6.0,1.0,0.0,1866.6666666666667,1.0,0.0,4500.0,2.0,3.0
2005,1145.0,2.0,56.0,2.0,2.0,4.0,3.0,4.0,1866.6666666666667,0.0,0.0,0.0,,
2005,1145.0,1.0,25.0,5.0,12.0,6.0,1.0,0.0,1866.6666666666667,3.0,1.0,1100.0,2.0,
2005,1216.0,1.0,76.0,2.0,2.0,4.0,1.0,0.0,780.0,2.0,0.0,1500.0,2.0,3.0
2005,1216.0,2.0,74.0,2.0,2.0,5.0,3.0,1.0,780.0,0.0,0.0,0.0,,
2005,1216.0,2.0,40.0,5.0,2.0,6.0,1.0,0.0,780.0,2.0,0.0,150.0,2.0,3.0
2005,1121.0,1.0,25.0,2.0,1.0,4.0,1.0,0.0,1850.0,3.0,1.0,1300.0,2.0,4.0
2005,1121.0,2.0,27.0,2.0,1.0,6.0,1.0,0.0,1850.0,3.0,1.0,1200.0,2.0,6.0
2005,1816.0,1.0,68.0,3.0,2.0,6.0,1.0,0.0,3580.0,2.0,0.0,3000.0,2.0,2.0
2005,1079.0,2.0,41.0,3.0,4.0,2.0,1.0,0.0,113.33333333333333,3.0,2.0,84.0,2.0,
2005,1079.0,2.0,20.0,5.0,4.0,3.0,3.0,4.0,113.33333333333333,0.0,0.0,0.0,,
2005,1079.0,1.0,17.0,5.0,4.0,3.0,3.0,3.0,113.33333333333333,0.0,0.0,0.0,,
2005,1095.0,2.0,47.0,2.0,1.0,2.0,1.0,0.0,862.5,3.0,1.0,1350.0,2.0,4.0
2005,1095.0,1.0,46.0,2.0,1.0,2.0,1.0,0.0,862.5,3.0,1.0,1000.0,2.0,2.0
2005,1095.0,2.0,20.0,5.0,1.0,5.0,3.0,3.0,862.5,0.0,0.0,0.0,,
2005,1095.0,1.0,13.0,5.0,1.0,1.0,3.0,3.0,862.5,0.0,0.0,0.0,,
2005,1789.0,2.0,45.0,3.0,1.0,6.0,1.0,0.0,2600.0,3.0,1.0,2000.0,1.0,11.0
2005,1184.0,1.0,29.0,1.0,4.0,4.0,2.0,0.0,233.33333333333334,2.0,0.0,0.0,,
2005,1184.0,2.0,28.0,1.0,4.0,6.0,1.0,0.0,233.33333333333334,3.0,2.0,500.0,2.0,8.0
2005,1184.0,1.0,4.0,5.0,4.0,7.0,4.0,5.0,233.33333333333334,0.0,0.0,0.0,,
2005,1157.0,2.0,71.0,4.0,4.0,2.0,1.0,0.0,600.0,3.0,1.0,500.0,2.0,
2005,1157.0,2.0,36.0,4.0,1.0,6.0,1.0,0.0,600.0,3.0,1.0,700.0,2.0,
2005,1291.0,2.0,58.0,3.0,4.0,3.0,1.0,0.0,56.666666666666664,3.0,2.0,0.0,2.0,
2005,1291.0,1.0,32.0,5.0,2.0,6.0,2.0,0.0,56.666666666666664,3.0,0.0,0.0,,
2005,1291.0,1.0,30.0,5.0,4.0,5.0,2.0,0.0,56.666666666666664,3.0,0.0,0.0,,
2005,1134.0,2.0,59.0,5.0,1.0,6.0,3.0,1.0,1500.0,0.0,0.0,0.0,,
2005,1283.0,2.0,63.0,4.0,1.0,4.0,1.0,0.0,2020.0,3.0,1.0,1240.0,1.0,12.0
2005,1302.0,1.0,56.0,2.0,1.0,7.0,1.0,0.0,90.0,3.0,1.0,450.0,2.0,7.0
2005,1302.0,2.0,49.0,2.0,4.0,3.0,3.0,4.0,90.0,0.0,0.0,0.0,,
2005,1302.0,1.0,16.0,5.0,4.0,3.0,3.0,3.0,90.0,0.0,0.0,0.0,,
2005,1302.0,2.0,16.0,5.0,4.0,3.0,3.0,3.0,90.0,0.0,0.0,0.0,,
2005,1302.0,1.0,13.0,5.0,4.0,1.0,3.0,3.0,90.0,0.0,0.0,0.0,,
2005,1126.0,2.0,30.0,5.0,1.0,5.0,1.0,0.0,1045.0,3.0,1.0,1100.0,2.0,6.0
2005,1126.0,1.0,23.0,5.0,4.0,4.0,1.0,0.0,1045.0,3.0,2.0,990.0,2.0,4.0
2005,1131.0,1.0,33.0,1.0,12.0,6.0,1.0,0.0,1400.0,3.0,2.0,3500.0,2.0,12.0
2005,1131.0,2.0,31.0,1.0,2.0,6.0,1.0,0.0,1400.0,3.0,2.0,500.0,2.0,
2005,1131.0,2.0,1.0,5.0,2.0,7.0,4.0,5.0,1400.0,0.0,0.0,0.0,,
2005,1066.0,1.0,62.0,2.0,12.0,6.0,1.0,0.0,2833.3333333333335,3.0,1.0,3000.0,1.0,12.0
2005,1066.0,2.0,64.0,2.0,12.0,6.0,1.0,0.0,2833.3333333333335,3.0,1.0,2500.0,1.0,11.0
2005,1066.0,2.0,96.0,4.0,12.0,2.0,3.0,1.0,2833.3333333333335,0.0,0.0,0.0,,
2005,982.0,2.0,39.0,3.0,4.0,6.0,1.0,0.0,117.2,3.0,2.0,360.0,2.0,
2005,982.0,2.0,18.0,5.0,4.0,3.0,1.0,0.0,117.2,3.0,2.0,50.0,3.0,
2005,982.0,2.0,16.0,5.0,4.0,3.0,3.0,3.0,117.2,0.0,0.0,0.0,,
2005,982.0,2.0,13.0,5.0,4.0,1.0,3.0,3.0,117.2,0.0,0.0,0.0,,
2005,982.0,2.0,5.0,5.0,4.0,7.0,4.0,5.0,117.2,0.0,0.0,0.0,,
2005,1288.0,1.0,64.0,2.0,1.0,3.0,1.0,0.0,1260.0,2.0,0.0,450.0,2.0,1.0
2005,1288.0,2.0,61.0,2.0,1.0,4.0,1.0,0.0,1260.0,3.0,1.0,1290.0,2.0,11.0
2005,590.0,1.0,56.0,2.0,2.0,6.0,1.0,0.0,400.0,3.0,1.0,2000.0,1.0,9.0
2005,590.0,2.0,49.0,2.0,2.0,6.0,2.0,0.0,400.0,2.0,0.0,0.0,,
2005,590.0,2.0,21.0,5.0,2.0,5.0,2.0,0.0,400.0,0.0,0.0,0.0,,
2005,590.0,1.0,20.0,5.0,2.0,5.0,2.0,0.0,400.0,3.0,0.0,0.0,,
2005,590.0,1.0,17.0,5.0,2.0,3.0,3.0,3.0,400.0,0.0,0.0,0.0,,
2005,1582.0,2.0,66.0,3.0,4.0,2.0,1.0,0.0,385.0,2.0,0.0,200.0,2.0,1.0
2005,1582.0,1.0,30.0,5.0,4.0,4.0,1.0,0.0,385.0,2.0,0.0,500.0,2.0,1.0
2005,2261.0,1.0,43.0,1.0,4.0,5.0,1.0,0.0,142.5,2.0,0.0,300.0,2.0,2.0
2005,2261.0,2.0,48.0,1.0,4.0,4.0,1.0,0.0,142.5,2.0,0.0,150.0,2.0,2.0
2005,2261.0,2.0,15.0,5.0,4.0,3.0,3.0,3.0,142.5,0.0,0.0,0.0,,
2005,2261.0,1.0,9.0,5.0,4.0,1.0,4.0,3.0,142.5,0.0,0.0,0.0,,
2005,1263.0,2.0,33.0,3.0,2.0,3.0,1.0,0.0,650.0,3.0,1.0,1200.0,2.0,9.0
2005,1263.0,1.0,14.0,5.0,2.0,3.0,3.0,3.0,650.0,0.0,0.0,0.0,,
2005,915.0,1.0,46.0,2.0,2.0,5.0,1.0,0.0,750.0,2.0,0.0,1500.0,2.0,2.0
2005,915.0,2.0,44.0,2.0,2.0,6.0,1.0,0.0,750.0,2.0,0.0,1500.0,2.0,2.0
2005,915.0,2.0,19.0,5.0,2.0,5.0,3.0,3.0,750.0,0.0,0.0,0.0,,
2005,915.0,1.0,15.0,5.0,2.0,3.0,3.0,3.0,750.0,0.0,0.0,0.0,,
2005,1219.0,1.0,63.0,5.0,1.0,6.0,1.0,0.0,6500.0,3.0,1.0,3500.0,1.0,11.0
2005,1047.0,2.0,25.0,5.0,2.0,3.0,1.0,0.0,1400.0,3.0,2.0,1400.0,2.0,8.0
2005,1125.0,2.0,40.0,2.0,1.0,6.0,1.0,0.0,75.0,1.0,0.0,0.0,2.0,2.0
2005,1125.0,1.0,42.0,2.0,1.0,5.0,1.0,0.0,75.0,1.0,0.0,300.0,2.0,7.0
2005,1125.0,1.0,16.0,5.0,1.0,3.0,3.0,3.0,75.0,0.0,0.0,0.0,,
2005,1125.0,1.0,12.0,5.0,1.0,1.0,3.0,3.0,75.0,0.0,0.0,0.0,,
2005,1125.0,2.0,27.0,2.0,4.0,3.0,1.0,0.0,300.0,3.0,2.0,300.0,2.0,
2005,1274.0,1.0,43.0,3.0,1.0,6.0,1.0,0.0,1800.0,2.0,0.0,1800.0,2.0,1.0
2005,1199.0,1.0,56.0,2.0,1.0,2.0,1.0,0.0,210.83333333333334,3.0,1.0,600.0,2.0,
2005,1199.0,2.0,54.0,2.0,1.0,6.0,3.0,4.0,210.83333333333334,0.0,0.0,0.0,,
2005,1199.0,2.0,17.0,5.0,1.0,3.0,2.0,0.0,210.83333333333334,3.0,0.0,0.0,,
2005,1199.0,1.0,19.0,5.0,4.0,4.0,1.0,0.0,210.83333333333334,3.0,2.0,240.0,2.0,4.0
2005,1199.0,1.0,13.0,5.0,1.0,1.0,3.0,3.0,210.83333333333334,0.0,0.0,0.0,,
2005,1199.0,1.0,31.0,5.0,4.0,3.0,2.0,0.0,210.83333333333334,3.0,0.0,0.0,,
2005,1039.0,1.0,55.0,2.0,1.0,6.0,1.0,0.0,1250.0,2.0,0.0,5000.0,2.0,1.0
2005,1039.0,2.0,49.0,2.0,1.0,5.0,3.0,3.0,1250.0,0.0,0.0,0.0,,
2005,1039.0,1.0,25.0,5.0,1.0,5.0,1.0,0.0,1250.0,3.0,2.0,700.0,2.0,3.0
2005,1039.0,2.0,23.0,5.0,1.0,5.0,1.0,0.0,1250.0,3.0,1.0,1200.0,2.0,9.0
2005,1039.0,1.0,20.0,5.0,1.0,5.0,1.0,0.0,1250.0,3.0,2.0,600.0,2.0,9.0
2005,1039.0,2.0,14.0,5.0,1.0,3.0,3.0,3.0,1250.0,0.0,0.0,0.0,,
2005,1887.0,2.0,51.0,4.0,4.0,3.0,1.0,0.0,63.888888888888886,3.0,2.0,100.0,2.0,
2005,1887.0,1.0,29.0,1.0,4.0,3.0,1.0,0.0,63.888888888888886,3.0,2.0,350.0,2.0,
2005,1887.0,2.0,27.0,1.0,4.0,3.0,3.0,4.0,63.888888888888886,0.0,0.0,0.0,,
2005,1887.0,1.0,17.0,5.0,4.0,3.0,2.0,0.0,63.888888888888886,3.0,0.0,0.0,,
2005,1887.0,2.0,13.0,5.0,4.0,1.0,3.0,3.0,63.888888888888886,0.0,0.0,0.0,,
2005,1887.0,1.0,11.0,5.0,4.0,1.0,3.0,3.0,63.888888888888886,0.0,0.0,0.0,,
2005,1887.0,2.0,6.0,5.0,4.0,1.0,4.0,3.0,63.888888888888886,0.0,0.0,0.0,,
2005,1887.0,2.0,2.0,5.0,4.0,7.0,4.0,5.0,63.888888888888886,0.0,0.0,0.0,,
2005,1887.0,1.0,,5.0,4.0,7.0,4.0,5.0,63.888888888888886,0.0,0.0,0.0,,
2005,1307.0,1.0,63.0,2.0,2.0,2.0,1.0,0.0,366.6666666666667,3.0,2.0,0.0,2.0,4.0
2005,1307.0,2.0,61.0,2.0,2.0,2.0,3.0,2.0,366.6666666666667,0.0,0.0,0.0,,
2005,1307.0,2.0,82.0,4.0,1.0,1.0,3.0,1.0,366.6666666666667,0.0,0.0,0.0,,
2005,1150.0,1.0,56.0,2.0,2.0,6.0,1.0,0.0,1028.75,2.0,0.0,415.0,2.0,1.0
2005,1150.0,2.0,56.0,2.0,2.0,6.0,1.0,0.0,1028.75,2.0,0.0,700.0,2.0,1.0
2005,1150.0,2.0,28.0,5.0,1.0,6.0,1.0,0.0,1028.75,3.0,1.0,700.0,1.0,
2005,1150.0,1.0,24.0,5.0,2.0,5.0,1.0,0.0,1028.75,3.0,2.0,300.0,2.0,6.0
2005,1537.0,1.0,54.0,2.0,4.0,6.0,1.0,0.0,106.66666666666667,3.0,2.0,120.0,2.0,2.0
2005,1537.0,1.0,12.0,5.0,4.0,1.0,3.0,3.0,106.66666666666667,0.0,0.0,0.0,,
2005,1537.0,1.0,11.0,5.0,4.0,1.0,3.0,3.0,106.66666666666667,0.0,0.0,0.0,,
2005,1158.0,1.0,56.0,2.0,4.0,2.0,1.0,0.0,950.0,2.0,0.0,2000.0,2.0,1.0
2005,1158.0,2.0,53.0,2.0,4.0,4.0,3.0,4.0,950.0,0.0,0.0,0.0,,
2005,1158.0,2.0,24.0,5.0,4.0,5.0,1.0,0.0,950.0,3.0,2.0,600.0,2.0,6.0
2005,1158.0,2.0,22.0,5.0,1.0,5.0,1.0,0.0,950.0,3.0,1.0,800.0,2.0,6.0
2005,992.0,1.0,31.0,1.0,2.0,6.0,1.0,0.0,1265.0,3.0,1.0,900.0,2.0,12.0
2005,992.0,2.0,25.0,1.0,2.0,4.0,1.0,0.0,1265.0,3.0,1.0,900.0,2.0,12.0
2005,1473.0,1.0,83.0,2.0,1.0,2.0,3.0,1.0,260.0,0.0,0.0,0.0,,
2005,1473.0,2.0,79.0,2.0,1.0,7.0,3.0,4.0,260.0,0.0,0.0,0.0,,
2005,1224.0,1.0,52.0,1.0,1.0,5.0,1.0,0.0,3750.0,1.0,0.0,3500.0,2.0,5.0
2005,1224.0,2.0,51.0,1.0,1.0,6.0,1.0,0.0,3750.0,3.0,2.0,2500.0,2.0,7.0
2005,1093.0,2.0,57.0,3.0,1.0,6.0,1.0,0.0,375.0,3.0,2.0,0.0,2.0,7.0
2005,1093.0,1.0,23.0,1.0,4.0,5.0,1.0,0.0,375.0,3.0,2.0,1200.0,2.0,2.0
2005,1093.0,2.0,20.0,1.0,1.0,5.0,3.0,3.0,375.0,0.0,0.0,0.0,,
2005,1093.0,1.0,,5.0,1.0,7.0,4.0,5.0,375.0,0.0,0.0,0.0,,
2005,969.0,2.0,27.0,1.0,2.0,6.0,1.0,0.0,2350.0,3.0,1.0,1200.0,1.0,12.0
2005,969.0,1.0,34.0,1.0,2.0,6.0,1.0,0.0,2350.0,3.0,1.0,2000.0,1.0,12.0
2005,1090.0,2.0,29.0,5.0,1.0,5.0,1.0,0.0,1290.0,3.0,1.0,770.0,2.0,5.0
2005,1251.0,1.0,79.0,2.0,1.0,3.0,3.0,1.0,500.0,0.0,0.0,0.0,,
2005,1251.0,2.0,65.0,2.0,1.0,5.0,3.0,4.0,500.0,0.0,0.0,0.0,,
2005,1395.0,1.0,45.0,3.0,1.0,6.0,1.0,0.0,533.3333333333334,2.0,0.0,1600.0,2.0,1.0
2005,1395.0,2.0,13.0,5.0,1.0,1.0,3.0,3.0,533.3333333333334,0.0,0.0,0.0,,
2005,1395.0,1.0,10.0,5.0,1.0,1.0,3.0,3.0,533.3333333333334,0.0,0.0,0.0,,
2005,1519.0,1.0,45.0,2.0,1.0,5.0,1.0,0.0,400.0,3.0,1.0,2000.0,2.0,11.0
2005,1519.0,2.0,43.0,2.0,1.0,6.0,3.0,4.0,400.0,0.0,0.0,0.0,,
2005,1519.0,1.0,12.0,5.0,1.0,1.0,3.0,3.0,400.0,0.0,0.0,0.0,,
2005,1519.0,1.0,8.0,5.0,1.0,1.0,4.0,3.0,400.0,0.0,0.0,0.0,,
2005,1519.0,1.0,5.0,5.0,1.0,7.0,4.0,5.0,400.0,0.0,0.0,0.0,,
2005,1116.0,1.0,42.0,2.0,1.0,6.0,1.0,0.0,1500.0,3.0,1.0,3000.0,2.0,
2005,1116.0,2.0,42.0,2.0,1.0,6.0,2.0,0.0,1500.0,3.0,0.0,0.0,,
2005,1267.0,2.0,80.0,3.0,2.0,2.0,3.0,1.0,1380.0,0.0,0.0,0.0,,
2005,995.0,2.0,63.0,3.0,4.0,3.0,1.0,0.0,633.3333333333334,3.0,2.0,900.0,2.0,5.0
2005,995.0,2.0,25.0,5.0,4.0,6.0,1.0,0.0,633.3333333333334,3.0,2.0,600.0,2.0,
2005,995.0,2.0,20.0,5.0,4.0,6.0,1.0,0.0,633.3333333333334,3.0,2.0,300.0,2.0,
2005,1161.0,1.0,53.0,3.0,2.0,6.0,1.0,0.0,1530.0,1.0,0.0,3060.0,2.0,7.0
2005,1161.0,1.0,17.0,5.0,2.0,3.0,3.0,3.0,1530.0,0.0,0.0,0.0,,
2005,1279.0,1.0,35.0,2.0,1.0,5.0,1.0,0.0,2735.0,3.0,1.0,3470.0,2.0,2.0
2005,1279.0,2.0,32.0,2.0,1.0,6.0,1.0,0.0,2735.0,3.0,1.0,2000.0,2.0,8.0
2005,888.0,2.0,27.0,5.0,1.0,6.0,1.0,0.0,750.0,3.0,1.0,1000.0,2.0,
2005,888.0,1.0,22.0,5.0,1.0,5.0,1.0,0.0,750.0,3.0,2.0,500.0,2.0,
2005,1028.0,1.0,25.0,5.0,2.0,6.0,3.0,4.0,0.0,0.0,0.0,0.0,,
2005,1028.0,1.0,23.0,5.0,2.0,5.0,3.0,3.0,0.0,0.0,0.0,0.0,,
2005,959.0,2.0,39.0,5.0,2.0,6.0,1.0,0.0,1200.0,3.0,1.0,1200.0,2.0,6.0
2005,1669.0,1.0,36.0,2.0,4.0,4.0,1.0,0.0,112.0,3.0,2.0,0.0,2.0,
2005,1669.0,2.0,35.0,2.0,4.0,4.0,3.0,4.0,112.0,0.0,0.0,0.0,,
2005,1669.0,2.0,8.0,5.0,4.0,1.0,4.0,3.0,112.0,0.0,0.0,0.0,,
2005,1669.0,2.0,2.0,5.0,4.0,7.0,4.0,5.0,112.0,0.0,0.0,0.0,,
2005,1669.0,2.0,1.0,5.0,4.0,7.0,4.0,5.0,112.0,0.0,0.0,0.0,,
2005,1193.0,1.0,31.0,2.0,1.0,6.0,1.0,0.0,2790.0,1.0,0.0,3000.0,2.0,
2005,1193.0,2.0,30.0,2.0,1.0,6.0,1.0,0.0,2790.0,3.0,1.0,2580.0,2.0,12.0
2005,973.0,1.0,49.0,2.0,1.0,2.0,1.0,0.0,366.6666666666667,3.0,1.0,600.0,2.0,
2005,973.0,2.0,41.0,2.0,1.0,3.0,1.0,0.0,366.6666666666667,3.0,1.0,200.0,2.0,
2005,973.0,2.0,15.0,5.0,1.0,3.0,3.0,3.0,366.6666666666667,0.0,0.0,0.0,,
2005,1280.0,1.0,26.0,3.0,4.0,6.0,1.0,0.0,190.0,3.0,2.0,240.0,2.0,2.0
2005,1280.0,2.0,8.0,5.0,4.0,1.0,4.0,3.0,190.0,0.0,0.0,0.0,,
2005,1132.0,1.0,38.0,2.0,4.0,3.0,1.0,0.0,0.0,3.0,2.0,0.0,2.0,
2005,1132.0,2.0,27.0,2.0,4.0,4.0,2.0,0.0,0.0,3.0,0.0,0.0,,
2005,955.0,2.0,25.0,5.0,1.0,5.0,1.0,0.0,685.0,3.0,2.0,0.0,2.0,2.0
2005,955.0,2.0,23.0,5.0,1.0,5.0,1.0,0.0,685.0,3.0,2.0,300.0,2.0,8.0
2005,1337.0,1.0,71.0,2.0,2.0,5.0,1.0,0.0,1970.0,1.0,0.0,3000.0,2.0,3.0
2005,1337.0,2.0,66.0,2.0,2.0,6.0,3.0,1.0,1970.0,0.0,0.0,0.0,,
2005,1307.0,2.0,49.0,3.0,4.0,2.0,1.0,0.0,200.0,3.0,2.0,100.0,2.0,
2005,1169.0,2.0,52.0,3.0,2.0,4.0,1.0,0.0,775.0,3.0,1.0,2000.0,1.0,11.0
2005,1169.0,1.0,25.0,1.0,2.0,2.0,1.0,0.0,775.0,3.0,2.0,0.0,2.0,
2005,1169.0,2.0,21.0,1.0,2.0,3.0,3.0,4.0,775.0,0.0,0.0,0.0,,
2005,1169.0,1.0,,5.0,2.0,7.0,4.0,5.0,775.0,0.0,0.0,0.0,,
2005,1461.0,1.0,60.0,3.0,4.0,2.0,1.0,0.0,1050.0,2.0,0.0,1500.0,2.0,1.0
2005,1461.0,2.0,85.0,4.0,1.0,1.0,3.0,1.0,1050.0,0.0,0.0,0.0,,
2005,1093.0,2.0,35.0,2.0,1.0,6.0,1.0,0.0,2550.0,3.0,1.0,2800.0,2.0,11.0
2005,1093.0,1.0,34.0,2.0,1.0,6.0,1.0,0.0,2550.0,3.0,2.0,2300.0,2.0,8.0
2005,1447.0,1.0,84.0,2.0,1.0,2.0,3.0,1.0,718.3333333333334,0.0,0.0,0.0,,
2005,1447.0,2.0,76.0,2.0,1.0,2.0,3.0,1.0,718.3333333333334,0.0,0.0,0.0,,
2005,1447.0,2.0,48.0,5.0,1.0,2.0,1.0,0.0,718.3333333333334,3.0,1.0,1000.0,1.0,9.0
2005,1097.0,2.0,20.0,5.0,2.0,5.0,3.0,3.0,600.0,0.0,0.0,0.0,,
2005,790.0,2.0,23.0,5.0,2.0,5.0,3.0,3.0,1975.0,0.0,0.0,0.0,,
2005,790.0,2.0,25.0,5.0,2.0,5.0,3.0,3.0,1975.0,0.0,0.0,0.0,,
2005,790.0,2.0,22.0,5.0,2.0,5.0,1.0,0.0,1975.0,3.0,2.0,100.0,2.0,9.0
2005,790.0,2.0,20.0,5.0,2.0,5.0,3.0,3.0,1975.0,0.0,0.0,0.0,,
2005,1129.0,1.0,40.0,2.0,1.0,6.0,1.0,0.0,1466.6666666666667,3.0,1.0,1400.0,1.0,11.0
2005,1129.0,2.0,39.0,2.0,1.0,6.0,1.0,0.0,1466.6666666666667,3.0,1.0,1100.0,1.0,12.0
2005,1129.0,2.0,9.0,5.0,1.0,1.0,4.0,3.0,1466.6666666666667,0.0,0.0,0.0,,
2005,1016.0,2.0,51.0,3.0,1.0,3.0,1.0,0.0,900.0,3.0,1.0,1000.0,2.0,
2005,1016.0,1.0,23.0,5.0,4.0,4.0,1.0,0.0,900.0,3.0,1.0,800.0,2.0,
2005,1069.0,1.0,33.0,1.0,2.0,4.0,1.0,0.0,205.0,3.0,1.0,160.0,2.0,7.0
2005,1069.0,2.0,30.0,1.0,2.0,5.0,3.0,4.0,205.0,0.0,0.0,0.0,,
2005,1048.0,1.0,33.0,1.0,1.0,5.0,1.0,0.0,1400.0,3.0,1.0,1600.0,1.0,10.0
2005,1048.0,2.0,28.0,1.0,1.0,5.0,1.0,0.0,1400.0,3.0,2.0,1200.0,1.0,10.0
2005,1156.0,1.0,44.0,1.0,1.0,4.0,1.0,0.0,850.0,3.0,1.0,900.0,2.0,1.0
2005,1156.0,2.0,38.0,1.0,1.0,6.0,1.0,0.0,850.0,3.0,1.0,800.0,2.0,
2005,1274.0,1.0,78.0,2.0,1.0,1.0,3.0,1.0,250.0,0.0,0.0,0.0,,
2005,1274.0,2.0,74.0,2.0,1.0,1.0,3.0,4.0,250.0,0.0,0.0,0.0,,
2005,1335.0,1.0,43.0,2.0,2.0,4.0,1.0,0.0,1000.0,2.0,0.0,800.0,2.0,3.0
2005,1335.0,2.0,72.0,4.0,2.0,4.0,1.0,0.0,1000.0,2.0,0.0,1500.0,2.0,3.0
2005,1335.0,2.0,9.0,5.0,2.0,1.0,4.0,3.0,1000.0,0.0,0.0,0.0,,
2005,1335.0,2.0,38.0,2.0,2.0,4.0,1.0,0.0,1000.0,2.0,0.0,1700.0,2.0,3.0
2005,1145.0,1.0,52.0,5.0,1.0,5.0,1.0,0.0,2400.0,3.0,1.0,2400.0,1.0,7.0
2005,1290.0,1.0,75.0,2.0,1.0,6.0,3.0,1.0,350.0,0.0,0.0,0.0,,
2005,1290.0,2.0,77.0,2.0,1.0,3.0,3.0,1.0,350.0,0.0,0.0,0.0,,
2005,1044.0,1.0,57.0,2.0,1.0,2.0,1.0,0.0,425.0,3.0,1.0,1700.0,2.0,2.0
2005,1044.0,2.0,50.0,2.0,1.0,2.0,2.0,0.0,425.0,0.0,0.0,0.0,,
2005,1044.0,2.0,22.0,5.0,1.0,5.0,2.0,0.0,425.0,0.0,0.0,0.0,,
2005,1044.0,2.0,26.0,5.0,1.0,5.0,2.0,0.0,425.0,0.0,0.0,0.0,,
2005,977.0,2.0,45.0,1.0,2.0,4.0,1.0,0.0,1200.0,3.0,1.0,1500.0,2.0,7.0
2005,977.0,1.0,61.0,1.0,2.0,6.0,1.0,0.0,1200.0,1.0,0.0,2000.0,2.0,7.0
2005,977.0,1.0,22.0,5.0,2.0,6.0,1.0,0.0,1200.0,3.0,2.0,1300.0,2.0,5.0
2005,977.0,2.0,20.0,5.0,2.0,5.0,3.0,3.0,1200.0,0.0,0.0,0.0,,
2005,1186.0,2.0,56.0,5.0,2.0,5.0,3.0,2.0,1900.0,0.0,0.0,0.0,,
2005,1158.0,1.0,35.0,5.0,1.0,5.0,1.0,0.0,2500.0,3.0,1.0,2500.0,2.0,8.0
2005,1191.0,1.0,45.0,3.0,1.0,5.0,1.0,0.0,1083.3333333333333,3.0,1.0,2000.0,1.0,11.0
2005,1191.0,2.0,18.0,5.0,1.0,3.0,3.0,3.0,1083.3333333333333,0.0,0.0,0.0,,
2005,1191.0,1.0,18.0,5.0,1.0,3.0,1.0,0.0,1083.3333333333333,3.0,2.0,450.0,2.0,3.0
2005,1030.0,1.0,46.0,3.0,1.0,6.0,1.0,0.0,3000.0,2.0,0.0,3000.0,2.0,1.0
2005,1412.0,1.0,90.0,2.0,1.0,1.0,3.0,1.0,600.0,0.0,0.0,0.0,,
2005,1412.0,2.0,93.0,2.0,1.0,1.0,3.0,7.0,600.0,0.0,0.0,0.0,,
2005,1379.0,2.0,80.0,5.0,1.0,4.0,3.0,1.0,420.0,0.0,0.0,0.0,,
2005,1379.0,2.0,82.0,5.0,1.0,4.0,3.0,1.0,420.0,0.0,0.0,0.0,,
2005,1330.0,1.0,61.0,3.0,2.0,6.0,3.0,4.0,0.0,0.0,0.0,0.0,,
2005,1402.0,1.0,40.0,1.0,1.0,4.0,1.0,0.0,500.0,2.0,0.0,800.0,2.0,2.0
2005,1402.0,2.0,34.0,1.0,1.0,4.0,1.0,0.0,500.0,3.0,1.0,800.0,1.0,10.0
2005,1402.0,2.0,14.0,5.0,1.0,3.0,3.0,3.0,500.0,0.0,0.0,0.0,,
2005,1402.0,1.0,11.0,5.0,1.0,1.0,3.0,3.0,500.0,0.0,0.0,0.0,,
2005,1773.0,1.0,52.0,2.0,1.0,2.0,1.0,0.0,108.33333333333333,3.0,1.0,700.0,2.0,
2005,1773.0,2.0,45.0,2.0,1.0,2.0,3.0,4.0,108.33333333333333,0.0,0.0,0.0,,
2005,1773.0,2.0,25.0,5.0,1.0,4.0,1.0,0.0,108.33333333333333,3.0,1.0,400.0,2.0,
2005,1773.0,1.0,20.0,5.0,1.0,1.0,2.0,0.0,108.33333333333333,0.0,0.0,0.0,,
2005,1773.0,2.0,18.0,5.0,1.0,1.0,3.0,3.0,108.33333333333333,0.0,0.0,0.0,,
2005,1773.0,1.0,16.0,5.0,1.0,1.0,3.0,3.0,108.33333333333333,0.0,0.0,0.0,,
2005,1773.0,2.0,7.0,5.0,1.0,1.0,4.0,3.0,108.33333333333333,0.0,0.0,0.0,,
2005,1773.0,2.0,5.0,5.0,1.0,7.0,4.0,5.0,108.33333333333333,0.0,0.0,0.0,,
2005,1773.0,2.0,4.0,5.0,1.0,7.0,4.0,5.0,108.33333333333333,0.0,0.0,0.0,,
2005,1773.0,2.0,2.0,5.0,1.0,7.0,4.0,5.0,108.33333333333333,0.0,0.0,0.0,,
2005,1773.0,1.0,7.0,5.0,1.0,1.0,4.0,3.0,108.33333333333333,0.0,0.0,0.0,,
2005,1773.0,1.0,5.0,5.0,1.0,7.0,4.0,5.0,108.33333333333333,0.0,0.0,0.0,,
2005,1362.0,2.0,78.0,4.0,1.0,2.0,3.0,1.0,990.0,0.0,0.0,0.0,,
2005,1362.0,2.0,77.0,5.0,1.0,2.0,3.0,1.0,990.0,0.0,0.0,0.0,,
2005,1172.0,2.0,44.0,3.0,1.0,6.0,1.0,0.0,2733.3333333333335,1.0,0.0,3500.0,2.0,6.0
2005,1172.0,1.0,18.0,5.0,1.0,5.0,3.0,3.0,2733.3333333333335,0.0,0.0,0.0,,
2005,1172.0,1.0,14.0,5.0,1.0,3.0,3.0,3.0,2733.3333333333335,0.0,0.0,0.0,,
2005,1172.0,2.0,25.0,5.0,4.0,2.0,1.0,0.0,500.0,3.0,2.0,500.0,2.0,
2005,1247.0,1.0,50.0,3.0,1.0,6.0,1.0,0.0,1250.0,2.0,0.0,2500.0,2.0,2.0
2005,1247.0,1.0,20.0,5.0,4.0,5.0,1.0,0.0,1250.0,4.0,0.0,0.0,2.0,2.0
2005,1159.0,2.0,60.0,5.0,1.0,4.0,1.0,0.0,980.0,3.0,1.0,700.0,2.0,11.0
2005,1382.0,1.0,74.0,2.0,1.0,5.0,3.0,1.0,400.0,0.0,0.0,0.0,,
2005,1382.0,2.0,73.0,2.0,1.0,4.0,3.0,4.0,400.0,0.0,0.0,0.0,,
2005,1717.0,2.0,25.0,5.0,1.0,5.0,1.0,0.0,1800.0,3.0,1.0,1200.0,2.0,6.0
2005,966.0,2.0,48.0,5.0,1.0,2.0,1.0,0.0,460.0,3.0,2.0,160.0,2.0,
2005,966.0,1.0,18.0,5.0,4.0,3.0,2.0,0.0,460.0,3.0,0.0,0.0,,
2005,966.0,2.0,22.0,5.0,1.0,4.0,1.0,0.0,460.0,3.0,1.0,800.0,2.0,
2005,966.0,1.0,36.0,5.0,4.0,2.0,1.0,0.0,460.0,3.0,2.0,600.0,2.0,6.0
2005,966.0,1.0,34.0,5.0,4.0,2.0,1.0,0.0,460.0,3.0,2.0,600.0,2.0,6.0
2005,966.0,1.0,21.0,5.0,4.0,2.0,1.0,0.0,460.0,3.0,2.0,600.0,2.0,2.0
2005,1469.0,1.0,25.0,2.0,1.0,4.0,1.0,0.0,333.3333333333333,3.0,2.0,1000.0,2.0,6.0
2005,1469.0,2.0,26.0,2.0,1.0,6.0,2.0,0.0,333.3333333333333,3.0,0.0,0.0,,
2005,1469.0,1.0,2.0,5.0,1.0,7.0,4.0,5.0,333.3333333333333,0.0,0.0,0.0,,
2005,1351.0,1.0,60.0,2.0,1.0,2.0,3.0,6.0,616.6666666666666,0.0,0.0,0.0,,
2005,1351.0,2.0,56.0,2.0,1.0,4.0,1.0,0.0,616.6666666666666,3.0,1.0,650.0,2.0,
2005,1351.0,1.0,21.0,5.0,1.0,4.0,1.0,0.0,616.6666666666666,3.0,2.0,0.0,2.0,
2005,1285.0,1.0,41.0,2.0,1.0,3.0,1.0,0.0,370.0,3.0,1.0,1500.0,2.0,10.0
2005,1285.0,2.0,31.0,2.0,1.0,6.0,1.0,0.0,370.0,3.0,1.0,350.0,1.0,
2005,1285.0,2.0,8.0,5.0,1.0,1.0,4.0,3.0,370.0,0.0,0.0,0.0,,
2005,1285.0,2.0,7.0,5.0,1.0,1.0,4.0,3.0,370.0,0.0,0.0,0.0,,
2005,1285.0,1.0,4.0,5.0,1.0,7.0,4.0,5.0,370.0,0.0,0.0,0.0,,
2005,1142.0,1.0,42.0,2.0,1.0,5.0,1.0,0.0,1070.0,3.0,1.0,2880.0,2.0,8.0
2005,1142.0,2.0,40.0,2.0,1.0,5.0,3.0,4.0,1070.0,0.0,0.0,0.0,,
2005,1142.0,1.0,16.0,5.0,1.0,3.0,3.0,3.0,1070.0,0.0,0.0,0.0,,
2005,1142.0,1.0,14.0,5.0,1.0,3.0,3.0,3.0,1070.0,0.0,0.0,0.0,,
2005,1193.0,1.0,31.0,3.0,1.0,4.0,1.0,0.0,1650.0,3.0,1.0,1050.0,1.0,11.0
2005,1193.0,1.0,36.0,5.0,1.0,4.0,1.0,0.0,1650.0,3.0,1.0,1250.0,2.0,11.0
2005,1609.0,1.0,66.0,2.0,1.0,2.0,3.0,1.0,370.0,0.0,0.0,0.0,,
2005,1609.0,2.0,58.0,2.0,1.0,2.0,1.0,0.0,370.0,3.0,2.0,350.0,2.0,
2005,1241.0,1.0,66.0,2.0,1.0,6.0,3.0,1.0,413.3333333333333,0.0,0.0,0.0,,
2005,1241.0,2.0,57.0,2.0,1.0,6.0,1.0,0.0,413.3333333333333,3.0,1.0,350.0,2.0,2.0
2005,1241.0,1.0,22.0,5.0,1.0,5.0,1.0,0.0,413.3333333333333,3.0,1.0,360.0,2.0,6.0
2005,1329.0,2.0,62.0,5.0,4.0,6.0,1.0,0.0,1030.0,3.0,1.0,250.0,2.0,9.0
2005,1026.0,1.0,23.0,1.0,1.0,4.0,1.0,0.0,1200.0,3.0,1.0,800.0,2.0,4.0
2005,1026.0,2.0,24.0,1.0,1.0,4.0,1.0,0.0,1200.0,3.0,1.0,800.0,2.0,6.0
2005,1130.0,2.0,37.0,3.0,1.0,5.0,1.0,0.0,1100.0,2.0,0.0,800.0,2.0,1.0
2005,1028.0,1.0,32.0,2.0,1.0,5.0,1.0,0.0,725.0,3.0,1.0,800.0,2.0,8.0
2005,1028.0,2.0,29.0,2.0,1.0,5.0,1.0,0.0,725.0,3.0,1.0,650.0,2.0,7.0
2005,1020.0,2.0,47.0,4.0,1.0,3.0,1.0,0.0,850.0,2.0,0.0,300.0,2.0,1.0
2005,1336.0,1.0,35.0,2.0,1.0,6.0,1.0,0.0,1333.3333333333333,1.0,0.0,1000.0,2.0,3.0
2005,1336.0,2.0,33.0,2.0,1.0,5.0,1.0,0.0,1333.3333333333333,1.0,0.0,3000.0,2.0,2.0
2005,1336.0,2.0,4.0,5.0,1.0,7.0,4.0,5.0,1333.3333333333333,0.0,0.0,0.0,,
2005,1176.0,2.0,43.0,3.0,1.0,6.0,1.0,0.0,500.0,3.0,1.0,1500.0,2.0,12.0
2005,1176.0,2.0,15.0,5.0,1.0,3.0,3.0,3.0,500.0,0.0,0.0,0.0,,
2005,1176.0,2.0,12.0,5.0,1.0,1.0,3.0,3.0,500.0,0.0,0.0,0.0,,
2005,933.0,1.0,54.0,2.0,2.0,6.0,1.0,0.0,1475.0,3.0,1.0,3000.0,2.0,9.0
2005,933.0,2.0,51.0,2.0,2.0,6.0,1.0,0.0,1475.0,3.0,1.0,3500.0,1.0,10.0
2005,933.0,1.0,23.0,1.0,12.0,5.0,1.0,0.0,1475.0,3.0,1.0,1750.0,2.0,12.0
2005,933.0,2.0,21.0,5.0,2.0,5.0,1.0,0.0,1475.0,3.0,1.0,600.0,2.0,8.0
2005,933.0,2.0,23.0,1.0,12.0,3.0,3.0,7.0,1475.0,0.0,0.0,0.0,,
2005,933.0,2.0,2.0,5.0,12.0,7.0,4.0,5.0,1475.0,0.0,0.0,0.0,,
2005,1112.0,1.0,37.0,2.0,2.0,6.0,1.0,0.0,900.0,1.0,0.0,1200.0,2.0,6.0
2005,1112.0,2.0,42.0,2.0,2.0,5.0,1.0,0.0,900.0,1.0,0.0,1200.0,2.0,6.0
2005,1112.0,2.0,6.0,5.0,2.0,1.0,4.0,3.0,900.0,0.0,0.0,0.0,,
2005,1112.0,2.0,15.0,5.0,2.0,3.0,3.0,3.0,900.0,0.0,0.0,0.0,,
2005,1166.0,1.0,38.0,2.0,1.0,5.0,1.0,0.0,320.0,3.0,1.0,960.0,1.0,5.0
2005,1166.0,2.0,41.0,2.0,1.0,3.0,3.0,4.0,320.0,0.0,0.0,0.0,,
2005,1166.0,2.0,7.0,5.0,1.0,1.0,4.0,3.0,320.0,0.0,0.0,0.0,,
2005,1596.0,2.0,77.0,4.0,1.0,4.0,3.0,1.0,645.0,0.0,0.0,0.0,,
2005,1492.0,1.0,69.0,2.0,2.0,3.0,3.0,1.0,1033.3333333333333,0.0,0.0,0.0,,
2005,1492.0,2.0,69.0,2.0,2.0,2.0,3.0,1.0,1033.3333333333333,0.0,0.0,0.0,,
2005,1492.0,1.0,33.0,5.0,1.0,4.0,1.0,0.0,1033.3333333333333,3.0,1.0,1200.0,1.0,
2005,1071.0,2.0,66.0,3.0,4.0,2.0,1.0,0.0,150.0,3.0,2.0,150.0,1.0,6.0
2005,1239.0,1.0,32.0,1.0,4.0,2.0,1.0,0.0,885.5,3.0,2.0,600.0,2.0,8.0
2005,1239.0,2.0,27.0,1.0,1.0,4.0,1.0,0.0,885.5,3.0,1.0,791.0,2.0,6.0
2005,1233.0,1.0,50.0,2.0,1.0,2.0,1.0,0.0,120.0,3.0,1.0,400.0,1.0,
2005,1233.0,2.0,49.0,2.0,1.0,3.0,3.0,4.0,120.0,0.0,0.0,0.0,,
2005,1233.0,2.0,28.0,5.0,4.0,3.0,1.0,0.0,120.0,2.0,0.0,200.0,2.0,1.0
2005,1233.0,2.0,12.0,5.0,1.0,1.0,3.0,3.0,120.0,0.0,0.0,0.0,,
2005,1233.0,1.0,8.0,5.0,4.0,1.0,4.0,3.0,120.0,0.0,0.0,0.0,,
2005,1046.0,2.0,67.0,4.0,1.0,2.0,1.0,0.0,333.3333333333333,3.0,1.0,500.0,1.0,6.0
2005,1046.0,2.0,36.0,2.0,1.0,4.0,1.0,0.0,333.3333333333333,3.0,1.0,800.0,1.0,12.0
2005,1046.0,1.0,40.0,2.0,1.0,3.0,1.0,0.0,333.3333333333333,3.0,1.0,700.0,2.0,7.0
2005,1046.0,2.0,10.0,5.0,1.0,1.0,3.0,3.0,333.3333333333333,0.0,0.0,0.0,,
2005,1046.0,2.0,8.0,5.0,1.0,1.0,4.0,3.0,333.3333333333333,0.0,0.0,0.0,,
2005,1046.0,1.0,4.0,5.0,1.0,7.0,4.0,5.0,333.3333333333333,0.0,0.0,0.0,,
2005,1522.0,1.0,24.0,5.0,4.0,1.0,1.0,0.0,350.0,3.0,2.0,400.0,2.0,2.0
2005,1522.0,1.0,22.0,5.0,4.0,1.0,1.0,0.0,350.0,3.0,2.0,300.0,2.0,6.0
2005,1185.0,1.0,51.0,2.0,1.0,2.0,1.0,0.0,750.0,3.0,1.0,1500.0,2.0,12.0
2005,1185.0,2.0,61.0,2.0,1.0,3.0,3.0,4.0,750.0,0.0,0.0,0.0,,
2005,1759.0,1.0,63.0,1.0,1.0,3.0,1.0,0.0,535.0,3.0,2.0,500.0,2.0,
2005,1759.0,2.0,62.0,1.0,1.0,2.0,1.0,0.0,535.0,3.0,1.0,570.0,2.0,11.0
2005,1506.0,1.0,68.0,2.0,4.0,1.0,3.0,2.0,40.0,0.0,0.0,0.0,,
2005,1506.0,2.0,62.0,2.0,4.0,1.0,3.0,4.0,40.0,0.0,0.0,0.0,,
2005,1092.0,1.0,64.0,2.0,4.0,1.0,1.0,0.0,283.3333333333333,3.0,2.0,400.0,2.0,
2005,1092.0,2.0,62.0,2.0,4.0,2.0,3.0,4.0,283.3333333333333,0.0,0.0,0.0,,
2005,1092.0,2.0,28.0,5.0,1.0,3.0,1.0,0.0,283.3333333333333,3.0,1.0,450.0,2.0,
2005,972.0,1.0,56.0,1.0,1.0,2.0,1.0,0.0,400.0,3.0,1.0,800.0,2.0,10.0
2005,972.0,2.0,58.0,1.0,1.0,2.0,2.0,0.0,400.0,3.0,0.0,0.0,,
2005,1013.0,2.0,53.0,5.0,4.0,2.0,1.0,0.0,606.6666666666666,2.0,0.0,200.0,2.0,2.0
2005,1013.0,2.0,44.0,5.0,4.0,2.0,1.0,0.0,606.6666666666666,2.0,0.0,800.0,2.0,2.0
2005,1013.0,2.0,71.0,4.0,1.0,2.0,1.0,0.0,606.6666666666666,3.0,2.0,220.0,2.0,
2005,964.0,1.0,81.0,2.0,1.0,2.0,3.0,1.0,176.0,0.0,0.0,0.0,,
2005,964.0,2.0,70.0,2.0,1.0,2.0,3.0,4.0,176.0,0.0,0.0,0.0,,
2005,1522.0,1.0,31.0,1.0,1.0,2.0,2.0,0.0,253.33333333333334,3.0,0.0,0.0,,
2005,1522.0,2.0,28.0,1.0,1.0,3.0,3.0,4.0,253.33333333333334,0.0,0.0,0.0,,
2005,1522.0,2.0,2.0,5.0,1.0,7.0,4.0,5.0,253.33333333333334,0.0,0.0,0.0,,
2005,1135.0,1.0,73.0,2.0,1.0,2.0,3.0,1.0,225.0,0.0,0.0,0.0,,
2005,1135.0,2.0,80.0,2.0,1.0,2.0,3.0,4.0,225.0,0.0,0.0,0.0,,
2005,1100.0,1.0,55.0,2.0,4.0,2.0,1.0,0.0,380.0,3.0,2.0,600.0,2.0,2.0
2005,1100.0,2.0,62.0,2.0,4.0,2.0,1.0,0.0,380.0,3.0,2.0,440.0,2.0,
2005,1100.0,2.0,26.0,5.0,1.0,5.0,2.0,0.0,380.0,0.0,0.0,0.0,,
2005,1100.0,1.0,20.0,5.0,4.0,3.0,1.0,0.0,380.0,3.0,2.0,480.0,2.0,5.0
2005,1261.0,1.0,75.0,2.0,1.0,2.0,3.0,1.0,300.0,0.0,0.0,0.0,,
2005,1261.0,2.0,74.0,2.0,1.0,4.0,1.0,0.0,300.0,2.0,0.0,300.0,2.0,3.0
2005,1261.0,2.0,34.0,5.0,4.0,5.0,1.0,0.0,300.0,2.0,0.0,300.0,2.0,3.0
2005,1261.0,2.0,43.0,5.0,4.0,3.0,1.0,0.0,300.0,2.0,0.0,300.0,2.0,3.0
2005,2090.0,2.0,41.0,5.0,4.0,7.0,1.0,0.0,100.71428571428571,3.0,2.0,150.0,2.0,9.0
2005,2090.0,1.0,26.0,5.0,4.0,2.0,2.0,0.0,100.71428571428571,2.0,0.0,0.0,,
2005,2090.0,2.0,21.0,5.0,4.0,2.0,3.0,4.0,100.71428571428571,0.0,0.0,0.0,,
2005,2090.0,1.0,19.0,5.0,4.0,3.0,1.0,0.0,100.71428571428571,3.0,2.0,300.0,2.0,6.0
2005,2090.0,1.0,17.0,5.0,4.0,3.0,3.0,7.0,100.71428571428571,0.0,0.0,0.0,,
2005,2090.0,2.0,16.0,5.0,4.0,3.0,3.0,3.0,100.71428571428571,0.0,0.0,0.0,,
2005,2090.0,1.0,14.0,5.0,4.0,1.0,3.0,3.0,100.71428571428571,0.0,0.0,0.0,,
2005,1001.0,1.0,76.0,1.0,2.0,5.0,1.0,0.0,500.0,2.0,0.0,1000.0,2.0,1.0
2005,1001.0,2.0,71.0,1.0,2.0,5.0,2.0,0.0,500.0,3.0,0.0,0.0,,
2005,1226.0,2.0,61.0,3.0,1.0,2.0,1.0,0.0,366.6666666666667,3.0,1.0,800.0,2.0,7.0
2005,1226.0,2.0,84.0,4.0,1.0,1.0,3.0,1.0,366.6666666666667,0.0,0.0,0.0,,
2005,1226.0,1.0,34.0,5.0,4.0,2.0,2.0,0.0,366.6666666666667,3.0,0.0,0.0,,
2005,1235.0,1.0,35.0,2.0,1.0,6.0,1.0,0.0,1250.0,3.0,1.0,1500.0,2.0,4.0
2005,1235.0,2.0,34.0,2.0,1.0,6.0,1.0,0.0,1250.0,2.0,0.0,1500.0,2.0,2.0
2005,1235.0,2.0,2.0,5.0,1.0,7.0,4.0,5.0,1250.0,0.0,0.0,0.0,,
2005,1112.0,1.0,72.0,5.0,1.0,2.0,3.0,1.0,525.0,0.0,0.0,0.0,,
2005,1271.0,1.0,44.0,2.0,1.0,4.0,1.0,0.0,187.5,3.0,1.0,500.0,2.0,11.0
2005,1271.0,2.0,35.0,2.0,1.0,4.0,3.0,4.0,187.5,0.0,0.0,0.0,,
2005,1271.0,1.0,3.0,5.0,1.0,7.0,4.0,5.0,187.5,0.0,0.0,0.0,,
2005,1271.0,1.0,1.0,5.0,1.0,7.0,4.0,5.0,187.5,0.0,0.0,0.0,,
2005,1053.0,1.0,66.0,3.0,4.0,4.0,1.0,0.0,144.0,3.0,2.0,144.0,2.0,
2005,1156.0,1.0,43.0,1.0,1.0,3.0,1.0,0.0,525.0,3.0,1.0,1500.0,2.0,7.0
2005,1156.0,2.0,36.0,1.0,1.0,4.0,1.0,0.0,525.0,2.0,0.0,600.0,2.0,1.0
2005,1156.0,1.0,6.0,5.0,1.0,1.0,4.0,3.0,525.0,0.0,0.0,0.0,,
2005,1156.0,1.0,3.0,5.0,1.0,7.0,4.0,5.0,525.0,0.0,0.0,0.0,,
2005,1052.0,1.0,51.0,2.0,1.0,4.0,1.0,0.0,232.5,3.0,1.0,580.0,2.0,8.0
2005,1052.0,2.0,44.0,2.0,1.0,4.0,1.0,0.0,232.5,3.0,1.0,350.0,2.0,3.0
2005,1052.0,2.0,18.0,5.0,1.0,3.0,3.0,3.0,232.5,0.0,0.0,0.0,,
2005,1052.0,2.0,14.0,5.0,1.0,3.0,3.0,3.0,232.5,0.0,0.0,0.0,,
2005,933.0,1.0,36.0,1.0,1.0,2.0,1.0,0.0,150.0,3.0,1.0,1050.0,2.0,6.0
2005,933.0,2.0,33.0,1.0,4.0,4.0,2.0,0.0,150.0,3.0,0.0,0.0,,
2005,933.0,2.0,14.0,5.0,1.0,3.0,3.0,3.0,150.0,0.0,0.0,0.0,,
2005,933.0,1.0,12.0,5.0,1.0,1.0,3.0,3.0,150.0,0.0,0.0,0.0,,
2005,933.0,2.0,10.0,5.0,1.0,1.0,3.0,3.0,150.0,0.0,0.0,0.0,,
2005,933.0,2.0,4.0,5.0,1.0,7.0,4.0,5.0,150.0,0.0,0.0,0.0,,
2005,933.0,1.0,1.0,5.0,1.0,7.0,4.0,5.0,150.0,0.0,0.0,0.0,,
2005,1282.0,1.0,46.0,1.0,4.0,2.0,1.0,0.0,217.5,2.0,0.0,170.0,2.0,1.0
2005,1282.0,2.0,46.0,1.0,4.0,4.0,1.0,0.0,217.5,3.0,2.0,50.0,2.0,
2005,1282.0,2.0,12.0,5.0,4.0,1.0,3.0,3.0,217.5,0.0,0.0,0.0,,
2005,1282.0,1.0,20.0,5.0,4.0,4.0,1.0,0.0,217.5,3.0,2.0,500.0,2.0,4.0
2005,1141.0,2.0,37.0,3.0,1.0,4.0,1.0,0.0,137.5,3.0,2.0,150.0,1.0,
2005,1141.0,1.0,12.0,5.0,1.0,1.0,3.0,3.0,137.5,0.0,0.0,0.0,,
2005,1141.0,1.0,10.0,5.0,4.0,1.0,3.0,3.0,137.5,0.0,0.0,0.0,,
2005,1141.0,1.0,,5.0,4.0,7.0,4.0,5.0,137.5,0.0,0.0,0.0,,
2005,1498.0,1.0,66.0,2.0,2.0,6.0,1.0,0.0,800.0,2.0,0.0,3000.0,2.0,1.0
2005,1498.0,2.0,63.0,2.0,2.0,6.0,3.0,4.0,800.0,0.0,0.0,0.0,,
2005,1498.0,1.0,26.0,5.0,2.0,5.0,2.0,0.0,800.0,0.0,0.0,0.0,,
2005,1498.0,1.0,15.0,5.0,2.0,3.0,3.0,3.0,800.0,0.0,0.0,0.0,,
2005,1307.0,1.0,38.0,2.0,1.0,5.0,1.0,0.0,1300.0,3.0,1.0,2500.0,2.0,11.0
2005,1307.0,2.0,36.0,2.0,1.0,5.0,1.0,0.0,1300.0,3.0,1.0,2700.0,2.0,8.0
2005,1307.0,1.0,10.0,5.0,1.0,1.0,3.0,3.0,1300.0,0.0,0.0,0.0,,
2005,1307.0,1.0,7.0,5.0,1.0,1.0,4.0,3.0,1300.0,0.0,0.0,0.0,,
2005,1881.0,1.0,37.0,1.0,1.0,4.0,1.0,0.0,300.0,3.0,1.0,1200.0,1.0,12.0
2005,1881.0,2.0,27.0,1.0,1.0,6.0,2.0,0.0,300.0,0.0,0.0,0.0,,
2005,1881.0,1.0,9.0,5.0,1.0,1.0,4.0,3.0,300.0,0.0,0.0,0.0,,
2005,1881.0,2.0,5.0,5.0,1.0,7.0,4.0,5.0,300.0,0.0,0.0,0.0,,
2005,1218.0,2.0,51.0,5.0,4.0,2.0,2.0,0.0,175.0,0.0,0.0,0.0,,
2005,1218.0,2.0,17.0,5.0,4.0,3.0,3.0,3.0,175.0,0.0,0.0,0.0,,
2005,1352.0,1.0,51.0,1.0,4.0,2.0,1.0,0.0,93.33333333333333,3.0,2.0,0.0,2.0,3.0
2005,1352.0,2.0,38.0,1.0,4.0,7.0,1.0,0.0,93.33333333333333,3.0,2.0,0.0,1.0,6.0
2005,1352.0,1.0,19.0,5.0,4.0,2.0,1.0,0.0,93.33333333333333,3.0,2.0,240.0,2.0,
2005,1352.0,1.0,16.0,5.0,4.0,2.0,2.0,0.0,93.33333333333333,3.0,0.0,0.0,,
2005,1352.0,2.0,15.0,5.0,4.0,2.0,3.0,4.0,93.33333333333333,0.0,0.0,0.0,,
2005,1352.0,2.0,13.0,5.0,4.0,1.0,3.0,3.0,93.33333333333333,0.0,0.0,0.0,,
2005,1352.0,2.0,10.0,5.0,4.0,1.0,3.0,3.0,93.33333333333333,0.0,0.0,0.0,,
2005,1352.0,1.0,3.0,5.0,4.0,7.0,4.0,5.0,93.33333333333333,0.0,0.0,0.0,,
2005,1352.0,2.0,2.0,5.0,4.0,7.0,4.0,5.0,93.33333333333333,0.0,0.0,0.0,,
2005,1328.0,1.0,28.0,1.0,4.0,3.0,1.0,0.0,7.5,2.0,0.0,30.0,2.0,1.0
2005,1328.0,2.0,22.0,1.0,4.0,3.0,3.0,4.0,7.5,0.0,0.0,0.0,,
2005,1328.0,1.0,3.0,5.0,4.0,7.0,4.0,5.0,7.5,0.0,0.0,0.0,,
2005,1328.0,1.0,,5.0,4.0,7.0,4.0,5.0,7.5,0.0,0.0,0.0,,
2005,1149.0,1.0,62.0,4.0,1.0,1.0,2.0,0.0,200.0,2.0,0.0,0.0,,
2005,1290.0,1.0,27.0,2.0,4.0,4.0,1.0,0.0,500.0,3.0,1.0,1050.0,2.0,
2005,1290.0,2.0,23.0,2.0,4.0,5.0,3.0,4.0,500.0,0.0,0.0,0.0,,
2005,1290.0,2.0,2.0,5.0,4.0,7.0,4.0,5.0,500.0,0.0,0.0,0.0,,
2005,1295.0,1.0,41.0,2.0,1.0,4.0,1.0,0.0,200.0,3.0,1.0,800.0,1.0,12.0
2005,1295.0,2.0,42.0,2.0,1.0,2.0,3.0,4.0,200.0,0.0,0.0,0.0,,
2005,1295.0,1.0,11.0,5.0,1.0,1.0,3.0,3.0,200.0,0.0,0.0,0.0,,
2005,1295.0,2.0,9.0,5.0,1.0,1.0,4.0,3.0,200.0,0.0,0.0,0.0,,
2005,1263.0,1.0,83.0,4.0,1.0,1.0,3.0,1.0,600.0,0.0,0.0,0.0,,
2005,1428.0,1.0,62.0,2.0,1.0,6.0,1.0,0.0,580.0,2.0,0.0,0.0,2.0,1.0
2005,1428.0,2.0,62.0,2.0,1.0,4.0,1.0,0.0,580.0,2.0,0.0,200.0,2.0,7.0
2005,1428.0,1.0,32.0,5.0,,3.0,1.0,0.0,580.0,2.0,0.0,1500.0,2.0,1.0
2005,1428.0,1.0,30.0,5.0,1.0,6.0,1.0,0.0,580.0,3.0,1.0,1200.0,2.0,
2005,1428.0,1.0,26.0,5.0,1.0,5.0,2.0,0.0,580.0,3.0,0.0,0.0,,
2005,1194.0,2.0,54.0,5.0,4.0,2.0,1.0,0.0,206.66666666666666,2.0,0.0,160.0,2.0,1.0
2005,1194.0,1.0,30.0,5.0,4.0,3.0,1.0,0.0,206.66666666666666,3.0,2.0,100.0,2.0,2.0
2005,1194.0,1.0,15.0,5.0,4.0,3.0,3.0,3.0,206.66666666666666,0.0,0.0,0.0,,
2005,971.0,1.0,63.0,2.0,4.0,2.0,1.0,0.0,150.0,3.0,2.0,300.0,2.0,3.0
2005,971.0,2.0,67.0,2.0,4.0,2.0,3.0,4.0,150.0,0.0,0.0,0.0,,
2005,971.0,2.0,13.0,5.0,1.0,3.0,3.0,3.0,150.0,0.0,0.0,0.0,,
2005,1137.0,1.0,60.0,2.0,2.0,6.0,1.0,0.0,666.6666666666666,2.0,0.0,2000.0,2.0,1.0
2005,1137.0,2.0,62.0,2.0,2.0,5.0,3.0,4.0,666.6666666666666,0.0,0.0,0.0,,
2005,1137.0,2.0,30.0,5.0,2.0,6.0,1.0,0.0,666.6666666666666,3.0,2.0,0.0,1.0,
2005,1483.0,1.0,26.0,1.0,1.0,6.0,1.0,0.0,1295.0,3.0,2.0,1000.0,2.0,3.0
2005,1483.0,2.0,27.0,1.0,1.0,6.0,1.0,0.0,1295.0,3.0,1.0,590.0,1.0,8.0
2005,1473.0,1.0,52.0,2.0,1.0,2.0,1.0,0.0,825.0,3.0,1.0,1100.0,1.0,6.0
2005,1473.0,2.0,29.0,2.0,1.0,3.0,3.0,3.0,825.0,0.0,0.0,0.0,,
2005,1213.0,1.0,73.0,5.0,1.0,2.0,1.0,0.0,300.0,3.0,2.0,300.0,2.0,1.0
2005,1651.0,2.0,76.0,3.0,4.0,2.0,3.0,4.0,0.0,0.0,0.0,0.0,,
2005,1144.0,1.0,52.0,2.0,4.0,2.0,1.0,0.0,200.0,2.0,0.0,250.0,2.0,2.0
2005,1144.0,2.0,52.0,2.0,4.0,2.0,1.0,0.0,200.0,2.0,0.0,350.0,2.0,2.0
2005,1144.0,2.0,14.0,5.0,4.0,3.0,3.0,3.0,200.0,0.0,0.0,0.0,,
2005,1009.0,2.0,67.0,4.0,1.0,7.0,3.0,1.0,400.0,0.0,0.0,0.0,,
2005,1060.0,1.0,64.0,2.0,1.0,1.0,3.0,1.0,465.0,0.0,0.0,0.0,,
2005,1060.0,2.0,60.0,2.0,1.0,4.0,3.0,4.0,465.0,0.0,0.0,0.0,,
2005,1145.0,1.0,55.0,2.0,4.0,5.0,1.0,0.0,180.0,3.0,2.0,300.0,2.0,
2005,1145.0,2.0,54.0,2.0,4.0,4.0,3.0,4.0,180.0,0.0,0.0,0.0,,
2005,1145.0,1.0,33.0,5.0,1.0,4.0,1.0,0.0,180.0,3.0,2.0,600.0,1.0,
2005,1145.0,1.0,26.0,5.0,4.0,4.0,3.0,4.0,180.0,0.0,0.0,0.0,,
2005,1145.0,2.0,19.0,5.0,4.0,4.0,3.0,7.0,180.0,0.0,0.0,0.0,,
2005,1154.0,1.0,59.0,2.0,1.0,6.0,3.0,4.0,500.0,0.0,0.0,0.0,,
2005,1154.0,2.0,58.0,2.0,1.0,6.0,1.0,0.0,500.0,3.0,1.0,1000.0,2.0,7.0
2005,1154.0,1.0,18.0,5.0,1.0,3.0,3.0,3.0,500.0,0.0,0.0,0.0,,
2005,1189.0,1.0,60.0,2.0,1.0,2.0,1.0,0.0,566.6666666666666,2.0,0.0,700.0,2.0,1.0
2005,1189.0,2.0,58.0,2.0,1.0,4.0,3.0,4.0,566.6666666666666,0.0,0.0,0.0,,
2005,1189.0,2.0,25.0,5.0,1.0,5.0,1.0,0.0,566.6666666666666,3.0,1.0,1000.0,2.0,12.0
2005,1012.0,1.0,63.0,1.0,4.0,2.0,1.0,0.0,90.0,2.0,0.0,30.0,2.0,2.0
2005,1012.0,2.0,64.0,1.0,4.0,4.0,1.0,0.0,90.0,2.0,0.0,100.0,2.0,2.0
2005,1285.0,1.0,66.0,5.0,4.0,4.0,3.0,1.0,1200.0,0.0,0.0,0.0,,
2005,1042.0,1.0,51.0,2.0,1.0,4.0,1.0,0.0,712.5,3.0,1.0,1200.0,2.0,9.0
2005,1042.0,2.0,55.0,2.0,1.0,4.0,1.0,0.0,712.5,3.0,1.0,700.0,1.0,11.0
2005,1042.0,2.0,19.0,5.0,1.0,5.0,3.0,3.0,712.5,0.0,0.0,0.0,,
2005,1042.0,1.0,1.0,5.0,4.0,7.0,4.0,5.0,712.5,0.0,0.0,0.0,,
2005,1419.0,1.0,47.0,3.0,4.0,2.0,1.0,0.0,400.0,2.0,0.0,100.0,2.0,2.0
2005,1419.0,1.0,23.0,3.0,1.0,3.0,1.0,0.0,400.0,3.0,1.0,1000.0,2.0,6.0
2005,1419.0,1.0,21.0,5.0,4.0,3.0,1.0,0.0,400.0,2.0,0.0,100.0,2.0,2.0
2005,1695.0,1.0,24.0,1.0,1.0,2.0,1.0,0.0,150.0,3.0,1.0,600.0,1.0,3.0
2005,1695.0,2.0,26.0,1.0,4.0,2.0,3.0,4.0,150.0,0.0,0.0,0.0,,
2005,1695.0,2.0,8.0,5.0,4.0,1.0,4.0,3.0,150.0,0.0,0.0,0.0,,
2005,1695.0,1.0,2.0,5.0,1.0,7.0,4.0,5.0,150.0,0.0,0.0,0.0,,
2005,1877.0,1.0,47.0,2.0,1.0,1.0,1.0,0.0,606.6666666666666,3.0,1.0,620.0,2.0,
2005,1877.0,2.0,57.0,2.0,1.0,1.0,1.0,0.0,606.6666666666666,3.0,1.0,600.0,1.0,7.0
2005,1877.0,1.0,18.0,5.0,1.0,3.0,3.0,3.0,606.6666666666666,0.0,0.0,0.0,,
2005,1326.0,1.0,29.0,2.0,4.0,5.0,1.0,0.0,200.0,3.0,2.0,600.0,2.0,4.0
2005,1326.0,2.0,34.0,2.0,4.0,6.0,1.0,0.0,200.0,3.0,2.0,0.0,2.0,2.0
2005,1326.0,2.0,1.0,5.0,4.0,7.0,4.0,5.0,200.0,0.0,0.0,0.0,,
2005,1134.0,2.0,65.0,4.0,1.0,2.0,3.0,1.0,500.0,0.0,0.0,0.0,,
2005,1079.0,1.0,71.0,2.0,4.0,1.0,3.0,7.0,152.5,0.0,0.0,0.0,,
2005,1079.0,2.0,69.0,2.0,4.0,1.0,1.0,0.0,152.5,2.0,0.0,250.0,2.0,1.0
2005,1079.0,2.0,41.0,3.0,4.0,4.0,3.0,1.0,152.5,0.0,0.0,0.0,,
2005,1079.0,2.0,19.0,5.0,4.0,4.0,3.0,4.0,152.5,0.0,0.0,0.0,,
2005,1096.0,1.0,83.0,2.0,1.0,1.0,3.0,1.0,250.0,0.0,0.0,0.0,,
2005,1096.0,2.0,75.0,2.0,1.0,1.0,3.0,4.0,250.0,0.0,0.0,0.0,,
2005,1145.0,1.0,70.0,2.0,1.0,1.0,1.0,0.0,690.0,3.0,2.0,500.0,2.0,6.0
2005,1145.0,2.0,71.0,2.0,1.0,1.0,3.0,1.0,690.0,0.0,0.0,0.0,,
2005,1145.0,1.0,36.0,2.0,1.0,2.0,1.0,0.0,690.0,3.0,1.0,700.0,2.0,6.0
2005,1145.0,2.0,33.0,2.0,1.0,2.0,1.0,0.0,690.0,3.0,1.0,500.0,2.0,5.0
2005,1065.0,1.0,54.0,3.0,4.0,3.0,1.0,0.0,289.0,2.0,0.0,150.0,2.0,1.0
2005,1065.0,2.0,75.0,4.0,1.0,2.0,3.0,1.0,289.0,0.0,0.0,0.0,,
2005,1792.0,1.0,58.0,2.0,1.0,6.0,1.0,0.0,2593.3333333333335,3.0,1.0,7600.0,2.0,9.0
2005,1792.0,2.0,55.0,2.0,1.0,6.0,1.0,0.0,2593.3333333333335,3.0,1.0,3000.0,2.0,4.0
2005,1792.0,1.0,24.0,5.0,1.0,5.0,1.0,0.0,2593.3333333333335,3.0,2.0,460.0,2.0,4.0
2005,1792.0,2.0,20.0,5.0,1.0,5.0,3.0,3.0,2593.3333333333335,0.0,0.0,0.0,,
2005,1792.0,1.0,22.0,5.0,1.0,5.0,3.0,3.0,2593.3333333333335,0.0,0.0,0.0,,
2005,1792.0,2.0,18.0,5.0,1.0,5.0,3.0,3.0,2593.3333333333335,0.0,0.0,0.0,,
2005,1076.0,1.0,50.0,2.0,2.0,1.0,1.0,0.0,766.6666666666666,2.0,0.0,1500.0,2.0,1.0
2005,1076.0,2.0,52.0,2.0,2.0,2.0,1.0,0.0,766.6666666666666,2.0,0.0,800.0,2.0,1.0
2005,1076.0,2.0,20.0,5.0,2.0,5.0,3.0,3.0,766.6666666666666,0.0,0.0,0.0,,
2005,1145.0,1.0,54.0,2.0,1.0,5.0,1.0,0.0,575.0,1.0,0.0,1000.0,2.0,5.0
2005,1145.0,2.0,58.0,2.0,1.0,6.0,3.0,1.0,575.0,0.0,0.0,0.0,,
2005,1145.0,1.0,19.0,5.0,1.0,5.0,3.0,3.0,575.0,0.0,0.0,0.0,,
2005,1145.0,2.0,14.0,5.0,1.0,3.0,3.0,3.0,575.0,0.0,0.0,0.0,,
2005,1496.0,2.0,59.0,4.0,1.0,2.0,1.0,0.0,850.0,3.0,2.0,200.0,2.0,
2005,1496.0,1.0,24.0,5.0,1.0,4.0,1.0,0.0,850.0,3.0,1.0,700.0,2.0,7.0
2005,1695.0,1.0,70.0,1.0,4.0,3.0,1.0,0.0,130.0,2.0,0.0,400.0,2.0,1.0
2005,1695.0,2.0,50.0,1.0,4.0,1.0,1.0,0.0,130.0,3.0,2.0,150.0,1.0,
2005,1695.0,1.0,21.0,5.0,4.0,2.0,2.0,0.0,130.0,3.0,0.0,0.0,,
2005,1695.0,2.0,17.0,5.0,4.0,3.0,3.0,7.0,130.0,0.0,0.0,0.0,,
2005,1695.0,1.0,9.0,5.0,4.0,1.0,4.0,3.0,130.0,0.0,0.0,0.0,,
2005,1330.0,1.0,38.0,2.0,1.0,6.0,1.0,0.0,1950.0,3.0,1.0,1000.0,1.0,12.0
2005,1330.0,2.0,34.0,2.0,1.0,6.0,1.0,0.0,1950.0,3.0,2.0,1000.0,1.0,12.0
2005,1514.0,1.0,36.0,2.0,1.0,3.0,1.0,0.0,293.3333333333333,3.0,1.0,800.0,2.0,7.0
2005,1514.0,2.0,35.0,2.0,1.0,3.0,1.0,0.0,293.3333333333333,2.0,0.0,100.0,2.0,1.0
2005,1514.0,1.0,12.0,5.0,1.0,1.0,3.0,3.0,293.3333333333333,0.0,0.0,0.0,,
2005,1514.0,1.0,10.0,5.0,1.0,1.0,3.0,3.0,293.3333333333333,0.0,0.0,0.0,,
2005,1514.0,1.0,4.0,5.0,1.0,7.0,4.0,5.0,293.3333333333333,0.0,0.0,0.0,,
2005,1514.0,1.0,24.0,5.0,4.0,4.0,1.0,0.0,293.3333333333333,3.0,2.0,480.0,2.0,2.0
2005,892.0,1.0,19.0,1.0,4.0,2.0,1.0,0.0,112.5,3.0,2.0,300.0,2.0,3.0
2005,892.0,2.0,23.0,1.0,4.0,4.0,3.0,4.0,112.5,0.0,0.0,0.0,,
2005,892.0,1.0,5.0,5.0,4.0,7.0,4.0,5.0,112.5,0.0,0.0,0.0,,
2005,892.0,1.0,,5.0,4.0,7.0,4.0,5.0,112.5,0.0,0.0,0.0,,
2005,1234.0,1.0,35.0,1.0,1.0,3.0,1.0,0.0,600.0,3.0,1.0,1000.0,2.0,8.0
2005,1234.0,2.0,35.0,1.0,1.0,5.0,1.0,0.0,600.0,2.0,0.0,300.0,2.0,1.0
2005,1234.0,2.0,4.0,5.0,1.0,7.0,4.0,5.0,600.0,0.0,0.0,0.0,,
2005,1213.0,1.0,48.0,1.0,4.0,2.0,1.0,0.0,231.25,3.0,2.0,0.0,2.0,2.0
2005,1213.0,2.0,67.0,1.0,4.0,2.0,2.0,0.0,231.25,2.0,0.0,0.0,,
2005,1213.0,2.0,31.0,3.0,4.0,2.0,1.0,0.0,231.25,3.0,2.0,500.0,2.0,
2005,1213.0,2.0,3.0,5.0,4.0,7.0,4.0,5.0,231.25,0.0,0.0,0.0,,
2005,1156.0,1.0,83.0,2.0,1.0,2.0,3.0,1.0,260.0,0.0,0.0,0.0,,
2005,1156.0,2.0,75.0,2.0,1.0,1.0,3.0,4.0,260.0,0.0,0.0,0.0,,
2005,1204.0,1.0,59.0,2.0,4.0,6.0,1.0,0.0,425.0,2.0,0.0,450.0,2.0,1.0
2005,1204.0,2.0,57.0,2.0,4.0,2.0,1.0,0.0,425.0,2.0,0.0,400.0,2.0,1.0
2005,1069.0,2.0,58.0,4.0,1.0,3.0,3.0,1.0,690.0,0.0,0.0,0.0,,
2005,1069.0,2.0,20.0,5.0,1.0,4.0,1.0,0.0,690.0,3.0,1.0,730.0,2.0,
2005,1363.0,1.0,70.0,3.0,1.0,3.0,3.0,1.0,1150.0,0.0,0.0,0.0,,
2005,1470.0,1.0,43.0,1.0,4.0,4.0,1.0,0.0,410.0,3.0,2.0,350.0,2.0,5.0
2005,1470.0,2.0,39.0,1.0,4.0,3.0,3.0,3.0,410.0,0.0,0.0,0.0,,
2005,1470.0,1.0,19.0,5.0,1.0,5.0,1.0,0.0,410.0,3.0,1.0,1700.0,2.0,12.0
2005,1470.0,2.0,13.0,5.0,4.0,1.0,3.0,3.0,410.0,0.0,0.0,0.0,,
2005,1470.0,2.0,5.0,5.0,4.0,7.0,4.0,5.0,410.0,0.0,0.0,0.0,,
2005,946.0,2.0,78.0,4.0,1.0,2.0,3.0,1.0,450.0,0.0,0.0,0.0,,
2005,946.0,2.0,38.0,3.0,1.0,4.0,1.0,0.0,450.0,3.0,1.0,1000.0,2.0,
2005,946.0,2.0,12.0,5.0,1.0,1.0,3.0,3.0,450.0,0.0,0.0,0.0,,
2005,946.0,1.0,10.0,5.0,1.0,1.0,3.0,3.0,450.0,0.0,0.0,0.0,,
2005,1205.0,1.0,30.0,1.0,1.0,6.0,1.0,0.0,466.0,3.0,1.0,922.0,1.0,9.0
2005,1205.0,2.0,30.0,1.0,2.0,4.0,2.0,0.0,466.0,3.0,0.0,0.0,,
2005,1205.0,2.0,3.0,5.0,2.0,7.0,4.0,5.0,466.0,0.0,0.0,0.0,,
2005,1008.0,1.0,43.0,2.0,1.0,4.0,1.0,0.0,1047.75,3.0,1.0,1241.0,2.0,12.0
2005,1008.0,2.0,38.0,2.0,1.0,5.0,1.0,0.0,1047.75,3.0,1.0,1500.0,1.0,8.0
2005,1008.0,2.0,12.0,5.0,1.0,1.0,3.0,3.0,1047.75,0.0,0.0,0.0,,
2005,1008.0,2.0,11.0,5.0,1.0,1.0,3.0,3.0,1047.75,0.0,0.0,0.0,,
2005,1101.0,1.0,66.0,2.0,2.0,3.0,1.0,0.0,411.0,3.0,2.0,362.0,2.0,3.0
2005,1101.0,2.0,68.0,2.0,2.0,2.0,3.0,1.0,411.0,0.0,0.0,0.0,,
2005,1255.0,1.0,29.0,1.0,4.0,3.0,1.0,0.0,200.0,3.0,2.0,800.0,2.0,6.0
2005,1255.0,2.0,31.0,1.0,4.0,3.0,3.0,4.0,200.0,0.0,0.0,0.0,,
2005,1255.0,2.0,6.0,5.0,4.0,1.0,4.0,3.0,200.0,0.0,0.0,0.0,,
2005,1255.0,1.0,1.0,5.0,4.0,7.0,4.0,5.0,200.0,0.0,0.0,0.0,,
2005,1372.0,1.0,66.0,2.0,1.0,1.0,1.0,0.0,371.25,3.0,1.0,600.0,2.0,5.0
2005,1372.0,2.0,59.0,2.0,1.0,2.0,3.0,4.0,371.25,0.0,0.0,0.0,,
2005,1372.0,1.0,33.0,5.0,4.0,4.0,3.0,6.0,371.25,0.0,0.0,0.0,,
2005,1372.0,1.0,29.0,5.0,4.0,4.0,1.0,0.0,371.25,3.0,1.0,700.0,2.0,10.0
2005,1372.0,1.0,28.0,5.0,4.0,3.0,1.0,0.0,371.25,3.0,2.0,620.0,2.0,6.0
2005,1372.0,2.0,26.0,5.0,4.0,3.0,2.0,0.0,371.25,3.0,0.0,0.0,,
2005,1372.0,2.0,24.0,5.0,4.0,4.0,2.0,0.0,371.25,3.0,0.0,0.0,,
2005,1372.0,1.0,22.0,5.0,4.0,4.0,1.0,0.0,371.25,3.0,2.0,600.0,2.0,6.0
2005,1267.0,1.0,34.0,5.0,1.0,6.0,1.0,0.0,788.5,3.0,1.0,924.0,1.0,
2005,1267.0,2.0,54.0,4.0,1.0,3.0,3.0,1.0,788.5,0.0,0.0,0.0,,
2005,1267.0,2.0,25.0,5.0,1.0,5.0,1.0,0.0,788.5,3.0,2.0,50.0,2.0,12.0
2005,1267.0,2.0,18.0,5.0,1.0,5.0,1.0,0.0,788.5,3.0,2.0,80.0,2.0,12.0
2005,1127.0,1.0,58.0,3.0,4.0,4.0,1.0,0.0,520.0,3.0,2.0,520.0,2.0,7.0
2005,1526.0,2.0,64.0,4.0,1.0,5.0,1.0,0.0,695.0,2.0,0.0,600.0,2.0,1.0
2005,1526.0,1.0,33.0,5.0,2.0,5.0,1.0,0.0,695.0,3.0,2.0,1200.0,2.0,
2005,1526.0,1.0,27.0,5.0,1.0,5.0,1.0,0.0,695.0,3.0,1.0,680.0,2.0,8.0
2005,1526.0,1.0,26.0,5.0,4.0,4.0,2.0,0.0,695.0,0.0,0.0,0.0,,
2005,1570.0,1.0,40.0,2.0,1.0,3.0,1.0,0.0,612.0,3.0,1.0,1600.0,2.0,12.0
2005,1570.0,2.0,41.0,2.0,1.0,3.0,1.0,0.0,612.0,3.0,1.0,648.0,2.0,9.0
2005,1570.0,1.0,15.0,5.0,1.0,3.0,3.0,3.0,612.0,0.0,0.0,0.0,,
2005,1570.0,1.0,13.0,5.0,1.0,3.0,3.0,3.0,612.0,0.0,0.0,0.0,,
2005,1054.0,2.0,64.0,3.0,4.0,4.0,1.0,0.0,466.25,2.0,0.0,120.0,2.0,1.0
2005,1054.0,2.0,34.0,1.0,1.0,5.0,1.0,0.0,466.25,3.0,1.0,345.0,2.0,
2005,1054.0,1.0,35.0,1.0,1.0,5.0,1.0,0.0,466.25,3.0,1.0,1200.0,1.0,
2005,1054.0,2.0,,5.0,1.0,7.0,4.0,5.0,466.25,0.0,0.0,0.0,,
2005,1132.0,1.0,78.0,4.0,1.0,1.0,3.0,1.0,325.0,0.0,0.0,0.0,,
2005,1200.0,1.0,37.0,1.0,4.0,2.0,1.0,0.0,120.0,2.0,0.0,480.0,2.0,1.0
2005,1200.0,2.0,30.0,1.0,4.0,1.0,2.0,0.0,120.0,3.0,0.0,0.0,,
2005,1200.0,1.0,12.0,5.0,4.0,1.0,3.0,3.0,120.0,0.0,0.0,0.0,,
2005,1200.0,2.0,3.0,5.0,4.0,7.0,4.0,5.0,120.0,0.0,0.0,0.0,,
2005,1336.0,2.0,64.0,4.0,4.0,2.0,3.0,4.0,300.0,0.0,0.0,0.0,,
2005,1336.0,1.0,37.0,5.0,1.0,3.0,1.0,0.0,300.0,3.0,1.0,600.0,2.0,6.0
2005,1011.0,1.0,33.0,2.0,1.0,6.0,1.0,0.0,720.0,3.0,1.0,1400.0,2.0,10.0
2005,1011.0,2.0,32.0,2.0,1.0,4.0,1.0,0.0,720.0,3.0,1.0,1000.0,2.0,7.0
2005,1011.0,2.0,8.0,5.0,1.0,1.0,4.0,3.0,720.0,0.0,0.0,0.0,,
2005,1011.0,2.0,4.0,5.0,1.0,7.0,4.0,5.0,720.0,0.0,0.0,0.0,,
2005,1011.0,2.0,,5.0,1.0,7.0,4.0,5.0,720.0,0.0,0.0,0.0,,
2005,1072.0,2.0,61.0,3.0,4.0,2.0,3.0,4.0,500.0,0.0,0.0,0.0,,
2005,1107.0,2.0,72.0,4.0,4.0,1.0,3.0,1.0,300.0,0.0,0.0,0.0,,
2005,1450.0,1.0,32.0,1.0,4.0,2.0,1.0,0.0,250.0,3.0,2.0,600.0,2.0,6.0
2005,1450.0,2.0,29.0,1.0,4.0,3.0,1.0,0.0,250.0,3.0,2.0,150.0,1.0,5.0
2005,1450.0,2.0,4.0,5.0,4.0,7.0,4.0,5.0,250.0,0.0,0.0,0.0,,
2005,1605.0,2.0,49.0,4.0,1.0,2.0,1.0,0.0,41.8,3.0,1.0,0.0,2.0,2.0
2005,1605.0,1.0,27.0,1.0,4.0,3.0,2.0,0.0,41.8,3.0,0.0,0.0,,
2005,1605.0,2.0,37.0,1.0,4.0,2.0,1.0,0.0,41.8,3.0,2.0,0.0,2.0,
2005,1605.0,2.0,19.0,5.0,4.0,3.0,1.0,0.0,41.8,3.0,2.0,0.0,2.0,
2005,1605.0,2.0,48.0,5.0,4.0,2.0,3.0,4.0,41.8,0.0,0.0,0.0,,
2005,1047.0,1.0,55.0,1.0,1.0,1.0,1.0,0.0,183.0,3.0,1.0,900.0,2.0,
2005,1047.0,2.0,57.0,1.0,1.0,1.0,3.0,1.0,183.0,0.0,0.0,0.0,,
2005,1047.0,2.0,36.0,5.0,4.0,2.0,3.0,7.0,183.0,0.0,0.0,0.0,,
2005,1047.0,2.0,34.0,5.0,1.0,2.0,2.0,0.0,183.0,3.0,0.0,0.0,,
2005,1047.0,2.0,9.0,5.0,4.0,1.0,4.0,3.0,183.0,0.0,0.0,0.0,,
2005,1047.0,1.0,4.0,5.0,4.0,7.0,4.0,5.0,183.0,0.0,0.0,0.0,,
2005,1047.0,2.0,28.0,5.0,4.0,2.0,3.0,4.0,183.0,0.0,0.0,0.0,,
2005,1047.0,1.0,12.0,5.0,1.0,3.0,3.0,3.0,183.0,0.0,0.0,0.0,,
2005,1047.0,2.0,2.0,5.0,1.0,7.0,4.0,5.0,183.0,0.0,0.0,0.0,,
2005,1047.0,2.0,13.0,5.0,1.0,3.0,3.0,3.0,183.0,0.0,0.0,0.0,,
2005,1218.0,2.0,76.0,4.0,1.0,7.0,3.0,1.0,219.33333333333334,0.0,0.0,0.0,,
2005,1218.0,1.0,43.0,5.0,4.0,3.0,2.0,0.0,219.33333333333334,3.0,0.0,0.0,,
2005,1218.0,1.0,41.0,5.0,1.0,7.0,3.0,1.0,219.33333333333334,0.0,0.0,0.0,,
2005,5423.0,1.0,33.0,1.0,4.0,2.0,1.0,0.0,186.66666666666666,2.0,0.0,300.0,2.0,1.0
2005,5423.0,2.0,35.0,1.0,4.0,3.0,1.0,0.0,186.66666666666666,3.0,2.0,260.0,2.0,
2005,5423.0,1.0,14.0,5.0,4.0,3.0,3.0,3.0,186.66666666666666,0.0,0.0,0.0,,
2005,1053.0,1.0,69.0,2.0,1.0,1.0,1.0,0.0,550.0,2.0,0.0,500.0,2.0,1.0
2005,1053.0,2.0,61.0,2.0,1.0,2.0,3.0,4.0,550.0,0.0,0.0,0.0,,
2005,1855.0,1.0,51.0,2.0,1.0,3.0,1.0,0.0,234.28571428571428,3.0,1.0,700.0,2.0,
2005,1855.0,2.0,46.0,2.0,1.0,1.0,1.0,0.0,234.28571428571428,3.0,2.0,240.0,2.0,
2005,1855.0,2.0,19.0,5.0,1.0,3.0,3.0,4.0,234.28571428571428,0.0,0.0,0.0,,
2005,1855.0,1.0,12.0,5.0,1.0,1.0,3.0,3.0,234.28571428571428,0.0,0.0,0.0,,
2005,1855.0,1.0,6.0,5.0,1.0,1.0,4.0,3.0,234.28571428571428,0.0,0.0,0.0,,
2005,1855.0,2.0,28.0,5.0,4.0,2.0,2.0,0.0,234.28571428571428,3.0,0.0,0.0,,
2005,1855.0,2.0,36.0,5.0,1.0,2.0,1.0,0.0,234.28571428571428,3.0,1.0,700.0,2.0,
2005,1197.0,2.0,86.0,4.0,1.0,1.0,3.0,1.0,483.3333333333333,0.0,0.0,0.0,,
2005,1197.0,2.0,46.0,3.0,1.0,4.0,1.0,0.0,483.3333333333333,3.0,1.0,900.0,1.0,9.0
2005,1197.0,1.0,12.0,5.0,1.0,1.0,3.0,3.0,483.3333333333333,0.0,0.0,0.0,,
2005,1387.0,2.0,32.0,5.0,1.0,5.0,1.0,0.0,1200.0,3.0,1.0,1200.0,1.0,12.0
2005,2253.0,1.0,36.0,2.0,1.0,2.0,1.0,0.0,466.6666666666667,3.0,1.0,1400.0,2.0,11.0
2005,2253.0,2.0,36.0,2.0,1.0,3.0,3.0,4.0,466.6666666666667,0.0,0.0,0.0,,
2005,2253.0,1.0,9.0,5.0,1.0,1.0,4.0,3.0,466.6666666666667,0.0,0.0,0.0,,
2005,1028.0,1.0,67.0,2.0,12.0,6.0,2.0,0.0,800.0,3.0,0.0,0.0,,
2005,1028.0,2.0,63.0,2.0,12.0,2.0,3.0,4.0,800.0,0.0,0.0,0.0,,
2005,1028.0,1.0,29.0,5.0,2.0,5.0,1.0,0.0,800.0,3.0,2.0,300.0,2.0,
2005,1778.0,1.0,58.0,2.0,4.0,2.0,1.0,0.0,833.3333333333334,2.0,0.0,2500.0,2.0,
2005,1778.0,2.0,58.0,2.0,4.0,2.0,3.0,4.0,833.3333333333334,0.0,0.0,0.0,,
2005,1778.0,1.0,27.0,5.0,1.0,4.0,3.0,4.0,833.3333333333334,0.0,0.0,0.0,,
2005,1389.0,1.0,43.0,2.0,4.0,2.0,2.0,0.0,1143.3333333333333,3.0,0.0,0.0,,
2005,1389.0,2.0,42.0,2.0,4.0,2.0,3.0,4.0,1143.3333333333333,0.0,0.0,0.0,,
2005,1389.0,2.0,23.0,1.0,,3.0,3.0,4.0,1143.3333333333333,0.0,0.0,0.0,,
2005,1389.0,1.0,13.0,5.0,4.0,3.0,3.0,3.0,1143.3333333333333,0.0,0.0,0.0,,
2005,1389.0,1.0,3.0,5.0,4.0,7.0,4.0,5.0,1143.3333333333333,0.0,0.0,0.0,,
2005,1389.0,1.0,29.0,1.0,,2.0,1.0,0.0,1143.3333333333333,3.0,1.0,500.0,2.0,10.0
2005,1343.0,1.0,66.0,4.0,1.0,1.0,3.0,1.0,575.0,0.0,0.0,0.0,,
2005,1343.0,1.0,30.0,5.0,1.0,2.0,1.0,0.0,575.0,3.0,1.0,800.0,1.0,
2005,975.0,1.0,56.0,2.0,4.0,1.0,1.0,0.0,175.0,3.0,2.0,170.0,2.0,2.0
2005,975.0,2.0,55.0,2.0,4.0,1.0,1.0,0.0,175.0,3.0,2.0,180.0,2.0,
2005,1794.0,1.0,62.0,2.0,1.0,1.0,1.0,0.0,699.0,3.0,1.0,1500.0,2.0,
2005,1794.0,2.0,63.0,2.0,1.0,1.0,3.0,4.0,699.0,0.0,0.0,0.0,,
2005,1794.0,2.0,26.0,5.0,1.0,4.0,1.0,0.0,699.0,3.0,1.0,790.0,2.0,
2005,1794.0,2.0,25.0,3.0,1.0,4.0,1.0,0.0,699.0,3.0,1.0,680.0,2.0,
2005,1794.0,2.0,1.0,5.0,1.0,7.0,4.0,5.0,699.0,0.0,0.0,0.0,,
2005,1489.0,1.0,37.0,1.0,4.0,4.0,1.0,0.0,500.0,2.0,0.0,1500.0,2.0,2.0
2005,1489.0,2.0,10.0,5.0,4.0,1.0,3.0,3.0,500.0,0.0,0.0,0.0,,
2005,1489.0,1.0,3.0,5.0,4.0,7.0,4.0,5.0,500.0,0.0,0.0,0.0,,
2005,1489.0,2.0,19.0,5.0,4.0,4.0,1.0,0.0,200.0,3.0,2.0,200.0,2.0,
2005,1830.0,1.0,33.0,1.0,4.0,2.0,1.0,0.0,40.0,3.0,2.0,200.0,2.0,4.0
2005,1830.0,2.0,44.0,1.0,4.0,2.0,3.0,4.0,40.0,0.0,0.0,0.0,,
2005,1830.0,1.0,28.0,5.0,4.0,4.0,3.0,7.0,40.0,0.0,0.0,0.0,,
2005,1830.0,2.0,27.0,5.0,4.0,4.0,2.0,0.0,40.0,3.0,0.0,0.0,,
2005,1830.0,1.0,17.0,5.0,4.0,3.0,3.0,3.0,40.0,0.0,0.0,0.0,,
2005,1117.0,1.0,48.0,2.0,4.0,5.0,1.0,0.0,323.3333333333333,3.0,2.0,350.0,2.0,
2005,1117.0,2.0,51.0,2.0,4.0,2.0,1.0,0.0,323.3333333333333,3.0,2.0,300.0,2.0,
2005,1117.0,2.0,19.0,5.0,4.0,5.0,1.0,0.0,323.3333333333333,3.0,2.0,320.0,2.0,5.0
2005,1207.0,1.0,63.0,2.0,1.0,2.0,1.0,0.0,477.5,3.0,1.0,680.0,2.0,7.0
2005,1207.0,2.0,76.0,2.0,1.0,1.0,3.0,4.0,477.5,0.0,0.0,0.0,,
2005,1207.0,1.0,33.0,5.0,1.0,4.0,1.0,0.0,477.5,3.0,1.0,600.0,2.0,6.0
2005,1207.0,1.0,19.0,5.0,1.0,3.0,1.0,0.0,477.5,3.0,2.0,30.0,2.0,
2005,1275.0,1.0,35.0,2.0,1.0,2.0,1.0,0.0,550.0,3.0,1.0,1500.0,2.0,8.0
2005,1275.0,2.0,35.0,2.0,1.0,2.0,1.0,0.0,550.0,2.0,0.0,200.0,2.0,1.0
2005,1275.0,1.0,9.0,5.0,1.0,1.0,4.0,3.0,550.0,0.0,0.0,0.0,,
2005,1275.0,1.0,2.0,5.0,1.0,7.0,4.0,5.0,550.0,0.0,0.0,0.0,,
2005,1549.0,1.0,37.0,2.0,1.0,3.0,1.0,0.0,250.0,3.0,1.0,1000.0,2.0,9.0
2005,1549.0,2.0,43.0,2.0,1.0,2.0,3.0,4.0,250.0,0.0,0.0,0.0,,
2005,1549.0,1.0,12.0,5.0,1.0,1.0,3.0,3.0,250.0,0.0,0.0,0.0,,
2005,1549.0,1.0,8.0,5.0,1.0,1.0,4.0,3.0,250.0,0.0,0.0,0.0,,
2005,997.0,1.0,76.0,1.0,1.0,2.0,3.0,1.0,464.0,0.0,0.0,0.0,,
2005,997.0,2.0,68.0,1.0,1.0,2.0,3.0,1.0,464.0,0.0,0.0,0.0,,
2005,1087.0,2.0,77.0,4.0,1.0,1.0,3.0,1.0,919.3333333333334,0.0,0.0,0.0,,
2005,1087.0,1.0,50.0,5.0,1.0,2.0,1.0,0.0,919.3333333333334,3.0,1.0,1200.0,2.0,5.0
2005,1087.0,1.0,46.0,5.0,4.0,1.0,1.0,0.0,919.3333333333334,2.0,0.0,500.0,2.0,1.0
2005,1657.0,1.0,54.0,2.0,4.0,2.0,1.0,0.0,241.0,2.0,0.0,500.0,2.0,1.0
2005,1657.0,2.0,54.0,2.0,4.0,2.0,3.0,7.0,241.0,0.0,0.0,0.0,,
2005,1657.0,1.0,29.0,5.0,4.0,2.0,1.0,0.0,241.0,2.0,0.0,400.0,2.0,1.0
2005,1657.0,1.0,23.0,1.0,1.0,2.0,1.0,0.0,241.0,3.0,1.0,380.0,2.0,
2005,1657.0,2.0,26.0,5.0,4.0,2.0,1.0,0.0,241.0,2.0,0.0,125.0,2.0,2.0
2005,1657.0,2.0,22.0,5.0,4.0,2.0,1.0,0.0,241.0,2.0,0.0,125.0,2.0,2.0
2005,1657.0,1.0,19.0,5.0,1.0,4.0,1.0,0.0,241.0,3.0,1.0,500.0,2.0,
2005,1657.0,1.0,19.0,5.0,4.0,4.0,2.0,0.0,241.0,3.0,0.0,0.0,,
2005,1657.0,2.0,22.0,1.0,1.0,2.0,1.0,0.0,241.0,3.0,1.0,380.0,2.0,
2005,1657.0,2.0,4.0,5.0,1.0,7.0,4.0,5.0,241.0,0.0,0.0,0.0,,
2005,1135.0,1.0,18.0,5.0,4.0,4.0,2.0,0.0,737.5,3.0,0.0,0.0,,
2005,1135.0,2.0,55.0,3.0,4.0,4.0,1.0,0.0,737.5,2.0,0.0,500.0,2.0,1.0
2005,1135.0,2.0,21.0,5.0,4.0,3.0,3.0,7.0,737.5,0.0,0.0,0.0,,
2005,1135.0,2.0,85.0,4.0,1.0,1.0,3.0,1.0,737.5,0.0,0.0,0.0,,
2005,2430.0,1.0,44.0,1.0,4.0,2.0,2.0,0.0,42.857142857142854,2.0,0.0,0.0,,
2005,2430.0,2.0,35.0,1.0,4.0,7.0,1.0,0.0,42.857142857142854,3.0,2.0,150.0,1.0,2.0
2005,2430.0,2.0,18.0,5.0,4.0,3.0,3.0,3.0,42.857142857142854,0.0,0.0,0.0,,
2005,2430.0,1.0,15.0,5.0,4.0,3.0,3.0,3.0,42.857142857142854,0.0,0.0,0.0,,
2005,2430.0,1.0,13.0,5.0,4.0,1.0,3.0,3.0,42.857142857142854,0.0,0.0,0.0,,
2005,2430.0,2.0,6.0,5.0,4.0,1.0,4.0,3.0,42.857142857142854,0.0,0.0,0.0,,
2005,2430.0,2.0,2.0,5.0,4.0,7.0,4.0,5.0,42.857142857142854,0.0,0.0,0.0,,
2005,1466.0,1.0,36.0,2.0,1.0,3.0,1.0,0.0,200.0,3.0,1.0,800.0,2.0,
2005,1466.0,2.0,33.0,2.0,1.0,2.0,3.0,4.0,200.0,0.0,0.0,0.0,,
2005,1466.0,2.0,15.0,5.0,1.0,3.0,3.0,3.0,200.0,0.0,0.0,0.0,,
2005,1466.0,2.0,13.0,5.0,1.0,3.0,3.0,3.0,200.0,0.0,0.0,0.0,,
2005,1101.0,1.0,68.0,3.0,4.0,2.0,1.0,0.0,450.0,2.0,0.0,300.0,2.0,1.0
2005,1015.0,2.0,78.0,4.0,1.0,2.0,3.0,4.0,150.0,0.0,0.0,0.0,,
2005,1633.0,1.0,38.0,1.0,1.0,6.0,1.0,0.0,1097.0,3.0,1.0,1800.0,2.0,7.0
2005,1633.0,2.0,31.0,1.0,1.0,4.0,1.0,0.0,1097.0,3.0,1.0,591.0,2.0,7.0
2005,1633.0,1.0,1.0,5.0,1.0,7.0,4.0,5.0,1097.0,0.0,0.0,0.0,,
2005,1203.0,1.0,65.0,2.0,4.0,2.0,1.0,0.0,408.75,2.0,0.0,120.0,2.0,1.0
2005,1203.0,2.0,55.0,2.0,1.0,2.0,1.0,0.0,408.75,3.0,1.0,500.0,2.0,
2005,1203.0,2.0,32.0,3.0,4.0,4.0,1.0,0.0,408.75,2.0,0.0,150.0,2.0,1.0
2005,1203.0,2.0,31.0,5.0,1.0,6.0,1.0,0.0,408.75,3.0,1.0,1600.0,2.0,
2005,1203.0,2.0,25.0,5.0,1.0,5.0,1.0,0.0,408.75,3.0,1.0,700.0,2.0,8.0
2005,1203.0,1.0,7.0,5.0,1.0,1.0,4.0,3.0,408.75,0.0,0.0,0.0,,
2005,1203.0,1.0,3.0,5.0,1.0,7.0,4.0,5.0,408.75,0.0,0.0,0.0,,
2005,1203.0,2.0,1.0,5.0,1.0,7.0,4.0,5.0,408.75,0.0,0.0,0.0,,
2005,1465.0,1.0,62.0,2.0,1.0,2.0,1.0,0.0,750.0,3.0,1.0,700.0,2.0,10.0
2005,1465.0,2.0,56.0,2.0,1.0,2.0,3.0,1.0,750.0,0.0,0.0,0.0,,
2005,1416.0,2.0,70.0,3.0,4.0,2.0,3.0,1.0,160.0,0.0,0.0,0.0,,
2005,1385.0,2.0,45.0,3.0,2.0,5.0,1.0,0.0,550.0,2.0,0.0,200.0,2.0,2.0
2005,1385.0,2.0,18.0,5.0,2.0,5.0,3.0,3.0,550.0,0.0,0.0,0.0,,
2005,1385.0,1.0,13.0,5.0,2.0,3.0,3.0,3.0,550.0,0.0,0.0,0.0,,
2005,1385.0,1.0,10.0,5.0,2.0,1.0,3.0,3.0,550.0,0.0,0.0,0.0,,
2005,1115.0,2.0,81.0,4.0,1.0,2.0,3.0,1.0,350.0,0.0,0.0,0.0,,
2005,1626.0,1.0,43.0,1.0,4.0,2.0,1.0,0.0,283.0,2.0,0.0,1200.0,2.0,3.0
2005,1626.0,2.0,44.0,1.0,4.0,2.0,1.0,0.0,283.0,2.0,0.0,40.0,2.0,1.0
2005,1626.0,2.0,20.0,5.0,4.0,5.0,3.0,3.0,283.0,0.0,0.0,0.0,,
2005,1626.0,1.0,15.0,5.0,4.0,3.0,3.0,3.0,283.0,0.0,0.0,0.0,,
2005,1626.0,1.0,13.0,5.0,4.0,3.0,3.0,3.0,283.0,0.0,0.0,0.0,,
2005,1379.0,2.0,61.0,3.0,4.0,2.0,1.0,0.0,300.0,2.0,0.0,300.0,2.0,1.0
2005,1125.0,1.0,47.0,2.0,4.0,2.0,1.0,0.0,160.0,2.0,0.0,300.0,2.0,1.0
2005,1125.0,2.0,41.0,2.0,4.0,2.0,1.0,0.0,160.0,3.0,2.0,150.0,2.0,
2005,1125.0,1.0,20.0,5.0,4.0,3.0,2.0,0.0,160.0,3.0,0.0,0.0,,
2005,1125.0,2.0,13.0,5.0,4.0,3.0,3.0,3.0,160.0,0.0,0.0,0.0,,
2005,1125.0,2.0,11.0,5.0,4.0,1.0,3.0,3.0,160.0,0.0,0.0,0.0,,
2005,1172.0,2.0,57.0,4.0,1.0,2.0,2.0,0.0,624.0,3.0,0.0,0.0,,
2005,1106.0,2.0,59.0,4.0,4.0,2.0,3.0,7.0,61.111111111111114,0.0,0.0,0.0,,
2005,1106.0,1.0,27.0,5.0,4.0,1.0,1.0,0.0,61.111111111111114,2.0,0.0,400.0,2.0,1.0
2005,1106.0,1.0,25.0,3.0,4.0,1.0,3.0,4.0,61.111111111111114,0.0,0.0,0.0,,
2005,1106.0,2.0,6.0,5.0,4.0,1.0,4.0,3.0,61.111111111111114,0.0,0.0,0.0,,
2005,1106.0,2.0,3.0,5.0,4.0,7.0,4.0,5.0,61.111111111111114,0.0,0.0,0.0,,
2005,1106.0,1.0,2.0,5.0,4.0,7.0,4.0,5.0,61.111111111111114,0.0,0.0,0.0,,
2005,1106.0,2.0,24.0,3.0,4.0,3.0,3.0,4.0,61.111111111111114,0.0,0.0,0.0,,
2005,1106.0,1.0,9.0,5.0,4.0,1.0,4.0,3.0,61.111111111111114,0.0,0.0,0.0,,
2005,1106.0,2.0,8.0,5.0,4.0,1.0,4.0,3.0,61.111111111111114,0.0,0.0,0.0,,
2005,1402.0,1.0,75.0,2.0,1.0,4.0,1.0,0.0,1800.0,1.0,0.0,3000.0,2.0,
2005,1402.0,2.0,74.0,2.0,1.0,3.0,3.0,4.0,1800.0,0.0,0.0,0.0,,
2005,1132.0,1.0,80.0,2.0,1.0,1.0,3.0,1.0,175.0,0.0,0.0,0.0,,
2005,1132.0,2.0,78.0,2.0,1.0,1.0,3.0,4.0,175.0,0.0,0.0,0.0,,
2005,1060.0,1.0,70.0,4.0,4.0,2.0,3.0,1.0,350.0,0.0,0.0,0.0,,
2005,1140.0,1.0,61.0,2.0,2.0,3.0,1.0,0.0,775.0,3.0,1.0,1000.0,1.0,
2005,1140.0,2.0,60.0,2.0,2.0,3.0,3.0,4.0,775.0,0.0,0.0,0.0,,
2005,1140.0,2.0,29.0,2.0,4.0,6.0,2.0,0.0,775.0,0.0,0.0,0.0,,
2005,1140.0,1.0,35.0,2.0,4.0,6.0,1.0,0.0,775.0,3.0,2.0,2100.0,2.0,
2005,1050.0,2.0,76.0,4.0,1.0,1.0,3.0,1.0,300.0,0.0,0.0,0.0,,
2005,980.0,2.0,78.0,4.0,1.0,4.0,1.0,0.0,1040.0,2.0,0.0,100.0,2.0,1.0
2005,1416.0,2.0,43.0,5.0,4.0,5.0,1.0,0.0,70.0,3.0,2.0,100.0,2.0,
2005,1416.0,2.0,18.0,1.0,4.0,3.0,3.0,4.0,70.0,0.0,0.0,0.0,,
2005,1416.0,1.0,10.0,5.0,4.0,1.0,3.0,3.0,70.0,0.0,0.0,0.0,,
2005,1416.0,1.0,19.0,1.0,4.0,3.0,2.0,0.0,70.0,2.0,0.0,0.0,,
2005,1416.0,2.0,,5.0,4.0,7.0,4.0,5.0,70.0,0.0,0.0,0.0,,
2005,2500.0,1.0,37.0,2.0,4.0,2.0,1.0,0.0,287.5,3.0,2.0,1000.0,2.0,6.0
2005,2500.0,2.0,30.0,2.0,4.0,2.0,1.0,0.0,287.5,3.0,2.0,150.0,1.0,6.0
2005,2500.0,1.0,12.0,5.0,4.0,1.0,3.0,3.0,287.5,0.0,0.0,0.0,,
2005,2500.0,2.0,4.0,5.0,4.0,7.0,4.0,5.0,287.5,0.0,0.0,0.0,,
2005,1099.0,2.0,59.0,1.0,4.0,1.0,1.0,0.0,94.0,3.0,2.0,20.0,2.0,
2005,1099.0,1.0,62.0,1.0,4.0,1.0,1.0,0.0,94.0,2.0,0.0,300.0,2.0,1.0
2005,1099.0,2.0,37.0,3.0,4.0,3.0,2.0,0.0,94.0,3.0,0.0,0.0,,
2005,1099.0,2.0,13.0,5.0,4.0,3.0,3.0,3.0,94.0,0.0,0.0,0.0,,
2005,1099.0,1.0,3.0,5.0,1.0,7.0,4.0,5.0,94.0,0.0,0.0,0.0,,
2005,1499.0,2.0,49.0,4.0,12.0,6.0,1.0,0.0,1350.0,2.0,0.0,1500.0,2.0,1.0
2005,1499.0,1.0,24.0,5.0,1.0,5.0,1.0,0.0,1350.0,3.0,1.0,1000.0,2.0,
2005,1499.0,1.0,22.0,5.0,1.0,5.0,1.0,0.0,1350.0,3.0,1.0,1000.0,2.0,
2005,1499.0,1.0,17.0,5.0,12.0,3.0,3.0,3.0,1350.0,0.0,0.0,0.0,,
2005,1449.0,1.0,76.0,2.0,1.0,4.0,3.0,1.0,106.66666666666667,0.0,0.0,0.0,,
2005,1449.0,2.0,62.0,2.0,1.0,2.0,3.0,4.0,106.66666666666667,0.0,0.0,0.0,,
2005,1449.0,1.0,15.0,5.0,4.0,3.0,1.0,0.0,106.66666666666667,3.0,2.0,0.0,2.0,6.0
2005,1639.0,1.0,46.0,2.0,4.0,2.0,1.0,0.0,190.0,2.0,0.0,800.0,2.0,2.0
2005,1639.0,2.0,48.0,2.0,4.0,3.0,3.0,4.0,190.0,0.0,0.0,0.0,,
2005,1639.0,1.0,15.0,5.0,4.0,3.0,3.0,3.0,190.0,0.0,0.0,0.0,,
2005,1639.0,1.0,13.0,5.0,4.0,3.0,3.0,3.0,190.0,0.0,0.0,0.0,,
2005,1639.0,2.0,7.0,5.0,4.0,1.0,4.0,3.0,190.0,0.0,0.0,0.0,,
2005,1355.0,1.0,49.0,2.0,1.0,2.0,1.0,0.0,500.0,3.0,1.0,900.0,2.0,
2005,1355.0,2.0,47.0,2.0,1.0,2.0,3.0,4.0,500.0,0.0,0.0,0.0,,
2005,1355.0,2.0,24.0,5.0,1.0,4.0,1.0,0.0,500.0,3.0,1.0,700.0,2.0,7.0
2005,1355.0,1.0,19.0,5.0,1.0,3.0,1.0,0.0,500.0,3.0,1.0,400.0,2.0,
2005,1164.0,1.0,64.0,2.0,4.0,2.0,1.0,0.0,162.5,2.0,0.0,450.0,2.0,1.0
2005,1164.0,2.0,58.0,2.0,4.0,2.0,3.0,4.0,162.5,0.0,0.0,0.0,,
2005,1164.0,2.0,28.0,5.0,4.0,4.0,1.0,0.0,162.5,2.0,0.0,200.0,2.0,1.0
2005,1164.0,2.0,34.0,5.0,4.0,5.0,3.0,7.0,162.5,0.0,0.0,0.0,,
2005,1198.0,2.0,29.0,3.0,4.0,5.0,1.0,0.0,400.0,3.0,2.0,300.0,1.0,7.0
2005,1198.0,1.0,10.0,5.0,4.0,1.0,3.0,3.0,400.0,0.0,0.0,0.0,,
2005,1418.0,1.0,46.0,2.0,1.0,4.0,1.0,0.0,400.0,3.0,1.0,1200.0,2.0,2.0
2005,1418.0,2.0,45.0,2.0,1.0,4.0,3.0,4.0,400.0,0.0,0.0,0.0,,
2005,1418.0,2.0,15.0,5.0,1.0,3.0,3.0,3.0,400.0,0.0,0.0,0.0,,
2005,1748.0,1.0,45.0,1.0,1.0,4.0,2.0,0.0,650.0,2.0,0.0,0.0,,
2005,1748.0,2.0,34.0,1.0,1.0,4.0,1.0,0.0,650.0,3.0,1.0,1000.0,2.0,4.0
2005,1145.0,1.0,60.0,5.0,4.0,3.0,3.0,2.0,600.0,0.0,0.0,0.0,,
2005,1519.0,1.0,43.0,2.0,4.0,3.0,1.0,0.0,366.6666666666667,3.0,2.0,600.0,2.0,7.0
2005,1519.0,2.0,46.0,2.0,4.0,3.0,1.0,0.0,366.6666666666667,3.0,2.0,500.0,2.0,
2005,1519.0,2.0,12.0,5.0,4.0,1.0,3.0,3.0,366.6666666666667,0.0,0.0,0.0,,
2005,1157.0,1.0,50.0,2.0,12.0,4.0,1.0,0.0,750.0,3.0,1.0,2500.0,2.0,11.0
2005,1157.0,2.0,47.0,2.0,12.0,4.0,3.0,4.0,750.0,0.0,0.0,0.0,,
2005,1157.0,1.0,20.0,5.0,2.0,4.0,2.0,0.0,750.0,3.0,0.0,0.0,,
2005,1157.0,1.0,14.0,5.0,12.0,3.0,3.0,3.0,750.0,0.0,0.0,0.0,,
2005,1806.0,1.0,35.0,2.0,4.0,4.0,1.0,0.0,400.0,1.0,0.0,1200.0,2.0,5.0
2005,1806.0,2.0,33.0,2.0,4.0,1.0,3.0,4.0,400.0,0.0,0.0,0.0,,
2005,1806.0,2.0,6.0,5.0,4.0,1.0,4.0,3.0,400.0,0.0,0.0,0.0,,
2005,1894.0,2.0,66.0,4.0,1.0,2.0,1.0,0.0,1185.0,3.0,1.0,850.0,2.0,7.0
2005,1205.0,2.0,40.0,3.0,1.0,5.0,1.0,0.0,350.0,3.0,1.0,700.0,2.0,
2005,1205.0,2.0,18.0,5.0,4.0,5.0,3.0,3.0,350.0,0.0,0.0,0.0,,
2005,1374.0,1.0,51.0,2.0,1.0,2.0,1.0,0.0,530.0,3.0,1.0,1400.0,2.0,10.0
2005,1374.0,2.0,50.0,2.0,1.0,2.0,1.0,0.0,530.0,3.0,2.0,320.0,2.0,
2005,1374.0,1.0,27.0,5.0,4.0,3.0,1.0,0.0,530.0,3.0,2.0,400.0,2.0,6.0
2005,1374.0,1.0,20.0,5.0,1.0,2.0,2.0,0.0,530.0,0.0,0.0,0.0,,
2005,1184.0,1.0,54.0,5.0,4.0,2.0,1.0,0.0,150.0,3.0,2.0,150.0,1.0,6.0
2005,1153.0,1.0,65.0,5.0,1.0,2.0,1.0,0.0,1075.0,3.0,1.0,1100.0,2.0,10.0
2005,1153.0,2.0,61.0,5.0,1.0,2.0,3.0,1.0,1075.0,0.0,0.0,0.0,,
2005,1150.0,1.0,61.0,2.0,1.0,4.0,1.0,0.0,1032.5,3.0,1.0,1565.0,2.0,11.0
2005,1150.0,2.0,62.0,2.0,1.0,2.0,1.0,0.0,1032.5,3.0,1.0,500.0,2.0,
2005,1865.0,1.0,36.0,4.0,4.0,1.0,1.0,0.0,800.0,2.0,0.0,800.0,2.0,1.0
2005,1285.0,2.0,34.0,3.0,1.0,6.0,1.0,0.0,300.0,3.0,1.0,700.0,2.0,8.0
2005,1285.0,1.0,,5.0,1.0,7.0,4.0,5.0,300.0,0.0,0.0,0.0,,
2005,1285.0,1.0,16.0,5.0,1.0,3.0,3.0,3.0,300.0,0.0,0.0,0.0,,
2005,1470.0,1.0,25.0,1.0,1.0,2.0,1.0,0.0,337.5,3.0,1.0,950.0,2.0,10.0
2005,1470.0,2.0,23.0,1.0,4.0,3.0,3.0,4.0,337.5,0.0,0.0,0.0,,
2005,1470.0,1.0,6.0,5.0,1.0,1.0,4.0,3.0,337.5,0.0,0.0,0.0,,
2005,1470.0,2.0,3.0,5.0,1.0,7.0,4.0,5.0,337.5,0.0,0.0,0.0,,
2005,1106.0,2.0,29.0,4.0,1.0,4.0,3.0,1.0,200.0,0.0,0.0,0.0,,
2005,1106.0,1.0,11.0,5.0,1.0,1.0,3.0,1.0,200.0,0.0,0.0,0.0,,
2005,1106.0,2.0,6.0,5.0,1.0,1.0,4.0,1.0,200.0,0.0,0.0,0.0,,
2005,1533.0,1.0,37.0,1.0,4.0,4.0,1.0,0.0,243.33333333333334,3.0,2.0,860.0,2.0,
2005,1533.0,2.0,33.0,1.0,4.0,4.0,1.0,0.0,243.33333333333334,3.0,2.0,600.0,2.0,
2005,1533.0,2.0,17.0,5.0,4.0,3.0,3.0,3.0,243.33333333333334,0.0,0.0,0.0,,
2005,1533.0,1.0,7.0,5.0,4.0,1.0,4.0,3.0,243.33333333333334,0.0,0.0,0.0,,
2005,1533.0,1.0,6.0,5.0,4.0,1.0,4.0,3.0,243.33333333333334,0.0,0.0,0.0,,
2005,1533.0,1.0,4.0,5.0,4.0,7.0,4.0,5.0,243.33333333333334,0.0,0.0,0.0,,
2005,1444.0,2.0,54.0,3.0,12.0,6.0,1.0,0.0,520.0,3.0,1.0,740.0,1.0,7.0
2005,1444.0,1.0,24.0,5.0,12.0,1.0,3.0,3.0,520.0,0.0,0.0,0.0,,
2005,983.0,1.0,71.0,2.0,4.0,2.0,3.0,7.0,50.0,0.0,0.0,0.0,,
2005,983.0,2.0,69.0,2.0,4.0,2.0,3.0,4.0,50.0,0.0,0.0,0.0,,
2005,936.0,2.0,28.0,3.0,4.0,2.0,3.0,4.0,37.5,0.0,0.0,0.0,,
2005,936.0,2.0,10.0,5.0,4.0,1.0,3.0,3.0,37.5,0.0,0.0,0.0,,
2005,936.0,2.0,9.0,5.0,4.0,1.0,4.0,3.0,37.5,0.0,0.0,0.0,,
2005,936.0,2.0,2.0,5.0,4.0,7.0,4.0,5.0,37.5,0.0,0.0,0.0,,
2005,1125.0,1.0,74.0,5.0,1.0,6.0,3.0,1.0,1200.0,0.0,0.0,0.0,,
2005,1472.0,1.0,40.0,2.0,1.0,2.0,1.0,0.0,195.0,3.0,1.0,700.0,2.0,5.0
2005,1472.0,2.0,41.0,2.0,1.0,2.0,2.0,0.0,195.0,3.0,0.0,0.0,,
2005,1472.0,1.0,20.0,5.0,1.0,3.0,2.0,0.0,195.0,3.0,0.0,0.0,,
2005,1472.0,1.0,17.0,5.0,1.0,3.0,3.0,3.0,195.0,0.0,0.0,0.0,,
2005,1472.0,2.0,13.0,5.0,1.0,3.0,3.0,3.0,195.0,0.0,0.0,0.0,,
2005,1472.0,1.0,5.0,5.0,1.0,7.0,4.0,5.0,195.0,0.0,0.0,0.0,,
2005,1166.0,1.0,41.0,2.0,1.0,4.0,1.0,0.0,540.0,3.0,2.0,1000.0,2.0,6.0
2005,1166.0,2.0,38.0,2.0,1.0,6.0,1.0,0.0,540.0,3.0,1.0,1200.0,1.0,8.0
2005,1166.0,2.0,10.0,5.0,1.0,1.0,3.0,3.0,540.0,0.0,0.0,0.0,,
2005,1166.0,1.0,7.0,5.0,1.0,1.0,4.0,3.0,540.0,0.0,0.0,0.0,,
2005,1166.0,2.0,4.0,5.0,1.0,7.0,4.0,5.0,540.0,0.0,0.0,0.0,,
2005,1290.0,1.0,37.0,2.0,4.0,2.0,1.0,0.0,120.0,2.0,0.0,600.0,2.0,1.0
2005,1290.0,2.0,36.0,2.0,4.0,2.0,3.0,4.0,120.0,0.0,0.0,0.0,,
2005,1290.0,1.0,15.0,5.0,4.0,3.0,3.0,3.0,120.0,0.0,0.0,0.0,,
2005,1290.0,1.0,14.0,5.0,4.0,3.0,3.0,3.0,120.0,0.0,0.0,0.0,,
2005,1290.0,2.0,12.0,5.0,4.0,3.0,3.0,3.0,120.0,0.0,0.0,0.0,,
2005,901.0,1.0,67.0,4.0,4.0,2.0,3.0,7.0,77.77777777777777,0.0,0.0,0.0,,
2005,901.0,2.0,26.0,1.0,4.0,2.0,3.0,4.0,77.77777777777777,0.0,0.0,0.0,,
2005,901.0,1.0,11.0,5.0,4.0,1.0,3.0,3.0,77.77777777777777,0.0,0.0,0.0,,
2005,901.0,1.0,10.0,5.0,4.0,1.0,3.0,3.0,77.77777777777777,0.0,0.0,0.0,,
2005,901.0,1.0,9.0,5.0,4.0,1.0,4.0,3.0,77.77777777777777,0.0,0.0,0.0,,
2005,901.0,2.0,6.0,5.0,4.0,1.0,4.0,3.0,77.77777777777777,0.0,0.0,0.0,,
2005,901.0,2.0,6.0,5.0,4.0,1.0,4.0,3.0,77.77777777777777,0.0,0.0,0.0,,
2005,901.0,2.0,2.0,5.0,4.0,7.0,4.0,5.0,77.77777777777777,0.0,0.0,0.0,,
2005,901.0,1.0,31.0,1.0,4.0,2.0,1.0,0.0,77.77777777777777,3.0,2.0,700.0,2.0,2.0
2005,1352.0,2.0,55.0,4.0,4.0,1.0,2.0,0.0,25.0,3.0,0.0,0.0,,
2005,1352.0,1.0,74.0,4.0,4.0,1.0,3.0,7.0,25.0,0.0,0.0,0.0,,
2005,1474.0,1.0,47.0,2.0,4.0,4.0,1.0,0.0,287.5,2.0,0.0,700.0,2.0,1.0
2005,1474.0,2.0,49.0,2.0,4.0,4.0,1.0,0.0,287.5,3.0,2.0,150.0,2.0,
2005,1474.0,2.0,20.0,5.0,4.0,5.0,3.0,3.0,287.5,0.0,0.0,0.0,,
2005,1474.0,2.0,19.0,5.0,4.0,5.0,3.0,3.0,287.5,0.0,0.0,0.0,,
2005,1898.0,1.0,80.0,4.0,1.0,2.0,3.0,1.0,345.0,0.0,0.0,0.0,,
2005,1898.0,1.0,22.0,5.0,4.0,3.0,1.0,0.0,345.0,3.0,2.0,0.0,2.0,5.0
2005,1898.0,1.0,19.0,5.0,4.0,4.0,2.0,0.0,345.0,3.0,0.0,0.0,,
2005,1898.0,2.0,16.0,5.0,4.0,3.0,3.0,3.0,345.0,0.0,0.0,0.0,,
2005,1289.0,1.0,25.0,1.0,1.0,3.0,1.0,0.0,250.0,3.0,1.0,750.0,2.0,10.0
2005,1289.0,2.0,21.0,1.0,1.0,3.0,3.0,4.0,250.0,0.0,0.0,0.0,,
2005,1289.0,2.0,5.0,5.0,1.0,7.0,4.0,5.0,250.0,0.0,0.0,0.0,,
2005,1282.0,1.0,41.0,1.0,1.0,3.0,1.0,0.0,295.0,3.0,1.0,760.0,2.0,8.0
2005,1282.0,2.0,33.0,1.0,4.0,4.0,1.0,0.0,295.0,3.0,2.0,420.0,2.0,
2005,1282.0,1.0,3.0,5.0,1.0,7.0,4.0,5.0,295.0,0.0,0.0,0.0,,
2005,1282.0,2.0,15.0,5.0,4.0,3.0,3.0,3.0,295.0,0.0,0.0,0.0,,
2005,1137.0,1.0,40.0,5.0,2.0,4.0,3.0,4.0,300.0,0.0,0.0,0.0,,
2005,1137.0,2.0,70.0,4.0,1.0,4.0,3.0,1.0,300.0,0.0,0.0,0.0,,
2005,998.0,2.0,70.0,4.0,1.0,2.0,3.0,1.0,349.3333333333333,0.0,0.0,0.0,,
2005,998.0,1.0,40.0,5.0,1.0,1.0,3.0,1.0,349.3333333333333,0.0,0.0,0.0,,
2005,998.0,2.0,77.0,4.0,4.0,2.0,3.0,4.0,349.3333333333333,0.0,0.0,0.0,,
2005,996.0,2.0,93.0,4.0,1.0,7.0,3.0,1.0,650.0,0.0,0.0,0.0,,
2005,996.0,2.0,59.0,5.0,1.0,6.0,1.0,0.0,650.0,3.0,1.0,1000.0,2.0,
2005,2976.0,1.0,49.0,2.0,4.0,2.0,1.0,0.0,233.33333333333334,3.0,2.0,500.0,2.0,7.0
2005,2976.0,2.0,44.0,2.0,4.0,2.0,1.0,0.0,233.33333333333334,3.0,2.0,200.0,2.0,
2005,2976.0,1.0,17.0,5.0,4.0,3.0,3.0,3.0,233.33333333333334,0.0,0.0,0.0,,
2005,1941.0,1.0,18.0,2.0,4.0,2.0,1.0,0.0,442.5,3.0,1.0,600.0,2.0,7.0
2005,1941.0,2.0,17.0,2.0,4.0,3.0,3.0,4.0,442.5,0.0,0.0,0.0,,
2005,1176.0,1.0,52.0,2.0,4.0,3.0,1.0,0.0,350.0,2.0,0.0,700.0,2.0,2.0
2005,1176.0,2.0,54.0,2.0,4.0,2.0,3.0,4.0,350.0,0.0,0.0,0.0,,
2005,1176.0,2.0,29.0,1.0,1.0,4.0,3.0,4.0,350.0,0.0,0.0,0.0,,
2005,1176.0,2.0,28.0,5.0,1.0,4.0,1.0,0.0,350.0,3.0,1.0,700.0,2.0,9.0
2005,1176.0,1.0,26.0,1.0,1.0,4.0,1.0,0.0,350.0,3.0,1.0,700.0,2.0,7.0
2005,1176.0,1.0,2.0,5.0,1.0,7.0,4.0,5.0,350.0,0.0,0.0,0.0,,
2005,1148.0,1.0,54.0,1.0,4.0,3.0,2.0,0.0,160.0,2.0,0.0,0.0,,
2005,1148.0,2.0,45.0,1.0,4.0,3.0,1.0,0.0,160.0,2.0,0.0,800.0,2.0,1.0
2005,1148.0,1.0,18.0,5.0,4.0,3.0,3.0,3.0,160.0,0.0,0.0,0.0,,
2005,1148.0,2.0,14.0,5.0,4.0,3.0,3.0,3.0,160.0,0.0,0.0,0.0,,
2005,1148.0,2.0,9.0,5.0,4.0,1.0,4.0,3.0,160.0,0.0,0.0,0.0,,
2005,1534.0,2.0,58.0,4.0,1.0,1.0,3.0,1.0,82.5,0.0,0.0,0.0,,
2005,1534.0,1.0,34.0,5.0,4.0,5.0,2.0,0.0,82.5,3.0,0.0,0.0,,
2005,1534.0,2.0,37.0,5.0,4.0,5.0,2.0,0.0,82.5,3.0,0.0,0.0,,
2005,1534.0,1.0,23.0,5.0,4.0,5.0,2.0,0.0,82.5,0.0,0.0,0.0,,
2005,1135.0,2.0,57.0,5.0,4.0,2.0,1.0,0.0,115.0,3.0,2.0,80.0,2.0,
2005,1135.0,2.0,17.0,5.0,4.0,3.0,3.0,3.0,115.0,0.0,0.0,0.0,,
2005,1040.0,2.0,65.0,4.0,1.0,4.0,1.0,0.0,1050.0,3.0,1.0,450.0,1.0,7.0
2005,1290.0,2.0,47.0,3.0,4.0,2.0,1.0,0.0,700.0,3.0,2.0,320.0,2.0,6.0
2005,1290.0,2.0,24.0,5.0,4.0,4.0,1.0,0.0,700.0,3.0,2.0,900.0,2.0,
2005,1139.0,1.0,81.0,2.0,1.0,2.0,3.0,1.0,232.0,0.0,0.0,0.0,,
2005,1139.0,2.0,75.0,2.0,1.0,1.0,3.0,6.0,232.0,0.0,0.0,0.0,,
2005,1139.0,2.0,44.0,3.0,1.0,6.0,1.0,0.0,232.0,3.0,1.0,400.0,2.0,6.0
2005,1139.0,1.0,18.0,5.0,1.0,3.0,3.0,3.0,232.0,0.0,0.0,0.0,,
2005,1139.0,1.0,14.0,5.0,1.0,3.0,3.0,3.0,232.0,0.0,0.0,0.0,,
2005,1057.0,1.0,69.0,2.0,1.0,2.0,3.0,1.0,400.0,0.0,0.0,0.0,,
2005,1057.0,2.0,56.0,2.0,1.0,2.0,3.0,4.0,400.0,0.0,0.0,0.0,,
2005,1407.0,2.0,55.0,3.0,4.0,1.0,1.0,0.0,480.0,3.0,2.0,35.0,2.0,
2005,1407.0,1.0,29.0,5.0,1.0,1.0,1.0,0.0,480.0,3.0,1.0,800.0,2.0,9.0
2005,1243.0,1.0,31.0,1.0,1.0,3.0,1.0,0.0,537.5,3.0,1.0,1000.0,2.0,
2005,1243.0,2.0,31.0,1.0,1.0,3.0,3.0,4.0,537.5,0.0,0.0,0.0,,
2005,1243.0,2.0,5.0,5.0,1.0,7.0,4.0,5.0,537.5,0.0,0.0,0.0,,
2005,1243.0,1.0,78.0,4.0,1.0,2.0,3.0,1.0,537.5,0.0,0.0,0.0,,
2005,1419.0,1.0,45.0,2.0,1.0,4.0,1.0,0.0,487.5,3.0,1.0,1300.0,2.0,7.0
2005,1419.0,2.0,36.0,2.0,1.0,2.0,3.0,4.0,487.5,0.0,0.0,0.0,,
2005,1419.0,2.0,15.0,5.0,1.0,3.0,3.0,3.0,487.5,0.0,0.0,0.0,,
2005,1419.0,1.0,11.0,5.0,1.0,1.0,3.0,3.0,487.5,0.0,0.0,0.0,,
2005,1574.0,1.0,46.0,2.0,4.0,2.0,1.0,0.0,321.7,2.0,0.0,600.0,2.0,1.0
2005,1574.0,2.0,44.0,2.0,4.0,1.0,3.0,4.0,321.7,0.0,0.0,0.0,,
2005,1574.0,1.0,28.0,5.0,4.0,2.0,1.0,0.0,321.7,3.0,2.0,520.0,2.0,4.0
2005,1574.0,2.0,25.0,5.0,1.0,2.0,1.0,0.0,321.7,3.0,1.0,537.0,2.0,
2005,1574.0,2.0,22.0,1.0,1.0,3.0,1.0,0.0,321.7,3.0,1.0,530.0,2.0,
2005,1574.0,2.0,14.0,5.0,4.0,3.0,3.0,3.0,321.7,0.0,0.0,0.0,,
2005,1574.0,1.0,7.0,5.0,1.0,1.0,4.0,3.0,321.7,0.0,0.0,0.0,,
2005,1574.0,1.0,2.0,5.0,1.0,7.0,4.0,5.0,321.7,0.0,0.0,0.0,,
2005,1574.0,1.0,1.0,5.0,4.0,7.0,4.0,5.0,321.7,0.0,0.0,0.0,,
2005,1574.0,1.0,16.0,1.0,4.0,2.0,1.0,0.0,321.7,3.0,2.0,50.0,2.0,2.0
2005,1115.0,2.0,75.0,2.0,1.0,2.0,3.0,1.0,600.0,0.0,0.0,0.0,,
2005,1041.0,1.0,61.0,2.0,1.0,1.0,1.0,0.0,700.0,3.0,1.0,1000.0,2.0,6.0
2005,1041.0,2.0,60.0,2.0,1.0,1.0,3.0,4.0,700.0,0.0,0.0,0.0,,
2005,1239.0,1.0,52.0,2.0,4.0,1.0,2.0,0.0,300.0,2.0,0.0,0.0,,
2005,1239.0,2.0,60.0,2.0,4.0,2.0,1.0,0.0,300.0,2.0,0.0,600.0,2.0,1.0
2005,1149.0,1.0,82.0,4.0,12.0,2.0,3.0,1.0,790.0,0.0,0.0,0.0,,
2005,1198.0,1.0,69.0,3.0,1.0,3.0,1.0,0.0,460.0,3.0,2.0,60.0,2.0,6.0
2005,1214.0,1.0,24.0,5.0,4.0,4.0,2.0,0.0,290.0,3.0,0.0,0.0,,
2005,1214.0,1.0,23.0,5.0,4.0,2.0,1.0,0.0,290.0,3.0,2.0,400.0,2.0,2.0
2005,1214.0,2.0,46.0,3.0,4.0,2.0,2.0,0.0,290.0,3.0,0.0,0.0,,
2005,1214.0,2.0,13.0,5.0,4.0,3.0,3.0,3.0,290.0,0.0,0.0,0.0,,
2005,1214.0,1.0,11.0,5.0,4.0,1.0,3.0,3.0,290.0,0.0,0.0,0.0,,
2005,1226.0,1.0,38.0,1.0,1.0,2.0,1.0,0.0,120.0,3.0,1.0,600.0,2.0,9.0
2005,1226.0,2.0,38.0,1.0,1.0,2.0,3.0,4.0,120.0,0.0,0.0,0.0,,
2005,1226.0,2.0,9.0,5.0,1.0,1.0,4.0,3.0,120.0,0.0,0.0,0.0,,
2005,1226.0,1.0,4.0,5.0,1.0,7.0,4.0,5.0,120.0,0.0,0.0,0.0,,
2005,1226.0,2.0,,5.0,1.0,7.0,4.0,5.0,120.0,0.0,0.0,0.0,,
2005,892.0,2.0,34.0,1.0,4.0,1.0,3.0,4.0,79.16666666666667,0.0,0.0,0.0,,
2005,892.0,2.0,16.0,5.0,4.0,3.0,1.0,0.0,79.16666666666667,3.0,2.0,480.0,2.0,
2005,892.0,1.0,13.0,5.0,4.0,1.0,3.0,3.0,79.16666666666667,0.0,0.0,0.0,,
2005,892.0,1.0,11.0,5.0,4.0,1.0,3.0,3.0,79.16666666666667,0.0,0.0,0.0,,
2005,892.0,2.0,9.0,5.0,4.0,1.0,4.0,3.0,79.16666666666667,0.0,0.0,0.0,,
2005,892.0,2.0,8.0,5.0,4.0,1.0,4.0,3.0,79.16666666666667,0.0,0.0,0.0,,
2005,892.0,2.0,6.0,5.0,4.0,1.0,4.0,3.0,79.16666666666667,0.0,0.0,0.0,,
2005,892.0,1.0,5.0,5.0,4.0,7.0,4.0,5.0,79.16666666666667,0.0,0.0,0.0,,
2005,892.0,2.0,4.0,5.0,4.0,7.0,4.0,5.0,79.16666666666667,0.0,0.0,0.0,,
2005,892.0,2.0,2.0,5.0,4.0,7.0,4.0,5.0,79.16666666666667,0.0,0.0,0.0,,
2005,892.0,2.0,1.0,5.0,4.0,7.0,4.0,5.0,79.16666666666667,0.0,0.0,0.0,,
2005,892.0,1.0,31.0,1.0,4.0,4.0,1.0,0.0,79.16666666666667,2.0,0.0,200.0,2.0,1.0
2005,1407.0,1.0,38.0,1.0,2.0,6.0,1.0,0.0,866.6666666666666,2.0,0.0,700.0,2.0,1.0
2005,1407.0,2.0,32.0,1.0,2.0,6.0,1.0,0.0,866.6666666666666,3.0,2.0,900.0,2.0,3.0
2005,1407.0,1.0,9.0,5.0,2.0,1.0,4.0,3.0,866.6666666666666,0.0,0.0,0.0,,
2005,1274.0,1.0,44.0,2.0,1.0,3.0,1.0,0.0,300.0,3.0,1.0,1200.0,2.0,9.0
2005,1274.0,2.0,43.0,2.0,1.0,3.0,3.0,4.0,300.0,0.0,0.0,0.0,,
2005,1274.0,2.0,10.0,5.0,1.0,1.0,3.0,3.0,300.0,0.0,0.0,0.0,,
2005,1274.0,2.0,3.0,5.0,1.0,7.0,4.0,5.0,300.0,0.0,0.0,0.0,,
2005,1207.0,2.0,63.0,3.0,4.0,7.0,3.0,4.0,0.0,0.0,0.0,0.0,,
2005,1514.0,1.0,46.0,2.0,1.0,6.0,1.0,0.0,1200.0,3.0,1.0,2100.0,2.0,11.0
2005,1514.0,2.0,46.0,2.0,1.0,5.0,1.0,0.0,1200.0,3.0,1.0,1500.0,1.0,7.0
2005,1514.0,2.0,23.0,5.0,1.0,5.0,2.0,0.0,1200.0,3.0,0.0,0.0,,
2005,1240.0,1.0,26.0,1.0,4.0,4.0,1.0,0.0,110.0,3.0,2.0,400.0,2.0,2.0
2005,1240.0,2.0,30.0,1.0,4.0,2.0,3.0,4.0,110.0,0.0,0.0,0.0,,
2005,1240.0,1.0,10.0,5.0,4.0,1.0,3.0,3.0,110.0,0.0,0.0,0.0,,
2005,1240.0,2.0,9.0,5.0,4.0,1.0,4.0,3.0,110.0,0.0,0.0,0.0,,
2005,1240.0,1.0,,5.0,4.0,7.0,4.0,5.0,110.0,0.0,0.0,0.0,,
2005,1167.0,1.0,47.0,2.0,1.0,4.0,1.0,0.0,360.0,3.0,1.0,1400.0,1.0,11.0
2005,1167.0,2.0,29.0,2.0,1.0,2.0,1.0,0.0,360.0,3.0,2.0,400.0,2.0,
2005,1167.0,2.0,6.0,5.0,1.0,7.0,4.0,3.0,360.0,0.0,0.0,0.0,,
2005,1167.0,1.0,6.0,5.0,1.0,7.0,4.0,3.0,360.0,0.0,0.0,0.0,,
2005,1167.0,1.0,2.0,5.0,1.0,7.0,4.0,5.0,360.0,0.0,0.0,0.0,,
2005,1178.0,1.0,72.0,2.0,1.0,2.0,3.0,1.0,606.0,0.0,0.0,0.0,,
2005,1178.0,2.0,65.0,2.0,1.0,2.0,3.0,4.0,606.0,0.0,0.0,0.0,,
2005,1160.0,2.0,49.0,3.0,2.0,3.0,1.0,0.0,300.0,3.0,2.0,600.0,2.0,3.0
2005,1160.0,2.0,6.0,5.0,2.0,1.0,4.0,3.0,300.0,0.0,0.0,0.0,,
2005,1083.0,2.0,82.0,4.0,1.0,3.0,3.0,1.0,770.0,0.0,0.0,0.0,,
2005,1431.0,1.0,38.0,2.0,1.0,3.0,1.0,0.0,148.0,3.0,1.0,500.0,1.0,
2005,1431.0,2.0,40.0,2.0,1.0,3.0,1.0,0.0,148.0,2.0,0.0,240.0,2.0,1.0
2005,1431.0,2.0,17.0,5.0,1.0,3.0,3.0,3.0,148.0,0.0,0.0,0.0,,
2005,1431.0,1.0,14.0,5.0,1.0,3.0,3.0,3.0,148.0,0.0,0.0,0.0,,
2005,1431.0,2.0,11.0,5.0,1.0,1.0,3.0,3.0,148.0,0.0,0.0,0.0,,
2005,1671.0,1.0,35.0,2.0,1.0,3.0,1.0,0.0,433.3333333333333,3.0,1.0,300.0,2.0,
2005,1671.0,2.0,34.0,2.0,1.0,3.0,1.0,0.0,433.3333333333333,3.0,1.0,200.0,2.0,
2005,1671.0,1.0,38.0,5.0,1.0,2.0,1.0,0.0,433.3333333333333,3.0,1.0,800.0,1.0,11.0
2005,1417.0,1.0,44.0,2.0,4.0,3.0,1.0,0.0,142.5,3.0,2.0,250.0,2.0,2.0
2005,1417.0,2.0,45.0,2.0,4.0,3.0,1.0,0.0,142.5,2.0,0.0,50.0,2.0,1.0
2005,1417.0,1.0,14.0,5.0,4.0,3.0,3.0,3.0,142.5,0.0,0.0,0.0,,
2005,1417.0,1.0,23.0,5.0,4.0,3.0,1.0,0.0,142.5,3.0,2.0,120.0,2.0,
2005,1105.0,1.0,65.0,2.0,4.0,3.0,1.0,0.0,183.33333333333334,2.0,0.0,350.0,2.0,1.0
2005,1105.0,2.0,57.0,2.0,4.0,2.0,1.0,0.0,183.33333333333334,3.0,2.0,200.0,2.0,
2005,1105.0,2.0,20.0,5.0,4.0,3.0,2.0,0.0,183.33333333333334,3.0,0.0,0.0,,
2005,1772.0,1.0,45.0,2.0,4.0,2.0,1.0,0.0,60.0,2.0,0.0,150.0,2.0,1.0
2005,1772.0,2.0,43.0,2.0,4.0,2.0,3.0,4.0,60.0,0.0,0.0,0.0,,
2005,1772.0,1.0,19.0,5.0,4.0,3.0,2.0,0.0,60.0,3.0,0.0,0.0,,
2005,1772.0,2.0,16.0,5.0,4.0,3.0,3.0,3.0,60.0,0.0,0.0,0.0,,
2005,1772.0,2.0,11.0,5.0,4.0,1.0,3.0,3.0,60.0,0.0,0.0,0.0,,
2005,1155.0,2.0,45.0,4.0,1.0,4.0,1.0,0.0,477.0,3.0,1.0,1100.0,2.0,7.0
2005,1155.0,2.0,27.0,5.0,4.0,3.0,1.0,0.0,477.0,3.0,2.0,100.0,2.0,
2005,1155.0,2.0,12.0,5.0,1.0,1.0,3.0,3.0,477.0,0.0,0.0,0.0,,
2005,1155.0,2.0,22.0,5.0,1.0,5.0,1.0,0.0,477.0,3.0,1.0,380.0,2.0,5.0
2005,1144.0,2.0,42.0,3.0,1.0,6.0,1.0,0.0,350.0,3.0,1.0,700.0,1.0,12.0
2005,1144.0,2.0,18.0,5.0,1.0,4.0,3.0,7.0,350.0,0.0,0.0,0.0,,
2005,1144.0,1.0,15.0,5.0,1.0,3.0,3.0,3.0,350.0,0.0,0.0,0.0,,
2005,1144.0,2.0,12.0,5.0,1.0,3.0,3.0,3.0,350.0,0.0,0.0,0.0,,
2005,1477.0,1.0,62.0,2.0,4.0,1.0,1.0,0.0,241.66666666666666,2.0,0.0,200.0,2.0,1.0
2005,1477.0,2.0,58.0,2.0,4.0,1.0,1.0,0.0,241.66666666666666,2.0,0.0,200.0,2.0,1.0
2005,1477.0,2.0,31.0,5.0,4.0,5.0,2.0,0.0,241.66666666666666,3.0,0.0,0.0,,
2005,1477.0,1.0,30.0,5.0,4.0,3.0,1.0,0.0,241.66666666666666,3.0,2.0,450.0,2.0,
2005,1477.0,1.0,25.0,5.0,4.0,3.0,1.0,0.0,241.66666666666666,3.0,1.0,600.0,2.0,7.0
2005,1477.0,1.0,19.0,5.0,4.0,3.0,3.0,7.0,241.66666666666666,0.0,0.0,0.0,,
2005,1167.0,1.0,67.0,3.0,2.0,5.0,1.0,0.0,1750.0,2.0,0.0,3500.0,2.0,1.0
2005,1167.0,1.0,13.0,5.0,2.0,3.0,3.0,3.0,1750.0,0.0,0.0,0.0,,
2005,1399.0,1.0,59.0,2.0,4.0,2.0,2.0,0.0,100.0,0.0,0.0,0.0,,
2005,1399.0,2.0,60.0,2.0,4.0,2.0,3.0,4.0,100.0,0.0,0.0,0.0,,
2005,1399.0,2.0,35.0,3.0,4.0,2.0,1.0,0.0,100.0,3.0,2.0,500.0,2.0,
2005,1399.0,2.0,26.0,5.0,4.0,2.0,2.0,0.0,100.0,0.0,0.0,0.0,,
2005,1399.0,1.0,5.0,5.0,4.0,7.0,4.0,5.0,100.0,0.0,0.0,0.0,,
2005,1566.0,1.0,57.0,2.0,1.0,6.0,1.0,0.0,783.6666666666666,3.0,1.0,2002.0,2.0,9.0
2005,1566.0,2.0,46.0,2.0,1.0,4.0,3.0,4.0,783.6666666666666,0.0,0.0,0.0,,
2005,1566.0,1.0,23.0,5.0,1.0,5.0,1.0,0.0,783.6666666666666,3.0,1.0,700.0,1.0,9.0
2005,1566.0,1.0,21.0,5.0,1.0,5.0,1.0,0.0,783.6666666666666,3.0,2.0,500.0,2.0,8.0
2005,1566.0,2.0,17.0,5.0,1.0,3.0,3.0,3.0,783.6666666666666,0.0,0.0,0.0,,
2005,1566.0,1.0,19.0,5.0,1.0,5.0,1.0,0.0,783.6666666666666,3.0,2.0,500.0,2.0,7.0
2005,1003.0,1.0,58.0,1.0,1.0,2.0,1.0,0.0,675.0,3.0,1.0,1000.0,2.0,6.0
2005,1003.0,2.0,70.0,1.0,1.0,2.0,3.0,1.0,675.0,0.0,0.0,0.0,,
2005,1075.0,1.0,61.0,2.0,1.0,2.0,1.0,0.0,285.7142857142857,3.0,1.0,450.0,1.0,12.0
2005,1075.0,2.0,56.0,2.0,1.0,4.0,1.0,0.0,285.7142857142857,3.0,1.0,650.0,2.0,10.0
2005,1075.0,2.0,34.0,3.0,4.0,4.0,3.0,4.0,285.7142857142857,0.0,0.0,0.0,,
2005,1075.0,1.0,26.0,5.0,1.0,5.0,1.0,0.0,285.7142857142857,3.0,1.0,750.0,2.0,11.0
2005,1075.0,1.0,6.0,5.0,4.0,7.0,4.0,3.0,285.7142857142857,0.0,0.0,0.0,,
2005,1075.0,1.0,5.0,5.0,4.0,7.0,4.0,5.0,285.7142857142857,0.0,0.0,0.0,,
2005,1075.0,1.0,13.0,5.0,4.0,1.0,3.0,3.0,285.7142857142857,0.0,0.0,0.0,,
2005,1190.0,2.0,67.0,4.0,1.0,2.0,3.0,1.0,600.0,0.0,0.0,0.0,,
2005,1190.0,1.0,49.0,5.0,4.0,4.0,1.0,0.0,600.0,3.0,2.0,500.0,2.0,
2005,1116.0,1.0,40.0,4.0,4.0,4.0,1.0,0.0,225.0,2.0,0.0,900.0,2.0,1.0
2005,1116.0,1.0,14.0,5.0,4.0,3.0,3.0,3.0,225.0,0.0,0.0,0.0,,
2005,1116.0,2.0,11.0,5.0,4.0,1.0,3.0,3.0,225.0,0.0,0.0,0.0,,
2005,1116.0,1.0,8.0,5.0,4.0,1.0,4.0,3.0,225.0,0.0,0.0,0.0,,
2005,1134.0,1.0,74.0,4.0,1.0,2.0,3.0,7.0,300.0,0.0,0.0,0.0,,
2005,2416.0,1.0,74.0,2.0,1.0,1.0,3.0,1.0,174.0,0.0,0.0,0.0,,
2005,2416.0,2.0,66.0,2.0,4.0,1.0,1.0,0.0,174.0,2.0,0.0,100.0,2.0,1.0
2005,2416.0,2.0,45.0,5.0,4.0,2.0,1.0,0.0,174.0,3.0,2.0,350.0,2.0,
2005,2416.0,2.0,9.0,5.0,4.0,1.0,4.0,3.0,174.0,0.0,0.0,0.0,,
2005,2416.0,2.0,85.0,5.0,4.0,7.0,3.0,6.0,174.0,0.0,0.0,0.0,,
2005,1482.0,1.0,53.0,1.0,1.0,2.0,1.0,0.0,363.3333333333333,2.0,0.0,0.0,2.0,2.0
2005,1482.0,2.0,47.0,1.0,1.0,3.0,1.0,0.0,363.3333333333333,4.0,0.0,0.0,2.0,2.0
2005,1482.0,2.0,26.0,5.0,1.0,5.0,1.0,0.0,363.3333333333333,3.0,1.0,1090.0,2.0,9.0
2005,1267.0,2.0,57.0,4.0,4.0,1.0,3.0,1.0,142.5,0.0,0.0,0.0,,
2005,1267.0,1.0,33.0,2.0,1.0,2.0,3.0,7.0,142.5,0.0,0.0,0.0,,
2005,1267.0,2.0,31.0,2.0,1.0,2.0,1.0,0.0,142.5,3.0,1.0,300.0,2.0,2.0
2005,1267.0,1.0,14.0,5.0,1.0,3.0,3.0,3.0,142.5,0.0,0.0,0.0,,
2005,1336.0,1.0,38.0,2.0,2.0,4.0,1.0,0.0,266.6666666666667,1.0,0.0,800.0,2.0,5.0
2005,1336.0,2.0,32.0,2.0,2.0,6.0,1.0,0.0,266.6666666666667,3.0,1.0,0.0,2.0,
2005,1336.0,1.0,2.0,5.0,2.0,7.0,4.0,5.0,266.6666666666667,0.0,0.0,0.0,,
2005,1003.0,1.0,60.0,2.0,1.0,4.0,1.0,0.0,150.0,3.0,1.0,600.0,1.0,
2005,1003.0,2.0,61.0,2.0,1.0,2.0,3.0,4.0,150.0,0.0,0.0,0.0,,
2005,1003.0,1.0,17.0,5.0,1.0,3.0,3.0,3.0,150.0,0.0,0.0,0.0,,
2005,1003.0,2.0,89.0,5.0,1.0,2.0,3.0,7.0,150.0,0.0,0.0,0.0,,
2005,1712.0,1.0,48.0,1.0,1.0,2.0,1.0,0.0,199.0,3.0,1.0,350.0,2.0,
2005,1712.0,2.0,41.0,1.0,4.0,2.0,2.0,0.0,199.0,3.0,0.0,0.0,,
2005,1771.0,1.0,40.0,2.0,1.0,2.0,1.0,0.0,177.14285714285714,3.0,1.0,620.0,2.0,
2005,1771.0,2.0,40.0,2.0,1.0,4.0,3.0,4.0,177.14285714285714,0.0,0.0,0.0,,
2005,1771.0,1.0,22.0,5.0,1.0,4.0,1.0,0.0,177.14285714285714,3.0,1.0,620.0,2.0,
2005,1771.0,2.0,16.0,5.0,1.0,3.0,3.0,3.0,177.14285714285714,0.0,0.0,0.0,,
2005,1771.0,1.0,1.0,5.0,1.0,7.0,4.0,5.0,177.14285714285714,0.0,0.0,0.0,,
2005,1771.0,1.0,20.0,1.0,4.0,4.0,2.0,0.0,177.14285714285714,2.0,0.0,0.0,,
2005,1771.0,2.0,19.0,1.0,4.0,4.0,3.0,7.0,177.14285714285714,0.0,0.0,0.0,,
2005,1534.0,1.0,48.0,2.0,4.0,2.0,1.0,0.0,450.0,3.0,2.0,900.0,2.0,7.0
2005,1534.0,2.0,43.0,2.0,1.0,5.0,1.0,0.0,450.0,3.0,1.0,900.0,1.0,7.0
2005,1534.0,2.0,18.0,5.0,1.0,5.0,2.0,0.0,450.0,3.0,0.0,0.0,,
2005,1534.0,1.0,13.0,5.0,1.0,3.0,3.0,3.0,450.0,0.0,0.0,0.0,,
2005,989.0,2.0,69.0,4.0,1.0,2.0,3.0,1.0,291.6666666666667,0.0,0.0,0.0,,
2005,989.0,1.0,36.0,2.0,1.0,4.0,1.0,0.0,291.6666666666667,3.0,1.0,1200.0,2.0,12.0
2005,989.0,2.0,36.0,2.0,1.0,3.0,3.0,4.0,291.6666666666667,0.0,0.0,0.0,,
2005,989.0,2.0,10.0,5.0,1.0,1.0,3.0,3.0,291.6666666666667,0.0,0.0,0.0,,
2005,989.0,1.0,7.0,5.0,1.0,1.0,4.0,3.0,291.6666666666667,0.0,0.0,0.0,,
2005,989.0,2.0,5.0,5.0,1.0,7.0,4.0,5.0,291.6666666666667,0.0,0.0,0.0,,
2005,1174.0,2.0,67.0,2.0,1.0,1.0,3.0,4.0,300.0,0.0,0.0,0.0,,
2005,1174.0,1.0,34.0,5.0,1.0,2.0,1.0,0.0,300.0,3.0,1.0,600.0,2.0,9.0
2005,1053.0,2.0,67.0,4.0,12.0,2.0,3.0,1.0,520.0,0.0,0.0,0.0,,
2005,1315.0,2.0,69.0,4.0,1.0,2.0,3.0,1.0,315.0,0.0,0.0,0.0,,
2005,1315.0,1.0,37.0,5.0,1.0,2.0,1.0,0.0,315.0,3.0,2.0,400.0,2.0,
2005,1188.0,1.0,28.0,1.0,1.0,4.0,1.0,0.0,220.0,3.0,1.0,650.0,1.0,12.0
2005,1188.0,2.0,26.0,1.0,1.0,2.0,3.0,4.0,220.0,0.0,0.0,0.0,,
2005,1188.0,1.0,4.0,5.0,1.0,7.0,4.0,5.0,220.0,0.0,0.0,0.0,,
2005,1188.0,1.0,,5.0,1.0,7.0,4.0,5.0,220.0,0.0,0.0,0.0,,
2005,1082.0,2.0,69.0,4.0,2.0,2.0,3.0,1.0,750.0,0.0,0.0,0.0,,
2005,2343.0,2.0,32.0,3.0,1.0,3.0,3.0,4.0,58.333333333333336,0.0,0.0,0.0,,
2005,2343.0,1.0,16.0,5.0,1.0,3.0,3.0,3.0,58.333333333333336,0.0,0.0,0.0,,
2005,2343.0,1.0,13.0,5.0,1.0,1.0,3.0,3.0,58.333333333333336,0.0,0.0,0.0,,
2005,2343.0,1.0,11.0,5.0,1.0,1.0,3.0,3.0,58.333333333333336,0.0,0.0,0.0,,
2005,2343.0,2.0,5.0,5.0,1.0,7.0,4.0,5.0,58.333333333333336,0.0,0.0,0.0,,
2005,2343.0,2.0,2.0,5.0,1.0,7.0,4.0,5.0,58.333333333333336,0.0,0.0,0.0,,
2005,1297.0,1.0,69.0,3.0,1.0,1.0,3.0,1.0,300.0,0.0,0.0,0.0,,
2005,5551.0,1.0,42.0,1.0,2.0,6.0,1.0,0.0,190.0,2.0,0.0,350.0,2.0,2.0
2005,5551.0,2.0,29.0,1.0,2.0,4.0,1.0,0.0,190.0,2.0,0.0,30.0,2.0,2.0
2005,1053.0,2.0,77.0,4.0,1.0,1.0,3.0,1.0,450.0,0.0,0.0,0.0,,
2005,1333.0,1.0,58.0,2.0,4.0,2.0,1.0,0.0,200.0,2.0,0.0,500.0,2.0,1.0
2005,1333.0,2.0,57.0,2.0,4.0,2.0,1.0,0.0,200.0,3.0,2.0,100.0,2.0,
2005,1333.0,1.0,16.0,5.0,4.0,3.0,3.0,3.0,200.0,0.0,0.0,0.0,,
2005,976.0,2.0,74.0,4.0,1.0,1.0,3.0,1.0,216.66666666666666,0.0,0.0,0.0,,
2005,976.0,1.0,54.0,2.0,4.0,6.0,2.0,0.0,216.66666666666666,2.0,0.0,0.0,,
2005,976.0,2.0,54.0,2.0,4.0,3.0,3.0,4.0,216.66666666666666,0.0,0.0,0.0,,
2005,1138.0,1.0,41.0,5.0,4.0,3.0,1.0,0.0,362.5,3.0,2.0,800.0,2.0,7.0
2005,1138.0,2.0,39.0,3.0,4.0,3.0,1.0,0.0,362.5,3.0,2.0,250.0,2.0,7.0
2005,1138.0,1.0,5.0,5.0,4.0,7.0,4.0,5.0,362.5,0.0,0.0,0.0,,
2005,1138.0,2.0,58.0,3.0,4.0,2.0,1.0,0.0,362.5,3.0,2.0,250.0,2.0,7.0
2005,1917.0,1.0,45.0,1.0,4.0,2.0,1.0,0.0,133.57142857142858,2.0,0.0,0.0,2.0,2.0
2005,1917.0,2.0,37.0,1.0,1.0,1.0,1.0,0.0,133.57142857142858,3.0,1.0,520.0,2.0,4.0
2005,1917.0,2.0,19.0,1.0,4.0,3.0,3.0,7.0,133.57142857142858,0.0,0.0,0.0,,
2005,1917.0,1.0,12.0,5.0,1.0,1.0,3.0,1.0,133.57142857142858,0.0,0.0,0.0,,
2005,1917.0,2.0,6.0,5.0,4.0,7.0,4.0,3.0,133.57142857142858,0.0,0.0,0.0,,
2005,1917.0,1.0,18.0,1.0,4.0,2.0,1.0,0.0,133.57142857142858,3.0,2.0,0.0,2.0,2.0
2005,1917.0,1.0,,5.0,4.0,7.0,4.0,5.0,133.57142857142858,0.0,0.0,0.0,,
2005,1242.0,1.0,79.0,5.0,12.0,2.0,3.0,1.0,800.0,0.0,0.0,0.0,,
2005,1897.0,1.0,44.0,3.0,1.0,6.0,1.0,0.0,800.0,3.0,1.0,1600.0,1.0,10.0
2005,1897.0,1.0,19.0,5.0,1.0,5.0,2.0,0.0,800.0,0.0,0.0,0.0,,
2005,1913.0,2.0,56.0,3.0,4.0,2.0,1.0,0.0,91.25,3.0,2.0,150.0,1.0,6.0
2005,1913.0,2.0,17.0,5.0,4.0,3.0,2.0,0.0,91.25,3.0,0.0,0.0,,
2005,1913.0,1.0,20.0,5.0,4.0,3.0,1.0,0.0,91.25,3.0,2.0,280.0,2.0,2.0
2005,1913.0,2.0,21.0,1.0,4.0,4.0,3.0,7.0,91.25,0.0,0.0,0.0,,
2005,1913.0,1.0,18.0,1.0,4.0,2.0,1.0,0.0,91.25,2.0,0.0,300.0,2.0,1.0
2005,1913.0,2.0,2.0,5.0,4.0,7.0,4.0,5.0,91.25,0.0,0.0,0.0,,
2005,1913.0,1.0,,5.0,4.0,7.0,4.0,5.0,91.25,0.0,0.0,0.0,,
2005,1913.0,2.0,1.0,5.0,4.0,7.0,4.0,5.0,91.25,0.0,0.0,0.0,,
2005,1632.0,2.0,57.0,1.0,4.0,1.0,3.0,4.0,200.0,0.0,0.0,0.0,,
2005,1632.0,2.0,18.0,5.0,1.0,3.0,2.0,0.0,200.0,3.0,0.0,0.0,,
2005,1632.0,2.0,11.0,5.0,4.0,1.0,3.0,7.0,200.0,0.0,0.0,0.0,,
2005,1632.0,1.0,71.0,1.0,1.0,2.0,2.0,0.0,200.0,3.0,0.0,0.0,,
2005,1016.0,1.0,81.0,2.0,1.0,5.0,2.0,0.0,330.0,2.0,0.0,0.0,,
2005,1016.0,2.0,80.0,2.0,1.0,4.0,3.0,1.0,330.0,0.0,0.0,0.0,,
2005,1100.0,2.0,67.0,4.0,1.0,4.0,3.0,1.0,389.0,0.0,0.0,0.0,,
2005,1695.0,1.0,31.0,1.0,1.0,4.0,1.0,0.0,966.6666666666666,3.0,2.0,900.0,2.0,2.0
2005,1695.0,2.0,43.0,1.0,1.0,6.0,1.0,0.0,966.6666666666666,2.0,0.0,2000.0,2.0,1.0
2005,1695.0,1.0,1.0,5.0,1.0,7.0,4.0,5.0,966.6666666666666,0.0,0.0,0.0,,
2005,1280.0,2.0,31.0,5.0,1.0,6.0,1.0,0.0,1010.0,2.0,0.0,700.0,2.0,1.0
2005,1127.0,1.0,58.0,2.0,1.0,6.0,1.0,0.0,2375.0,3.0,1.0,1500.0,2.0,8.0
2005,1127.0,2.0,50.0,2.0,1.0,3.0,3.0,4.0,2375.0,0.0,0.0,0.0,,
2005,1548.0,1.0,40.0,2.0,1.0,3.0,1.0,0.0,136.0,3.0,1.0,680.0,2.0,5.0
2005,1548.0,2.0,34.0,2.0,4.0,3.0,3.0,4.0,136.0,0.0,0.0,0.0,,
2005,1548.0,1.0,13.0,5.0,1.0,3.0,3.0,3.0,136.0,0.0,0.0,0.0,,
2005,1548.0,2.0,4.0,5.0,1.0,7.0,4.0,5.0,136.0,0.0,0.0,0.0,,
2005,1548.0,1.0,,5.0,1.0,7.0,4.0,5.0,136.0,0.0,0.0,0.0,,
2005,1069.0,2.0,63.0,4.0,1.0,1.0,3.0,1.0,300.0,0.0,0.0,0.0,,
2005,1251.0,1.0,75.0,2.0,2.0,6.0,3.0,1.0,700.0,0.0,0.0,0.0,,
2005,1251.0,2.0,73.0,2.0,2.0,4.0,3.0,4.0,700.0,0.0,0.0,0.0,,
2005,1472.0,1.0,33.0,2.0,4.0,3.0,1.0,0.0,175.0,2.0,0.0,500.0,2.0,2.0
2005,1472.0,2.0,31.0,2.0,4.0,3.0,1.0,0.0,175.0,2.0,0.0,100.0,2.0,2.0
2005,1472.0,1.0,11.0,5.0,4.0,1.0,3.0,3.0,175.0,0.0,0.0,0.0,,
2005,1472.0,2.0,13.0,5.0,4.0,3.0,3.0,3.0,175.0,0.0,0.0,0.0,,
2005,1402.0,1.0,88.0,2.0,1.0,3.0,3.0,1.0,600.0,0.0,0.0,0.0,,
2005,1402.0,2.0,75.0,2.0,1.0,3.0,3.0,1.0,600.0,0.0,0.0,0.0,,
2005,1695.0,1.0,39.0,2.0,1.0,2.0,1.0,0.0,355.0,3.0,1.0,1000.0,2.0,11.0
2005,1695.0,2.0,37.0,2.0,1.0,2.0,1.0,0.0,355.0,3.0,2.0,120.0,2.0,
2005,1695.0,2.0,16.0,5.0,1.0,3.0,3.0,3.0,355.0,0.0,0.0,0.0,,
2005,1695.0,2.0,12.0,5.0,1.0,1.0,3.0,3.0,355.0,0.0,0.0,0.0,,
2005,917.0,1.0,72.0,2.0,1.0,6.0,3.0,1.0,376.0,0.0,0.0,0.0,,
2005,917.0,2.0,69.0,2.0,1.0,4.0,3.0,1.0,376.0,0.0,0.0,0.0,,
2005,917.0,2.0,37.0,4.0,1.0,6.0,3.0,1.0,376.0,0.0,0.0,0.0,,
2005,917.0,1.0,5.0,5.0,1.0,7.0,4.0,5.0,376.0,0.0,0.0,0.0,,
2005,917.0,2.0,11.0,5.0,1.0,1.0,3.0,3.0,376.0,0.0,0.0,0.0,,
2005,1112.0,1.0,25.0,1.0,2.0,5.0,1.0,0.0,266.6666666666667,3.0,2.0,400.0,2.0,4.0
2005,1112.0,2.0,23.0,1.0,2.0,5.0,1.0,0.0,266.6666666666667,3.0,2.0,400.0,2.0,4.0
2005,1112.0,2.0,,5.0,2.0,7.0,4.0,5.0,266.6666666666667,0.0,0.0,0.0,,
2005,1599.0,1.0,60.0,1.0,4.0,2.0,1.0,0.0,42.0,2.0,0.0,0.0,2.0,1.0
2005,1599.0,2.0,37.0,1.0,4.0,2.0,1.0,0.0,42.0,3.0,2.0,60.0,2.0,
2005,1599.0,1.0,18.0,5.0,4.0,2.0,2.0,0.0,42.0,3.0,0.0,0.0,,
2005,1599.0,2.0,12.0,5.0,4.0,1.0,3.0,3.0,42.0,0.0,0.0,0.0,,
2005,1599.0,2.0,10.0,5.0,4.0,1.0,3.0,3.0,42.0,0.0,0.0,0.0,,
2005,1719.0,1.0,36.0,1.0,4.0,2.0,1.0,0.0,158.33333333333334,3.0,2.0,150.0,1.0,6.0
2005,1719.0,2.0,36.0,1.0,4.0,3.0,3.0,4.0,158.33333333333334,0.0,0.0,0.0,,
2005,1719.0,1.0,19.0,5.0,4.0,2.0,1.0,0.0,158.33333333333334,3.0,2.0,700.0,2.0,6.0
2005,1719.0,2.0,17.0,5.0,4.0,2.0,3.0,7.0,158.33333333333334,0.0,0.0,0.0,,
2005,1719.0,2.0,13.0,5.0,4.0,1.0,3.0,3.0,158.33333333333334,0.0,0.0,0.0,,
2005,1719.0,2.0,11.0,5.0,4.0,1.0,3.0,3.0,158.33333333333334,0.0,0.0,0.0,,
2005,1308.0,1.0,29.0,2.0,2.0,4.0,1.0,0.0,533.3333333333334,3.0,1.0,1600.0,2.0,3.0
2005,1308.0,2.0,29.0,2.0,2.0,5.0,3.0,4.0,533.3333333333334,0.0,0.0,0.0,,
2005,1308.0,1.0,2.0,5.0,2.0,7.0,4.0,5.0,533.3333333333334,0.0,0.0,0.0,,
2005,1148.0,1.0,66.0,2.0,1.0,2.0,3.0,1.0,2031.0,0.0,0.0,0.0,,
2005,1148.0,2.0,59.0,2.0,1.0,4.0,3.0,4.0,2031.0,0.0,0.0,0.0,,
2005,1148.0,1.0,31.0,5.0,1.0,6.0,1.0,0.0,2031.0,3.0,1.0,3390.0,2.0,11.0
2005,1148.0,1.0,26.0,5.0,1.0,5.0,1.0,0.0,2031.0,3.0,1.0,2890.0,2.0,6.0
2005,1148.0,2.0,78.0,4.0,1.0,2.0,3.0,1.0,2031.0,0.0,0.0,0.0,,
2005,1386.0,1.0,53.0,5.0,1.0,2.0,1.0,0.0,290.0,3.0,1.0,580.0,2.0,9.0
2005,1386.0,1.0,20.0,5.0,4.0,4.0,2.0,0.0,290.0,3.0,0.0,0.0,,
2005,1196.0,1.0,35.0,1.0,1.0,4.0,1.0,0.0,300.0,3.0,1.0,1200.0,2.0,9.0
2005,1196.0,2.0,41.0,1.0,1.0,4.0,3.0,4.0,300.0,0.0,0.0,0.0,,
2005,1196.0,1.0,12.0,5.0,1.0,1.0,3.0,3.0,300.0,0.0,0.0,0.0,,
2005,1196.0,1.0,4.0,5.0,1.0,7.0,4.0,5.0,300.0,0.0,0.0,0.0,,
2005,1498.0,2.0,38.0,1.0,4.0,2.0,1.0,0.0,100.0,3.0,2.0,80.0,2.0,2.0
2005,1498.0,1.0,16.0,5.0,4.0,3.0,3.0,3.0,100.0,0.0,0.0,0.0,,
2005,1498.0,2.0,13.0,5.0,4.0,1.0,3.0,3.0,100.0,0.0,0.0,0.0,,
2005,1498.0,1.0,34.0,5.0,1.0,2.0,1.0,0.0,1000.0,3.0,1.0,1000.0,2.0,
2005,1267.0,1.0,34.0,2.0,4.0,4.0,1.0,0.0,220.0,3.0,2.0,750.0,2.0,7.0
2005,1267.0,2.0,29.0,2.0,4.0,3.0,3.0,4.0,220.0,0.0,0.0,0.0,,
2005,1267.0,2.0,13.0,5.0,4.0,3.0,3.0,7.0,220.0,0.0,0.0,0.0,,
2005,1267.0,1.0,9.0,5.0,4.0,1.0,4.0,7.0,220.0,0.0,0.0,0.0,,
2005,1267.0,1.0,1.0,5.0,4.0,7.0,4.0,5.0,220.0,0.0,0.0,0.0,,
2005,1275.0,1.0,52.0,3.0,4.0,2.0,1.0,0.0,150.0,3.0,2.0,150.0,1.0,7.0
2005,1033.0,1.0,33.0,1.0,4.0,2.0,1.0,0.0,68.75,3.0,2.0,400.0,2.0,2.0
2005,1033.0,2.0,26.0,1.0,4.0,2.0,3.0,4.0,68.75,0.0,0.0,0.0,,
2005,1033.0,1.0,12.0,5.0,4.0,1.0,3.0,3.0,68.75,0.0,0.0,0.0,,
2005,1033.0,1.0,9.0,5.0,4.0,1.0,4.0,3.0,68.75,0.0,0.0,0.0,,
2005,1033.0,2.0,8.0,5.0,4.0,1.0,4.0,3.0,68.75,0.0,0.0,0.0,,
2005,1033.0,1.0,6.0,5.0,4.0,1.0,4.0,3.0,68.75,0.0,0.0,0.0,,
2005,1033.0,2.0,2.0,5.0,4.0,7.0,4.0,5.0,68.75,0.0,0.0,0.0,,
2005,1033.0,1.0,,5.0,4.0,7.0,4.0,5.0,68.75,0.0,0.0,0.0,,
2005,1404.0,1.0,42.0,2.0,1.0,4.0,1.0,0.0,250.0,3.0,1.0,1000.0,2.0,10.0
2005,1404.0,2.0,36.0,2.0,1.0,4.0,3.0,4.0,250.0,0.0,0.0,0.0,,
2005,1404.0,2.0,10.0,5.0,1.0,1.0,3.0,3.0,250.0,0.0,0.0,0.0,,
2005,1404.0,2.0,5.0,5.0,1.0,7.0,4.0,5.0,250.0,0.0,0.0,0.0,,
2005,1156.0,1.0,38.0,2.0,1.0,4.0,1.0,0.0,200.0,2.0,0.0,250.0,2.0,1.0
2005,1156.0,2.0,37.0,2.0,1.0,3.0,3.0,4.0,200.0,0.0,0.0,0.0,,
2005,1156.0,1.0,14.0,5.0,1.0,3.0,3.0,3.0,200.0,0.0,0.0,0.0,,
2005,1156.0,2.0,9.0,5.0,1.0,1.0,4.0,3.0,200.0,0.0,0.0,0.0,,
2005,1183.0,1.0,48.0,2.0,1.0,4.0,1.0,0.0,396.6666666666667,2.0,0.0,800.0,2.0,1.0
2005,1183.0,2.0,54.0,2.0,1.0,6.0,3.0,1.0,396.6666666666667,0.0,0.0,0.0,,
2005,1183.0,2.0,19.0,5.0,1.0,3.0,3.0,3.0,396.6666666666667,0.0,0.0,0.0,,
2005,1748.0,1.0,44.0,2.0,4.0,3.0,1.0,0.0,190.0,2.0,0.0,400.0,2.0,1.0
2005,1748.0,2.0,45.0,2.0,4.0,2.0,1.0,0.0,190.0,3.0,2.0,200.0,2.0,
2005,1748.0,2.0,25.0,5.0,4.0,3.0,3.0,7.0,190.0,0.0,0.0,0.0,,
2005,1748.0,1.0,11.0,5.0,4.0,1.0,3.0,3.0,190.0,0.0,0.0,0.0,,
2005,1748.0,2.0,1.0,5.0,4.0,7.0,4.0,5.0,190.0,0.0,0.0,0.0,,
2005,4401.0,1.0,35.0,1.0,4.0,2.0,1.0,0.0,100.0,3.0,2.0,600.0,2.0,6.0
2005,4401.0,2.0,27.0,1.0,4.0,1.0,3.0,4.0,100.0,0.0,0.0,0.0,,
2005,4401.0,1.0,7.0,5.0,4.0,1.0,4.0,3.0,100.0,0.0,0.0,0.0,,
2005,4401.0,1.0,12.0,5.0,4.0,1.0,3.0,3.0,100.0,0.0,0.0,0.0,,
2005,4401.0,2.0,8.0,5.0,4.0,1.0,4.0,3.0,100.0,0.0,0.0,0.0,,
2005,4401.0,2.0,2.0,5.0,4.0,7.0,4.0,5.0,100.0,0.0,0.0,0.0,,
2005,1066.0,1.0,67.0,2.0,1.0,3.0,1.0,0.0,650.0,2.0,0.0,1300.0,2.0,1.0
2005,1066.0,2.0,62.0,2.0,1.0,3.0,3.0,4.0,650.0,0.0,0.0,0.0,,
2005,1539.0,1.0,45.0,2.0,1.0,4.0,1.0,0.0,507.5,3.0,1.0,1890.0,2.0,8.0
2005,1539.0,2.0,41.0,2.0,1.0,4.0,3.0,4.0,507.5,0.0,0.0,0.0,,
2005,1539.0,2.0,21.0,5.0,1.0,5.0,3.0,3.0,507.5,0.0,0.0,0.0,,
2005,1539.0,2.0,17.0,5.0,1.0,3.0,3.0,3.0,507.5,0.0,0.0,0.0,,
2005,1127.0,1.0,51.0,2.0,4.0,3.0,2.0,0.0,140.0,3.0,0.0,0.0,,
2005,1127.0,2.0,54.0,2.0,4.0,2.0,1.0,0.0,140.0,3.0,2.0,0.0,2.0,
2005,1127.0,2.0,24.0,5.0,4.0,5.0,1.0,0.0,140.0,3.0,1.0,420.0,2.0,
2005,977.0,1.0,71.0,2.0,1.0,4.0,3.0,1.0,400.0,0.0,0.0,0.0,,
2005,977.0,2.0,68.0,2.0,1.0,3.0,3.0,4.0,400.0,0.0,0.0,0.0,,
2005,1019.0,1.0,78.0,4.0,1.0,1.0,3.0,1.0,325.0,0.0,0.0,0.0,,
2005,1019.0,1.0,55.0,3.0,4.0,3.0,1.0,0.0,325.0,2.0,0.0,300.0,2.0,1.0
2005,1047.0,1.0,72.0,2.0,12.0,4.0,3.0,1.0,450.0,0.0,0.0,0.0,,
2005,1047.0,2.0,75.0,2.0,12.0,4.0,3.0,6.0,450.0,0.0,0.0,0.0,,
2005,1087.0,1.0,30.0,1.0,1.0,3.0,1.0,0.0,133.33333333333334,3.0,1.0,800.0,2.0,7.0
2005,1087.0,2.0,31.0,1.0,1.0,3.0,3.0,4.0,133.33333333333334,0.0,0.0,0.0,,
2005,1087.0,2.0,13.0,5.0,4.0,1.0,3.0,3.0,133.33333333333334,0.0,0.0,0.0,,
2005,1087.0,1.0,6.0,5.0,1.0,1.0,4.0,3.0,133.33333333333334,0.0,0.0,0.0,,
2005,1087.0,1.0,4.0,5.0,1.0,7.0,4.0,5.0,133.33333333333334,0.0,0.0,0.0,,
2005,1087.0,1.0,,5.0,1.0,7.0,4.0,5.0,133.33333333333334,0.0,0.0,0.0,,
2005,1216.0,2.0,62.0,4.0,4.0,2.0,3.0,1.0,297.0,0.0,0.0,0.0,,
2005,1250.0,1.0,43.0,3.0,1.0,6.0,1.0,0.0,1500.0,3.0,1.0,900.0,2.0,9.0
2005,1632.0,1.0,38.0,2.0,1.0,1.0,1.0,0.0,116.66666666666667,3.0,1.0,500.0,2.0,
2005,1632.0,2.0,41.0,2.0,1.0,1.0,3.0,4.0,116.66666666666667,0.0,0.0,0.0,,
2005,1632.0,2.0,16.0,5.0,4.0,3.0,3.0,3.0,116.66666666666667,0.0,0.0,0.0,,
2005,1632.0,1.0,13.0,5.0,1.0,3.0,3.0,3.0,116.66666666666667,0.0,0.0,0.0,,
2005,1632.0,1.0,7.0,5.0,1.0,1.0,4.0,3.0,116.66666666666667,0.0,0.0,0.0,,
2005,1632.0,2.0,81.0,4.0,1.0,7.0,3.0,1.0,116.66666666666667,0.0,0.0,0.0,,
2005,1074.0,1.0,53.0,5.0,2.0,1.0,1.0,0.0,1000.0,2.0,0.0,1000.0,2.0,1.0
2005,1059.0,2.0,83.0,4.0,1.0,2.0,3.0,1.0,975.0,0.0,0.0,0.0,,
2005,1217.0,1.0,74.0,2.0,1.0,1.0,3.0,1.0,277.5,0.0,0.0,0.0,,
2005,1217.0,2.0,82.0,2.0,1.0,2.0,3.0,4.0,277.5,0.0,0.0,0.0,,
2005,1217.0,2.0,70.0,4.0,1.0,2.0,1.0,0.0,277.5,3.0,2.0,120.0,2.0,
2005,1217.0,1.0,27.0,5.0,1.0,7.0,3.0,1.0,277.5,0.0,0.0,0.0,,
2005,1247.0,1.0,59.0,1.0,4.0,2.0,1.0,0.0,237.5,3.0,2.0,450.0,2.0,4.0
2005,1247.0,2.0,55.0,1.0,4.0,2.0,3.0,4.0,237.5,0.0,0.0,0.0,,
2005,1247.0,1.0,23.0,5.0,4.0,4.0,2.0,0.0,237.5,2.0,0.0,0.0,,
2005,1247.0,1.0,27.0,5.0,4.0,3.0,1.0,0.0,237.5,3.0,2.0,500.0,2.0,6.0
2005,1480.0,1.0,64.0,5.0,4.0,1.0,3.0,4.0,250.0,0.0,0.0,0.0,,
2005,1498.0,1.0,42.0,2.0,1.0,3.0,1.0,0.0,450.0,3.0,1.0,1200.0,2.0,
2005,1498.0,2.0,42.0,2.0,1.0,4.0,1.0,0.0,450.0,2.0,0.0,600.0,2.0,1.0
2005,1498.0,2.0,17.0,5.0,1.0,3.0,3.0,3.0,450.0,0.0,0.0,0.0,,
2005,1498.0,1.0,11.0,5.0,1.0,1.0,3.0,3.0,450.0,0.0,0.0,0.0,,
2005,1131.0,2.0,41.0,3.0,1.0,5.0,1.0,0.0,312.5,3.0,1.0,1100.0,1.0,11.0
2005,1131.0,2.0,18.0,5.0,1.0,3.0,3.0,3.0,312.5,0.0,0.0,0.0,,
2005,1131.0,2.0,16.0,5.0,1.0,3.0,3.0,3.0,312.5,0.0,0.0,0.0,,
2005,1131.0,2.0,10.0,5.0,1.0,1.0,3.0,3.0,312.5,0.0,0.0,0.0,,
2005,1094.0,1.0,65.0,2.0,1.0,1.0,1.0,0.0,400.0,3.0,1.0,800.0,2.0,8.0
2005,1094.0,2.0,52.0,2.0,1.0,1.0,3.0,3.0,400.0,0.0,0.0,0.0,,
2005,1099.0,1.0,80.0,4.0,1.0,2.0,3.0,1.0,480.0,0.0,0.0,0.0,,
2005,1173.0,1.0,50.0,1.0,1.0,3.0,1.0,0.0,300.0,3.0,1.0,900.0,2.0,
2005,1173.0,2.0,53.0,1.0,1.0,3.0,3.0,4.0,300.0,0.0,0.0,0.0,,
2005,1173.0,2.0,37.0,5.0,4.0,2.0,2.0,0.0,300.0,3.0,0.0,0.0,,
2005,1511.0,1.0,36.0,1.0,1.0,6.0,1.0,0.0,1675.0,3.0,2.0,2800.0,2.0,11.0
2005,1511.0,2.0,36.0,1.0,2.0,6.0,1.0,0.0,1675.0,3.0,1.0,1800.0,2.0,9.0
2005,1511.0,2.0,14.0,5.0,2.0,3.0,3.0,3.0,1675.0,0.0,0.0,0.0,,
2005,1511.0,1.0,8.0,5.0,2.0,1.0,4.0,3.0,1675.0,0.0,0.0,0.0,,
2005,1091.0,2.0,47.0,1.0,1.0,4.0,1.0,0.0,380.0,3.0,1.0,900.0,2.0,12.0
2005,1091.0,2.0,72.0,4.0,4.0,3.0,3.0,4.0,380.0,0.0,0.0,0.0,,
2005,1091.0,2.0,23.0,5.0,4.0,4.0,2.0,0.0,380.0,3.0,0.0,0.0,,
2005,1091.0,1.0,1.0,5.0,4.0,7.0,4.0,5.0,380.0,0.0,0.0,0.0,,
2005,1091.0,1.0,52.0,1.0,1.0,4.0,1.0,0.0,380.0,1.0,0.0,1000.0,2.0,3.0
2005,1203.0,1.0,61.0,2.0,4.0,6.0,3.0,7.0,266.6666666666667,0.0,0.0,0.0,,
2005,1203.0,2.0,58.0,2.0,4.0,2.0,3.0,4.0,266.6666666666667,0.0,0.0,0.0,,
2005,1203.0,2.0,20.0,5.0,4.0,5.0,1.0,0.0,266.6666666666667,3.0,2.0,700.0,2.0,
2005,1106.0,2.0,58.0,4.0,1.0,2.0,1.0,0.0,126.0,3.0,2.0,80.0,2.0,1.0
2005,1106.0,1.0,19.0,5.0,4.0,3.0,1.0,0.0,126.0,3.0,2.0,200.0,2.0,5.0
2005,1106.0,1.0,24.0,5.0,4.0,6.0,1.0,0.0,126.0,3.0,2.0,0.0,1.0,7.0
2005,1106.0,2.0,11.0,5.0,4.0,1.0,3.0,3.0,126.0,0.0,0.0,0.0,,
2005,1106.0,2.0,17.0,5.0,1.0,3.0,3.0,3.0,126.0,0.0,0.0,0.0,,
2005,1291.0,1.0,65.0,4.0,4.0,2.0,3.0,4.0,73.33333333333333,0.0,0.0,0.0,,
2005,1291.0,2.0,21.0,5.0,4.0,1.0,3.0,6.0,73.33333333333333,0.0,0.0,0.0,,
2005,1291.0,1.0,19.0,5.0,4.0,3.0,1.0,0.0,73.33333333333333,3.0,2.0,70.0,2.0,2.0
2005,1019.0,2.0,52.0,3.0,4.0,4.0,2.0,0.0,200.0,3.0,0.0,0.0,,
2005,1223.0,1.0,50.0,2.0,4.0,2.0,1.0,0.0,100.0,2.0,0.0,300.0,2.0,1.0
2005,1223.0,2.0,55.0,2.0,4.0,4.0,3.0,4.0,100.0,0.0,0.0,0.0,,
2005,1223.0,1.0,17.0,5.0,4.0,3.0,3.0,3.0,100.0,0.0,0.0,0.0,,
2005,1387.0,2.0,44.0,2.0,1.0,6.0,1.0,0.0,837.5,3.0,1.0,2350.0,2.0,8.0
2005,1387.0,2.0,7.0,5.0,1.0,1.0,4.0,3.0,837.5,0.0,0.0,0.0,,
2005,1387.0,1.0,1.0,5.0,1.0,7.0,4.0,5.0,837.5,0.0,0.0,0.0,,
2005,1387.0,1.0,44.0,2.0,1.0,5.0,1.0,0.0,837.5,2.0,0.0,0.0,2.0,1.0
2005,1584.0,1.0,44.0,2.0,1.0,2.0,1.0,0.0,325.0,3.0,1.0,450.0,2.0,
2005,1584.0,2.0,44.0,2.0,1.0,2.0,1.0,0.0,325.0,3.0,2.0,350.0,2.0,
2005,1584.0,1.0,21.0,5.0,4.0,6.0,1.0,0.0,325.0,3.0,2.0,100.0,2.0,8.0
2005,1584.0,1.0,19.0,5.0,4.0,4.0,2.0,0.0,325.0,3.0,0.0,0.0,,
2005,1194.0,1.0,37.0,1.0,2.0,4.0,1.0,0.0,500.0,2.0,0.0,1500.0,2.0,1.0
2005,1194.0,2.0,38.0,1.0,2.0,5.0,3.0,3.0,500.0,0.0,0.0,0.0,,
2005,1194.0,2.0,9.0,5.0,2.0,1.0,4.0,3.0,500.0,0.0,0.0,0.0,,
2005,1367.0,1.0,35.0,2.0,1.0,2.0,1.0,0.0,287.5,3.0,1.0,1000.0,2.0,9.0
2005,1367.0,2.0,30.0,2.0,1.0,3.0,3.0,4.0,287.5,0.0,0.0,0.0,,
2005,1367.0,1.0,13.0,5.0,1.0,3.0,3.0,3.0,287.5,0.0,0.0,0.0,,
2005,1367.0,1.0,1.0,5.0,1.0,7.0,4.0,5.0,287.5,0.0,0.0,0.0,,
2005,1796.0,1.0,50.0,1.0,2.0,5.0,1.0,0.0,775.0,3.0,2.0,1800.0,2.0,
2005,1796.0,2.0,57.0,1.0,1.0,4.0,3.0,4.0,775.0,0.0,0.0,0.0,,
2005,1796.0,2.0,17.0,5.0,4.0,3.0,3.0,3.0,775.0,0.0,0.0,0.0,,
2005,1796.0,1.0,33.0,5.0,1.0,2.0,1.0,0.0,775.0,2.0,0.0,100.0,2.0,1.0
2005,1345.0,1.0,43.0,2.0,1.0,6.0,1.0,0.0,300.0,3.0,1.0,1100.0,2.0,11.0
2005,1345.0,2.0,41.0,2.0,1.0,6.0,3.0,4.0,300.0,0.0,0.0,0.0,,
2005,1345.0,2.0,17.0,5.0,1.0,3.0,3.0,3.0,300.0,0.0,0.0,0.0,,
2005,1345.0,1.0,15.0,5.0,1.0,3.0,3.0,3.0,300.0,0.0,0.0,0.0,,
2005,1345.0,1.0,7.0,5.0,1.0,1.0,4.0,3.0,300.0,0.0,0.0,0.0,,
2005,1253.0,2.0,43.0,3.0,1.0,4.0,1.0,0.0,315.0,3.0,2.0,450.0,2.0,3.0
2005,1253.0,1.0,20.0,5.0,4.0,5.0,2.0,0.0,315.0,3.0,0.0,0.0,,
2005,1253.0,2.0,18.0,5.0,1.0,3.0,3.0,3.0,315.0,0.0,0.0,0.0,,
2005,1253.0,1.0,9.0,5.0,1.0,1.0,4.0,3.0,315.0,0.0,0.0,0.0,,
2005,1043.0,1.0,67.0,2.0,1.0,2.0,3.0,1.0,300.0,0.0,0.0,0.0,,
2005,1043.0,2.0,66.0,2.0,1.0,2.0,3.0,4.0,300.0,0.0,0.0,0.0,,
2005,1560.0,1.0,58.0,2.0,4.0,3.0,2.0,0.0,393.4,2.0,0.0,0.0,,
2005,1560.0,2.0,61.0,2.0,1.0,1.0,3.0,4.0,393.4,0.0,0.0,0.0,,
2005,1560.0,1.0,41.0,3.0,4.0,4.0,1.0,0.0,393.4,3.0,1.0,480.0,2.0,6.0
2005,1560.0,1.0,24.0,5.0,1.0,4.0,1.0,0.0,393.4,3.0,1.0,1200.0,2.0,10.0
2005,1560.0,1.0,23.0,5.0,1.0,1.0,3.0,1.0,393.4,0.0,0.0,0.0,,
2005,1257.0,2.0,31.0,3.0,1.0,6.0,1.0,0.0,1220.0,3.0,1.0,920.0,1.0,10.0
2005,1212.0,1.0,67.0,2.0,1.0,4.0,3.0,1.0,563.6666666666666,0.0,0.0,0.0,,
2005,1212.0,2.0,70.0,2.0,1.0,4.0,3.0,1.0,563.6666666666666,0.0,0.0,0.0,,
2005,1212.0,1.0,32.0,5.0,1.0,4.0,1.0,0.0,563.6666666666666,3.0,1.0,850.0,2.0,
2005,1099.0,1.0,28.0,1.0,1.0,2.0,1.0,0.0,293.3333333333333,3.0,1.0,700.0,2.0,12.0
2005,1099.0,2.0,23.0,1.0,4.0,3.0,2.0,0.0,293.3333333333333,3.0,0.0,0.0,,
2005,1099.0,2.0,4.0,5.0,1.0,7.0,4.0,5.0,293.3333333333333,0.0,0.0,0.0,,
2005,1487.0,1.0,38.0,2.0,4.0,2.0,1.0,0.0,125.0,3.0,2.0,500.0,2.0,3.0
2005,1487.0,2.0,37.0,2.0,4.0,4.0,3.0,4.0,125.0,0.0,0.0,0.0,,
2005,1487.0,1.0,10.0,5.0,4.0,1.0,3.0,3.0,125.0,0.0,0.0,0.0,,
2005,1487.0,2.0,4.0,5.0,4.0,7.0,4.0,5.0,125.0,0.0,0.0,0.0,,
2005,1007.0,1.0,37.0,1.0,4.0,1.0,1.0,0.0,98.75,2.0,0.0,200.0,2.0,1.0
2005,1007.0,2.0,37.0,1.0,4.0,2.0,1.0,0.0,98.75,3.0,2.0,120.0,2.0,
2005,1007.0,2.0,17.0,5.0,4.0,3.0,1.0,0.0,98.75,3.0,2.0,80.0,2.0,3.0
2005,1007.0,2.0,16.0,5.0,4.0,3.0,1.0,0.0,98.75,3.0,2.0,240.0,2.0,5.0
2005,1007.0,2.0,12.0,5.0,4.0,1.0,3.0,3.0,98.75,0.0,0.0,0.0,,
2005,1007.0,2.0,8.0,5.0,4.0,1.0,4.0,3.0,98.75,0.0,0.0,0.0,,
2005,1007.0,2.0,5.0,5.0,4.0,7.0,4.0,5.0,98.75,0.0,0.0,0.0,,
2005,1007.0,2.0,,5.0,4.0,7.0,4.0,5.0,98.75,0.0,0.0,0.0,,
2005,1481.0,1.0,30.0,2.0,1.0,2.0,1.0,0.0,195.0,3.0,1.0,500.0,2.0,4.0
2005,1481.0,2.0,28.0,2.0,1.0,3.0,3.0,4.0,195.0,0.0,0.0,0.0,,
2005,1481.0,1.0,9.0,5.0,1.0,1.0,4.0,3.0,195.0,0.0,0.0,0.0,,
2005,1481.0,2.0,8.0,5.0,1.0,1.0,4.0,3.0,195.0,0.0,0.0,0.0,,
2005,1481.0,2.0,2.0,5.0,1.0,7.0,4.0,5.0,195.0,0.0,0.0,0.0,,
2005,1043.0,2.0,88.0,4.0,1.0,1.0,3.0,1.0,870.0,0.0,0.0,0.0,,
2005,1076.0,1.0,51.0,2.0,1.0,3.0,1.0,0.0,680.0,3.0,1.0,1000.0,2.0,
2005,1076.0,2.0,56.0,2.0,1.0,2.0,1.0,0.0,680.0,3.0,2.0,240.0,2.0,3.0
2005,1076.0,2.0,26.0,5.0,1.0,6.0,1.0,0.0,680.0,3.0,1.0,800.0,2.0,4.0
2005,1235.0,2.0,35.0,2.0,1.0,6.0,1.0,0.0,457.14285714285717,1.0,0.0,1000.0,2.0,4.0
2005,1235.0,1.0,34.0,2.0,1.0,6.0,1.0,0.0,457.14285714285717,1.0,0.0,1000.0,2.0,4.0
2005,1235.0,1.0,62.0,2.0,1.0,6.0,3.0,1.0,457.14285714285717,0.0,0.0,0.0,,
2005,1235.0,2.0,62.0,2.0,1.0,6.0,3.0,1.0,457.14285714285717,0.0,0.0,0.0,,
2005,1235.0,2.0,8.0,5.0,1.0,1.0,4.0,3.0,457.14285714285717,0.0,0.0,0.0,,
2005,1235.0,2.0,5.0,5.0,1.0,7.0,4.0,5.0,457.14285714285717,0.0,0.0,0.0,,
2005,1235.0,1.0,53.0,2.0,4.0,4.0,3.0,7.0,457.14285714285717,0.0,0.0,0.0,,
2005,1203.0,1.0,32.0,2.0,1.0,4.0,1.0,0.0,250.0,3.0,1.0,1000.0,2.0,8.0
2005,1203.0,2.0,29.0,2.0,1.0,4.0,3.0,4.0,250.0,0.0,0.0,0.0,,
2005,1203.0,1.0,11.0,5.0,1.0,1.0,3.0,3.0,250.0,0.0,0.0,0.0,,
2005,1203.0,2.0,6.0,5.0,1.0,7.0,4.0,3.0,250.0,0.0,0.0,0.0,,
2005,1182.0,1.0,27.0,5.0,1.0,4.0,1.0,0.0,340.0,3.0,1.0,720.0,2.0,6.0
2005,1182.0,2.0,50.0,4.0,2.0,2.0,1.0,0.0,340.0,2.0,0.0,300.0,2.0,1.0
2005,1182.0,1.0,27.0,5.0,2.0,6.0,2.0,0.0,340.0,2.0,0.0,0.0,,
2005,1614.0,2.0,62.0,4.0,4.0,2.0,1.0,0.0,300.0,2.0,0.0,300.0,2.0,1.0
2005,1256.0,1.0,46.0,2.0,1.0,3.0,1.0,0.0,450.0,3.0,1.0,1800.0,2.0,10.0
2005,1256.0,2.0,46.0,2.0,1.0,2.0,3.0,4.0,450.0,0.0,0.0,0.0,,
2005,1256.0,2.0,17.0,5.0,1.0,3.0,3.0,3.0,450.0,0.0,0.0,0.0,,
2005,1256.0,1.0,12.0,5.0,1.0,1.0,3.0,3.0,450.0,0.0,0.0,0.0,,
2005,1180.0,1.0,36.0,2.0,2.0,5.0,1.0,0.0,300.0,2.0,0.0,1200.0,2.0,2.0
2005,1180.0,2.0,34.0,2.0,2.0,5.0,3.0,4.0,300.0,0.0,0.0,0.0,,
2005,1180.0,1.0,5.0,5.0,2.0,7.0,4.0,5.0,300.0,0.0,0.0,0.0,,
2005,1180.0,2.0,3.0,5.0,2.0,7.0,4.0,5.0,300.0,0.0,0.0,0.0,,
2005,1311.0,1.0,50.0,2.0,4.0,2.0,1.0,0.0,75.0,3.0,2.0,100.0,2.0,2.0
2005,1311.0,1.0,17.0,5.0,4.0,3.0,3.0,3.0,75.0,0.0,0.0,0.0,,
2005,1311.0,2.0,27.0,5.0,4.0,6.0,3.0,4.0,75.0,0.0,0.0,0.0,,
2005,1311.0,2.0,24.0,5.0,4.0,3.0,2.0,0.0,75.0,0.0,0.0,0.0,,
2005,1311.0,2.0,3.0,5.0,4.0,7.0,4.0,5.0,75.0,0.0,0.0,0.0,,
2005,1311.0,2.0,51.0,2.0,4.0,3.0,1.0,0.0,75.0,3.0,2.0,200.0,2.0,
2005,1158.0,2.0,64.0,4.0,4.0,2.0,3.0,4.0,600.0,0.0,0.0,0.0,,
2005,1158.0,1.0,31.0,5.0,1.0,3.0,1.0,0.0,600.0,3.0,1.0,1200.0,2.0,12.0
2005,1321.0,1.0,26.0,1.0,4.0,4.0,2.0,0.0,203.0,2.0,0.0,0.0,,
2005,1321.0,2.0,27.0,1.0,4.0,5.0,1.0,0.0,203.0,2.0,0.0,300.0,2.0,1.0
2005,1321.0,1.0,,5.0,4.0,7.0,4.0,5.0,203.0,0.0,0.0,0.0,,
2005,968.0,2.0,78.0,4.0,1.0,1.0,3.0,1.0,163.33333333333334,0.0,0.0,0.0,,
2005,968.0,2.0,78.0,5.0,4.0,1.0,3.0,4.0,163.33333333333334,0.0,0.0,0.0,,
2005,968.0,1.0,74.0,5.0,1.0,1.0,3.0,1.0,163.33333333333334,0.0,0.0,0.0,,
2005,968.0,2.0,39.0,2.0,1.0,4.0,1.0,0.0,163.33333333333334,3.0,2.0,80.0,2.0,
2005,968.0,1.0,46.0,2.0,1.0,1.0,1.0,0.0,163.33333333333334,2.0,0.0,500.0,2.0,1.0
2005,968.0,2.0,6.0,5.0,1.0,1.0,4.0,3.0,163.33333333333334,0.0,0.0,0.0,,
2005,1052.0,1.0,63.0,2.0,1.0,4.0,2.0,0.0,407.0,0.0,0.0,0.0,,
2005,1052.0,2.0,64.0,2.0,1.0,2.0,3.0,4.0,407.0,0.0,0.0,0.0,,
2005,1328.0,1.0,59.0,2.0,4.0,2.0,2.0,0.0,275.0,2.0,0.0,0.0,,
2005,1328.0,2.0,51.0,2.0,4.0,1.0,3.0,4.0,275.0,0.0,0.0,0.0,,
2005,1328.0,1.0,26.0,5.0,1.0,5.0,1.0,0.0,275.0,3.0,1.0,600.0,2.0,7.0
2005,1328.0,1.0,20.0,5.0,4.0,3.0,1.0,0.0,275.0,3.0,2.0,500.0,2.0,1.0
2005,1372.0,1.0,38.0,1.0,2.0,5.0,1.0,0.0,650.0,3.0,2.0,2000.0,2.0,7.0
2005,1372.0,2.0,38.0,1.0,2.0,5.0,1.0,0.0,650.0,3.0,2.0,600.0,2.0,7.0
2005,1372.0,1.0,14.0,5.0,12.0,3.0,3.0,3.0,650.0,0.0,0.0,0.0,,
2005,1372.0,2.0,16.0,5.0,2.0,3.0,3.0,3.0,650.0,0.0,0.0,0.0,,
2005,1497.0,1.0,44.0,2.0,1.0,2.0,1.0,0.0,300.0,3.0,1.0,600.0,2.0,6.0
2005,1497.0,2.0,43.0,2.0,1.0,2.0,1.0,0.0,300.0,3.0,2.0,600.0,2.0,
2005,1497.0,1.0,23.0,5.0,4.0,5.0,3.0,3.0,300.0,0.0,0.0,0.0,,
2005,1497.0,2.0,25.0,5.0,1.0,5.0,1.0,0.0,300.0,3.0,2.0,300.0,2.0,
2005,1497.0,2.0,10.0,5.0,1.0,1.0,3.0,3.0,300.0,0.0,0.0,0.0,,
2005,1118.0,2.0,64.0,4.0,4.0,2.0,1.0,0.0,320.0,3.0,2.0,240.0,2.0,
2005,1249.0,2.0,62.0,4.0,1.0,3.0,3.0,4.0,200.0,0.0,0.0,0.0,,
2005,1220.0,1.0,68.0,2.0,1.0,2.0,3.0,1.0,150.0,0.0,0.0,0.0,,
2005,1220.0,2.0,67.0,2.0,1.0,2.0,3.0,4.0,150.0,0.0,0.0,0.0,,
2005,1730.0,2.0,37.0,3.0,1.0,2.0,1.0,0.0,100.0,2.0,0.0,400.0,2.0,2.0
2005,1730.0,1.0,20.0,5.0,1.0,4.0,1.0,0.0,100.0,4.0,0.0,0.0,2.0,2.0
2005,1730.0,2.0,17.0,5.0,1.0,3.0,3.0,3.0,100.0,0.0,0.0,0.0,,
2005,1730.0,2.0,5.0,5.0,1.0,7.0,4.0,5.0,100.0,0.0,0.0,0.0,,
2005,1171.0,1.0,53.0,1.0,4.0,4.0,1.0,0.0,333.3333333333333,1.0,0.0,1000.0,2.0,7.0
2005,1171.0,2.0,47.0,1.0,4.0,4.0,3.0,4.0,333.3333333333333,0.0,0.0,0.0,,
2005,1171.0,1.0,5.0,5.0,4.0,7.0,4.0,5.0,333.3333333333333,0.0,0.0,0.0,,
2005,1191.0,2.0,47.0,5.0,1.0,6.0,1.0,0.0,900.0,3.0,1.0,900.0,2.0,7.0
2005,1390.0,1.0,44.0,2.0,1.0,5.0,1.0,0.0,700.0,3.0,1.0,1300.0,2.0,12.0
2005,1390.0,2.0,47.0,2.0,1.0,6.0,1.0,0.0,700.0,1.0,0.0,1500.0,2.0,3.0
2005,1390.0,1.0,10.0,5.0,1.0,1.0,3.0,3.0,700.0,0.0,0.0,0.0,,
2005,1390.0,1.0,8.0,5.0,1.0,1.0,4.0,3.0,700.0,0.0,0.0,0.0,,
2005,1482.0,1.0,65.0,2.0,4.0,3.0,2.0,0.0,100.0,2.0,0.0,0.0,,
2005,1482.0,2.0,54.0,2.0,4.0,4.0,1.0,0.0,100.0,3.0,2.0,200.0,2.0,
2005,1507.0,1.0,24.0,5.0,1.0,4.0,1.0,0.0,550.0,3.0,1.0,700.0,1.0,10.0
2005,1507.0,2.0,25.0,3.0,4.0,3.0,1.0,0.0,550.0,3.0,2.0,400.0,2.0,
2005,1584.0,1.0,43.0,1.0,4.0,1.0,1.0,0.0,216.0,1.0,0.0,1200.0,2.0,4.0
2005,1584.0,2.0,46.0,1.0,4.0,1.0,3.0,1.0,216.0,0.0,0.0,0.0,,
2005,1584.0,1.0,27.0,5.0,4.0,1.0,1.0,0.0,216.0,3.0,2.0,510.0,2.0,5.0
2005,1584.0,1.0,17.0,5.0,4.0,1.0,1.0,0.0,216.0,3.0,2.0,0.0,2.0,
2005,1584.0,1.0,15.0,5.0,4.0,1.0,3.0,3.0,216.0,0.0,0.0,0.0,,
2005,1584.0,1.0,12.0,5.0,4.0,1.0,3.0,3.0,216.0,0.0,0.0,0.0,,
2005,1584.0,2.0,10.0,5.0,4.0,1.0,3.0,3.0,216.0,0.0,0.0,0.0,,
2005,1584.0,1.0,8.0,5.0,4.0,1.0,4.0,3.0,216.0,0.0,0.0,0.0,,
2005,1584.0,2.0,7.0,5.0,4.0,1.0,4.0,3.0,216.0,0.0,0.0,0.0,,
2005,1584.0,1.0,4.0,5.0,4.0,7.0,4.0,5.0,216.0,0.0,0.0,0.0,,
2005,1263.0,1.0,54.0,2.0,1.0,1.0,1.0,0.0,562.5,3.0,1.0,1500.0,2.0,6.0
2005,1263.0,2.0,49.0,2.0,1.0,2.0,3.0,4.0,562.5,0.0,0.0,0.0,,
2005,1263.0,1.0,19.0,5.0,1.0,5.0,2.0,0.0,562.5,3.0,0.0,0.0,,
2005,1263.0,1.0,12.0,5.0,1.0,1.0,3.0,3.0,562.5,0.0,0.0,0.0,,
2005,1437.0,1.0,52.0,2.0,1.0,3.0,1.0,0.0,394.0,3.0,1.0,700.0,2.0,
2005,1437.0,2.0,48.0,2.0,4.0,2.0,3.0,4.0,394.0,0.0,0.0,0.0,,
2005,1437.0,1.0,23.0,5.0,1.0,4.0,1.0,0.0,394.0,3.0,2.0,482.0,2.0,
2005,1608.0,1.0,48.0,2.0,4.0,2.0,1.0,0.0,291.42857142857144,3.0,2.0,1000.0,2.0,3.0
2005,1608.0,2.0,40.0,2.0,4.0,2.0,1.0,0.0,291.42857142857144,3.0,2.0,80.0,2.0,
2005,1608.0,1.0,19.0,5.0,4.0,3.0,1.0,0.0,291.42857142857144,3.0,2.0,600.0,2.0,
2005,1608.0,1.0,17.0,5.0,4.0,3.0,2.0,0.0,291.42857142857144,3.0,0.0,0.0,,
2005,1608.0,1.0,15.0,5.0,4.0,3.0,3.0,3.0,291.42857142857144,0.0,0.0,0.0,,
2005,1608.0,1.0,10.0,5.0,4.0,1.0,3.0,3.0,291.42857142857144,0.0,0.0,0.0,,
2005,1608.0,1.0,70.0,4.0,4.0,2.0,1.0,0.0,291.42857142857144,2.0,0.0,0.0,2.0,1.0
2005,1040.0,2.0,75.0,3.0,1.0,2.0,3.0,1.0,300.0,0.0,0.0,0.0,,
2005,1392.0,2.0,74.0,4.0,1.0,2.0,3.0,6.0,0.0,0.0,0.0,0.0,,
2005,1189.0,1.0,32.0,2.0,1.0,4.0,1.0,0.0,402.5,3.0,1.0,780.0,2.0,2.0
2005,1189.0,2.0,29.0,2.0,1.0,3.0,1.0,0.0,402.5,2.0,0.0,500.0,2.0,2.0
2005,1189.0,1.0,12.0,5.0,1.0,3.0,3.0,3.0,402.5,0.0,0.0,0.0,,
2005,1189.0,2.0,9.0,5.0,1.0,1.0,4.0,3.0,402.5,0.0,0.0,0.0,,
2005,1175.0,1.0,43.0,2.0,2.0,6.0,1.0,0.0,250.0,2.0,0.0,1000.0,2.0,3.0
2005,1175.0,2.0,38.0,2.0,2.0,4.0,1.0,0.0,250.0,4.0,0.0,0.0,2.0,3.0
2005,1175.0,2.0,9.0,5.0,2.0,1.0,4.0,3.0,250.0,0.0,0.0,0.0,,
2005,1175.0,2.0,7.0,5.0,2.0,1.0,4.0,3.0,250.0,0.0,0.0,0.0,,
2005,1181.0,2.0,28.0,3.0,4.0,2.0,1.0,0.0,100.0,3.0,2.0,300.0,2.0,5.0
2005,1181.0,2.0,12.0,5.0,4.0,1.0,3.0,3.0,100.0,0.0,0.0,0.0,,
2005,1181.0,2.0,9.0,5.0,4.0,1.0,4.0,3.0,100.0,0.0,0.0,0.0,,
2005,1284.0,1.0,44.0,3.0,1.0,5.0,1.0,0.0,7000.0,2.0,0.0,7000.0,2.0,2.0
2005,994.0,2.0,83.0,4.0,1.0,2.0,3.0,1.0,800.0,0.0,0.0,0.0,,
2005,1240.0,1.0,28.0,2.0,1.0,4.0,1.0,0.0,890.0,3.0,1.0,1140.0,2.0,11.0
2005,1240.0,2.0,26.0,2.0,1.0,6.0,1.0,0.0,890.0,3.0,1.0,660.0,2.0,9.0
2005,1240.0,1.0,3.0,5.0,1.0,7.0,4.0,5.0,890.0,0.0,0.0,0.0,,
2005,2155.0,2.0,69.0,5.0,1.0,1.0,3.0,1.0,490.0,0.0,0.0,0.0,,
2005,1358.0,1.0,42.0,2.0,4.0,3.0,1.0,0.0,150.0,3.0,2.0,600.0,2.0,7.0
2005,1358.0,2.0,40.0,2.0,4.0,3.0,2.0,0.0,150.0,0.0,0.0,0.0,,
2005,1358.0,2.0,17.0,5.0,4.0,3.0,3.0,3.0,150.0,0.0,0.0,0.0,,
2005,1358.0,2.0,15.0,5.0,4.0,3.0,3.0,3.0,150.0,0.0,0.0,0.0,,
2005,2921.0,1.0,28.0,2.0,4.0,4.0,1.0,0.0,110.0,3.0,2.0,550.0,2.0,5.0
2005,2921.0,2.0,28.0,2.0,4.0,1.0,3.0,4.0,110.0,0.0,0.0,0.0,,
2005,2921.0,1.0,6.0,5.0,4.0,1.0,4.0,3.0,110.0,0.0,0.0,0.0,,
2005,2921.0,2.0,3.0,5.0,4.0,7.0,4.0,5.0,110.0,0.0,0.0,0.0,,
2005,2921.0,2.0,,5.0,4.0,7.0,4.0,5.0,110.0,0.0,0.0,0.0,,
2005,1219.0,1.0,46.0,2.0,4.0,2.0,2.0,0.0,76.66666666666667,2.0,0.0,0.0,,
2005,1219.0,2.0,40.0,2.0,4.0,3.0,1.0,0.0,76.66666666666667,3.0,2.0,150.0,3.0,9.0
2005,1219.0,2.0,13.0,5.0,4.0,3.0,3.0,3.0,76.66666666666667,0.0,0.0,0.0,,
2005,1251.0,1.0,42.0,2.0,1.0,6.0,1.0,0.0,521.6,3.0,1.0,1200.0,1.0,9.0
2005,1251.0,2.0,44.0,2.0,1.0,4.0,1.0,0.0,521.6,3.0,1.0,1100.0,2.0,8.0
2005,1251.0,1.0,8.0,5.0,1.0,1.0,4.0,3.0,521.6,0.0,0.0,0.0,,
2005,1251.0,2.0,11.0,5.0,1.0,1.0,3.0,3.0,521.6,0.0,0.0,0.0,,
2005,1251.0,2.0,74.0,4.0,1.0,2.0,3.0,1.0,521.6,0.0,0.0,0.0,,
2005,1492.0,1.0,34.0,2.0,2.0,3.0,1.0,0.0,925.0,2.0,0.0,3000.0,2.0,1.0
2005,1492.0,2.0,28.0,2.0,2.0,4.0,1.0,0.0,925.0,2.0,0.0,700.0,2.0,1.0
2005,1492.0,1.0,6.0,5.0,2.0,1.0,4.0,3.0,925.0,0.0,0.0,0.0,,
2005,1492.0,2.0,,5.0,2.0,7.0,4.0,5.0,925.0,0.0,0.0,0.0,,
2005,1161.0,1.0,55.0,2.0,1.0,3.0,1.0,0.0,366.6666666666667,2.0,0.0,1100.0,2.0,1.0
2005,1161.0,2.0,51.0,2.0,1.0,2.0,3.0,4.0,366.6666666666667,0.0,0.0,0.0,,
2005,1161.0,1.0,27.0,5.0,4.0,3.0,2.0,0.0,366.6666666666667,3.0,0.0,0.0,,
2005,1249.0,1.0,22.0,1.0,4.0,3.0,1.0,0.0,160.0,2.0,0.0,480.0,2.0,1.0
2005,1249.0,2.0,27.0,1.0,4.0,3.0,3.0,4.0,160.0,0.0,0.0,0.0,,
2005,1249.0,1.0,2.0,5.0,4.0,7.0,4.0,5.0,160.0,0.0,0.0,0.0,,
2005,1556.0,1.0,34.0,1.0,4.0,3.0,1.0,0.0,197.14285714285714,2.0,0.0,500.0,2.0,1.0
2005,1556.0,2.0,32.0,1.0,1.0,4.0,1.0,0.0,197.14285714285714,3.0,1.0,880.0,1.0,9.0
2005,1556.0,1.0,12.0,5.0,1.0,1.0,3.0,3.0,197.14285714285714,0.0,0.0,0.0,,
2005,1556.0,1.0,10.0,5.0,1.0,1.0,3.0,3.0,197.14285714285714,0.0,0.0,0.0,,
2005,1556.0,1.0,8.0,5.0,1.0,1.0,4.0,3.0,197.14285714285714,0.0,0.0,0.0,,
2005,1556.0,2.0,7.0,5.0,1.0,1.0,4.0,3.0,197.14285714285714,0.0,0.0,0.0,,
2005,1556.0,1.0,5.0,5.0,1.0,7.0,4.0,5.0,197.14285714285714,0.0,0.0,0.0,,
2005,1161.0,1.0,36.0,1.0,4.0,2.0,1.0,0.0,50.0,3.0,2.0,200.0,2.0,5.0
2005,1161.0,2.0,31.0,1.0,4.0,3.0,2.0,0.0,50.0,3.0,0.0,0.0,,
2005,1161.0,2.0,8.0,5.0,4.0,1.0,4.0,3.0,50.0,0.0,0.0,0.0,,
2005,1161.0,1.0,4.0,5.0,4.0,7.0,4.0,5.0,50.0,0.0,0.0,0.0,,
2005,1382.0,1.0,38.0,2.0,1.0,4.0,1.0,0.0,225.0,1.0,0.0,250.0,2.0,3.0
2005,1382.0,2.0,33.0,2.0,1.0,4.0,1.0,0.0,225.0,1.0,0.0,650.0,2.0,3.0
2005,1382.0,2.0,14.0,5.0,1.0,3.0,3.0,3.0,225.0,0.0,0.0,0.0,,
2005,1382.0,1.0,9.0,5.0,1.0,1.0,4.0,3.0,225.0,0.0,0.0,0.0,,
2005,1225.0,1.0,68.0,2.0,4.0,2.0,1.0,0.0,175.0,2.0,0.0,100.0,2.0,2.0
2005,1225.0,2.0,75.0,2.0,4.0,2.0,1.0,0.0,175.0,2.0,0.0,100.0,2.0,2.0
2005,1399.0,1.0,48.0,2.0,4.0,2.0,1.0,0.0,80.76923076923077,3.0,2.0,150.0,1.0,
2005,1399.0,2.0,42.0,2.0,4.0,2.0,3.0,4.0,80.76923076923077,0.0,0.0,0.0,,
2005,1399.0,1.0,26.0,5.0,4.0,4.0,1.0,0.0,80.76923076923077,3.0,2.0,400.0,2.0,
2005,1399.0,1.0,23.0,5.0,4.0,4.0,1.0,0.0,80.76923076923077,3.0,2.0,350.0,2.0,
2005,1399.0,2.0,21.0,5.0,4.0,4.0,3.0,4.0,80.76923076923077,0.0,0.0,0.0,,
2005,1399.0,1.0,18.0,5.0,4.0,3.0,3.0,3.0,80.76923076923077,0.0,0.0,0.0,,
2005,1399.0,1.0,16.0,5.0,4.0,3.0,3.0,3.0,80.76923076923077,0.0,0.0,0.0,,
2005,1399.0,2.0,13.0,5.0,4.0,3.0,3.0,3.0,80.76923076923077,0.0,0.0,0.0,,
2005,1399.0,1.0,9.0,5.0,4.0,1.0,4.0,3.0,80.76923076923077,0.0,0.0,0.0,,
2005,1399.0,1.0,7.0,5.0,4.0,1.0,4.0,3.0,80.76923076923077,0.0,0.0,0.0,,
2005,1399.0,2.0,5.0,5.0,4.0,7.0,4.0,5.0,80.76923076923077,0.0,0.0,0.0,,
2005,1399.0,2.0,2.0,5.0,4.0,7.0,4.0,5.0,80.76923076923077,0.0,0.0,0.0,,
2005,1399.0,1.0,,5.0,4.0,7.0,4.0,5.0,80.76923076923077,0.0,0.0,0.0,,
2005,1098.0,2.0,60.0,5.0,2.0,4.0,2.0,0.0,420.0,2.0,0.0,0.0,,
2005,1304.0,2.0,54.0,3.0,4.0,3.0,1.0,0.0,420.0,3.0,2.0,240.0,2.0,8.0
2005,1304.0,2.0,24.0,5.0,1.0,5.0,1.0,0.0,420.0,3.0,1.0,600.0,2.0,9.0
2005,1542.0,1.0,26.0,1.0,4.0,2.0,1.0,0.0,182.5,3.0,2.0,500.0,2.0,6.0
2005,1542.0,2.0,24.0,1.0,4.0,2.0,1.0,0.0,182.5,3.0,2.0,150.0,1.0,6.0
2005,1542.0,2.0,4.0,5.0,4.0,7.0,4.0,5.0,182.5,0.0,0.0,0.0,,
2005,1542.0,2.0,2.0,5.0,4.0,7.0,4.0,5.0,182.5,0.0,0.0,0.0,,
2005,1332.0,1.0,35.0,2.0,4.0,3.0,1.0,0.0,110.0,2.0,0.0,0.0,2.0,1.0
2005,1332.0,2.0,33.0,2.0,4.0,2.0,1.0,0.0,110.0,3.0,2.0,150.0,1.0,
2005,1332.0,2.0,11.0,5.0,4.0,1.0,3.0,3.0,110.0,0.0,0.0,0.0,,
2005,1332.0,2.0,9.0,5.0,4.0,1.0,4.0,3.0,110.0,0.0,0.0,0.0,,
2005,1332.0,2.0,5.0,5.0,4.0,7.0,4.0,5.0,110.0,0.0,0.0,0.0,,
2005,1034.0,2.0,69.0,4.0,1.0,2.0,3.0,1.0,340.0,0.0,0.0,0.0,,
2005,1427.0,1.0,29.0,2.0,1.0,4.0,1.0,0.0,373.3333333333333,3.0,1.0,800.0,2.0,10.0
2005,1427.0,2.0,30.0,2.0,1.0,3.0,2.0,0.0,373.3333333333333,3.0,0.0,0.0,,
2005,1427.0,2.0,4.0,5.0,1.0,7.0,4.0,5.0,373.3333333333333,0.0,0.0,0.0,,
2005,998.0,1.0,71.0,2.0,4.0,2.0,3.0,4.0,16.666666666666668,0.0,0.0,0.0,,
2005,998.0,2.0,69.0,2.0,4.0,1.0,1.0,0.0,16.666666666666668,3.0,2.0,50.0,2.0,2.0
2005,998.0,2.0,40.0,5.0,4.0,4.0,2.0,0.0,16.666666666666668,0.0,0.0,0.0,,
2005,1414.0,1.0,26.0,1.0,4.0,4.0,1.0,0.0,424.0,2.0,0.0,1000.0,2.0,3.0
2005,1414.0,2.0,23.0,1.0,1.0,3.0,1.0,0.0,424.0,2.0,0.0,1000.0,2.0,3.0
2005,1414.0,1.0,5.0,5.0,1.0,7.0,4.0,5.0,424.0,0.0,0.0,0.0,,
2005,1414.0,2.0,2.0,5.0,1.0,7.0,4.0,5.0,424.0,0.0,0.0,0.0,,
2005,1414.0,1.0,15.0,5.0,4.0,3.0,1.0,0.0,424.0,3.0,2.0,120.0,2.0,3.0
2005,1434.0,1.0,49.0,2.0,2.0,6.0,1.0,0.0,640.0,2.0,0.0,2000.0,2.0,1.0
2005,1434.0,2.0,47.0,2.0,2.0,4.0,1.0,0.0,640.0,3.0,2.0,0.0,2.0,2.0
2005,1434.0,2.0,20.0,5.0,2.0,4.0,1.0,0.0,640.0,3.0,1.0,800.0,2.0,4.0
2005,1434.0,2.0,18.0,5.0,2.0,5.0,3.0,3.0,640.0,0.0,0.0,0.0,,
2005,1434.0,2.0,16.0,5.0,2.0,3.0,3.0,3.0,640.0,0.0,0.0,0.0,,
2005,1244.0,1.0,68.0,2.0,1.0,2.0,3.0,1.0,519.0,0.0,0.0,0.0,,
2005,1244.0,2.0,64.0,2.0,1.0,2.0,3.0,4.0,519.0,0.0,0.0,0.0,,
2005,1244.0,1.0,37.0,5.0,4.0,2.0,1.0,0.0,519.0,3.0,2.0,1120.0,2.0,2.0
2005,1244.0,2.0,25.0,5.0,1.0,6.0,1.0,0.0,519.0,3.0,1.0,375.0,1.0,
2005,1244.0,1.0,14.0,5.0,1.0,3.0,3.0,3.0,519.0,0.0,0.0,0.0,,
2005,1082.0,2.0,34.0,2.0,1.0,2.0,2.0,0.0,263.3333333333333,3.0,0.0,0.0,,
2005,1082.0,1.0,42.0,2.0,1.0,2.0,1.0,0.0,263.3333333333333,3.0,1.0,980.0,2.0,9.0
2005,1082.0,1.0,12.0,5.0,1.0,1.0,3.0,3.0,263.3333333333333,0.0,0.0,0.0,,
2005,1082.0,2.0,11.0,5.0,1.0,1.0,3.0,3.0,263.3333333333333,0.0,0.0,0.0,,
2005,1082.0,1.0,9.0,5.0,1.0,1.0,4.0,3.0,263.3333333333333,0.0,0.0,0.0,,
2005,1082.0,1.0,1.0,5.0,1.0,7.0,4.0,5.0,263.3333333333333,0.0,0.0,0.0,,
2005,1180.0,2.0,75.0,4.0,1.0,2.0,3.0,1.0,380.0,0.0,0.0,0.0,,
2005,1043.0,1.0,72.0,2.0,1.0,1.0,1.0,0.0,500.0,2.0,0.0,80.0,2.0,1.0
2005,1043.0,2.0,67.0,2.0,1.0,2.0,3.0,1.0,500.0,0.0,0.0,0.0,,
2005,1043.0,2.0,38.0,5.0,1.0,5.0,1.0,0.0,500.0,3.0,1.0,1000.0,2.0,11.0
2005,1118.0,1.0,39.0,1.0,4.0,2.0,1.0,0.0,274.0,2.0,0.0,170.0,2.0,1.0
2005,1118.0,2.0,38.0,1.0,1.0,6.0,1.0,0.0,274.0,3.0,1.0,1200.0,1.0,
2005,1118.0,2.0,13.0,5.0,1.0,1.0,3.0,3.0,274.0,0.0,0.0,0.0,,
2005,1118.0,2.0,9.0,5.0,1.0,1.0,4.0,3.0,274.0,0.0,0.0,0.0,,
2005,1118.0,1.0,4.0,5.0,1.0,1.0,4.0,5.0,274.0,0.0,0.0,0.0,,
2005,1328.0,1.0,45.0,2.0,1.0,4.0,1.0,0.0,437.5,3.0,1.0,1200.0,1.0,12.0
2005,1328.0,2.0,42.0,2.0,1.0,4.0,3.0,4.0,437.5,0.0,0.0,0.0,,
2005,1328.0,2.0,11.0,5.0,1.0,1.0,3.0,3.0,437.5,0.0,0.0,0.0,,
2005,1328.0,2.0,2.0,5.0,1.0,7.0,4.0,5.0,437.5,0.0,0.0,0.0,,
2005,1172.0,1.0,52.0,3.0,1.0,1.0,1.0,0.0,420.0,3.0,1.0,420.0,2.0,7.0
2005,1128.0,1.0,53.0,2.0,1.0,2.0,1.0,0.0,470.0,3.0,1.0,1220.0,2.0,7.0
2005,1128.0,2.0,53.0,2.0,1.0,2.0,3.0,4.0,470.0,0.0,0.0,0.0,,
2005,1128.0,2.0,24.0,5.0,1.0,5.0,1.0,0.0,470.0,3.0,1.0,660.0,2.0,7.0
2005,1128.0,2.0,14.0,5.0,1.0,3.0,3.0,3.0,470.0,0.0,0.0,0.0,,
2005,1046.0,2.0,63.0,4.0,1.0,7.0,1.0,0.0,450.0,3.0,2.0,450.0,2.0,
2005,1473.0,1.0,66.0,4.0,4.0,1.0,2.0,0.0,150.0,2.0,0.0,0.0,,
2005,1473.0,1.0,33.0,5.0,4.0,3.0,1.0,0.0,150.0,3.0,2.0,300.0,2.0,2.0
2005,1153.0,1.0,37.0,2.0,1.0,6.0,1.0,0.0,1050.0,2.0,0.0,1500.0,2.0,1.0
2005,1153.0,2.0,35.0,2.0,1.0,6.0,1.0,0.0,1050.0,3.0,1.0,2000.0,1.0,7.0
2005,1153.0,1.0,4.0,5.0,1.0,7.0,4.0,5.0,1050.0,0.0,0.0,0.0,,
2005,1153.0,1.0,,5.0,1.0,7.0,4.0,5.0,1050.0,0.0,0.0,0.0,,
2005,1512.0,2.0,60.0,4.0,1.0,2.0,3.0,1.0,311.0,0.0,0.0,0.0,,
2005,1512.0,1.0,40.0,5.0,1.0,2.0,1.0,0.0,311.0,3.0,1.0,422.0,2.0,6.0
2005,1652.0,1.0,35.0,2.0,4.0,4.0,1.0,0.0,100.0,3.0,2.0,400.0,2.0,
2005,1652.0,2.0,33.0,2.0,4.0,4.0,3.0,4.0,100.0,0.0,0.0,0.0,,
2005,1652.0,2.0,10.0,5.0,4.0,1.0,3.0,3.0,100.0,0.0,0.0,0.0,,
2005,1652.0,2.0,6.0,5.0,4.0,7.0,4.0,3.0,100.0,0.0,0.0,0.0,,
2005,1274.0,2.0,54.0,3.0,4.0,3.0,3.0,4.0,425.0,0.0,0.0,0.0,,
2005,1274.0,1.0,24.0,5.0,1.0,6.0,1.0,0.0,425.0,3.0,1.0,500.0,2.0,
2005,1077.0,2.0,67.0,4.0,4.0,1.0,3.0,1.0,900.0,0.0,0.0,0.0,,
2005,1077.0,2.0,24.0,5.0,1.0,4.0,1.0,0.0,900.0,3.0,1.0,1540.0,2.0,11.0
2005,1321.0,2.0,41.0,1.0,1.0,4.0,1.0,0.0,560.0,3.0,1.0,420.0,2.0,
2005,1321.0,1.0,40.0,1.0,1.0,5.0,1.0,0.0,560.0,3.0,1.0,700.0,2.0,7.0
2005,988.0,2.0,42.0,3.0,4.0,1.0,1.0,0.0,90.9090909090909,3.0,2.0,240.0,2.0,2.0
2005,988.0,2.0,24.0,5.0,4.0,2.0,1.0,0.0,90.9090909090909,3.0,2.0,300.0,2.0,6.0
2005,988.0,1.0,22.0,5.0,4.0,3.0,2.0,0.0,90.9090909090909,3.0,0.0,0.0,,
2005,988.0,2.0,18.0,5.0,4.0,2.0,1.0,0.0,90.9090909090909,3.0,2.0,160.0,2.0,4.0
2005,988.0,1.0,14.0,5.0,4.0,1.0,3.0,3.0,90.9090909090909,0.0,0.0,0.0,,
2005,988.0,2.0,12.0,5.0,4.0,1.0,3.0,3.0,90.9090909090909,0.0,0.0,0.0,,
2005,988.0,1.0,10.0,5.0,4.0,1.0,3.0,3.0,90.9090909090909,0.0,0.0,0.0,,
2005,988.0,1.0,8.0,5.0,4.0,1.0,4.0,3.0,90.9090909090909,0.0,0.0,0.0,,
2005,988.0,1.0,4.0,5.0,4.0,7.0,4.0,5.0,90.9090909090909,0.0,0.0,0.0,,
2005,988.0,2.0,6.0,5.0,4.0,1.0,4.0,3.0,90.9090909090909,0.0,0.0,0.0,,
2005,988.0,2.0,,5.0,4.0,7.0,4.0,5.0,90.9090909090909,0.0,0.0,0.0,,
2005,1197.0,2.0,60.0,4.0,1.0,4.0,3.0,1.0,560.0,0.0,0.0,0.0,,
2005,1278.0,1.0,43.0,2.0,4.0,3.0,1.0,0.0,120.0,3.0,2.0,600.0,2.0,5.0
2005,1278.0,2.0,36.0,2.0,4.0,4.0,3.0,4.0,120.0,0.0,0.0,0.0,,
2005,1278.0,2.0,9.0,5.0,4.0,1.0,4.0,3.0,120.0,0.0,0.0,0.0,,
2005,1278.0,1.0,7.0,5.0,4.0,1.0,4.0,3.0,120.0,0.0,0.0,0.0,,
2005,1278.0,1.0,4.0,5.0,4.0,7.0,4.0,5.0,120.0,0.0,0.0,0.0,,
2005,1287.0,1.0,45.0,2.0,4.0,2.0,1.0,0.0,293.3333333333333,2.0,0.0,600.0,2.0,1.0
2005,1287.0,2.0,35.0,2.0,4.0,2.0,1.0,0.0,293.3333333333333,3.0,2.0,280.0,2.0,
2005,1287.0,2.0,10.0,5.0,4.0,1.0,3.0,3.0,293.3333333333333,0.0,0.0,0.0,,
2005,1751.0,1.0,38.0,5.0,2.0,3.0,1.0,0.0,1300.0,3.0,1.0,1300.0,2.0,4.0
2005,1082.0,2.0,80.0,4.0,1.0,2.0,3.0,1.0,350.0,0.0,0.0,0.0,,
2005,1127.0,1.0,77.0,2.0,1.0,6.0,3.0,1.0,1000.0,0.0,0.0,0.0,,
2005,1127.0,2.0,74.0,2.0,1.0,3.0,3.0,4.0,1000.0,0.0,0.0,0.0,,
2005,1039.0,1.0,75.0,2.0,1.0,3.0,3.0,1.0,329.0,0.0,0.0,0.0,,
2005,1039.0,2.0,69.0,2.0,1.0,1.0,3.0,1.0,329.0,0.0,0.0,0.0,,
2005,1242.0,1.0,40.0,1.0,4.0,5.0,1.0,0.0,150.0,2.0,0.0,600.0,2.0,1.0
2005,1242.0,2.0,42.0,1.0,4.0,4.0,3.0,4.0,150.0,0.0,0.0,0.0,,
2005,1242.0,2.0,6.0,5.0,4.0,1.0,4.0,3.0,150.0,0.0,0.0,0.0,,
2005,1242.0,1.0,4.0,5.0,4.0,7.0,4.0,5.0,150.0,0.0,0.0,0.0,,
2005,1427.0,1.0,44.0,5.0,2.0,4.0,2.0,0.0,550.0,0.0,0.0,0.0,,
2005,1427.0,2.0,71.0,4.0,2.0,6.0,3.0,1.0,550.0,0.0,0.0,0.0,,
2005,1351.0,2.0,73.0,4.0,4.0,7.0,3.0,4.0,0.0,0.0,0.0,0.0,,
2005,1103.0,1.0,54.0,3.0,4.0,3.0,1.0,0.0,133.33333333333334,2.0,0.0,400.0,2.0,2.0
2005,1103.0,1.0,31.0,2.0,4.0,4.0,1.0,0.0,133.33333333333334,2.0,0.0,400.0,2.0,2.0
2005,1103.0,2.0,25.0,2.0,4.0,1.0,3.0,4.0,133.33333333333334,0.0,0.0,0.0,,
2005,1103.0,2.0,71.0,4.0,1.0,7.0,3.0,7.0,133.33333333333334,0.0,0.0,0.0,,
2005,1103.0,2.0,2.0,5.0,4.0,7.0,4.0,5.0,133.33333333333334,0.0,0.0,0.0,,
2005,1103.0,1.0,3.0,5.0,4.0,7.0,4.0,5.0,133.33333333333334,0.0,0.0,0.0,,
2005,1153.0,1.0,61.0,2.0,1.0,4.0,1.0,0.0,450.0,3.0,1.0,900.0,2.0,
2005,1153.0,2.0,64.0,2.0,1.0,4.0,3.0,4.0,450.0,0.0,0.0,0.0,,
2005,1081.0,1.0,60.0,2.0,4.0,4.0,2.0,0.0,587.5,0.0,0.0,0.0,,
2005,1081.0,2.0,54.0,2.0,4.0,5.0,3.0,4.0,587.5,0.0,0.0,0.0,,
2005,1081.0,2.0,26.0,3.0,1.0,5.0,1.0,0.0,587.5,3.0,1.0,0.0,2.0,9.0
2005,1081.0,1.0,1.0,5.0,1.0,7.0,4.0,5.0,587.5,0.0,0.0,0.0,,
2005,1857.0,1.0,49.0,2.0,1.0,2.0,1.0,0.0,175.0,1.0,0.0,700.0,2.0,
2005,1857.0,2.0,36.0,2.0,1.0,3.0,3.0,3.0,175.0,0.0,0.0,0.0,,
2005,1857.0,2.0,17.0,5.0,1.0,3.0,3.0,3.0,175.0,0.0,0.0,0.0,,
2005,1857.0,2.0,12.0,5.0,1.0,3.0,3.0,3.0,175.0,0.0,0.0,0.0,,
2005,1508.0,2.0,81.0,4.0,1.0,7.0,3.0,1.0,770.0,0.0,0.0,0.0,,
2005,949.0,1.0,65.0,2.0,4.0,1.0,2.0,0.0,121.0,0.0,0.0,0.0,,
2005,949.0,2.0,61.0,2.0,4.0,2.0,1.0,0.0,121.0,3.0,2.0,500.0,2.0,
2005,949.0,1.0,29.0,2.0,4.0,4.0,2.0,0.0,121.0,3.0,0.0,0.0,,
2005,949.0,2.0,31.0,2.0,4.0,4.0,1.0,0.0,121.0,3.0,2.0,400.0,2.0,2.0
2005,949.0,1.0,6.0,5.0,4.0,1.0,4.0,3.0,121.0,0.0,0.0,0.0,,
2005,949.0,2.0,6.0,5.0,4.0,1.0,4.0,3.0,121.0,0.0,0.0,0.0,,
2005,949.0,2.0,4.0,5.0,4.0,7.0,4.0,5.0,121.0,0.0,0.0,0.0,,
2005,949.0,2.0,22.0,5.0,4.0,4.0,2.0,0.0,121.0,3.0,0.0,0.0,,
2005,1578.0,1.0,47.0,2.0,1.0,2.0,1.0,0.0,475.0,3.0,1.0,700.0,2.0,6.0
2005,1578.0,2.0,47.0,2.0,1.0,2.0,3.0,4.0,475.0,0.0,0.0,0.0,,
2005,1578.0,2.0,24.0,5.0,1.0,4.0,1.0,0.0,475.0,3.0,1.0,650.0,1.0,
2005,1578.0,2.0,23.0,5.0,1.0,4.0,1.0,0.0,475.0,3.0,1.0,500.0,1.0,
2005,1578.0,2.0,18.0,5.0,1.0,4.0,2.0,0.0,475.0,0.0,0.0,0.0,,
2005,1578.0,1.0,16.0,5.0,1.0,3.0,3.0,3.0,475.0,0.0,0.0,0.0,,
2005,1474.0,1.0,42.0,1.0,4.0,2.0,1.0,0.0,100.0,3.0,1.0,500.0,2.0,
2005,1474.0,2.0,36.0,1.0,4.0,2.0,3.0,4.0,100.0,0.0,0.0,0.0,,
2005,1474.0,2.0,14.0,5.0,4.0,3.0,3.0,3.0,100.0,0.0,0.0,0.0,,
2005,1474.0,1.0,7.0,5.0,4.0,1.0,4.0,3.0,100.0,0.0,0.0,0.0,,
2005,1474.0,2.0,7.0,5.0,4.0,1.0,4.0,3.0,100.0,0.0,0.0,0.0,,
2005,1109.0,2.0,56.0,4.0,4.0,2.0,3.0,4.0,200.0,0.0,0.0,0.0,,
2005,1109.0,2.0,30.0,5.0,4.0,4.0,1.0,0.0,200.0,3.0,2.0,500.0,2.0,3.0
2005,1109.0,2.0,22.0,2.0,4.0,5.0,3.0,3.0,200.0,0.0,0.0,0.0,,
2005,1109.0,2.0,10.0,5.0,4.0,1.0,3.0,3.0,200.0,0.0,0.0,0.0,,
2005,1109.0,1.0,26.0,2.0,4.0,5.0,1.0,0.0,200.0,2.0,0.0,500.0,2.0,1.0
2005,1163.0,1.0,89.0,4.0,1.0,2.0,3.0,1.0,350.0,0.0,0.0,0.0,,
2005,1163.0,2.0,54.0,5.0,2.0,6.0,2.0,0.0,350.0,1.0,0.0,0.0,,
2005,1082.0,2.0,41.0,1.0,1.0,5.0,1.0,0.0,1133.3333333333333,1.0,0.0,400.0,2.0,3.0
2005,1082.0,2.0,10.0,5.0,1.0,1.0,3.0,3.0,1133.3333333333333,0.0,0.0,0.0,,
2005,1082.0,1.0,51.0,1.0,1.0,4.0,1.0,0.0,1133.3333333333333,1.0,0.0,3000.0,2.0,3.0
2005,1022.0,1.0,75.0,2.0,1.0,1.0,1.0,0.0,425.0,2.0,0.0,400.0,2.0,1.0
2005,1022.0,2.0,68.0,2.0,1.0,1.0,3.0,4.0,425.0,0.0,0.0,0.0,,
2005,1178.0,1.0,77.0,2.0,1.0,3.0,3.0,1.0,260.0,0.0,0.0,0.0,,
2005,1178.0,2.0,76.0,2.0,1.0,2.0,3.0,4.0,260.0,0.0,0.0,0.0,,
2005,1227.0,2.0,67.0,4.0,1.0,3.0,1.0,0.0,672.6666666666666,3.0,2.0,80.0,2.0,
2005,1227.0,2.0,37.0,5.0,1.0,4.0,1.0,0.0,672.6666666666666,3.0,1.0,900.0,2.0,9.0
2005,1227.0,1.0,8.0,5.0,1.0,1.0,4.0,3.0,672.6666666666666,0.0,0.0,0.0,,
2005,1136.0,2.0,77.0,4.0,1.0,1.0,3.0,1.0,458.0,0.0,0.0,0.0,,
2005,1056.0,1.0,69.0,2.0,2.0,2.0,1.0,0.0,435.0,2.0,0.0,400.0,2.0,1.0
2005,1056.0,2.0,61.0,2.0,2.0,2.0,3.0,4.0,435.0,0.0,0.0,0.0,,
2005,1428.0,1.0,31.0,2.0,1.0,5.0,1.0,0.0,300.0,3.0,1.0,900.0,2.0,11.0
2005,1428.0,2.0,27.0,2.0,1.0,4.0,3.0,4.0,300.0,0.0,0.0,0.0,,
2005,1428.0,2.0,1.0,5.0,1.0,7.0,4.0,5.0,300.0,0.0,0.0,0.0,,
2005,1028.0,2.0,72.0,5.0,1.0,2.0,3.0,1.0,500.0,0.0,0.0,0.0,,
2005,2384.0,2.0,54.0,2.0,1.0,4.0,1.0,0.0,540.0,3.0,1.0,600.0,1.0,7.0
2005,2384.0,2.0,28.0,5.0,4.0,4.0,2.0,0.0,540.0,3.0,0.0,0.0,,
2005,1617.0,1.0,43.0,2.0,1.0,2.0,1.0,0.0,262.5,3.0,1.0,700.0,2.0,
2005,1617.0,2.0,46.0,2.0,1.0,2.0,3.0,4.0,262.5,0.0,0.0,0.0,,
2005,1617.0,2.0,21.0,5.0,1.0,5.0,2.0,0.0,262.5,0.0,0.0,0.0,,
2005,1617.0,2.0,16.0,5.0,1.0,3.0,3.0,3.0,262.5,0.0,0.0,0.0,,
2005,1039.0,1.0,75.0,2.0,1.0,1.0,3.0,1.0,263.3333333333333,0.0,0.0,0.0,,
2005,1039.0,2.0,70.0,2.0,1.0,1.0,3.0,4.0,263.3333333333333,0.0,0.0,0.0,,
2005,1039.0,1.0,34.0,2.0,4.0,3.0,1.0,0.0,263.3333333333333,3.0,2.0,1000.0,2.0,
2005,1039.0,2.0,30.0,2.0,4.0,4.0,3.0,4.0,263.3333333333333,0.0,0.0,0.0,,
2005,1039.0,1.0,9.0,5.0,4.0,1.0,4.0,7.0,263.3333333333333,0.0,0.0,0.0,,
2005,1039.0,1.0,1.0,5.0,4.0,7.0,4.0,5.0,263.3333333333333,0.0,0.0,0.0,,
2005,1128.0,1.0,30.0,2.0,1.0,4.0,1.0,0.0,356.2,3.0,1.0,981.0,2.0,1.0
2005,1128.0,2.0,34.0,2.0,1.0,4.0,2.0,0.0,356.2,0.0,0.0,0.0,,
2005,1128.0,1.0,12.0,5.0,1.0,1.0,3.0,3.0,356.2,0.0,0.0,0.0,,
2005,1128.0,2.0,9.0,5.0,1.0,1.0,4.0,3.0,356.2,0.0,0.0,0.0,,
2005,1128.0,1.0,6.0,5.0,1.0,1.0,4.0,3.0,356.2,0.0,0.0,0.0,,
2005,1351.0,1.0,35.0,5.0,4.0,3.0,1.0,0.0,500.0,2.0,0.0,500.0,2.0,1.0
2005,1233.0,1.0,58.0,2.0,4.0,1.0,1.0,0.0,128.0,3.0,2.0,400.0,2.0,
2005,1233.0,2.0,55.0,2.0,4.0,2.0,3.0,4.0,128.0,0.0,0.0,0.0,,
2005,1233.0,1.0,28.0,5.0,4.0,2.0,1.0,0.0,128.0,3.0,2.0,240.0,2.0,2.0
2005,1233.0,1.0,15.0,5.0,4.0,3.0,2.0,0.0,128.0,0.0,0.0,0.0,,
2005,1233.0,1.0,13.0,5.0,4.0,1.0,3.0,3.0,128.0,0.0,0.0,0.0,,
2005,1398.0,1.0,29.0,1.0,4.0,4.0,1.0,0.0,233.33333333333334,3.0,2.0,700.0,2.0,
2005,1398.0,2.0,31.0,1.0,4.0,4.0,3.0,4.0,233.33333333333334,0.0,0.0,0.0,,
2005,1398.0,2.0,4.0,5.0,4.0,7.0,4.0,5.0,233.33333333333334,0.0,0.0,0.0,,
2005,1216.0,1.0,31.0,1.0,1.0,2.0,1.0,0.0,200.0,3.0,1.0,800.0,2.0,3.0
2005,1216.0,2.0,31.0,1.0,1.0,2.0,3.0,4.0,200.0,0.0,0.0,0.0,,
2005,1216.0,2.0,14.0,5.0,4.0,3.0,3.0,3.0,200.0,0.0,0.0,0.0,,
2005,1216.0,1.0,13.0,5.0,4.0,1.0,3.0,3.0,200.0,0.0,0.0,0.0,,
2005,1216.0,1.0,12.0,5.0,4.0,1.0,3.0,3.0,200.0,0.0,0.0,0.0,,
2005,1216.0,1.0,8.0,5.0,1.0,1.0,4.0,3.0,200.0,0.0,0.0,0.0,,
2005,1216.0,2.0,,5.0,1.0,7.0,4.0,5.0,200.0,0.0,0.0,0.0,,
2005,1750.0,1.0,42.0,2.0,4.0,5.0,1.0,0.0,361.42857142857144,3.0,2.0,1300.0,2.0,8.0
2005,1750.0,2.0,37.0,2.0,4.0,2.0,3.0,4.0,361.42857142857144,0.0,0.0,0.0,,
2005,1750.0,1.0,20.0,5.0,1.0,4.0,1.0,0.0,361.42857142857144,3.0,1.0,750.0,2.0,7.0
2005,1750.0,1.0,21.0,5.0,4.0,4.0,1.0,0.0,361.42857142857144,3.0,2.0,480.0,2.0,6.0
2005,1750.0,2.0,17.0,5.0,4.0,3.0,3.0,3.0,361.42857142857144,0.0,0.0,0.0,,
2005,1750.0,1.0,9.0,5.0,4.0,1.0,4.0,3.0,361.42857142857144,0.0,0.0,0.0,,
2005,1750.0,2.0,3.0,5.0,4.0,7.0,4.0,5.0,361.42857142857144,0.0,0.0,0.0,,
2005,1292.0,1.0,35.0,1.0,4.0,4.0,1.0,0.0,300.0,3.0,2.0,1200.0,2.0,4.0
2005,1292.0,2.0,32.0,1.0,4.0,2.0,3.0,4.0,300.0,0.0,0.0,0.0,,
2005,1292.0,1.0,9.0,5.0,4.0,1.0,4.0,3.0,300.0,0.0,0.0,0.0,,
2005,1292.0,1.0,6.0,5.0,4.0,1.0,4.0,3.0,300.0,0.0,0.0,0.0,,
2005,1161.0,2.0,57.0,4.0,1.0,2.0,3.0,1.0,218.0,0.0,0.0,0.0,,
2005,1161.0,2.0,28.0,2.0,1.0,4.0,3.0,4.0,218.0,0.0,0.0,0.0,,
2005,1161.0,1.0,29.0,2.0,1.0,3.0,1.0,0.0,218.0,3.0,1.0,600.0,2.0,9.0
2005,1161.0,2.0,9.0,5.0,1.0,1.0,4.0,3.0,218.0,0.0,0.0,0.0,,
2005,1161.0,1.0,4.0,5.0,1.0,7.0,4.0,5.0,218.0,0.0,0.0,0.0,,
2005,1227.0,2.0,82.0,5.0,4.0,1.0,3.0,4.0,273.0,0.0,0.0,0.0,,
2005,1227.0,1.0,51.0,2.0,1.0,3.0,1.0,0.0,273.0,3.0,1.0,534.0,2.0,10.0
2005,1227.0,1.0,23.0,5.0,4.0,5.0,3.0,3.0,273.0,0.0,0.0,0.0,,
2005,1144.0,1.0,50.0,2.0,1.0,2.0,1.0,0.0,1500.0,1.0,0.0,3000.0,2.0,3.0
2005,1144.0,2.0,49.0,2.0,1.0,2.0,3.0,4.0,1500.0,0.0,0.0,0.0,,
2005,1321.0,1.0,65.0,2.0,1.0,5.0,1.0,0.0,816.6666666666666,3.0,1.0,1050.0,2.0,6.0
2005,1321.0,2.0,61.0,2.0,1.0,2.0,3.0,4.0,816.6666666666666,0.0,0.0,0.0,,
2005,1321.0,1.0,32.0,5.0,1.0,5.0,1.0,0.0,816.6666666666666,3.0,1.0,1400.0,2.0,6.0
2005,1157.0,1.0,59.0,2.0,1.0,6.0,1.0,0.0,1631.6666666666667,3.0,1.0,2910.0,1.0,12.0
2005,1157.0,2.0,57.0,2.0,1.0,4.0,3.0,1.0,1631.6666666666667,0.0,0.0,0.0,,
2005,1157.0,2.0,27.0,5.0,1.0,6.0,1.0,0.0,1631.6666666666667,3.0,1.0,1200.0,2.0,9.0
2005,2150.0,1.0,37.0,2.0,4.0,2.0,1.0,0.0,583.3333333333334,2.0,0.0,1000.0,2.0,1.0
2005,2150.0,2.0,37.0,2.0,1.0,6.0,1.0,0.0,583.3333333333334,3.0,1.0,600.0,1.0,8.0
2005,2150.0,2.0,14.0,5.0,1.0,3.0,3.0,3.0,583.3333333333334,0.0,0.0,0.0,,
2005,1881.0,1.0,24.0,1.0,4.0,1.0,1.0,0.0,20.0,2.0,0.0,100.0,2.0,1.0
2005,1881.0,2.0,21.0,1.0,4.0,1.0,3.0,4.0,20.0,0.0,0.0,0.0,,
2005,1881.0,2.0,4.0,5.0,4.0,7.0,4.0,5.0,20.0,0.0,0.0,0.0,,
2005,1881.0,2.0,2.0,5.0,4.0,7.0,4.0,5.0,20.0,0.0,0.0,0.0,,
2005,1881.0,1.0,,5.0,4.0,7.0,4.0,5.0,20.0,0.0,0.0,0.0,,
2005,1482.0,2.0,57.0,2.0,4.0,2.0,2.0,0.0,37.5,0.0,0.0,0.0,,
2005,1482.0,1.0,55.0,2.0,4.0,1.0,3.0,3.0,37.5,0.0,0.0,0.0,,
2005,1482.0,1.0,16.0,5.0,4.0,3.0,3.0,3.0,37.5,0.0,0.0,0.0,,
2005,1482.0,2.0,18.0,5.0,4.0,3.0,3.0,3.0,37.5,0.0,0.0,0.0,,
2005,1183.0,2.0,75.0,4.0,1.0,3.0,1.0,0.0,450.0,2.0,0.0,0.0,2.0,2.0
2005,1199.0,1.0,38.0,2.0,1.0,3.0,1.0,0.0,450.0,3.0,1.0,1200.0,2.0,
2005,1199.0,2.0,36.0,2.0,1.0,4.0,1.0,0.0,450.0,3.0,1.0,600.0,2.0,7.0
2005,1199.0,1.0,14.0,5.0,1.0,3.0,3.0,3.0,450.0,0.0,0.0,0.0,,
2005,1199.0,2.0,4.0,5.0,1.0,7.0,4.0,5.0,450.0,0.0,0.0,0.0,,
2005,1355.0,1.0,55.0,2.0,4.0,1.0,1.0,0.0,533.3333333333334,2.0,0.0,800.0,2.0,2.0
2005,1355.0,2.0,56.0,2.0,4.0,2.0,3.0,4.0,533.3333333333334,0.0,0.0,0.0,,
2005,1355.0,1.0,31.0,5.0,4.0,2.0,1.0,0.0,533.3333333333334,3.0,2.0,800.0,2.0,2.0
2005,1314.0,1.0,57.0,3.0,4.0,1.0,3.0,6.0,135.0,0.0,0.0,0.0,,
2005,1314.0,1.0,74.0,4.0,4.0,2.0,3.0,4.0,135.0,0.0,0.0,0.0,,
2005,1156.0,1.0,57.0,2.0,1.0,2.0,1.0,0.0,750.0,3.0,1.0,1450.0,2.0,12.0
2005,1156.0,2.0,50.0,2.0,1.0,6.0,1.0,0.0,750.0,3.0,1.0,800.0,1.0,10.0
2005,1156.0,1.0,3.0,5.0,1.0,7.0,4.0,5.0,750.0,0.0,0.0,0.0,,
2005,1717.0,2.0,43.0,4.0,1.0,2.0,3.0,1.0,250.0,0.0,0.0,0.0,,
2005,1717.0,1.0,26.0,5.0,4.0,2.0,1.0,0.0,250.0,3.0,2.0,350.0,2.0,4.0
2005,1717.0,1.0,21.0,5.0,4.0,3.0,2.0,0.0,250.0,3.0,0.0,0.0,,
2005,1717.0,1.0,19.0,5.0,4.0,4.0,1.0,0.0,250.0,3.0,2.0,350.0,2.0,6.0
2005,1717.0,2.0,23.0,5.0,4.0,2.0,1.0,0.0,250.0,3.0,2.0,480.0,2.0,6.0
2005,1717.0,1.0,13.0,5.0,4.0,3.0,3.0,3.0,250.0,0.0,0.0,0.0,,
2005,1249.0,1.0,30.0,5.0,1.0,6.0,1.0,0.0,2400.0,3.0,1.0,2100.0,2.0,12.0
2005,1368.0,1.0,33.0,2.0,1.0,4.0,1.0,0.0,325.0,3.0,1.0,900.0,2.0,
2005,1368.0,2.0,31.0,2.0,1.0,3.0,3.0,4.0,325.0,0.0,0.0,0.0,,
2005,1368.0,1.0,11.0,5.0,1.0,1.0,3.0,3.0,325.0,0.0,0.0,0.0,,
2005,1368.0,2.0,7.0,5.0,1.0,1.0,4.0,3.0,325.0,0.0,0.0,0.0,,
2005,1422.0,1.0,33.0,2.0,3.0,4.0,1.0,0.0,262.5,3.0,2.0,600.0,2.0,5.0
2005,1422.0,2.0,35.0,2.0,3.0,6.0,1.0,0.0,262.5,3.0,2.0,450.0,2.0,
2005,1422.0,2.0,4.0,5.0,3.0,7.0,4.0,5.0,262.5,0.0,0.0,0.0,,
2005,1422.0,2.0,56.0,2.0,1.0,2.0,3.0,4.0,262.5,0.0,0.0,0.0,,
2005,1094.0,1.0,66.0,1.0,1.0,4.0,3.0,1.0,425.0,0.0,0.0,0.0,,
2005,1094.0,2.0,46.0,1.0,4.0,3.0,1.0,0.0,425.0,3.0,2.0,250.0,2.0,
2005,1578.0,1.0,33.0,2.0,2.0,6.0,1.0,0.0,1100.0,1.0,0.0,1000.0,2.0,3.0
2005,1578.0,2.0,32.0,2.0,2.0,6.0,1.0,0.0,1100.0,3.0,1.0,800.0,2.0,6.0
2005,993.0,2.0,51.0,4.0,4.0,4.0,1.0,0.0,173.33333333333334,3.0,2.0,200.0,2.0,
2005,993.0,1.0,19.0,5.0,4.0,3.0,1.0,0.0,173.33333333333334,3.0,2.0,320.0,2.0,6.0
2005,993.0,2.0,12.0,5.0,4.0,1.0,3.0,3.0,173.33333333333334,0.0,0.0,0.0,,
2005,1310.0,1.0,52.0,2.0,2.0,6.0,1.0,0.0,422.22222222222223,2.0,0.0,2000.0,2.0,4.0
2005,1310.0,2.0,53.0,2.0,2.0,2.0,3.0,4.0,422.22222222222223,0.0,0.0,0.0,,
2005,1310.0,1.0,26.0,5.0,1.0,4.0,1.0,0.0,422.22222222222223,3.0,1.0,700.0,2.0,5.0
2005,1310.0,1.0,24.0,5.0,4.0,5.0,1.0,0.0,422.22222222222223,3.0,2.0,400.0,2.0,8.0
2005,1310.0,1.0,21.0,2.0,2.0,3.0,1.0,0.0,422.22222222222223,3.0,2.0,700.0,2.0,6.0
2005,1310.0,2.0,23.0,2.0,2.0,3.0,3.0,4.0,422.22222222222223,0.0,0.0,0.0,,
2005,1310.0,1.0,12.0,5.0,2.0,1.0,3.0,3.0,422.22222222222223,0.0,0.0,0.0,,
2005,1310.0,2.0,3.0,5.0,2.0,7.0,4.0,5.0,422.22222222222223,0.0,0.0,0.0,,
2005,1310.0,1.0,1.0,5.0,2.0,7.0,4.0,5.0,422.22222222222223,0.0,0.0,0.0,,
2005,1531.0,1.0,63.0,4.0,1.0,1.0,3.0,1.0,150.0,0.0,0.0,0.0,,
2005,1250.0,1.0,59.0,2.0,1.0,2.0,1.0,0.0,761.0,3.0,2.0,1500.0,2.0,2.0
2005,1250.0,2.0,54.0,2.0,1.0,2.0,1.0,0.0,761.0,3.0,2.0,140.0,2.0,
2005,1250.0,2.0,28.0,5.0,1.0,5.0,1.0,0.0,761.0,3.0,1.0,890.0,2.0,
2005,1250.0,1.0,27.0,5.0,4.0,5.0,2.0,0.0,761.0,3.0,0.0,0.0,,
2005,1473.0,1.0,36.0,2.0,1.0,3.0,1.0,0.0,450.0,3.0,1.0,900.0,2.0,
2005,1473.0,2.0,34.0,2.0,1.0,4.0,3.0,4.0,450.0,0.0,0.0,0.0,,
2005,1270.0,1.0,53.0,1.0,4.0,2.0,1.0,0.0,663.3333333333334,3.0,2.0,1000.0,2.0,5.0
2005,1270.0,2.0,46.0,1.0,1.0,2.0,1.0,0.0,663.3333333333334,3.0,2.0,300.0,2.0,
2005,1270.0,1.0,22.0,2.0,1.0,4.0,1.0,0.0,663.3333333333334,3.0,2.0,600.0,2.0,5.0
2005,1282.0,1.0,28.0,5.0,4.0,4.0,1.0,0.0,750.0,3.0,2.0,450.0,1.0,11.0
2005,1329.0,1.0,45.0,2.0,1.0,6.0,1.0,0.0,859.3333333333334,3.0,1.0,398.0,1.0,
2005,1329.0,2.0,37.0,2.0,1.0,6.0,1.0,0.0,859.3333333333334,3.0,1.0,1450.0,2.0,
2005,1329.0,1.0,11.0,5.0,1.0,1.0,3.0,3.0,859.3333333333334,0.0,0.0,0.0,,
2005,1028.0,2.0,77.0,4.0,1.0,2.0,3.0,1.0,585.0,0.0,0.0,0.0,,
2005,1943.0,1.0,37.0,2.0,4.0,3.0,1.0,0.0,25.0,3.0,2.0,0.0,2.0,5.0
2005,1943.0,2.0,35.0,2.0,4.0,2.0,1.0,0.0,25.0,3.0,2.0,150.0,1.0,6.0
2005,1943.0,1.0,14.0,5.0,4.0,3.0,3.0,3.0,25.0,0.0,0.0,0.0,,
2005,1943.0,2.0,12.0,5.0,4.0,1.0,3.0,3.0,25.0,0.0,0.0,0.0,,
2005,1943.0,1.0,10.0,5.0,4.0,1.0,3.0,3.0,25.0,0.0,0.0,0.0,,
2005,1943.0,1.0,8.0,5.0,4.0,1.0,4.0,3.0,25.0,0.0,0.0,0.0,,
2005,1301.0,1.0,57.0,2.0,4.0,1.0,3.0,6.0,280.0,0.0,0.0,0.0,,
2005,1301.0,2.0,60.0,2.0,4.0,1.0,1.0,0.0,280.0,3.0,2.0,100.0,2.0,
2005,1301.0,1.0,22.0,5.0,4.0,3.0,1.0,0.0,280.0,3.0,2.0,500.0,2.0,6.0
2005,1320.0,1.0,42.0,2.0,1.0,4.0,1.0,0.0,333.3333333333333,2.0,0.0,1000.0,2.0,1.0
2005,1320.0,2.0,29.0,2.0,1.0,6.0,3.0,4.0,333.3333333333333,0.0,0.0,0.0,,
2005,1320.0,1.0,,5.0,1.0,7.0,4.0,5.0,333.3333333333333,0.0,0.0,0.0,,
2005,1454.0,1.0,48.0,2.0,2.0,6.0,1.0,0.0,875.0,1.0,0.0,1500.0,2.0,4.0
2005,1454.0,2.0,48.0,2.0,2.0,5.0,1.0,0.0,875.0,1.0,0.0,1500.0,2.0,4.0
2005,1454.0,2.0,22.0,5.0,2.0,5.0,1.0,0.0,875.0,3.0,2.0,500.0,2.0,4.0
2005,1454.0,1.0,19.0,5.0,2.0,5.0,3.0,3.0,875.0,0.0,0.0,0.0,,
2005,1357.0,1.0,32.0,1.0,4.0,3.0,1.0,0.0,820.0,3.0,2.0,1000.0,2.0,7.0
2005,1357.0,2.0,35.0,1.0,1.0,5.0,1.0,0.0,820.0,3.0,1.0,1460.0,2.0,8.0
2005,1357.0,1.0,3.0,5.0,1.0,7.0,4.0,5.0,820.0,0.0,0.0,0.0,,
2005,1579.0,2.0,28.0,2.0,1.0,5.0,3.0,4.0,320.0,0.0,0.0,0.0,,
2005,1579.0,1.0,31.0,2.0,1.0,2.0,1.0,0.0,320.0,3.0,1.0,1600.0,2.0,11.0
2005,1579.0,1.0,6.0,5.0,1.0,1.0,4.0,3.0,320.0,0.0,0.0,0.0,,
2005,1579.0,2.0,5.0,5.0,1.0,7.0,4.0,5.0,320.0,0.0,0.0,0.0,,
2005,1579.0,2.0,1.0,5.0,1.0,7.0,4.0,5.0,320.0,0.0,0.0,0.0,,
2005,1266.0,1.0,37.0,2.0,4.0,2.0,1.0,0.0,107.5,3.0,2.0,350.0,2.0,
2005,1266.0,2.0,30.0,2.0,4.0,3.0,1.0,0.0,107.5,3.0,2.0,80.0,2.0,1.0
2005,1266.0,1.0,3.0,5.0,4.0,7.0,4.0,5.0,107.5,0.0,0.0,0.0,,
2005,1266.0,1.0,,5.0,4.0,7.0,4.0,5.0,107.5,0.0,0.0,0.0,,
2005,1253.0,1.0,45.0,2.0,2.0,6.0,1.0,0.0,375.0,2.0,0.0,1000.0,2.0,1.0
2005,1253.0,2.0,37.0,2.0,2.0,6.0,1.0,0.0,375.0,2.0,0.0,500.0,2.0,2.0
2005,1253.0,1.0,5.0,5.0,2.0,7.0,4.0,5.0,375.0,0.0,0.0,0.0,,
2005,1253.0,1.0,1.0,5.0,2.0,7.0,4.0,5.0,375.0,0.0,0.0,0.0,,
2005,1290.0,1.0,66.0,1.0,4.0,1.0,3.0,4.0,110.0,0.0,0.0,0.0,,
2005,1290.0,2.0,62.0,1.0,4.0,1.0,1.0,0.0,110.0,3.0,2.0,120.0,2.0,
2005,1355.0,1.0,55.0,2.0,1.0,5.0,1.0,0.0,152.0,3.0,1.0,480.0,2.0,6.0
2005,1355.0,2.0,40.0,2.0,1.0,2.0,1.0,0.0,152.0,3.0,2.0,200.0,2.0,
2005,1355.0,1.0,21.0,5.0,4.0,3.0,1.0,0.0,152.0,3.0,2.0,80.0,2.0,2.0
2005,1355.0,2.0,10.0,5.0,1.0,1.0,3.0,3.0,152.0,0.0,0.0,0.0,,
2005,1355.0,2.0,18.0,5.0,1.0,4.0,3.0,7.0,152.0,0.0,0.0,0.0,,
2005,1002.0,1.0,71.0,2.0,1.0,4.0,3.0,1.0,1155.0,0.0,0.0,0.0,,
2005,1002.0,2.0,74.0,2.0,1.0,2.0,3.0,1.0,1155.0,0.0,0.0,0.0,,
2005,1131.0,1.0,50.0,2.0,1.0,3.0,1.0,0.0,400.0,3.0,1.0,550.0,2.0,11.0
2005,1131.0,2.0,66.0,2.0,1.0,2.0,3.0,7.0,400.0,0.0,0.0,0.0,,
2005,1838.0,1.0,64.0,4.0,1.0,4.0,1.0,0.0,995.0,3.0,1.0,2000.0,2.0,
2005,1838.0,1.0,15.0,5.0,1.0,3.0,3.0,3.0,995.0,0.0,0.0,0.0,,
2005,1838.0,1.0,31.0,5.0,4.0,3.0,1.0,0.0,995.0,2.0,0.0,75.0,2.0,1.0
2005,1921.0,1.0,49.0,2.0,1.0,1.0,1.0,0.0,144.0,3.0,2.0,720.0,2.0,3.0
2005,1921.0,2.0,42.0,2.0,1.0,2.0,2.0,0.0,144.0,0.0,0.0,0.0,,
2005,1921.0,1.0,24.0,5.0,4.0,4.0,2.0,0.0,144.0,3.0,0.0,0.0,,
2005,1921.0,1.0,23.0,5.0,4.0,4.0,2.0,0.0,144.0,0.0,0.0,0.0,,
2005,1921.0,2.0,65.0,4.0,4.0,1.0,3.0,4.0,144.0,0.0,0.0,0.0,,
2005,1303.0,1.0,25.0,1.0,4.0,3.0,1.0,0.0,433.3333333333333,1.0,0.0,1000.0,2.0,6.0
2005,1303.0,2.0,21.0,1.0,4.0,4.0,3.0,4.0,433.3333333333333,0.0,0.0,0.0,,
2005,1303.0,1.0,1.0,5.0,4.0,7.0,4.0,5.0,433.3333333333333,0.0,0.0,0.0,,
2005,1374.0,2.0,30.0,3.0,4.0,3.0,2.0,0.0,80.0,3.0,0.0,0.0,,
2005,1374.0,1.0,12.0,5.0,4.0,1.0,3.0,3.0,80.0,0.0,0.0,0.0,,
2005,1374.0,1.0,9.0,5.0,4.0,1.0,4.0,3.0,80.0,0.0,0.0,0.0,,
2005,1374.0,1.0,3.0,5.0,4.0,7.0,4.0,5.0,80.0,0.0,0.0,0.0,,
2005,1374.0,1.0,,5.0,4.0,7.0,4.0,5.0,80.0,0.0,0.0,0.0,,
2005,1407.0,1.0,23.0,1.0,1.0,2.0,1.0,0.0,650.0,3.0,1.0,1300.0,2.0,9.0
2005,1407.0,2.0,23.0,1.0,4.0,3.0,3.0,3.0,650.0,0.0,0.0,0.0,,
2005,1274.0,2.0,61.0,4.0,1.0,2.0,3.0,1.0,295.0,0.0,0.0,0.0,,
2005,1274.0,1.0,21.0,5.0,4.0,5.0,1.0,0.0,295.0,3.0,2.0,200.0,2.0,
2005,956.0,1.0,79.0,2.0,1.0,1.0,3.0,1.0,163.5,0.0,0.0,0.0,,
2005,956.0,2.0,70.0,2.0,1.0,1.0,3.0,4.0,163.5,0.0,0.0,0.0,,
2005,1358.0,2.0,75.0,4.0,1.0,1.0,3.0,1.0,450.0,0.0,0.0,0.0,,
2005,1157.0,2.0,41.0,2.0,4.0,4.0,3.0,4.0,100.625,0.0,0.0,0.0,,
2005,1157.0,2.0,16.0,5.0,4.0,3.0,1.0,0.0,100.625,3.0,2.0,170.0,2.0,3.0
2005,1157.0,2.0,8.0,5.0,4.0,1.0,4.0,3.0,100.625,0.0,0.0,0.0,,
2005,1157.0,2.0,14.0,5.0,4.0,1.0,1.0,0.0,100.625,3.0,2.0,25.0,2.0,
2005,1157.0,1.0,7.0,5.0,4.0,1.0,4.0,3.0,100.625,0.0,0.0,0.0,,
2005,1157.0,1.0,3.0,5.0,4.0,7.0,4.0,5.0,100.625,0.0,0.0,0.0,,
2005,1157.0,1.0,2.0,5.0,4.0,7.0,4.0,5.0,100.625,0.0,0.0,0.0,,
2005,1157.0,1.0,44.0,2.0,4.0,7.0,1.0,0.0,100.625,3.0,2.0,360.0,2.0,
2005,1176.0,2.0,70.0,4.0,1.0,2.0,3.0,1.0,340.0,0.0,0.0,0.0,,
2005,1294.0,1.0,25.0,1.0,4.0,2.0,1.0,0.0,175.0,3.0,2.0,500.0,2.0,6.0
2005,1294.0,2.0,26.0,1.0,4.0,2.0,3.0,4.0,175.0,0.0,0.0,0.0,,
2005,1294.0,1.0,7.0,5.0,4.0,1.0,4.0,3.0,175.0,0.0,0.0,0.0,,
2005,1294.0,1.0,8.0,5.0,4.0,1.0,4.0,3.0,175.0,0.0,0.0,0.0,,
2005,999.0,1.0,46.0,2.0,4.0,3.0,1.0,0.0,184.0,3.0,2.0,920.0,2.0,6.0
2005,999.0,2.0,59.0,2.0,4.0,4.0,3.0,4.0,184.0,0.0,0.0,0.0,,
2005,999.0,2.0,94.0,5.0,4.0,1.0,3.0,3.0,184.0,0.0,0.0,0.0,,
2005,999.0,1.0,87.0,5.0,4.0,5.0,3.0,3.0,184.0,0.0,0.0,0.0,,
2005,999.0,1.0,85.0,5.0,4.0,5.0,3.0,3.0,184.0,0.0,0.0,0.0,,
2005,1321.0,1.0,33.0,5.0,1.0,5.0,1.0,0.0,1560.0,3.0,1.0,1560.0,2.0,9.0
2005,1087.0,2.0,37.0,3.0,1.0,6.0,1.0,0.0,323.3333333333333,3.0,2.0,670.0,1.0,8.0
2005,1087.0,1.0,7.0,5.0,1.0,1.0,4.0,3.0,323.3333333333333,0.0,0.0,0.0,,
2005,1087.0,2.0,2.0,5.0,1.0,7.0,4.0,5.0,323.3333333333333,0.0,0.0,0.0,,
2005,1442.0,2.0,74.0,4.0,1.0,7.0,3.0,1.0,206.0,0.0,0.0,0.0,,
2005,1442.0,2.0,41.0,5.0,4.0,2.0,1.0,0.0,206.0,3.0,1.0,280.0,2.0,
2005,1442.0,1.0,40.0,5.0,4.0,2.0,2.0,0.0,206.0,2.0,0.0,0.0,,
2005,1442.0,1.0,34.0,5.0,4.0,2.0,1.0,0.0,206.0,3.0,2.0,400.0,2.0,3.0
2005,1442.0,2.0,34.0,5.0,4.0,2.0,2.0,0.0,206.0,3.0,0.0,0.0,,
2005,1332.0,1.0,31.0,1.0,4.0,3.0,1.0,0.0,60.0,3.0,2.0,300.0,2.0,
2005,1332.0,2.0,30.0,1.0,4.0,3.0,3.0,4.0,60.0,0.0,0.0,0.0,,
2005,1332.0,1.0,11.0,5.0,4.0,1.0,3.0,3.0,60.0,0.0,0.0,0.0,,
2005,1332.0,1.0,7.0,5.0,4.0,1.0,4.0,3.0,60.0,0.0,0.0,0.0,,
2005,1332.0,2.0,1.0,5.0,4.0,7.0,4.0,5.0,60.0,0.0,0.0,0.0,,
2005,1441.0,1.0,60.0,2.0,2.0,2.0,1.0,0.0,523.3333333333334,2.0,0.0,900.0,2.0,1.0
2005,1441.0,2.0,58.0,2.0,2.0,4.0,3.0,4.0,523.3333333333334,0.0,0.0,0.0,,
2005,1441.0,2.0,24.0,5.0,2.0,4.0,1.0,0.0,523.3333333333334,3.0,1.0,600.0,2.0,
2005,1046.0,1.0,85.0,1.0,1.0,4.0,3.0,1.0,500.0,0.0,0.0,0.0,,
2005,1046.0,2.0,81.0,1.0,1.0,3.0,3.0,4.0,500.0,0.0,0.0,0.0,,
2005,1467.0,1.0,45.0,4.0,1.0,3.0,1.0,0.0,776.0,3.0,1.0,1000.0,2.0,
2005,1467.0,2.0,19.0,5.0,1.0,3.0,2.0,0.0,776.0,3.0,0.0,0.0,,
2005,1093.0,1.0,85.0,4.0,1.0,2.0,3.0,1.0,450.0,0.0,0.0,0.0,,
2005,1363.0,1.0,72.0,2.0,4.0,1.0,1.0,0.0,300.0,3.0,2.0,100.0,2.0,3.0
2005,1363.0,1.0,33.0,5.0,4.0,1.0,1.0,0.0,300.0,3.0,2.0,500.0,2.0,5.0
2005,1232.0,1.0,45.0,2.0,1.0,6.0,1.0,0.0,1225.0,3.0,1.0,1800.0,2.0,10.0
2005,1232.0,2.0,37.0,2.0,1.0,6.0,1.0,0.0,1225.0,3.0,1.0,3000.0,2.0,10.0
2005,1232.0,2.0,6.0,5.0,1.0,7.0,4.0,3.0,1225.0,0.0,0.0,0.0,,
2005,1232.0,1.0,,5.0,1.0,7.0,4.0,5.0,1225.0,0.0,0.0,0.0,,
2005,1192.0,2.0,36.0,3.0,4.0,3.0,2.0,0.0,100.0,3.0,0.0,0.0,,
2005,1192.0,2.0,14.0,5.0,4.0,3.0,3.0,3.0,100.0,0.0,0.0,0.0,,
2005,987.0,1.0,75.0,2.0,1.0,2.0,3.0,1.0,400.0,0.0,0.0,0.0,,
2005,987.0,2.0,74.0,2.0,1.0,3.0,3.0,4.0,400.0,0.0,0.0,0.0,,
2005,1210.0,1.0,30.0,2.0,1.0,4.0,1.0,0.0,120.0,3.0,1.0,600.0,2.0,6.0
2005,1210.0,2.0,31.0,2.0,1.0,4.0,3.0,4.0,120.0,0.0,0.0,0.0,,
2005,1210.0,1.0,7.0,5.0,1.0,1.0,4.0,3.0,120.0,0.0,0.0,0.0,,
2005,1210.0,2.0,5.0,5.0,1.0,7.0,4.0,5.0,120.0,0.0,0.0,0.0,,
2005,1210.0,1.0,3.0,5.0,1.0,7.0,4.0,5.0,120.0,0.0,0.0,0.0,,
2005,1255.0,1.0,48.0,5.0,4.0,4.0,1.0,0.0,97.27272727272727,3.0,2.0,150.0,1.0,8.0
2005,1255.0,2.0,24.0,1.0,4.0,3.0,1.0,0.0,97.27272727272727,3.0,2.0,150.0,1.0,8.0
2005,1255.0,1.0,22.0,5.0,4.0,3.0,1.0,0.0,97.27272727272727,3.0,2.0,400.0,2.0,2.0
2005,1255.0,1.0,22.0,5.0,4.0,3.0,1.0,0.0,97.27272727272727,2.0,0.0,150.0,2.0,1.0
2005,1255.0,1.0,19.0,5.0,4.0,3.0,1.0,0.0,97.27272727272727,3.0,2.0,70.0,2.0,9.0
2005,1255.0,2.0,15.0,5.0,4.0,1.0,3.0,3.0,97.27272727272727,0.0,0.0,0.0,,
2005,1255.0,2.0,12.0,5.0,4.0,1.0,3.0,3.0,97.27272727272727,0.0,0.0,0.0,,
2005,1255.0,2.0,10.0,5.0,4.0,1.0,3.0,3.0,97.27272727272727,0.0,0.0,0.0,,
2005,1255.0,1.0,7.0,5.0,4.0,1.0,4.0,3.0,97.27272727272727,0.0,0.0,0.0,,
2005,1255.0,2.0,4.0,5.0,4.0,7.0,4.0,5.0,97.27272727272727,0.0,0.0,0.0,,
2005,1255.0,1.0,21.0,1.0,4.0,3.0,1.0,0.0,97.27272727272727,3.0,2.0,150.0,2.0,5.0
2005,1294.0,2.0,47.0,5.0,4.0,2.0,1.0,0.0,200.0,3.0,2.0,400.0,2.0,
2005,1294.0,2.0,78.0,4.0,1.0,1.0,3.0,1.0,200.0,0.0,0.0,0.0,,
2005,1294.0,1.0,19.0,5.0,4.0,3.0,2.0,0.0,200.0,3.0,0.0,0.0,,
2005,1294.0,1.0,22.0,5.0,4.0,4.0,1.0,0.0,200.0,2.0,0.0,200.0,2.0,1.0
2005,1077.0,2.0,62.0,5.0,4.0,2.0,1.0,0.0,575.0,3.0,2.0,150.0,2.0,2.0
2005,1077.0,1.0,26.0,5.0,4.0,3.0,1.0,0.0,575.0,3.0,1.0,1000.0,2.0,2.0
2005,1123.0,1.0,45.0,2.0,4.0,2.0,1.0,0.0,37.5,2.0,0.0,150.0,2.0,1.0
2005,1123.0,2.0,43.0,2.0,4.0,6.0,2.0,0.0,37.5,2.0,0.0,0.0,,
2005,1123.0,2.0,12.0,5.0,4.0,1.0,3.0,3.0,37.5,0.0,0.0,0.0,,
2005,1123.0,1.0,7.0,5.0,4.0,1.0,4.0,3.0,37.5,0.0,0.0,0.0,,
2005,1370.0,1.0,52.0,2.0,4.0,1.0,1.0,0.0,172.0,3.0,2.0,0.0,2.0,2.0
2005,1370.0,2.0,54.0,2.0,4.0,1.0,2.0,0.0,172.0,3.0,0.0,0.0,,
2005,1370.0,2.0,29.0,5.0,4.0,2.0,1.0,0.0,172.0,3.0,2.0,160.0,2.0,
2005,1370.0,2.0,16.0,5.0,4.0,3.0,3.0,7.0,172.0,0.0,0.0,0.0,,
2005,1370.0,1.0,25.0,5.0,4.0,2.0,1.0,0.0,172.0,3.0,2.0,600.0,2.0,
2005,1576.0,1.0,39.0,2.0,1.0,4.0,1.0,0.0,233.33333333333334,3.0,1.0,700.0,2.0,
2005,1576.0,2.0,21.0,2.0,1.0,3.0,3.0,4.0,233.33333333333334,0.0,0.0,0.0,,
2005,1576.0,2.0,,5.0,1.0,7.0,4.0,5.0,233.33333333333334,0.0,0.0,0.0,,
2005,1108.0,1.0,42.0,2.0,4.0,4.0,1.0,0.0,100.0,2.0,0.0,400.0,2.0,1.0
2005,1108.0,2.0,45.0,2.0,4.0,4.0,3.0,4.0,100.0,0.0,0.0,0.0,,
2005,1108.0,1.0,11.0,5.0,4.0,1.0,3.0,3.0,100.0,0.0,0.0,0.0,,
2005,1108.0,2.0,7.0,5.0,4.0,1.0,4.0,3.0,100.0,0.0,0.0,0.0,,
2005,1093.0,1.0,32.0,2.0,4.0,2.0,1.0,0.0,133.33333333333334,3.0,2.0,800.0,2.0,2.0
2005,1093.0,2.0,33.0,2.0,4.0,2.0,3.0,4.0,133.33333333333334,0.0,0.0,0.0,,
2005,1093.0,2.0,11.0,5.0,4.0,1.0,3.0,3.0,133.33333333333334,0.0,0.0,0.0,,
2005,1093.0,1.0,8.0,5.0,4.0,1.0,4.0,3.0,133.33333333333334,0.0,0.0,0.0,,
2005,1093.0,1.0,5.0,5.0,4.0,7.0,4.0,5.0,133.33333333333334,0.0,0.0,0.0,,
2005,1093.0,2.0,4.0,5.0,4.0,7.0,4.0,5.0,133.33333333333334,0.0,0.0,0.0,,
2005,1860.0,1.0,49.0,1.0,4.0,2.0,1.0,0.0,142.0,2.0,0.0,300.0,2.0,1.0
2005,1860.0,2.0,48.0,1.0,1.0,2.0,2.0,0.0,142.0,0.0,0.0,0.0,,
2005,1860.0,1.0,24.0,5.0,4.0,4.0,1.0,0.0,142.0,3.0,2.0,500.0,2.0,
2005,1860.0,1.0,23.0,5.0,4.0,2.0,2.0,0.0,142.0,3.0,0.0,0.0,,
2005,1860.0,1.0,20.0,5.0,4.0,3.0,2.0,0.0,142.0,3.0,0.0,0.0,,
2005,1860.0,1.0,19.0,5.0,4.0,2.0,2.0,0.0,142.0,3.0,0.0,0.0,,
2005,1860.0,2.0,16.0,5.0,4.0,3.0,3.0,3.0,142.0,0.0,0.0,0.0,,
2005,1860.0,1.0,14.0,5.0,4.0,3.0,3.0,3.0,142.0,0.0,0.0,0.0,,
2005,1860.0,1.0,4.0,5.0,4.0,7.0,4.0,5.0,142.0,0.0,0.0,0.0,,
2005,1164.0,2.0,69.0,4.0,1.0,2.0,3.0,1.0,339.0,0.0,0.0,0.0,,
2005,1263.0,1.0,70.0,2.0,1.0,2.0,1.0,0.0,300.0,3.0,1.0,300.0,2.0,2.0
2005,1263.0,2.0,67.0,2.0,4.0,2.0,3.0,4.0,300.0,0.0,0.0,0.0,,
2005,1263.0,1.0,35.0,5.0,1.0,3.0,1.0,0.0,300.0,3.0,1.0,600.0,2.0,
2005,1267.0,2.0,42.0,1.0,1.0,4.0,1.0,0.0,50.0,3.0,2.0,200.0,2.0,3.0
2005,1267.0,2.0,11.0,5.0,1.0,1.0,3.0,3.0,50.0,0.0,0.0,0.0,,
2005,1267.0,1.0,16.0,5.0,1.0,3.0,3.0,3.0,50.0,0.0,0.0,0.0,,
2005,1267.0,2.0,62.0,4.0,1.0,2.0,3.0,6.0,50.0,0.0,0.0,0.0,,
2005,1100.0,2.0,52.0,4.0,1.0,2.0,3.0,1.0,511.6666666666667,0.0,0.0,0.0,,
2005,1100.0,2.0,28.0,5.0,4.0,5.0,1.0,0.0,511.6666666666667,3.0,2.0,700.0,2.0,3.0
2005,1100.0,1.0,21.0,5.0,1.0,3.0,1.0,0.0,511.6666666666667,3.0,1.0,1000.0,2.0,7.0
2005,1100.0,1.0,24.0,5.0,4.0,3.0,1.0,0.0,511.6666666666667,3.0,2.0,400.0,2.0,
2005,1100.0,1.0,2.0,5.0,4.0,7.0,4.0,5.0,511.6666666666667,0.0,0.0,0.0,,
2005,1100.0,2.0,3.0,5.0,4.0,7.0,4.0,5.0,511.6666666666667,0.0,0.0,0.0,,
2005,1268.0,1.0,61.0,2.0,1.0,1.0,1.0,0.0,180.0,3.0,1.0,600.0,2.0,9.0
2005,1268.0,2.0,61.0,2.0,1.0,1.0,3.0,4.0,180.0,0.0,0.0,0.0,,
2005,1268.0,2.0,32.0,5.0,4.0,4.0,2.0,0.0,180.0,3.0,0.0,0.0,,
2005,1268.0,2.0,29.0,5.0,4.0,4.0,2.0,0.0,180.0,3.0,0.0,0.0,,
2005,1268.0,1.0,27.0,5.0,4.0,2.0,2.0,0.0,180.0,2.0,0.0,0.0,,
2005,1350.0,1.0,26.0,1.0,1.0,5.0,1.0,0.0,900.0,3.0,1.0,600.0,2.0,5.0
2005,1350.0,2.0,27.0,1.0,1.0,5.0,1.0,0.0,900.0,3.0,1.0,1200.0,2.0,7.0
2005,1649.0,1.0,36.0,2.0,4.0,4.0,1.0,0.0,210.0,3.0,2.0,480.0,2.0,7.0
2005,1649.0,2.0,33.0,2.0,4.0,6.0,1.0,0.0,210.0,3.0,2.0,150.0,1.0,
2005,1649.0,2.0,5.0,5.0,4.0,7.0,4.0,5.0,210.0,0.0,0.0,0.0,,
2005,1293.0,1.0,56.0,2.0,1.0,2.0,1.0,0.0,362.5,3.0,1.0,1100.0,2.0,9.0
2005,1293.0,2.0,48.0,2.0,1.0,1.0,2.0,0.0,362.5,0.0,0.0,0.0,,
2005,1293.0,2.0,21.0,5.0,4.0,3.0,2.0,0.0,362.5,3.0,0.0,0.0,,
2005,1293.0,2.0,10.0,5.0,1.0,1.0,3.0,3.0,362.5,0.0,0.0,0.0,,
2005,1228.0,2.0,53.0,2.0,1.0,2.0,1.0,0.0,494.0,2.0,0.0,1000.0,2.0,1.0
2005,1228.0,1.0,63.0,2.0,1.0,2.0,3.0,1.0,494.0,0.0,0.0,0.0,,
2005,1228.0,1.0,33.0,5.0,4.0,5.0,1.0,0.0,494.0,2.0,0.0,1000.0,2.0,1.0
2005,1228.0,2.0,27.0,2.0,4.0,6.0,3.0,4.0,494.0,0.0,0.0,0.0,,
2005,1228.0,1.0,28.0,2.0,4.0,4.0,2.0,0.0,494.0,3.0,0.0,0.0,,
2005,1518.0,1.0,37.0,3.0,4.0,1.0,1.0,0.0,235.0,3.0,2.0,100.0,2.0,2.0
2005,1518.0,2.0,16.0,5.0,4.0,3.0,1.0,0.0,235.0,3.0,2.0,100.0,2.0,2.0
2005,1586.0,1.0,59.0,1.0,4.0,2.0,2.0,0.0,136.66666666666666,3.0,0.0,0.0,,
2005,1586.0,2.0,47.0,1.0,4.0,3.0,1.0,0.0,136.66666666666666,3.0,2.0,150.0,2.0,
2005,1586.0,2.0,29.0,5.0,4.0,5.0,1.0,0.0,136.66666666666666,3.0,2.0,350.0,2.0,6.0
2005,1586.0,1.0,26.0,5.0,4.0,3.0,1.0,0.0,136.66666666666666,3.0,2.0,200.0,2.0,2.0
2005,1586.0,2.0,21.0,5.0,4.0,4.0,2.0,0.0,136.66666666666666,3.0,0.0,0.0,,
2005,1586.0,2.0,18.0,5.0,4.0,3.0,3.0,3.0,136.66666666666666,0.0,0.0,0.0,,
2005,1363.0,1.0,29.0,2.0,4.0,3.0,1.0,0.0,466.6666666666667,3.0,2.0,900.0,2.0,6.0
2005,1363.0,2.0,29.0,2.0,4.0,6.0,1.0,0.0,466.6666666666667,3.0,2.0,500.0,2.0,4.0
2005,1363.0,1.0,1.0,5.0,4.0,7.0,4.0,5.0,466.6666666666667,0.0,0.0,0.0,,
2005,1273.0,1.0,55.0,2.0,1.0,4.0,3.0,1.0,78.33333333333333,0.0,0.0,0.0,,
2005,1273.0,2.0,55.0,2.0,1.0,4.0,3.0,4.0,78.33333333333333,0.0,0.0,0.0,,
2005,1273.0,1.0,24.0,5.0,1.0,5.0,3.0,3.0,78.33333333333333,0.0,0.0,0.0,,
2005,1156.0,1.0,30.0,2.0,1.0,4.0,1.0,0.0,500.0,3.0,1.0,1400.0,2.0,8.0
2005,1156.0,2.0,27.0,2.0,1.0,4.0,3.0,4.0,500.0,0.0,0.0,0.0,,
2005,1156.0,1.0,7.0,5.0,1.0,1.0,4.0,3.0,500.0,0.0,0.0,0.0,,
2005,1156.0,2.0,2.0,5.0,1.0,7.0,4.0,5.0,500.0,0.0,0.0,0.0,,
2005,1041.0,1.0,64.0,2.0,4.0,2.0,2.0,0.0,0.0,2.0,0.0,0.0,,
2005,1041.0,2.0,67.0,2.0,4.0,2.0,3.0,4.0,0.0,0.0,0.0,0.0,,
2005,2149.0,1.0,46.0,2.0,4.0,3.0,1.0,0.0,40.0,2.0,0.0,200.0,2.0,1.0
2005,2149.0,2.0,40.0,2.0,4.0,2.0,3.0,4.0,40.0,0.0,0.0,0.0,,
2005,2149.0,2.0,20.0,5.0,4.0,4.0,2.0,0.0,40.0,4.0,0.0,0.0,,
2005,2149.0,1.0,18.0,5.0,4.0,3.0,3.0,4.0,40.0,0.0,0.0,0.0,,
2005,2149.0,1.0,16.0,5.0,4.0,3.0,3.0,3.0,40.0,0.0,0.0,0.0,,
2005,1342.0,1.0,67.0,2.0,1.0,2.0,3.0,1.0,284.0,0.0,0.0,0.0,,
2005,1342.0,2.0,65.0,2.0,1.0,4.0,1.0,0.0,284.0,3.0,2.0,160.0,2.0,
2005,1342.0,1.0,32.0,2.0,1.0,2.0,1.0,0.0,266.6666666666667,3.0,1.0,400.0,2.0,9.0
2005,1342.0,2.0,28.0,2.0,1.0,2.0,1.0,0.0,266.6666666666667,3.0,2.0,200.0,2.0,
2005,1342.0,1.0,6.0,5.0,1.0,1.0,4.0,3.0,266.6666666666667,0.0,0.0,0.0,,
2005,1137.0,1.0,78.0,4.0,1.0,2.0,3.0,1.0,954.0,0.0,0.0,0.0,,
2005,1204.0,1.0,57.0,2.0,1.0,6.0,3.0,1.0,800.0,0.0,0.0,0.0,,
2005,1204.0,2.0,53.0,2.0,1.0,4.0,3.0,4.0,800.0,0.0,0.0,0.0,,
2005,1204.0,2.0,26.0,5.0,1.0,5.0,1.0,0.0,800.0,3.0,1.0,900.0,2.0,
2005,1204.0,1.0,20.0,5.0,1.0,5.0,1.0,0.0,800.0,3.0,1.0,500.0,2.0,
2005,1358.0,1.0,41.0,1.0,1.0,6.0,1.0,0.0,1300.0,3.0,1.0,2000.0,2.0,9.0
2005,1358.0,2.0,23.0,1.0,4.0,4.0,1.0,0.0,1300.0,3.0,2.0,600.0,2.0,8.0
2005,1674.0,1.0,43.0,1.0,4.0,5.0,1.0,0.0,430.0,3.0,2.0,900.0,2.0,9.0
2005,1674.0,2.0,35.0,1.0,4.0,2.0,1.0,0.0,430.0,1.0,0.0,800.0,2.0,2.0
2005,1674.0,2.0,17.0,5.0,4.0,3.0,1.0,0.0,430.0,4.0,0.0,0.0,2.0,2.0
2005,1674.0,2.0,11.0,5.0,4.0,1.0,3.0,3.0,430.0,0.0,0.0,0.0,,
2005,1674.0,1.0,2.0,5.0,4.0,7.0,4.0,5.0,430.0,0.0,0.0,0.0,,
2005,1384.0,2.0,72.0,3.0,4.0,1.0,1.0,0.0,150.0,2.0,0.0,150.0,2.0,1.0
2005,1281.0,1.0,59.0,2.0,4.0,1.0,1.0,0.0,93.33333333333333,3.0,2.0,0.0,2.0,2.0
2005,1281.0,2.0,58.0,2.0,4.0,1.0,1.0,0.0,93.33333333333333,3.0,2.0,0.0,2.0,1.0
2005,1281.0,1.0,29.0,5.0,4.0,4.0,2.0,0.0,93.33333333333333,3.0,0.0,0.0,,
2005,1274.0,1.0,40.0,2.0,4.0,2.0,1.0,0.0,100.0,2.0,0.0,400.0,2.0,2.0
2005,1274.0,2.0,34.0,2.0,4.0,3.0,3.0,4.0,100.0,0.0,0.0,0.0,,
2005,1274.0,2.0,9.0,5.0,4.0,1.0,4.0,3.0,100.0,0.0,0.0,0.0,,
2005,1274.0,2.0,7.0,5.0,4.0,1.0,4.0,3.0,100.0,0.0,0.0,0.0,,
2005,1361.0,1.0,46.0,2.0,1.0,6.0,1.0,0.0,475.0,3.0,1.0,2700.0,2.0,
2005,1361.0,2.0,46.0,2.0,1.0,6.0,3.0,4.0,475.0,0.0,0.0,0.0,,
2005,1361.0,2.0,21.0,5.0,1.0,5.0,2.0,0.0,475.0,3.0,0.0,0.0,,
2005,1361.0,2.0,18.0,5.0,1.0,5.0,3.0,3.0,475.0,0.0,0.0,0.0,,
2005,1361.0,1.0,13.0,5.0,1.0,3.0,3.0,3.0,475.0,0.0,0.0,0.0,,
2005,1361.0,1.0,10.0,5.0,1.0,1.0,3.0,3.0,475.0,0.0,0.0,0.0,,
2005,1271.0,2.0,86.0,4.0,1.0,4.0,3.0,1.0,647.5,0.0,0.0,0.0,,
2005,1271.0,1.0,70.0,3.0,4.0,6.0,3.0,7.0,647.5,0.0,0.0,0.0,,
2005,1153.0,1.0,36.0,2.0,1.0,3.0,1.0,0.0,303.5,3.0,1.0,600.0,2.0,8.0
2005,1153.0,2.0,35.0,2.0,1.0,6.0,1.0,0.0,303.5,3.0,1.0,614.0,2.0,
2005,1153.0,2.0,7.0,5.0,1.0,1.0,4.0,3.0,303.5,0.0,0.0,0.0,,
2005,1153.0,2.0,,5.0,1.0,7.0,4.0,5.0,303.5,0.0,0.0,0.0,,
2005,1107.0,1.0,62.0,2.0,1.0,5.0,1.0,0.0,450.0,3.0,1.0,400.0,1.0,
2005,1107.0,2.0,25.0,5.0,1.0,6.0,1.0,0.0,450.0,3.0,1.0,650.0,1.0,12.0
2005,1107.0,2.0,53.0,2.0,1.0,3.0,3.0,4.0,450.0,0.0,0.0,0.0,,
2005,1165.0,2.0,61.0,5.0,4.0,2.0,1.0,0.0,275.7142857142857,2.0,0.0,200.0,2.0,2.0
2005,1165.0,2.0,44.0,5.0,4.0,1.0,1.0,0.0,275.7142857142857,3.0,2.0,150.0,1.0,6.0
2005,1165.0,1.0,41.0,5.0,4.0,1.0,1.0,0.0,275.7142857142857,3.0,2.0,40.0,2.0,2.0
2005,1165.0,1.0,22.0,5.0,4.0,4.0,1.0,0.0,275.7142857142857,3.0,2.0,40.0,2.0,2.0
2005,1165.0,2.0,9.0,5.0,4.0,1.0,4.0,3.0,275.7142857142857,0.0,0.0,0.0,,
2005,1165.0,2.0,33.0,5.0,4.0,5.0,1.0,0.0,275.7142857142857,2.0,0.0,1200.0,2.0,2.0
2005,1165.0,2.0,,5.0,4.0,7.0,4.0,5.0,275.7142857142857,0.0,0.0,0.0,,
2005,1414.0,1.0,28.0,1.0,1.0,4.0,1.0,0.0,1185.0,3.0,1.0,1400.0,2.0,10.0
2005,1414.0,2.0,23.0,1.0,1.0,4.0,3.0,4.0,1185.0,0.0,0.0,0.0,,
2005,1173.0,1.0,30.0,2.0,4.0,3.0,1.0,0.0,237.5,3.0,2.0,600.0,2.0,7.0
2005,1173.0,2.0,28.0,2.0,4.0,3.0,3.0,4.0,237.5,0.0,0.0,0.0,,
2005,1173.0,1.0,11.0,5.0,4.0,1.0,3.0,3.0,237.5,0.0,0.0,0.0,,
2005,1173.0,1.0,,5.0,4.0,7.0,4.0,5.0,237.5,0.0,0.0,0.0,,
2005,1277.0,1.0,31.0,1.0,1.0,5.0,1.0,0.0,790.0,3.0,1.0,1000.0,2.0,6.0
2005,1277.0,2.0,30.0,1.0,1.0,6.0,1.0,0.0,790.0,3.0,1.0,580.0,2.0,
2005,1386.0,1.0,25.0,1.0,1.0,2.0,1.0,0.0,172.0,3.0,1.0,830.0,2.0,11.0
2005,1386.0,2.0,24.0,1.0,1.0,2.0,3.0,4.0,172.0,0.0,0.0,0.0,,
2005,1386.0,2.0,5.0,5.0,1.0,7.0,4.0,5.0,172.0,0.0,0.0,0.0,,
2005,1386.0,2.0,2.0,5.0,1.0,7.0,4.0,5.0,172.0,0.0,0.0,0.0,,
2005,1386.0,1.0,,5.0,1.0,7.0,4.0,5.0,172.0,0.0,0.0,0.0,,
2005,1603.0,1.0,50.0,2.0,4.0,3.0,3.0,7.0,275.0,0.0,0.0,0.0,,
2005,1603.0,2.0,43.0,2.0,4.0,2.0,1.0,0.0,275.0,2.0,0.0,300.0,2.0,1.0
2005,1603.0,1.0,24.0,5.0,1.0,4.0,1.0,0.0,275.0,3.0,1.0,800.0,2.0,7.0
2005,1603.0,1.0,18.0,5.0,4.0,3.0,3.0,3.0,275.0,0.0,0.0,0.0,,
2005,2002.0,1.0,38.0,1.0,1.0,1.0,1.0,0.0,262.5,3.0,1.0,600.0,2.0,
2005,2002.0,2.0,34.0,1.0,4.0,2.0,1.0,0.0,262.5,3.0,2.0,150.0,1.0,2.0
2005,2002.0,1.0,15.0,5.0,1.0,3.0,3.0,3.0,262.5,0.0,0.0,0.0,,
2005,2002.0,1.0,11.0,5.0,1.0,1.0,3.0,3.0,262.5,0.0,0.0,0.0,,
2005,1040.0,1.0,31.0,1.0,4.0,3.0,1.0,0.0,716.6666666666666,2.0,0.0,800.0,2.0,1.0
2005,1040.0,2.0,39.0,1.0,1.0,6.0,1.0,0.0,716.6666666666666,3.0,1.0,900.0,2.0,9.0
2005,1040.0,2.0,,5.0,1.0,7.0,4.0,5.0,716.6666666666666,0.0,0.0,0.0,,
2005,1188.0,1.0,29.0,1.0,1.0,4.0,1.0,0.0,935.0,3.0,1.0,1450.0,2.0,12.0
2005,1188.0,2.0,51.0,1.0,1.0,3.0,3.0,4.0,935.0,0.0,0.0,0.0,,
2005,1262.0,1.0,33.0,2.0,1.0,4.0,1.0,0.0,800.0,3.0,1.0,800.0,2.0,7.0
2005,1262.0,2.0,34.0,2.0,1.0,6.0,1.0,0.0,800.0,3.0,1.0,800.0,2.0,7.0
2005,1240.0,1.0,53.0,2.0,1.0,4.0,1.0,0.0,475.0,1.0,0.0,1400.0,2.0,6.0
2005,1240.0,2.0,52.0,2.0,1.0,3.0,1.0,0.0,475.0,2.0,0.0,0.0,2.0,1.0
2005,1240.0,2.0,27.0,5.0,1.0,6.0,1.0,0.0,475.0,3.0,1.0,500.0,2.0,
2005,1240.0,1.0,18.0,5.0,1.0,5.0,3.0,3.0,475.0,0.0,0.0,0.0,,
2005,1275.0,2.0,36.0,5.0,4.0,2.0,1.0,0.0,50.0,3.0,2.0,150.0,1.0,7.0
2005,1275.0,1.0,12.0,5.0,4.0,1.0,3.0,3.0,50.0,0.0,0.0,0.0,,
2005,1275.0,1.0,10.0,5.0,4.0,1.0,3.0,3.0,50.0,0.0,0.0,0.0,,
2005,1369.0,1.0,49.0,3.0,4.0,3.0,1.0,0.0,100.0,3.0,2.0,150.0,1.0,8.0
2005,1369.0,1.0,22.0,5.0,4.0,4.0,2.0,0.0,100.0,3.0,0.0,0.0,,
2005,1369.0,2.0,14.0,5.0,4.0,3.0,3.0,3.0,100.0,0.0,0.0,0.0,,
2005,1313.0,2.0,30.0,3.0,1.0,4.0,1.0,0.0,300.0,2.0,0.0,600.0,2.0,1.0
2005,1313.0,2.0,6.0,5.0,1.0,1.0,4.0,3.0,300.0,0.0,0.0,0.0,,
2005,1404.0,1.0,38.0,5.0,1.0,3.0,1.0,0.0,450.0,3.0,1.0,900.0,2.0,6.0
2005,1404.0,1.0,23.0,5.0,4.0,3.0,2.0,0.0,450.0,3.0,0.0,0.0,,
2005,1404.0,1.0,28.0,5.0,4.0,3.0,1.0,0.0,450.0,3.0,2.0,700.0,2.0,3.0
2005,1404.0,2.0,63.0,4.0,4.0,2.0,3.0,4.0,450.0,0.0,0.0,0.0,,
2005,1404.0,1.0,40.0,5.0,4.0,2.0,3.0,6.0,450.0,0.0,0.0,0.0,,
2005,1652.0,2.0,35.0,2.0,1.0,4.0,1.0,0.0,300.0,3.0,2.0,200.0,2.0,6.0
2005,1652.0,2.0,6.0,5.0,1.0,1.0,4.0,3.0,300.0,0.0,0.0,0.0,,
2005,1652.0,2.0,5.0,5.0,1.0,7.0,4.0,5.0,300.0,0.0,0.0,0.0,,
2005,1652.0,1.0,46.0,2.0,1.0,2.0,1.0,0.0,300.0,3.0,1.0,1000.0,2.0,
2005,1036.0,2.0,78.0,4.0,1.0,1.0,3.0,1.0,600.0,0.0,0.0,0.0,,
2005,1143.0,2.0,60.0,5.0,1.0,1.0,1.0,0.0,334.0,3.0,2.0,150.0,2.0,
2005,1746.0,2.0,59.0,4.0,4.0,3.0,3.0,4.0,400.0,0.0,0.0,0.0,,
2005,1746.0,1.0,28.0,5.0,4.0,6.0,1.0,0.0,400.0,3.0,2.0,800.0,1.0,
2005,2114.0,1.0,21.0,1.0,4.0,3.0,1.0,0.0,495.0,3.0,2.0,935.0,2.0,6.0
2005,2114.0,2.0,19.0,1.0,4.0,3.0,3.0,4.0,495.0,0.0,0.0,0.0,,
2005,2114.0,2.0,,5.0,4.0,7.0,4.0,5.0,495.0,0.0,0.0,0.0,,
2005,1433.0,1.0,55.0,2.0,4.0,2.0,2.0,0.0,122.22222222222223,0.0,0.0,0.0,,
2005,1433.0,2.0,60.0,2.0,4.0,1.0,3.0,7.0,122.22222222222223,0.0,0.0,0.0,,
2005,1433.0,1.0,44.0,5.0,1.0,2.0,1.0,0.0,122.22222222222223,3.0,1.0,600.0,2.0,
2005,1433.0,1.0,11.0,5.0,4.0,1.0,3.0,3.0,122.22222222222223,0.0,0.0,0.0,,
2005,1433.0,2.0,8.0,5.0,4.0,1.0,4.0,3.0,122.22222222222223,0.0,0.0,0.0,,
2005,1433.0,2.0,15.0,5.0,4.0,3.0,3.0,3.0,122.22222222222223,0.0,0.0,0.0,,
2005,1433.0,2.0,20.0,5.0,4.0,1.0,3.0,4.0,122.22222222222223,0.0,0.0,0.0,,
2005,1433.0,2.0,26.0,5.0,4.0,2.0,3.0,4.0,122.22222222222223,0.0,0.0,0.0,,
2005,1433.0,1.0,36.0,2.0,4.0,3.0,1.0,0.0,122.22222222222223,2.0,0.0,500.0,2.0,1.0
2005,1926.0,1.0,37.0,2.0,4.0,1.0,1.0,0.0,30.0,3.0,2.0,0.0,2.0,
2005,1926.0,2.0,36.0,2.0,4.0,1.0,1.0,0.0,30.0,3.0,2.0,150.0,1.0,3.0
2005,1926.0,2.0,16.0,5.0,4.0,3.0,3.0,3.0,30.0,0.0,0.0,0.0,,
2005,1926.0,2.0,10.0,5.0,4.0,1.0,3.0,3.0,30.0,0.0,0.0,0.0,,
2005,1926.0,1.0,12.0,5.0,4.0,1.0,3.0,3.0,30.0,0.0,0.0,0.0,,
2005,1150.0,1.0,55.0,2.0,4.0,2.0,1.0,0.0,175.0,2.0,0.0,350.0,2.0,1.0
2005,1150.0,2.0,53.0,2.0,4.0,2.0,3.0,4.0,175.0,0.0,0.0,0.0,,
2005,1168.0,1.0,38.0,2.0,4.0,6.0,1.0,0.0,400.0,3.0,2.0,900.0,2.0,5.0
2005,1168.0,2.0,35.0,2.0,4.0,3.0,1.0,0.0,400.0,2.0,0.0,400.0,2.0,1.0
2005,1168.0,1.0,12.0,5.0,4.0,1.0,3.0,3.0,400.0,0.0,0.0,0.0,,
2005,1168.0,1.0,10.0,5.0,4.0,1.0,3.0,3.0,400.0,0.0,0.0,0.0,,
2005,1168.0,2.0,7.0,5.0,4.0,1.0,4.0,3.0,400.0,0.0,0.0,0.0,,
2005,866.0,1.0,31.0,2.0,1.0,4.0,1.0,0.0,350.0,3.0,1.0,1400.0,2.0,12.0
2005,866.0,2.0,30.0,2.0,1.0,4.0,2.0,0.0,350.0,0.0,0.0,0.0,,
2005,866.0,1.0,8.0,5.0,1.0,1.0,4.0,3.0,350.0,0.0,0.0,0.0,,
2005,866.0,2.0,5.0,5.0,1.0,7.0,4.0,5.0,350.0,0.0,0.0,0.0,,
2005,1432.0,1.0,49.0,2.0,1.0,4.0,1.0,0.0,462.5,3.0,1.0,900.0,2.0,11.0
2005,1432.0,2.0,48.0,2.0,1.0,4.0,1.0,0.0,462.5,3.0,1.0,950.0,2.0,4.0
2005,1432.0,1.0,18.0,5.0,1.0,5.0,3.0,3.0,462.5,0.0,0.0,0.0,,
2005,1432.0,1.0,17.0,5.0,1.0,3.0,3.0,3.0,462.5,0.0,0.0,0.0,,
2005,2563.0,1.0,43.0,2.0,2.0,4.0,1.0,0.0,210.0,1.0,0.0,700.0,2.0,2.0
2005,2563.0,2.0,41.0,2.0,2.0,4.0,3.0,4.0,210.0,0.0,0.0,0.0,,
2005,2563.0,1.0,16.0,5.0,2.0,3.0,3.0,3.0,210.0,0.0,0.0,0.0,,
2005,2563.0,2.0,8.0,5.0,2.0,1.0,4.0,3.0,210.0,0.0,0.0,0.0,,
2005,2563.0,2.0,70.0,5.0,2.0,3.0,3.0,1.0,210.0,0.0,0.0,0.0,,
2005,2081.0,1.0,30.0,1.0,4.0,2.0,1.0,0.0,150.0,3.0,2.0,600.0,2.0,5.0
2005,2081.0,2.0,24.0,1.0,4.0,3.0,2.0,0.0,150.0,3.0,0.0,0.0,,
2005,2081.0,2.0,7.0,5.0,4.0,1.0,4.0,3.0,150.0,0.0,0.0,0.0,,
2005,2081.0,2.0,4.0,5.0,4.0,7.0,4.0,5.0,150.0,0.0,0.0,0.0,,
2005,1205.0,2.0,31.0,5.0,4.0,3.0,1.0,0.0,150.0,2.0,0.0,300.0,2.0,1.0
2005,1205.0,2.0,10.0,5.0,4.0,1.0,3.0,3.0,150.0,0.0,0.0,0.0,,
2005,1216.0,1.0,61.0,2.0,1.0,3.0,3.0,6.0,350.0,0.0,0.0,0.0,,
2005,1216.0,2.0,53.0,2.0,1.0,3.0,3.0,4.0,350.0,0.0,0.0,0.0,,
2005,1216.0,2.0,28.0,5.0,1.0,6.0,2.0,0.0,350.0,3.0,0.0,0.0,,
2005,1216.0,1.0,24.0,5.0,1.0,3.0,1.0,0.0,350.0,2.0,0.0,600.0,2.0,4.0
2005,1769.0,1.0,37.0,2.0,1.0,2.0,1.0,0.0,325.0,3.0,1.0,1300.0,2.0,10.0
2005,1769.0,2.0,37.0,2.0,1.0,2.0,3.0,4.0,325.0,0.0,0.0,0.0,,
2005,1769.0,2.0,7.0,5.0,1.0,1.0,4.0,3.0,325.0,0.0,0.0,0.0,,
2005,1769.0,1.0,5.0,5.0,1.0,7.0,4.0,5.0,325.0,0.0,0.0,0.0,,
2005,1079.0,2.0,91.0,4.0,1.0,1.0,3.0,1.0,800.0,0.0,0.0,0.0,,
2005,1448.0,1.0,48.0,2.0,4.0,3.0,2.0,0.0,37.5,2.0,0.0,0.0,,
2005,1448.0,2.0,46.0,2.0,4.0,2.0,3.0,4.0,37.5,0.0,0.0,0.0,,
2005,1448.0,2.0,19.0,5.0,4.0,4.0,2.0,0.0,37.5,3.0,0.0,0.0,,
2005,1448.0,1.0,21.0,5.0,4.0,4.0,2.0,0.0,37.5,3.0,0.0,0.0,,
2005,995.0,1.0,28.0,2.0,4.0,2.0,1.0,0.0,120.0,2.0,0.0,600.0,2.0,1.0
2005,995.0,2.0,27.0,2.0,4.0,3.0,3.0,4.0,120.0,0.0,0.0,0.0,,
2005,995.0,1.0,5.0,5.0,4.0,7.0,4.0,5.0,120.0,0.0,0.0,0.0,,
2005,995.0,2.0,85.0,4.0,1.0,2.0,3.0,4.0,120.0,0.0,0.0,0.0,,
2005,995.0,2.0,,5.0,4.0,7.0,4.0,5.0,120.0,0.0,0.0,0.0,,
2005,1160.0,1.0,50.0,2.0,4.0,2.0,1.0,0.0,112.5,2.0,0.0,250.0,2.0,3.0
2005,1160.0,2.0,45.0,2.0,4.0,2.0,1.0,0.0,112.5,2.0,0.0,200.0,2.0,3.0
2005,1160.0,2.0,16.0,5.0,4.0,3.0,3.0,3.0,112.5,0.0,0.0,0.0,,
2005,1160.0,2.0,2.0,5.0,4.0,7.0,4.0,5.0,112.5,0.0,0.0,0.0,,
2005,1315.0,1.0,31.0,2.0,1.0,3.0,1.0,0.0,187.5,3.0,1.0,500.0,2.0,9.0
2005,1315.0,2.0,29.0,2.0,1.0,2.0,3.0,4.0,187.5,0.0,0.0,0.0,,
2005,1315.0,1.0,8.0,5.0,1.0,1.0,4.0,3.0,187.5,0.0,0.0,0.0,,
2005,1315.0,2.0,5.0,5.0,1.0,7.0,4.0,5.0,187.5,0.0,0.0,0.0,,
2005,1060.0,1.0,51.0,1.0,4.0,2.0,1.0,0.0,100.0,3.0,2.0,500.0,2.0,
2005,1060.0,2.0,36.0,1.0,4.0,2.0,3.0,4.0,100.0,0.0,0.0,0.0,,
2005,1060.0,2.0,16.0,5.0,4.0,3.0,3.0,3.0,100.0,0.0,0.0,0.0,,
2005,1060.0,2.0,6.0,5.0,4.0,1.0,4.0,3.0,100.0,0.0,0.0,0.0,,
2005,1060.0,2.0,,5.0,4.0,7.0,4.0,5.0,100.0,0.0,0.0,0.0,,
2005,1218.0,1.0,68.0,4.0,1.0,3.0,3.0,1.0,425.0,0.0,0.0,0.0,,
2005,1218.0,1.0,34.0,2.0,1.0,4.0,1.0,0.0,425.0,3.0,1.0,700.0,1.0,12.0
2005,1218.0,2.0,23.0,2.0,1.0,4.0,2.0,0.0,425.0,3.0,0.0,0.0,,
2005,1218.0,1.0,2.0,5.0,1.0,7.0,4.0,5.0,425.0,0.0,0.0,0.0,,
2005,1175.0,2.0,17.0,5.0,4.0,5.0,3.0,3.0,50.0,0.0,0.0,0.0,,
2005,1175.0,2.0,14.0,5.0,4.0,3.0,3.0,3.0,50.0,0.0,0.0,0.0,,
2005,1175.0,2.0,11.0,5.0,4.0,1.0,3.0,3.0,50.0,0.0,0.0,0.0,,
2005,1175.0,2.0,51.0,3.0,4.0,2.0,3.0,4.0,50.0,0.0,0.0,0.0,,
2005,1504.0,1.0,43.0,5.0,4.0,4.0,1.0,0.0,0.0,3.0,2.0,0.0,2.0,3.0
2005,1204.0,2.0,53.0,3.0,4.0,2.0,1.0,0.0,677.3333333333334,3.0,2.0,560.0,2.0,
2005,1204.0,2.0,25.0,5.0,1.0,6.0,1.0,0.0,677.3333333333334,3.0,1.0,1082.0,1.0,4.0
2005,1204.0,2.0,19.0,5.0,4.0,5.0,3.0,3.0,677.3333333333334,0.0,0.0,0.0,,
2005,1278.0,1.0,49.0,2.0,2.0,6.0,1.0,0.0,1000.0,3.0,1.0,2000.0,2.0,7.0
2005,1278.0,2.0,43.0,2.0,2.0,6.0,3.0,4.0,1000.0,0.0,0.0,0.0,,
2005,1278.0,2.0,2.0,5.0,2.0,7.0,4.0,5.0,1000.0,0.0,0.0,0.0,,
2005,971.0,2.0,78.0,4.0,12.0,2.0,3.0,1.0,620.0,0.0,0.0,0.0,,
2005,1078.0,1.0,60.0,2.0,2.0,5.0,1.0,0.0,758.3333333333334,1.0,0.0,1000.0,2.0,2.0
2005,1078.0,2.0,56.0,2.0,1.0,6.0,1.0,0.0,758.3333333333334,3.0,1.0,850.0,1.0,8.0
2005,1078.0,1.0,27.0,5.0,1.0,5.0,3.0,3.0,758.3333333333334,0.0,0.0,0.0,,
2005,1538.0,1.0,34.0,2.0,4.0,2.0,2.0,0.0,760.0,3.0,0.0,0.0,,
2005,1538.0,2.0,36.0,2.0,4.0,4.0,3.0,4.0,760.0,0.0,0.0,0.0,,
2005,1538.0,1.0,13.0,5.0,4.0,3.0,3.0,3.0,760.0,0.0,0.0,0.0,,
2005,1538.0,2.0,12.0,5.0,4.0,1.0,3.0,3.0,760.0,0.0,0.0,0.0,,
2005,1538.0,2.0,7.0,5.0,4.0,1.0,4.0,3.0,760.0,0.0,0.0,0.0,,
2005,1471.0,2.0,56.0,3.0,1.0,3.0,1.0,0.0,196.66666666666666,3.0,2.0,400.0,2.0,
2005,1471.0,1.0,19.0,5.0,1.0,3.0,2.0,0.0,196.66666666666666,2.0,0.0,0.0,,
2005,1471.0,1.0,24.0,1.0,4.0,3.0,1.0,0.0,196.66666666666666,3.0,2.0,250.0,2.0,2.0
2005,1471.0,2.0,30.0,1.0,4.0,2.0,3.0,7.0,196.66666666666666,0.0,0.0,0.0,,
2005,1471.0,1.0,11.0,5.0,4.0,1.0,3.0,3.0,196.66666666666666,0.0,0.0,0.0,,
2005,1471.0,1.0,1.0,5.0,4.0,7.0,4.0,5.0,196.66666666666666,0.0,0.0,0.0,,
2005,1009.0,2.0,87.0,4.0,1.0,2.0,3.0,1.0,300.0,0.0,0.0,0.0,,
2005,1009.0,1.0,53.0,2.0,1.0,3.0,1.0,0.0,300.0,3.0,2.0,400.0,2.0,1.0
2005,1009.0,2.0,52.0,2.0,1.0,4.0,3.0,4.0,300.0,0.0,0.0,0.0,,
2005,1421.0,1.0,45.0,2.0,2.0,6.0,1.0,0.0,1300.0,3.0,1.0,5000.0,2.0,6.0
2005,1421.0,2.0,43.0,2.0,2.0,6.0,1.0,0.0,1300.0,3.0,1.0,1500.0,2.0,8.0
2005,1421.0,2.0,18.0,5.0,2.0,5.0,3.0,3.0,1300.0,0.0,0.0,0.0,,
2005,1421.0,1.0,15.0,5.0,2.0,3.0,3.0,3.0,1300.0,0.0,0.0,0.0,,
2005,1421.0,1.0,5.0,5.0,2.0,7.0,4.0,5.0,1300.0,0.0,0.0,0.0,,
2005,1030.0,1.0,73.0,2.0,1.0,4.0,3.0,1.0,400.0,0.0,0.0,0.0,,
2005,1030.0,2.0,74.0,2.0,1.0,2.0,3.0,4.0,400.0,0.0,0.0,0.0,,
2005,1507.0,1.0,43.0,2.0,4.0,4.0,1.0,0.0,357.5,1.0,0.0,1400.0,2.0,7.0
2005,1507.0,2.0,46.0,2.0,4.0,3.0,1.0,0.0,357.5,3.0,2.0,540.0,2.0,
2005,1507.0,1.0,21.0,5.0,4.0,4.0,1.0,0.0,357.5,3.0,2.0,400.0,2.0,2.0
2005,1507.0,2.0,20.0,5.0,4.0,4.0,1.0,0.0,357.5,3.0,2.0,20.0,2.0,
2005,1507.0,2.0,18.0,5.0,4.0,3.0,3.0,4.0,357.5,0.0,0.0,0.0,,
2005,1507.0,2.0,16.0,5.0,4.0,3.0,3.0,4.0,357.5,0.0,0.0,0.0,,
2005,1507.0,2.0,8.0,5.0,4.0,1.0,4.0,3.0,357.5,0.0,0.0,0.0,,
2005,1507.0,2.0,,5.0,4.0,7.0,4.0,5.0,357.5,0.0,0.0,0.0,,
2005,1229.0,1.0,35.0,1.0,1.0,5.0,2.0,0.0,400.0,0.0,0.0,0.0,,
2005,1229.0,2.0,32.0,1.0,1.0,4.0,1.0,0.0,400.0,3.0,1.0,1200.0,2.0,7.0
2005,1229.0,1.0,8.0,5.0,1.0,1.0,4.0,3.0,400.0,0.0,0.0,0.0,,
2005,1185.0,1.0,46.0,2.0,2.0,6.0,1.0,0.0,460.0,2.0,0.0,2000.0,2.0,1.0
2005,1185.0,2.0,36.0,2.0,1.0,6.0,1.0,0.0,460.0,2.0,0.0,300.0,2.0,1.0
2005,1185.0,2.0,8.0,5.0,2.0,1.0,4.0,3.0,460.0,0.0,0.0,0.0,,
2005,1185.0,1.0,5.0,5.0,2.0,7.0,4.0,5.0,460.0,0.0,0.0,0.0,,
2005,1185.0,2.0,3.0,5.0,2.0,7.0,4.0,5.0,460.0,0.0,0.0,0.0,,
2005,1301.0,1.0,80.0,2.0,1.0,2.0,3.0,1.0,535.0,0.0,0.0,0.0,,
2005,1301.0,2.0,85.0,2.0,1.0,2.0,3.0,1.0,535.0,0.0,0.0,0.0,,
2005,1147.0,1.0,79.0,3.0,1.0,4.0,3.0,1.0,608.0,0.0,0.0,0.0,,
2005,1295.0,1.0,41.0,2.0,1.0,2.0,1.0,0.0,360.0,3.0,1.0,1100.0,1.0,11.0
2005,1295.0,2.0,45.0,2.0,1.0,3.0,3.0,4.0,360.0,0.0,0.0,0.0,,
2005,1295.0,2.0,12.0,5.0,1.0,1.0,3.0,3.0,360.0,0.0,0.0,0.0,,
2005,1295.0,2.0,8.0,5.0,1.0,1.0,4.0,3.0,360.0,0.0,0.0,0.0,,
2005,1295.0,1.0,6.0,5.0,1.0,1.0,4.0,1.0,360.0,0.0,0.0,0.0,,
2005,1740.0,1.0,46.0,2.0,2.0,2.0,1.0,0.0,300.0,3.0,2.0,400.0,2.0,5.0
2005,1740.0,2.0,45.0,2.0,2.0,4.0,3.0,4.0,300.0,0.0,0.0,0.0,,
2005,1740.0,1.0,27.0,5.0,1.0,2.0,1.0,0.0,300.0,3.0,1.0,600.0,2.0,6.0
2005,1740.0,2.0,25.0,5.0,4.0,4.0,1.0,0.0,300.0,3.0,2.0,500.0,2.0,7.0
2005,1740.0,2.0,17.0,5.0,4.0,3.0,3.0,3.0,300.0,0.0,0.0,0.0,,
2005,997.0,1.0,69.0,2.0,1.0,2.0,3.0,1.0,345.0,0.0,0.0,0.0,,
2005,997.0,2.0,63.0,2.0,1.0,2.0,3.0,7.0,345.0,0.0,0.0,0.0,,
2005,1168.0,1.0,67.0,2.0,1.0,2.0,3.0,1.0,450.0,0.0,0.0,0.0,,
2005,1168.0,2.0,68.0,2.0,1.0,2.0,3.0,1.0,450.0,0.0,0.0,0.0,,
2005,1168.0,1.0,43.0,2.0,1.0,5.0,1.0,0.0,450.0,3.0,1.0,1800.0,1.0,7.0
2005,1168.0,2.0,40.0,2.0,1.0,5.0,3.0,4.0,450.0,0.0,0.0,0.0,,
2005,1168.0,2.0,17.0,5.0,1.0,3.0,3.0,3.0,450.0,0.0,0.0,0.0,,
2005,1168.0,1.0,13.0,5.0,1.0,3.0,3.0,3.0,450.0,0.0,0.0,0.0,,
2005,1089.0,2.0,80.0,4.0,1.0,2.0,3.0,1.0,350.0,0.0,0.0,0.0,,
2005,1677.0,1.0,48.0,2.0,2.0,6.0,1.0,0.0,386.0,3.0,1.0,1130.0,2.0,10.0
2005,1677.0,2.0,51.0,2.0,2.0,5.0,3.0,4.0,386.0,0.0,0.0,0.0,,
2005,1677.0,1.0,22.0,5.0,2.0,5.0,1.0,0.0,386.0,3.0,1.0,700.0,2.0,
2005,1677.0,2.0,19.0,5.0,2.0,5.0,1.0,0.0,386.0,2.0,0.0,100.0,2.0,1.0
2005,1677.0,2.0,13.0,5.0,2.0,3.0,3.0,3.0,386.0,0.0,0.0,0.0,,
2005,1295.0,1.0,31.0,1.0,4.0,2.0,1.0,0.0,100.0,2.0,0.0,400.0,2.0,1.0
2005,1295.0,2.0,30.0,1.0,4.0,2.0,3.0,4.0,100.0,0.0,0.0,0.0,,
2005,1295.0,1.0,9.0,5.0,4.0,1.0,4.0,3.0,100.0,0.0,0.0,0.0,,
2005,1295.0,2.0,7.0,5.0,4.0,1.0,4.0,3.0,100.0,0.0,0.0,0.0,,
2005,1176.0,2.0,55.0,3.0,4.0,2.0,1.0,0.0,200.0,2.0,0.0,200.0,2.0,1.0
2005,1176.0,1.0,30.0,1.0,4.0,3.0,1.0,0.0,200.0,3.0,2.0,600.0,2.0,2.0
2005,1176.0,2.0,23.0,1.0,4.0,4.0,3.0,4.0,200.0,0.0,0.0,0.0,,
2005,1176.0,1.0,6.0,5.0,4.0,1.0,4.0,3.0,200.0,0.0,0.0,0.0,,
2005,1176.0,1.0,25.0,5.0,4.0,4.0,1.0,0.0,200.0,3.0,2.0,400.0,2.0,
2005,1176.0,1.0,,5.0,4.0,7.0,4.0,5.0,200.0,0.0,0.0,0.0,,
2005,979.0,1.0,75.0,2.0,1.0,3.0,3.0,1.0,160.0,0.0,0.0,0.0,,
2005,979.0,2.0,82.0,2.0,1.0,2.0,3.0,4.0,160.0,0.0,0.0,0.0,,
2005,1238.0,2.0,65.0,4.0,1.0,2.0,1.0,0.0,1100.0,3.0,1.0,800.0,2.0,8.0
2005,1289.0,1.0,32.0,5.0,1.0,6.0,1.0,0.0,1000.0,3.0,1.0,1000.0,2.0,6.0
2005,1171.0,1.0,53.0,2.0,1.0,2.0,1.0,0.0,1015.0,3.0,1.0,1950.0,2.0,9.0
2005,1171.0,2.0,48.0,2.0,1.0,3.0,1.0,0.0,1015.0,3.0,2.0,80.0,2.0,9.0
2005,1210.0,1.0,32.0,2.0,4.0,2.0,1.0,0.0,233.33333333333334,3.0,2.0,700.0,2.0,6.0
2005,1210.0,2.0,30.0,2.0,4.0,2.0,3.0,4.0,233.33333333333334,0.0,0.0,0.0,,
2005,1210.0,2.0,1.0,5.0,4.0,7.0,4.0,5.0,233.33333333333334,0.0,0.0,0.0,,
2005,1186.0,1.0,47.0,2.0,4.0,3.0,1.0,0.0,489.44444444444446,1.0,0.0,1000.0,2.0,3.0
2005,1186.0,2.0,43.0,2.0,4.0,3.0,1.0,0.0,489.44444444444446,3.0,2.0,80.0,2.0,
2005,1186.0,2.0,19.0,5.0,1.0,4.0,1.0,0.0,489.44444444444446,3.0,1.0,1000.0,2.0,4.0
2005,1186.0,1.0,18.0,5.0,4.0,3.0,1.0,0.0,489.44444444444446,3.0,2.0,1800.0,2.0,3.0
2005,1186.0,2.0,15.0,5.0,4.0,3.0,1.0,0.0,489.44444444444446,3.0,2.0,25.0,2.0,3.0
2005,1186.0,2.0,11.0,5.0,4.0,1.0,3.0,3.0,489.44444444444446,0.0,0.0,0.0,,
2005,1186.0,2.0,8.0,5.0,4.0,1.0,4.0,3.0,489.44444444444446,0.0,0.0,0.0,,
2005,1186.0,2.0,4.0,5.0,4.0,7.0,4.0,5.0,489.44444444444446,0.0,0.0,0.0,,
2005,1186.0,1.0,1.0,5.0,4.0,7.0,4.0,5.0,489.44444444444446,0.0,0.0,0.0,,
2005,1288.0,1.0,57.0,1.0,4.0,4.0,3.0,1.0,133.75,0.0,0.0,0.0,,
2005,1288.0,2.0,62.0,1.0,4.0,2.0,3.0,4.0,133.75,0.0,0.0,0.0,,
2005,1288.0,2.0,33.0,5.0,4.0,2.0,1.0,0.0,133.75,3.0,2.0,300.0,2.0,
2005,1288.0,2.0,11.0,5.0,4.0,1.0,3.0,3.0,133.75,0.0,0.0,0.0,,
2005,1138.0,1.0,51.0,2.0,1.0,4.0,1.0,0.0,375.0,3.0,2.0,1500.0,2.0,5.0
2005,1138.0,2.0,48.0,2.0,1.0,2.0,3.0,4.0,375.0,0.0,0.0,0.0,,
2005,1138.0,1.0,22.0,5.0,1.0,3.0,3.0,3.0,375.0,0.0,0.0,0.0,,
2005,1138.0,2.0,4.0,5.0,1.0,7.0,4.0,5.0,375.0,0.0,0.0,0.0,,
2005,1044.0,1.0,78.0,2.0,1.0,2.0,3.0,1.0,247.5,0.0,0.0,0.0,,
2005,1044.0,2.0,76.0,2.0,1.0,2.0,3.0,1.0,247.5,0.0,0.0,0.0,,
2005,1295.0,2.0,59.0,4.0,12.0,4.0,3.0,1.0,580.0,0.0,0.0,0.0,,
2005,1295.0,2.0,31.0,5.0,12.0,5.0,1.0,0.0,580.0,3.0,1.0,810.0,2.0,10.0
2005,1357.0,2.0,79.0,4.0,1.0,1.0,3.0,1.0,450.0,0.0,0.0,0.0,,
2005,1357.0,1.0,49.0,5.0,4.0,1.0,1.0,0.0,450.0,2.0,0.0,400.0,2.0,1.0
2005,1160.0,2.0,91.0,4.0,1.0,1.0,3.0,1.0,660.0,0.0,0.0,0.0,,
2005,1147.0,1.0,26.0,5.0,1.0,2.0,1.0,0.0,333.5,3.0,1.0,650.0,2.0,
2005,1147.0,2.0,55.0,3.0,4.0,1.0,1.0,0.0,333.5,3.0,2.0,200.0,2.0,
2005,1147.0,1.0,14.0,5.0,4.0,1.0,3.0,3.0,333.5,0.0,0.0,0.0,,
2005,1147.0,1.0,19.0,5.0,4.0,1.0,3.0,3.0,333.5,0.0,0.0,0.0,,
2005,1027.0,1.0,65.0,2.0,4.0,3.0,3.0,7.0,433.3333333333333,0.0,0.0,0.0,,
2005,1027.0,2.0,65.0,2.0,4.0,2.0,3.0,4.0,433.3333333333333,0.0,0.0,0.0,,
2005,1027.0,1.0,36.0,5.0,4.0,2.0,1.0,0.0,433.3333333333333,3.0,1.0,1300.0,2.0,
2005,1102.0,1.0,37.0,2.0,1.0,4.0,1.0,0.0,375.0,3.0,1.0,1400.0,2.0,6.0
2005,1102.0,2.0,33.0,2.0,1.0,4.0,1.0,0.0,375.0,3.0,2.0,100.0,2.0,
2005,1102.0,1.0,5.0,5.0,1.0,7.0,4.0,5.0,375.0,0.0,0.0,0.0,,
2005,1102.0,2.0,3.0,5.0,1.0,7.0,4.0,5.0,375.0,0.0,0.0,0.0,,
2005,1346.0,1.0,35.0,2.0,1.0,4.0,1.0,0.0,333.3333333333333,3.0,1.0,600.0,1.0,
2005,1346.0,2.0,28.0,2.0,1.0,2.0,2.0,0.0,333.3333333333333,0.0,0.0,0.0,,
2005,1346.0,1.0,,5.0,1.0,7.0,4.0,5.0,333.3333333333333,0.0,0.0,0.0,,
2005,2332.0,1.0,40.0,2.0,1.0,5.0,1.0,0.0,620.0,3.0,1.0,1800.0,2.0,12.0
2005,2332.0,2.0,33.0,2.0,1.0,3.0,1.0,0.0,620.0,2.0,0.0,400.0,2.0,1.0
2005,2332.0,2.0,13.0,5.0,1.0,3.0,1.0,0.0,620.0,4.0,0.0,0.0,2.0,2.0
2005,2332.0,2.0,9.0,5.0,1.0,1.0,4.0,3.0,620.0,0.0,0.0,0.0,,
2005,2332.0,2.0,6.0,5.0,1.0,1.0,4.0,3.0,620.0,0.0,0.0,0.0,,
2005,1235.0,2.0,48.0,3.0,4.0,3.0,1.0,0.0,300.0,3.0,2.0,600.0,2.0,6.0
2005,1235.0,2.0,19.0,5.0,4.0,5.0,1.0,0.0,300.0,3.0,2.0,0.0,2.0,8.0
2005,1517.0,1.0,60.0,1.0,1.0,2.0,1.0,0.0,564.0,3.0,1.0,1000.0,2.0,11.0
2005,1517.0,2.0,53.0,1.0,1.0,4.0,3.0,4.0,564.0,0.0,0.0,0.0,,
2005,1517.0,1.0,27.0,5.0,1.0,4.0,1.0,0.0,564.0,3.0,1.0,1024.0,2.0,11.0
2005,1517.0,1.0,25.0,5.0,4.0,3.0,1.0,0.0,564.0,3.0,2.0,700.0,2.0,2.0
2005,1517.0,2.0,18.0,5.0,1.0,5.0,3.0,3.0,564.0,0.0,0.0,0.0,,
2005,1517.0,1.0,17.0,5.0,1.0,4.0,1.0,0.0,564.0,3.0,1.0,1024.0,2.0,11.0
2005,1517.0,1.0,13.0,5.0,1.0,3.0,3.0,3.0,564.0,0.0,0.0,0.0,,
2005,1179.0,1.0,37.0,2.0,2.0,2.0,1.0,0.0,287.5,2.0,0.0,400.0,2.0,2.0
2005,1179.0,2.0,37.0,2.0,2.0,4.0,1.0,0.0,287.5,2.0,0.0,750.0,2.0,2.0
2005,1179.0,2.0,13.0,5.0,2.0,3.0,3.0,3.0,287.5,0.0,0.0,0.0,,
2005,1179.0,2.0,7.0,5.0,2.0,1.0,4.0,3.0,287.5,0.0,0.0,0.0,,
2005,1102.0,1.0,33.0,2.0,1.0,2.0,1.0,0.0,350.0,3.0,1.0,1000.0,2.0,7.0
2005,1102.0,2.0,33.0,2.0,1.0,4.0,2.0,0.0,350.0,3.0,0.0,0.0,,
2005,1102.0,1.0,10.0,5.0,1.0,1.0,3.0,3.0,350.0,0.0,0.0,0.0,,
2005,1102.0,2.0,4.0,5.0,1.0,7.0,4.0,5.0,350.0,0.0,0.0,0.0,,
2005,3454.0,1.0,49.0,3.0,4.0,2.0,1.0,0.0,120.0,2.0,0.0,20.0,2.0,1.0
2005,3454.0,2.0,28.0,5.0,4.0,3.0,1.0,0.0,120.0,3.0,2.0,150.0,1.0,7.0
2005,3454.0,1.0,27.0,5.0,4.0,2.0,1.0,0.0,120.0,3.0,2.0,400.0,2.0,2.0
2005,3454.0,1.0,10.0,5.0,4.0,1.0,3.0,3.0,120.0,0.0,0.0,0.0,,
2005,3454.0,2.0,7.0,5.0,4.0,1.0,4.0,3.0,120.0,0.0,0.0,0.0,,
2005,2538.0,2.0,43.0,3.0,4.0,2.0,2.0,0.0,0.0,3.0,0.0,0.0,,
2005,2538.0,2.0,4.0,5.0,4.0,7.0,4.0,5.0,0.0,0.0,0.0,0.0,,
2005,1462.0,2.0,45.0,2.0,1.0,3.0,1.0,0.0,355.0,3.0,2.0,425.0,2.0,
2005,1462.0,1.0,47.0,2.0,1.0,4.0,1.0,0.0,355.0,3.0,1.0,600.0,2.0,
2005,1462.0,1.0,22.0,5.0,4.0,3.0,1.0,0.0,355.0,3.0,2.0,600.0,2.0,2.0
2005,1462.0,2.0,20.0,5.0,1.0,5.0,2.0,0.0,355.0,0.0,0.0,0.0,,
2005,1462.0,2.0,18.0,5.0,1.0,5.0,2.0,0.0,355.0,3.0,0.0,0.0,,
2005,1093.0,1.0,70.0,3.0,4.0,2.0,1.0,0.0,500.0,2.0,0.0,1000.0,2.0,2.0
2005,1093.0,2.0,19.0,5.0,4.0,3.0,3.0,3.0,500.0,0.0,0.0,0.0,,
2005,1128.0,2.0,72.0,4.0,1.0,1.0,3.0,1.0,516.6666666666666,0.0,0.0,0.0,,
2005,1128.0,2.0,53.0,3.0,1.0,2.0,1.0,0.0,516.6666666666666,3.0,1.0,750.0,2.0,
2005,1128.0,1.0,36.0,5.0,4.0,3.0,1.0,0.0,516.6666666666666,2.0,0.0,500.0,2.0,1.0
2005,1534.0,1.0,71.0,2.0,1.0,2.0,1.0,0.0,466.6666666666667,2.0,0.0,600.0,2.0,1.0
2005,1534.0,2.0,69.0,2.0,4.0,2.0,3.0,4.0,466.6666666666667,0.0,0.0,0.0,,
2005,1534.0,1.0,44.0,3.0,4.0,3.0,1.0,0.0,466.6666666666667,2.0,0.0,800.0,2.0,1.0
2005,1322.0,2.0,71.0,5.0,1.0,4.0,3.0,1.0,880.0,0.0,0.0,0.0,,
2005,1054.0,1.0,76.0,2.0,12.0,2.0,3.0,1.0,855.0,0.0,0.0,0.0,,
2005,1054.0,2.0,71.0,2.0,12.0,2.0,3.0,1.0,855.0,0.0,0.0,0.0,,
2005,1203.0,1.0,67.0,2.0,2.0,4.0,1.0,0.0,266.6666666666667,4.0,0.0,0.0,2.0,3.0
2005,1203.0,2.0,61.0,2.0,2.0,2.0,3.0,4.0,266.6666666666667,0.0,0.0,0.0,,
2005,1203.0,1.0,33.0,5.0,2.0,6.0,1.0,0.0,266.6666666666667,2.0,0.0,600.0,2.0,3.0
2005,1110.0,1.0,56.0,2.0,4.0,3.0,1.0,0.0,250.0,3.0,2.0,500.0,2.0,
2005,1110.0,2.0,55.0,2.0,4.0,2.0,3.0,4.0,250.0,0.0,0.0,0.0,,
2005,1110.0,2.0,26.0,5.0,4.0,5.0,3.0,3.0,250.0,0.0,0.0,0.0,,
2005,1110.0,1.0,21.0,5.0,4.0,3.0,1.0,0.0,250.0,3.0,2.0,500.0,2.0,9.0
2005,1526.0,1.0,37.0,2.0,1.0,1.0,1.0,0.0,180.0,3.0,1.0,500.0,2.0,9.0
2005,1526.0,2.0,31.0,2.0,1.0,2.0,1.0,0.0,180.0,3.0,2.0,150.0,3.0,8.0
2005,1526.0,2.0,8.0,5.0,1.0,1.0,4.0,3.0,180.0,0.0,0.0,0.0,,
2005,1526.0,1.0,1.0,5.0,1.0,7.0,4.0,5.0,180.0,0.0,0.0,0.0,,
2005,1526.0,1.0,24.0,5.0,4.0,2.0,1.0,0.0,180.0,3.0,2.0,0.0,2.0,9.0
2005,1079.0,1.0,73.0,4.0,4.0,2.0,3.0,4.0,120.0,0.0,0.0,0.0,,
2005,1106.0,2.0,82.0,4.0,4.0,7.0,3.0,1.0,80.0,0.0,0.0,0.0,,
2005,1106.0,1.0,52.0,5.0,4.0,2.0,1.0,0.0,80.0,2.0,0.0,0.0,2.0,1.0
2005,1481.0,1.0,57.0,2.0,4.0,2.0,1.0,0.0,125.0,2.0,0.0,250.0,2.0,1.0
2005,1481.0,2.0,58.0,2.0,4.0,2.0,3.0,4.0,125.0,0.0,0.0,0.0,,
2005,1261.0,1.0,25.0,1.0,4.0,2.0,1.0,0.0,475.0,2.0,0.0,350.0,2.0,1.0
2005,1261.0,2.0,32.0,1.0,1.0,4.0,1.0,0.0,475.0,2.0,0.0,600.0,2.0,1.0
2005,1237.0,2.0,51.0,4.0,1.0,2.0,1.0,0.0,167.0,1.0,0.0,200.0,2.0,2.0
2005,1237.0,1.0,21.0,5.0,4.0,5.0,3.0,3.0,167.0,0.0,0.0,0.0,,
2005,1237.0,2.0,23.0,5.0,4.0,4.0,1.0,0.0,167.0,3.0,2.0,0.0,2.0,2.0
2005,1237.0,2.0,2.0,5.0,4.0,7.0,4.0,5.0,167.0,0.0,0.0,0.0,,
2005,1023.0,1.0,53.0,2.0,1.0,3.0,1.0,0.0,568.75,3.0,1.0,1890.0,2.0,
2005,1023.0,2.0,51.0,2.0,1.0,4.0,3.0,4.0,568.75,0.0,0.0,0.0,,
2005,1023.0,1.0,22.0,5.0,1.0,5.0,3.0,3.0,568.75,0.0,0.0,0.0,,
2005,1023.0,2.0,77.0,4.0,1.0,2.0,3.0,1.0,568.75,0.0,0.0,0.0,,
2005,1073.0,1.0,64.0,5.0,2.0,4.0,1.0,0.0,1150.0,1.0,0.0,2000.0,2.0,6.0
2005,1073.0,2.0,98.0,4.0,1.0,2.0,3.0,1.0,1150.0,0.0,0.0,0.0,,
2005,1655.0,1.0,47.0,2.0,1.0,3.0,1.0,0.0,633.3333333333334,3.0,1.0,1900.0,2.0,
2005,1655.0,2.0,44.0,2.0,1.0,3.0,3.0,4.0,633.3333333333334,0.0,0.0,0.0,,
2005,1655.0,1.0,24.0,5.0,4.0,4.0,3.0,7.0,633.3333333333334,0.0,0.0,0.0,,
2005,1129.0,1.0,66.0,2.0,1.0,2.0,1.0,0.0,350.0,3.0,1.0,700.0,2.0,7.0
2005,1129.0,2.0,68.0,2.0,1.0,1.0,3.0,4.0,350.0,0.0,0.0,0.0,,
2005,1159.0,2.0,71.0,4.0,1.0,1.0,1.0,0.0,448.0,3.0,2.0,240.0,2.0,
2005,1159.0,1.0,48.0,3.0,4.0,1.0,1.0,0.0,448.0,3.0,2.0,500.0,2.0,
2005,1159.0,2.0,41.0,5.0,4.0,4.0,1.0,0.0,448.0,2.0,0.0,450.0,2.0,2.0
2005,1159.0,2.0,40.0,3.0,4.0,2.0,1.0,0.0,448.0,2.0,0.0,100.0,2.0,2.0
2005,1159.0,2.0,8.0,5.0,4.0,1.0,4.0,3.0,448.0,0.0,0.0,0.0,,
2005,1289.0,1.0,36.0,2.0,4.0,3.0,1.0,0.0,96.66666666666667,3.0,2.0,280.0,2.0,7.0
2005,1289.0,2.0,31.0,2.0,4.0,2.0,1.0,0.0,96.66666666666667,3.0,2.0,150.0,1.0,
2005,1289.0,1.0,14.0,5.0,4.0,3.0,3.0,3.0,96.66666666666667,0.0,0.0,0.0,,
2005,1289.0,2.0,8.0,5.0,4.0,1.0,4.0,3.0,96.66666666666667,0.0,0.0,0.0,,
2005,1289.0,2.0,6.0,5.0,4.0,1.0,4.0,3.0,96.66666666666667,0.0,0.0,0.0,,
2005,1289.0,2.0,4.0,5.0,4.0,7.0,4.0,5.0,96.66666666666667,0.0,0.0,0.0,,
2005,1173.0,1.0,45.0,2.0,1.0,4.0,1.0,0.0,574.0,3.0,1.0,600.0,1.0,8.0
2005,1173.0,2.0,42.0,2.0,1.0,4.0,1.0,0.0,574.0,2.0,0.0,600.0,2.0,2.0
2005,1173.0,2.0,19.0,5.0,1.0,3.0,3.0,4.0,574.0,0.0,0.0,0.0,,
2005,1173.0,1.0,14.0,5.0,1.0,3.0,3.0,3.0,574.0,0.0,0.0,0.0,,
2005,1173.0,2.0,69.0,5.0,1.0,4.0,1.0,0.0,574.0,3.0,1.0,800.0,1.0,8.0
2005,1238.0,1.0,46.0,1.0,1.0,2.0,1.0,0.0,793.3333333333334,3.0,1.0,1200.0,2.0,7.0
2005,1238.0,2.0,48.0,1.0,1.0,2.0,1.0,0.0,793.3333333333334,3.0,1.0,880.0,2.0,7.0
2005,1238.0,2.0,16.0,5.0,1.0,3.0,3.0,3.0,793.3333333333334,0.0,0.0,0.0,,
2005,1219.0,1.0,51.0,2.0,4.0,3.0,1.0,0.0,586.0,2.0,0.0,500.0,2.0,1.0
2005,1219.0,2.0,52.0,2.0,4.0,4.0,1.0,0.0,586.0,1.0,0.0,400.0,2.0,2.0
2005,1219.0,1.0,19.0,5.0,1.0,4.0,1.0,0.0,586.0,3.0,1.0,1050.0,2.0,9.0
2005,1219.0,1.0,14.0,5.0,4.0,3.0,1.0,0.0,586.0,3.0,2.0,30.0,2.0,2.0
2005,1219.0,2.0,75.0,4.0,1.0,1.0,3.0,1.0,586.0,0.0,0.0,0.0,,
2005,1078.0,2.0,77.0,4.0,1.0,1.0,3.0,1.0,350.0,0.0,0.0,0.0,,
2005,1590.0,1.0,53.0,1.0,4.0,1.0,1.0,0.0,150.0,3.0,2.0,150.0,1.0,7.0
2005,1590.0,2.0,49.0,1.0,4.0,1.0,1.0,0.0,150.0,3.0,2.0,0.0,2.0,
2005,1232.0,1.0,70.0,2.0,2.0,4.0,1.0,0.0,575.0,3.0,2.0,600.0,2.0,6.0
2005,1232.0,2.0,70.0,2.0,2.0,4.0,3.0,4.0,575.0,0.0,0.0,0.0,,
2005,1179.0,2.0,73.0,4.0,1.0,1.0,3.0,1.0,1315.0,0.0,0.0,0.0,,
2005,1179.0,1.0,38.0,5.0,1.0,6.0,1.0,0.0,1315.0,3.0,1.0,1630.0,2.0,
2005,1183.0,1.0,43.0,2.0,2.0,4.0,1.0,0.0,650.0,3.0,2.0,2600.0,1.0,8.0
2005,1183.0,2.0,45.0,2.0,2.0,2.0,3.0,4.0,650.0,0.0,0.0,0.0,,
2005,1183.0,2.0,10.0,5.0,2.0,1.0,3.0,3.0,650.0,0.0,0.0,0.0,,
2005,1183.0,2.0,9.0,5.0,2.0,1.0,4.0,3.0,650.0,0.0,0.0,0.0,,
2005,1106.0,1.0,52.0,2.0,4.0,1.0,3.0,6.0,22.5,0.0,0.0,0.0,,
2005,1106.0,2.0,54.0,2.0,4.0,3.0,1.0,0.0,22.5,3.0,2.0,20.0,2.0,
2005,1149.0,1.0,36.0,2.0,1.0,2.0,1.0,0.0,500.0,1.0,0.0,1700.0,2.0,6.0
2005,1149.0,2.0,33.0,2.0,1.0,5.0,1.0,0.0,500.0,1.0,0.0,300.0,2.0,2.0
2005,1149.0,2.0,9.0,5.0,1.0,1.0,4.0,3.0,500.0,0.0,0.0,0.0,,
2005,1149.0,2.0,6.0,5.0,1.0,1.0,4.0,3.0,500.0,0.0,0.0,0.0,,
2005,1447.0,1.0,28.0,2.0,4.0,3.0,1.0,0.0,300.0,3.0,2.0,800.0,2.0,4.0
2005,1447.0,2.0,23.0,2.0,4.0,4.0,3.0,4.0,300.0,0.0,0.0,0.0,,
2005,1447.0,2.0,4.0,5.0,4.0,7.0,4.0,5.0,300.0,0.0,0.0,0.0,,
2005,1048.0,1.0,48.0,1.0,4.0,2.0,1.0,0.0,166.66666666666666,3.0,2.0,1000.0,1.0,10.0
2005,1048.0,2.0,38.0,1.0,4.0,2.0,3.0,4.0,166.66666666666666,0.0,0.0,0.0,,
2005,1048.0,1.0,8.0,5.0,4.0,1.0,4.0,3.0,166.66666666666666,0.0,0.0,0.0,,
2005,1048.0,1.0,7.0,5.0,4.0,1.0,4.0,3.0,166.66666666666666,0.0,0.0,0.0,,
2005,1048.0,2.0,5.0,5.0,4.0,7.0,4.0,5.0,166.66666666666666,0.0,0.0,0.0,,
2005,1048.0,2.0,3.0,5.0,4.0,7.0,4.0,5.0,166.66666666666666,0.0,0.0,0.0,,
2005,1726.0,1.0,39.0,5.0,4.0,3.0,1.0,0.0,450.0,3.0,2.0,300.0,2.0,7.0
2005,2245.0,1.0,28.0,1.0,4.0,1.0,1.0,0.0,146.66666666666666,3.0,2.0,400.0,2.0,
2005,2245.0,2.0,23.0,1.0,4.0,2.0,3.0,4.0,146.66666666666666,0.0,0.0,0.0,,
2005,2245.0,2.0,,5.0,4.0,7.0,4.0,5.0,146.66666666666666,0.0,0.0,0.0,,
2005,1077.0,2.0,68.0,4.0,12.0,2.0,1.0,0.0,380.0,2.0,0.0,60.0,2.0,1.0
2005,1210.0,1.0,29.0,2.0,1.0,4.0,1.0,0.0,450.0,3.0,1.0,1200.0,2.0,11.0
2005,1210.0,2.0,26.0,2.0,1.0,3.0,3.0,4.0,450.0,0.0,0.0,0.0,,
2005,1210.0,1.0,8.0,5.0,1.0,1.0,4.0,3.0,450.0,0.0,0.0,0.0,,
2005,1210.0,1.0,2.0,5.0,1.0,7.0,4.0,5.0,450.0,0.0,0.0,0.0,,
2005,996.0,2.0,57.0,2.0,4.0,2.0,3.0,4.0,200.0,0.0,0.0,0.0,,
2005,996.0,1.0,57.0,2.0,4.0,3.0,1.0,0.0,200.0,3.0,2.0,400.0,2.0,4.0
2005,996.0,2.0,15.0,5.0,4.0,3.0,3.0,3.0,200.0,0.0,0.0,0.0,,
2005,1894.0,1.0,30.0,2.0,1.0,5.0,1.0,0.0,360.0,3.0,1.0,1200.0,2.0,12.0
2005,1894.0,2.0,26.0,2.0,1.0,5.0,3.0,4.0,360.0,0.0,0.0,0.0,,
2005,1894.0,1.0,7.0,5.0,1.0,1.0,4.0,3.0,360.0,0.0,0.0,0.0,,
2005,1894.0,2.0,3.0,5.0,1.0,7.0,4.0,5.0,360.0,0.0,0.0,0.0,,
2005,1894.0,2.0,,5.0,1.0,7.0,4.0,5.0,360.0,0.0,0.0,0.0,,
2005,1036.0,1.0,74.0,2.0,1.0,2.0,3.0,1.0,357.5,0.0,0.0,0.0,,
2005,1036.0,2.0,75.0,2.0,1.0,2.0,3.0,1.0,357.5,0.0,0.0,0.0,,
2005,1372.0,1.0,60.0,2.0,2.0,6.0,1.0,0.0,760.0,3.0,2.0,1500.0,2.0,6.0
2005,1372.0,2.0,56.0,2.0,2.0,4.0,3.0,4.0,760.0,0.0,0.0,0.0,,
2005,1372.0,1.0,23.0,5.0,2.0,5.0,2.0,0.0,760.0,3.0,0.0,0.0,,
2005,1372.0,2.0,22.0,5.0,2.0,4.0,2.0,0.0,760.0,2.0,0.0,0.0,,
2005,1372.0,2.0,82.0,4.0,1.0,4.0,3.0,1.0,760.0,0.0,0.0,0.0,,
2005,1220.0,2.0,71.0,4.0,1.0,2.0,3.0,7.0,747.5,0.0,0.0,0.0,,
2005,1220.0,1.0,45.0,2.0,1.0,6.0,1.0,0.0,747.5,3.0,1.0,2390.0,2.0,11.0
2005,1220.0,2.0,41.0,2.0,1.0,4.0,1.0,0.0,747.5,2.0,0.0,0.0,2.0,1.0
2005,1220.0,2.0,16.0,5.0,1.0,3.0,3.0,3.0,747.5,0.0,0.0,0.0,,
2005,1211.0,1.0,69.0,2.0,1.0,2.0,3.0,1.0,326.6666666666667,0.0,0.0,0.0,,
2005,1211.0,2.0,69.0,2.0,1.0,2.0,1.0,0.0,326.6666666666667,3.0,2.0,80.0,2.0,
2005,1211.0,1.0,30.0,5.0,1.0,5.0,1.0,0.0,326.6666666666667,3.0,1.0,550.0,1.0,11.0
2005,1116.0,2.0,83.0,4.0,1.0,2.0,3.0,1.0,670.0,0.0,0.0,0.0,,
2005,1104.0,2.0,36.0,5.0,4.0,3.0,1.0,0.0,46.0,3.0,2.0,150.0,1.0,7.0
2005,1104.0,2.0,15.0,5.0,4.0,3.0,3.0,3.0,46.0,0.0,0.0,0.0,,
2005,1104.0,2.0,9.0,5.0,4.0,1.0,4.0,3.0,46.0,0.0,0.0,0.0,,
2005,1104.0,1.0,8.0,5.0,4.0,1.0,4.0,3.0,46.0,0.0,0.0,0.0,,
2005,1104.0,1.0,3.0,5.0,4.0,7.0,4.0,5.0,46.0,0.0,0.0,0.0,,
2005,1661.0,1.0,50.0,2.0,4.0,3.0,1.0,0.0,420.0,2.0,0.0,250.0,2.0,5.0
2005,1661.0,2.0,58.0,2.0,4.0,4.0,1.0,0.0,420.0,2.0,0.0,600.0,2.0,5.0
2005,1661.0,1.0,23.0,5.0,4.0,5.0,1.0,0.0,420.0,2.0,0.0,1000.0,2.0,5.0
2005,1661.0,2.0,19.0,5.0,4.0,4.0,1.0,0.0,420.0,2.0,0.0,125.0,2.0,5.0
2005,1661.0,2.0,22.0,5.0,4.0,4.0,1.0,0.0,420.0,2.0,0.0,125.0,2.0,5.0
2005,1321.0,1.0,26.0,1.0,1.0,5.0,1.0,0.0,366.6666666666667,3.0,1.0,800.0,2.0,8.0
2005,1321.0,2.0,18.0,1.0,1.0,3.0,1.0,0.0,366.6666666666667,3.0,2.0,200.0,2.0,6.0
2005,1321.0,1.0,1.0,5.0,1.0,7.0,4.0,5.0,366.6666666666667,0.0,0.0,0.0,,
2005,1343.0,1.0,45.0,2.0,1.0,4.0,1.0,0.0,385.7142857142857,3.0,2.0,550.0,2.0,6.0
2005,1343.0,2.0,44.0,2.0,1.0,4.0,1.0,0.0,385.7142857142857,3.0,1.0,600.0,2.0,8.0
2005,1343.0,2.0,24.0,5.0,1.0,4.0,1.0,0.0,385.7142857142857,3.0,1.0,450.0,2.0,6.0
2005,1343.0,2.0,22.0,5.0,1.0,4.0,1.0,0.0,385.7142857142857,3.0,1.0,400.0,2.0,6.0
2005,1343.0,2.0,19.0,5.0,1.0,5.0,2.0,0.0,385.7142857142857,3.0,0.0,0.0,,
2005,1343.0,1.0,9.0,5.0,1.0,1.0,4.0,3.0,385.7142857142857,0.0,0.0,0.0,,
2005,1343.0,2.0,4.0,5.0,1.0,7.0,4.0,5.0,385.7142857142857,0.0,0.0,0.0,,
2005,1190.0,1.0,39.0,3.0,4.0,2.0,1.0,0.0,141.66666666666666,3.0,2.0,600.0,2.0,4.0
2005,1190.0,2.0,70.0,4.0,4.0,1.0,1.0,0.0,141.66666666666666,3.0,2.0,250.0,2.0,
2005,1190.0,2.0,14.0,5.0,4.0,3.0,3.0,3.0,141.66666666666666,0.0,0.0,0.0,,
2005,1190.0,1.0,16.0,5.0,4.0,3.0,2.0,0.0,141.66666666666666,0.0,0.0,0.0,,
2005,1190.0,1.0,12.0,5.0,4.0,1.0,3.0,3.0,141.66666666666666,0.0,0.0,0.0,,
2005,1190.0,2.0,6.0,5.0,4.0,1.0,4.0,3.0,141.66666666666666,0.0,0.0,0.0,,
2005,1725.0,1.0,62.0,2.0,4.0,1.0,3.0,7.0,242.5,0.0,0.0,0.0,,
2005,1725.0,2.0,62.0,2.0,4.0,2.0,1.0,0.0,242.5,3.0,2.0,280.0,2.0,
2005,1725.0,2.0,20.0,1.0,4.0,3.0,3.0,4.0,242.5,0.0,0.0,0.0,,
2005,1725.0,1.0,32.0,5.0,1.0,2.0,1.0,0.0,242.5,3.0,1.0,620.0,2.0,10.0
2005,1500.0,1.0,33.0,2.0,1.0,6.0,1.0,0.0,925.5,3.0,1.0,1041.0,2.0,7.0
2005,1500.0,2.0,30.0,2.0,1.0,6.0,1.0,0.0,925.5,3.0,1.0,450.0,2.0,
2005,1000.0,1.0,53.0,2.0,1.0,1.0,1.0,0.0,1123.0,3.0,2.0,1600.0,2.0,5.0
2005,1000.0,2.0,56.0,2.0,1.0,4.0,1.0,0.0,1123.0,3.0,1.0,646.0,1.0,10.0
2005,1151.0,2.0,40.0,1.0,4.0,2.0,3.0,4.0,166.66666666666666,0.0,0.0,0.0,,
2005,1151.0,1.0,43.0,1.0,4.0,3.0,1.0,0.0,166.66666666666666,3.0,2.0,600.0,2.0,7.0
2005,1151.0,2.0,12.0,5.0,4.0,1.0,3.0,3.0,166.66666666666666,0.0,0.0,0.0,,
2005,1151.0,1.0,16.0,5.0,4.0,3.0,1.0,0.0,166.66666666666666,3.0,2.0,400.0,2.0,7.0
2005,1151.0,2.0,5.0,5.0,4.0,7.0,4.0,5.0,166.66666666666666,0.0,0.0,0.0,,
2005,1151.0,1.0,1.0,5.0,4.0,7.0,4.0,5.0,166.66666666666666,0.0,0.0,0.0,,
2005,1513.0,1.0,46.0,2.0,4.0,3.0,1.0,0.0,29.166666666666668,3.0,2.0,150.0,1.0,7.0
2005,1513.0,2.0,36.0,2.0,4.0,1.0,1.0,0.0,29.166666666666668,2.0,0.0,15.0,2.0,1.0
2005,1513.0,1.0,12.0,5.0,4.0,1.0,3.0,3.0,29.166666666666668,0.0,0.0,0.0,,
2005,1513.0,1.0,11.0,5.0,4.0,1.0,3.0,3.0,29.166666666666668,0.0,0.0,0.0,,
2005,1513.0,2.0,3.0,5.0,4.0,7.0,4.0,5.0,29.166666666666668,0.0,0.0,0.0,,
2005,1513.0,1.0,,5.0,4.0,7.0,4.0,5.0,29.166666666666668,0.0,0.0,0.0,,
2005,1035.0,1.0,42.0,1.0,4.0,2.0,1.0,0.0,132.0,3.0,2.0,200.0,2.0,
2005,1035.0,2.0,38.0,1.0,4.0,3.0,1.0,0.0,132.0,3.0,2.0,100.0,2.0,
2005,1035.0,1.0,13.0,5.0,4.0,1.0,3.0,3.0,132.0,0.0,0.0,0.0,,
2005,1035.0,2.0,10.0,5.0,4.0,1.0,3.0,3.0,132.0,0.0,0.0,0.0,,
2005,1035.0,2.0,9.0,5.0,4.0,1.0,4.0,3.0,132.0,0.0,0.0,0.0,,
2005,1232.0,1.0,51.0,2.0,4.0,1.0,1.0,0.0,266.6666666666667,3.0,1.0,800.0,2.0,1.0
2005,1232.0,2.0,52.0,2.0,4.0,2.0,3.0,4.0,266.6666666666667,0.0,0.0,0.0,,
2005,1232.0,1.0,14.0,5.0,4.0,3.0,3.0,3.0,266.6666666666667,0.0,0.0,0.0,,
2005,1192.0,1.0,45.0,2.0,4.0,3.0,1.0,0.0,192.0,3.0,2.0,500.0,2.0,4.0
2005,1192.0,2.0,42.0,2.0,4.0,2.0,1.0,0.0,192.0,3.0,2.0,160.0,2.0,
2005,1192.0,1.0,22.0,5.0,4.0,4.0,1.0,0.0,192.0,2.0,0.0,300.0,2.0,1.0
2005,1192.0,2.0,19.0,5.0,4.0,4.0,2.0,0.0,192.0,3.0,0.0,0.0,,
2005,1192.0,1.0,14.0,5.0,4.0,3.0,3.0,3.0,192.0,0.0,0.0,0.0,,
2005,920.0,1.0,33.0,1.0,4.0,3.0,1.0,0.0,107.14285714285714,2.0,0.0,600.0,2.0,1.0
2005,920.0,2.0,34.0,1.0,4.0,3.0,3.0,4.0,107.14285714285714,0.0,0.0,0.0,,
2005,920.0,2.0,11.0,5.0,4.0,1.0,3.0,3.0,107.14285714285714,0.0,0.0,0.0,,
2005,920.0,1.0,9.0,5.0,4.0,1.0,4.0,3.0,107.14285714285714,0.0,0.0,0.0,,
2005,920.0,1.0,6.0,5.0,4.0,1.0,4.0,3.0,107.14285714285714,0.0,0.0,0.0,,
2005,920.0,2.0,5.0,5.0,4.0,7.0,4.0,5.0,107.14285714285714,0.0,0.0,0.0,,
2005,920.0,2.0,3.0,5.0,4.0,7.0,4.0,5.0,107.14285714285714,0.0,0.0,0.0,,
2005,1179.0,1.0,50.0,2.0,4.0,1.0,1.0,0.0,350.0,3.0,2.0,600.0,2.0,3.0
2005,1179.0,2.0,55.0,2.0,4.0,2.0,1.0,0.0,350.0,3.0,2.0,450.0,2.0,
2005,1179.0,1.0,23.0,1.0,4.0,2.0,1.0,0.0,350.0,3.0,2.0,500.0,2.0,6.0
2005,1179.0,2.0,21.0,1.0,4.0,4.0,3.0,4.0,350.0,0.0,0.0,0.0,,
2005,1179.0,1.0,3.0,5.0,4.0,7.0,4.0,5.0,350.0,0.0,0.0,0.0,,
2005,1297.0,2.0,21.0,1.0,4.0,4.0,1.0,0.0,290.0,3.0,2.0,560.0,2.0,8.0
2005,1297.0,1.0,17.0,5.0,4.0,3.0,2.0,0.0,290.0,3.0,0.0,0.0,,
2005,1297.0,2.0,2.0,5.0,4.0,7.0,4.0,5.0,290.0,0.0,0.0,0.0,,
2005,1297.0,1.0,24.0,1.0,4.0,4.0,1.0,0.0,290.0,3.0,2.0,600.0,2.0,6.0
2005,1106.0,2.0,55.0,3.0,4.0,4.0,1.0,0.0,180.0,3.0,2.0,80.0,2.0,
2005,1106.0,2.0,19.0,5.0,1.0,3.0,3.0,3.0,180.0,0.0,0.0,0.0,,
2005,1384.0,1.0,51.0,2.0,4.0,4.0,1.0,0.0,750.0,3.0,2.0,700.0,2.0,9.0
2005,1384.0,2.0,49.0,2.0,4.0,6.0,1.0,0.0,750.0,2.0,0.0,500.0,2.0,1.0
2005,1384.0,2.0,20.0,5.0,1.0,5.0,1.0,0.0,750.0,3.0,1.0,1380.0,2.0,6.0
2005,1384.0,2.0,18.0,5.0,1.0,5.0,1.0,0.0,750.0,3.0,1.0,420.0,2.0,9.0
2005,1373.0,1.0,42.0,2.0,1.0,2.0,1.0,0.0,300.0,3.0,1.0,1200.0,2.0,12.0
2005,1373.0,2.0,34.0,2.0,1.0,3.0,3.0,4.0,300.0,0.0,0.0,0.0,,
2005,1373.0,1.0,14.0,5.0,1.0,3.0,3.0,3.0,300.0,0.0,0.0,0.0,,
2005,1373.0,2.0,4.0,5.0,1.0,7.0,4.0,5.0,300.0,0.0,0.0,0.0,,
2005,1765.0,1.0,35.0,1.0,4.0,2.0,1.0,0.0,192.0,3.0,2.0,576.0,2.0,
2005,1765.0,2.0,29.0,1.0,4.0,1.0,3.0,4.0,192.0,0.0,0.0,0.0,,
2005,1765.0,1.0,,5.0,4.0,7.0,4.0,5.0,192.0,0.0,0.0,0.0,,
2005,1300.0,2.0,30.0,5.0,4.0,3.0,1.0,0.0,37.5,3.0,2.0,150.0,2.0,7.0
2005,1300.0,2.0,7.0,5.0,4.0,1.0,4.0,3.0,37.5,0.0,0.0,0.0,,
2005,1300.0,1.0,5.0,5.0,4.0,7.0,4.0,5.0,37.5,0.0,0.0,0.0,,
2005,1300.0,2.0,4.0,5.0,4.0,7.0,4.0,5.0,37.5,0.0,0.0,0.0,,
2005,1671.0,1.0,83.0,4.0,1.0,6.0,3.0,1.0,470.0,0.0,0.0,0.0,,
2005,1671.0,1.0,45.0,2.0,1.0,6.0,1.0,0.0,470.0,1.0,0.0,900.0,2.0,6.0
2005,1671.0,2.0,45.0,2.0,1.0,6.0,1.0,0.0,470.0,3.0,1.0,1100.0,2.0,8.0
2005,1671.0,2.0,16.0,5.0,1.0,3.0,3.0,3.0,470.0,0.0,0.0,0.0,,
2005,1671.0,2.0,15.0,5.0,1.0,3.0,3.0,3.0,470.0,0.0,0.0,0.0,,
2005,1117.0,2.0,78.0,4.0,1.0,2.0,3.0,1.0,378.0,0.0,0.0,0.0,,
2005,1227.0,1.0,56.0,2.0,1.0,5.0,3.0,1.0,2300.0,0.0,0.0,0.0,,
2005,1227.0,2.0,52.0,2.0,1.0,6.0,1.0,0.0,2300.0,3.0,1.0,2300.0,2.0,11.0
2005,1176.0,2.0,71.0,4.0,2.0,6.0,3.0,1.0,1050.0,0.0,0.0,0.0,,
2005,1080.0,1.0,55.0,2.0,1.0,6.0,2.0,0.0,300.0,3.0,0.0,0.0,,
2005,1080.0,2.0,56.0,2.0,1.0,6.0,1.0,0.0,300.0,3.0,1.0,600.0,1.0,9.0
2005,1338.0,1.0,34.0,2.0,1.0,4.0,1.0,0.0,500.0,3.0,1.0,1000.0,2.0,4.0
2005,1338.0,2.0,34.0,2.0,1.0,3.0,3.0,4.0,500.0,0.0,0.0,0.0,,
2005,1262.0,1.0,53.0,2.0,1.0,5.0,2.0,0.0,916.6666666666666,3.0,0.0,0.0,,
2005,1262.0,2.0,54.0,2.0,1.0,4.0,1.0,0.0,916.6666666666666,3.0,2.0,1000.0,2.0,
2005,1262.0,1.0,25.0,5.0,4.0,4.0,1.0,0.0,916.6666666666666,3.0,2.0,0.0,2.0,
2005,1262.0,2.0,20.0,5.0,4.0,5.0,3.0,3.0,916.6666666666666,0.0,0.0,0.0,,
2005,1262.0,1.0,6.0,5.0,4.0,1.0,4.0,3.0,916.6666666666666,0.0,0.0,0.0,,
2005,1262.0,2.0,9.0,5.0,4.0,1.0,4.0,3.0,916.6666666666666,0.0,0.0,0.0,,
2005,1138.0,1.0,58.0,2.0,4.0,2.0,1.0,0.0,112.5,2.0,0.0,300.0,2.0,1.0
2005,1138.0,2.0,51.0,2.0,4.0,2.0,3.0,4.0,112.5,0.0,0.0,0.0,,
2005,1138.0,1.0,22.0,5.0,4.0,2.0,1.0,0.0,112.5,2.0,0.0,150.0,2.0,2.0
2005,1138.0,2.0,18.0,5.0,4.0,4.0,2.0,0.0,112.5,0.0,0.0,0.0,,
2005,1211.0,1.0,73.0,2.0,1.0,2.0,1.0,0.0,304.0,3.0,2.0,300.0,2.0,2.0
2005,1211.0,2.0,72.0,2.0,1.0,2.0,3.0,4.0,304.0,0.0,0.0,0.0,,
2005,1459.0,1.0,28.0,2.0,2.0,3.0,1.0,0.0,400.0,3.0,2.0,800.0,2.0,9.0
2005,1459.0,2.0,27.0,2.0,2.0,6.0,1.0,0.0,400.0,3.0,1.0,400.0,2.0,6.0
2005,1459.0,1.0,,5.0,2.0,7.0,4.0,5.0,400.0,0.0,0.0,0.0,,
2005,1082.0,1.0,82.0,2.0,1.0,2.0,3.0,1.0,272.5,0.0,0.0,0.0,,
2005,1082.0,2.0,75.0,2.0,1.0,2.0,3.0,4.0,272.5,0.0,0.0,0.0,,
2005,1082.0,2.0,50.0,3.0,4.0,2.0,1.0,0.0,272.5,3.0,2.0,80.0,2.0,
2005,1082.0,2.0,26.0,5.0,1.0,5.0,1.0,0.0,272.5,3.0,1.0,690.0,2.0,6.0
2005,1235.0,1.0,26.0,2.0,1.0,5.0,1.0,0.0,587.5,3.0,1.0,1000.0,1.0,12.0
2005,1235.0,2.0,25.0,2.0,1.0,5.0,1.0,0.0,587.5,3.0,2.0,1100.0,1.0,12.0
2005,1235.0,2.0,5.0,5.0,1.0,7.0,4.0,5.0,587.5,0.0,0.0,0.0,,
2005,1235.0,1.0,2.0,5.0,1.0,7.0,4.0,5.0,587.5,0.0,0.0,0.0,,
2005,1257.0,1.0,59.0,2.0,4.0,2.0,1.0,0.0,440.0,3.0,2.0,680.0,2.0,10.0
2005,1257.0,2.0,56.0,2.0,4.0,1.0,3.0,4.0,440.0,0.0,0.0,0.0,,
2005,1257.0,1.0,30.0,5.0,4.0,2.0,1.0,0.0,440.0,3.0,2.0,640.0,2.0,10.0
2005,1718.0,1.0,24.0,5.0,4.0,3.0,2.0,0.0,60.0,3.0,0.0,0.0,,
2005,1278.0,1.0,68.0,1.0,4.0,2.0,2.0,0.0,310.0,3.0,0.0,0.0,,
2005,1278.0,2.0,79.0,1.0,1.0,2.0,3.0,1.0,310.0,0.0,0.0,0.0,,
2005,1141.0,2.0,58.0,4.0,1.0,2.0,3.0,1.0,350.0,0.0,0.0,0.0,,
2005,1305.0,1.0,69.0,4.0,1.0,2.0,2.0,0.0,540.0,2.0,0.0,0.0,,
2005,1077.0,1.0,55.0,2.0,4.0,7.0,1.0,0.0,475.0,3.0,1.0,450.0,2.0,
2005,1077.0,2.0,51.0,2.0,4.0,3.0,3.0,4.0,475.0,0.0,0.0,0.0,,
2005,1653.0,2.0,51.0,3.0,4.0,1.0,1.0,0.0,466.6666666666667,3.0,2.0,300.0,2.0,
2005,1653.0,1.0,18.0,5.0,4.0,3.0,1.0,0.0,466.6666666666667,2.0,0.0,50.0,2.0,1.0
2005,1653.0,1.0,22.0,5.0,4.0,4.0,1.0,0.0,466.6666666666667,2.0,0.0,450.0,2.0,1.0
2005,1177.0,1.0,49.0,5.0,1.0,2.0,3.0,1.0,290.0,0.0,0.0,0.0,,
2005,1177.0,2.0,76.0,4.0,1.0,1.0,3.0,1.0,290.0,0.0,0.0,0.0,,
2005,1068.0,1.0,56.0,1.0,4.0,2.0,1.0,0.0,150.0,3.0,2.0,500.0,2.0,
2005,1068.0,2.0,38.0,1.0,4.0,2.0,1.0,0.0,150.0,3.0,2.0,150.0,1.0,7.0
2005,1068.0,2.0,10.0,5.0,4.0,1.0,3.0,3.0,150.0,0.0,0.0,0.0,,
2005,1068.0,1.0,8.0,5.0,4.0,1.0,4.0,3.0,150.0,0.0,0.0,0.0,,
2005,1068.0,1.0,6.0,5.0,4.0,1.0,4.0,3.0,150.0,0.0,0.0,0.0,,
2005,1068.0,1.0,2.0,5.0,4.0,7.0,4.0,5.0,150.0,0.0,0.0,0.0,,
2005,1466.0,1.0,38.0,2.0,1.0,5.0,1.0,0.0,375.0,3.0,1.0,750.0,2.0,7.0
2005,1466.0,2.0,36.0,2.0,1.0,5.0,1.0,0.0,375.0,3.0,1.0,750.0,2.0,7.0
2005,1466.0,2.0,12.0,5.0,1.0,1.0,3.0,3.0,375.0,0.0,0.0,0.0,,
2005,1466.0,2.0,5.0,5.0,1.0,7.0,4.0,5.0,375.0,0.0,0.0,0.0,,
2005,1305.0,1.0,37.0,2.0,1.0,2.0,1.0,0.0,142.85714285714286,3.0,1.0,600.0,2.0,7.0
2005,1305.0,2.0,40.0,2.0,1.0,2.0,3.0,4.0,142.85714285714286,0.0,0.0,0.0,,
2005,1305.0,2.0,24.0,5.0,4.0,4.0,1.0,0.0,142.85714285714286,3.0,2.0,400.0,2.0,2.0
2005,1305.0,1.0,19.0,5.0,1.0,3.0,3.0,3.0,142.85714285714286,0.0,0.0,0.0,,
2005,1305.0,2.0,17.0,5.0,1.0,3.0,3.0,3.0,142.85714285714286,0.0,0.0,0.0,,
2005,1305.0,2.0,13.0,5.0,1.0,3.0,3.0,3.0,142.85714285714286,0.0,0.0,0.0,,
2005,1305.0,2.0,8.0,5.0,1.0,1.0,4.0,3.0,142.85714285714286,0.0,0.0,0.0,,
2005,1321.0,2.0,56.0,3.0,1.0,3.0,1.0,0.0,500.0,3.0,1.0,500.0,2.0,9.0
2005,1039.0,1.0,76.0,2.0,1.0,1.0,3.0,1.0,1048.3333333333333,0.0,0.0,0.0,,
2005,1039.0,2.0,62.0,2.0,1.0,2.0,3.0,2.0,1048.3333333333333,0.0,0.0,0.0,,
2005,1039.0,2.0,34.0,5.0,1.0,5.0,1.0,0.0,1048.3333333333333,3.0,1.0,1250.0,2.0,7.0
2005,1142.0,1.0,29.0,2.0,1.0,4.0,1.0,0.0,317.5,3.0,1.0,680.0,1.0,12.0
2005,1142.0,2.0,22.0,2.0,1.0,3.0,3.0,4.0,317.5,0.0,0.0,0.0,,
2005,1142.0,2.0,3.0,5.0,1.0,7.0,4.0,5.0,317.5,0.0,0.0,0.0,,
2005,1142.0,2.0,,5.0,1.0,7.0,4.0,5.0,317.5,0.0,0.0,0.0,,
2005,1345.0,1.0,49.0,2.0,4.0,5.0,1.0,0.0,690.0,2.0,0.0,1500.0,2.0,1.0
2005,1345.0,2.0,47.0,2.0,1.0,5.0,1.0,0.0,690.0,3.0,1.0,900.0,2.0,9.0
2005,1345.0,1.0,25.0,5.0,1.0,5.0,2.0,0.0,690.0,3.0,0.0,0.0,,
2005,1345.0,2.0,22.0,5.0,1.0,4.0,1.0,0.0,690.0,3.0,1.0,400.0,2.0,5.0
2005,1345.0,2.0,19.0,5.0,1.0,4.0,1.0,0.0,690.0,3.0,2.0,250.0,2.0,4.0
2005,1540.0,1.0,56.0,2.0,1.0,2.0,1.0,0.0,550.0,3.0,1.0,1500.0,2.0,12.0
2005,1540.0,2.0,53.0,2.0,1.0,2.0,3.0,4.0,550.0,0.0,0.0,0.0,,
2005,1540.0,1.0,29.0,1.0,4.0,5.0,1.0,0.0,550.0,3.0,2.0,150.0,1.0,
2005,1540.0,1.0,25.0,5.0,4.0,6.0,1.0,0.0,550.0,3.0,2.0,800.0,2.0,9.0
2005,1540.0,1.0,18.0,5.0,1.0,4.0,3.0,7.0,550.0,0.0,0.0,0.0,,
2005,1540.0,1.0,16.0,5.0,1.0,3.0,3.0,3.0,550.0,0.0,0.0,0.0,,
2005,1540.0,2.0,25.0,1.0,4.0,3.0,1.0,0.0,550.0,3.0,2.0,250.0,2.0,
2005,1043.0,1.0,49.0,1.0,1.0,3.0,1.0,0.0,400.0,2.0,0.0,2000.0,2.0,1.0
2005,1043.0,2.0,42.0,1.0,1.0,4.0,3.0,4.0,400.0,0.0,0.0,0.0,,
2005,1043.0,1.0,10.0,5.0,1.0,1.0,3.0,3.0,400.0,0.0,0.0,0.0,,
2005,1043.0,2.0,9.0,5.0,1.0,1.0,4.0,3.0,400.0,0.0,0.0,0.0,,
2005,1043.0,1.0,7.0,5.0,1.0,1.0,4.0,3.0,400.0,0.0,0.0,0.0,,
2005,1472.0,1.0,46.0,3.0,2.0,5.0,1.0,0.0,530.0,3.0,1.0,1060.0,1.0,6.0
2005,1472.0,1.0,20.0,5.0,2.0,3.0,2.0,0.0,530.0,0.0,0.0,0.0,,
2005,1055.0,2.0,41.0,3.0,1.0,4.0,1.0,0.0,350.0,3.0,1.0,850.0,2.0,5.0
2005,1055.0,2.0,10.0,5.0,1.0,1.0,3.0,3.0,350.0,0.0,0.0,0.0,,
2005,1055.0,1.0,13.0,5.0,1.0,3.0,3.0,3.0,350.0,0.0,0.0,0.0,,
2005,1991.0,1.0,33.0,2.0,1.0,3.0,1.0,0.0,133.33333333333334,3.0,1.0,600.0,2.0,
2005,1991.0,2.0,33.0,2.0,1.0,2.0,3.0,4.0,133.33333333333334,0.0,0.0,0.0,,
2005,1991.0,2.0,11.0,5.0,1.0,1.0,3.0,3.0,133.33333333333334,0.0,0.0,0.0,,
2005,1991.0,2.0,6.0,5.0,1.0,1.0,4.0,3.0,133.33333333333334,0.0,0.0,0.0,,
2005,1991.0,1.0,3.0,5.0,1.0,7.0,4.0,5.0,133.33333333333334,0.0,0.0,0.0,,
2005,1991.0,2.0,,5.0,1.0,7.0,4.0,5.0,133.33333333333334,0.0,0.0,0.0,,
2005,1584.0,1.0,24.0,5.0,4.0,4.0,2.0,0.0,360.0,3.0,0.0,0.0,,
2005,1391.0,1.0,53.0,1.0,4.0,2.0,1.0,0.0,277.14285714285717,3.0,2.0,1000.0,2.0,6.0
2005,1391.0,2.0,44.0,1.0,4.0,1.0,3.0,4.0,277.14285714285717,0.0,0.0,0.0,,
2005,1391.0,2.0,24.0,5.0,4.0,3.0,2.0,0.0,277.14285714285717,0.0,0.0,0.0,,
2005,1391.0,2.0,23.0,5.0,1.0,3.0,1.0,0.0,277.14285714285717,3.0,1.0,300.0,2.0,9.0
2005,1391.0,2.0,16.0,5.0,4.0,3.0,3.0,3.0,277.14285714285717,0.0,0.0,0.0,,
2005,1391.0,1.0,9.0,5.0,4.0,1.0,4.0,3.0,277.14285714285717,0.0,0.0,0.0,,
2005,1391.0,1.0,6.0,5.0,4.0,7.0,4.0,3.0,277.14285714285717,0.0,0.0,0.0,,
2005,1672.0,2.0,47.0,3.0,1.0,2.0,1.0,0.0,183.33333333333334,3.0,1.0,400.0,2.0,
2005,1672.0,1.0,15.0,5.0,4.0,3.0,3.0,3.0,183.33333333333334,0.0,0.0,0.0,,
2005,1672.0,1.0,11.0,5.0,4.0,1.0,3.0,3.0,183.33333333333334,0.0,0.0,0.0,,
2005,1262.0,1.0,53.0,2.0,4.0,1.0,1.0,0.0,180.0,2.0,0.0,500.0,2.0,1.0
2005,1262.0,2.0,51.0,2.0,4.0,2.0,3.0,4.0,180.0,0.0,0.0,0.0,,
2005,1262.0,2.0,23.0,5.0,4.0,2.0,1.0,0.0,180.0,3.0,2.0,200.0,2.0,
2005,1262.0,1.0,13.0,5.0,4.0,1.0,3.0,3.0,180.0,0.0,0.0,0.0,,
2005,1262.0,1.0,4.0,5.0,4.0,7.0,4.0,5.0,180.0,0.0,0.0,0.0,,
2005,1402.0,1.0,30.0,2.0,1.0,6.0,1.0,0.0,650.0,3.0,2.0,1300.0,1.0,
2005,1402.0,2.0,25.0,2.0,1.0,6.0,2.0,0.0,650.0,3.0,0.0,0.0,,
2005,1109.0,1.0,60.0,2.0,2.0,2.0,1.0,0.0,200.0,3.0,2.0,400.0,2.0,
2005,1109.0,2.0,59.0,2.0,2.0,2.0,3.0,4.0,200.0,0.0,0.0,0.0,,
2005,1757.0,1.0,43.0,2.0,4.0,2.0,1.0,0.0,66.66666666666667,3.0,1.0,400.0,2.0,2.0
2005,1757.0,2.0,43.0,2.0,4.0,2.0,3.0,4.0,66.66666666666667,0.0,0.0,0.0,,
2005,1757.0,1.0,21.0,5.0,4.0,5.0,3.0,3.0,66.66666666666667,0.0,0.0,0.0,,
2005,1757.0,2.0,15.0,5.0,4.0,3.0,3.0,3.0,66.66666666666667,0.0,0.0,0.0,,
2005,1757.0,2.0,10.0,5.0,4.0,1.0,3.0,3.0,66.66666666666667,0.0,0.0,0.0,,
2005,1757.0,2.0,6.0,5.0,4.0,1.0,4.0,3.0,66.66666666666667,0.0,0.0,0.0,,
2005,1316.0,2.0,55.0,3.0,1.0,2.0,1.0,0.0,650.0,3.0,1.0,630.0,2.0,
2005,1316.0,1.0,18.0,5.0,1.0,3.0,1.0,0.0,650.0,3.0,2.0,120.0,2.0,3.0
2005,1462.0,1.0,37.0,2.0,1.0,6.0,1.0,0.0,1550.0,3.0,1.0,1900.0,2.0,11.0
2005,1462.0,2.0,34.0,2.0,1.0,6.0,1.0,0.0,1550.0,2.0,0.0,500.0,2.0,2.0
2005,1096.0,1.0,34.0,1.0,1.0,3.0,1.0,0.0,160.0,3.0,1.0,800.0,2.0,6.0
2005,1096.0,2.0,24.0,1.0,4.0,5.0,3.0,3.0,160.0,0.0,0.0,0.0,,
2005,1096.0,1.0,10.0,5.0,1.0,1.0,3.0,3.0,160.0,0.0,0.0,0.0,,
2005,1096.0,2.0,,5.0,1.0,7.0,4.0,5.0,160.0,0.0,0.0,0.0,,
2005,1096.0,1.0,13.0,5.0,1.0,3.0,3.0,3.0,160.0,0.0,0.0,0.0,,
2005,1216.0,1.0,57.0,5.0,1.0,2.0,1.0,0.0,450.0,3.0,1.0,450.0,2.0,
2005,1044.0,1.0,72.0,2.0,1.0,2.0,3.0,1.0,150.0,0.0,0.0,0.0,,
2005,1044.0,2.0,69.0,2.0,4.0,2.0,3.0,7.0,150.0,0.0,0.0,0.0,,
2005,1021.0,1.0,43.0,2.0,1.0,4.0,1.0,0.0,280.0,3.0,1.0,1100.0,2.0,12.0
2005,1021.0,2.0,42.0,2.0,1.0,1.0,1.0,0.0,280.0,2.0,0.0,300.0,2.0,1.0
2005,1021.0,2.0,14.0,5.0,1.0,3.0,3.0,3.0,280.0,0.0,0.0,0.0,,
2005,1021.0,2.0,12.0,5.0,1.0,1.0,3.0,3.0,280.0,0.0,0.0,0.0,,
2005,1021.0,2.0,3.0,5.0,1.0,7.0,4.0,5.0,280.0,0.0,0.0,0.0,,
2005,1413.0,2.0,59.0,3.0,4.0,1.0,1.0,0.0,111.11111111111111,3.0,1.0,380.0,2.0,9.0
2005,1413.0,2.0,28.0,5.0,4.0,3.0,1.0,0.0,111.11111111111111,3.0,2.0,150.0,2.0,7.0
2005,1413.0,1.0,26.0,1.0,4.0,2.0,1.0,0.0,111.11111111111111,3.0,2.0,0.0,2.0,4.0
2005,1413.0,1.0,21.0,1.0,4.0,3.0,2.0,0.0,111.11111111111111,3.0,0.0,0.0,,
2005,1413.0,2.0,23.0,1.0,4.0,4.0,3.0,7.0,111.11111111111111,0.0,0.0,0.0,,
2005,1413.0,1.0,11.0,5.0,4.0,1.0,3.0,3.0,111.11111111111111,0.0,0.0,0.0,,
2005,1413.0,1.0,3.0,5.0,4.0,7.0,4.0,5.0,111.11111111111111,0.0,0.0,0.0,,
2005,1413.0,2.0,21.0,1.0,4.0,2.0,3.0,4.0,111.11111111111111,0.0,0.0,0.0,,
2005,1413.0,2.0,5.0,5.0,4.0,7.0,4.0,5.0,111.11111111111111,0.0,0.0,0.0,,
2005,994.0,1.0,55.0,2.0,1.0,6.0,1.0,0.0,850.0,3.0,1.0,2300.0,1.0,12.0
2005,994.0,2.0,50.0,2.0,1.0,5.0,3.0,3.0,850.0,0.0,0.0,0.0,,
2005,994.0,2.0,20.0,5.0,1.0,5.0,3.0,3.0,850.0,0.0,0.0,0.0,,
2005,994.0,2.0,17.0,5.0,1.0,3.0,3.0,3.0,850.0,0.0,0.0,0.0,,
2005,1118.0,2.0,75.0,5.0,1.0,3.0,3.0,1.0,300.0,0.0,0.0,0.0,,
2005,1354.0,2.0,51.0,4.0,4.0,2.0,1.0,0.0,90.0,1.0,0.0,100.0,2.0,2.0
2005,1354.0,2.0,19.0,5.0,4.0,4.0,1.0,0.0,90.0,4.0,0.0,0.0,2.0,2.0
2005,1354.0,1.0,8.0,5.0,4.0,1.0,4.0,3.0,90.0,0.0,0.0,0.0,,
2005,1427.0,1.0,75.0,2.0,1.0,3.0,3.0,1.0,195.0,0.0,0.0,0.0,,
2005,1427.0,2.0,70.0,2.0,1.0,1.0,3.0,4.0,195.0,0.0,0.0,0.0,,
2005,1242.0,1.0,73.0,4.0,1.0,2.0,3.0,1.0,850.0,0.0,0.0,0.0,,
2005,1246.0,2.0,28.0,5.0,4.0,2.0,1.0,0.0,133.33333333333334,3.0,2.0,150.0,2.0,
2005,1246.0,1.0,8.0,5.0,1.0,1.0,4.0,3.0,133.33333333333334,0.0,0.0,0.0,,
2005,1246.0,2.0,5.0,5.0,4.0,7.0,4.0,5.0,133.33333333333334,0.0,0.0,0.0,,
2005,1266.0,1.0,67.0,2.0,1.0,6.0,1.0,0.0,625.0,3.0,1.0,650.0,2.0,
2005,1266.0,2.0,66.0,2.0,1.0,4.0,3.0,1.0,625.0,0.0,0.0,0.0,,
2005,800.0,2.0,52.0,5.0,1.0,2.0,1.0,0.0,840.0,3.0,1.0,700.0,2.0,4.0
2005,1477.0,2.0,37.0,3.0,4.0,4.0,1.0,0.0,1000.0,1.0,0.0,2000.0,2.0,6.0
2005,1477.0,1.0,16.0,5.0,4.0,3.0,3.0,3.0,1000.0,0.0,0.0,0.0,,
2005,1247.0,2.0,63.0,3.0,4.0,6.0,1.0,0.0,1251.0,2.0,0.0,1500.0,2.0,1.0
2005,1247.0,2.0,23.0,5.0,4.0,5.0,1.0,0.0,1251.0,3.0,2.0,402.0,2.0,5.0
2005,1471.0,1.0,41.0,3.0,1.0,2.0,1.0,0.0,175.0,3.0,1.0,700.0,2.0,9.0
2005,1471.0,2.0,17.0,5.0,1.0,3.0,3.0,3.0,175.0,0.0,0.0,0.0,,
2005,1471.0,2.0,15.0,5.0,1.0,3.0,3.0,3.0,175.0,0.0,0.0,0.0,,
2005,1471.0,1.0,13.0,5.0,1.0,1.0,3.0,3.0,175.0,0.0,0.0,0.0,,
2005,1264.0,1.0,64.0,4.0,1.0,1.0,1.0,0.0,1050.0,3.0,2.0,700.0,2.0,2.0
2005,1179.0,1.0,22.0,2.0,2.0,3.0,1.0,0.0,300.0,3.0,2.0,900.0,2.0,2.0
2005,1179.0,2.0,20.0,2.0,2.0,4.0,3.0,4.0,300.0,0.0,0.0,0.0,,
2005,1179.0,2.0,1.0,5.0,2.0,7.0,4.0,5.0,300.0,0.0,0.0,0.0,,
2005,1218.0,1.0,46.0,2.0,1.0,4.0,1.0,0.0,225.0,3.0,1.0,900.0,2.0,8.0
2005,1218.0,2.0,44.0,2.0,1.0,4.0,3.0,4.0,225.0,0.0,0.0,0.0,,
2005,1218.0,2.0,16.0,5.0,1.0,3.0,3.0,3.0,225.0,0.0,0.0,0.0,,
2005,1218.0,2.0,11.0,5.0,1.0,1.0,3.0,3.0,225.0,0.0,0.0,0.0,,
2005,1586.0,1.0,42.0,2.0,1.0,3.0,1.0,0.0,308.3333333333333,3.0,1.0,1000.0,1.0,
2005,1586.0,2.0,42.0,2.0,1.0,4.0,3.0,4.0,308.3333333333333,0.0,0.0,0.0,,
2005,1586.0,2.0,18.0,5.0,1.0,3.0,1.0,0.0,308.3333333333333,3.0,2.0,150.0,2.0,4.0
2005,1586.0,2.0,15.0,5.0,1.0,3.0,3.0,3.0,308.3333333333333,0.0,0.0,0.0,,
2005,1586.0,2.0,3.0,5.0,1.0,7.0,4.0,5.0,308.3333333333333,0.0,0.0,0.0,,
2005,1586.0,1.0,3.0,5.0,1.0,7.0,4.0,5.0,308.3333333333333,0.0,0.0,0.0,,
2005,1688.0,1.0,34.0,2.0,1.0,3.0,1.0,0.0,326.6666666666667,3.0,1.0,980.0,2.0,4.0
2005,1688.0,2.0,25.0,2.0,1.0,4.0,3.0,4.0,326.6666666666667,0.0,0.0,0.0,,
2005,1688.0,2.0,4.0,5.0,1.0,7.0,4.0,5.0,326.6666666666667,0.0,0.0,0.0,,
2005,1180.0,1.0,68.0,2.0,1.0,6.0,3.0,1.0,875.0,0.0,0.0,0.0,,
2005,1180.0,2.0,56.0,2.0,1.0,3.0,3.0,4.0,875.0,0.0,0.0,0.0,,
2005,1180.0,1.0,27.0,5.0,1.0,4.0,1.0,0.0,875.0,1.0,0.0,900.0,2.0,2.0
2005,1180.0,1.0,22.0,5.0,1.0,1.0,3.0,3.0,875.0,0.0,0.0,0.0,,
2005,1130.0,1.0,57.0,2.0,1.0,2.0,1.0,0.0,220.66666666666666,3.0,2.0,200.0,2.0,4.0
2005,1130.0,2.0,57.0,2.0,1.0,4.0,1.0,0.0,220.66666666666666,3.0,2.0,300.0,2.0,7.0
2005,1130.0,1.0,19.0,5.0,1.0,1.0,3.0,1.0,220.66666666666666,0.0,0.0,0.0,,
2005,1172.0,1.0,63.0,2.0,4.0,3.0,1.0,0.0,806.25,1.0,0.0,1500.0,2.0,2.0
2005,1172.0,2.0,60.0,2.0,4.0,3.0,1.0,0.0,806.25,3.0,2.0,425.0,2.0,
2005,1172.0,1.0,31.0,5.0,1.0,3.0,1.0,0.0,806.25,3.0,1.0,900.0,2.0,
2005,1172.0,2.0,63.0,5.0,1.0,3.0,3.0,1.0,806.25,0.0,0.0,0.0,,
2005,1416.0,2.0,48.0,3.0,4.0,2.0,1.0,0.0,67.5,3.0,2.0,150.0,2.0,7.0
2005,1416.0,2.0,15.0,5.0,4.0,3.0,3.0,3.0,67.5,0.0,0.0,0.0,,
2005,1416.0,2.0,14.0,5.0,4.0,3.0,3.0,3.0,67.5,0.0,0.0,0.0,,
2005,1416.0,1.0,8.0,5.0,4.0,1.0,4.0,3.0,67.5,0.0,0.0,0.0,,
2005,1418.0,2.0,38.0,5.0,1.0,4.0,1.0,0.0,198.0,3.0,2.0,150.0,2.0,4.0
2005,1418.0,1.0,11.0,5.0,1.0,1.0,3.0,3.0,198.0,0.0,0.0,0.0,,
2005,1418.0,1.0,3.0,5.0,1.0,7.0,4.0,5.0,198.0,0.0,0.0,0.0,,
2005,1418.0,1.0,2.0,5.0,1.0,7.0,4.0,5.0,198.0,0.0,0.0,0.0,,
2005,1418.0,2.0,13.0,5.0,1.0,3.0,3.0,3.0,198.0,0.0,0.0,0.0,,
2005,1402.0,1.0,46.0,2.0,1.0,2.0,1.0,0.0,317.5,3.0,1.0,1070.0,1.0,7.0
2005,1402.0,2.0,40.0,2.0,1.0,3.0,1.0,0.0,317.5,3.0,1.0,515.0,2.0,
2005,1402.0,1.0,21.0,5.0,4.0,4.0,1.0,0.0,317.5,3.0,2.0,320.0,2.0,6.0
2005,1402.0,2.0,20.0,5.0,4.0,3.0,3.0,3.0,317.5,0.0,0.0,0.0,,
2005,1402.0,2.0,16.0,5.0,1.0,3.0,3.0,3.0,317.5,0.0,0.0,0.0,,
2005,1402.0,2.0,6.0,5.0,1.0,1.0,4.0,3.0,317.5,0.0,0.0,0.0,,
2005,1166.0,1.0,64.0,2.0,4.0,3.0,2.0,0.0,584.0,3.0,0.0,0.0,,
2005,1166.0,2.0,61.0,2.0,4.0,1.0,3.0,4.0,584.0,0.0,0.0,0.0,,
2005,1166.0,2.0,39.0,5.0,4.0,6.0,1.0,0.0,584.0,3.0,1.0,2070.0,2.0,12.0
2005,1166.0,2.0,34.0,5.0,4.0,6.0,1.0,0.0,584.0,3.0,1.0,450.0,1.0,7.0
2005,1166.0,2.0,29.0,5.0,4.0,6.0,1.0,0.0,584.0,3.0,1.0,400.0,1.0,8.0
2005,1341.0,1.0,53.0,3.0,1.0,1.0,1.0,0.0,200.0,3.0,1.0,600.0,1.0,6.0
2005,1341.0,2.0,27.0,5.0,4.0,3.0,1.0,0.0,200.0,3.0,2.0,250.0,2.0,
2005,1341.0,2.0,19.0,5.0,4.0,4.0,2.0,0.0,200.0,3.0,0.0,0.0,,
2005,1341.0,2.0,8.0,5.0,4.0,1.0,4.0,3.0,200.0,0.0,0.0,0.0,,
2005,1341.0,2.0,3.0,5.0,4.0,7.0,4.0,5.0,200.0,0.0,0.0,0.0,,
2005,1099.0,2.0,92.0,4.0,1.0,2.0,3.0,1.0,780.0,0.0,0.0,0.0,,
2005,1088.0,1.0,32.0,1.0,1.0,5.0,1.0,0.0,367.5,1.0,0.0,1200.0,2.0,4.0
2005,1088.0,2.0,27.0,1.0,1.0,3.0,3.0,4.0,367.5,0.0,0.0,0.0,,
2005,1088.0,2.0,9.0,5.0,1.0,1.0,4.0,3.0,367.5,0.0,0.0,0.0,,
2005,1088.0,1.0,2.0,5.0,1.0,7.0,4.0,5.0,367.5,0.0,0.0,0.0,,
2005,1220.0,1.0,24.0,1.0,4.0,3.0,1.0,0.0,333.3333333333333,3.0,2.0,1000.0,2.0,2.0
2005,1220.0,2.0,20.0,1.0,4.0,2.0,3.0,4.0,333.3333333333333,0.0,0.0,0.0,,
2005,1220.0,1.0,2.0,5.0,4.0,7.0,4.0,5.0,333.3333333333333,0.0,0.0,0.0,,
2005,1636.0,1.0,60.0,1.0,4.0,1.0,1.0,0.0,270.0,2.0,0.0,500.0,2.0,1.0
2005,1636.0,2.0,58.0,1.0,4.0,2.0,1.0,0.0,270.0,3.0,2.0,180.0,2.0,
2005,1636.0,1.0,19.0,5.0,4.0,4.0,1.0,0.0,270.0,2.0,0.0,400.0,2.0,1.0
2005,1636.0,2.0,20.0,5.0,4.0,4.0,2.0,0.0,270.0,3.0,0.0,0.0,,
2005,1220.0,1.0,41.0,2.0,1.0,2.0,1.0,0.0,340.0,3.0,1.0,680.0,2.0,7.0
2005,1220.0,2.0,38.0,2.0,1.0,2.0,3.0,4.0,340.0,0.0,0.0,0.0,,
2005,1220.0,2.0,3.0,5.0,1.0,7.0,4.0,5.0,340.0,0.0,0.0,0.0,,
2005,1173.0,2.0,73.0,4.0,1.0,2.0,3.0,1.0,300.0,0.0,0.0,0.0,,
2005,1173.0,2.0,48.0,5.0,4.0,3.0,1.0,0.0,300.0,2.0,0.0,150.0,2.0,1.0
2005,1153.0,1.0,33.0,2.0,1.0,6.0,1.0,0.0,1662.5,3.0,1.0,3800.0,2.0,11.0
2005,1153.0,2.0,34.0,2.0,1.0,6.0,1.0,0.0,1662.5,3.0,1.0,700.0,2.0,9.0
2005,1153.0,2.0,11.0,5.0,1.0,1.0,3.0,3.0,1662.5,0.0,0.0,0.0,,
2005,1153.0,1.0,10.0,5.0,1.0,1.0,3.0,3.0,1662.5,0.0,0.0,0.0,,
2005,1437.0,2.0,37.0,5.0,4.0,2.0,1.0,0.0,50.0,3.0,2.0,150.0,1.0,6.0
2005,1437.0,1.0,19.0,5.0,4.0,1.0,1.0,0.0,50.0,3.0,2.0,250.0,1.0,6.0
2005,1437.0,2.0,17.0,5.0,4.0,3.0,3.0,3.0,50.0,0.0,0.0,0.0,,
2005,1437.0,2.0,15.0,5.0,4.0,3.0,3.0,3.0,50.0,0.0,0.0,0.0,,
2005,1437.0,1.0,12.0,5.0,4.0,1.0,3.0,3.0,50.0,0.0,0.0,0.0,,
2005,1437.0,2.0,9.0,5.0,4.0,1.0,4.0,3.0,50.0,0.0,0.0,0.0,,
2005,1437.0,1.0,7.0,5.0,4.0,1.0,4.0,3.0,50.0,0.0,0.0,0.0,,
2005,1437.0,2.0,2.0,5.0,4.0,7.0,4.0,5.0,50.0,0.0,0.0,0.0,,
2005,1102.0,1.0,84.0,4.0,4.0,7.0,3.0,4.0,0.0,0.0,0.0,0.0,,
2005,1241.0,1.0,31.0,1.0,1.0,5.0,1.0,0.0,325.0,3.0,1.0,1000.0,2.0,11.0
2005,1241.0,2.0,35.0,1.0,1.0,6.0,3.0,4.0,325.0,0.0,0.0,0.0,,
2005,1241.0,1.0,9.0,5.0,1.0,1.0,4.0,3.0,325.0,0.0,0.0,0.0,,
2005,1241.0,1.0,,5.0,1.0,7.0,4.0,5.0,325.0,0.0,0.0,0.0,,
2005,1336.0,1.0,35.0,1.0,1.0,6.0,1.0,0.0,700.0,3.0,1.0,1400.0,1.0,6.0
2005,1336.0,2.0,33.0,1.0,1.0,5.0,2.0,0.0,700.0,2.0,0.0,0.0,,
2005,1244.0,1.0,45.0,3.0,4.0,2.0,1.0,0.0,800.0,2.0,0.0,800.0,2.0,1.0
2005,1481.0,1.0,29.0,1.0,1.0,4.0,1.0,0.0,500.0,3.0,1.0,900.0,2.0,10.0
2005,1481.0,2.0,27.0,1.0,1.0,5.0,3.0,4.0,500.0,0.0,0.0,0.0,,
2005,1481.0,1.0,4.0,5.0,1.0,7.0,4.0,5.0,500.0,0.0,0.0,0.0,,
2005,972.0,2.0,63.0,4.0,1.0,2.0,1.0,0.0,400.0,2.0,0.0,500.0,2.0,1.0
2005,972.0,2.0,85.0,4.0,1.0,2.0,3.0,1.0,400.0,0.0,0.0,0.0,,
2005,916.0,2.0,75.0,4.0,1.0,3.0,3.0,1.0,412.5,0.0,0.0,0.0,,
2005,916.0,2.0,51.0,5.0,4.0,5.0,1.0,0.0,412.5,2.0,0.0,300.0,2.0,1.0
2005,1356.0,1.0,51.0,2.0,1.0,3.0,1.0,0.0,970.0,3.0,1.0,1450.0,1.0,12.0
2005,1356.0,2.0,52.0,2.0,1.0,4.0,3.0,4.0,970.0,0.0,0.0,0.0,,
2005,1356.0,1.0,15.0,5.0,1.0,3.0,3.0,3.0,970.0,0.0,0.0,0.0,,
2005,1356.0,1.0,21.0,5.0,1.0,5.0,1.0,0.0,970.0,3.0,1.0,3400.0,2.0,9.0
2005,1356.0,2.0,19.0,5.0,1.0,5.0,2.0,0.0,970.0,3.0,0.0,0.0,,
2005,1084.0,2.0,54.0,3.0,4.0,3.0,1.0,0.0,450.0,2.0,0.0,400.0,2.0,1.0
2005,1284.0,2.0,78.0,4.0,4.0,1.0,3.0,4.0,0.0,0.0,0.0,0.0,,
2005,1235.0,1.0,36.0,2.0,1.0,3.0,1.0,0.0,375.0,2.0,0.0,750.0,2.0,2.0
2005,1235.0,2.0,29.0,2.0,1.0,4.0,1.0,0.0,375.0,2.0,0.0,750.0,2.0,2.0
2005,1235.0,1.0,5.0,5.0,1.0,7.0,4.0,5.0,375.0,0.0,0.0,0.0,,
2005,1235.0,2.0,1.0,5.0,1.0,7.0,4.0,5.0,375.0,0.0,0.0,0.0,,
2005,1141.0,1.0,86.0,3.0,1.0,2.0,3.0,1.0,211.5,0.0,0.0,0.0,,
2005,1141.0,2.0,60.0,2.0,4.0,2.0,3.0,4.0,211.5,0.0,0.0,0.0,,
2005,1141.0,1.0,55.0,2.0,4.0,2.0,1.0,0.0,211.5,3.0,1.0,900.0,2.0,2.0
2005,1141.0,2.0,28.0,5.0,4.0,2.0,2.0,0.0,211.5,3.0,0.0,0.0,,
2005,1141.0,1.0,20.0,5.0,4.0,2.0,3.0,6.0,211.5,0.0,0.0,0.0,,
2005,1141.0,1.0,9.0,5.0,4.0,1.0,4.0,3.0,211.5,0.0,0.0,0.0,,
2005,1361.0,2.0,27.0,5.0,4.0,5.0,1.0,0.0,1850.0,3.0,2.0,1000.0,2.0,6.0
2005,1361.0,2.0,28.0,5.0,1.0,5.0,1.0,0.0,1850.0,3.0,1.0,1700.0,2.0,7.0
2005,1657.0,1.0,43.0,2.0,,3.0,1.0,0.0,316.6666666666667,3.0,2.0,800.0,2.0,5.0
2005,1657.0,2.0,40.0,2.0,4.0,3.0,2.0,0.0,316.6666666666667,3.0,0.0,0.0,,
2005,1657.0,2.0,14.0,5.0,4.0,3.0,3.0,3.0,316.6666666666667,0.0,0.0,0.0,,
2005,1300.0,1.0,47.0,2.0,1.0,3.0,1.0,0.0,291.6666666666667,3.0,1.0,1250.0,2.0,12.0
2005,1300.0,2.0,41.0,2.0,1.0,3.0,3.0,4.0,291.6666666666667,0.0,0.0,0.0,,
2005,1300.0,2.0,19.0,5.0,1.0,4.0,2.0,0.0,291.6666666666667,3.0,0.0,0.0,,
2005,1300.0,2.0,12.0,5.0,1.0,1.0,3.0,3.0,291.6666666666667,0.0,0.0,0.0,,
2005,1300.0,2.0,11.0,5.0,1.0,1.0,3.0,3.0,291.6666666666667,0.0,0.0,0.0,,
2005,1300.0,2.0,9.0,5.0,1.0,1.0,4.0,3.0,291.6666666666667,0.0,0.0,0.0,,
2005,1384.0,1.0,57.0,2.0,2.0,5.0,1.0,0.0,1300.0,1.0,0.0,3000.0,2.0,9.0
2005,1384.0,2.0,59.0,2.0,2.0,4.0,3.0,1.0,1300.0,0.0,0.0,0.0,,
2005,1384.0,1.0,25.0,5.0,2.0,4.0,1.0,0.0,1300.0,2.0,0.0,500.0,2.0,1.0
2005,1196.0,1.0,39.0,2.0,1.0,5.0,1.0,0.0,910.0,3.0,1.0,1100.0,2.0,12.0
2005,1196.0,2.0,39.0,2.0,1.0,5.0,3.0,4.0,910.0,0.0,0.0,0.0,,
2005,1196.0,2.0,67.0,3.0,1.0,6.0,3.0,1.0,910.0,0.0,0.0,0.0,,
2005,1161.0,1.0,92.0,2.0,1.0,2.0,3.0,1.0,210.0,0.0,0.0,0.0,,
2005,1161.0,2.0,88.0,2.0,1.0,2.0,3.0,4.0,210.0,0.0,0.0,0.0,,
2005,1040.0,2.0,72.0,4.0,2.0,2.0,3.0,1.0,650.0,0.0,0.0,0.0,,
2005,1041.0,1.0,28.0,1.0,1.0,3.0,1.0,0.0,405.0,3.0,1.0,1120.0,2.0,12.0
2005,1041.0,2.0,28.0,1.0,1.0,3.0,3.0,3.0,405.0,0.0,0.0,0.0,,
2005,1041.0,1.0,4.0,5.0,1.0,7.0,4.0,5.0,405.0,0.0,0.0,0.0,,
2005,1041.0,2.0,8.0,5.0,1.0,1.0,4.0,3.0,405.0,0.0,0.0,0.0,,
2005,1594.0,1.0,46.0,2.0,4.0,4.0,1.0,0.0,690.0,2.0,0.0,1200.0,2.0,2.0
2005,1594.0,2.0,44.0,2.0,4.0,3.0,1.0,0.0,690.0,2.0,0.0,1000.0,2.0,2.0
2005,1594.0,2.0,21.0,5.0,4.0,4.0,1.0,0.0,690.0,3.0,2.0,400.0,2.0,
2005,1594.0,2.0,19.0,5.0,4.0,3.0,1.0,0.0,690.0,3.0,2.0,850.0,2.0,3.0
2005,1594.0,2.0,15.0,5.0,4.0,3.0,3.0,3.0,690.0,0.0,0.0,0.0,,
2005,1367.0,1.0,34.0,1.0,4.0,2.0,2.0,0.0,25.0,3.0,0.0,0.0,,
2005,1367.0,2.0,34.0,1.0,4.0,3.0,3.0,4.0,25.0,0.0,0.0,0.0,,
2005,1367.0,1.0,18.0,5.0,4.0,3.0,3.0,3.0,25.0,0.0,0.0,0.0,,
2005,1367.0,1.0,14.0,5.0,4.0,3.0,3.0,3.0,25.0,0.0,0.0,0.0,,
2005,1367.0,2.0,12.0,5.0,4.0,1.0,3.0,3.0,25.0,0.0,0.0,0.0,,
2005,1367.0,2.0,5.0,5.0,4.0,7.0,4.0,5.0,25.0,0.0,0.0,0.0,,
2005,1530.0,1.0,58.0,2.0,4.0,2.0,1.0,0.0,527.5,3.0,2.0,60.0,2.0,1.0
2005,1530.0,2.0,50.0,2.0,4.0,3.0,3.0,4.0,527.5,0.0,0.0,0.0,,
2005,1530.0,1.0,30.0,5.0,1.0,5.0,1.0,0.0,527.5,3.0,1.0,1000.0,2.0,
2005,1530.0,1.0,25.0,5.0,1.0,6.0,1.0,0.0,527.5,3.0,1.0,600.0,2.0,
2005,1397.0,2.0,60.0,3.0,3.0,4.0,1.0,0.0,500.0,3.0,2.0,500.0,2.0,
2005,1719.0,1.0,41.0,1.0,4.0,2.0,1.0,0.0,31.25,3.0,2.0,150.0,1.0,7.0
2005,1719.0,2.0,36.0,1.0,4.0,2.0,3.0,4.0,31.25,0.0,0.0,0.0,,
2005,1719.0,2.0,14.0,5.0,4.0,1.0,3.0,4.0,31.25,0.0,0.0,0.0,,
2005,1719.0,1.0,13.0,5.0,4.0,1.0,3.0,3.0,31.25,0.0,0.0,0.0,,
2005,1719.0,2.0,10.0,5.0,4.0,1.0,3.0,3.0,31.25,0.0,0.0,0.0,,
2005,1719.0,2.0,9.0,5.0,4.0,1.0,4.0,3.0,31.25,0.0,0.0,0.0,,
2005,1719.0,1.0,6.0,5.0,4.0,1.0,4.0,3.0,31.25,0.0,0.0,0.0,,
2005,1719.0,2.0,2.0,5.0,4.0,7.0,4.0,5.0,31.25,0.0,0.0,0.0,,
2005,1131.0,1.0,79.0,2.0,1.0,4.0,3.0,1.0,500.0,0.0,0.0,0.0,,
2005,1131.0,2.0,77.0,2.0,1.0,4.0,3.0,1.0,500.0,0.0,0.0,0.0,,
2005,1131.0,1.0,24.0,5.0,4.0,4.0,2.0,0.0,500.0,0.0,0.0,0.0,,
2005,1182.0,2.0,56.0,2.0,4.0,2.0,1.0,0.0,577.5,3.0,2.0,250.0,2.0,
2005,1182.0,1.0,54.0,2.0,4.0,3.0,1.0,0.0,577.5,3.0,2.0,800.0,2.0,
2005,1182.0,2.0,27.0,5.0,1.0,5.0,1.0,0.0,577.5,3.0,1.0,700.0,2.0,12.0
2005,1182.0,2.0,23.0,5.0,4.0,6.0,1.0,0.0,577.5,3.0,2.0,500.0,2.0,3.0
2005,987.0,1.0,83.0,2.0,1.0,4.0,3.0,1.0,156.66666666666666,0.0,0.0,0.0,,
2005,987.0,2.0,86.0,2.0,1.0,1.0,3.0,6.0,156.66666666666666,0.0,0.0,0.0,,
2005,987.0,2.0,61.0,2.0,1.0,3.0,3.0,4.0,156.66666666666666,0.0,0.0,0.0,,
2005,1570.0,1.0,39.0,3.0,4.0,2.0,1.0,0.0,450.0,3.0,2.0,800.0,2.0,5.0
2005,1570.0,2.0,65.0,4.0,4.0,1.0,1.0,0.0,450.0,3.0,2.0,100.0,2.0,
2005,1349.0,1.0,27.0,1.0,2.0,4.0,1.0,0.0,500.0,2.0,0.0,1500.0,2.0,2.0
2005,1349.0,2.0,26.0,1.0,2.0,5.0,3.0,4.0,500.0,0.0,0.0,0.0,,
2005,1349.0,2.0,1.0,5.0,2.0,7.0,4.0,5.0,500.0,0.0,0.0,0.0,,
2005,975.0,1.0,51.0,2.0,1.0,4.0,1.0,0.0,1016.0,3.0,1.0,1650.0,2.0,6.0
2005,975.0,2.0,54.0,2.0,1.0,2.0,1.0,0.0,1016.0,3.0,1.0,1800.0,2.0,
2005,975.0,2.0,86.0,4.0,1.0,2.0,3.0,1.0,1016.0,0.0,0.0,0.0,,
2005,975.0,1.0,27.0,5.0,1.0,5.0,1.0,0.0,1016.0,3.0,1.0,1200.0,2.0,10.0
2005,975.0,2.0,17.0,5.0,1.0,3.0,3.0,3.0,1016.0,0.0,0.0,0.0,,
2005,2073.0,1.0,38.0,1.0,4.0,3.0,1.0,0.0,75.0,3.0,2.0,600.0,2.0,10.0
2005,2073.0,2.0,33.0,1.0,4.0,2.0,3.0,4.0,75.0,0.0,0.0,0.0,,
2005,2073.0,2.0,17.0,5.0,4.0,2.0,2.0,0.0,75.0,3.0,0.0,0.0,,
2005,2073.0,2.0,15.0,5.0,4.0,1.0,2.0,0.0,75.0,3.0,0.0,0.0,,
2005,2073.0,1.0,13.0,5.0,4.0,1.0,3.0,3.0,75.0,0.0,0.0,0.0,,
2005,2073.0,2.0,9.0,5.0,4.0,1.0,4.0,3.0,75.0,0.0,0.0,0.0,,
2005,2073.0,2.0,6.0,5.0,4.0,7.0,4.0,3.0,75.0,0.0,0.0,0.0,,
2005,2073.0,2.0,4.0,5.0,4.0,7.0,4.0,5.0,75.0,0.0,0.0,0.0,,
2005,2073.0,1.0,,5.0,4.0,7.0,4.0,5.0,75.0,0.0,0.0,0.0,,
2005,2073.0,1.0,,5.0,4.0,7.0,4.0,5.0,75.0,0.0,0.0,0.0,,
2005,1636.0,2.0,49.0,3.0,4.0,2.0,1.0,0.0,140.0,3.0,2.0,160.0,2.0,
2005,1636.0,1.0,20.0,5.0,4.0,2.0,1.0,0.0,140.0,3.0,2.0,400.0,2.0,2.0
2005,1636.0,1.0,13.0,5.0,4.0,1.0,3.0,3.0,140.0,0.0,0.0,0.0,,
2005,1636.0,1.0,8.0,5.0,4.0,1.0,4.0,3.0,140.0,0.0,0.0,0.0,,
2005,1075.0,2.0,83.0,4.0,1.0,1.0,3.0,1.0,350.0,0.0,0.0,0.0,,
2005,1038.0,1.0,58.0,2.0,4.0,2.0,1.0,0.0,397.75,2.0,0.0,800.0,2.0,1.0
2005,1038.0,2.0,60.0,2.0,4.0,3.0,3.0,4.0,397.75,0.0,0.0,0.0,,
2005,1038.0,2.0,27.0,5.0,1.0,4.0,1.0,0.0,397.75,3.0,1.0,791.0,2.0,
2005,1038.0,2.0,19.0,5.0,4.0,5.0,3.0,7.0,397.75,0.0,0.0,0.0,,
2005,1358.0,2.0,46.0,3.0,4.0,1.0,1.0,0.0,84.0,3.0,2.0,20.0,2.0,
2005,1358.0,1.0,19.0,5.0,4.0,1.0,2.0,0.0,84.0,3.0,0.0,0.0,,
2005,1358.0,1.0,23.0,2.0,4.0,2.0,1.0,0.0,84.0,3.0,2.0,400.0,2.0,5.0
2005,1358.0,2.0,23.0,2.0,4.0,3.0,3.0,4.0,84.0,0.0,0.0,0.0,,
2005,1358.0,1.0,1.0,5.0,4.0,7.0,4.0,5.0,84.0,0.0,0.0,0.0,,
2005,1209.0,1.0,31.0,2.0,1.0,4.0,1.0,0.0,408.0,3.0,1.0,1400.0,2.0,12.0
2005,1209.0,2.0,36.0,2.0,1.0,4.0,3.0,4.0,408.0,0.0,0.0,0.0,,
2005,1209.0,1.0,12.0,5.0,1.0,1.0,3.0,3.0,408.0,0.0,0.0,0.0,,
2005,1209.0,1.0,11.0,5.0,1.0,1.0,3.0,3.0,408.0,0.0,0.0,0.0,,
2005,1209.0,2.0,9.0,5.0,1.0,1.0,4.0,3.0,408.0,0.0,0.0,0.0,,
2005,1312.0,2.0,64.0,4.0,1.0,2.0,3.0,1.0,353.3333333333333,0.0,0.0,0.0,,
2005,1312.0,2.0,42.0,3.0,1.0,2.0,1.0,0.0,353.3333333333333,3.0,1.0,640.0,2.0,10.0
2005,1312.0,1.0,12.0,5.0,1.0,1.0,3.0,3.0,353.3333333333333,0.0,0.0,0.0,,
2005,1648.0,1.0,44.0,5.0,4.0,2.0,1.0,0.0,211.66666666666666,2.0,0.0,200.0,2.0,2.0
2005,1648.0,2.0,19.0,5.0,4.0,1.0,1.0,0.0,211.66666666666666,2.0,0.0,140.0,2.0,2.0
2005,1648.0,1.0,3.0,5.0,4.0,7.0,4.0,5.0,211.66666666666666,0.0,0.0,0.0,,
2005,1117.0,1.0,51.0,2.0,1.0,6.0,1.0,0.0,2275.0,3.0,1.0,6000.0,1.0,6.0
2005,1117.0,2.0,38.0,2.0,1.0,5.0,1.0,0.0,2275.0,3.0,1.0,1200.0,1.0,6.0
2005,1117.0,1.0,5.0,5.0,1.0,7.0,4.0,5.0,2275.0,0.0,0.0,0.0,,
2005,1117.0,2.0,79.0,4.0,1.0,4.0,3.0,7.0,2275.0,0.0,0.0,0.0,,
2005,1392.0,1.0,44.0,2.0,4.0,2.0,1.0,0.0,260.0,2.0,0.0,180.0,2.0,1.0
2005,1392.0,2.0,41.0,2.0,4.0,2.0,1.0,0.0,260.0,3.0,1.0,600.0,2.0,9.0
2005,1392.0,1.0,16.0,5.0,4.0,3.0,3.0,3.0,260.0,0.0,0.0,0.0,,
2005,1099.0,1.0,26.0,1.0,4.0,2.0,1.0,0.0,90.5,2.0,0.0,168.0,2.0,1.0
2005,1099.0,2.0,31.0,1.0,4.0,2.0,3.0,4.0,90.5,0.0,0.0,0.0,,
2005,1099.0,2.0,11.0,5.0,1.0,1.0,3.0,3.0,90.5,0.0,0.0,0.0,,
2005,1099.0,2.0,4.0,5.0,4.0,7.0,4.0,5.0,90.5,0.0,0.0,0.0,,
2005,1099.0,1.0,2.0,5.0,4.0,7.0,4.0,5.0,90.5,0.0,0.0,0.0,,
2005,1099.0,2.0,,5.0,4.0,7.0,4.0,5.0,90.5,0.0,0.0,0.0,,
2005,1108.0,2.0,65.0,3.0,1.0,4.0,1.0,0.0,500.0,4.0,0.0,0.0,2.0,2.0
2005,1082.0,2.0,19.0,5.0,1.0,4.0,1.0,0.0,751.0,3.0,1.0,1502.0,2.0,12.0
2005,1082.0,1.0,3.0,5.0,1.0,7.0,4.0,5.0,751.0,0.0,0.0,0.0,,
2005,1544.0,1.0,44.0,2.0,1.0,3.0,1.0,0.0,328.0,3.0,1.0,830.0,2.0,
2005,1544.0,2.0,46.0,2.0,1.0,2.0,1.0,0.0,328.0,2.0,0.0,400.0,2.0,1.0
2005,1544.0,1.0,17.0,5.0,1.0,3.0,3.0,3.0,328.0,0.0,0.0,0.0,,
2005,1544.0,2.0,16.0,5.0,1.0,3.0,3.0,3.0,328.0,0.0,0.0,0.0,,
2005,1544.0,2.0,6.0,5.0,1.0,1.0,4.0,3.0,328.0,0.0,0.0,0.0,,
2005,1065.0,1.0,36.0,1.0,4.0,2.0,1.0,0.0,42.857142857142854,3.0,2.0,300.0,2.0,
2005,1065.0,2.0,27.0,1.0,4.0,2.0,3.0,4.0,42.857142857142854,0.0,0.0,0.0,,
2005,1065.0,2.0,57.0,4.0,4.0,7.0,3.0,4.0,42.857142857142854,0.0,0.0,0.0,,
2005,1065.0,1.0,13.0,5.0,4.0,3.0,3.0,3.0,42.857142857142854,0.0,0.0,0.0,,
2005,1065.0,1.0,10.0,5.0,4.0,1.0,3.0,3.0,42.857142857142854,0.0,0.0,0.0,,
2005,1065.0,1.0,4.0,5.0,4.0,7.0,4.0,5.0,42.857142857142854,0.0,0.0,0.0,,
2005,1065.0,2.0,2.0,5.0,4.0,7.0,4.0,5.0,42.857142857142854,0.0,0.0,0.0,,
2005,1267.0,1.0,29.0,2.0,1.0,4.0,1.0,0.0,240.0,3.0,1.0,1200.0,1.0,12.0
2005,1267.0,2.0,27.0,2.0,1.0,2.0,3.0,4.0,240.0,0.0,0.0,0.0,,
2005,1267.0,2.0,5.0,5.0,1.0,7.0,4.0,5.0,240.0,0.0,0.0,0.0,,
2005,1267.0,2.0,1.0,5.0,1.0,7.0,4.0,5.0,240.0,0.0,0.0,0.0,,
2005,1267.0,2.0,,5.0,1.0,7.0,4.0,5.0,240.0,0.0,0.0,0.0,,
2005,1695.0,2.0,46.0,3.0,4.0,4.0,1.0,0.0,357.5,3.0,2.0,160.0,2.0,
2005,1695.0,1.0,27.0,5.0,4.0,4.0,2.0,0.0,357.5,3.0,0.0,0.0,,
2005,1695.0,1.0,26.0,5.0,1.0,4.0,1.0,0.0,357.5,3.0,1.0,1200.0,2.0,11.0
2005,1695.0,1.0,24.0,5.0,4.0,4.0,1.0,0.0,357.5,3.0,2.0,400.0,2.0,2.0
2005,1695.0,2.0,23.0,5.0,4.0,4.0,1.0,0.0,357.5,3.0,2.0,120.0,2.0,5.0
2005,1695.0,2.0,16.0,5.0,4.0,3.0,3.0,3.0,357.5,0.0,0.0,0.0,,
2005,1695.0,2.0,14.0,5.0,4.0,3.0,3.0,3.0,357.5,0.0,0.0,0.0,,
2005,1695.0,2.0,7.0,5.0,4.0,1.0,4.0,3.0,357.5,0.0,0.0,0.0,,
2005,1631.0,1.0,40.0,1.0,4.0,1.0,1.0,0.0,38.888888888888886,2.0,0.0,100.0,2.0,4.0
2005,1631.0,2.0,37.0,1.0,4.0,1.0,1.0,0.0,38.888888888888886,2.0,0.0,100.0,2.0,4.0
2005,1631.0,2.0,16.0,5.0,4.0,3.0,3.0,4.0,38.888888888888886,0.0,0.0,0.0,,
2005,1631.0,1.0,12.0,5.0,4.0,1.0,1.0,0.0,38.888888888888886,4.0,0.0,0.0,2.0,4.0
2005,1631.0,1.0,11.0,5.0,4.0,1.0,1.0,0.0,38.888888888888886,4.0,0.0,0.0,2.0,4.0
2005,1631.0,2.0,10.0,5.0,4.0,1.0,3.0,3.0,38.888888888888886,0.0,0.0,0.0,,
2005,1631.0,2.0,7.0,5.0,4.0,1.0,4.0,3.0,38.888888888888886,0.0,0.0,0.0,,
2005,1631.0,1.0,5.0,5.0,4.0,7.0,4.0,5.0,38.888888888888886,0.0,0.0,0.0,,
2005,1631.0,2.0,3.0,5.0,4.0,7.0,4.0,5.0,38.888888888888886,0.0,0.0,0.0,,
2005,1676.0,2.0,74.0,4.0,1.0,1.0,3.0,1.0,213.0,0.0,0.0,0.0,,
2005,1676.0,1.0,24.0,5.0,4.0,5.0,2.0,0.0,213.0,0.0,0.0,0.0,,
2005,1676.0,2.0,34.0,5.0,4.0,2.0,1.0,0.0,213.0,3.0,2.0,150.0,2.0,
2005,1184.0,1.0,50.0,2.0,1.0,5.0,1.0,0.0,1900.0,3.0,1.0,6500.0,2.0,12.0
2005,1184.0,2.0,49.0,2.0,1.0,6.0,3.0,4.0,1900.0,0.0,0.0,0.0,,
2005,1184.0,1.0,21.0,5.0,1.0,5.0,3.0,3.0,1900.0,0.0,0.0,0.0,,
2005,1184.0,2.0,20.0,5.0,1.0,4.0,3.0,7.0,1900.0,0.0,0.0,0.0,,
2005,1184.0,2.0,13.0,5.0,1.0,1.0,3.0,3.0,1900.0,0.0,0.0,0.0,,
2005,1213.0,2.0,57.0,5.0,4.0,2.0,1.0,0.0,66.66666666666667,3.0,2.0,200.0,2.0,
2005,1213.0,1.0,24.0,5.0,4.0,2.0,2.0,0.0,66.66666666666667,2.0,0.0,0.0,,
2005,1213.0,2.0,21.0,5.0,4.0,1.0,2.0,0.0,66.66666666666667,2.0,0.0,0.0,,
2005,1962.0,2.0,30.0,3.0,1.0,4.0,1.0,0.0,286.6666666666667,3.0,1.0,660.0,1.0,9.0
2005,1962.0,2.0,31.0,5.0,4.0,3.0,2.0,0.0,286.6666666666667,3.0,0.0,0.0,,
2005,1962.0,1.0,12.0,5.0,1.0,1.0,3.0,3.0,286.6666666666667,0.0,0.0,0.0,,
2005,1144.0,2.0,70.0,1.0,4.0,1.0,3.0,4.0,50.0,0.0,0.0,0.0,,
2005,1144.0,1.0,68.0,1.0,4.0,1.0,1.0,0.0,50.0,3.0,2.0,100.0,2.0,2.0
2005,1048.0,1.0,63.0,2.0,2.0,4.0,3.0,6.0,300.0,0.0,0.0,0.0,,
2005,1048.0,2.0,65.0,2.0,2.0,4.0,3.0,4.0,300.0,0.0,0.0,0.0,,
2005,1048.0,2.0,35.0,3.0,1.0,6.0,2.0,0.0,300.0,3.0,0.0,0.0,,
2005,1048.0,2.0,3.0,5.0,1.0,7.0,4.0,5.0,300.0,0.0,0.0,0.0,,
2005,1321.0,1.0,38.0,2.0,1.0,6.0,1.0,0.0,510.0,3.0,1.0,1530.0,2.0,12.0
2005,1321.0,2.0,38.0,2.0,1.0,5.0,2.0,0.0,510.0,3.0,0.0,0.0,,
2005,1321.0,2.0,5.0,5.0,1.0,7.0,4.0,5.0,510.0,0.0,0.0,0.0,,
2005,1442.0,1.0,43.0,2.0,4.0,3.0,2.0,0.0,63.75,3.0,0.0,0.0,,
2005,1442.0,2.0,40.0,2.0,4.0,2.0,3.0,4.0,63.75,0.0,0.0,0.0,,
2005,1442.0,2.0,15.0,5.0,4.0,3.0,3.0,3.0,63.75,0.0,0.0,0.0,,
2005,1442.0,2.0,8.0,5.0,4.0,1.0,4.0,3.0,63.75,0.0,0.0,0.0,,
2005,1379.0,2.0,76.0,4.0,1.0,2.0,3.0,1.0,300.0,0.0,0.0,0.0,,
2005,1379.0,2.0,46.0,1.0,4.0,3.0,3.0,4.0,300.0,0.0,0.0,0.0,,
2005,1379.0,1.0,48.0,1.0,1.0,3.0,1.0,0.0,300.0,2.0,0.0,750.0,2.0,1.0
2005,1379.0,2.0,8.0,5.0,1.0,1.0,4.0,3.0,300.0,0.0,0.0,0.0,,
2005,1379.0,1.0,3.0,5.0,1.0,7.0,4.0,5.0,300.0,0.0,0.0,0.0,,
2005,1252.0,1.0,40.0,2.0,1.0,4.0,1.0,0.0,840.0,3.0,1.0,1800.0,2.0,9.0
2005,1252.0,2.0,39.0,2.0,1.0,4.0,1.0,0.0,840.0,3.0,1.0,1560.0,2.0,12.0
2005,1252.0,2.0,12.0,5.0,1.0,1.0,3.0,3.0,840.0,0.0,0.0,0.0,,
2005,1252.0,2.0,10.0,5.0,1.0,1.0,3.0,3.0,840.0,0.0,0.0,0.0,,
2005,1415.0,2.0,37.0,3.0,4.0,2.0,1.0,0.0,101.66666666666667,3.0,2.0,460.0,2.0,
2005,1415.0,1.0,15.0,5.0,4.0,3.0,3.0,3.0,101.66666666666667,0.0,0.0,0.0,,
2005,1415.0,2.0,13.0,5.0,4.0,3.0,3.0,3.0,101.66666666666667,0.0,0.0,0.0,,
2005,1415.0,1.0,12.0,5.0,4.0,1.0,3.0,3.0,101.66666666666667,0.0,0.0,0.0,,
2005,1415.0,1.0,9.0,5.0,4.0,1.0,4.0,3.0,101.66666666666667,0.0,0.0,0.0,,
2005,1415.0,1.0,7.0,5.0,4.0,1.0,4.0,3.0,101.66666666666667,0.0,0.0,0.0,,
2005,1100.0,2.0,94.0,4.0,1.0,1.0,3.0,1.0,350.0,0.0,0.0,0.0,,
2005,1100.0,2.0,53.0,3.0,4.0,3.0,3.0,4.0,350.0,0.0,0.0,0.0,,
2005,1100.0,2.0,24.0,5.0,4.0,3.0,2.0,0.0,350.0,0.0,0.0,0.0,,
2005,1100.0,1.0,21.0,5.0,4.0,4.0,1.0,0.0,350.0,3.0,2.0,650.0,2.0,6.0
2005,1052.0,1.0,67.0,2.0,1.0,2.0,1.0,0.0,443.3333333333333,3.0,1.0,630.0,2.0,2.0
2005,1052.0,2.0,59.0,2.0,1.0,3.0,3.0,4.0,443.3333333333333,0.0,0.0,0.0,,
2005,1052.0,1.0,25.0,5.0,4.0,4.0,1.0,0.0,443.3333333333333,3.0,2.0,700.0,2.0,7.0
2005,1121.0,1.0,80.0,2.0,1.0,2.0,3.0,1.0,175.0,0.0,0.0,0.0,,
2005,1121.0,2.0,72.0,2.0,1.0,2.0,3.0,4.0,175.0,0.0,0.0,0.0,,
2005,1282.0,1.0,33.0,2.0,1.0,4.0,1.0,0.0,500.0,3.0,1.0,1000.0,2.0,4.0
2005,1282.0,2.0,32.0,2.0,1.0,6.0,1.0,0.0,500.0,3.0,1.0,500.0,1.0,12.0
2005,1282.0,1.0,5.0,5.0,1.0,7.0,4.0,5.0,500.0,0.0,0.0,0.0,,
2005,1273.0,1.0,31.0,2.0,1.0,6.0,1.0,0.0,900.0,3.0,1.0,1600.0,2.0,9.0
2005,1273.0,2.0,31.0,2.0,1.0,6.0,1.0,0.0,900.0,2.0,0.0,700.0,2.0,1.0
2005,1273.0,2.0,2.0,5.0,1.0,7.0,4.0,5.0,900.0,0.0,0.0,0.0,,
2005,1438.0,2.0,54.0,3.0,2.0,4.0,3.0,4.0,505.0,0.0,0.0,0.0,,
2005,1438.0,1.0,29.0,5.0,1.0,5.0,1.0,0.0,505.0,3.0,1.0,620.0,2.0,7.0
2005,1438.0,1.0,20.0,5.0,1.0,5.0,1.0,0.0,505.0,3.0,2.0,100.0,2.0,7.0
2005,1438.0,1.0,20.0,5.0,4.0,5.0,1.0,0.0,505.0,3.0,2.0,120.0,2.0,7.0
2005,1334.0,1.0,35.0,2.0,1.0,5.0,1.0,0.0,500.0,3.0,1.0,1500.0,2.0,7.0
2005,1334.0,2.0,34.0,2.0,1.0,6.0,3.0,4.0,500.0,0.0,0.0,0.0,,
2005,1334.0,1.0,2.0,5.0,1.0,7.0,4.0,5.0,500.0,0.0,0.0,0.0,,
2005,1479.0,2.0,44.0,3.0,2.0,5.0,1.0,0.0,500.0,1.0,0.0,1500.0,2.0,4.0
2005,1479.0,1.0,5.0,5.0,2.0,7.0,4.0,5.0,500.0,0.0,0.0,0.0,,
2005,1479.0,2.0,5.0,5.0,4.0,1.0,4.0,5.0,500.0,0.0,0.0,0.0,,
2005,1438.0,2.0,64.0,4.0,3.0,1.0,1.0,0.0,370.0,2.0,0.0,100.0,2.0,1.0
2005,1616.0,2.0,55.0,2.0,4.0,3.0,1.0,0.0,175.0,3.0,2.0,150.0,1.0,6.0
2005,1616.0,1.0,51.0,2.0,4.0,1.0,2.0,0.0,175.0,3.0,0.0,0.0,,
2005,1457.0,2.0,49.0,3.0,4.0,3.0,3.0,4.0,150.0,0.0,0.0,0.0,,
2005,1457.0,2.0,22.0,5.0,4.0,4.0,3.0,4.0,150.0,0.0,0.0,0.0,,
2005,1457.0,1.0,16.0,5.0,4.0,3.0,3.0,7.0,150.0,0.0,0.0,0.0,,
2005,1457.0,1.0,8.0,5.0,4.0,1.0,4.0,3.0,150.0,0.0,0.0,0.0,,
2005,1138.0,1.0,49.0,2.0,4.0,5.0,1.0,0.0,387.5,3.0,2.0,1200.0,2.0,2.0
2005,1138.0,2.0,42.0,2.0,4.0,6.0,1.0,0.0,387.5,3.0,2.0,250.0,2.0,6.0
2005,1138.0,1.0,9.0,5.0,4.0,1.0,4.0,3.0,387.5,0.0,0.0,0.0,,
2005,1138.0,2.0,11.0,5.0,4.0,1.0,3.0,3.0,387.5,0.0,0.0,0.0,,
2005,1060.0,1.0,65.0,2.0,1.0,2.0,3.0,1.0,385.6666666666667,0.0,0.0,0.0,,
2005,1060.0,2.0,62.0,2.0,1.0,2.0,3.0,4.0,385.6666666666667,0.0,0.0,0.0,,
2005,1060.0,2.0,89.0,2.0,1.0,3.0,3.0,1.0,385.6666666666667,0.0,0.0,0.0,,
2005,1250.0,2.0,85.0,4.0,1.0,1.0,3.0,1.0,653.3333333333334,0.0,0.0,0.0,,
2005,1250.0,2.0,47.0,5.0,4.0,1.0,3.0,4.0,653.3333333333334,0.0,0.0,0.0,,
2005,1250.0,1.0,43.0,5.0,1.0,1.0,1.0,0.0,653.3333333333334,3.0,1.0,1100.0,2.0,
2005,1440.0,1.0,47.0,2.0,1.0,4.0,1.0,0.0,566.6666666666666,3.0,1.0,1200.0,2.0,10.0
2005,1440.0,2.0,45.0,2.0,1.0,4.0,3.0,4.0,566.6666666666666,0.0,0.0,0.0,,
2005,1440.0,2.0,12.0,5.0,1.0,1.0,3.0,3.0,566.6666666666666,0.0,0.0,0.0,,
2005,1414.0,1.0,32.0,2.0,1.0,2.0,1.0,0.0,1090.0,3.0,1.0,1280.0,2.0,
2005,1414.0,2.0,29.0,2.0,1.0,3.0,1.0,0.0,1090.0,3.0,2.0,400.0,2.0,3.0
2005,1500.0,1.0,23.0,1.0,4.0,2.0,1.0,0.0,200.5,2.0,0.0,500.0,2.0,1.0
2005,1500.0,2.0,22.0,1.0,4.0,3.0,1.0,0.0,200.5,3.0,2.0,152.0,2.0,
2005,1500.0,1.0,6.0,5.0,4.0,1.0,4.0,3.0,200.5,0.0,0.0,0.0,,
2005,1500.0,2.0,,5.0,4.0,7.0,4.0,5.0,200.5,0.0,0.0,0.0,,
2005,2089.0,1.0,25.0,1.0,1.0,2.0,1.0,0.0,450.0,3.0,1.0,450.0,2.0,8.0
2005,1233.0,1.0,61.0,3.0,4.0,2.0,1.0,0.0,187.5,2.0,0.0,600.0,2.0,1.0
2005,1233.0,2.0,30.0,5.0,4.0,2.0,3.0,4.0,187.5,0.0,0.0,0.0,,
2005,1233.0,1.0,10.0,5.0,4.0,1.0,3.0,3.0,187.5,0.0,0.0,0.0,,
2005,1233.0,2.0,,5.0,4.0,7.0,4.0,5.0,187.5,0.0,0.0,0.0,,
2005,1586.0,2.0,46.0,1.0,4.0,2.0,2.0,0.0,215.75,3.0,0.0,0.0,,
2005,1586.0,1.0,43.0,1.0,1.0,1.0,1.0,0.0,215.75,3.0,1.0,513.0,2.0,6.0
2005,1586.0,1.0,24.0,5.0,4.0,2.0,1.0,0.0,215.75,3.0,2.0,200.0,2.0,2.0
2005,1586.0,1.0,9.0,5.0,4.0,1.0,4.0,3.0,215.75,0.0,0.0,0.0,,
2005,1130.0,1.0,64.0,2.0,1.0,2.0,3.0,1.0,262.5,0.0,0.0,0.0,,
2005,1130.0,2.0,53.0,2.0,1.0,2.0,3.0,4.0,262.5,0.0,0.0,0.0,,
2005,1138.0,2.0,60.0,4.0,1.0,2.0,3.0,1.0,750.0,0.0,0.0,0.0,,
2005,1138.0,1.0,22.0,5.0,1.0,4.0,1.0,0.0,750.0,3.0,1.0,600.0,2.0,11.0
2005,1375.0,1.0,46.0,2.0,4.0,3.0,1.0,0.0,400.0,2.0,0.0,500.0,2.0,1.0
2005,1375.0,1.0,19.0,5.0,4.0,5.0,3.0,3.0,400.0,0.0,0.0,0.0,,
2005,1375.0,2.0,36.0,2.0,1.0,3.0,1.0,0.0,400.0,2.0,0.0,700.0,2.0,2.0
2005,1177.0,1.0,23.0,1.0,4.0,3.0,1.0,0.0,125.0,3.0,2.0,350.0,2.0,
2005,1177.0,2.0,23.0,1.0,4.0,3.0,1.0,0.0,125.0,3.0,2.0,150.0,1.0,9.0
2005,1177.0,2.0,4.0,5.0,4.0,7.0,4.0,5.0,125.0,0.0,0.0,0.0,,
2005,1177.0,2.0,2.0,5.0,4.0,7.0,4.0,5.0,125.0,0.0,0.0,0.0,,
2005,1319.0,2.0,29.0,5.0,4.0,2.0,1.0,0.0,100.0,2.0,0.0,250.0,2.0,2.0
2005,1319.0,1.0,34.0,5.0,4.0,1.0,3.0,6.0,100.0,0.0,0.0,0.0,,
2005,1319.0,1.0,25.0,5.0,4.0,2.0,1.0,0.0,100.0,3.0,2.0,0.0,2.0,
2005,1319.0,2.0,56.0,3.0,4.0,2.0,1.0,0.0,100.0,1.0,0.0,250.0,2.0,2.0
2005,1319.0,2.0,5.0,5.0,4.0,7.0,4.0,5.0,100.0,0.0,0.0,0.0,,
2005,1186.0,2.0,83.0,4.0,4.0,7.0,3.0,4.0,50.0,0.0,0.0,0.0,,
2005,1017.0,2.0,55.0,5.0,4.0,4.0,3.0,6.0,112.5,0.0,0.0,0.0,,
2005,1017.0,2.0,31.0,5.0,4.0,4.0,1.0,0.0,112.5,3.0,2.0,150.0,1.0,6.0
2005,1017.0,2.0,8.0,5.0,4.0,1.0,4.0,3.0,112.5,0.0,0.0,0.0,,
2005,1017.0,2.0,,5.0,4.0,7.0,4.0,5.0,112.5,0.0,0.0,0.0,,
2005,1678.0,1.0,57.0,1.0,4.0,2.0,1.0,0.0,498.0,2.0,0.0,800.0,2.0,2.0
2005,1678.0,2.0,48.0,1.0,1.0,2.0,1.0,0.0,498.0,3.0,1.0,700.0,2.0,1.0
2005,1678.0,2.0,26.0,5.0,4.0,5.0,2.0,0.0,498.0,3.0,0.0,0.0,,
2005,1678.0,2.0,22.0,5.0,4.0,5.0,3.0,3.0,498.0,0.0,0.0,0.0,,
2005,1678.0,1.0,20.0,5.0,4.0,4.0,1.0,0.0,498.0,3.0,2.0,690.0,2.0,2.0
2005,1232.0,1.0,33.0,1.0,1.0,4.0,1.0,0.0,500.0,3.0,1.0,1000.0,2.0,
2005,1232.0,2.0,26.0,1.0,1.0,3.0,3.0,4.0,500.0,0.0,0.0,0.0,,
2005,1232.0,2.0,2.0,5.0,1.0,7.0,4.0,5.0,500.0,0.0,0.0,0.0,,
2005,1200.0,2.0,54.0,4.0,1.0,1.0,1.0,0.0,680.0,3.0,2.0,540.0,2.0,
2005,1200.0,1.0,29.0,5.0,4.0,3.0,1.0,0.0,680.0,3.0,2.0,0.0,2.0,2.0
2005,1152.0,1.0,73.0,4.0,1.0,2.0,3.0,1.0,612.0,0.0,0.0,0.0,,
2005,1152.0,1.0,25.0,5.0,4.0,2.0,1.0,0.0,350.0,3.0,2.0,350.0,2.0,
2005,1114.0,2.0,80.0,5.0,1.0,2.0,3.0,1.0,1128.0,0.0,0.0,0.0,,
2005,1684.0,1.0,30.0,5.0,4.0,4.0,1.0,0.0,460.0,3.0,2.0,800.0,2.0,3.0
2005,1684.0,1.0,37.0,5.0,1.0,3.0,1.0,0.0,460.0,3.0,1.0,150.0,1.0,
2005,1684.0,2.0,32.0,5.0,1.0,2.0,1.0,0.0,460.0,3.0,1.0,900.0,2.0,
2005,1684.0,2.0,65.0,4.0,1.0,1.0,3.0,1.0,460.0,0.0,0.0,0.0,,
2005,1684.0,1.0,11.0,5.0,1.0,1.0,3.0,3.0,460.0,0.0,0.0,0.0,,
2005,1477.0,1.0,38.0,2.0,1.0,4.0,1.0,0.0,436.6666666666667,3.0,1.0,1310.0,2.0,
2005,1477.0,2.0,36.0,2.0,1.0,4.0,3.0,4.0,436.6666666666667,0.0,0.0,0.0,,
2005,1477.0,1.0,5.0,5.0,1.0,7.0,4.0,5.0,436.6666666666667,0.0,0.0,0.0,,
2005,1356.0,1.0,90.0,2.0,1.0,1.0,3.0,1.0,319.42857142857144,0.0,0.0,0.0,,
2005,1356.0,2.0,75.0,2.0,1.0,2.0,3.0,1.0,319.42857142857144,0.0,0.0,0.0,,
2005,1356.0,1.0,67.0,5.0,1.0,7.0,3.0,1.0,319.42857142857144,0.0,0.0,0.0,,
2005,1356.0,1.0,48.0,2.0,4.0,2.0,1.0,0.0,319.42857142857144,3.0,2.0,700.0,2.0,7.0
2005,1356.0,2.0,47.0,2.0,4.0,2.0,3.0,4.0,319.42857142857144,0.0,0.0,0.0,,
2005,1356.0,1.0,23.0,5.0,4.0,2.0,1.0,0.0,319.42857142857144,3.0,2.0,400.0,2.0,6.0
2005,1356.0,2.0,20.0,5.0,4.0,4.0,1.0,0.0,319.42857142857144,3.0,2.0,0.0,2.0,
2005,1153.0,2.0,57.0,3.0,4.0,1.0,1.0,0.0,280.0,2.0,0.0,280.0,2.0,1.0
2005,1122.0,2.0,66.0,3.0,1.0,3.0,1.0,0.0,190.0,3.0,2.0,40.0,2.0,
2005,1122.0,2.0,31.0,5.0,4.0,6.0,2.0,0.0,190.0,3.0,0.0,0.0,,
2005,1463.0,1.0,39.0,2.0,1.0,5.0,1.0,0.0,683.3333333333334,3.0,1.0,1200.0,2.0,6.0
2005,1463.0,2.0,37.0,2.0,1.0,3.0,1.0,0.0,683.3333333333334,3.0,2.0,500.0,2.0,7.0
2005,1463.0,1.0,6.0,5.0,1.0,1.0,4.0,3.0,683.3333333333334,0.0,0.0,0.0,,
2005,1341.0,1.0,27.0,1.0,4.0,3.0,2.0,0.0,37.5,3.0,0.0,0.0,,
2005,1341.0,2.0,25.0,1.0,4.0,5.0,1.0,0.0,37.5,3.0,2.0,150.0,1.0,7.0
2005,1341.0,1.0,4.0,5.0,4.0,7.0,4.0,5.0,37.5,0.0,0.0,0.0,,
2005,1341.0,2.0,48.0,5.0,4.0,2.0,3.0,6.0,37.5,0.0,0.0,0.0,,
2005,2245.0,2.0,52.0,1.0,4.0,3.0,3.0,4.0,135.71428571428572,0.0,0.0,0.0,,
2005,2245.0,1.0,55.0,1.0,4.0,2.0,3.0,7.0,135.71428571428572,0.0,0.0,0.0,,
2005,2245.0,1.0,28.0,5.0,4.0,2.0,1.0,0.0,135.71428571428572,3.0,2.0,700.0,2.0,
2005,2245.0,1.0,21.0,5.0,4.0,2.0,1.0,0.0,135.71428571428572,3.0,2.0,100.0,2.0,2.0
2005,2245.0,2.0,18.0,5.0,4.0,3.0,2.0,0.0,135.71428571428572,2.0,0.0,0.0,,
2005,2245.0,1.0,15.0,5.0,4.0,3.0,3.0,3.0,135.71428571428572,0.0,0.0,0.0,,
2005,2245.0,1.0,14.0,5.0,4.0,3.0,3.0,3.0,135.71428571428572,0.0,0.0,0.0,,
2005,1722.0,1.0,50.0,1.0,4.0,2.0,1.0,0.0,143.66666666666666,3.0,2.0,100.0,2.0,4.0
2005,1722.0,2.0,34.0,1.0,4.0,2.0,3.0,4.0,143.66666666666666,0.0,0.0,0.0,,
2005,1722.0,1.0,15.0,5.0,4.0,3.0,1.0,0.0,143.66666666666666,3.0,2.0,200.0,2.0,3.0
2005,1722.0,1.0,14.0,5.0,4.0,3.0,1.0,0.0,143.66666666666666,3.0,2.0,240.0,2.0,3.0
2005,1722.0,1.0,13.0,5.0,4.0,1.0,1.0,0.0,143.66666666666666,4.0,0.0,0.0,2.0,4.0
2005,1722.0,1.0,9.0,5.0,4.0,1.0,4.0,3.0,143.66666666666666,0.0,0.0,0.0,,
2005,1722.0,1.0,5.0,5.0,4.0,7.0,4.0,5.0,143.66666666666666,0.0,0.0,0.0,,
2005,1722.0,1.0,7.0,5.0,4.0,1.0,4.0,3.0,143.66666666666666,0.0,0.0,0.0,,
2005,1722.0,2.0,49.0,5.0,4.0,1.0,1.0,0.0,143.66666666666666,4.0,0.0,0.0,2.0,4.0
2005,1722.0,1.0,23.0,5.0,4.0,2.0,1.0,0.0,143.66666666666666,3.0,2.0,320.0,1.0,11.0
2005,1722.0,1.0,22.0,5.0,4.0,2.0,1.0,0.0,143.66666666666666,3.0,2.0,160.0,2.0,5.0
2005,1722.0,2.0,18.0,5.0,4.0,3.0,1.0,0.0,143.66666666666666,3.0,2.0,200.0,2.0,3.0
2005,1722.0,2.0,17.0,5.0,4.0,3.0,3.0,7.0,143.66666666666666,0.0,0.0,0.0,,
2005,1722.0,1.0,14.0,5.0,4.0,3.0,1.0,0.0,143.66666666666666,3.0,2.0,200.0,2.0,4.0
2005,1722.0,1.0,1.0,5.0,4.0,7.0,4.0,5.0,143.66666666666666,0.0,0.0,0.0,,
2005,1545.0,1.0,38.0,1.0,4.0,3.0,1.0,0.0,150.0,2.0,0.0,600.0,2.0,1.0
2005,1545.0,2.0,39.0,1.0,4.0,2.0,1.0,0.0,150.0,3.0,2.0,150.0,1.0,4.0
2005,1545.0,1.0,11.0,5.0,4.0,1.0,3.0,3.0,150.0,0.0,0.0,0.0,,
2005,1545.0,1.0,5.0,5.0,4.0,1.0,4.0,5.0,150.0,0.0,0.0,0.0,,
2005,1545.0,1.0,2.0,5.0,4.0,7.0,4.0,5.0,150.0,0.0,0.0,0.0,,
2005,1122.0,1.0,47.0,2.0,1.0,3.0,1.0,0.0,276.0,3.0,1.0,700.0,1.0,12.0
2005,1122.0,2.0,39.0,2.0,1.0,4.0,3.0,4.0,276.0,0.0,0.0,0.0,,
2005,1122.0,1.0,13.0,5.0,1.0,3.0,3.0,3.0,276.0,0.0,0.0,0.0,,
2005,1122.0,1.0,13.0,5.0,1.0,1.0,3.0,3.0,276.0,0.0,0.0,0.0,,
2005,1122.0,2.0,4.0,5.0,1.0,7.0,4.0,5.0,276.0,0.0,0.0,0.0,,
2005,1180.0,2.0,73.0,4.0,1.0,2.0,3.0,1.0,427.0,0.0,0.0,0.0,,
2005,1180.0,1.0,28.0,5.0,4.0,6.0,3.0,7.0,427.0,0.0,0.0,0.0,,
2005,1136.0,1.0,51.0,3.0,4.0,2.0,1.0,0.0,110.0,2.0,0.0,200.0,2.0,1.0
2005,1136.0,1.0,17.0,5.0,4.0,3.0,2.0,0.0,110.0,0.0,0.0,0.0,,
2005,1286.0,2.0,70.0,4.0,1.0,1.0,1.0,0.0,200.0,2.0,0.0,150.0,2.0,1.0
2005,1233.0,1.0,55.0,2.0,1.0,1.0,1.0,0.0,266.6666666666667,3.0,1.0,800.0,1.0,11.0
2005,1233.0,2.0,42.0,2.0,1.0,5.0,3.0,4.0,266.6666666666667,0.0,0.0,0.0,,
2005,1233.0,1.0,3.0,5.0,1.0,7.0,4.0,5.0,266.6666666666667,0.0,0.0,0.0,,
2005,997.0,1.0,34.0,2.0,1.0,4.0,1.0,0.0,411.42857142857144,3.0,1.0,2800.0,2.0,10.0
2005,997.0,2.0,35.0,2.0,1.0,5.0,3.0,4.0,411.42857142857144,0.0,0.0,0.0,,
2005,997.0,1.0,64.0,4.0,4.0,2.0,3.0,7.0,411.42857142857144,0.0,0.0,0.0,,
2005,997.0,1.0,13.0,5.0,1.0,1.0,1.0,0.0,411.42857142857144,3.0,2.0,80.0,2.0,3.0
2005,997.0,2.0,11.0,5.0,1.0,1.0,3.0,3.0,411.42857142857144,0.0,0.0,0.0,,
2005,997.0,1.0,2.0,5.0,1.0,7.0,4.0,5.0,411.42857142857144,0.0,0.0,0.0,,
2005,997.0,2.0,,5.0,1.0,7.0,4.0,5.0,411.42857142857144,0.0,0.0,0.0,,
2005,1279.0,1.0,38.0,2.0,4.0,4.0,1.0,0.0,300.0,2.0,0.0,1500.0,2.0,1.0
2005,1279.0,2.0,36.0,2.0,4.0,3.0,3.0,4.0,300.0,0.0,0.0,0.0,,
2005,1279.0,2.0,14.0,5.0,4.0,3.0,3.0,3.0,300.0,0.0,0.0,0.0,,
2005,1279.0,1.0,10.0,5.0,4.0,1.0,3.0,3.0,300.0,0.0,0.0,0.0,,
2005,1279.0,1.0,,5.0,4.0,7.0,4.0,5.0,300.0,0.0,0.0,0.0,,
2005,1175.0,1.0,77.0,2.0,1.0,2.0,3.0,1.0,350.0,0.0,0.0,0.0,,
2005,1175.0,2.0,73.0,2.0,4.0,1.0,3.0,1.0,350.0,0.0,0.0,0.0,,
2005,1174.0,1.0,67.0,2.0,4.0,1.0,1.0,0.0,133.33333333333334,3.0,2.0,400.0,2.0,2.0
2005,1174.0,2.0,62.0,2.0,4.0,2.0,3.0,4.0,133.33333333333334,0.0,0.0,0.0,,
2005,1174.0,1.0,43.0,5.0,4.0,5.0,2.0,0.0,133.33333333333334,2.0,0.0,0.0,,
2005,1995.0,1.0,32.0,1.0,4.0,3.0,1.0,0.0,226.57142857142858,1.0,0.0,500.0,2.0,4.0
2005,1995.0,2.0,41.0,1.0,4.0,3.0,1.0,0.0,226.57142857142858,3.0,2.0,46.0,2.0,
2005,1995.0,1.0,18.0,5.0,4.0,3.0,1.0,0.0,226.57142857142858,3.0,2.0,0.0,2.0,4.0
2005,1995.0,2.0,17.0,5.0,4.0,3.0,3.0,3.0,226.57142857142858,0.0,0.0,0.0,,
2005,1995.0,1.0,16.0,5.0,4.0,3.0,1.0,0.0,226.57142857142858,3.0,2.0,0.0,2.0,4.0
2005,1995.0,1.0,12.0,5.0,4.0,1.0,1.0,0.0,226.57142857142858,3.0,2.0,120.0,2.0,4.0
2005,1995.0,1.0,9.0,5.0,4.0,1.0,4.0,3.0,226.57142857142858,0.0,0.0,0.0,,
2005,1273.0,2.0,36.0,4.0,4.0,6.0,3.0,4.0,30.0,0.0,0.0,0.0,,
2005,1273.0,1.0,8.0,5.0,4.0,1.0,4.0,3.0,30.0,0.0,0.0,0.0,,
2005,1273.0,1.0,7.0,5.0,4.0,1.0,4.0,3.0,30.0,0.0,0.0,0.0,,
2005,1273.0,2.0,5.0,5.0,4.0,7.0,4.0,5.0,30.0,0.0,0.0,0.0,,
2005,1273.0,1.0,4.0,5.0,4.0,7.0,4.0,5.0,30.0,0.0,0.0,0.0,,
2005,1167.0,1.0,64.0,2.0,4.0,2.0,1.0,0.0,350.0,3.0,2.0,300.0,2.0,2.0
2005,1167.0,2.0,60.0,2.0,4.0,4.0,3.0,4.0,350.0,0.0,0.0,0.0,,
2005,1167.0,2.0,29.0,5.0,4.0,5.0,1.0,0.0,350.0,3.0,2.0,150.0,2.0,4.0
2005,1167.0,1.0,25.0,5.0,4.0,4.0,1.0,0.0,350.0,3.0,1.0,650.0,2.0,4.0
2005,1063.0,2.0,65.0,3.0,1.0,4.0,1.0,0.0,700.0,3.0,1.0,700.0,2.0,12.0
2005,1063.0,1.0,64.0,3.0,4.0,1.0,1.0,0.0,200.0,2.0,0.0,200.0,2.0,1.0
2005,1371.0,1.0,48.0,1.0,4.0,2.0,1.0,0.0,137.77777777777777,3.0,2.0,600.0,2.0,6.0
2005,1371.0,2.0,45.0,1.0,4.0,2.0,1.0,0.0,137.77777777777777,2.0,0.0,160.0,2.0,1.0
2005,1371.0,1.0,20.0,5.0,4.0,3.0,1.0,0.0,137.77777777777777,3.0,2.0,480.0,2.0,6.0
2005,1371.0,1.0,15.0,5.0,4.0,3.0,1.0,0.0,137.77777777777777,4.0,0.0,0.0,2.0,2.0
2005,1371.0,1.0,13.0,5.0,4.0,1.0,3.0,3.0,137.77777777777777,0.0,0.0,0.0,,
2005,1371.0,2.0,11.0,5.0,4.0,1.0,3.0,3.0,137.77777777777777,0.0,0.0,0.0,,
2005,1371.0,2.0,9.0,5.0,4.0,1.0,4.0,3.0,137.77777777777777,0.0,0.0,0.0,,
2005,1371.0,1.0,5.0,5.0,4.0,1.0,4.0,5.0,137.77777777777777,0.0,0.0,0.0,,
2005,1371.0,1.0,7.0,5.0,4.0,1.0,4.0,3.0,137.77777777777777,0.0,0.0,0.0,,
2005,1212.0,1.0,38.0,2.0,12.0,4.0,1.0,0.0,766.6666666666666,2.0,0.0,700.0,2.0,1.0
2005,1212.0,2.0,42.0,2.0,12.0,6.0,1.0,0.0,766.6666666666666,3.0,1.0,1600.0,2.0,7.0
2005,1212.0,1.0,6.0,5.0,12.0,1.0,4.0,3.0,766.6666666666666,0.0,0.0,0.0,,
2005,1133.0,2.0,49.0,3.0,4.0,2.0,1.0,0.0,283.3333333333333,3.0,2.0,350.0,2.0,
2005,1133.0,1.0,24.0,5.0,1.0,5.0,1.0,0.0,283.3333333333333,3.0,1.0,400.0,2.0,7.0
2005,1133.0,1.0,11.0,5.0,1.0,1.0,3.0,3.0,283.3333333333333,0.0,0.0,0.0,,
2005,1005.0,1.0,69.0,2.0,1.0,1.0,2.0,0.0,272.5,2.0,0.0,0.0,,
2005,1005.0,2.0,69.0,2.0,1.0,1.0,3.0,4.0,272.5,0.0,0.0,0.0,,
2005,1005.0,2.0,31.0,3.0,4.0,2.0,1.0,0.0,272.5,3.0,2.0,480.0,2.0,
2005,1005.0,2.0,4.0,5.0,4.0,7.0,4.0,5.0,272.5,0.0,0.0,0.0,,
2005,1522.0,1.0,37.0,1.0,4.0,2.0,1.0,0.0,180.0,3.0,2.0,720.0,2.0,5.0
2005,1522.0,2.0,38.0,1.0,4.0,4.0,2.0,0.0,180.0,3.0,0.0,0.0,,
2005,1522.0,2.0,15.0,5.0,4.0,3.0,3.0,3.0,180.0,0.0,0.0,0.0,,
2005,1522.0,1.0,3.0,5.0,4.0,7.0,4.0,5.0,180.0,0.0,0.0,0.0,,
2005,1310.0,1.0,42.0,1.0,4.0,2.0,3.0,6.0,437.5,0.0,0.0,0.0,,
2005,1310.0,2.0,46.0,1.0,1.0,2.0,1.0,0.0,437.5,3.0,2.0,200.0,2.0,
2005,1108.0,1.0,42.0,1.0,4.0,2.0,1.0,0.0,137.14285714285714,1.0,0.0,800.0,2.0,2.0
2005,1108.0,2.0,29.0,1.0,4.0,2.0,3.0,4.0,137.14285714285714,0.0,0.0,0.0,,
2005,1108.0,1.0,14.0,5.0,4.0,3.0,1.0,0.0,137.14285714285714,3.0,2.0,160.0,2.0,2.0
2005,1108.0,1.0,13.0,5.0,4.0,3.0,3.0,3.0,137.14285714285714,0.0,0.0,0.0,,
2005,1108.0,1.0,11.0,5.0,4.0,1.0,3.0,3.0,137.14285714285714,0.0,0.0,0.0,,
2005,1108.0,2.0,9.0,5.0,4.0,1.0,4.0,3.0,137.14285714285714,0.0,0.0,0.0,,
2005,1108.0,1.0,5.0,5.0,4.0,7.0,4.0,5.0,137.14285714285714,0.0,0.0,0.0,,
2005,1079.0,1.0,72.0,2.0,12.0,5.0,3.0,1.0,228.0,0.0,0.0,0.0,,
2005,1079.0,2.0,68.0,2.0,12.0,5.0,3.0,4.0,228.0,0.0,0.0,0.0,,
2005,1079.0,2.0,17.0,1.0,2.0,3.0,3.0,3.0,228.0,0.0,0.0,0.0,,
2005,1079.0,1.0,28.0,1.0,4.0,3.0,1.0,0.0,228.0,3.0,2.0,800.0,2.0,2.0
2005,1079.0,2.0,3.0,5.0,2.0,7.0,4.0,5.0,228.0,0.0,0.0,0.0,,
2005,1569.0,1.0,16.0,5.0,4.0,3.0,3.0,3.0,565.0,0.0,0.0,0.0,,
2005,1569.0,1.0,12.0,5.0,4.0,1.0,3.0,3.0,565.0,0.0,0.0,0.0,,
2005,1569.0,2.0,17.0,5.0,4.0,3.0,3.0,3.0,565.0,0.0,0.0,0.0,,
2005,1569.0,1.0,41.0,2.0,4.0,4.0,1.0,0.0,565.0,2.0,0.0,3000.0,2.0,3.0
2005,1569.0,2.0,34.0,2.0,4.0,4.0,1.0,0.0,565.0,3.0,2.0,150.0,2.0,4.0
2005,1569.0,1.0,18.0,5.0,4.0,3.0,2.0,0.0,565.0,3.0,0.0,0.0,,
2005,1025.0,1.0,60.0,2.0,4.0,3.0,2.0,0.0,147.5,3.0,0.0,0.0,,
2005,1025.0,2.0,59.0,2.0,4.0,1.0,3.0,4.0,147.5,0.0,0.0,0.0,,
2005,1025.0,2.0,80.0,4.0,1.0,1.0,3.0,1.0,147.5,0.0,0.0,0.0,,
2005,1025.0,2.0,32.0,3.0,4.0,5.0,2.0,0.0,147.5,3.0,0.0,0.0,,
2005,1407.0,2.0,56.0,5.0,4.0,1.0,1.0,0.0,100.0,2.0,0.0,150.0,2.0,1.0
2005,1407.0,1.0,12.0,5.0,4.0,1.0,3.0,3.0,100.0,0.0,0.0,0.0,,
2005,1407.0,2.0,15.0,5.0,4.0,3.0,3.0,3.0,100.0,0.0,0.0,0.0,,
2005,1292.0,2.0,48.0,3.0,1.0,4.0,1.0,0.0,1800.0,3.0,1.0,2300.0,2.0,10.0
2005,1292.0,2.0,21.0,5.0,1.0,5.0,3.0,3.0,1800.0,0.0,0.0,0.0,,
2005,1071.0,1.0,63.0,2.0,1.0,2.0,2.0,0.0,370.0,2.0,0.0,0.0,,
2005,1071.0,2.0,61.0,2.0,1.0,4.0,1.0,0.0,370.0,3.0,1.0,510.0,2.0,9.0
2005,1048.0,2.0,65.0,4.0,1.0,1.0,3.0,1.0,900.0,0.0,0.0,0.0,,
2005,1372.0,1.0,56.0,4.0,4.0,2.0,1.0,0.0,150.0,3.0,2.0,150.0,1.0,6.0
2005,1311.0,2.0,44.0,3.0,1.0,6.0,1.0,0.0,800.0,3.0,1.0,700.0,1.0,7.0
2005,1311.0,1.0,13.0,5.0,1.0,1.0,3.0,3.0,800.0,0.0,0.0,0.0,,
2005,1197.0,1.0,62.0,2.0,1.0,2.0,1.0,0.0,400.0,3.0,2.0,800.0,2.0,5.0
2005,1197.0,2.0,64.0,2.0,4.0,2.0,3.0,4.0,400.0,0.0,0.0,0.0,,
2005,1015.0,2.0,40.0,3.0,1.0,3.0,1.0,0.0,510.0,3.0,1.0,820.0,2.0,3.0
2005,1015.0,2.0,13.0,5.0,1.0,3.0,3.0,3.0,510.0,0.0,0.0,0.0,,
2005,1015.0,2.0,9.0,5.0,1.0,1.0,4.0,3.0,510.0,0.0,0.0,0.0,,
2005,1062.0,2.0,33.0,1.0,4.0,2.0,1.0,0.0,50.0,2.0,0.0,100.0,2.0,4.0
2005,1062.0,1.0,15.0,5.0,4.0,3.0,1.0,0.0,50.0,4.0,0.0,0.0,2.0,4.0
2005,1062.0,1.0,12.0,5.0,4.0,1.0,3.0,3.0,50.0,0.0,0.0,0.0,,
2005,1062.0,2.0,7.0,5.0,4.0,1.0,4.0,3.0,50.0,0.0,0.0,0.0,,
2005,1062.0,2.0,11.0,5.0,4.0,1.0,3.0,3.0,50.0,0.0,0.0,0.0,,
2005,1062.0,1.0,2.0,5.0,4.0,7.0,4.0,5.0,50.0,0.0,0.0,0.0,,
2005,1062.0,2.0,14.0,5.0,4.0,3.0,1.0,0.0,50.0,4.0,0.0,0.0,2.0,4.0
2005,1062.0,2.0,8.0,5.0,4.0,1.0,4.0,3.0,50.0,0.0,0.0,0.0,,
2005,1062.0,1.0,18.0,5.0,4.0,3.0,1.0,0.0,50.0,3.0,2.0,200.0,2.0,2.0
2005,1267.0,1.0,54.0,2.0,1.0,4.0,1.0,0.0,325.0,3.0,1.0,1300.0,2.0,6.0
2005,1267.0,2.0,48.0,2.0,1.0,5.0,3.0,4.0,325.0,0.0,0.0,0.0,,
2005,1267.0,2.0,18.0,5.0,1.0,5.0,3.0,3.0,325.0,0.0,0.0,0.0,,
2005,1267.0,2.0,12.0,5.0,1.0,1.0,3.0,3.0,325.0,0.0,0.0,0.0,,
2005,1441.0,1.0,54.0,2.0,1.0,1.0,1.0,0.0,875.0,3.0,2.0,1600.0,2.0,5.0
2005,1441.0,2.0,48.0,2.0,1.0,7.0,1.0,0.0,875.0,3.0,2.0,150.0,2.0,
2005,1059.0,1.0,33.0,2.0,1.0,3.0,1.0,0.0,462.85714285714283,1.0,0.0,2000.0,2.0,3.0
2005,1059.0,2.0,34.0,2.0,1.0,5.0,1.0,0.0,462.85714285714283,3.0,2.0,600.0,2.0,3.0
2005,1059.0,1.0,11.0,5.0,1.0,1.0,3.0,3.0,462.85714285714283,0.0,0.0,0.0,,
2005,1059.0,1.0,11.0,5.0,1.0,1.0,3.0,3.0,462.85714285714283,0.0,0.0,0.0,,
2005,1059.0,2.0,8.0,5.0,1.0,1.0,4.0,3.0,462.85714285714283,0.0,0.0,0.0,,
2005,1059.0,2.0,3.0,5.0,1.0,7.0,4.0,5.0,462.85714285714283,0.0,0.0,0.0,,
2005,1059.0,1.0,1.0,5.0,1.0,7.0,4.0,5.0,462.85714285714283,0.0,0.0,0.0,,
2005,1100.0,1.0,65.0,2.0,4.0,1.0,1.0,0.0,33.333333333333336,2.0,0.0,100.0,2.0,1.0
2005,1100.0,2.0,67.0,2.0,4.0,2.0,3.0,4.0,33.333333333333336,0.0,0.0,0.0,,
2005,1100.0,1.0,34.0,5.0,4.0,1.0,3.0,6.0,33.333333333333336,0.0,0.0,0.0,,
2005,1472.0,1.0,43.0,5.0,1.0,3.0,1.0,0.0,2000.0,3.0,2.0,2000.0,2.0,
2005,1447.0,2.0,43.0,3.0,4.0,2.0,1.0,0.0,462.5,3.0,2.0,400.0,2.0,
2005,1447.0,2.0,19.0,5.0,4.0,4.0,1.0,0.0,462.5,3.0,2.0,400.0,2.0,7.0
2005,1026.0,1.0,76.0,2.0,1.0,2.0,3.0,1.0,560.0,0.0,0.0,0.0,,
2005,1026.0,2.0,73.0,2.0,1.0,2.0,3.0,1.0,560.0,0.0,0.0,0.0,,
2005,1384.0,1.0,26.0,1.0,4.0,2.0,1.0,0.0,225.0,3.0,2.0,600.0,2.0,6.0
2005,1384.0,2.0,26.0,1.0,4.0,3.0,1.0,0.0,225.0,3.0,2.0,150.0,2.0,6.0
2005,1384.0,1.0,8.0,5.0,4.0,1.0,4.0,3.0,225.0,0.0,0.0,0.0,,
2005,1384.0,2.0,1.0,5.0,4.0,7.0,4.0,5.0,225.0,0.0,0.0,0.0,,
2005,1162.0,2.0,50.0,3.0,4.0,4.0,1.0,0.0,175.0,2.0,0.0,200.0,2.0,1.0
2005,1162.0,2.0,17.0,5.0,4.0,3.0,3.0,3.0,175.0,0.0,0.0,0.0,,
2005,1229.0,1.0,26.0,2.0,1.0,4.0,1.0,0.0,240.0,3.0,1.0,720.0,2.0,5.0
2005,1229.0,2.0,26.0,2.0,1.0,5.0,3.0,3.0,240.0,0.0,0.0,0.0,,
2005,1229.0,1.0,8.0,5.0,1.0,1.0,4.0,3.0,240.0,0.0,0.0,0.0,,
2005,1155.0,1.0,50.0,2.0,4.0,1.0,1.0,0.0,106.25,3.0,2.0,700.0,2.0,5.0
2005,1155.0,2.0,42.0,2.0,4.0,1.0,3.0,4.0,106.25,0.0,0.0,0.0,,
2005,1155.0,1.0,23.0,5.0,4.0,3.0,3.0,7.0,106.25,0.0,0.0,0.0,,
2005,1155.0,2.0,15.0,5.0,4.0,3.0,3.0,3.0,106.25,0.0,0.0,0.0,,
2005,1155.0,2.0,12.0,5.0,4.0,3.0,3.0,3.0,106.25,0.0,0.0,0.0,,
2005,1155.0,2.0,10.0,5.0,4.0,1.0,3.0,3.0,106.25,0.0,0.0,0.0,,
2005,1155.0,1.0,7.0,5.0,4.0,1.0,4.0,3.0,106.25,0.0,0.0,0.0,,
2005,1155.0,2.0,4.0,5.0,4.0,7.0,4.0,5.0,106.25,0.0,0.0,0.0,,
2005,1306.0,1.0,25.0,1.0,4.0,2.0,1.0,0.0,170.0,3.0,2.0,720.0,2.0,6.0
2005,1306.0,2.0,19.0,1.0,4.0,2.0,3.0,4.0,170.0,0.0,0.0,0.0,,
2005,1306.0,1.0,1.0,5.0,4.0,7.0,4.0,5.0,170.0,0.0,0.0,0.0,,
2005,1306.0,2.0,22.0,5.0,4.0,1.0,1.0,0.0,170.0,3.0,2.0,300.0,2.0,6.0
2005,1306.0,2.0,6.0,5.0,4.0,1.0,4.0,7.0,170.0,0.0,0.0,0.0,,
2005,1306.0,1.0,,5.0,4.0,7.0,4.0,5.0,170.0,0.0,0.0,0.0,,
2005,1241.0,1.0,25.0,1.0,1.0,5.0,1.0,0.0,265.0,3.0,1.0,890.0,2.0,
2005,1241.0,2.0,24.0,1.0,1.0,4.0,3.0,4.0,265.0,0.0,0.0,0.0,,
2005,1241.0,2.0,3.0,5.0,1.0,7.0,4.0,5.0,265.0,0.0,0.0,0.0,,
2005,1241.0,2.0,,5.0,1.0,7.0,4.0,5.0,265.0,0.0,0.0,0.0,,
2005,1088.0,2.0,65.0,4.0,1.0,1.0,3.0,1.0,150.0,0.0,0.0,0.0,,
2005,1088.0,2.0,12.0,5.0,4.0,1.0,3.0,3.0,150.0,0.0,0.0,0.0,,
2005,1724.0,1.0,50.0,3.0,4.0,2.0,1.0,0.0,1433.3333333333333,1.0,0.0,1000.0,2.0,5.0
2005,1724.0,1.0,20.0,5.0,4.0,4.0,2.0,0.0,1433.3333333333333,3.0,0.0,0.0,,
2005,1724.0,1.0,25.0,5.0,1.0,4.0,1.0,0.0,1433.3333333333333,3.0,1.0,1500.0,2.0,11.0
2005,1249.0,1.0,62.0,2.0,4.0,2.0,3.0,6.0,75.83333333333333,0.0,0.0,0.0,,
2005,1249.0,2.0,50.0,2.0,4.0,2.0,1.0,0.0,75.83333333333333,3.0,2.0,150.0,1.0,
2005,1249.0,2.0,19.0,5.0,4.0,3.0,1.0,0.0,75.83333333333333,3.0,2.0,25.0,2.0,
2005,1249.0,2.0,16.0,5.0,4.0,3.0,3.0,3.0,75.83333333333333,0.0,0.0,0.0,,
2005,1249.0,2.0,15.0,5.0,4.0,3.0,3.0,3.0,75.83333333333333,0.0,0.0,0.0,,
2005,1249.0,2.0,13.0,5.0,4.0,3.0,3.0,3.0,75.83333333333333,0.0,0.0,0.0,,
2005,1034.0,2.0,56.0,1.0,2.0,5.0,1.0,0.0,313.3333333333333,2.0,0.0,300.0,2.0,1.0
2005,1034.0,2.0,21.0,5.0,2.0,5.0,3.0,3.0,313.3333333333333,0.0,0.0,0.0,,
2005,1034.0,1.0,65.0,1.0,2.0,5.0,1.0,0.0,313.3333333333333,3.0,2.0,200.0,2.0,8.0
2005,1798.0,1.0,45.0,2.0,1.0,3.0,1.0,0.0,62.5,3.0,1.0,500.0,2.0,6.0
2005,1798.0,2.0,39.0,2.0,1.0,1.0,3.0,4.0,62.5,0.0,0.0,0.0,,
2005,1798.0,1.0,21.0,5.0,4.0,3.0,2.0,0.0,62.5,3.0,0.0,0.0,,
2005,1798.0,2.0,20.0,5.0,4.0,3.0,3.0,4.0,62.5,0.0,0.0,0.0,,
2005,1798.0,1.0,19.0,5.0,4.0,3.0,2.0,0.0,62.5,0.0,0.0,0.0,,
2005,1798.0,1.0,18.0,5.0,1.0,3.0,3.0,3.0,62.5,0.0,0.0,0.0,,
2005,1798.0,2.0,15.0,5.0,1.0,3.0,3.0,3.0,62.5,0.0,0.0,0.0,,
2005,1798.0,2.0,13.0,5.0,1.0,1.0,3.0,3.0,62.5,0.0,0.0,0.0,,
2005,1420.0,2.0,41.0,2.0,4.0,1.0,1.0,0.0,266.6666666666667,3.0,2.0,500.0,2.0,
2005,1420.0,1.0,14.0,5.0,4.0,1.0,3.0,3.0,266.6666666666667,0.0,0.0,0.0,,
2005,1420.0,1.0,42.0,2.0,4.0,2.0,1.0,0.0,266.6666666666667,3.0,2.0,300.0,2.0,
2005,1094.0,1.0,41.0,2.0,4.0,3.0,1.0,0.0,83.33333333333333,2.0,0.0,150.0,2.0,1.0
2005,1094.0,2.0,35.0,2.0,4.0,3.0,3.0,7.0,83.33333333333333,0.0,0.0,0.0,,
2005,1094.0,1.0,14.0,5.0,4.0,3.0,3.0,3.0,83.33333333333333,0.0,0.0,0.0,,
2005,1094.0,2.0,12.0,5.0,4.0,1.0,3.0,3.0,83.33333333333333,0.0,0.0,0.0,,
2005,1094.0,2.0,10.0,5.0,4.0,1.0,3.0,3.0,83.33333333333333,0.0,0.0,0.0,,
2005,1094.0,2.0,9.0,5.0,4.0,1.0,4.0,3.0,83.33333333333333,0.0,0.0,0.0,,
2005,1133.0,2.0,39.0,3.0,4.0,4.0,1.0,0.0,53.333333333333336,3.0,2.0,120.0,2.0,
2005,1133.0,2.0,16.0,5.0,4.0,3.0,3.0,3.0,53.333333333333336,0.0,0.0,0.0,,
2005,1133.0,2.0,11.0,5.0,4.0,1.0,3.0,3.0,53.333333333333336,0.0,0.0,0.0,,
2005,1384.0,2.0,67.0,3.0,1.0,1.0,1.0,0.0,630.0,2.0,0.0,300.0,2.0,1.0
2005,2219.0,1.0,59.0,2.0,4.0,2.0,2.0,0.0,52.5,2.0,0.0,0.0,,
2005,2219.0,2.0,57.0,2.0,4.0,2.0,3.0,4.0,52.5,0.0,0.0,0.0,,
2005,2219.0,1.0,14.0,5.0,4.0,1.0,3.0,3.0,52.5,0.0,0.0,0.0,,
2005,2219.0,1.0,19.0,5.0,4.0,2.0,1.0,0.0,52.5,3.0,2.0,150.0,1.0,6.0
2005,1262.0,1.0,46.0,2.0,1.0,3.0,1.0,0.0,387.5,3.0,1.0,900.0,2.0,
2005,1262.0,2.0,49.0,2.0,1.0,4.0,3.0,4.0,387.5,0.0,0.0,0.0,,
2005,1262.0,1.0,21.0,5.0,1.0,5.0,1.0,0.0,387.5,3.0,1.0,650.0,2.0,
2005,1262.0,1.0,14.0,5.0,1.0,3.0,3.0,3.0,387.5,0.0,0.0,0.0,,
2005,1326.0,1.0,27.0,1.0,4.0,2.0,1.0,0.0,109.16666666666667,3.0,2.0,150.0,1.0,7.0
2005,1326.0,2.0,28.0,1.0,4.0,2.0,1.0,0.0,109.16666666666667,3.0,2.0,150.0,2.0,4.0
2005,1326.0,2.0,4.0,5.0,4.0,7.0,4.0,5.0,109.16666666666667,0.0,0.0,0.0,,
2005,1326.0,2.0,1.0,5.0,4.0,7.0,4.0,5.0,109.16666666666667,0.0,0.0,0.0,,
2005,1326.0,1.0,11.0,5.0,4.0,1.0,1.0,0.0,109.16666666666667,3.0,2.0,40.0,2.0,2.0
2005,1326.0,1.0,15.0,5.0,4.0,1.0,1.0,0.0,109.16666666666667,3.0,2.0,40.0,2.0,2.0
2005,1127.0,1.0,30.0,1.0,1.0,2.0,1.0,0.0,526.6666666666666,1.0,0.0,1200.0,2.0,
2005,1127.0,2.0,30.0,1.0,1.0,4.0,1.0,0.0,526.6666666666666,3.0,1.0,1000.0,2.0,9.0
2005,1127.0,1.0,59.0,2.0,1.0,2.0,1.0,0.0,526.6666666666666,3.0,1.0,960.0,2.0,
2005,1127.0,2.0,59.0,2.0,1.0,2.0,3.0,4.0,526.6666666666666,0.0,0.0,0.0,,
2005,1127.0,1.0,2.0,5.0,1.0,7.0,4.0,5.0,526.6666666666666,0.0,0.0,0.0,,
2005,1127.0,1.0,1.0,5.0,1.0,7.0,4.0,5.0,526.6666666666666,0.0,0.0,0.0,,
2005,921.0,2.0,72.0,4.0,1.0,2.0,3.0,1.0,512.5,0.0,0.0,0.0,,
2005,921.0,2.0,54.0,4.0,1.0,4.0,1.0,0.0,512.5,3.0,1.0,275.0,1.0,9.0
2005,1224.0,2.0,62.0,4.0,1.0,4.0,3.0,1.0,1175.0,0.0,0.0,0.0,,
2005,1224.0,1.0,33.0,3.0,2.0,6.0,1.0,0.0,1175.0,2.0,0.0,2000.0,2.0,4.0
2005,1648.0,1.0,49.0,2.0,4.0,2.0,1.0,0.0,306.0,3.0,2.0,250.0,2.0,
2005,1648.0,2.0,41.0,2.0,1.0,1.0,1.0,0.0,306.0,3.0,2.0,380.0,2.0,
2005,1648.0,1.0,21.0,5.0,1.0,3.0,1.0,0.0,306.0,3.0,1.0,600.0,2.0,6.0
2005,1648.0,1.0,8.0,5.0,4.0,1.0,4.0,3.0,306.0,0.0,0.0,0.0,,
2005,1648.0,2.0,4.0,5.0,4.0,7.0,4.0,5.0,306.0,0.0,0.0,0.0,,
2005,1287.0,1.0,42.0,2.0,1.0,1.0,1.0,0.0,200.0,3.0,1.0,800.0,2.0,7.0
2005,1287.0,2.0,37.0,2.0,1.0,2.0,3.0,4.0,200.0,0.0,0.0,0.0,,
2005,1287.0,2.0,12.0,5.0,1.0,1.0,3.0,3.0,200.0,0.0,0.0,0.0,,
2005,1287.0,2.0,7.0,5.0,1.0,1.0,4.0,3.0,200.0,0.0,0.0,0.0,,
2005,1272.0,2.0,46.0,3.0,4.0,3.0,1.0,0.0,250.0,3.0,2.0,500.0,2.0,6.0
2005,1272.0,2.0,18.0,5.0,1.0,3.0,2.0,0.0,250.0,3.0,0.0,0.0,,
2005,1513.0,1.0,57.0,2.0,1.0,3.0,1.0,0.0,300.0,3.0,1.0,700.0,2.0,8.0
2005,1513.0,2.0,48.0,2.0,1.0,3.0,3.0,4.0,300.0,0.0,0.0,0.0,,
2005,1513.0,1.0,29.0,5.0,4.0,3.0,1.0,0.0,300.0,2.0,0.0,500.0,2.0,1.0
2005,1513.0,2.0,19.0,5.0,1.0,3.0,2.0,0.0,300.0,3.0,0.0,0.0,,
2005,1391.0,1.0,60.0,2.0,4.0,1.0,1.0,0.0,612.5,2.0,0.0,1000.0,2.0,1.0
2005,1391.0,2.0,55.0,2.0,4.0,3.0,1.0,0.0,612.5,3.0,2.0,400.0,2.0,1.0
2005,1391.0,1.0,31.0,5.0,4.0,5.0,1.0,0.0,612.5,3.0,2.0,700.0,2.0,
2005,1391.0,2.0,32.0,5.0,4.0,6.0,1.0,0.0,612.5,3.0,2.0,0.0,1.0,12.0
2005,1863.0,1.0,45.0,1.0,1.0,6.0,1.0,0.0,1625.0,3.0,1.0,1700.0,1.0,9.0
2005,1863.0,2.0,46.0,1.0,1.0,5.0,1.0,0.0,1625.0,3.0,2.0,2200.0,1.0,10.0
2005,1863.0,1.0,19.0,5.0,1.0,5.0,1.0,0.0,1625.0,3.0,2.0,600.0,1.0,10.0
2005,1863.0,1.0,5.0,5.0,1.0,7.0,4.0,5.0,1625.0,0.0,0.0,0.0,,
2005,1367.0,1.0,76.0,4.0,4.0,2.0,1.0,0.0,400.0,2.0,0.0,500.0,2.0,1.0
2005,1367.0,1.0,19.0,5.0,4.0,3.0,1.0,0.0,400.0,3.0,2.0,300.0,2.0,5.0
2005,1226.0,2.0,73.0,4.0,1.0,7.0,3.0,1.0,300.0,0.0,0.0,0.0,,
2005,1380.0,1.0,40.0,1.0,4.0,3.0,1.0,0.0,75.0,2.0,0.0,300.0,2.0,1.0
2005,1380.0,2.0,28.0,1.0,4.0,2.0,2.0,0.0,75.0,3.0,0.0,0.0,,
2005,1380.0,1.0,2.0,5.0,4.0,7.0,4.0,5.0,75.0,0.0,0.0,0.0,,
2005,1380.0,2.0,4.0,5.0,4.0,7.0,4.0,5.0,75.0,0.0,0.0,0.0,,
2005,1204.0,1.0,28.0,2.0,4.0,5.0,1.0,0.0,300.0,3.0,2.0,700.0,2.0,7.0
2005,1204.0,2.0,27.0,2.0,4.0,3.0,1.0,0.0,300.0,3.0,2.0,200.0,2.0,2.0
2005,1204.0,1.0,3.0,5.0,4.0,7.0,4.0,5.0,300.0,0.0,0.0,0.0,,
2005,1146.0,1.0,50.0,2.0,1.0,3.0,1.0,0.0,825.0,3.0,1.0,1800.0,2.0,11.0
2005,1146.0,2.0,52.0,2.0,1.0,4.0,3.0,4.0,825.0,0.0,0.0,0.0,,
2005,1146.0,2.0,25.0,5.0,1.0,5.0,1.0,0.0,825.0,3.0,1.0,700.0,2.0,6.0
2005,1146.0,2.0,22.0,5.0,1.0,5.0,1.0,0.0,825.0,3.0,1.0,800.0,2.0,
2005,1182.0,1.0,76.0,1.0,1.0,1.0,3.0,1.0,500.0,0.0,0.0,0.0,,
2005,1182.0,2.0,69.0,1.0,1.0,2.0,3.0,1.0,500.0,0.0,0.0,0.0,,
2005,1213.0,1.0,63.0,2.0,1.0,1.0,1.0,0.0,385.7142857142857,3.0,1.0,650.0,1.0,9.0
2005,1213.0,2.0,64.0,2.0,1.0,2.0,3.0,4.0,385.7142857142857,0.0,0.0,0.0,,
2005,1213.0,2.0,32.0,3.0,1.0,4.0,1.0,0.0,385.7142857142857,3.0,1.0,800.0,2.0,9.0
2005,1213.0,2.0,29.0,2.0,1.0,4.0,1.0,0.0,385.7142857142857,3.0,1.0,650.0,1.0,9.0
2005,1213.0,1.0,27.0,2.0,1.0,2.0,1.0,0.0,385.7142857142857,3.0,2.0,600.0,2.0,3.0
2005,1213.0,2.0,7.0,5.0,1.0,1.0,4.0,3.0,385.7142857142857,0.0,0.0,0.0,,
2005,1213.0,1.0,5.0,5.0,1.0,7.0,4.0,5.0,385.7142857142857,0.0,0.0,0.0,,
2005,1264.0,1.0,54.0,2.0,1.0,3.0,1.0,0.0,383.3333333333333,3.0,1.0,900.0,2.0,
2005,1264.0,2.0,52.0,2.0,1.0,2.0,1.0,0.0,383.3333333333333,3.0,2.0,250.0,2.0,
2005,1264.0,2.0,23.0,5.0,4.0,5.0,3.0,3.0,383.3333333333333,0.0,0.0,0.0,,
2005,1562.0,1.0,46.0,2.0,4.0,2.0,1.0,0.0,70.0,2.0,0.0,350.0,2.0,1.0
2005,1562.0,2.0,43.0,2.0,4.0,2.0,3.0,4.0,70.0,0.0,0.0,0.0,,
2005,1562.0,1.0,21.0,5.0,4.0,4.0,2.0,0.0,70.0,0.0,0.0,0.0,,
2005,1562.0,1.0,19.0,5.0,4.0,4.0,1.0,0.0,70.0,3.0,2.0,0.0,2.0,2.0
2005,1562.0,1.0,11.0,5.0,4.0,1.0,3.0,3.0,70.0,0.0,0.0,0.0,,
2005,1134.0,1.0,39.0,2.0,4.0,2.0,1.0,0.0,66.66666666666667,2.0,0.0,300.0,2.0,1.0
2005,1134.0,2.0,31.0,2.0,4.0,2.0,1.0,0.0,66.66666666666667,2.0,0.0,100.0,2.0,1.0
2005,1134.0,2.0,13.0,5.0,4.0,3.0,3.0,3.0,66.66666666666667,0.0,0.0,0.0,,
2005,1134.0,1.0,11.0,5.0,4.0,1.0,3.0,3.0,66.66666666666667,0.0,0.0,0.0,,
2005,1134.0,2.0,10.0,5.0,4.0,1.0,3.0,3.0,66.66666666666667,0.0,0.0,0.0,,
2005,1134.0,2.0,8.0,5.0,4.0,1.0,4.0,3.0,66.66666666666667,0.0,0.0,0.0,,
2005,1372.0,2.0,80.0,4.0,1.0,2.0,3.0,1.0,350.0,0.0,0.0,0.0,,
2005,1528.0,2.0,81.0,4.0,1.0,1.0,3.0,1.0,912.5,0.0,0.0,0.0,,
2005,1528.0,2.0,38.0,5.0,4.0,4.0,1.0,0.0,912.5,3.0,1.0,1500.0,2.0,
2005,1061.0,2.0,54.0,3.0,4.0,1.0,1.0,0.0,303.3333333333333,3.0,2.0,150.0,1.0,4.0
2005,1061.0,2.0,21.0,5.0,4.0,3.0,1.0,0.0,303.3333333333333,3.0,2.0,760.0,2.0,6.0
2005,1061.0,2.0,14.0,5.0,4.0,3.0,3.0,3.0,303.3333333333333,0.0,0.0,0.0,,
2005,1635.0,1.0,47.0,2.0,4.0,2.0,1.0,0.0,237.5,2.0,0.0,400.0,2.0,1.0
2005,1635.0,2.0,44.0,2.0,4.0,2.0,1.0,0.0,237.5,3.0,2.0,150.0,1.0,5.0
2005,1635.0,2.0,22.0,5.0,4.0,4.0,1.0,0.0,237.5,2.0,0.0,200.0,2.0,2.0
2005,1635.0,1.0,11.0,5.0,4.0,1.0,3.0,3.0,237.5,0.0,0.0,0.0,,
2005,1288.0,1.0,41.0,2.0,2.0,4.0,1.0,0.0,197.5,3.0,2.0,490.0,2.0,2.0
2005,1288.0,2.0,41.0,2.0,2.0,4.0,3.0,4.0,197.5,0.0,0.0,0.0,,
2005,1288.0,2.0,17.0,5.0,2.0,3.0,3.0,3.0,197.5,0.0,0.0,0.0,,
2005,1288.0,2.0,14.0,5.0,2.0,3.0,3.0,3.0,197.5,0.0,0.0,0.0,,
2005,1276.0,2.0,42.0,3.0,1.0,2.0,1.0,0.0,150.0,3.0,2.0,0.0,1.0,1.0
2005,1276.0,1.0,18.0,5.0,1.0,3.0,1.0,0.0,150.0,3.0,1.0,700.0,2.0,10.0
2005,1276.0,1.0,17.0,5.0,1.0,3.0,3.0,7.0,150.0,0.0,0.0,0.0,,
2005,1276.0,2.0,15.0,5.0,1.0,3.0,3.0,3.0,150.0,0.0,0.0,0.0,,
2005,1276.0,2.0,14.0,5.0,1.0,1.0,3.0,3.0,150.0,0.0,0.0,0.0,,
2005,1276.0,1.0,11.0,5.0,1.0,1.0,3.0,3.0,150.0,0.0,0.0,0.0,,
2005,1276.0,2.0,4.0,5.0,1.0,7.0,4.0,5.0,150.0,0.0,0.0,0.0,,
2005,1267.0,1.0,45.0,3.0,2.0,3.0,1.0,0.0,625.0,2.0,0.0,1100.0,2.0,1.0
2005,1267.0,2.0,21.0,5.0,1.0,5.0,1.0,0.0,625.0,3.0,1.0,150.0,2.0,3.0
2005,1634.0,1.0,55.0,2.0,4.0,2.0,1.0,0.0,75.0,2.0,0.0,300.0,2.0,1.0
2005,1634.0,2.0,50.0,2.0,4.0,2.0,2.0,0.0,75.0,3.0,0.0,0.0,,
2005,1634.0,1.0,15.0,5.0,4.0,3.0,3.0,3.0,75.0,0.0,0.0,0.0,,
2005,1634.0,2.0,26.0,5.0,4.0,4.0,2.0,0.0,75.0,0.0,0.0,0.0,,
2005,1210.0,1.0,50.0,2.0,2.0,4.0,1.0,0.0,450.0,2.0,0.0,1000.0,2.0,2.0
2005,1210.0,2.0,47.0,2.0,2.0,5.0,1.0,0.0,450.0,1.0,0.0,800.0,2.0,3.0
2005,1210.0,2.0,21.0,5.0,2.0,5.0,3.0,3.0,450.0,0.0,0.0,0.0,,
2005,1210.0,2.0,15.0,5.0,2.0,3.0,3.0,3.0,450.0,0.0,0.0,0.0,,
2005,1300.0,1.0,43.0,2.0,1.0,3.0,1.0,0.0,425.0,2.0,0.0,700.0,2.0,1.0
2005,1300.0,2.0,48.0,2.0,1.0,6.0,3.0,4.0,425.0,0.0,0.0,0.0,,
2005,1300.0,1.0,16.0,5.0,1.0,3.0,3.0,3.0,425.0,0.0,0.0,0.0,,
2005,1300.0,1.0,14.0,5.0,1.0,3.0,3.0,3.0,425.0,0.0,0.0,0.0,,
2005,1363.0,1.0,34.0,2.0,1.0,3.0,1.0,0.0,220.0,3.0,1.0,880.0,2.0,11.0
2005,1363.0,2.0,32.0,2.0,1.0,2.0,3.0,4.0,220.0,0.0,0.0,0.0,,
2005,1363.0,2.0,11.0,5.0,1.0,1.0,3.0,3.0,220.0,0.0,0.0,0.0,,
2005,1363.0,2.0,4.0,5.0,1.0,7.0,4.0,5.0,220.0,0.0,0.0,0.0,,
2005,1080.0,1.0,55.0,2.0,1.0,6.0,1.0,0.0,666.6666666666666,3.0,1.0,1000.0,1.0,9.0
2005,1080.0,2.0,50.0,2.0,1.0,6.0,3.0,4.0,666.6666666666666,0.0,0.0,0.0,,
2005,1080.0,2.0,23.0,5.0,1.0,5.0,1.0,0.0,666.6666666666666,3.0,2.0,0.0,1.0,12.0
2005,1272.0,2.0,27.0,1.0,4.0,2.0,3.0,4.0,200.0,0.0,0.0,0.0,,
2005,1272.0,1.0,32.0,1.0,4.0,2.0,1.0,0.0,200.0,2.0,0.0,600.0,2.0,1.0
2005,1272.0,1.0,2.0,5.0,4.0,7.0,4.0,5.0,200.0,0.0,0.0,0.0,,
2005,1272.0,1.0,26.0,1.0,12.0,5.0,1.0,0.0,516.6666666666666,3.0,1.0,1450.0,2.0,10.0
2005,1272.0,2.0,25.0,1.0,12.0,5.0,1.0,0.0,516.6666666666666,2.0,0.0,100.0,2.0,1.0
2005,1272.0,1.0,3.0,5.0,12.0,7.0,4.0,5.0,516.6666666666666,0.0,0.0,0.0,,
2005,1473.0,1.0,34.0,2.0,1.0,3.0,1.0,0.0,733.3333333333334,3.0,1.0,1050.0,1.0,11.0
2005,1473.0,2.0,34.0,2.0,1.0,4.0,1.0,0.0,733.3333333333334,3.0,1.0,1150.0,1.0,11.0
2005,1473.0,2.0,11.0,5.0,1.0,1.0,3.0,3.0,733.3333333333334,0.0,0.0,0.0,,
2005,1367.0,2.0,74.0,4.0,12.0,2.0,3.0,1.0,3000.0,0.0,0.0,0.0,,
2005,1413.0,1.0,59.0,2.0,1.0,3.0,1.0,0.0,433.3333333333333,3.0,1.0,1000.0,2.0,
2005,1413.0,2.0,56.0,2.0,1.0,4.0,3.0,1.0,433.3333333333333,0.0,0.0,0.0,,
2005,1413.0,1.0,21.0,5.0,4.0,6.0,2.0,0.0,433.3333333333333,0.0,0.0,0.0,,
2005,1130.0,1.0,43.0,1.0,4.0,4.0,1.0,0.0,266.6666666666667,2.0,0.0,800.0,2.0,1.0
2005,1130.0,2.0,23.0,1.0,4.0,3.0,2.0,0.0,266.6666666666667,3.0,0.0,0.0,,
2005,1130.0,1.0,2.0,5.0,4.0,7.0,4.0,5.0,266.6666666666667,0.0,0.0,0.0,,
2005,1095.0,1.0,68.0,2.0,1.0,2.0,3.0,1.0,710.0,0.0,0.0,0.0,,
2005,1095.0,2.0,64.0,2.0,1.0,2.0,3.0,4.0,710.0,0.0,0.0,0.0,,
2005,1095.0,2.0,38.0,2.0,1.0,6.0,1.0,0.0,710.0,3.0,1.0,1100.0,2.0,9.0
2005,1095.0,1.0,40.0,2.0,1.0,2.0,1.0,0.0,710.0,3.0,1.0,900.0,1.0,10.0
2005,1095.0,1.0,12.0,5.0,1.0,3.0,3.0,3.0,710.0,0.0,0.0,0.0,,
2005,1843.0,1.0,28.0,2.0,1.0,2.0,1.0,0.0,166.66666666666666,3.0,1.0,500.0,1.0,12.0
2005,1843.0,2.0,28.0,2.0,1.0,4.0,3.0,4.0,166.66666666666666,0.0,0.0,0.0,,
2005,1843.0,1.0,6.0,5.0,1.0,1.0,4.0,3.0,166.66666666666666,0.0,0.0,0.0,,
2005,1088.0,2.0,69.0,4.0,4.0,7.0,3.0,4.0,50.0,0.0,0.0,0.0,,
2005,1018.0,1.0,70.0,2.0,1.0,3.0,3.0,1.0,710.0,0.0,0.0,0.0,,
2005,1018.0,2.0,69.0,2.0,1.0,2.0,3.0,4.0,710.0,0.0,0.0,0.0,,
2005,1018.0,2.0,32.0,5.0,1.0,5.0,1.0,0.0,710.0,3.0,1.0,1600.0,2.0,3.0
2005,1142.0,1.0,28.0,2.0,4.0,2.0,2.0,0.0,35.0,3.0,0.0,0.0,,
2005,1142.0,2.0,29.0,2.0,4.0,3.0,3.0,4.0,35.0,0.0,0.0,0.0,,
2005,1142.0,2.0,2.0,5.0,4.0,7.0,4.0,5.0,35.0,0.0,0.0,0.0,,
2005,1142.0,1.0,12.0,5.0,4.0,1.0,3.0,3.0,35.0,0.0,0.0,0.0,,
2005,1298.0,1.0,87.0,4.0,12.0,6.0,3.0,1.0,2100.0,0.0,0.0,0.0,,
2005,1153.0,1.0,51.0,2.0,4.0,7.0,1.0,0.0,112.0,3.0,2.0,560.0,2.0,6.0
2005,1153.0,2.0,48.0,2.0,4.0,3.0,3.0,4.0,112.0,0.0,0.0,0.0,,
2005,1153.0,2.0,22.0,5.0,4.0,3.0,1.0,0.0,112.0,3.0,2.0,0.0,2.0,5.0
2005,1153.0,1.0,18.0,5.0,4.0,3.0,2.0,0.0,112.0,3.0,0.0,0.0,,
2005,1153.0,1.0,9.0,5.0,4.0,1.0,4.0,3.0,112.0,0.0,0.0,0.0,,
2005,1153.0,2.0,33.0,3.0,4.0,3.0,1.0,0.0,116.66666666666667,3.0,2.0,150.0,1.0,
2005,1153.0,2.0,9.0,5.0,4.0,1.0,4.0,3.0,116.66666666666667,0.0,0.0,0.0,,
2005,1153.0,2.0,8.0,5.0,4.0,1.0,4.0,3.0,116.66666666666667,0.0,0.0,0.0,,
2005,1154.0,2.0,72.0,4.0,4.0,2.0,3.0,4.0,50.0,0.0,0.0,0.0,,
2005,1154.0,1.0,44.0,2.0,4.0,3.0,2.0,0.0,50.0,3.0,0.0,0.0,,
2005,1154.0,2.0,26.0,2.0,4.0,2.0,2.0,0.0,50.0,3.0,0.0,0.0,,
2005,1209.0,1.0,70.0,2.0,1.0,2.0,3.0,1.0,300.0,0.0,0.0,0.0,,
2005,1209.0,2.0,66.0,2.0,1.0,2.0,3.0,4.0,300.0,0.0,0.0,0.0,,
2005,1209.0,1.0,17.0,5.0,1.0,3.0,3.0,3.0,300.0,0.0,0.0,0.0,,
2005,1304.0,1.0,37.0,1.0,1.0,3.0,1.0,0.0,200.0,3.0,1.0,800.0,2.0,7.0
2005,1304.0,2.0,33.0,1.0,1.0,2.0,3.0,4.0,200.0,0.0,0.0,0.0,,
2005,1304.0,2.0,13.0,5.0,1.0,3.0,3.0,3.0,200.0,0.0,0.0,0.0,,
2005,1304.0,1.0,11.0,5.0,1.0,1.0,3.0,3.0,200.0,0.0,0.0,0.0,,
2005,1150.0,2.0,36.0,3.0,4.0,3.0,1.0,0.0,407.5,3.0,2.0,150.0,1.0,6.0
2005,1150.0,1.0,54.0,3.0,4.0,3.0,1.0,0.0,407.5,1.0,0.0,500.0,2.0,2.0
2005,1150.0,2.0,14.0,5.0,4.0,1.0,3.0,3.0,407.5,0.0,0.0,0.0,,
2005,1150.0,1.0,18.0,5.0,4.0,4.0,1.0,0.0,407.5,3.0,2.0,600.0,2.0,3.0
2005,1142.0,1.0,29.0,5.0,1.0,4.0,1.0,0.0,980.0,3.0,1.0,880.0,2.0,10.0
2005,1178.0,1.0,27.0,1.0,1.0,2.0,1.0,0.0,125.0,3.0,1.0,500.0,2.0,8.0
2005,1178.0,2.0,26.0,1.0,4.0,3.0,2.0,0.0,125.0,3.0,0.0,0.0,,
2005,1178.0,1.0,8.0,5.0,1.0,1.0,4.0,3.0,125.0,0.0,0.0,0.0,,
2005,1178.0,2.0,1.0,5.0,1.0,7.0,4.0,5.0,125.0,0.0,0.0,0.0,,
2005,1387.0,1.0,33.0,2.0,4.0,3.0,1.0,0.0,350.0,3.0,2.0,1000.0,2.0,5.0
2005,1387.0,2.0,31.0,2.0,4.0,4.0,2.0,0.0,350.0,2.0,0.0,0.0,,
2005,1387.0,1.0,5.0,5.0,4.0,7.0,4.0,5.0,350.0,0.0,0.0,0.0,,
2005,1843.0,1.0,27.0,2.0,1.0,2.0,1.0,0.0,250.0,3.0,1.0,700.0,2.0,9.0
2005,1843.0,2.0,26.0,2.0,1.0,3.0,3.0,4.0,250.0,0.0,0.0,0.0,,
2005,1843.0,1.0,1.0,5.0,1.0,7.0,4.0,5.0,250.0,0.0,0.0,0.0,,
2005,1843.0,1.0,,5.0,1.0,7.0,4.0,5.0,250.0,0.0,0.0,0.0,,
2005,1229.0,1.0,43.0,2.0,1.0,4.0,1.0,0.0,300.0,3.0,1.0,800.0,2.0,
2005,1229.0,2.0,38.0,2.0,1.0,2.0,3.0,4.0,300.0,0.0,0.0,0.0,,
2005,1229.0,1.0,4.0,5.0,1.0,7.0,4.0,5.0,300.0,0.0,0.0,0.0,,
2005,1043.0,1.0,88.0,1.0,1.0,2.0,3.0,1.0,345.0,0.0,0.0,0.0,,
2005,1043.0,2.0,83.0,1.0,1.0,2.0,3.0,1.0,345.0,0.0,0.0,0.0,,
2005,1432.0,2.0,48.0,3.0,2.0,3.0,1.0,0.0,400.0,3.0,2.0,800.0,2.0,2.0
2005,1432.0,1.0,15.0,5.0,2.0,3.0,3.0,3.0,400.0,0.0,0.0,0.0,,
2005,1053.0,2.0,89.0,4.0,1.0,1.0,1.0,0.0,290.0,2.0,0.0,50.0,2.0,1.0
2005,1282.0,2.0,42.0,4.0,4.0,3.0,2.0,0.0,250.0,3.0,0.0,0.0,,
2005,1282.0,1.0,23.0,5.0,1.0,4.0,1.0,0.0,250.0,3.0,1.0,800.0,2.0,
2005,1282.0,2.0,18.0,5.0,4.0,4.0,2.0,0.0,250.0,3.0,0.0,0.0,,
2005,1282.0,2.0,13.0,5.0,4.0,3.0,3.0,3.0,250.0,0.0,0.0,0.0,,
2005,1282.0,2.0,10.0,5.0,4.0,1.0,3.0,3.0,250.0,0.0,0.0,0.0,,
2005,1457.0,2.0,78.0,4.0,1.0,2.0,3.0,1.0,450.0,0.0,0.0,0.0,,
2005,1457.0,2.0,80.0,4.0,1.0,2.0,3.0,1.0,450.0,0.0,0.0,0.0,,
2005,1410.0,1.0,22.0,1.0,4.0,4.0,1.0,0.0,400.0,3.0,2.0,1000.0,2.0,2.0
2005,1410.0,2.0,22.0,1.0,1.0,5.0,3.0,4.0,400.0,0.0,0.0,0.0,,
2005,1410.0,1.0,,5.0,1.0,7.0,4.0,5.0,400.0,0.0,0.0,0.0,,
2005,1216.0,1.0,65.0,3.0,4.0,3.0,3.0,2.0,1500.0,0.0,0.0,0.0,,
2005,1174.0,1.0,64.0,2.0,1.0,2.0,1.0,0.0,700.0,2.0,0.0,1000.0,2.0,2.0
2005,1174.0,2.0,62.0,2.0,1.0,2.0,3.0,4.0,700.0,0.0,0.0,0.0,,
2005,1174.0,1.0,30.0,5.0,1.0,2.0,1.0,0.0,700.0,2.0,0.0,1000.0,2.0,2.0
2005,1174.0,2.0,26.0,5.0,1.0,6.0,1.0,0.0,700.0,3.0,1.0,800.0,2.0,7.0
2005,1002.0,1.0,80.0,2.0,1.0,4.0,3.0,1.0,340.0,0.0,0.0,0.0,,
2005,1002.0,2.0,79.0,2.0,1.0,2.0,3.0,1.0,340.0,0.0,0.0,0.0,,
2005,1207.0,1.0,89.0,2.0,1.0,6.0,3.0,1.0,600.0,0.0,0.0,0.0,,
2005,1207.0,2.0,78.0,2.0,1.0,4.0,3.0,4.0,600.0,0.0,0.0,0.0,,
2005,1215.0,1.0,63.0,2.0,4.0,4.0,1.0,0.0,325.0,2.0,0.0,350.0,2.0,1.0
2005,1215.0,2.0,63.0,2.0,4.0,4.0,3.0,4.0,325.0,0.0,0.0,0.0,,
2005,1215.0,2.0,28.0,5.0,4.0,4.0,1.0,0.0,325.0,2.0,0.0,250.0,2.0,1.0
2005,1215.0,1.0,22.0,5.0,4.0,4.0,1.0,0.0,325.0,3.0,2.0,700.0,2.0,2.0
2005,1164.0,2.0,83.0,4.0,12.0,1.0,3.0,1.0,600.0,0.0,0.0,0.0,,
2005,1527.0,1.0,29.0,1.0,1.0,3.0,1.0,0.0,533.3333333333334,3.0,1.0,1200.0,2.0,7.0
2005,1527.0,2.0,29.0,1.0,4.0,1.0,1.0,0.0,533.3333333333334,3.0,2.0,100.0,2.0,
2005,1527.0,2.0,7.0,5.0,1.0,1.0,4.0,3.0,533.3333333333334,0.0,0.0,0.0,,
2005,1235.0,1.0,42.0,1.0,4.0,3.0,2.0,0.0,50.0,2.0,0.0,0.0,,
2005,1235.0,2.0,45.0,1.0,4.0,3.0,2.0,0.0,50.0,2.0,0.0,0.0,,
2005,1235.0,1.0,14.0,5.0,4.0,3.0,3.0,3.0,50.0,0.0,0.0,0.0,,
2005,1235.0,2.0,8.0,5.0,4.0,1.0,4.0,3.0,50.0,0.0,0.0,0.0,,
2005,1247.0,1.0,24.0,1.0,4.0,3.0,1.0,0.0,287.5,3.0,2.0,1000.0,2.0,4.0
2005,1247.0,2.0,22.0,1.0,4.0,3.0,1.0,0.0,287.5,3.0,2.0,150.0,1.0,
2005,1247.0,1.0,4.0,5.0,4.0,7.0,4.0,5.0,287.5,0.0,0.0,0.0,,
2005,1247.0,1.0,2.0,5.0,4.0,7.0,4.0,5.0,287.5,0.0,0.0,0.0,,
2005,1190.0,1.0,70.0,4.0,1.0,2.0,1.0,0.0,1650.0,3.0,1.0,800.0,2.0,7.0
2005,1209.0,2.0,71.0,4.0,1.0,4.0,2.0,0.0,1300.0,0.0,0.0,0.0,,
2005,949.0,1.0,66.0,2.0,1.0,4.0,1.0,0.0,752.5,2.0,0.0,500.0,2.0,2.0
2005,949.0,2.0,65.0,2.0,1.0,2.0,3.0,1.0,752.5,0.0,0.0,0.0,,
2005,1640.0,1.0,67.0,4.0,2.0,2.0,3.0,1.0,340.0,0.0,0.0,0.0,,
2005,1396.0,2.0,59.0,3.0,1.0,6.0,1.0,0.0,1000.0,3.0,2.0,2000.0,2.0,
2005,1396.0,1.0,21.0,5.0,2.0,4.0,2.0,0.0,1000.0,3.0,0.0,0.0,,
2005,1535.0,1.0,48.0,5.0,1.0,3.0,1.0,0.0,1100.0,3.0,1.0,1300.0,2.0,12.0
2005,1535.0,2.0,73.0,4.0,1.0,1.0,3.0,1.0,1100.0,0.0,0.0,0.0,,
2005,1316.0,2.0,48.0,2.0,1.0,6.0,1.0,0.0,617.5,3.0,1.0,670.0,2.0,
2005,1316.0,1.0,18.0,5.0,1.0,3.0,3.0,3.0,617.5,0.0,0.0,0.0,,
2005,1316.0,2.0,7.0,5.0,1.0,1.0,4.0,3.0,617.5,0.0,0.0,0.0,,
2005,1316.0,1.0,43.0,2.0,1.0,6.0,1.0,0.0,617.5,3.0,1.0,1600.0,2.0,
2005,1316.0,2.0,29.0,5.0,4.0,2.0,1.0,0.0,500.0,3.0,2.0,500.0,2.0,
2005,1036.0,2.0,65.0,4.0,1.0,3.0,3.0,1.0,625.0,0.0,0.0,0.0,,
2005,1051.0,1.0,73.0,2.0,1.0,1.0,3.0,1.0,330.0,0.0,0.0,0.0,,
2005,1051.0,2.0,64.0,2.0,1.0,2.0,1.0,0.0,330.0,3.0,2.0,120.0,2.0,
2005,1328.0,1.0,30.0,2.0,1.0,5.0,1.0,0.0,783.3333333333334,3.0,1.0,1350.0,2.0,7.0
2005,1328.0,2.0,35.0,2.0,1.0,5.0,1.0,0.0,783.3333333333334,3.0,1.0,1000.0,2.0,6.0
2005,1328.0,1.0,1.0,5.0,1.0,7.0,4.0,5.0,783.3333333333334,0.0,0.0,0.0,,
2005,933.0,2.0,76.0,4.0,1.0,2.0,3.0,1.0,376.6666666666667,0.0,0.0,0.0,,
2005,933.0,2.0,42.0,5.0,4.0,5.0,1.0,0.0,376.6666666666667,3.0,2.0,200.0,2.0,
2005,933.0,2.0,40.0,5.0,4.0,3.0,1.0,0.0,376.6666666666667,3.0,2.0,600.0,2.0,
2005,2044.0,1.0,24.0,1.0,4.0,2.0,1.0,0.0,87.5,3.0,2.0,200.0,2.0,2.0
2005,2044.0,2.0,22.0,1.0,4.0,2.0,3.0,4.0,87.5,0.0,0.0,0.0,,
2005,2044.0,1.0,3.0,5.0,4.0,7.0,4.0,5.0,87.5,0.0,0.0,0.0,,
2005,2044.0,2.0,1.0,5.0,4.0,7.0,4.0,5.0,87.5,0.0,0.0,0.0,,
2005,1167.0,1.0,68.0,1.0,1.0,2.0,3.0,1.0,230.0,0.0,0.0,0.0,,
2005,1167.0,2.0,73.0,1.0,1.0,1.0,3.0,7.0,230.0,0.0,0.0,0.0,,
2005,1167.0,2.0,53.0,5.0,4.0,2.0,1.0,0.0,230.0,3.0,2.0,100.0,2.0,
2005,1167.0,2.0,41.0,2.0,1.0,4.0,3.0,4.0,230.0,0.0,0.0,0.0,,
2005,1167.0,1.0,36.0,2.0,1.0,4.0,1.0,0.0,230.0,3.0,1.0,900.0,2.0,
2005,1167.0,1.0,5.0,5.0,1.0,7.0,4.0,5.0,230.0,0.0,0.0,0.0,,
2005,1206.0,2.0,47.0,3.0,4.0,3.0,1.0,0.0,333.3333333333333,3.0,2.0,400.0,2.0,4.0
2005,1206.0,1.0,21.0,5.0,1.0,3.0,1.0,0.0,333.3333333333333,3.0,1.0,600.0,2.0,1.0
2005,1206.0,1.0,2.0,5.0,1.0,7.0,4.0,5.0,333.3333333333333,0.0,0.0,0.0,,
2005,2167.0,1.0,43.0,1.0,4.0,2.0,1.0,0.0,253.75,3.0,2.0,740.0,2.0,
2005,2167.0,2.0,41.0,1.0,4.0,1.0,1.0,0.0,253.75,3.0,2.0,150.0,2.0,7.0
2005,2167.0,2.0,18.0,5.0,4.0,4.0,1.0,0.0,253.75,3.0,2.0,125.0,2.0,7.0
2005,2167.0,2.0,10.0,5.0,4.0,1.0,3.0,3.0,253.75,0.0,0.0,0.0,,
2005,2218.0,1.0,23.0,2.0,1.0,5.0,1.0,0.0,366.6666666666667,3.0,1.0,1000.0,2.0,9.0
2005,2218.0,2.0,21.0,2.0,1.0,3.0,2.0,0.0,366.6666666666667,3.0,0.0,0.0,,
2005,2218.0,1.0,1.0,5.0,1.0,7.0,4.0,5.0,366.6666666666667,0.0,0.0,0.0,,
2005,1056.0,1.0,59.0,2.0,1.0,4.0,3.0,1.0,606.6666666666666,0.0,0.0,0.0,,
2005,1056.0,2.0,57.0,2.0,1.0,6.0,3.0,4.0,606.6666666666666,0.0,0.0,0.0,,
2005,1056.0,2.0,21.0,5.0,1.0,5.0,1.0,0.0,606.6666666666666,3.0,1.0,620.0,2.0,9.0
2005,1213.0,2.0,23.0,1.0,1.0,5.0,1.0,0.0,460.0,2.0,0.0,300.0,2.0,2.0
2005,1213.0,1.0,28.0,1.0,1.0,5.0,1.0,0.0,460.0,2.0,0.0,400.0,2.0,1.0
2005,1213.0,2.0,1.0,5.0,1.0,7.0,4.0,5.0,460.0,0.0,0.0,0.0,,
2005,1238.0,1.0,83.0,2.0,1.0,1.0,3.0,1.0,480.0,0.0,0.0,0.0,,
2005,1238.0,2.0,80.0,2.0,1.0,2.0,3.0,1.0,480.0,0.0,0.0,0.0,,
2005,1319.0,2.0,52.0,3.0,1.0,4.0,1.0,0.0,766.6666666666666,2.0,0.0,1500.0,2.0,1.0
2005,1319.0,1.0,23.0,5.0,1.0,5.0,1.0,0.0,766.6666666666666,3.0,1.0,800.0,2.0,6.0
2005,1319.0,1.0,21.0,5.0,1.0,5.0,3.0,3.0,766.6666666666666,0.0,0.0,0.0,,
2005,1124.0,1.0,68.0,2.0,2.0,2.0,1.0,0.0,750.0,1.0,0.0,1500.0,2.0,
2005,1124.0,2.0,58.0,2.0,2.0,2.0,3.0,4.0,750.0,0.0,0.0,0.0,,
2005,1690.0,1.0,41.0,5.0,4.0,2.0,1.0,0.0,800.0,2.0,0.0,300.0,2.0,1.0
2005,1690.0,1.0,38.0,5.0,4.0,1.0,1.0,0.0,800.0,2.0,0.0,1300.0,2.0,1.0
2005,1573.0,1.0,46.0,2.0,4.0,3.0,1.0,0.0,115.85714285714286,3.0,1.0,450.0,1.0,12.0
2005,1573.0,2.0,41.0,2.0,4.0,2.0,1.0,0.0,115.85714285714286,3.0,2.0,100.0,2.0,
2005,1573.0,1.0,17.0,5.0,4.0,1.0,3.0,3.0,115.85714285714286,0.0,0.0,0.0,,
2005,1573.0,2.0,16.0,5.0,4.0,3.0,3.0,3.0,115.85714285714286,0.0,0.0,0.0,,
2005,1573.0,1.0,12.0,5.0,4.0,1.0,3.0,3.0,115.85714285714286,0.0,0.0,0.0,,
2005,1573.0,2.0,10.0,5.0,4.0,1.0,3.0,3.0,115.85714285714286,0.0,0.0,0.0,,
2005,1573.0,1.0,6.0,5.0,4.0,1.0,4.0,3.0,115.85714285714286,0.0,0.0,0.0,,
2005,1258.0,1.0,35.0,2.0,4.0,4.0,1.0,0.0,450.0,3.0,2.0,900.0,2.0,
2005,1258.0,2.0,27.0,2.0,4.0,5.0,3.0,3.0,450.0,0.0,0.0,0.0,,
2005,1052.0,1.0,73.0,2.0,1.0,7.0,3.0,1.0,375.0,0.0,0.0,0.0,,
2005,1052.0,2.0,67.0,2.0,1.0,1.0,3.0,1.0,375.0,0.0,0.0,0.0,,
2005,1431.0,1.0,64.0,2.0,1.0,4.0,1.0,0.0,350.0,2.0,0.0,700.0,2.0,1.0
2005,1431.0,2.0,68.0,2.0,1.0,5.0,3.0,4.0,350.0,0.0,0.0,0.0,,
2005,1722.0,2.0,70.0,4.0,1.0,1.0,3.0,1.0,300.0,0.0,0.0,0.0,,
2005,1581.0,2.0,57.0,4.0,4.0,4.0,1.0,0.0,233.33333333333334,2.0,0.0,300.0,2.0,1.0
2005,1581.0,1.0,18.0,5.0,4.0,3.0,2.0,0.0,233.33333333333334,3.0,0.0,0.0,,
2005,1581.0,2.0,16.0,5.0,4.0,3.0,1.0,0.0,233.33333333333334,3.0,2.0,250.0,2.0,
2005,957.0,2.0,32.0,3.0,4.0,3.0,1.0,0.0,75.0,3.0,2.0,150.0,1.0,6.0
2005,957.0,1.0,14.0,5.0,4.0,3.0,3.0,3.0,75.0,0.0,0.0,0.0,,
2005,957.0,2.0,12.0,5.0,4.0,1.0,3.0,3.0,75.0,0.0,0.0,0.0,,
2005,957.0,1.0,5.0,5.0,4.0,7.0,4.0,5.0,75.0,0.0,0.0,0.0,,
2005,1890.0,2.0,48.0,3.0,4.0,2.0,1.0,0.0,275.0,2.0,0.0,400.0,2.0,1.0
2005,1890.0,1.0,7.0,5.0,4.0,1.0,4.0,3.0,275.0,0.0,0.0,0.0,,
2005,1133.0,1.0,60.0,2.0,4.0,1.0,1.0,0.0,233.33333333333334,2.0,0.0,600.0,2.0,1.0
2005,1133.0,2.0,64.0,2.0,4.0,7.0,1.0,0.0,233.33333333333334,3.0,2.0,0.0,2.0,2.0
2005,1133.0,1.0,9.0,5.0,4.0,1.0,4.0,3.0,233.33333333333334,0.0,0.0,0.0,,
2005,1268.0,1.0,37.0,2.0,1.0,3.0,1.0,0.0,333.3333333333333,3.0,1.0,600.0,2.0,6.0
2005,1268.0,2.0,35.0,2.0,1.0,3.0,1.0,0.0,333.3333333333333,3.0,2.0,400.0,2.0,4.0
2005,1268.0,2.0,9.0,5.0,1.0,1.0,4.0,3.0,333.3333333333333,0.0,0.0,0.0,,
2005,1193.0,2.0,62.0,4.0,1.0,3.0,3.0,1.0,602.0,0.0,0.0,0.0,,
2005,1091.0,2.0,77.0,4.0,1.0,1.0,3.0,1.0,350.0,0.0,0.0,0.0,,
2005,1108.0,2.0,72.0,4.0,1.0,3.0,1.0,0.0,270.0,3.0,2.0,0.0,1.0,11.0
2005,1108.0,2.0,50.0,3.0,4.0,4.0,1.0,0.0,270.0,2.0,0.0,600.0,2.0,1.0
2005,1108.0,1.0,19.0,1.0,1.0,5.0,1.0,0.0,270.0,3.0,2.0,280.0,2.0,2.0
2005,1108.0,2.0,17.0,5.0,1.0,3.0,3.0,3.0,270.0,0.0,0.0,0.0,,
2005,1084.0,1.0,67.0,2.0,1.0,6.0,1.0,0.0,1350.0,2.0,0.0,800.0,2.0,1.0
2005,1084.0,2.0,66.0,2.0,1.0,6.0,1.0,0.0,1350.0,2.0,0.0,400.0,2.0,1.0
2005,1272.0,1.0,36.0,2.0,1.0,3.0,1.0,0.0,1500.0,3.0,2.0,3000.0,2.0,7.0
2005,1272.0,2.0,35.0,2.0,1.0,6.0,3.0,4.0,1500.0,0.0,0.0,0.0,,
2005,1024.0,2.0,55.0,2.0,1.0,6.0,1.0,0.0,1000.0,3.0,1.0,1500.0,1.0,9.0
2005,1024.0,2.0,84.0,4.0,1.0,2.0,3.0,7.0,1000.0,0.0,0.0,0.0,,
2005,1024.0,1.0,59.0,2.0,1.0,4.0,1.0,0.0,1000.0,3.0,1.0,1500.0,2.0,9.0
2005,1244.0,2.0,56.0,5.0,4.0,2.0,2.0,0.0,0.0,2.0,0.0,0.0,,
2005,1033.0,1.0,52.0,2.0,1.0,2.0,1.0,0.0,310.0,3.0,1.0,620.0,1.0,
2005,1033.0,2.0,53.0,2.0,1.0,1.0,3.0,4.0,310.0,0.0,0.0,0.0,,
2005,1360.0,1.0,54.0,1.0,4.0,1.0,1.0,0.0,33.333333333333336,2.0,0.0,200.0,2.0,2.0
2005,1360.0,2.0,33.0,1.0,4.0,1.0,3.0,4.0,33.333333333333336,0.0,0.0,0.0,,
2005,1360.0,1.0,14.0,5.0,4.0,1.0,1.0,0.0,33.333333333333336,3.0,2.0,0.0,2.0,2.0
2005,1360.0,1.0,13.0,5.0,4.0,1.0,3.0,3.0,33.333333333333336,0.0,0.0,0.0,,
2005,1360.0,1.0,11.0,5.0,4.0,1.0,3.0,3.0,33.333333333333336,0.0,0.0,0.0,,
2005,1360.0,2.0,2.0,5.0,4.0,7.0,4.0,5.0,33.333333333333336,0.0,0.0,0.0,,
2005,1359.0,1.0,57.0,2.0,1.0,1.0,1.0,0.0,260.0,3.0,1.0,700.0,2.0,
2005,1359.0,2.0,56.0,2.0,1.0,2.0,1.0,0.0,260.0,3.0,1.0,600.0,1.0,
2005,1359.0,2.0,26.0,5.0,4.0,4.0,2.0,0.0,260.0,3.0,0.0,0.0,,
2005,1359.0,2.0,15.0,5.0,1.0,3.0,3.0,3.0,260.0,0.0,0.0,0.0,,
2005,1359.0,2.0,16.0,5.0,1.0,3.0,3.0,3.0,260.0,0.0,0.0,0.0,,
2005,1093.0,2.0,68.0,4.0,12.0,3.0,3.0,1.0,1250.0,0.0,0.0,0.0,,
2005,1238.0,1.0,32.0,2.0,1.0,3.0,1.0,0.0,833.3333333333334,3.0,1.0,2500.0,2.0,12.0
2005,1238.0,2.0,34.0,2.0,1.0,3.0,3.0,4.0,833.3333333333334,0.0,0.0,0.0,,
2005,1238.0,1.0,4.0,5.0,1.0,7.0,4.0,5.0,833.3333333333334,0.0,0.0,0.0,,
2005,1333.0,2.0,55.0,1.0,4.0,6.0,1.0,0.0,133.33333333333334,2.0,0.0,300.0,2.0,2.0
2005,1333.0,2.0,33.0,3.0,4.0,6.0,1.0,0.0,133.33333333333334,2.0,0.0,100.0,2.0,2.0
2005,1333.0,1.0,40.0,1.0,1.0,4.0,2.0,0.0,133.33333333333334,3.0,0.0,0.0,,
2005,1033.0,1.0,79.0,2.0,1.0,6.0,3.0,1.0,175.0,0.0,0.0,0.0,,
2005,1033.0,2.0,79.0,2.0,1.0,2.0,3.0,4.0,175.0,0.0,0.0,0.0,,
2005,1663.0,1.0,37.0,1.0,1.0,2.0,1.0,0.0,400.0,3.0,1.0,800.0,2.0,7.0
2005,1663.0,2.0,31.0,1.0,4.0,2.0,3.0,4.0,400.0,0.0,0.0,0.0,,
2005,1663.0,2.0,1.0,5.0,4.0,7.0,4.0,5.0,400.0,0.0,0.0,0.0,,
2005,1363.0,2.0,54.0,4.0,1.0,1.0,1.0,0.0,247.5,3.0,2.0,240.0,2.0,
2005,1363.0,2.0,26.0,2.0,4.0,2.0,3.0,4.0,247.5,0.0,0.0,0.0,,
2005,1363.0,1.0,29.0,2.0,4.0,2.0,1.0,0.0,247.5,3.0,2.0,400.0,2.0,3.0
2005,1363.0,2.0,3.0,5.0,4.0,7.0,4.0,5.0,247.5,0.0,0.0,0.0,,
2005,1059.0,2.0,73.0,4.0,1.0,3.0,3.0,1.0,419.0,0.0,0.0,0.0,,
2005,1060.0,1.0,94.0,2.0,12.0,2.0,3.0,1.0,289.0,0.0,0.0,0.0,,
2005,1060.0,2.0,79.0,2.0,12.0,2.0,3.0,1.0,289.0,0.0,0.0,0.0,,
2005,1132.0,2.0,46.0,3.0,4.0,4.0,1.0,0.0,300.0,2.0,0.0,350.0,2.0,1.0
2005,1132.0,2.0,27.0,5.0,4.0,4.0,1.0,0.0,300.0,3.0,2.0,350.0,2.0,2.0
2005,1132.0,2.0,8.0,5.0,4.0,1.0,4.0,3.0,300.0,0.0,0.0,0.0,,
2005,1142.0,2.0,78.0,4.0,1.0,2.0,3.0,1.0,342.5,0.0,0.0,0.0,,
2005,1142.0,1.0,28.0,5.0,4.0,3.0,1.0,0.0,342.5,2.0,0.0,200.0,2.0,1.0
2005,1565.0,1.0,24.0,1.0,4.0,3.0,1.0,0.0,276.6666666666667,2.0,0.0,400.0,2.0,2.0
2005,1565.0,2.0,25.0,1.0,4.0,3.0,1.0,0.0,276.6666666666667,3.0,2.0,370.0,2.0,6.0
2005,1565.0,1.0,1.0,5.0,4.0,7.0,4.0,5.0,276.6666666666667,0.0,0.0,0.0,,
2005,1494.0,1.0,64.0,3.0,4.0,1.0,1.0,0.0,295.0,3.0,2.0,800.0,2.0,2.0
2005,1494.0,1.0,23.0,5.0,1.0,2.0,1.0,0.0,295.0,3.0,1.0,700.0,2.0,
2005,1494.0,2.0,21.0,5.0,1.0,4.0,3.0,4.0,295.0,0.0,0.0,0.0,,
2005,1494.0,1.0,19.0,5.0,4.0,4.0,1.0,0.0,295.0,3.0,2.0,600.0,2.0,
2005,1494.0,1.0,16.0,5.0,4.0,2.0,1.0,0.0,295.0,2.0,0.0,100.0,2.0,2.0
2005,1494.0,2.0,16.0,5.0,4.0,2.0,1.0,0.0,295.0,3.0,2.0,600.0,2.0,
2005,1494.0,1.0,15.0,5.0,4.0,1.0,3.0,3.0,295.0,0.0,0.0,0.0,,
2005,1494.0,1.0,6.0,5.0,4.0,1.0,4.0,3.0,295.0,0.0,0.0,0.0,,
2005,1494.0,1.0,8.0,5.0,4.0,1.0,4.0,3.0,295.0,0.0,0.0,0.0,,
2005,1494.0,1.0,,5.0,1.0,7.0,4.0,5.0,295.0,0.0,0.0,0.0,,
2005,1302.0,1.0,52.0,2.0,1.0,3.0,1.0,0.0,175.0,3.0,1.0,700.0,2.0,10.0
2005,1302.0,2.0,50.0,2.0,1.0,3.0,3.0,4.0,175.0,0.0,0.0,0.0,,
2005,1302.0,2.0,23.0,5.0,1.0,4.0,2.0,0.0,175.0,3.0,0.0,0.0,,
2005,1302.0,1.0,19.0,5.0,1.0,4.0,2.0,0.0,175.0,2.0,0.0,0.0,,
2005,1047.0,1.0,38.0,2.0,4.0,2.0,1.0,0.0,250.0,3.0,2.0,1500.0,2.0,6.0
2005,1047.0,2.0,27.0,2.0,1.0,4.0,3.0,4.0,250.0,0.0,0.0,0.0,,
2005,1047.0,1.0,8.0,5.0,1.0,1.0,4.0,3.0,250.0,0.0,0.0,0.0,,
2005,1047.0,2.0,4.0,5.0,1.0,7.0,4.0,5.0,250.0,0.0,0.0,0.0,,
2005,1047.0,2.0,1.0,5.0,1.0,7.0,4.0,5.0,250.0,0.0,0.0,0.0,,
2005,1047.0,2.0,1.0,5.0,1.0,7.0,4.0,5.0,250.0,0.0,0.0,0.0,,
2005,1473.0,2.0,57.0,1.0,4.0,3.0,1.0,0.0,175.0,3.0,2.0,200.0,2.0,1.0
2005,1473.0,1.0,41.0,1.0,4.0,1.0,2.0,0.0,175.0,2.0,0.0,0.0,,
2005,1382.0,2.0,49.0,3.0,1.0,6.0,1.0,0.0,2400.0,3.0,1.0,3200.0,2.0,7.0
2005,1382.0,2.0,75.0,4.0,1.0,4.0,3.0,4.0,2400.0,0.0,0.0,0.0,,
2005,1002.0,2.0,23.0,5.0,1.0,5.0,1.0,0.0,1275.0,3.0,1.0,750.0,2.0,7.0
2005,1210.0,1.0,24.0,1.0,1.0,4.0,1.0,0.0,233.33333333333334,3.0,1.0,550.0,2.0,8.0
2005,1210.0,2.0,28.0,1.0,4.0,4.0,1.0,0.0,233.33333333333334,3.0,2.0,150.0,1.0,4.0
2005,1210.0,1.0,2.0,5.0,1.0,7.0,4.0,5.0,233.33333333333334,0.0,0.0,0.0,,
2005,892.0,1.0,50.0,1.0,4.0,2.0,1.0,0.0,0.0,3.0,2.0,0.0,2.0,1.0
2005,892.0,2.0,54.0,1.0,4.0,1.0,3.0,6.0,0.0,0.0,0.0,0.0,,
2005,892.0,1.0,16.0,5.0,4.0,1.0,3.0,3.0,0.0,0.0,0.0,0.0,,
2005,1284.0,2.0,41.0,1.0,4.0,3.0,1.0,0.0,112.5,3.0,2.0,150.0,1.0,
2005,1284.0,2.0,17.0,5.0,4.0,3.0,3.0,3.0,112.5,0.0,0.0,0.0,,
2005,1284.0,1.0,12.0,5.0,4.0,1.0,3.0,3.0,112.5,0.0,0.0,0.0,,
2005,1284.0,1.0,7.0,5.0,4.0,1.0,4.0,3.0,112.5,0.0,0.0,0.0,,
2005,1714.0,1.0,44.0,5.0,4.0,1.0,1.0,0.0,175.0,2.0,0.0,100.0,2.0,1.0
2005,1714.0,1.0,51.0,5.0,4.0,2.0,1.0,0.0,175.0,2.0,0.0,100.0,2.0,1.0
2005,1346.0,1.0,55.0,2.0,1.0,4.0,3.0,1.0,900.0,0.0,0.0,0.0,,
2005,1346.0,2.0,47.0,2.0,1.0,4.0,1.0,0.0,900.0,3.0,1.0,400.0,2.0,7.0
2005,1396.0,1.0,54.0,2.0,4.0,4.0,1.0,0.0,580.0,3.0,2.0,580.0,2.0,6.0
2005,1234.0,1.0,33.0,2.0,1.0,3.0,1.0,0.0,405.0,3.0,1.0,1300.0,2.0,12.0
2005,1234.0,2.0,31.0,2.0,1.0,4.0,1.0,0.0,405.0,3.0,2.0,120.0,2.0,
2005,1234.0,1.0,1.0,5.0,1.0,7.0,4.0,5.0,405.0,0.0,0.0,0.0,,
2005,1234.0,1.0,10.0,5.0,1.0,1.0,3.0,3.0,405.0,0.0,0.0,0.0,,
2005,1002.0,1.0,27.0,1.0,4.0,2.0,1.0,0.0,116.66666666666667,2.0,0.0,300.0,2.0,2.0
2005,1002.0,2.0,29.0,1.0,4.0,2.0,1.0,0.0,116.66666666666667,2.0,0.0,300.0,2.0,2.0
2005,1002.0,2.0,11.0,5.0,4.0,1.0,3.0,3.0,116.66666666666667,0.0,0.0,0.0,,
2005,1002.0,1.0,9.0,5.0,4.0,1.0,4.0,3.0,116.66666666666667,0.0,0.0,0.0,,
2005,1002.0,1.0,8.0,5.0,4.0,1.0,4.0,3.0,116.66666666666667,0.0,0.0,0.0,,
2005,1002.0,2.0,5.0,5.0,4.0,7.0,4.0,5.0,116.66666666666667,0.0,0.0,0.0,,
2005,1213.0,1.0,37.0,2.0,1.0,6.0,1.0,0.0,2265.0,3.0,1.0,1515.0,2.0,9.0
2005,1213.0,2.0,26.0,2.0,1.0,6.0,1.0,0.0,2265.0,3.0,1.0,1515.0,2.0,9.0
2005,1218.0,1.0,58.0,2.0,4.0,4.0,1.0,0.0,175.0,3.0,2.0,150.0,1.0,
2005,1218.0,2.0,58.0,2.0,4.0,4.0,1.0,0.0,175.0,2.0,0.0,200.0,2.0,1.0
2005,1218.0,2.0,22.0,5.0,4.0,5.0,1.0,0.0,175.0,3.0,2.0,250.0,2.0,6.0
2005,1218.0,1.0,20.0,5.0,4.0,4.0,1.0,0.0,175.0,3.0,2.0,0.0,2.0,
2005,1361.0,1.0,37.0,2.0,4.0,1.0,1.0,0.0,68.75,2.0,0.0,400.0,2.0,1.0
2005,1361.0,2.0,30.0,2.0,4.0,2.0,2.0,0.0,68.75,3.0,0.0,0.0,,
2005,1361.0,1.0,15.0,5.0,4.0,1.0,3.0,3.0,68.75,0.0,0.0,0.0,,
2005,1361.0,1.0,14.0,5.0,4.0,1.0,3.0,3.0,68.75,0.0,0.0,0.0,,
2005,1361.0,2.0,11.0,5.0,4.0,1.0,3.0,3.0,68.75,0.0,0.0,0.0,,
2005,1361.0,1.0,10.0,5.0,4.0,1.0,3.0,3.0,68.75,0.0,0.0,0.0,,
2005,1361.0,2.0,8.0,5.0,4.0,1.0,4.0,3.0,68.75,0.0,0.0,0.0,,
2005,1361.0,1.0,3.0,5.0,4.0,7.0,4.0,5.0,68.75,0.0,0.0,0.0,,
2005,1248.0,1.0,46.0,1.0,4.0,1.0,2.0,0.0,0.0,3.0,0.0,0.0,,
2005,1248.0,2.0,43.0,1.0,4.0,1.0,3.0,4.0,0.0,0.0,0.0,0.0,,
2005,1248.0,2.0,12.0,5.0,4.0,3.0,3.0,3.0,0.0,0.0,0.0,0.0,,
2005,1248.0,2.0,10.0,5.0,4.0,1.0,3.0,3.0,0.0,0.0,0.0,0.0,,
2005,1248.0,1.0,9.0,5.0,4.0,1.0,4.0,3.0,0.0,0.0,0.0,0.0,,
2005,1263.0,1.0,43.0,5.0,4.0,2.0,1.0,0.0,750.0,3.0,2.0,750.0,2.0,6.0
2005,1516.0,1.0,71.0,5.0,1.0,2.0,3.0,1.0,483.3333333333333,0.0,0.0,0.0,,
2005,1516.0,1.0,31.0,2.0,1.0,3.0,1.0,0.0,483.3333333333333,3.0,1.0,800.0,2.0,5.0
2005,1516.0,2.0,30.0,2.0,1.0,2.0,1.0,0.0,483.3333333333333,3.0,2.0,250.0,2.0,
2005,1400.0,1.0,58.0,2.0,1.0,6.0,1.0,0.0,328.57142857142856,3.0,1.0,1600.0,1.0,12.0
2005,1400.0,2.0,54.0,2.0,1.0,6.0,3.0,4.0,328.57142857142856,0.0,0.0,0.0,,
2005,1400.0,1.0,23.0,5.0,1.0,5.0,3.0,3.0,328.57142857142856,0.0,0.0,0.0,,
2005,1400.0,1.0,22.0,5.0,1.0,5.0,3.0,7.0,328.57142857142856,0.0,0.0,0.0,,
2005,1400.0,2.0,20.0,5.0,1.0,5.0,3.0,3.0,328.57142857142856,0.0,0.0,0.0,,
2005,1400.0,1.0,19.0,5.0,1.0,5.0,3.0,3.0,328.57142857142856,0.0,0.0,0.0,,
2005,1400.0,1.0,15.0,5.0,1.0,3.0,3.0,3.0,328.57142857142856,0.0,0.0,0.0,,
2005,1368.0,1.0,31.0,1.0,4.0,2.0,1.0,0.0,57.142857142857146,3.0,2.0,250.0,2.0,11.0
2005,1368.0,2.0,33.0,1.0,4.0,2.0,2.0,0.0,57.142857142857146,3.0,0.0,0.0,,
2005,1368.0,2.0,15.0,5.0,4.0,3.0,3.0,3.0,57.142857142857146,0.0,0.0,0.0,,
2005,1368.0,2.0,13.0,5.0,4.0,1.0,3.0,3.0,57.142857142857146,0.0,0.0,0.0,,
2005,1368.0,2.0,8.0,5.0,4.0,1.0,4.0,3.0,57.142857142857146,0.0,0.0,0.0,,
2005,1368.0,1.0,6.0,5.0,4.0,1.0,4.0,3.0,57.142857142857146,0.0,0.0,0.0,,
2005,1368.0,2.0,2.0,5.0,4.0,7.0,4.0,5.0,57.142857142857146,0.0,0.0,0.0,,
2005,1895.0,2.0,51.0,1.0,4.0,2.0,1.0,0.0,613.75,1.0,0.0,600.0,2.0,5.0
2005,1895.0,1.0,52.0,1.0,4.0,1.0,1.0,0.0,613.75,2.0,0.0,1500.0,2.0,1.0
2005,1895.0,2.0,33.0,5.0,1.0,6.0,1.0,0.0,613.75,3.0,1.0,350.0,1.0,10.0
2005,1895.0,2.0,31.0,5.0,4.0,4.0,1.0,0.0,613.75,3.0,2.0,300.0,2.0,5.0
2005,1895.0,2.0,28.0,5.0,1.0,5.0,1.0,0.0,613.75,3.0,1.0,370.0,1.0,9.0
2005,1895.0,1.0,26.0,5.0,4.0,4.0,1.0,0.0,613.75,3.0,2.0,300.0,2.0,6.0
2005,1895.0,1.0,24.0,5.0,4.0,4.0,1.0,0.0,613.75,3.0,2.0,400.0,2.0,9.0
2005,1895.0,1.0,22.0,5.0,4.0,4.0,1.0,0.0,613.75,3.0,2.0,0.0,2.0,5.0
2005,1806.0,1.0,49.0,1.0,4.0,4.0,1.0,0.0,800.0,2.0,0.0,1200.0,2.0,2.0
2005,1806.0,2.0,32.0,1.0,4.0,4.0,1.0,0.0,800.0,2.0,0.0,1200.0,2.0,2.0
2005,1806.0,2.0,12.0,5.0,4.0,3.0,3.0,3.0,800.0,0.0,0.0,0.0,,
2005,1038.0,1.0,75.0,2.0,1.0,2.0,3.0,1.0,400.0,0.0,0.0,0.0,,
2005,1038.0,2.0,69.0,2.0,1.0,2.0,3.0,4.0,400.0,0.0,0.0,0.0,,
2005,1549.0,2.0,58.0,3.0,1.0,4.0,1.0,0.0,795.0,3.0,1.0,940.0,1.0,11.0
2005,1549.0,2.0,25.0,5.0,1.0,6.0,1.0,0.0,795.0,3.0,1.0,650.0,2.0,
2005,972.0,1.0,69.0,2.0,1.0,2.0,1.0,0.0,296.0,2.0,0.0,300.0,2.0,1.0
2005,972.0,2.0,70.0,2.0,1.0,2.0,3.0,7.0,296.0,0.0,0.0,0.0,,
2005,972.0,2.0,41.0,3.0,1.0,6.0,1.0,0.0,296.0,3.0,1.0,800.0,2.0,
2005,972.0,1.0,14.0,5.0,1.0,3.0,3.0,3.0,296.0,0.0,0.0,0.0,,
2005,972.0,1.0,13.0,5.0,1.0,3.0,3.0,3.0,296.0,0.0,0.0,0.0,,
2005,1127.0,2.0,39.0,5.0,4.0,7.0,3.0,4.0,23.333333333333332,0.0,0.0,0.0,,
2005,1127.0,1.0,15.0,5.0,4.0,3.0,3.0,3.0,23.333333333333332,0.0,0.0,0.0,,
2005,1127.0,1.0,13.0,5.0,4.0,1.0,1.0,0.0,23.333333333333332,3.0,2.0,0.0,2.0,2.0
2005,1127.0,2.0,11.0,5.0,4.0,1.0,3.0,3.0,23.333333333333332,0.0,0.0,0.0,,
2005,1127.0,1.0,9.0,5.0,4.0,1.0,4.0,3.0,23.333333333333332,0.0,0.0,0.0,,
2005,1127.0,1.0,7.0,5.0,4.0,1.0,4.0,3.0,23.333333333333332,0.0,0.0,0.0,,
2005,1127.0,2.0,4.0,5.0,4.0,7.0,4.0,5.0,23.333333333333332,0.0,0.0,0.0,,
2005,1127.0,1.0,2.0,5.0,4.0,7.0,4.0,5.0,23.333333333333332,0.0,0.0,0.0,,
2005,1127.0,1.0,18.0,5.0,4.0,7.0,2.0,0.0,23.333333333333332,2.0,0.0,0.0,,
2005,1109.0,1.0,68.0,5.0,1.0,4.0,3.0,4.0,450.0,0.0,0.0,0.0,,
2005,1109.0,1.0,55.0,2.0,1.0,2.0,1.0,0.0,250.0,3.0,1.0,1000.0,2.0,9.0
2005,1109.0,2.0,51.0,2.0,1.0,2.0,3.0,4.0,250.0,0.0,0.0,0.0,,
2005,1109.0,2.0,22.0,5.0,1.0,1.0,3.0,3.0,250.0,0.0,0.0,0.0,,
2005,1109.0,2.0,21.0,5.0,1.0,5.0,3.0,3.0,250.0,0.0,0.0,0.0,,
2005,1594.0,1.0,49.0,2.0,1.0,5.0,2.0,0.0,1045.0,3.0,0.0,0.0,,
2005,1594.0,2.0,48.0,2.0,1.0,6.0,1.0,0.0,1045.0,1.0,0.0,1800.0,2.0,4.0
2005,1594.0,2.0,21.0,5.0,1.0,5.0,3.0,3.0,1045.0,0.0,0.0,0.0,,
2005,1594.0,2.0,19.0,5.0,1.0,5.0,3.0,3.0,1045.0,0.0,0.0,0.0,,
2005,1679.0,1.0,48.0,5.0,4.0,1.0,1.0,0.0,180.0,3.0,2.0,150.0,2.0,
2005,1569.0,1.0,37.0,2.0,4.0,2.0,1.0,0.0,220.0,3.0,2.0,600.0,2.0,2.0
2005,1569.0,2.0,38.0,2.0,4.0,2.0,1.0,0.0,220.0,3.0,2.0,250.0,2.0,
2005,1569.0,2.0,6.0,5.0,4.0,1.0,4.0,3.0,220.0,0.0,0.0,0.0,,
2005,1569.0,2.0,64.0,3.0,4.0,1.0,3.0,7.0,220.0,0.0,0.0,0.0,,
2005,1569.0,1.0,15.0,5.0,4.0,3.0,3.0,3.0,220.0,0.0,0.0,0.0,,
2005,1145.0,1.0,66.0,2.0,4.0,2.0,2.0,0.0,100.0,3.0,0.0,0.0,,
2005,1145.0,2.0,66.0,2.0,4.0,2.0,2.0,0.0,100.0,0.0,0.0,0.0,,
2005,1480.0,1.0,29.0,2.0,1.0,6.0,1.0,0.0,900.0,3.0,1.0,1500.0,2.0,11.0
2005,1480.0,2.0,29.0,2.0,1.0,6.0,1.0,0.0,900.0,3.0,2.0,1200.0,1.0,12.0
2005,1480.0,2.0,,5.0,1.0,7.0,4.0,5.0,900.0,0.0,0.0,0.0,,
2005,1034.0,2.0,74.0,4.0,1.0,1.0,3.0,1.0,330.0,0.0,0.0,0.0,,
2005,1687.0,1.0,40.0,2.0,12.0,6.0,1.0,0.0,1400.0,3.0,1.0,2000.0,2.0,8.0
2005,1687.0,2.0,41.0,2.0,12.0,6.0,1.0,0.0,1400.0,1.0,0.0,2000.0,2.0,6.0
2005,1687.0,1.0,5.0,5.0,12.0,7.0,4.0,5.0,1400.0,0.0,0.0,0.0,,
2005,1687.0,1.0,4.0,5.0,12.0,7.0,4.0,5.0,1400.0,0.0,0.0,0.0,,
2005,1385.0,2.0,86.0,4.0,4.0,1.0,3.0,4.0,108.0,0.0,0.0,0.0,,
2005,1385.0,1.0,19.0,5.0,4.0,3.0,1.0,0.0,108.0,3.0,2.0,66.0,2.0,
2005,1025.0,1.0,82.0,2.0,1.0,1.0,3.0,1.0,575.0,0.0,0.0,0.0,,
2005,1025.0,2.0,74.0,2.0,1.0,2.0,3.0,4.0,575.0,0.0,0.0,0.0,,
2005,982.0,1.0,69.0,2.0,1.0,4.0,3.0,1.0,260.0,0.0,0.0,0.0,,
2005,982.0,2.0,65.0,2.0,1.0,3.0,3.0,4.0,260.0,0.0,0.0,0.0,,
2005,1523.0,1.0,34.0,1.0,4.0,5.0,1.0,0.0,212.5,2.0,0.0,250.0,2.0,1.0
2005,1523.0,2.0,35.0,1.0,4.0,3.0,1.0,0.0,212.5,3.0,2.0,600.0,2.0,6.0
2005,1523.0,1.0,5.0,5.0,4.0,7.0,4.0,5.0,212.5,0.0,0.0,0.0,,
2005,1523.0,1.0,7.0,5.0,4.0,1.0,4.0,3.0,212.5,0.0,0.0,0.0,,
2005,1658.0,1.0,22.0,2.0,1.0,5.0,1.0,0.0,915.0,3.0,1.0,1120.0,2.0,8.0
2005,1658.0,2.0,23.0,2.0,1.0,5.0,2.0,0.0,915.0,3.0,0.0,0.0,,
2005,1596.0,2.0,38.0,5.0,4.0,1.0,1.0,0.0,150.0,3.0,2.0,150.0,1.0,3.0
2005,1596.0,2.0,17.0,5.0,4.0,3.0,1.0,0.0,150.0,3.0,2.0,150.0,2.0,
2005,1596.0,1.0,5.0,5.0,4.0,7.0,4.0,5.0,150.0,0.0,0.0,0.0,,
2005,1141.0,2.0,74.0,4.0,1.0,5.0,3.0,1.0,700.0,0.0,0.0,0.0,,
2005,1376.0,1.0,39.0,1.0,4.0,3.0,1.0,0.0,30.0,2.0,0.0,150.0,2.0,1.0
2005,1376.0,2.0,37.0,1.0,4.0,4.0,3.0,4.0,30.0,0.0,0.0,0.0,,
2005,1376.0,1.0,8.0,5.0,4.0,1.0,4.0,3.0,30.0,0.0,0.0,0.0,,
2005,1376.0,1.0,5.0,5.0,4.0,7.0,4.0,5.0,30.0,0.0,0.0,0.0,,
2005,1376.0,1.0,2.0,5.0,4.0,7.0,4.0,5.0,30.0,0.0,0.0,0.0,,
2005,1020.0,1.0,70.0,2.0,1.0,2.0,3.0,1.0,900.0,0.0,0.0,0.0,,
2005,1020.0,2.0,71.0,2.0,1.0,2.0,1.0,0.0,900.0,2.0,0.0,600.0,2.0,1.0
2005,1303.0,2.0,52.0,3.0,4.0,1.0,1.0,0.0,37.5,3.0,2.0,150.0,1.0,4.0
2005,1303.0,2.0,17.0,5.0,4.0,3.0,3.0,3.0,37.5,0.0,0.0,0.0,,
2005,1303.0,2.0,15.0,5.0,4.0,3.0,3.0,3.0,37.5,0.0,0.0,0.0,,
2005,1303.0,1.0,8.0,5.0,4.0,1.0,4.0,3.0,37.5,0.0,0.0,0.0,,
2005,1421.0,1.0,33.0,5.0,1.0,6.0,1.0,0.0,1576.0,3.0,1.0,1252.0,2.0,
2005,1421.0,2.0,30.0,5.0,4.0,5.0,2.0,0.0,1576.0,0.0,0.0,0.0,,
2005,1035.0,1.0,69.0,2.0,4.0,3.0,3.0,4.0,150.0,0.0,0.0,0.0,,
2005,1035.0,2.0,62.0,2.0,4.0,3.0,1.0,0.0,150.0,3.0,2.0,50.0,2.0,
2005,1206.0,2.0,79.0,4.0,1.0,2.0,3.0,1.0,330.0,0.0,0.0,0.0,,
2005,1386.0,1.0,49.0,1.0,4.0,6.0,1.0,0.0,300.0,3.0,2.0,1200.0,2.0,2.0
2005,1386.0,2.0,29.0,1.0,4.0,5.0,3.0,3.0,300.0,0.0,0.0,0.0,,
2005,1386.0,1.0,12.0,5.0,4.0,1.0,3.0,3.0,300.0,0.0,0.0,0.0,,
2005,1386.0,1.0,10.0,5.0,4.0,1.0,3.0,3.0,300.0,0.0,0.0,0.0,,
2005,688.0,2.0,88.0,4.0,1.0,7.0,3.0,1.0,127.77777777777777,0.0,0.0,0.0,,
2005,688.0,1.0,68.0,5.0,4.0,2.0,3.0,7.0,127.77777777777777,0.0,0.0,0.0,,
2005,688.0,2.0,30.0,3.0,4.0,2.0,3.0,4.0,127.77777777777777,0.0,0.0,0.0,,
2005,688.0,2.0,12.0,5.0,4.0,1.0,3.0,3.0,127.77777777777777,0.0,0.0,0.0,,
2005,688.0,1.0,11.0,5.0,4.0,1.0,3.0,3.0,127.77777777777777,0.0,0.0,0.0,,
2005,688.0,1.0,10.0,5.0,4.0,1.0,3.0,3.0,127.77777777777777,0.0,0.0,0.0,,
2005,688.0,2.0,9.0,5.0,4.0,1.0,4.0,3.0,127.77777777777777,0.0,0.0,0.0,,
2005,688.0,2.0,7.0,5.0,4.0,1.0,4.0,3.0,127.77777777777777,0.0,0.0,0.0,,
2005,688.0,2.0,2.0,5.0,4.0,7.0,4.0,5.0,127.77777777777777,0.0,0.0,0.0,,
2005,1979.0,1.0,57.0,3.0,4.0,1.0,3.0,4.0,30.0,0.0,0.0,0.0,,
2005,1338.0,1.0,33.0,1.0,1.0,4.0,1.0,0.0,333.3333333333333,3.0,1.0,1000.0,2.0,
2005,1338.0,2.0,26.0,1.0,1.0,3.0,1.0,0.0,333.3333333333333,2.0,0.0,0.0,2.0,1.0
2005,1338.0,2.0,6.0,5.0,1.0,1.0,4.0,3.0,333.3333333333333,0.0,0.0,0.0,,
2005,1368.0,2.0,63.0,3.0,4.0,4.0,3.0,4.0,350.0,0.0,0.0,0.0,,
2005,1368.0,1.0,30.0,2.0,2.0,3.0,1.0,0.0,350.0,3.0,2.0,1200.0,2.0,
2005,1368.0,2.0,27.0,2.0,2.0,4.0,3.0,4.0,350.0,0.0,0.0,0.0,,
2005,1368.0,1.0,4.0,5.0,2.0,7.0,4.0,5.0,350.0,0.0,0.0,0.0,,
2005,1277.0,1.0,64.0,2.0,1.0,5.0,1.0,0.0,1566.6666666666667,3.0,2.0,1800.0,2.0,11.0
2005,1277.0,2.0,62.0,2.0,1.0,4.0,1.0,0.0,1566.6666666666667,3.0,2.0,300.0,2.0,5.0
2005,1277.0,1.0,31.0,5.0,1.0,6.0,1.0,0.0,1566.6666666666667,3.0,1.0,1200.0,2.0,9.0
2005,3154.0,1.0,58.0,2.0,4.0,2.0,1.0,0.0,93.33333333333333,2.0,0.0,130.0,2.0,1.0
2005,3154.0,2.0,36.0,5.0,4.0,2.0,3.0,4.0,93.33333333333333,0.0,0.0,0.0,,
2005,3154.0,1.0,3.0,5.0,4.0,7.0,4.0,5.0,93.33333333333333,0.0,0.0,0.0,,
2005,1232.0,1.0,29.0,1.0,1.0,3.0,1.0,0.0,283.3333333333333,3.0,1.0,550.0,2.0,7.0
2005,1232.0,2.0,36.0,1.0,1.0,4.0,3.0,4.0,283.3333333333333,0.0,0.0,0.0,,
2005,1232.0,2.0,1.0,5.0,4.0,7.0,4.0,5.0,283.3333333333333,0.0,0.0,0.0,,
2005,1002.0,1.0,75.0,2.0,2.0,2.0,3.0,1.0,475.0,0.0,0.0,0.0,,
2005,1002.0,2.0,73.0,2.0,2.0,2.0,3.0,4.0,475.0,0.0,0.0,0.0,,
2005,1022.0,1.0,53.0,3.0,4.0,2.0,1.0,0.0,195.0,3.0,2.0,780.0,2.0,
2005,1022.0,2.0,11.0,5.0,4.0,1.0,3.0,3.0,195.0,0.0,0.0,0.0,,
2005,1022.0,2.0,14.0,5.0,4.0,3.0,3.0,3.0,195.0,0.0,0.0,0.0,,
2005,1022.0,2.0,21.0,5.0,4.0,5.0,3.0,3.0,195.0,0.0,0.0,0.0,,
2005,1494.0,1.0,34.0,5.0,1.0,5.0,1.0,0.0,1780.0,3.0,1.0,1130.0,2.0,6.0
2005,1240.0,2.0,43.0,1.0,2.0,3.0,1.0,0.0,1000.0,3.0,1.0,1300.0,2.0,10.0
2005,1240.0,1.0,48.0,1.0,2.0,3.0,1.0,0.0,1000.0,3.0,1.0,1700.0,2.0,7.0
2005,1240.0,2.0,4.0,5.0,2.0,7.0,4.0,5.0,1000.0,0.0,0.0,0.0,,
2005,1362.0,1.0,39.0,1.0,1.0,2.0,1.0,0.0,218.75,3.0,1.0,800.0,2.0,
2005,1362.0,2.0,42.0,1.0,1.0,2.0,1.0,0.0,218.75,3.0,2.0,75.0,2.0,4.0
2005,1362.0,1.0,14.0,5.0,1.0,3.0,3.0,3.0,218.75,0.0,0.0,0.0,,
2005,1362.0,1.0,8.0,5.0,1.0,1.0,4.0,3.0,218.75,0.0,0.0,0.0,,
2005,1212.0,1.0,39.0,2.0,1.0,4.0,2.0,0.0,300.0,2.0,0.0,0.0,,
2005,1212.0,2.0,40.0,2.0,1.0,4.0,1.0,0.0,300.0,3.0,1.0,900.0,1.0,12.0
2005,1212.0,1.0,11.0,5.0,1.0,1.0,3.0,3.0,300.0,0.0,0.0,0.0,,
2005,919.0,1.0,66.0,2.0,4.0,1.0,1.0,0.0,75.0,3.0,2.0,150.0,1.0,6.0
2005,919.0,2.0,69.0,2.0,4.0,2.0,3.0,4.0,75.0,0.0,0.0,0.0,,
2005,1176.0,1.0,60.0,3.0,4.0,2.0,1.0,0.0,400.0,3.0,2.0,400.0,2.0,6.0
2005,1066.0,1.0,56.0,3.0,4.0,4.0,1.0,0.0,733.3333333333334,3.0,2.0,800.0,2.0,2.0
2005,1066.0,2.0,51.0,4.0,1.0,6.0,1.0,0.0,733.3333333333334,3.0,1.0,1200.0,2.0,7.0
2005,1066.0,2.0,14.0,5.0,1.0,3.0,3.0,3.0,733.3333333333334,0.0,0.0,0.0,,
2005,2163.0,1.0,41.0,1.0,4.0,1.0,2.0,0.0,50.0,3.0,0.0,0.0,,
2005,2163.0,2.0,25.0,1.0,4.0,3.0,2.0,0.0,50.0,3.0,0.0,0.0,,
2005,1834.0,1.0,50.0,2.0,1.0,1.0,1.0,0.0,168.75,3.0,1.0,800.0,2.0,5.0
2005,1834.0,2.0,47.0,2.0,1.0,1.0,3.0,4.0,168.75,0.0,0.0,0.0,,
2005,1834.0,2.0,17.0,5.0,1.0,3.0,3.0,3.0,168.75,0.0,0.0,0.0,,
2005,1834.0,1.0,23.0,5.0,4.0,2.0,1.0,0.0,168.75,3.0,2.0,400.0,2.0,5.0
2005,1834.0,2.0,30.0,5.0,4.0,2.0,1.0,0.0,168.75,3.0,2.0,0.0,2.0,6.0
2005,1834.0,1.0,12.0,5.0,4.0,1.0,3.0,3.0,168.75,0.0,0.0,0.0,,
2005,1834.0,1.0,6.0,5.0,4.0,1.0,4.0,3.0,168.75,0.0,0.0,0.0,,
2005,1834.0,1.0,37.0,5.0,4.0,1.0,3.0,6.0,168.75,0.0,0.0,0.0,,
2005,1834.0,1.0,25.0,1.0,4.0,3.0,1.0,0.0,200.0,3.0,2.0,400.0,2.0,7.0
2005,1834.0,2.0,34.0,1.0,4.0,3.0,3.0,1.0,200.0,0.0,0.0,0.0,,
2005,1834.0,2.0,4.0,5.0,4.0,7.0,4.0,5.0,200.0,0.0,0.0,0.0,,
2005,1834.0,1.0,23.0,1.0,4.0,3.0,1.0,0.0,66.66666666666667,3.0,2.0,200.0,2.0,9.0
2005,1834.0,2.0,18.0,1.0,4.0,3.0,3.0,4.0,66.66666666666667,0.0,0.0,0.0,,
2005,1834.0,2.0,,5.0,4.0,7.0,4.0,5.0,66.66666666666667,0.0,0.0,0.0,,
2005,1222.0,1.0,33.0,5.0,4.0,5.0,3.0,4.0,0.0,0.0,0.0,0.0,,
2005,1290.0,1.0,48.0,2.0,4.0,2.0,1.0,0.0,600.0,3.0,2.0,1800.0,2.0,
2005,1290.0,2.0,49.0,2.0,4.0,2.0,3.0,4.0,600.0,0.0,0.0,0.0,,
2005,1290.0,1.0,13.0,5.0,4.0,1.0,3.0,3.0,600.0,0.0,0.0,0.0,,
2005,1135.0,1.0,55.0,2.0,4.0,2.0,1.0,0.0,683.3333333333334,2.0,0.0,0.0,2.0,1.0
2005,1135.0,2.0,54.0,2.0,4.0,3.0,3.0,4.0,683.3333333333334,0.0,0.0,0.0,,
2005,1135.0,1.0,31.0,3.0,4.0,3.0,1.0,0.0,683.3333333333334,2.0,0.0,750.0,2.0,2.0
2005,2869.0,1.0,64.0,2.0,4.0,5.0,3.0,4.0,250.0,0.0,0.0,0.0,,
2005,2869.0,2.0,66.0,2.0,4.0,6.0,3.0,4.0,250.0,0.0,0.0,0.0,,
2005,1171.0,1.0,45.0,2.0,4.0,2.0,1.0,0.0,110.0,2.0,0.0,400.0,2.0,1.0
2005,1171.0,2.0,41.0,2.0,4.0,2.0,2.0,0.0,110.0,3.0,0.0,0.0,,
2005,1171.0,2.0,19.0,5.0,4.0,5.0,2.0,0.0,110.0,3.0,0.0,0.0,,
2005,1171.0,2.0,16.0,5.0,4.0,3.0,3.0,3.0,110.0,0.0,0.0,0.0,,
2005,1171.0,1.0,14.0,5.0,4.0,3.0,3.0,3.0,110.0,0.0,0.0,0.0,,
2005,1803.0,1.0,40.0,2.0,4.0,3.0,1.0,0.0,195.0,3.0,2.0,500.0,2.0,
2005,1803.0,2.0,38.0,2.0,4.0,3.0,1.0,0.0,195.0,3.0,2.0,120.0,2.0,
2005,1803.0,1.0,15.0,5.0,4.0,3.0,3.0,3.0,195.0,0.0,0.0,0.0,,
2005,1803.0,1.0,16.0,5.0,4.0,3.0,3.0,3.0,195.0,0.0,0.0,0.0,,
2005,1126.0,1.0,33.0,2.0,1.0,6.0,1.0,0.0,183.33333333333334,3.0,1.0,1100.0,1.0,9.0
2005,1126.0,2.0,37.0,2.0,1.0,3.0,3.0,4.0,183.33333333333334,0.0,0.0,0.0,,
2005,1126.0,1.0,3.0,5.0,1.0,7.0,4.0,5.0,183.33333333333334,0.0,0.0,0.0,,
2005,1126.0,2.0,9.0,5.0,1.0,1.0,4.0,3.0,183.33333333333334,0.0,0.0,0.0,,
2005,1126.0,2.0,7.0,5.0,1.0,1.0,4.0,3.0,183.33333333333334,0.0,0.0,0.0,,
2005,1126.0,2.0,2.0,5.0,1.0,7.0,4.0,5.0,183.33333333333334,0.0,0.0,0.0,,
2005,1101.0,1.0,52.0,2.0,1.0,3.0,1.0,0.0,450.0,3.0,1.0,1200.0,2.0,11.0
2005,1101.0,2.0,50.0,2.0,1.0,2.0,3.0,4.0,450.0,0.0,0.0,0.0,,
2005,1101.0,1.0,26.0,5.0,1.0,4.0,1.0,0.0,450.0,3.0,1.0,600.0,2.0,7.0
2005,1101.0,2.0,8.0,5.0,1.0,1.0,4.0,3.0,450.0,0.0,0.0,0.0,,
2005,1519.0,2.0,39.0,5.0,1.0,2.0,1.0,0.0,379.0,3.0,1.0,700.0,2.0,
2005,1519.0,1.0,5.0,5.0,1.0,7.0,4.0,5.0,379.0,0.0,0.0,0.0,,
2005,1402.0,1.0,30.0,2.0,1.0,5.0,1.0,0.0,333.3333333333333,3.0,1.0,1000.0,1.0,5.0
2005,1402.0,2.0,20.0,2.0,1.0,5.0,3.0,4.0,333.3333333333333,0.0,0.0,0.0,,
2005,1402.0,2.0,1.0,5.0,1.0,7.0,4.0,5.0,333.3333333333333,0.0,0.0,0.0,,
2005,1172.0,2.0,51.0,4.0,4.0,3.0,2.0,0.0,80.0,0.0,0.0,0.0,,
2005,1172.0,1.0,27.0,5.0,4.0,3.0,1.0,0.0,80.0,3.0,2.0,0.0,2.0,7.0
2005,1172.0,2.0,29.0,2.0,4.0,5.0,2.0,0.0,80.0,3.0,0.0,0.0,,
2005,1172.0,2.0,7.0,5.0,4.0,1.0,4.0,3.0,80.0,0.0,0.0,0.0,,
2005,1172.0,1.0,35.0,2.0,4.0,4.0,1.0,0.0,80.0,3.0,2.0,0.0,2.0,
2005,1050.0,2.0,68.0,4.0,1.0,2.0,3.0,1.0,680.0,0.0,0.0,0.0,,
2005,1489.0,2.0,51.0,2.0,4.0,4.0,3.0,4.0,175.0,0.0,0.0,0.0,,
2005,1489.0,1.0,46.0,2.0,4.0,4.0,1.0,0.0,175.0,2.0,0.0,700.0,2.0,1.0
2005,1489.0,2.0,22.0,5.0,4.0,4.0,2.0,0.0,175.0,0.0,0.0,0.0,,
2005,1489.0,2.0,7.0,5.0,4.0,1.0,4.0,3.0,175.0,0.0,0.0,0.0,,
2005,1165.0,1.0,73.0,3.0,4.0,2.0,3.0,1.0,416.6666666666667,0.0,0.0,0.0,,
2005,1165.0,2.0,32.0,3.0,1.0,2.0,1.0,0.0,416.6666666666667,3.0,1.0,500.0,2.0,
2005,1165.0,2.0,8.0,5.0,1.0,1.0,4.0,3.0,416.6666666666667,0.0,0.0,0.0,,
2005,1153.0,2.0,35.0,1.0,4.0,2.0,1.0,0.0,390.0,3.0,2.0,350.0,2.0,6.0
2005,1153.0,2.0,15.0,5.0,1.0,3.0,3.0,3.0,390.0,0.0,0.0,0.0,,
2005,1153.0,2.0,14.0,5.0,1.0,3.0,3.0,3.0,390.0,0.0,0.0,0.0,,
2005,1153.0,2.0,8.0,5.0,1.0,1.0,4.0,3.0,390.0,0.0,0.0,0.0,,
2005,1153.0,1.0,29.0,1.0,4.0,1.0,1.0,0.0,390.0,1.0,0.0,1000.0,2.0,2.0
2005,1182.0,1.0,64.0,4.0,4.0,3.0,1.0,0.0,866.6666666666666,2.0,0.0,1100.0,2.0,1.0
2005,1182.0,2.0,26.0,5.0,1.0,6.0,1.0,0.0,866.6666666666666,3.0,1.0,800.0,2.0,8.0
2005,1182.0,1.0,24.0,5.0,1.0,5.0,1.0,0.0,866.6666666666666,3.0,1.0,700.0,2.0,
2005,1214.0,2.0,55.0,4.0,4.0,2.0,2.0,0.0,200.0,3.0,0.0,0.0,,
2005,1214.0,1.0,28.0,5.0,4.0,3.0,1.0,0.0,200.0,3.0,2.0,600.0,2.0,
2005,1214.0,1.0,23.0,5.0,4.0,4.0,2.0,0.0,200.0,3.0,0.0,0.0,,
2005,1287.0,2.0,68.0,4.0,1.0,2.0,2.0,0.0,330.0,3.0,0.0,0.0,,
2005,1287.0,1.0,30.0,5.0,4.0,3.0,1.0,0.0,330.0,3.0,2.0,100.0,2.0,2.0
2005,1065.0,1.0,40.0,1.0,4.0,3.0,1.0,0.0,333.57142857142856,2.0,0.0,1000.0,2.0,1.0
2005,1065.0,2.0,34.0,1.0,4.0,3.0,3.0,4.0,333.57142857142856,0.0,0.0,0.0,,
2005,1065.0,1.0,16.0,5.0,4.0,3.0,3.0,3.0,333.57142857142856,0.0,0.0,0.0,,
2005,1065.0,2.0,14.0,5.0,4.0,3.0,3.0,3.0,333.57142857142856,0.0,0.0,0.0,,
2005,1065.0,2.0,10.0,5.0,4.0,1.0,3.0,3.0,333.57142857142856,0.0,0.0,0.0,,
2005,1065.0,2.0,4.0,5.0,4.0,7.0,4.0,5.0,333.57142857142856,0.0,0.0,0.0,,
2005,1065.0,2.0,63.0,4.0,1.0,1.0,3.0,1.0,333.57142857142856,0.0,0.0,0.0,,
2005,1493.0,1.0,22.0,5.0,4.0,2.0,2.0,0.0,217.0,3.0,0.0,0.0,,
2005,1493.0,1.0,35.0,5.0,1.0,3.0,3.0,1.0,217.0,0.0,0.0,0.0,,
2005,1662.0,2.0,42.0,5.0,4.0,2.0,1.0,0.0,77.5,3.0,2.0,160.0,2.0,
2005,1662.0,2.0,17.0,5.0,4.0,3.0,3.0,3.0,77.5,0.0,0.0,0.0,,
2005,1662.0,2.0,15.0,5.0,4.0,3.0,3.0,3.0,77.5,0.0,0.0,0.0,,
2005,1662.0,1.0,12.0,5.0,4.0,1.0,3.0,3.0,77.5,0.0,0.0,0.0,,
2005,1088.0,2.0,44.0,4.0,1.0,3.0,3.0,1.0,93.33333333333333,0.0,0.0,0.0,,
2005,1088.0,2.0,15.0,5.0,1.0,3.0,3.0,3.0,93.33333333333333,0.0,0.0,0.0,,
2005,1088.0,2.0,10.0,5.0,1.0,1.0,3.0,3.0,93.33333333333333,0.0,0.0,0.0,,
2005,1160.0,1.0,77.0,4.0,1.0,2.0,3.0,1.0,500.0,0.0,0.0,0.0,,
2005,1042.0,2.0,75.0,4.0,2.0,3.0,3.0,1.0,740.0,0.0,0.0,0.0,,
2005,1042.0,2.0,43.0,5.0,12.0,6.0,1.0,0.0,740.0,3.0,1.0,730.0,2.0,11.0
2005,1144.0,1.0,35.0,2.0,1.0,3.0,1.0,0.0,766.6666666666666,2.0,0.0,1000.0,2.0,2.0
2005,1144.0,2.0,34.0,2.0,1.0,6.0,1.0,0.0,766.6666666666666,3.0,1.0,1000.0,2.0,1.0
2005,1144.0,2.0,13.0,5.0,1.0,3.0,3.0,3.0,766.6666666666666,0.0,0.0,0.0,,
2005,1737.0,2.0,58.0,4.0,1.0,4.0,2.0,0.0,246.66666666666666,2.0,0.0,0.0,,
2005,1737.0,1.0,30.0,5.0,4.0,4.0,1.0,0.0,246.66666666666666,3.0,2.0,160.0,2.0,
2005,1737.0,2.0,36.0,5.0,4.0,5.0,1.0,0.0,246.66666666666666,3.0,2.0,0.0,2.0,
2005,1495.0,2.0,72.0,4.0,4.0,1.0,1.0,0.0,40.0,2.0,0.0,10.0,2.0,1.0
2005,1264.0,1.0,25.0,2.0,1.0,4.0,1.0,0.0,900.0,3.0,1.0,1800.0,2.0,6.0
2005,1264.0,2.0,26.0,2.0,1.0,5.0,3.0,3.0,900.0,0.0,0.0,0.0,,
2005,1477.0,1.0,37.0,2.0,1.0,2.0,1.0,0.0,233.33333333333334,3.0,1.0,700.0,2.0,12.0
2005,1477.0,2.0,46.0,2.0,1.0,1.0,2.0,0.0,233.33333333333334,0.0,0.0,0.0,,
2005,1477.0,2.0,11.0,5.0,1.0,1.0,3.0,3.0,233.33333333333334,0.0,0.0,0.0,,
2005,1380.0,1.0,63.0,2.0,1.0,3.0,1.0,0.0,400.0,2.0,0.0,600.0,2.0,1.0
2005,1380.0,2.0,58.0,2.0,1.0,3.0,3.0,4.0,400.0,0.0,0.0,0.0,,
2005,1380.0,1.0,30.0,3.0,1.0,3.0,1.0,0.0,400.0,3.0,1.0,1000.0,2.0,7.0
2005,1380.0,1.0,28.0,5.0,1.0,5.0,3.0,3.0,400.0,0.0,0.0,0.0,,
2005,1411.0,1.0,24.0,1.0,4.0,2.0,1.0,0.0,263.3333333333333,3.0,2.0,790.0,2.0,2.0
2005,1411.0,2.0,28.0,1.0,4.0,2.0,3.0,4.0,263.3333333333333,0.0,0.0,0.0,,
2005,1411.0,1.0,3.0,5.0,4.0,7.0,4.0,5.0,263.3333333333333,0.0,0.0,0.0,,
2005,1456.0,1.0,68.0,2.0,4.0,2.0,1.0,0.0,200.0,2.0,0.0,200.0,2.0,1.0
2005,1181.0,1.0,52.0,1.0,4.0,2.0,3.0,4.0,32.857142857142854,0.0,0.0,0.0,,
2005,1181.0,2.0,32.0,1.0,4.0,2.0,1.0,0.0,32.857142857142854,2.0,0.0,20.0,2.0,5.0
2005,1181.0,1.0,16.0,5.0,4.0,1.0,1.0,0.0,32.857142857142854,2.0,0.0,20.0,2.0,5.0
2005,1181.0,1.0,13.0,5.0,4.0,1.0,1.0,0.0,32.857142857142854,2.0,0.0,20.0,2.0,5.0
2005,1181.0,2.0,7.0,5.0,4.0,1.0,4.0,3.0,32.857142857142854,0.0,0.0,0.0,,
2005,1181.0,2.0,2.0,5.0,4.0,7.0,4.0,5.0,32.857142857142854,0.0,0.0,0.0,,
2005,1181.0,2.0,10.0,5.0,4.0,1.0,1.0,0.0,32.857142857142854,2.0,0.0,20.0,2.0,5.0
2005,1285.0,1.0,33.0,1.0,1.0,4.0,1.0,0.0,615.0,3.0,1.0,1345.0,2.0,8.0
2005,1285.0,2.0,26.0,1.0,4.0,3.0,1.0,0.0,615.0,3.0,2.0,500.0,2.0,3.0
2005,1285.0,1.0,,5.0,4.0,7.0,4.0,5.0,615.0,0.0,0.0,0.0,,
2005,1691.0,2.0,35.0,3.0,1.0,3.0,1.0,0.0,153.33333333333334,3.0,2.0,160.0,2.0,
2005,1691.0,1.0,17.0,5.0,1.0,3.0,3.0,3.0,153.33333333333334,0.0,0.0,0.0,,
2005,1691.0,1.0,12.0,5.0,1.0,3.0,3.0,3.0,153.33333333333334,0.0,0.0,0.0,,
2005,1691.0,2.0,14.0,5.0,1.0,3.0,3.0,3.0,153.33333333333334,0.0,0.0,0.0,,
2005,1691.0,2.0,32.0,1.0,4.0,2.0,1.0,0.0,153.33333333333334,3.0,2.0,150.0,1.0,
2005,1691.0,1.0,11.0,5.0,4.0,1.0,3.0,3.0,153.33333333333334,0.0,0.0,0.0,,
2005,1126.0,2.0,88.0,4.0,1.0,2.0,3.0,1.0,350.0,0.0,0.0,0.0,,
2005,1258.0,1.0,55.0,2.0,1.0,2.0,1.0,0.0,250.0,3.0,1.0,1000.0,2.0,7.0
2005,1258.0,2.0,52.0,2.0,1.0,2.0,3.0,4.0,250.0,0.0,0.0,0.0,,
2005,1258.0,2.0,25.0,5.0,1.0,5.0,2.0,0.0,250.0,3.0,0.0,0.0,,
2005,1258.0,2.0,23.0,5.0,1.0,5.0,3.0,3.0,250.0,0.0,0.0,0.0,,
2005,1322.0,1.0,47.0,2.0,4.0,1.0,1.0,0.0,254.8,3.0,2.0,720.0,2.0,2.0
2005,1322.0,2.0,48.0,2.0,4.0,2.0,1.0,0.0,254.8,3.0,2.0,150.0,1.0,
2005,1322.0,2.0,82.0,4.0,1.0,1.0,3.0,1.0,254.8,0.0,0.0,0.0,,
2005,1322.0,2.0,30.0,5.0,4.0,3.0,1.0,0.0,254.8,3.0,2.0,400.0,2.0,
2005,1322.0,2.0,25.0,5.0,4.0,2.0,1.0,0.0,254.8,3.0,2.0,130.0,2.0,
2005,1322.0,1.0,24.0,5.0,1.0,1.0,1.0,0.0,254.8,3.0,1.0,600.0,2.0,
2005,1322.0,1.0,19.0,5.0,4.0,2.0,2.0,0.0,254.8,3.0,0.0,0.0,,
2005,1322.0,1.0,14.0,5.0,4.0,3.0,3.0,3.0,254.8,0.0,0.0,0.0,,
2005,1322.0,1.0,14.0,5.0,4.0,3.0,3.0,3.0,254.8,0.0,0.0,0.0,,
2005,1322.0,1.0,13.0,5.0,4.0,3.0,3.0,3.0,254.8,0.0,0.0,0.0,,
2005,1280.0,2.0,50.0,3.0,4.0,2.0,1.0,0.0,102.5,3.0,2.0,150.0,1.0,7.0
2005,1280.0,1.0,17.0,5.0,4.0,3.0,2.0,0.0,102.5,3.0,0.0,0.0,,
2005,1280.0,1.0,12.0,5.0,4.0,1.0,3.0,3.0,102.5,0.0,0.0,0.0,,
2005,1280.0,1.0,6.0,5.0,4.0,1.0,4.0,3.0,102.5,0.0,0.0,0.0,,
2005,1352.0,1.0,28.0,2.0,1.0,5.0,1.0,0.0,790.0,3.0,1.0,880.0,2.0,
2005,1352.0,2.0,28.0,2.0,1.0,6.0,1.0,0.0,790.0,3.0,1.0,700.0,2.0,5.0
2005,2977.0,1.0,45.0,2.0,1.0,1.0,1.0,0.0,450.0,3.0,1.0,600.0,2.0,8.0
2005,2977.0,2.0,37.0,2.0,1.0,1.0,3.0,4.0,450.0,0.0,0.0,0.0,,
2005,1181.0,2.0,86.0,4.0,1.0,2.0,3.0,1.0,350.0,0.0,0.0,0.0,,
2005,1181.0,2.0,38.0,5.0,1.0,5.0,2.0,0.0,350.0,3.0,0.0,0.0,,
2005,1438.0,1.0,48.0,2.0,1.0,3.0,1.0,0.0,620.0,3.0,1.0,1500.0,2.0,7.0
2005,1438.0,2.0,45.0,2.0,1.0,3.0,3.0,4.0,620.0,0.0,0.0,0.0,,
2005,1438.0,1.0,24.0,5.0,1.0,4.0,1.0,0.0,620.0,3.0,1.0,800.0,2.0,7.0
2005,1438.0,1.0,23.0,5.0,1.0,4.0,1.0,0.0,620.0,3.0,1.0,800.0,2.0,7.0
2005,1438.0,1.0,13.0,5.0,1.0,3.0,3.0,3.0,620.0,0.0,0.0,0.0,,
2005,1413.0,1.0,46.0,2.0,4.0,4.0,1.0,0.0,362.5,2.0,0.0,700.0,2.0,1.0
2005,1413.0,2.0,43.0,2.0,4.0,4.0,1.0,0.0,362.5,3.0,2.0,450.0,2.0,6.0
2005,1413.0,1.0,21.0,5.0,4.0,5.0,2.0,0.0,362.5,3.0,0.0,0.0,,
2005,1413.0,2.0,16.0,5.0,4.0,3.0,3.0,3.0,362.5,0.0,0.0,0.0,,
2005,1177.0,2.0,68.0,4.0,1.0,1.0,3.0,1.0,545.0,0.0,0.0,0.0,,
2005,1177.0,1.0,35.0,3.0,1.0,3.0,1.0,0.0,545.0,3.0,1.0,750.0,2.0,8.0
2005,1098.0,1.0,66.0,2.0,2.0,4.0,1.0,0.0,1500.0,3.0,1.0,2000.0,2.0,9.0
2005,1098.0,2.0,64.0,2.0,2.0,2.0,3.0,4.0,1500.0,0.0,0.0,0.0,,
2005,1264.0,1.0,32.0,2.0,1.0,4.0,1.0,0.0,425.0,2.0,0.0,1300.0,2.0,1.0
2005,1264.0,2.0,29.0,2.0,1.0,5.0,1.0,0.0,425.0,3.0,2.0,400.0,2.0,2.0
2005,1264.0,1.0,4.0,5.0,1.0,7.0,4.0,5.0,425.0,0.0,0.0,0.0,,
2005,1264.0,2.0,,5.0,1.0,7.0,4.0,5.0,425.0,0.0,0.0,0.0,,
2005,1223.0,2.0,46.0,3.0,4.0,3.0,1.0,0.0,200.0,3.0,2.0,400.0,2.0,
2005,1223.0,1.0,20.0,5.0,4.0,3.0,1.0,0.0,200.0,3.0,2.0,100.0,2.0,2.0
2005,1223.0,1.0,16.0,5.0,4.0,3.0,3.0,3.0,200.0,0.0,0.0,0.0,,
2005,1223.0,2.0,14.0,5.0,4.0,1.0,3.0,3.0,200.0,0.0,0.0,0.0,,
2005,1098.0,1.0,73.0,5.0,4.0,4.0,1.0,0.0,400.0,2.0,0.0,400.0,2.0,1.0
2005,2826.0,1.0,58.0,2.0,4.0,2.0,1.0,0.0,233.33333333333334,3.0,1.0,700.0,2.0,9.0
2005,2826.0,2.0,56.0,2.0,4.0,1.0,3.0,4.0,233.33333333333334,0.0,0.0,0.0,,
2005,2826.0,1.0,14.0,5.0,4.0,3.0,3.0,3.0,233.33333333333334,0.0,0.0,0.0,,
2005,1227.0,1.0,51.0,2.0,1.0,6.0,1.0,0.0,530.0,3.0,1.0,1120.0,2.0,9.0
2005,1227.0,2.0,20.0,1.0,4.0,5.0,1.0,0.0,530.0,3.0,2.0,250.0,2.0,3.0
2005,1227.0,1.0,21.0,1.0,1.0,5.0,2.0,0.0,530.0,3.0,0.0,0.0,,
2005,1227.0,2.0,50.0,2.0,1.0,5.0,2.0,0.0,530.0,0.0,0.0,0.0,,
2005,1478.0,1.0,75.0,3.0,1.0,1.0,1.0,0.0,466.6666666666667,2.0,0.0,400.0,2.0,1.0
2005,1478.0,2.0,38.0,1.0,1.0,3.0,1.0,0.0,466.6666666666667,3.0,1.0,200.0,2.0,
2005,1478.0,1.0,36.0,1.0,,3.0,1.0,0.0,466.6666666666667,3.0,2.0,450.0,2.0,2.0
2005,1330.0,1.0,35.0,2.0,2.0,6.0,1.0,0.0,1675.0,3.0,1.0,1180.0,2.0,9.0
2005,1330.0,2.0,38.0,2.0,2.0,6.0,1.0,0.0,1675.0,3.0,1.0,1700.0,2.0,9.0
2005,975.0,1.0,50.0,1.0,4.0,5.0,1.0,0.0,233.33333333333334,2.0,0.0,700.0,2.0,1.0
2005,975.0,2.0,51.0,1.0,4.0,2.0,3.0,4.0,233.33333333333334,0.0,0.0,0.0,,
2005,975.0,1.0,11.0,5.0,4.0,1.0,3.0,3.0,233.33333333333334,0.0,0.0,0.0,,
2005,1316.0,2.0,72.0,4.0,1.0,2.0,3.0,1.0,279.0,0.0,0.0,0.0,,
2005,1316.0,2.0,48.0,3.0,4.0,3.0,1.0,0.0,279.0,2.0,0.0,250.0,2.0,1.0
2005,1433.0,1.0,35.0,2.0,1.0,3.0,2.0,0.0,433.3333333333333,3.0,0.0,0.0,,
2005,1433.0,2.0,30.0,2.0,1.0,2.0,1.0,0.0,433.3333333333333,3.0,1.0,600.0,2.0,10.0
2005,1433.0,1.0,2.0,5.0,1.0,7.0,4.0,5.0,433.3333333333333,0.0,0.0,0.0,,
2005,1077.0,2.0,65.0,5.0,1.0,2.0,3.0,1.0,719.0,0.0,0.0,0.0,,
2005,1755.0,2.0,54.0,3.0,1.0,2.0,1.0,0.0,410.0,3.0,1.0,410.0,1.0,7.0
2005,1083.0,2.0,71.0,4.0,1.0,2.0,3.0,1.0,500.0,0.0,0.0,0.0,,
2005,1542.0,1.0,50.0,3.0,4.0,2.0,1.0,0.0,325.0,3.0,2.0,700.0,2.0,3.0
2005,1542.0,2.0,49.0,3.0,4.0,6.0,1.0,0.0,325.0,3.0,2.0,600.0,1.0,11.0
2005,1542.0,1.0,28.0,5.0,4.0,3.0,2.0,0.0,325.0,3.0,0.0,0.0,,
2005,1542.0,2.0,6.0,5.0,4.0,1.0,4.0,3.0,325.0,0.0,0.0,0.0,,
2005,1654.0,1.0,52.0,2.0,1.0,4.0,1.0,0.0,1078.8,3.0,1.0,1500.0,1.0,10.0
2005,1654.0,2.0,44.0,2.0,1.0,4.0,1.0,0.0,1078.8,3.0,2.0,450.0,2.0,
2005,1654.0,2.0,21.0,5.0,1.0,4.0,1.0,0.0,1078.8,3.0,1.0,650.0,2.0,10.0
2005,1654.0,1.0,24.0,5.0,1.0,3.0,1.0,0.0,1078.8,3.0,1.0,700.0,1.0,10.0
2005,1654.0,1.0,18.0,5.0,1.0,4.0,1.0,0.0,1078.8,3.0,1.0,650.0,1.0,10.0
2005,1921.0,1.0,40.0,1.0,4.0,2.0,1.0,0.0,433.3333333333333,2.0,0.0,1200.0,2.0,1.0
2005,1921.0,2.0,29.0,1.0,4.0,1.0,2.0,0.0,433.3333333333333,3.0,0.0,0.0,,
2005,1921.0,1.0,15.0,5.0,4.0,3.0,3.0,3.0,433.3333333333333,0.0,0.0,0.0,,
2005,1140.0,2.0,63.0,5.0,4.0,2.0,1.0,0.0,233.33333333333334,3.0,2.0,250.0,2.0,2.0
2005,1140.0,2.0,82.0,4.0,1.0,2.0,3.0,1.0,233.33333333333334,0.0,0.0,0.0,,
2005,1140.0,2.0,24.0,5.0,4.0,4.0,1.0,0.0,233.33333333333334,3.0,2.0,250.0,2.0,2.0
2005,1195.0,2.0,65.0,4.0,1.0,2.0,3.0,7.0,0.0,0.0,0.0,0.0,,
2005,1212.0,1.0,53.0,5.0,4.0,2.0,1.0,0.0,450.0,2.0,0.0,350.0,2.0,1.0
2005,839.0,2.0,75.0,4.0,1.0,2.0,3.0,1.0,500.0,0.0,0.0,0.0,,
2005,1832.0,1.0,36.0,2.0,2.0,5.0,1.0,0.0,960.0,3.0,1.0,900.0,2.0,
2005,1832.0,2.0,33.0,2.0,2.0,4.0,1.0,0.0,960.0,3.0,1.0,2000.0,2.0,12.0
2005,1832.0,1.0,9.0,5.0,2.0,1.0,4.0,3.0,960.0,0.0,0.0,0.0,,
2005,1832.0,1.0,6.0,5.0,2.0,1.0,4.0,3.0,960.0,0.0,0.0,0.0,,
2005,1832.0,2.0,4.0,5.0,2.0,7.0,4.0,5.0,960.0,0.0,0.0,0.0,,
2005,1171.0,1.0,70.0,1.0,4.0,1.0,2.0,0.0,246.66666666666666,3.0,0.0,0.0,,
2005,1171.0,2.0,53.0,1.0,4.0,2.0,1.0,0.0,246.66666666666666,3.0,2.0,440.0,2.0,
2005,1171.0,1.0,19.0,5.0,4.0,4.0,1.0,0.0,246.66666666666666,3.0,2.0,300.0,2.0,
2005,1170.0,2.0,60.0,5.0,4.0,2.0,1.0,0.0,400.0,3.0,2.0,150.0,1.0,7.0
2005,1139.0,2.0,71.0,4.0,1.0,1.0,3.0,1.0,462.5,0.0,0.0,0.0,,
2005,1139.0,2.0,32.0,2.0,1.0,4.0,1.0,0.0,462.5,3.0,1.0,500.0,2.0,6.0
2005,1139.0,1.0,39.0,2.0,4.0,2.0,1.0,0.0,462.5,3.0,2.0,1000.0,2.0,
2005,1139.0,2.0,4.0,5.0,1.0,7.0,4.0,5.0,462.5,0.0,0.0,0.0,,
2005,1518.0,1.0,42.0,2.0,4.0,2.0,1.0,0.0,50.0,2.0,0.0,150.0,2.0,1.0
2005,1518.0,2.0,35.0,2.0,4.0,2.0,3.0,4.0,50.0,0.0,0.0,0.0,,
2005,1518.0,1.0,15.0,5.0,4.0,3.0,3.0,3.0,50.0,0.0,0.0,0.0,,
2005,1518.0,1.0,10.0,5.0,4.0,1.0,3.0,3.0,50.0,0.0,0.0,0.0,,
2005,1518.0,2.0,7.0,5.0,4.0,1.0,4.0,3.0,50.0,0.0,0.0,0.0,,
2005,1518.0,2.0,5.0,5.0,4.0,7.0,4.0,5.0,50.0,0.0,0.0,0.0,,
2005,1417.0,2.0,37.0,3.0,4.0,3.0,1.0,0.0,250.0,2.0,0.0,300.0,2.0,1.0
2005,1417.0,2.0,12.0,5.0,4.0,1.0,3.0,3.0,250.0,0.0,0.0,0.0,,
2005,1108.0,1.0,66.0,4.0,4.0,2.0,1.0,0.0,250.0,2.0,0.0,200.0,2.0,1.0
2005,1484.0,1.0,41.0,2.0,1.0,2.0,1.0,0.0,260.0,3.0,1.0,780.0,2.0,10.0
2005,1484.0,2.0,34.0,2.0,1.0,2.0,3.0,4.0,260.0,0.0,0.0,0.0,,
2005,1484.0,1.0,1.0,5.0,1.0,7.0,4.0,5.0,260.0,0.0,0.0,0.0,,
2005,1228.0,1.0,28.0,1.0,4.0,4.0,1.0,0.0,300.0,2.0,0.0,500.0,2.0,2.0
2005,1228.0,2.0,25.0,1.0,4.0,4.0,1.0,0.0,300.0,2.0,0.0,400.0,2.0,2.0
2005,1228.0,1.0,3.0,5.0,4.0,7.0,4.0,5.0,300.0,0.0,0.0,0.0,,
2005,1367.0,1.0,28.0,2.0,1.0,2.0,1.0,0.0,216.66666666666666,3.0,1.0,650.0,2.0,
2005,1367.0,2.0,24.0,2.0,1.0,3.0,2.0,0.0,216.66666666666666,3.0,0.0,0.0,,
2005,1367.0,1.0,3.0,5.0,1.0,7.0,4.0,5.0,216.66666666666666,0.0,0.0,0.0,,
2005,1152.0,1.0,52.0,2.0,1.0,6.0,1.0,0.0,233.33333333333334,3.0,1.0,700.0,1.0,12.0
2005,1152.0,2.0,57.0,2.0,1.0,2.0,3.0,4.0,233.33333333333334,0.0,0.0,0.0,,
2005,1152.0,1.0,23.0,5.0,4.0,6.0,3.0,4.0,233.33333333333334,0.0,0.0,0.0,,
2005,1330.0,1.0,32.0,1.0,1.0,4.0,1.0,0.0,666.6666666666666,3.0,1.0,1100.0,2.0,7.0
2005,1330.0,2.0,32.0,1.0,4.0,4.0,2.0,0.0,666.6666666666666,3.0,0.0,0.0,,
2005,1330.0,1.0,19.0,5.0,1.0,3.0,1.0,0.0,666.6666666666666,3.0,1.0,700.0,2.0,7.0
2005,1111.0,1.0,40.0,2.0,1.0,5.0,1.0,0.0,112.5,2.0,0.0,150.0,2.0,2.0
2005,1111.0,2.0,34.0,2.0,1.0,5.0,1.0,0.0,112.5,2.0,0.0,300.0,2.0,2.0
2005,1111.0,1.0,11.0,5.0,1.0,1.0,3.0,3.0,112.5,0.0,0.0,0.0,,
2005,1111.0,2.0,6.0,5.0,1.0,1.0,4.0,3.0,112.5,0.0,0.0,0.0,,
2005,1153.0,1.0,40.0,2.0,4.0,2.0,1.0,0.0,360.0,3.0,2.0,1000.0,2.0,
2005,1153.0,2.0,40.0,2.0,4.0,2.0,3.0,4.0,360.0,0.0,0.0,0.0,,
2005,1153.0,1.0,17.0,5.0,4.0,3.0,1.0,0.0,360.0,1.0,0.0,800.0,2.0,2.0
2005,1153.0,1.0,13.0,5.0,4.0,3.0,3.0,3.0,360.0,0.0,0.0,0.0,,
2005,1153.0,2.0,6.0,5.0,4.0,1.0,4.0,3.0,360.0,0.0,0.0,0.0,,
2005,1402.0,1.0,61.0,2.0,4.0,2.0,1.0,0.0,295.0,2.0,0.0,600.0,2.0,1.0
2005,1402.0,2.0,61.0,2.0,4.0,2.0,3.0,4.0,295.0,0.0,0.0,0.0,,
2005,1402.0,1.0,29.0,5.0,4.0,4.0,1.0,0.0,295.0,3.0,2.0,580.0,2.0,2.0
2005,1402.0,2.0,26.0,5.0,4.0,5.0,2.0,0.0,295.0,0.0,0.0,0.0,,
2005,1146.0,1.0,38.0,2.0,2.0,6.0,1.0,0.0,250.0,2.0,0.0,1000.0,2.0,4.0
2005,1146.0,2.0,39.0,2.0,2.0,6.0,1.0,0.0,250.0,4.0,0.0,0.0,2.0,4.0
2005,1146.0,1.0,11.0,5.0,2.0,1.0,3.0,3.0,250.0,0.0,0.0,0.0,,
2005,1146.0,2.0,8.0,5.0,2.0,1.0,4.0,3.0,250.0,0.0,0.0,0.0,,
2005,1546.0,2.0,43.0,3.0,4.0,1.0,1.0,0.0,137.5,3.0,2.0,400.0,2.0,
2005,1546.0,1.0,22.0,5.0,4.0,3.0,2.0,0.0,137.5,3.0,0.0,0.0,,
2005,1546.0,1.0,18.0,5.0,4.0,2.0,1.0,0.0,137.5,3.0,2.0,0.0,2.0,3.0
2005,1546.0,2.0,17.0,5.0,4.0,2.0,3.0,4.0,137.5,0.0,0.0,0.0,,
2005,1502.0,1.0,59.0,2.0,2.0,4.0,1.0,0.0,830.0,2.0,0.0,800.0,2.0,2.0
2005,1502.0,2.0,53.0,2.0,2.0,2.0,1.0,0.0,830.0,2.0,0.0,800.0,2.0,2.0
2005,1502.0,1.0,28.0,5.0,4.0,4.0,1.0,0.0,830.0,2.0,0.0,700.0,2.0,1.0
2005,1502.0,2.0,23.0,5.0,1.0,5.0,1.0,0.0,830.0,3.0,2.0,350.0,2.0,
2005,1502.0,1.0,20.0,5.0,1.0,5.0,1.0,0.0,830.0,3.0,1.0,1400.0,2.0,
2005,1334.0,1.0,48.0,2.0,4.0,2.0,3.0,7.0,75.0,0.0,0.0,0.0,,
2005,1334.0,2.0,51.0,2.0,4.0,2.0,1.0,0.0,75.0,2.0,0.0,100.0,2.0,3.0
2005,1334.0,2.0,29.0,5.0,4.0,4.0,1.0,0.0,75.0,2.0,0.0,100.0,2.0,3.0
2005,1334.0,1.0,24.0,5.0,4.0,4.0,1.0,0.0,75.0,2.0,0.0,100.0,2.0,3.0
2005,1560.0,1.0,57.0,2.0,4.0,1.0,1.0,0.0,140.0,3.0,2.0,150.0,1.0,10.0
2005,1560.0,2.0,51.0,2.0,4.0,2.0,3.0,4.0,140.0,0.0,0.0,0.0,,
2005,1560.0,1.0,26.0,5.0,4.0,2.0,1.0,0.0,140.0,3.0,2.0,150.0,2.0,2.0
2005,1560.0,2.0,22.0,5.0,4.0,4.0,1.0,0.0,140.0,3.0,2.0,400.0,2.0,3.0
2005,1560.0,1.0,15.0,5.0,4.0,3.0,3.0,3.0,140.0,0.0,0.0,0.0,,
2005,1014.0,1.0,33.0,2.0,4.0,2.0,1.0,0.0,141.66666666666666,3.0,2.0,700.0,2.0,
2005,1014.0,2.0,28.0,2.0,4.0,3.0,1.0,0.0,141.66666666666666,3.0,2.0,150.0,2.0,6.0
2005,1014.0,2.0,10.0,5.0,4.0,1.0,3.0,3.0,141.66666666666666,0.0,0.0,0.0,,
2005,1014.0,2.0,7.0,5.0,4.0,1.0,4.0,3.0,141.66666666666666,0.0,0.0,0.0,,
2005,1014.0,1.0,5.0,5.0,4.0,7.0,4.0,5.0,141.66666666666666,0.0,0.0,0.0,,
2005,1014.0,2.0,2.0,5.0,4.0,7.0,4.0,5.0,141.66666666666666,0.0,0.0,0.0,,
2005,1174.0,2.0,41.0,3.0,4.0,2.0,1.0,0.0,75.0,3.0,2.0,150.0,2.0,2.0
2005,1174.0,1.0,14.0,5.0,4.0,3.0,3.0,3.0,75.0,0.0,0.0,0.0,,
2005,1174.0,2.0,15.0,5.0,4.0,3.0,3.0,3.0,75.0,0.0,0.0,0.0,,
2005,1174.0,1.0,2.0,5.0,4.0,7.0,4.0,5.0,75.0,0.0,0.0,0.0,,
2005,1376.0,2.0,43.0,3.0,4.0,4.0,2.0,0.0,0.0,3.0,0.0,0.0,,
2005,1376.0,1.0,16.0,5.0,4.0,3.0,3.0,3.0,0.0,0.0,0.0,0.0,,
2005,1376.0,2.0,10.0,5.0,4.0,1.0,3.0,3.0,0.0,0.0,0.0,0.0,,
2005,1148.0,1.0,65.0,1.0,1.0,3.0,3.0,1.0,600.0,0.0,0.0,0.0,,
2005,1148.0,2.0,53.0,1.0,4.0,4.0,2.0,0.0,600.0,0.0,0.0,0.0,,
2005,1148.0,1.0,23.0,5.0,1.0,5.0,1.0,0.0,600.0,3.0,1.0,700.0,2.0,
2005,1346.0,2.0,60.0,3.0,1.0,2.0,1.0,0.0,635.5,3.0,1.0,571.0,1.0,9.0
2005,1346.0,1.0,27.0,5.0,4.0,2.0,1.0,0.0,635.5,2.0,0.0,300.0,2.0,1.0
2005,1257.0,1.0,38.0,3.0,4.0,6.0,1.0,0.0,0.0,3.0,2.0,0.0,2.0,4.0
2005,1257.0,2.0,12.0,5.0,4.0,1.0,3.0,3.0,0.0,0.0,0.0,0.0,,
2005,1257.0,2.0,14.0,5.0,4.0,3.0,3.0,3.0,0.0,0.0,0.0,0.0,,
2005,1389.0,2.0,42.0,4.0,4.0,2.0,3.0,7.0,183.33333333333334,0.0,0.0,0.0,,
2005,1389.0,1.0,13.0,5.0,4.0,3.0,3.0,3.0,183.33333333333334,0.0,0.0,0.0,,
2005,1389.0,1.0,21.0,5.0,4.0,3.0,1.0,0.0,183.33333333333334,3.0,2.0,400.0,2.0,3.0
2005,1714.0,2.0,39.0,3.0,4.0,4.0,1.0,0.0,650.0,2.0,0.0,1000.0,2.0,1.0
2005,1714.0,1.0,24.0,5.0,4.0,3.0,1.0,0.0,650.0,3.0,2.0,500.0,2.0,2.0
2005,1714.0,1.0,18.0,5.0,4.0,3.0,1.0,0.0,650.0,3.0,2.0,600.0,2.0,9.0
2005,1714.0,1.0,23.0,5.0,4.0,2.0,2.0,0.0,650.0,3.0,0.0,0.0,,
2005,1351.0,2.0,73.0,4.0,1.0,4.0,3.0,1.0,1300.0,0.0,0.0,0.0,,
2005,1302.0,2.0,86.0,4.0,1.0,1.0,3.0,1.0,400.0,0.0,0.0,0.0,,
2005,993.0,2.0,44.0,4.0,4.0,2.0,1.0,0.0,258.3333333333333,2.0,0.0,1000.0,2.0,2.0
2005,993.0,1.0,14.0,5.0,4.0,2.0,3.0,7.0,258.3333333333333,0.0,0.0,0.0,,
2005,993.0,2.0,13.0,5.0,4.0,3.0,1.0,0.0,258.3333333333333,4.0,0.0,0.0,2.0,2.0
2005,993.0,2.0,12.0,5.0,4.0,1.0,3.0,3.0,258.3333333333333,0.0,0.0,0.0,,
2005,993.0,2.0,7.0,5.0,4.0,1.0,4.0,3.0,258.3333333333333,0.0,0.0,0.0,,
2005,993.0,2.0,7.0,5.0,4.0,1.0,4.0,3.0,258.3333333333333,0.0,0.0,0.0,,
2005,1221.0,1.0,60.0,2.0,4.0,3.0,2.0,0.0,160.0,2.0,0.0,0.0,,
2005,1221.0,2.0,54.0,2.0,4.0,1.0,3.0,4.0,160.0,0.0,0.0,0.0,,
2005,1221.0,1.0,34.0,5.0,4.0,3.0,1.0,0.0,160.0,3.0,2.0,100.0,2.0,
2005,1221.0,1.0,24.0,5.0,1.0,2.0,1.0,0.0,160.0,3.0,1.0,550.0,2.0,8.0
2005,1221.0,1.0,16.0,5.0,4.0,3.0,1.0,0.0,160.0,3.0,2.0,160.0,2.0,3.0
2005,1221.0,2.0,14.0,5.0,4.0,3.0,3.0,3.0,160.0,0.0,0.0,0.0,,
2005,1305.0,1.0,69.0,2.0,1.0,2.0,1.0,0.0,865.0,3.0,2.0,300.0,2.0,
2005,1305.0,2.0,71.0,2.0,1.0,2.0,3.0,4.0,865.0,0.0,0.0,0.0,,
2005,1305.0,2.0,35.0,5.0,4.0,4.0,1.0,0.0,865.0,3.0,2.0,400.0,2.0,
2005,1305.0,1.0,38.0,5.0,1.0,4.0,1.0,0.0,865.0,3.0,1.0,1500.0,2.0,7.0
2005,1053.0,2.0,83.0,4.0,1.0,1.0,3.0,1.0,363.0,0.0,0.0,0.0,,
2005,1238.0,1.0,65.0,2.0,1.0,1.0,1.0,0.0,600.0,2.0,0.0,600.0,2.0,2.0
2005,1238.0,2.0,61.0,2.0,1.0,4.0,1.0,0.0,600.0,1.0,0.0,500.0,2.0,2.0
2005,1238.0,1.0,31.0,5.0,4.0,3.0,1.0,0.0,600.0,3.0,2.0,700.0,2.0,
2005,1368.0,2.0,67.0,4.0,1.0,1.0,3.0,1.0,337.5,0.0,0.0,0.0,,
2005,1368.0,1.0,45.0,5.0,1.0,2.0,1.0,0.0,337.5,3.0,1.0,500.0,2.0,9.0
2005,1368.0,1.0,31.0,3.0,4.0,1.0,1.0,0.0,337.5,3.0,2.0,500.0,2.0,10.0
2005,1368.0,1.0,5.0,5.0,4.0,7.0,4.0,5.0,337.5,0.0,0.0,0.0,,
2005,1175.0,1.0,25.0,2.0,1.0,4.0,1.0,0.0,266.6666666666667,3.0,1.0,800.0,2.0,10.0
2005,1175.0,2.0,25.0,2.0,1.0,2.0,3.0,4.0,266.6666666666667,0.0,0.0,0.0,,
2005,1175.0,2.0,2.0,5.0,1.0,7.0,4.0,5.0,266.6666666666667,0.0,0.0,0.0,,
2005,1330.0,1.0,45.0,5.0,4.0,4.0,1.0,0.0,1300.0,3.0,2.0,1300.0,2.0,7.0
2005,1421.0,1.0,23.0,1.0,1.0,3.0,1.0,0.0,456.25,3.0,1.0,750.0,2.0,7.0
2005,1421.0,2.0,24.0,1.0,1.0,4.0,3.0,4.0,456.25,0.0,0.0,0.0,,
2005,1421.0,2.0,55.0,3.0,1.0,2.0,3.0,6.0,456.25,0.0,0.0,0.0,,
2005,1421.0,1.0,4.0,5.0,1.0,7.0,4.0,5.0,456.25,0.0,0.0,0.0,,
2005,1326.0,1.0,57.0,2.0,1.0,2.0,1.0,0.0,360.0,2.0,0.0,100.0,2.0,1.0
2005,1326.0,2.0,54.0,2.0,1.0,4.0,3.0,4.0,360.0,0.0,0.0,0.0,,
2005,1326.0,1.0,23.0,5.0,1.0,5.0,3.0,3.0,360.0,0.0,0.0,0.0,,
2005,1326.0,1.0,21.0,5.0,1.0,4.0,1.0,0.0,360.0,3.0,1.0,800.0,1.0,
2005,1326.0,2.0,11.0,5.0,1.0,1.0,3.0,3.0,360.0,0.0,0.0,0.0,,
2005,1346.0,2.0,44.0,3.0,4.0,4.0,1.0,0.0,37.5,3.0,2.0,150.0,1.0,12.0
2005,1346.0,1.0,20.0,5.0,4.0,3.0,3.0,3.0,37.5,0.0,0.0,0.0,,
2005,1346.0,2.0,19.0,5.0,4.0,4.0,3.0,7.0,37.5,0.0,0.0,0.0,,
2005,1346.0,2.0,10.0,5.0,4.0,1.0,3.0,3.0,37.5,0.0,0.0,0.0,,
2005,1643.0,1.0,27.0,1.0,4.0,2.0,2.0,0.0,30.0,3.0,0.0,0.0,,
2005,1643.0,2.0,29.0,1.0,4.0,2.0,2.0,0.0,30.0,3.0,0.0,0.0,,
2005,1643.0,1.0,10.0,5.0,4.0,1.0,3.0,3.0,30.0,0.0,0.0,0.0,,
2005,1643.0,2.0,9.0,5.0,4.0,1.0,4.0,3.0,30.0,0.0,0.0,0.0,,
2005,1643.0,1.0,3.0,5.0,4.0,7.0,4.0,5.0,30.0,0.0,0.0,0.0,,
2005,1542.0,1.0,29.0,5.0,2.0,3.0,1.0,0.0,900.0,3.0,2.0,0.0,2.0,2.0
2005,1542.0,1.0,29.0,5.0,12.0,5.0,1.0,0.0,900.0,3.0,1.0,1500.0,2.0,10.0
2005,1542.0,1.0,32.0,5.0,1.0,4.0,1.0,0.0,900.0,3.0,2.0,1200.0,2.0,1.0
2005,1132.0,2.0,75.0,4.0,1.0,1.0,3.0,1.0,945.0,0.0,0.0,0.0,,
2005,1132.0,1.0,46.0,3.0,1.0,4.0,1.0,0.0,945.0,3.0,1.0,1000.0,2.0,11.0
2005,1138.0,1.0,83.0,2.0,1.0,1.0,3.0,1.0,398.0,0.0,0.0,0.0,,
2005,1138.0,2.0,78.0,2.0,1.0,4.0,3.0,1.0,398.0,0.0,0.0,0.0,,
2005,1747.0,1.0,52.0,2.0,1.0,2.0,1.0,0.0,262.5,3.0,1.0,800.0,2.0,6.0
2005,1747.0,2.0,40.0,2.0,1.0,5.0,2.0,0.0,262.5,3.0,0.0,0.0,,
2005,1747.0,1.0,18.0,5.0,1.0,3.0,1.0,0.0,262.5,3.0,2.0,100.0,2.0,2.0
2005,1747.0,1.0,16.0,5.0,1.0,3.0,3.0,3.0,262.5,0.0,0.0,0.0,,
2005,1623.0,2.0,25.0,2.0,4.0,3.0,1.0,0.0,52.5,2.0,0.0,10.0,2.0,1.0
2005,1623.0,1.0,27.0,2.0,4.0,4.0,1.0,0.0,52.5,3.0,2.0,0.0,2.0,2.0
2005,1623.0,1.0,4.0,5.0,4.0,7.0,4.0,5.0,52.5,0.0,0.0,0.0,,
2005,1623.0,1.0,3.0,5.0,4.0,7.0,4.0,5.0,52.5,0.0,0.0,0.0,,
2005,1070.0,1.0,65.0,2.0,1.0,1.0,1.0,0.0,450.0,3.0,1.0,900.0,1.0,12.0
2005,1070.0,2.0,61.0,2.0,1.0,1.0,3.0,4.0,450.0,0.0,0.0,0.0,,
2005,1227.0,1.0,37.0,2.0,4.0,4.0,1.0,0.0,220.0,3.0,2.0,800.0,2.0,7.0
2005,1227.0,2.0,32.0,2.0,4.0,6.0,1.0,0.0,220.0,2.0,0.0,300.0,2.0,1.0
2005,1227.0,2.0,7.0,5.0,4.0,1.0,4.0,3.0,220.0,0.0,0.0,0.0,,
2005,1227.0,2.0,5.0,5.0,4.0,7.0,4.0,5.0,220.0,0.0,0.0,0.0,,
2005,1227.0,2.0,2.0,5.0,4.0,7.0,4.0,5.0,220.0,0.0,0.0,0.0,,
2005,1026.0,2.0,36.0,4.0,1.0,4.0,1.0,0.0,210.0,2.0,0.0,240.0,2.0,1.0
2005,1026.0,1.0,15.0,5.0,1.0,3.0,3.0,3.0,210.0,0.0,0.0,0.0,,
2005,1026.0,2.0,14.0,5.0,1.0,3.0,3.0,3.0,210.0,0.0,0.0,0.0,,
2005,1026.0,1.0,9.0,5.0,1.0,1.0,4.0,3.0,210.0,0.0,0.0,0.0,,
2005,1131.0,1.0,32.0,2.0,1.0,3.0,1.0,0.0,140.0,3.0,1.0,700.0,2.0,8.0
2005,1131.0,2.0,32.0,2.0,1.0,3.0,3.0,4.0,140.0,0.0,0.0,0.0,,
2005,1131.0,2.0,4.0,5.0,1.0,7.0,4.0,5.0,140.0,0.0,0.0,0.0,,
2005,1131.0,2.0,2.0,5.0,1.0,7.0,4.0,5.0,140.0,0.0,0.0,0.0,,
2005,1131.0,1.0,,5.0,1.0,7.0,4.0,5.0,140.0,0.0,0.0,0.0,,
2005,1276.0,2.0,56.0,3.0,4.0,3.0,1.0,0.0,383.3333333333333,2.0,0.0,350.0,2.0,1.0
2005,1276.0,2.0,25.0,5.0,1.0,5.0,1.0,0.0,383.3333333333333,3.0,1.0,800.0,2.0,11.0
2005,1276.0,1.0,18.0,5.0,4.0,5.0,2.0,0.0,383.3333333333333,3.0,0.0,0.0,,
2005,1092.0,2.0,50.0,3.0,4.0,3.0,3.0,6.0,100.0,0.0,0.0,0.0,,
2005,1092.0,2.0,24.0,5.0,4.0,3.0,2.0,0.0,100.0,2.0,0.0,0.0,,
2005,1120.0,1.0,48.0,1.0,1.0,3.0,1.0,0.0,441.6666666666667,3.0,1.0,1300.0,2.0,11.0
2005,1120.0,2.0,43.0,1.0,1.0,3.0,1.0,0.0,441.6666666666667,2.0,0.0,200.0,2.0,1.0
2005,1120.0,2.0,65.0,4.0,1.0,2.0,3.0,1.0,441.6666666666667,0.0,0.0,0.0,,
2005,1120.0,2.0,25.0,5.0,1.0,6.0,1.0,0.0,441.6666666666667,3.0,1.0,800.0,2.0,6.0
2005,1120.0,2.0,12.0,5.0,1.0,1.0,3.0,3.0,441.6666666666667,0.0,0.0,0.0,,
2005,1120.0,1.0,10.0,5.0,1.0,1.0,3.0,3.0,441.6666666666667,0.0,0.0,0.0,,
2005,1392.0,1.0,38.0,2.0,1.0,4.0,1.0,0.0,966.6666666666666,3.0,1.0,900.0,2.0,10.0
2005,1392.0,2.0,36.0,2.0,1.0,6.0,1.0,0.0,966.6666666666666,3.0,1.0,1100.0,2.0,9.0
2005,1392.0,1.0,8.0,5.0,1.0,1.0,4.0,3.0,966.6666666666666,0.0,0.0,0.0,,
2005,1144.0,1.0,59.0,2.0,2.0,3.0,1.0,0.0,350.0,3.0,2.0,700.0,2.0,4.0
2005,1144.0,2.0,58.0,2.0,2.0,2.0,3.0,4.0,350.0,0.0,0.0,0.0,,
2005,1207.0,1.0,59.0,2.0,1.0,2.0,1.0,0.0,200.0,3.0,1.0,600.0,2.0,10.0
2005,1207.0,2.0,53.0,2.0,1.0,2.0,3.0,4.0,200.0,0.0,0.0,0.0,,
2005,1207.0,2.0,19.0,5.0,1.0,2.0,3.0,6.0,200.0,0.0,0.0,0.0,,
2005,1347.0,2.0,55.0,5.0,2.0,6.0,1.0,0.0,3000.0,3.0,1.0,3000.0,2.0,11.0
2005,1587.0,1.0,41.0,2.0,4.0,3.0,1.0,0.0,153.33333333333334,2.0,0.0,100.0,2.0,1.0
2005,1587.0,2.0,32.0,2.0,4.0,4.0,3.0,4.0,153.33333333333334,0.0,0.0,0.0,,
2005,1587.0,1.0,6.0,5.0,4.0,1.0,4.0,3.0,153.33333333333334,0.0,0.0,0.0,,
2005,1272.0,1.0,19.0,1.0,4.0,3.0,1.0,0.0,253.33333333333334,3.0,2.0,760.0,2.0,
2005,1272.0,2.0,19.0,1.0,4.0,3.0,3.0,4.0,253.33333333333334,0.0,0.0,0.0,,
2005,1272.0,1.0,,5.0,4.0,7.0,4.0,5.0,253.33333333333334,0.0,0.0,0.0,,
2005,1705.0,1.0,49.0,2.0,4.0,5.0,3.0,7.0,283.75,0.0,0.0,0.0,,
2005,1705.0,2.0,48.0,2.0,4.0,2.0,1.0,0.0,283.75,3.0,2.0,360.0,2.0,
2005,1705.0,1.0,12.0,5.0,4.0,1.0,3.0,3.0,283.75,0.0,0.0,0.0,,
2005,1705.0,2.0,27.0,5.0,1.0,5.0,1.0,0.0,283.75,3.0,1.0,500.0,2.0,
2005,2217.0,1.0,23.0,5.0,4.0,5.0,1.0,0.0,366.6666666666667,3.0,2.0,200.0,2.0,7.0
2005,2217.0,1.0,19.0,5.0,1.0,3.0,1.0,0.0,366.6666666666667,3.0,1.0,550.0,2.0,
2005,2217.0,1.0,23.0,5.0,4.0,3.0,1.0,0.0,366.6666666666667,2.0,0.0,350.0,2.0,2.0
2005,1621.0,1.0,53.0,2.0,2.0,5.0,1.0,0.0,1250.0,1.0,0.0,5000.0,2.0,7.0
2005,1621.0,2.0,43.0,2.0,2.0,6.0,3.0,4.0,1250.0,0.0,0.0,0.0,,
2005,1621.0,1.0,19.0,5.0,2.0,4.0,2.0,0.0,1250.0,0.0,0.0,0.0,,
2005,1621.0,2.0,17.0,5.0,2.0,3.0,3.0,3.0,1250.0,0.0,0.0,0.0,,
2005,1577.0,1.0,55.0,2.0,4.0,2.0,1.0,0.0,200.0,2.0,0.0,250.0,2.0,1.0
2005,1577.0,2.0,53.0,2.0,4.0,4.0,1.0,0.0,200.0,2.0,0.0,400.0,2.0,1.0
2005,1577.0,1.0,28.0,5.0,4.0,6.0,1.0,0.0,200.0,3.0,2.0,150.0,2.0,3.0
2005,1577.0,1.0,33.0,1.0,4.0,4.0,1.0,0.0,200.0,3.0,2.0,0.0,2.0,5.0
2005,1577.0,2.0,26.0,1.0,4.0,2.0,1.0,0.0,200.0,3.0,2.0,300.0,2.0,6.0
2005,1577.0,1.0,3.0,5.0,4.0,7.0,4.0,5.0,200.0,0.0,0.0,0.0,,
2005,1104.0,1.0,51.0,5.0,1.0,2.0,3.0,1.0,237.0,0.0,0.0,0.0,,
2005,1203.0,1.0,46.0,1.0,2.0,3.0,1.0,0.0,625.0,3.0,2.0,2500.0,2.0,
2005,1203.0,2.0,35.0,1.0,2.0,3.0,3.0,4.0,625.0,0.0,0.0,0.0,,
2005,1203.0,2.0,7.0,5.0,2.0,1.0,4.0,3.0,625.0,0.0,0.0,0.0,,
2005,1203.0,1.0,3.0,5.0,2.0,7.0,4.0,5.0,625.0,0.0,0.0,0.0,,
2005,1144.0,1.0,62.0,2.0,4.0,2.0,1.0,0.0,37.5,2.0,0.0,150.0,2.0,1.0
2005,1144.0,2.0,65.0,2.0,4.0,2.0,3.0,4.0,37.5,0.0,0.0,0.0,,
2005,1144.0,1.0,34.0,5.0,4.0,4.0,2.0,0.0,37.5,3.0,0.0,0.0,,
2005,1144.0,1.0,31.0,5.0,4.0,5.0,2.0,0.0,37.5,3.0,0.0,0.0,,
2005,1815.0,1.0,36.0,2.0,1.0,2.0,1.0,0.0,316.0,3.0,1.0,700.0,1.0,12.0
2005,1815.0,2.0,35.0,2.0,1.0,6.0,1.0,0.0,316.0,3.0,1.0,590.0,1.0,7.0
2005,1815.0,2.0,9.0,5.0,1.0,1.0,4.0,3.0,316.0,0.0,0.0,0.0,,
2005,1815.0,2.0,5.0,5.0,1.0,7.0,4.0,5.0,316.0,0.0,0.0,0.0,,
2005,1815.0,2.0,1.0,5.0,1.0,7.0,4.0,5.0,316.0,0.0,0.0,0.0,,
2005,1070.0,2.0,38.0,3.0,1.0,5.0,1.0,0.0,800.0,3.0,1.0,2400.0,2.0,8.0
2005,1070.0,2.0,12.0,5.0,1.0,1.0,3.0,3.0,800.0,0.0,0.0,0.0,,
2005,1070.0,1.0,10.0,5.0,1.0,1.0,3.0,3.0,800.0,0.0,0.0,0.0,,
2005,1146.0,1.0,68.0,3.0,4.0,2.0,1.0,0.0,250.0,2.0,0.0,250.0,2.0,1.0
2005,1062.0,1.0,38.0,2.0,1.0,5.0,1.0,0.0,837.5,3.0,1.0,700.0,1.0,10.0
2005,1062.0,2.0,36.0,2.0,1.0,6.0,1.0,0.0,837.5,3.0,1.0,1000.0,1.0,10.0
2005,1062.0,1.0,4.0,5.0,1.0,7.0,4.0,5.0,837.5,0.0,0.0,0.0,,
2005,1062.0,1.0,1.0,5.0,1.0,7.0,4.0,5.0,837.5,0.0,0.0,0.0,,
2005,751.0,1.0,29.0,2.0,4.0,3.0,1.0,0.0,266.0,3.0,2.0,480.0,2.0,5.0
2005,751.0,2.0,23.0,2.0,4.0,3.0,1.0,0.0,266.0,3.0,2.0,550.0,2.0,
2005,751.0,2.0,5.0,5.0,4.0,7.0,4.0,5.0,266.0,0.0,0.0,0.0,,
2005,751.0,2.0,4.0,5.0,4.0,7.0,4.0,5.0,266.0,0.0,0.0,0.0,,
2005,751.0,2.0,59.0,5.0,4.0,2.0,1.0,0.0,266.0,3.0,2.0,300.0,2.0,
2005,1077.0,2.0,69.0,4.0,1.0,2.0,3.0,1.0,600.0,0.0,0.0,0.0,,
2005,1014.0,1.0,86.0,2.0,1.0,2.0,3.0,1.0,200.0,0.0,0.0,0.0,,
2005,1014.0,2.0,78.0,2.0,1.0,7.0,3.0,1.0,200.0,0.0,0.0,0.0,,
2005,1014.0,2.0,57.0,2.0,1.0,4.0,2.0,0.0,200.0,4.0,0.0,0.0,,
2005,1014.0,1.0,57.0,2.0,1.0,4.0,2.0,0.0,200.0,3.0,0.0,0.0,,
2005,1239.0,1.0,34.0,5.0,4.0,3.0,1.0,0.0,240.0,2.0,0.0,480.0,2.0,1.0
2005,1239.0,2.0,71.0,4.0,4.0,7.0,3.0,4.0,240.0,0.0,0.0,0.0,,
2005,1013.0,1.0,60.0,2.0,2.0,2.0,1.0,0.0,525.0,3.0,2.0,250.0,2.0,2.0
2005,1013.0,2.0,57.0,2.0,2.0,2.0,1.0,0.0,525.0,3.0,1.0,800.0,1.0,10.0
2005,1082.0,2.0,79.0,4.0,1.0,6.0,3.0,1.0,600.0,0.0,0.0,0.0,,
2005,1702.0,1.0,43.0,2.0,4.0,3.0,1.0,0.0,326.0,3.0,2.0,500.0,2.0,2.0
2005,1702.0,2.0,44.0,2.0,4.0,7.0,2.0,0.0,326.0,3.0,0.0,0.0,,
2005,1702.0,1.0,19.0,5.0,4.0,3.0,1.0,0.0,326.0,2.0,0.0,300.0,2.0,1.0
2005,1702.0,1.0,18.0,5.0,4.0,2.0,1.0,0.0,326.0,3.0,2.0,600.0,2.0,
2005,1702.0,2.0,15.0,5.0,4.0,1.0,3.0,4.0,326.0,0.0,0.0,0.0,,
2005,1445.0,1.0,62.0,2.0,1.0,5.0,1.0,0.0,207.5,2.0,0.0,600.0,2.0,1.0
2005,1445.0,2.0,58.0,2.0,1.0,4.0,3.0,4.0,207.5,0.0,0.0,0.0,,
2005,1445.0,2.0,32.0,2.0,1.0,5.0,3.0,4.0,207.5,0.0,0.0,0.0,,
2005,1445.0,1.0,39.0,2.0,1.0,4.0,1.0,0.0,207.5,3.0,1.0,488.0,2.0,
2005,1445.0,1.0,9.0,5.0,1.0,1.0,4.0,3.0,207.5,0.0,0.0,0.0,,
2005,1445.0,1.0,5.0,5.0,1.0,7.0,4.0,5.0,207.5,0.0,0.0,0.0,,
2005,1228.0,1.0,57.0,2.0,4.0,1.0,2.0,0.0,80.0,2.0,0.0,0.0,,
2005,1228.0,2.0,59.0,2.0,4.0,1.0,3.0,4.0,80.0,0.0,0.0,0.0,,
2005,1228.0,1.0,30.0,5.0,1.0,3.0,1.0,0.0,80.0,3.0,1.0,380.0,2.0,6.0
2005,1228.0,2.0,10.0,5.0,4.0,1.0,3.0,3.0,80.0,0.0,0.0,0.0,,
2005,1228.0,2.0,86.0,5.0,4.0,1.0,3.0,4.0,80.0,0.0,0.0,0.0,,
2005,1854.0,1.0,60.0,2.0,4.0,2.0,1.0,0.0,573.3333333333334,3.0,2.0,20.0,2.0,2.0
2005,1854.0,2.0,59.0,2.0,4.0,2.0,3.0,4.0,573.3333333333334,0.0,0.0,0.0,,
2005,1854.0,1.0,23.0,5.0,1.0,4.0,1.0,0.0,573.3333333333334,3.0,1.0,800.0,2.0,9.0
2005,1191.0,1.0,25.0,1.0,1.0,4.0,1.0,0.0,1086.6666666666667,3.0,1.0,970.0,1.0,12.0
2005,1191.0,2.0,24.0,1.0,1.0,4.0,1.0,0.0,1086.6666666666667,3.0,1.0,1250.0,2.0,12.0
2005,1191.0,1.0,2.0,5.0,1.0,7.0,4.0,5.0,1086.6666666666667,0.0,0.0,0.0,,
2005,1866.0,1.0,60.0,2.0,4.0,1.0,1.0,0.0,100.0,1.0,0.0,300.0,2.0,2.0
2005,1866.0,2.0,70.0,2.0,4.0,2.0,3.0,4.0,100.0,0.0,0.0,0.0,,
2005,1866.0,2.0,27.0,5.0,4.0,2.0,2.0,0.0,100.0,3.0,0.0,0.0,,
2005,1216.0,1.0,63.0,2.0,1.0,2.0,3.0,1.0,247.5,0.0,0.0,0.0,,
2005,1216.0,2.0,56.0,2.0,1.0,2.0,3.0,4.0,247.5,0.0,0.0,0.0,,
2005,1216.0,1.0,26.0,5.0,1.0,5.0,1.0,0.0,247.5,3.0,2.0,700.0,2.0,8.0
2005,1216.0,2.0,21.0,5.0,1.0,5.0,3.0,3.0,247.5,0.0,0.0,0.0,,
2005,1022.0,1.0,77.0,2.0,1.0,2.0,3.0,1.0,160.0,0.0,0.0,0.0,,
2005,1022.0,2.0,75.0,2.0,1.0,2.0,3.0,4.0,160.0,0.0,0.0,0.0,,
2005,1538.0,1.0,38.0,2.0,1.0,2.0,1.0,0.0,462.5,3.0,2.0,1200.0,2.0,
2005,1538.0,2.0,31.0,2.0,4.0,5.0,1.0,0.0,462.5,2.0,0.0,100.0,2.0,1.0
2005,1538.0,1.0,15.0,5.0,4.0,3.0,3.0,3.0,462.5,0.0,0.0,0.0,,
2005,1538.0,1.0,13.0,5.0,4.0,1.0,3.0,3.0,462.5,0.0,0.0,0.0,,
2005,1542.0,1.0,21.0,1.0,4.0,3.0,2.0,0.0,37.5,3.0,0.0,0.0,,
2005,1542.0,2.0,23.0,1.0,4.0,3.0,3.0,4.0,37.5,0.0,0.0,0.0,,
2005,1542.0,2.0,3.0,5.0,4.0,7.0,4.0,5.0,37.5,0.0,0.0,0.0,,
2005,1542.0,1.0,1.0,5.0,4.0,7.0,4.0,5.0,37.5,0.0,0.0,0.0,,
2005,1531.0,1.0,50.0,2.0,4.0,2.0,1.0,0.0,200.0,3.0,2.0,800.0,2.0,5.0
2005,1531.0,2.0,49.0,2.0,4.0,2.0,3.0,4.0,200.0,0.0,0.0,0.0,,
2005,1531.0,2.0,17.0,5.0,4.0,3.0,3.0,3.0,200.0,0.0,0.0,0.0,,
2005,1531.0,1.0,13.0,5.0,4.0,3.0,3.0,3.0,200.0,0.0,0.0,0.0,,
2005,1195.0,2.0,45.0,5.0,4.0,2.0,3.0,4.0,350.0,0.0,0.0,0.0,,
2005,1195.0,1.0,27.0,5.0,1.0,2.0,1.0,0.0,350.0,3.0,1.0,700.0,2.0,
2005,1176.0,1.0,57.0,2.0,1.0,7.0,1.0,0.0,405.0,3.0,1.0,600.0,2.0,12.0
2005,1176.0,2.0,53.0,2.0,1.0,1.0,3.0,4.0,405.0,0.0,0.0,0.0,,
2005,1176.0,1.0,20.0,5.0,1.0,4.0,1.0,0.0,405.0,3.0,1.0,530.0,2.0,
2005,1176.0,1.0,12.0,5.0,1.0,2.0,3.0,7.0,405.0,0.0,0.0,0.0,,
2005,1495.0,1.0,35.0,2.0,1.0,5.0,1.0,0.0,650.0,2.0,0.0,500.0,2.0,1.0
2005,1495.0,2.0,41.0,2.0,1.0,5.0,1.0,0.0,650.0,3.0,1.0,800.0,2.0,11.0
2005,1062.0,1.0,62.0,2.0,1.0,4.0,3.0,1.0,240.0,0.0,0.0,0.0,,
2005,1062.0,2.0,62.0,2.0,1.0,2.0,1.0,0.0,240.0,3.0,2.0,80.0,2.0,
2005,1157.0,1.0,70.0,2.0,1.0,4.0,3.0,1.0,383.3333333333333,0.0,0.0,0.0,,
2005,1157.0,2.0,66.0,2.0,1.0,4.0,3.0,1.0,383.3333333333333,0.0,0.0,0.0,,
2005,1157.0,1.0,30.0,5.0,1.0,6.0,2.0,0.0,383.3333333333333,3.0,0.0,0.0,,
2005,1198.0,1.0,53.0,1.0,4.0,1.0,1.0,0.0,450.0,3.0,2.0,900.0,2.0,1.0
2005,1198.0,2.0,49.0,1.0,4.0,2.0,3.0,4.0,450.0,0.0,0.0,0.0,,
2005,1414.0,1.0,54.0,2.0,4.0,2.0,1.0,0.0,253.33333333333334,3.0,2.0,150.0,1.0,
2005,1414.0,2.0,45.0,2.0,4.0,2.0,1.0,0.0,253.33333333333334,3.0,2.0,510.0,2.0,
2005,1414.0,1.0,18.0,5.0,4.0,5.0,3.0,3.0,253.33333333333334,0.0,0.0,0.0,,
2005,1082.0,1.0,65.0,2.0,4.0,1.0,1.0,0.0,150.0,3.0,2.0,400.0,2.0,
2005,1082.0,2.0,67.0,2.0,4.0,1.0,1.0,0.0,150.0,3.0,2.0,150.0,2.0,
2005,1082.0,1.0,33.0,5.0,4.0,3.0,2.0,0.0,150.0,0.0,0.0,0.0,,
2005,1082.0,2.0,30.0,5.0,4.0,1.0,3.0,1.0,150.0,0.0,0.0,0.0,,
2005,1082.0,2.0,3.0,5.0,4.0,7.0,4.0,5.0,150.0,0.0,0.0,0.0,,
2005,1356.0,1.0,34.0,1.0,1.0,2.0,1.0,0.0,201.25,3.0,1.0,555.0,2.0,10.0
2005,1356.0,2.0,34.0,1.0,1.0,4.0,3.0,4.0,201.25,0.0,0.0,0.0,,
2005,1356.0,1.0,12.0,5.0,1.0,1.0,3.0,3.0,201.25,0.0,0.0,0.0,,
2005,1356.0,1.0,10.0,5.0,1.0,1.0,3.0,3.0,201.25,0.0,0.0,0.0,,
2005,1225.0,1.0,47.0,5.0,4.0,2.0,1.0,0.0,1900.0,2.0,0.0,400.0,2.0,1.0
2005,1624.0,1.0,38.0,2.0,1.0,5.0,1.0,0.0,200.0,2.0,0.0,800.0,2.0,4.0
2005,1624.0,2.0,37.0,2.0,1.0,4.0,3.0,4.0,200.0,0.0,0.0,0.0,,
2005,1624.0,2.0,10.0,5.0,1.0,1.0,0.0,0.0,200.0,0.0,0.0,0.0,,
2005,1624.0,1.0,10.0,5.0,1.0,1.0,0.0,0.0,200.0,0.0,0.0,0.0,,
2005,1168.0,2.0,45.0,3.0,1.0,5.0,1.0,0.0,325.0,3.0,1.0,900.0,1.0,11.0
2005,1168.0,1.0,16.0,5.0,1.0,3.0,3.0,3.0,325.0,0.0,0.0,0.0,,
2005,1168.0,2.0,14.0,5.0,1.0,3.0,3.0,3.0,325.0,0.0,0.0,0.0,,
2005,1168.0,2.0,11.0,5.0,1.0,1.0,3.0,3.0,325.0,0.0,0.0,0.0,,
2005,1356.0,1.0,54.0,2.0,1.0,6.0,1.0,0.0,3566.6666666666665,1.0,0.0,3000.0,2.0,2.0
2005,1356.0,2.0,53.0,2.0,1.0,6.0,1.0,0.0,3566.6666666666665,3.0,1.0,5000.0,1.0,11.0
2005,1356.0,2.0,28.0,5.0,1.0,6.0,1.0,0.0,3566.6666666666665,3.0,1.0,1200.0,1.0,11.0
2005,1161.0,1.0,56.0,2.0,2.0,3.0,1.0,0.0,1280.0,2.0,0.0,2000.0,2.0,1.0
2005,1161.0,2.0,54.0,2.0,2.0,2.0,1.0,0.0,1280.0,3.0,2.0,500.0,2.0,
2005,1161.0,1.0,31.0,5.0,2.0,4.0,1.0,0.0,1280.0,3.0,1.0,1200.0,2.0,7.0
2005,1161.0,1.0,24.0,5.0,2.0,3.0,1.0,0.0,1280.0,3.0,1.0,800.0,2.0,8.0
2005,1161.0,1.0,14.0,5.0,2.0,3.0,3.0,3.0,1280.0,0.0,0.0,0.0,,
2005,1171.0,2.0,79.0,2.0,4.0,1.0,3.0,1.0,150.0,0.0,0.0,0.0,,
2005,1171.0,1.0,84.0,2.0,4.0,1.0,3.0,7.0,150.0,0.0,0.0,0.0,,
2005,3141.0,2.0,23.0,5.0,1.0,5.0,0.0,0.0,66.66666666666667,0.0,0.0,0.0,,
2005,3141.0,2.0,15.0,5.0,4.0,3.0,3.0,3.0,66.66666666666667,0.0,0.0,0.0,,
2005,3141.0,2.0,6.0,5.0,1.0,1.0,4.0,3.0,66.66666666666667,0.0,0.0,0.0,,
2005,1311.0,1.0,41.0,2.0,4.0,2.0,1.0,0.0,450.0,3.0,2.0,800.0,2.0,7.0
2005,1311.0,2.0,36.0,2.0,4.0,4.0,1.0,0.0,450.0,3.0,2.0,550.0,2.0,1.0
2005,1311.0,2.0,10.0,5.0,4.0,1.0,3.0,3.0,450.0,0.0,0.0,0.0,,
2005,1328.0,1.0,36.0,2.0,1.0,4.0,1.0,0.0,754.75,3.0,1.0,1100.0,2.0,8.0
2005,1328.0,2.0,40.0,2.0,1.0,4.0,1.0,0.0,754.75,3.0,1.0,841.0,1.0,11.0
2005,1328.0,1.0,6.0,5.0,1.0,1.0,4.0,3.0,754.75,0.0,0.0,0.0,,
2005,1328.0,1.0,4.0,5.0,1.0,7.0,4.0,5.0,754.75,0.0,0.0,0.0,,
2005,1691.0,2.0,35.0,5.0,4.0,3.0,1.0,0.0,280.0,2.0,0.0,40.0,2.0,1.0
2005,1255.0,1.0,58.0,2.0,1.0,4.0,1.0,0.0,477.0,3.0,1.0,800.0,2.0,3.0
2005,1255.0,2.0,56.0,2.0,1.0,6.0,3.0,4.0,477.0,0.0,0.0,0.0,,
2005,1255.0,1.0,25.0,5.0,1.0,5.0,1.0,0.0,477.0,3.0,1.0,780.0,2.0,10.0
2005,1255.0,2.0,22.0,5.0,1.0,5.0,1.0,0.0,477.0,3.0,1.0,455.0,2.0,9.0
2005,1255.0,1.0,19.0,5.0,1.0,5.0,3.0,3.0,477.0,0.0,0.0,0.0,,
2005,1026.0,1.0,53.0,1.0,1.0,3.0,1.0,0.0,510.0,2.0,0.0,1500.0,2.0,1.0
2005,1026.0,2.0,31.0,1.0,1.0,2.0,3.0,4.0,510.0,0.0,0.0,0.0,,
2005,1026.0,1.0,9.0,5.0,1.0,1.0,4.0,3.0,510.0,0.0,0.0,0.0,,
2005,1026.0,2.0,5.0,5.0,1.0,7.0,4.0,5.0,510.0,0.0,0.0,0.0,,
2005,1026.0,1.0,,5.0,1.0,7.0,4.0,5.0,510.0,0.0,0.0,0.0,,
2005,1070.0,1.0,67.0,2.0,1.0,2.0,1.0,0.0,430.0,2.0,0.0,500.0,2.0,1.0
2005,1070.0,2.0,64.0,2.0,1.0,1.0,3.0,4.0,430.0,0.0,0.0,0.0,,
2005,1070.0,2.0,89.0,4.0,1.0,1.0,3.0,1.0,430.0,0.0,0.0,0.0,,
2005,1089.0,2.0,82.0,4.0,1.0,4.0,3.0,1.0,800.0,0.0,0.0,0.0,,
2005,1003.0,1.0,67.0,1.0,4.0,2.0,1.0,0.0,565.0,2.0,0.0,300.0,2.0,1.0
2005,1003.0,2.0,59.0,1.0,4.0,3.0,1.0,0.0,565.0,3.0,2.0,830.0,2.0,
2005,1111.0,1.0,55.0,1.0,4.0,1.0,2.0,0.0,71.42857142857143,3.0,0.0,0.0,,
2005,1111.0,2.0,30.0,1.0,1.0,4.0,1.0,0.0,71.42857142857143,3.0,1.0,500.0,2.0,
2005,1111.0,1.0,16.0,5.0,1.0,3.0,3.0,4.0,71.42857142857143,0.0,0.0,0.0,,
2005,1111.0,1.0,15.0,5.0,1.0,3.0,3.0,3.0,71.42857142857143,0.0,0.0,0.0,,
2005,1111.0,1.0,11.0,5.0,1.0,1.0,3.0,3.0,71.42857142857143,0.0,0.0,0.0,,
2005,1111.0,2.0,10.0,5.0,1.0,1.0,3.0,3.0,71.42857142857143,0.0,0.0,0.0,,
2005,1111.0,2.0,4.0,5.0,1.0,7.0,4.0,5.0,71.42857142857143,0.0,0.0,0.0,,
2005,1105.0,1.0,60.0,2.0,4.0,2.0,2.0,0.0,133.33333333333334,2.0,0.0,0.0,,
2005,1105.0,2.0,56.0,2.0,4.0,2.0,3.0,4.0,133.33333333333334,0.0,0.0,0.0,,
2005,1105.0,2.0,20.0,5.0,4.0,5.0,3.0,3.0,133.33333333333334,0.0,0.0,0.0,,
2005,1306.0,1.0,48.0,2.0,1.0,6.0,1.0,0.0,275.0,3.0,1.0,900.0,1.0,12.0
2005,1306.0,2.0,47.0,2.0,1.0,6.0,1.0,0.0,275.0,2.0,0.0,200.0,2.0,3.0
2005,1306.0,2.0,17.0,5.0,1.0,3.0,1.0,0.0,275.0,3.0,2.0,0.0,2.0,3.0
2005,1306.0,1.0,10.0,5.0,1.0,1.0,3.0,3.0,275.0,0.0,0.0,0.0,,
2005,1555.0,1.0,59.0,1.0,4.0,1.0,3.0,7.0,271.2,0.0,0.0,0.0,,
2005,1555.0,2.0,58.0,1.0,4.0,1.0,3.0,4.0,271.2,0.0,0.0,0.0,,
2005,1555.0,1.0,34.0,5.0,4.0,2.0,1.0,0.0,271.2,3.0,2.0,800.0,2.0,
2005,1555.0,1.0,29.0,5.0,4.0,4.0,3.0,7.0,271.2,0.0,0.0,0.0,,
2005,1555.0,1.0,32.0,5.0,1.0,2.0,1.0,0.0,271.2,3.0,1.0,556.0,2.0,7.0
2005,1625.0,1.0,36.0,2.0,1.0,3.0,1.0,0.0,562.5,3.0,1.0,1100.0,2.0,9.0
2005,1625.0,2.0,34.0,2.0,1.0,4.0,1.0,0.0,562.5,3.0,2.0,500.0,2.0,
2005,1625.0,2.0,10.0,5.0,1.0,1.0,3.0,3.0,562.5,0.0,0.0,0.0,,
2005,1625.0,1.0,3.0,5.0,1.0,7.0,4.0,5.0,562.5,0.0,0.0,0.0,,
2005,1136.0,1.0,61.0,2.0,4.0,5.0,1.0,0.0,733.3333333333334,2.0,0.0,100.0,2.0,1.0
2005,1136.0,2.0,60.0,2.0,4.0,2.0,3.0,4.0,733.3333333333334,0.0,0.0,0.0,,
2005,1136.0,1.0,23.0,5.0,4.0,5.0,1.0,0.0,733.3333333333334,3.0,1.0,1400.0,2.0,11.0
2005,1213.0,1.0,55.0,5.0,4.0,1.0,1.0,0.0,450.0,3.0,2.0,450.0,2.0,2.0
2005,1164.0,2.0,84.0,4.0,1.0,1.0,3.0,1.0,400.0,0.0,0.0,0.0,,
2005,1393.0,1.0,46.0,5.0,4.0,4.0,1.0,0.0,350.0,2.0,0.0,350.0,2.0,1.0
2005,1057.0,1.0,55.0,2.0,2.0,4.0,1.0,0.0,1673.3333333333333,2.0,0.0,1500.0,2.0,1.0
2005,1057.0,2.0,56.0,2.0,2.0,6.0,1.0,0.0,1673.3333333333333,3.0,2.0,160.0,2.0,
2005,1057.0,2.0,27.0,5.0,1.0,6.0,1.0,0.0,1673.3333333333333,3.0,1.0,700.0,2.0,
2005,1401.0,2.0,35.0,5.0,1.0,5.0,1.0,0.0,1200.0,3.0,1.0,800.0,2.0,6.0
2005,1009.0,1.0,77.0,4.0,1.0,1.0,3.0,1.0,337.0,0.0,0.0,0.0,,
2005,1270.0,2.0,58.0,4.0,4.0,1.0,1.0,0.0,287.5,3.0,2.0,200.0,2.0,
2005,1270.0,2.0,24.0,1.0,1.0,4.0,3.0,4.0,287.5,0.0,0.0,0.0,,
2005,1270.0,1.0,22.0,1.0,1.0,3.0,1.0,0.0,287.5,3.0,1.0,650.0,2.0,12.0
2005,1270.0,1.0,,5.0,1.0,7.0,4.0,5.0,287.5,0.0,0.0,0.0,,
2005,1200.0,1.0,31.0,2.0,1.0,2.0,1.0,0.0,193.33333333333334,3.0,1.0,580.0,2.0,
2005,1200.0,2.0,30.0,2.0,1.0,2.0,3.0,4.0,193.33333333333334,0.0,0.0,0.0,,
2005,1200.0,2.0,1.0,5.0,1.0,7.0,4.0,5.0,193.33333333333334,0.0,0.0,0.0,,
2005,930.0,1.0,74.0,1.0,1.0,1.0,1.0,0.0,454.0,2.0,0.0,600.0,2.0,2.0
2005,930.0,2.0,76.0,1.0,1.0,3.0,3.0,4.0,454.0,0.0,0.0,0.0,,
2005,1232.0,1.0,42.0,2.0,2.0,3.0,1.0,0.0,750.0,1.0,0.0,3000.0,2.0,4.0
2005,1232.0,2.0,33.0,2.0,2.0,5.0,3.0,4.0,750.0,0.0,0.0,0.0,,
2005,1232.0,1.0,9.0,5.0,2.0,1.0,4.0,3.0,750.0,0.0,0.0,0.0,,
2005,1232.0,2.0,3.0,5.0,2.0,7.0,4.0,5.0,750.0,0.0,0.0,0.0,,
2005,1072.0,1.0,75.0,2.0,1.0,3.0,3.0,1.0,740.0,0.0,0.0,0.0,,
2005,1072.0,2.0,73.0,2.0,1.0,3.0,3.0,1.0,740.0,0.0,0.0,0.0,,
2005,2121.0,1.0,43.0,2.0,1.0,2.0,1.0,0.0,294.2857142857143,3.0,2.0,600.0,2.0,3.0
2005,2121.0,2.0,39.0,2.0,1.0,2.0,1.0,0.0,294.2857142857143,3.0,1.0,1210.0,2.0,7.0
2005,2121.0,1.0,14.0,5.0,1.0,3.0,3.0,3.0,294.2857142857143,0.0,0.0,0.0,,
2005,2121.0,1.0,20.0,5.0,4.0,4.0,1.0,0.0,294.2857142857143,3.0,2.0,250.0,2.0,3.0
2005,2121.0,2.0,16.0,5.0,1.0,3.0,3.0,3.0,294.2857142857143,0.0,0.0,0.0,,
2005,2121.0,1.0,9.0,5.0,1.0,1.0,4.0,3.0,294.2857142857143,0.0,0.0,0.0,,
2005,2121.0,1.0,10.0,5.0,1.0,1.0,3.0,3.0,294.2857142857143,0.0,0.0,0.0,,
2005,1134.0,2.0,85.0,4.0,1.0,2.0,3.0,1.0,990.0,0.0,0.0,0.0,,
2005,1180.0,1.0,44.0,1.0,1.0,2.0,1.0,0.0,546.6666666666666,3.0,1.0,1240.0,2.0,6.0
2005,1180.0,2.0,37.0,1.0,1.0,2.0,2.0,0.0,546.6666666666666,0.0,0.0,0.0,,
2005,1180.0,2.0,2.0,5.0,1.0,7.0,4.0,5.0,546.6666666666666,0.0,0.0,0.0,,
2005,1180.0,1.0,37.0,2.0,1.0,1.0,1.0,0.0,214.0,3.0,1.0,720.0,2.0,6.0
2005,1180.0,2.0,32.0,2.0,1.0,2.0,3.0,4.0,214.0,0.0,0.0,0.0,,
2005,1180.0,2.0,10.0,5.0,1.0,1.0,3.0,3.0,214.0,0.0,0.0,0.0,,
2005,1180.0,1.0,9.0,5.0,1.0,1.0,4.0,3.0,214.0,0.0,0.0,0.0,,
2005,1180.0,1.0,6.0,5.0,1.0,1.0,4.0,3.0,214.0,0.0,0.0,0.0,,
2005,2297.0,1.0,51.0,2.0,4.0,3.0,1.0,0.0,188.0,2.0,0.0,400.0,2.0,1.0
2005,2297.0,2.0,53.0,2.0,1.0,3.0,1.0,0.0,188.0,3.0,2.0,200.0,2.0,
2005,2297.0,2.0,27.0,5.0,4.0,5.0,3.0,4.0,188.0,0.0,0.0,0.0,,
2005,2297.0,2.0,24.0,5.0,4.0,4.0,3.0,4.0,188.0,0.0,0.0,0.0,,
2005,2297.0,1.0,22.0,5.0,1.0,4.0,1.0,0.0,188.0,3.0,1.0,550.0,2.0,10.0
2005,2297.0,1.0,17.0,5.0,4.0,3.0,3.0,3.0,188.0,0.0,0.0,0.0,,
2005,2297.0,2.0,9.0,5.0,4.0,1.0,4.0,3.0,188.0,0.0,0.0,0.0,,
2005,2297.0,2.0,19.0,1.0,4.0,3.0,3.0,3.0,188.0,0.0,0.0,0.0,,
2005,2297.0,1.0,21.0,1.0,4.0,3.0,2.0,0.0,188.0,0.0,0.0,0.0,,
2005,2297.0,1.0,,5.0,4.0,7.0,4.0,5.0,188.0,0.0,0.0,0.0,,
2005,1178.0,1.0,67.0,2.0,1.0,4.0,1.0,0.0,1354.0,3.0,1.0,1400.0,2.0,7.0
2005,1178.0,2.0,66.0,2.0,1.0,2.0,3.0,4.0,1354.0,0.0,0.0,0.0,,
2005,1676.0,1.0,29.0,5.0,2.0,5.0,2.0,0.0,0.0,3.0,0.0,0.0,,
2005,1230.0,2.0,39.0,5.0,4.0,2.0,1.0,0.0,295.0,3.0,2.0,280.0,2.0,
2005,1230.0,2.0,35.0,5.0,1.0,4.0,1.0,0.0,295.0,3.0,1.0,900.0,2.0,
2005,1230.0,2.0,21.0,5.0,4.0,4.0,3.0,7.0,295.0,0.0,0.0,0.0,,
2005,1230.0,2.0,5.0,5.0,1.0,1.0,4.0,5.0,295.0,0.0,0.0,0.0,,
2005,1196.0,2.0,54.0,4.0,1.0,2.0,1.0,0.0,832.5,1.0,0.0,650.0,2.0,2.0
2005,1196.0,1.0,27.0,5.0,4.0,4.0,1.0,0.0,832.5,3.0,2.0,600.0,2.0,3.0
2005,1196.0,2.0,30.0,5.0,1.0,4.0,1.0,0.0,832.5,3.0,1.0,280.0,2.0,
2005,1196.0,2.0,25.0,5.0,1.0,4.0,1.0,0.0,832.5,3.0,1.0,800.0,2.0,6.0
2005,1438.0,1.0,35.0,1.0,1.0,6.0,1.0,0.0,1760.0,3.0,2.0,2000.0,2.0,
2005,1438.0,2.0,26.0,1.0,1.0,4.0,1.0,0.0,1760.0,3.0,1.0,1020.0,2.0,2.0
2005,1261.0,1.0,36.0,1.0,4.0,2.0,1.0,0.0,200.0,2.0,0.0,600.0,2.0,1.0
2005,1261.0,2.0,24.0,1.0,4.0,2.0,3.0,4.0,200.0,0.0,0.0,0.0,,
2005,1261.0,2.0,,5.0,4.0,7.0,4.0,5.0,200.0,0.0,0.0,0.0,,
2005,1115.0,1.0,34.0,2.0,1.0,3.0,2.0,0.0,566.6666666666666,3.0,0.0,0.0,,
2005,1115.0,2.0,33.0,2.0,1.0,6.0,1.0,0.0,566.6666666666666,3.0,1.0,1100.0,2.0,5.0
2005,1115.0,2.0,,5.0,1.0,7.0,4.0,5.0,566.6666666666666,0.0,0.0,0.0,,
2005,1292.0,2.0,77.0,4.0,1.0,1.0,3.0,1.0,182.85714285714286,0.0,0.0,0.0,,
2005,1292.0,1.0,37.0,2.0,4.0,2.0,1.0,0.0,182.85714285714286,2.0,0.0,500.0,2.0,2.0
2005,1292.0,2.0,36.0,2.0,4.0,2.0,1.0,0.0,182.85714285714286,2.0,0.0,300.0,2.0,2.0
2005,1292.0,1.0,16.0,5.0,4.0,2.0,3.0,7.0,182.85714285714286,0.0,0.0,0.0,,
2005,1292.0,1.0,15.0,5.0,4.0,3.0,3.0,3.0,182.85714285714286,0.0,0.0,0.0,,
2005,1292.0,2.0,13.0,5.0,4.0,1.0,3.0,3.0,182.85714285714286,0.0,0.0,0.0,,
2005,1292.0,1.0,9.0,5.0,4.0,1.0,4.0,3.0,182.85714285714286,0.0,0.0,0.0,,
2005,1255.0,1.0,52.0,2.0,1.0,1.0,1.0,0.0,600.0,3.0,1.0,1100.0,2.0,7.0
2005,1255.0,2.0,48.0,2.0,1.0,3.0,2.0,0.0,600.0,3.0,0.0,0.0,,
2005,1255.0,1.0,20.0,5.0,1.0,3.0,1.0,0.0,600.0,3.0,1.0,700.0,2.0,7.0
2005,1308.0,1.0,44.0,2.0,4.0,2.0,1.0,0.0,330.0,3.0,2.0,250.0,2.0,5.0
2005,1308.0,2.0,42.0,2.0,1.0,3.0,1.0,0.0,330.0,3.0,1.0,720.0,2.0,
2005,1308.0,2.0,16.0,5.0,1.0,3.0,3.0,3.0,330.0,0.0,0.0,0.0,,
2005,1308.0,2.0,10.0,5.0,1.0,1.0,3.0,3.0,330.0,0.0,0.0,0.0,,
2005,2317.0,1.0,61.0,2.0,4.0,1.0,1.0,0.0,325.0,2.0,0.0,600.0,2.0,1.0
2005,2317.0,2.0,62.0,2.0,4.0,1.0,1.0,0.0,325.0,3.0,2.0,150.0,1.0,6.0
2005,2317.0,1.0,29.0,1.0,4.0,3.0,1.0,0.0,325.0,2.0,0.0,600.0,2.0,1.0
2005,2317.0,2.0,19.0,1.0,4.0,3.0,1.0,0.0,325.0,3.0,2.0,150.0,2.0,6.0
2005,2317.0,1.0,25.0,1.0,4.0,2.0,1.0,0.0,325.0,2.0,0.0,150.0,2.0,1.0
2005,2317.0,2.0,22.0,1.0,4.0,3.0,3.0,4.0,325.0,0.0,0.0,0.0,,
2005,1277.0,1.0,41.0,5.0,1.0,6.0,1.0,0.0,900.0,3.0,1.0,1100.0,2.0,7.0
2005,1277.0,2.0,42.0,5.0,1.0,3.0,1.0,0.0,900.0,3.0,1.0,700.0,2.0,6.0
2005,1542.0,2.0,40.0,3.0,4.0,3.0,1.0,0.0,146.66666666666666,3.0,2.0,440.0,2.0,
2005,1542.0,1.0,17.0,5.0,4.0,3.0,2.0,0.0,146.66666666666666,0.0,0.0,0.0,,
2005,1542.0,2.0,20.0,5.0,4.0,4.0,2.0,0.0,146.66666666666666,0.0,0.0,0.0,,
2005,1116.0,1.0,59.0,2.0,4.0,2.0,1.0,0.0,155.0,3.0,2.0,150.0,1.0,5.0
2005,1116.0,2.0,59.0,2.0,4.0,1.0,3.0,4.0,155.0,0.0,0.0,0.0,,
2005,1116.0,2.0,31.0,5.0,4.0,3.0,3.0,4.0,155.0,0.0,0.0,0.0,,
2005,1116.0,1.0,29.0,5.0,1.0,3.0,1.0,0.0,155.0,3.0,1.0,700.0,2.0,
2005,1116.0,2.0,8.0,5.0,4.0,1.0,4.0,3.0,155.0,0.0,0.0,0.0,,
2005,1116.0,2.0,3.0,5.0,4.0,7.0,4.0,5.0,155.0,0.0,0.0,0.0,,
2005,1170.0,1.0,52.0,3.0,1.0,2.0,1.0,0.0,880.0,3.0,1.0,2200.0,2.0,12.0
2005,1170.0,2.0,23.0,1.0,4.0,3.0,3.0,4.0,880.0,0.0,0.0,0.0,,
2005,1170.0,1.0,30.0,1.0,4.0,2.0,1.0,0.0,880.0,3.0,2.0,1000.0,2.0,
2005,1170.0,1.0,4.0,5.0,4.0,7.0,4.0,5.0,880.0,0.0,0.0,0.0,,
2005,1170.0,1.0,2.0,5.0,4.0,7.0,4.0,5.0,880.0,0.0,0.0,0.0,,
2005,1054.0,1.0,49.0,1.0,4.0,1.0,1.0,0.0,106.25,3.0,2.0,400.0,2.0,
2005,1054.0,2.0,59.0,1.0,4.0,2.0,1.0,0.0,106.25,3.0,2.0,150.0,1.0,5.0
2005,1054.0,2.0,34.0,3.0,1.0,2.0,3.0,4.0,106.25,0.0,0.0,0.0,,
2005,1054.0,1.0,18.0,5.0,4.0,3.0,3.0,3.0,106.25,0.0,0.0,0.0,,
2005,1054.0,1.0,17.0,5.0,4.0,1.0,3.0,3.0,106.25,0.0,0.0,0.0,,
2005,1054.0,2.0,14.0,5.0,4.0,3.0,3.0,3.0,106.25,0.0,0.0,0.0,,
2005,1054.0,2.0,4.0,5.0,1.0,7.0,4.0,5.0,106.25,0.0,0.0,0.0,,
2005,1054.0,2.0,4.0,5.0,1.0,7.0,4.0,5.0,106.25,0.0,0.0,0.0,,
2005,1195.0,1.0,48.0,2.0,1.0,3.0,1.0,0.0,200.0,3.0,1.0,800.0,2.0,4.0
2005,1195.0,2.0,39.0,2.0,1.0,2.0,3.0,4.0,200.0,0.0,0.0,0.0,,
2005,1195.0,2.0,8.0,5.0,1.0,1.0,4.0,3.0,200.0,0.0,0.0,0.0,,
2005,1195.0,2.0,3.0,5.0,1.0,7.0,4.0,5.0,200.0,0.0,0.0,0.0,,
2005,1043.0,1.0,71.0,2.0,1.0,2.0,3.0,1.0,372.5,0.0,0.0,0.0,,
2005,1043.0,2.0,66.0,2.0,1.0,4.0,3.0,1.0,372.5,0.0,0.0,0.0,,
2005,1298.0,1.0,50.0,1.0,1.0,2.0,1.0,0.0,800.0,3.0,1.0,1600.0,2.0,12.0
2005,1298.0,2.0,52.0,1.0,1.0,2.0,3.0,4.0,800.0,0.0,0.0,0.0,,
2005,1298.0,2.0,23.0,5.0,1.0,5.0,3.0,3.0,800.0,0.0,0.0,0.0,,
2005,1302.0,1.0,60.0,2.0,1.0,2.0,1.0,0.0,827.5,2.0,0.0,400.0,2.0,1.0
2005,1302.0,2.0,54.0,2.0,1.0,4.0,3.0,4.0,827.5,0.0,0.0,0.0,,
2005,1302.0,1.0,28.0,5.0,1.0,6.0,1.0,0.0,827.5,3.0,1.0,1120.0,2.0,
2005,1302.0,1.0,21.0,5.0,1.0,5.0,1.0,0.0,827.5,3.0,1.0,990.0,2.0,
2005,1136.0,2.0,24.0,3.0,4.0,2.0,1.0,0.0,0.0,3.0,2.0,0.0,2.0,
2005,1136.0,1.0,11.0,5.0,4.0,1.0,3.0,3.0,0.0,0.0,0.0,0.0,,
2005,1136.0,1.0,9.0,5.0,4.0,1.0,4.0,3.0,0.0,0.0,0.0,0.0,,
2005,1136.0,2.0,1.0,5.0,4.0,7.0,4.0,5.0,0.0,0.0,0.0,0.0,,
2005,1135.0,2.0,62.0,4.0,1.0,4.0,3.0,4.0,200.0,0.0,0.0,0.0,,
2005,1092.0,1.0,38.0,2.0,1.0,5.0,1.0,0.0,656.0,3.0,1.0,2000.0,2.0,9.0
2005,1092.0,2.0,36.0,2.0,1.0,4.0,3.0,4.0,656.0,0.0,0.0,0.0,,
2005,1092.0,2.0,11.0,5.0,1.0,1.0,3.0,3.0,656.0,0.0,0.0,0.0,,
2005,1092.0,2.0,80.0,4.0,1.0,2.0,3.0,1.0,656.0,0.0,0.0,0.0,,
2005,1092.0,1.0,,5.0,1.0,7.0,4.0,5.0,656.0,0.0,0.0,0.0,,
2005,998.0,1.0,73.0,2.0,1.0,1.0,3.0,1.0,380.0,0.0,0.0,0.0,,
2005,998.0,2.0,69.0,2.0,1.0,7.0,3.0,4.0,380.0,0.0,0.0,0.0,,
2005,998.0,2.0,41.0,5.0,1.0,6.0,1.0,0.0,380.0,3.0,1.0,700.0,2.0,4.0
2005,998.0,1.0,7.0,5.0,1.0,1.0,4.0,3.0,380.0,0.0,0.0,0.0,,
2005,2332.0,1.0,29.0,1.0,4.0,4.0,1.0,0.0,150.0,3.0,2.0,600.0,2.0,
2005,2332.0,2.0,29.0,1.0,4.0,4.0,3.0,4.0,150.0,0.0,0.0,0.0,,
2005,2332.0,2.0,6.0,5.0,4.0,1.0,4.0,3.0,150.0,0.0,0.0,0.0,,
2005,2332.0,1.0,3.0,5.0,4.0,7.0,4.0,5.0,150.0,0.0,0.0,0.0,,
2005,1190.0,1.0,71.0,2.0,4.0,4.0,1.0,0.0,50.0,2.0,0.0,100.0,2.0,1.0
2005,1190.0,2.0,72.0,2.0,4.0,2.0,3.0,4.0,50.0,0.0,0.0,0.0,,
2005,1175.0,1.0,41.0,2.0,1.0,3.0,1.0,0.0,140.0,3.0,1.0,700.0,2.0,10.0
2005,1175.0,2.0,39.0,2.0,1.0,3.0,3.0,4.0,140.0,0.0,0.0,0.0,,
2005,1175.0,1.0,15.0,5.0,1.0,3.0,3.0,3.0,140.0,0.0,0.0,0.0,,
2005,1175.0,1.0,13.0,5.0,1.0,3.0,3.0,3.0,140.0,0.0,0.0,0.0,,
2005,1175.0,2.0,11.0,5.0,1.0,1.0,3.0,3.0,140.0,0.0,0.0,0.0,,
2005,1639.0,1.0,20.0,5.0,1.0,5.0,1.0,0.0,1182.3333333333333,3.0,1.0,1047.0,1.0,7.0
2005,1639.0,2.0,48.0,3.0,1.0,4.0,1.0,0.0,1182.3333333333333,2.0,0.0,200.0,2.0,2.0
2005,1639.0,1.0,23.0,5.0,1.0,5.0,1.0,0.0,1182.3333333333333,3.0,1.0,1500.0,2.0,11.0
2005,1368.0,1.0,46.0,5.0,1.0,3.0,3.0,1.0,350.0,0.0,0.0,0.0,,
2005,1377.0,1.0,35.0,2.0,1.0,5.0,1.0,0.0,487.5,3.0,1.0,1350.0,2.0,7.0
2005,1377.0,2.0,34.0,2.0,1.0,6.0,1.0,0.0,487.5,3.0,1.0,600.0,1.0,6.0
2005,1377.0,1.0,4.0,5.0,1.0,7.0,4.0,5.0,487.5,0.0,0.0,0.0,,
2005,1377.0,1.0,3.0,5.0,1.0,7.0,4.0,5.0,487.5,0.0,0.0,0.0,,
2005,1248.0,1.0,45.0,2.0,4.0,5.0,1.0,0.0,200.0,3.0,1.0,0.0,2.0,
2005,1248.0,2.0,42.0,2.0,4.0,3.0,3.0,4.0,200.0,0.0,0.0,0.0,,
2005,1248.0,2.0,20.0,5.0,1.0,5.0,1.0,0.0,200.0,3.0,1.0,700.0,2.0,8.0
2005,1248.0,2.0,18.0,5.0,4.0,3.0,3.0,3.0,200.0,0.0,0.0,0.0,,
2005,1248.0,2.0,11.0,5.0,4.0,1.0,3.0,3.0,200.0,0.0,0.0,0.0,,
2005,1098.0,2.0,62.0,4.0,1.0,3.0,3.0,1.0,290.0,0.0,0.0,0.0,,
2005,1098.0,2.0,85.0,4.0,4.0,7.0,3.0,7.0,290.0,0.0,0.0,0.0,,
2005,1603.0,1.0,44.0,3.0,4.0,1.0,1.0,0.0,233.33333333333334,3.0,2.0,400.0,2.0,3.0
2005,1603.0,1.0,23.0,5.0,1.0,4.0,1.0,0.0,233.33333333333334,3.0,1.0,300.0,1.0,
2005,1603.0,2.0,21.0,5.0,4.0,4.0,2.0,0.0,233.33333333333334,3.0,0.0,0.0,,
2005,1484.0,2.0,29.0,3.0,4.0,3.0,3.0,1.0,66.66666666666667,0.0,0.0,0.0,,
2005,1484.0,1.0,11.0,5.0,4.0,1.0,3.0,3.0,66.66666666666667,0.0,0.0,0.0,,
2005,1484.0,2.0,10.0,5.0,4.0,1.0,3.0,3.0,66.66666666666667,0.0,0.0,0.0,,
2005,1484.0,1.0,8.0,5.0,1.0,1.0,4.0,3.0,66.66666666666667,0.0,0.0,0.0,,
2005,1484.0,2.0,5.0,5.0,1.0,7.0,4.0,5.0,66.66666666666667,0.0,0.0,0.0,,
2005,1484.0,1.0,4.0,5.0,1.0,7.0,4.0,5.0,66.66666666666667,0.0,0.0,0.0,,
2005,1574.0,2.0,35.0,2.0,4.0,2.0,1.0,0.0,114.44444444444444,2.0,0.0,30.0,2.0,2.0
2005,1574.0,1.0,36.0,2.0,4.0,2.0,1.0,0.0,114.44444444444444,2.0,0.0,30.0,2.0,2.0
2005,1574.0,1.0,14.0,5.0,4.0,1.0,1.0,0.0,114.44444444444444,3.0,2.0,280.0,2.0,4.0
2005,1574.0,1.0,8.0,5.0,4.0,1.0,4.0,3.0,114.44444444444444,0.0,0.0,0.0,,
2005,1574.0,2.0,4.0,5.0,4.0,7.0,4.0,5.0,114.44444444444444,0.0,0.0,0.0,,
2005,1574.0,2.0,3.0,5.0,4.0,7.0,4.0,5.0,114.44444444444444,0.0,0.0,0.0,,
2005,1574.0,2.0,26.0,5.0,4.0,2.0,1.0,0.0,114.44444444444444,2.0,0.0,160.0,2.0,1.0
2005,1574.0,1.0,16.0,5.0,4.0,1.0,1.0,0.0,114.44444444444444,2.0,0.0,80.0,2.0,1.0
2005,1574.0,1.0,6.0,5.0,4.0,1.0,4.0,3.0,114.44444444444444,0.0,0.0,0.0,,
2005,1138.0,2.0,50.0,3.0,4.0,3.0,2.0,0.0,450.0,3.0,0.0,0.0,,
2005,1138.0,2.0,21.0,5.0,4.0,5.0,2.0,0.0,450.0,3.0,0.0,0.0,,
2005,1461.0,2.0,70.0,3.0,4.0,2.0,3.0,2.0,195.0,0.0,0.0,0.0,,
2005,1461.0,1.0,46.0,5.0,1.0,2.0,3.0,1.0,195.0,0.0,0.0,0.0,,
2005,1330.0,1.0,57.0,2.0,1.0,4.0,1.0,0.0,940.0,3.0,2.0,800.0,2.0,6.0
2005,1330.0,2.0,50.0,2.0,1.0,3.0,3.0,4.0,940.0,0.0,0.0,0.0,,
2005,1330.0,2.0,17.0,5.0,1.0,3.0,3.0,3.0,940.0,0.0,0.0,0.0,,
2005,1330.0,2.0,20.0,5.0,1.0,5.0,1.0,0.0,940.0,3.0,2.0,1000.0,2.0,
2005,1330.0,1.0,21.0,5.0,1.0,2.0,1.0,0.0,940.0,3.0,2.0,500.0,2.0,2.0
2005,1112.0,2.0,60.0,4.0,1.0,5.0,1.0,0.0,1100.0,3.0,1.0,1500.0,1.0,12.0
2005,1112.0,2.0,25.0,5.0,1.0,5.0,2.0,0.0,1100.0,3.0,0.0,0.0,,
2005,1594.0,1.0,40.0,5.0,4.0,3.0,1.0,0.0,2000.0,2.0,0.0,2000.0,2.0,3.0
2005,1047.0,1.0,55.0,2.0,1.0,2.0,3.0,1.0,260.0,0.0,0.0,0.0,,
2005,1047.0,2.0,54.0,2.0,1.0,2.0,3.0,4.0,260.0,0.0,0.0,0.0,,
2005,1564.0,1.0,32.0,2.0,1.0,3.0,1.0,0.0,125.0,3.0,1.0,500.0,2.0,11.0
2005,1564.0,2.0,33.0,2.0,1.0,4.0,3.0,4.0,125.0,0.0,0.0,0.0,,
2005,1564.0,2.0,8.0,5.0,1.0,1.0,4.0,3.0,125.0,0.0,0.0,0.0,,
2005,1564.0,2.0,5.0,5.0,1.0,7.0,4.0,5.0,125.0,0.0,0.0,0.0,,
2005,1889.0,1.0,31.0,1.0,4.0,2.0,1.0,0.0,100.0,3.0,2.0,500.0,2.0,4.0
2005,1889.0,2.0,33.0,1.0,4.0,3.0,3.0,4.0,100.0,0.0,0.0,0.0,,
2005,1889.0,2.0,6.0,5.0,4.0,1.0,4.0,3.0,100.0,0.0,0.0,0.0,,
2005,1889.0,1.0,3.0,5.0,4.0,7.0,4.0,5.0,100.0,0.0,0.0,0.0,,
2005,1889.0,1.0,14.0,5.0,4.0,1.0,3.0,7.0,100.0,0.0,0.0,0.0,,
2005,1409.0,1.0,63.0,4.0,4.0,1.0,3.0,4.0,567.0,0.0,0.0,0.0,,
2005,1409.0,1.0,20.0,5.0,1.0,4.0,1.0,0.0,567.0,3.0,1.0,700.0,2.0,
2005,1152.0,1.0,78.0,2.0,1.0,2.0,3.0,1.0,175.0,0.0,0.0,0.0,,
2005,1152.0,2.0,80.0,2.0,1.0,3.0,3.0,4.0,175.0,0.0,0.0,0.0,,
2005,1100.0,2.0,65.0,4.0,1.0,2.0,3.0,1.0,419.0,0.0,0.0,0.0,,
2005,1220.0,1.0,57.0,2.0,1.0,2.0,1.0,0.0,333.3333333333333,3.0,1.0,1000.0,2.0,6.0
2005,1220.0,2.0,52.0,2.0,1.0,4.0,3.0,7.0,333.3333333333333,0.0,0.0,0.0,,
2005,1220.0,2.0,16.0,5.0,1.0,3.0,3.0,3.0,333.3333333333333,0.0,0.0,0.0,,
2005,1199.0,1.0,57.0,3.0,1.0,2.0,1.0,0.0,1400.0,3.0,1.0,1000.0,2.0,7.0
2005,1114.0,2.0,60.0,4.0,1.0,2.0,3.0,1.0,400.0,0.0,0.0,0.0,,
2005,1208.0,1.0,29.0,1.0,1.0,2.0,1.0,0.0,150.0,3.0,1.0,600.0,2.0,7.0
2005,1208.0,2.0,25.0,1.0,4.0,3.0,3.0,4.0,150.0,0.0,0.0,0.0,,
2005,1208.0,1.0,5.0,5.0,4.0,7.0,4.0,5.0,150.0,0.0,0.0,0.0,,
2005,1208.0,2.0,1.0,5.0,1.0,7.0,4.0,5.0,150.0,0.0,0.0,0.0,,
2005,1210.0,1.0,53.0,2.0,4.0,2.0,1.0,0.0,220.0,3.0,2.0,500.0,2.0,7.0
2005,1210.0,2.0,51.0,2.0,4.0,2.0,3.0,4.0,220.0,0.0,0.0,0.0,,
2005,1210.0,2.0,28.0,5.0,1.0,4.0,1.0,0.0,220.0,3.0,1.0,600.0,2.0,8.0
2005,1210.0,1.0,10.0,5.0,4.0,1.0,3.0,3.0,220.0,0.0,0.0,0.0,,
2005,1210.0,1.0,8.0,5.0,4.0,1.0,4.0,3.0,220.0,0.0,0.0,0.0,,
2005,1202.0,1.0,44.0,1.0,4.0,3.0,1.0,0.0,300.0,2.0,0.0,600.0,2.0,1.0
2005,1202.0,2.0,57.0,1.0,4.0,2.0,3.0,4.0,300.0,0.0,0.0,0.0,,
2005,1449.0,2.0,48.0,3.0,4.0,4.0,2.0,0.0,412.5,2.0,0.0,0.0,,
2005,1449.0,1.0,22.0,5.0,1.0,4.0,1.0,0.0,412.5,3.0,1.0,800.0,2.0,7.0
2005,1449.0,1.0,22.0,5.0,4.0,4.0,3.0,4.0,412.5,0.0,0.0,0.0,,
2005,1449.0,1.0,17.0,5.0,4.0,3.0,3.0,3.0,412.5,0.0,0.0,0.0,,
2005,1233.0,1.0,50.0,2.0,2.0,2.0,1.0,0.0,366.6666666666667,2.0,0.0,800.0,2.0,1.0
2005,1233.0,2.0,46.0,2.0,2.0,2.0,1.0,0.0,366.6666666666667,3.0,2.0,300.0,2.0,
2005,1233.0,2.0,17.0,5.0,2.0,3.0,3.0,3.0,366.6666666666667,0.0,0.0,0.0,,
2005,1038.0,1.0,61.0,2.0,4.0,1.0,1.0,0.0,206.66666666666666,3.0,2.0,150.0,2.0,2.0
2005,1038.0,2.0,65.0,2.0,4.0,1.0,1.0,0.0,206.66666666666666,3.0,2.0,60.0,2.0,
2005,1038.0,2.0,85.0,4.0,1.0,7.0,3.0,1.0,206.66666666666666,0.0,0.0,0.0,,
2005,1641.0,2.0,39.0,5.0,1.0,3.0,1.0,0.0,500.0,3.0,1.0,800.0,2.0,
2005,1641.0,2.0,8.0,5.0,1.0,1.0,4.0,3.0,500.0,0.0,0.0,0.0,,
2005,1641.0,2.0,23.0,1.0,4.0,1.0,1.0,0.0,500.0,3.0,2.0,200.0,2.0,1.0
2005,1641.0,1.0,26.0,1.0,4.0,1.0,1.0,0.0,500.0,3.0,2.0,600.0,2.0,
2005,1061.0,1.0,67.0,2.0,1.0,2.0,3.0,1.0,315.0,0.0,0.0,0.0,,
2005,1061.0,2.0,68.0,2.0,1.0,7.0,3.0,4.0,315.0,0.0,0.0,0.0,,
2005,1333.0,1.0,46.0,2.0,1.0,4.0,1.0,0.0,113.0,2.0,0.0,300.0,2.0,1.0
2005,1333.0,2.0,40.0,2.0,1.0,3.0,1.0,0.0,113.0,3.0,1.0,152.0,2.0,
2005,1333.0,2.0,15.0,5.0,1.0,3.0,3.0,3.0,113.0,0.0,0.0,0.0,,
2005,1333.0,1.0,10.0,5.0,1.0,1.0,3.0,3.0,113.0,0.0,0.0,0.0,,
2005,1562.0,1.0,30.0,2.0,1.0,6.0,1.0,0.0,566.6666666666666,2.0,0.0,800.0,2.0,1.0
2005,1562.0,2.0,39.0,2.0,1.0,6.0,1.0,0.0,566.6666666666666,2.0,0.0,100.0,2.0,3.0
2005,1562.0,2.0,10.0,5.0,1.0,1.0,3.0,3.0,566.6666666666666,0.0,0.0,0.0,,
2005,1306.0,2.0,82.0,4.0,12.0,2.0,3.0,1.0,510.0,0.0,0.0,0.0,,
2005,1515.0,1.0,42.0,2.0,2.0,6.0,1.0,0.0,1040.0,1.0,0.0,5000.0,2.0,7.0
2005,1515.0,2.0,43.0,2.0,2.0,6.0,3.0,2.0,1040.0,0.0,0.0,0.0,,
2005,1515.0,2.0,19.0,5.0,2.0,5.0,3.0,3.0,1040.0,0.0,0.0,0.0,,
2005,1515.0,2.0,17.0,5.0,2.0,3.0,3.0,3.0,1040.0,0.0,0.0,0.0,,
2005,1515.0,2.0,13.0,5.0,2.0,3.0,3.0,3.0,1040.0,0.0,0.0,0.0,,
2005,1679.0,1.0,42.0,2.0,2.0,4.0,1.0,0.0,216.0,1.0,0.0,1000.0,2.0,3.0
2005,1679.0,2.0,40.0,2.0,2.0,4.0,3.0,4.0,216.0,0.0,0.0,0.0,,
2005,1679.0,1.0,19.0,5.0,2.0,4.0,2.0,0.0,216.0,0.0,0.0,0.0,,
2005,1679.0,1.0,17.0,5.0,2.0,3.0,1.0,0.0,216.0,3.0,2.0,80.0,2.0,2.0
2005,1679.0,1.0,3.0,5.0,2.0,7.0,4.0,5.0,216.0,0.0,0.0,0.0,,
2005,1117.0,1.0,78.0,2.0,1.0,2.0,3.0,1.0,175.0,0.0,0.0,0.0,,
2005,1117.0,2.0,54.0,2.0,1.0,2.0,3.0,4.0,175.0,0.0,0.0,0.0,,
2005,1099.0,1.0,85.0,4.0,1.0,1.0,3.0,1.0,550.0,0.0,0.0,0.0,,
2005,1060.0,1.0,56.0,1.0,4.0,2.0,1.0,0.0,91.66666666666667,3.0,2.0,400.0,2.0,4.0
2005,1060.0,2.0,52.0,1.0,4.0,2.0,3.0,4.0,91.66666666666667,0.0,0.0,0.0,,
2005,1060.0,1.0,17.0,5.0,4.0,3.0,3.0,3.0,91.66666666666667,0.0,0.0,0.0,,
2005,1060.0,1.0,15.0,5.0,4.0,3.0,3.0,3.0,91.66666666666667,0.0,0.0,0.0,,
2005,1060.0,1.0,11.0,5.0,4.0,1.0,3.0,3.0,91.66666666666667,0.0,0.0,0.0,,
2005,1060.0,1.0,11.0,5.0,4.0,1.0,3.0,3.0,91.66666666666667,0.0,0.0,0.0,,
2005,1104.0,1.0,55.0,2.0,1.0,3.0,1.0,0.0,378.0,3.0,1.0,1000.0,2.0,6.0
2005,1104.0,2.0,47.0,2.0,1.0,3.0,3.0,4.0,378.0,0.0,0.0,0.0,,
2005,1104.0,2.0,25.0,5.0,4.0,5.0,2.0,0.0,378.0,3.0,0.0,0.0,,
2005,1104.0,2.0,23.0,5.0,1.0,4.0,1.0,0.0,378.0,3.0,1.0,300.0,2.0,2.0
2005,1104.0,2.0,72.0,4.0,4.0,1.0,3.0,1.0,378.0,0.0,0.0,0.0,,
2005,1326.0,1.0,49.0,2.0,1.0,4.0,2.0,0.0,333.3333333333333,3.0,0.0,0.0,,
2005,1326.0,2.0,53.0,2.0,1.0,3.0,1.0,0.0,333.3333333333333,3.0,1.0,900.0,2.0,9.0
2005,1326.0,2.0,17.0,5.0,1.0,3.0,3.0,3.0,333.3333333333333,0.0,0.0,0.0,,
2005,1400.0,1.0,35.0,1.0,1.0,2.0,1.0,0.0,480.0,3.0,1.0,660.0,2.0,7.0
2005,1400.0,2.0,20.0,1.0,4.0,2.0,2.0,0.0,480.0,3.0,0.0,0.0,,
2005,1146.0,1.0,54.0,2.0,1.0,3.0,1.0,0.0,375.0,2.0,0.0,1500.0,2.0,1.0
2005,1146.0,2.0,53.0,2.0,1.0,4.0,3.0,4.0,375.0,0.0,0.0,0.0,,
2005,1146.0,2.0,27.0,5.0,4.0,5.0,3.0,3.0,375.0,0.0,0.0,0.0,,
2005,1146.0,1.0,22.0,5.0,1.0,5.0,3.0,3.0,375.0,0.0,0.0,0.0,,
2005,1552.0,2.0,46.0,4.0,1.0,4.0,1.0,0.0,380.0,3.0,1.0,1090.0,2.0,4.0
2005,1552.0,2.0,20.0,5.0,1.0,5.0,2.0,0.0,380.0,0.0,0.0,0.0,,
2005,1552.0,1.0,18.0,5.0,1.0,4.0,2.0,0.0,380.0,0.0,0.0,0.0,,
2005,770.0,1.0,30.0,1.0,4.0,2.0,1.0,0.0,240.0,3.0,1.0,800.0,2.0,11.0
2005,770.0,2.0,20.0,1.0,4.0,4.0,3.0,4.0,240.0,0.0,0.0,0.0,,
2005,770.0,2.0,4.0,5.0,4.0,7.0,4.0,5.0,240.0,0.0,0.0,0.0,,
2005,770.0,1.0,2.0,5.0,4.0,7.0,4.0,5.0,240.0,0.0,0.0,0.0,,
2005,770.0,2.0,1.0,5.0,4.0,7.0,4.0,5.0,240.0,0.0,0.0,0.0,,
2005,1049.0,1.0,43.0,2.0,4.0,4.0,1.0,0.0,171.42857142857142,3.0,2.0,700.0,2.0,4.0
2005,1049.0,2.0,44.0,2.0,4.0,4.0,1.0,0.0,171.42857142857142,3.0,2.0,150.0,1.0,7.0
2005,1049.0,1.0,81.0,2.0,1.0,1.0,3.0,1.0,171.42857142857142,0.0,0.0,0.0,,
2005,1049.0,2.0,76.0,2.0,1.0,1.0,3.0,4.0,171.42857142857142,0.0,0.0,0.0,,
2005,1049.0,1.0,15.0,5.0,4.0,3.0,3.0,3.0,171.42857142857142,0.0,0.0,0.0,,
2005,1049.0,1.0,12.0,5.0,4.0,1.0,3.0,3.0,171.42857142857142,0.0,0.0,0.0,,
2005,1049.0,2.0,6.0,5.0,4.0,1.0,4.0,3.0,171.42857142857142,0.0,0.0,0.0,,
2005,1343.0,1.0,61.0,2.0,1.0,4.0,1.0,0.0,283.3333333333333,3.0,1.0,800.0,2.0,7.0
2005,1343.0,2.0,61.0,2.0,1.0,4.0,1.0,0.0,283.3333333333333,2.0,0.0,50.0,2.0,1.0
2005,1343.0,1.0,24.0,5.0,1.0,5.0,3.0,3.0,283.3333333333333,0.0,0.0,0.0,,
2005,1450.0,1.0,45.0,2.0,1.0,3.0,1.0,0.0,410.0,3.0,1.0,920.0,2.0,6.0
2005,1450.0,2.0,45.0,2.0,1.0,2.0,3.0,4.0,410.0,0.0,0.0,0.0,,
2005,1450.0,1.0,19.0,5.0,1.0,4.0,1.0,0.0,410.0,3.0,1.0,720.0,2.0,6.0
2005,1450.0,1.0,17.0,5.0,1.0,3.0,3.0,3.0,410.0,0.0,0.0,0.0,,
2005,1058.0,1.0,70.0,2.0,1.0,2.0,3.0,1.0,523.3333333333334,0.0,0.0,0.0,,
2005,1058.0,2.0,68.0,2.0,1.0,2.0,3.0,1.0,523.3333333333334,0.0,0.0,0.0,,
2005,1058.0,2.0,34.0,5.0,1.0,5.0,1.0,0.0,523.3333333333334,3.0,1.0,450.0,1.0,9.0
2005,1217.0,1.0,47.0,2.0,1.0,3.0,2.0,0.0,176.0,3.0,0.0,0.0,,
2005,1217.0,2.0,49.0,2.0,1.0,6.0,1.0,0.0,176.0,3.0,1.0,780.0,1.0,
2005,1217.0,1.0,20.0,5.0,1.0,5.0,2.0,0.0,176.0,0.0,0.0,0.0,,
2005,1217.0,2.0,17.0,5.0,1.0,1.0,3.0,3.0,176.0,0.0,0.0,0.0,,
2005,1217.0,2.0,13.0,5.0,1.0,3.0,3.0,3.0,176.0,0.0,0.0,0.0,,
2005,1002.0,2.0,76.0,4.0,1.0,4.0,3.0,1.0,380.0,0.0,0.0,0.0,,
2005,1110.0,1.0,25.0,1.0,4.0,3.0,1.0,0.0,162.5,3.0,2.0,500.0,2.0,2.0
2005,1110.0,2.0,22.0,1.0,4.0,2.0,3.0,4.0,162.5,0.0,0.0,0.0,,
2005,1110.0,2.0,5.0,5.0,4.0,7.0,4.0,5.0,162.5,0.0,0.0,0.0,,
2005,1110.0,1.0,4.0,5.0,4.0,7.0,4.0,5.0,162.5,0.0,0.0,0.0,,
2005,2920.0,1.0,58.0,1.0,4.0,1.0,1.0,0.0,252.5,3.0,2.0,640.0,2.0,
2005,2920.0,2.0,52.0,1.0,4.0,1.0,2.0,0.0,252.5,0.0,0.0,0.0,,
2005,2920.0,1.0,14.0,5.0,4.0,3.0,3.0,3.0,252.5,0.0,0.0,0.0,,
2005,2920.0,2.0,17.0,5.0,4.0,4.0,2.0,0.0,252.5,0.0,0.0,0.0,,
2005,1136.0,1.0,46.0,2.0,1.0,5.0,1.0,0.0,1500.0,3.0,1.0,3000.0,1.0,12.0
2005,1136.0,2.0,46.0,2.0,1.0,3.0,1.0,0.0,1500.0,3.0,1.0,1000.0,1.0,12.0
2005,1136.0,2.0,16.0,5.0,1.0,3.0,3.0,3.0,1500.0,0.0,0.0,0.0,,
2005,1136.0,2.0,11.0,5.0,1.0,1.0,3.0,3.0,1500.0,0.0,0.0,0.0,,
2005,1593.0,1.0,45.0,2.0,1.0,2.0,1.0,0.0,390.0,3.0,1.0,950.0,2.0,6.0
2005,1593.0,2.0,44.0,2.0,1.0,2.0,3.0,4.0,390.0,0.0,0.0,0.0,,
2005,1593.0,2.0,22.0,5.0,1.0,3.0,1.0,0.0,390.0,3.0,1.0,400.0,2.0,7.0
2005,1593.0,2.0,15.0,5.0,1.0,3.0,3.0,3.0,390.0,0.0,0.0,0.0,,
2005,1593.0,1.0,15.0,5.0,1.0,3.0,3.0,3.0,390.0,0.0,0.0,0.0,,
2005,1385.0,1.0,43.0,2.0,1.0,4.0,1.0,0.0,562.5,3.0,1.0,1000.0,1.0,
2005,1385.0,2.0,42.0,2.0,1.0,4.0,1.0,0.0,562.5,3.0,1.0,500.0,2.0,11.0
2005,1385.0,1.0,15.0,5.0,1.0,3.0,3.0,3.0,562.5,0.0,0.0,0.0,,
2005,1385.0,2.0,14.0,5.0,1.0,3.0,3.0,3.0,562.5,0.0,0.0,0.0,,
2005,1601.0,1.0,44.0,2.0,2.0,4.0,1.0,0.0,287.5,2.0,0.0,1000.0,2.0,2.0
2005,1601.0,2.0,44.0,2.0,2.0,4.0,1.0,0.0,287.5,3.0,2.0,150.0,1.0,12.0
2005,1601.0,2.0,20.0,5.0,2.0,4.0,2.0,0.0,287.5,3.0,0.0,0.0,,
2005,1601.0,1.0,16.0,5.0,2.0,3.0,3.0,3.0,287.5,0.0,0.0,0.0,,
2005,1276.0,1.0,28.0,2.0,1.0,4.0,1.0,0.0,233.33333333333334,3.0,1.0,700.0,2.0,2.0
2005,1276.0,2.0,26.0,2.0,1.0,4.0,3.0,4.0,233.33333333333334,0.0,0.0,0.0,,
2005,1276.0,1.0,,5.0,1.0,7.0,4.0,5.0,233.33333333333334,0.0,0.0,0.0,,
2005,1719.0,1.0,52.0,2.0,1.0,6.0,1.0,0.0,2725.0,3.0,1.0,5500.0,2.0,10.0
2005,1719.0,2.0,44.0,2.0,1.0,6.0,3.0,4.0,2725.0,0.0,0.0,0.0,,
2005,1719.0,2.0,22.0,5.0,1.0,6.0,1.0,0.0,2725.0,3.0,1.0,2000.0,2.0,10.0
2005,1719.0,2.0,19.0,5.0,1.0,5.0,3.0,3.0,2725.0,0.0,0.0,0.0,,
2005,1013.0,1.0,65.0,2.0,1.0,2.0,1.0,0.0,566.6666666666666,3.0,1.0,700.0,2.0,9.0
2005,1013.0,2.0,53.0,2.0,1.0,4.0,1.0,0.0,566.6666666666666,3.0,1.0,700.0,2.0,6.0
2005,1013.0,2.0,23.0,5.0,1.0,5.0,3.0,3.0,566.6666666666666,0.0,0.0,0.0,,
2005,1041.0,1.0,28.0,2.0,1.0,4.0,1.0,0.0,330.0,3.0,1.0,800.0,2.0,2.0
2005,1041.0,2.0,26.0,2.0,1.0,4.0,1.0,0.0,330.0,2.0,0.0,200.0,2.0,2.0
2005,1041.0,1.0,7.0,5.0,1.0,1.0,4.0,3.0,330.0,0.0,0.0,0.0,,
2005,1041.0,2.0,5.0,5.0,1.0,7.0,4.0,5.0,330.0,0.0,0.0,0.0,,
2005,1041.0,1.0,2.0,5.0,1.0,7.0,4.0,5.0,330.0,0.0,0.0,0.0,,
2005,1117.0,2.0,72.0,3.0,4.0,2.0,3.0,1.0,230.0,0.0,0.0,0.0,,
2005,1034.0,2.0,72.0,4.0,1.0,2.0,3.0,1.0,500.0,0.0,0.0,0.0,,
2005,1034.0,2.0,97.0,4.0,1.0,1.0,3.0,1.0,500.0,0.0,0.0,0.0,,
2005,1559.0,1.0,56.0,1.0,4.0,1.0,1.0,0.0,66.66666666666667,2.0,0.0,100.0,2.0,2.0
2005,1559.0,2.0,52.0,1.0,4.0,2.0,1.0,0.0,66.66666666666667,2.0,0.0,100.0,2.0,2.0
2005,1559.0,1.0,26.0,5.0,4.0,2.0,2.0,0.0,66.66666666666667,3.0,0.0,0.0,,
2005,1223.0,2.0,48.0,4.0,4.0,1.0,1.0,0.0,63.333333333333336,2.0,0.0,70.0,2.0,1.0
2005,1223.0,2.0,11.0,5.0,4.0,1.0,3.0,3.0,63.333333333333336,0.0,0.0,0.0,,
2005,1223.0,1.0,13.0,5.0,4.0,1.0,3.0,3.0,63.333333333333336,0.0,0.0,0.0,,
2005,1568.0,1.0,27.0,1.0,2.0,4.0,1.0,0.0,910.0,3.0,2.0,500.0,2.0,3.0
2005,1568.0,2.0,27.0,1.0,2.0,4.0,1.0,0.0,910.0,3.0,2.0,320.0,2.0,8.0
2005,1374.0,1.0,57.0,2.0,1.0,2.0,1.0,0.0,833.3333333333334,2.0,0.0,600.0,2.0,1.0
2005,1374.0,2.0,53.0,2.0,1.0,3.0,1.0,0.0,833.3333333333334,3.0,1.0,600.0,1.0,7.0
2005,1374.0,1.0,23.0,5.0,1.0,5.0,1.0,0.0,833.3333333333334,3.0,1.0,900.0,2.0,7.0
2005,1375.0,2.0,34.0,1.0,4.0,4.0,1.0,0.0,440.0,3.0,2.0,320.0,2.0,3.0
2005,1375.0,1.0,31.0,1.0,4.0,3.0,1.0,0.0,440.0,3.0,2.0,600.0,2.0,7.0
2005,1375.0,1.0,25.0,5.0,4.0,5.0,1.0,0.0,440.0,2.0,0.0,400.0,2.0,1.0
2005,1463.0,1.0,50.0,2.0,4.0,2.0,1.0,0.0,333.3333333333333,2.0,0.0,300.0,2.0,1.0
2005,1463.0,2.0,46.0,2.0,4.0,2.0,1.0,0.0,333.3333333333333,3.0,2.0,500.0,2.0,
2005,1463.0,1.0,18.0,5.0,4.0,3.0,3.0,3.0,333.3333333333333,0.0,0.0,0.0,,
2005,1463.0,2.0,19.0,1.0,2.0,5.0,3.0,4.0,333.3333333333333,0.0,0.0,0.0,,
2005,1463.0,1.0,1.0,5.0,2.0,7.0,4.0,5.0,333.3333333333333,0.0,0.0,0.0,,
2005,1463.0,1.0,20.0,1.0,1.0,4.0,1.0,0.0,333.3333333333333,3.0,1.0,1000.0,2.0,11.0
2005,1075.0,1.0,64.0,2.0,1.0,2.0,1.0,0.0,295.0,2.0,0.0,200.0,2.0,1.0
2005,1075.0,2.0,64.0,2.0,1.0,2.0,3.0,4.0,295.0,0.0,0.0,0.0,,
2005,1235.0,1.0,34.0,2.0,1.0,6.0,1.0,0.0,924.0,3.0,1.0,1002.0,2.0,
2005,1235.0,2.0,35.0,2.0,1.0,6.0,1.0,0.0,924.0,3.0,1.0,1004.0,1.0,9.0
2005,1235.0,2.0,1.0,5.0,1.0,7.0,4.0,5.0,924.0,0.0,0.0,0.0,,
2005,770.0,1.0,51.0,1.0,4.0,2.0,1.0,0.0,115.0,2.0,0.0,400.0,2.0,1.0
2005,770.0,2.0,36.0,1.0,4.0,1.0,1.0,0.0,115.0,3.0,2.0,60.0,2.0,
2005,770.0,2.0,12.0,5.0,4.0,1.0,3.0,3.0,115.0,0.0,0.0,0.0,,
2005,770.0,2.0,9.0,5.0,4.0,1.0,4.0,3.0,115.0,0.0,0.0,0.0,,
2005,1866.0,1.0,25.0,1.0,4.0,3.0,1.0,0.0,82.5,3.0,2.0,180.0,2.0,2.0
2005,1866.0,2.0,25.0,1.0,4.0,1.0,1.0,0.0,82.5,3.0,2.0,150.0,1.0,
2005,1866.0,1.0,6.0,5.0,4.0,7.0,4.0,3.0,82.5,0.0,0.0,0.0,,
2005,1866.0,2.0,3.0,5.0,4.0,7.0,4.0,5.0,82.5,0.0,0.0,0.0,,
2005,1112.0,2.0,32.0,5.0,1.0,6.0,1.0,0.0,360.0,3.0,1.0,360.0,2.0,8.0
2005,1539.0,1.0,44.0,2.0,1.0,6.0,1.0,0.0,913.3333333333334,3.0,1.0,2000.0,2.0,9.0
2005,1539.0,2.0,44.0,2.0,1.0,6.0,1.0,0.0,913.3333333333334,3.0,1.0,740.0,2.0,8.0
2005,1539.0,2.0,17.0,5.0,1.0,3.0,3.0,3.0,913.3333333333334,0.0,0.0,0.0,,
2005,1818.0,1.0,33.0,2.0,1.0,2.0,1.0,0.0,37.5,2.0,0.0,150.0,2.0,1.0
2005,1818.0,2.0,31.0,2.0,1.0,3.0,3.0,4.0,37.5,0.0,0.0,0.0,,
2005,1818.0,1.0,14.0,5.0,1.0,3.0,3.0,3.0,37.5,0.0,0.0,0.0,,
2005,1818.0,2.0,9.0,5.0,1.0,1.0,4.0,3.0,37.5,0.0,0.0,0.0,,
2005,1131.0,1.0,54.0,2.0,1.0,2.0,3.0,1.0,360.0,0.0,0.0,0.0,,
2005,1131.0,2.0,52.0,2.0,1.0,2.0,3.0,4.0,360.0,0.0,0.0,0.0,,
2005,1131.0,2.0,22.0,5.0,4.0,4.0,1.0,0.0,360.0,3.0,2.0,700.0,2.0,
2005,1131.0,1.0,19.0,5.0,4.0,4.0,1.0,0.0,360.0,3.0,2.0,400.0,2.0,
2005,1480.0,1.0,43.0,5.0,1.0,3.0,1.0,0.0,1150.0,3.0,1.0,1100.0,1.0,7.0
2005,1480.0,1.0,78.0,5.0,4.0,1.0,3.0,4.0,1150.0,0.0,0.0,0.0,,
2005,1378.0,1.0,46.0,2.0,1.0,5.0,1.0,0.0,370.0,3.0,1.0,1300.0,2.0,2.0
2005,1378.0,2.0,46.0,2.0,1.0,5.0,1.0,0.0,370.0,2.0,0.0,150.0,2.0,1.0
2005,1378.0,1.0,18.0,5.0,1.0,5.0,3.0,3.0,370.0,0.0,0.0,0.0,,
2005,1378.0,1.0,12.0,5.0,1.0,1.0,3.0,3.0,370.0,0.0,0.0,0.0,,
2005,1397.0,1.0,47.0,5.0,4.0,3.0,1.0,0.0,150.0,3.0,2.0,150.0,2.0,
2005,1681.0,1.0,56.0,4.0,4.0,1.0,2.0,0.0,0.0,2.0,0.0,0.0,,
2005,1144.0,1.0,73.0,3.0,1.0,1.0,3.0,1.0,400.0,0.0,0.0,0.0,,
2005,1144.0,1.0,39.0,3.0,1.0,1.0,1.0,0.0,400.0,3.0,1.0,300.0,2.0,7.0
2005,1047.0,2.0,81.0,4.0,1.0,2.0,3.0,1.0,750.0,0.0,0.0,0.0,,
2005,1136.0,1.0,33.0,1.0,1.0,2.0,1.0,0.0,75.0,3.0,1.0,400.0,2.0,4.0
2005,1136.0,2.0,34.0,1.0,1.0,2.0,3.0,4.0,75.0,0.0,0.0,0.0,,
2005,1136.0,1.0,14.0,5.0,1.0,3.0,3.0,3.0,75.0,0.0,0.0,0.0,,
2005,1136.0,1.0,12.0,5.0,1.0,1.0,3.0,3.0,75.0,0.0,0.0,0.0,,
2005,1136.0,2.0,10.0,5.0,1.0,1.0,3.0,3.0,75.0,0.0,0.0,0.0,,
2005,1136.0,2.0,8.0,5.0,1.0,1.0,4.0,3.0,75.0,0.0,0.0,0.0,,
2005,1136.0,2.0,4.0,5.0,1.0,7.0,4.0,5.0,75.0,0.0,0.0,0.0,,
2005,1136.0,1.0,1.0,5.0,1.0,7.0,4.0,5.0,75.0,0.0,0.0,0.0,,
2005,1083.0,2.0,83.0,4.0,4.0,2.0,3.0,1.0,1200.0,0.0,0.0,0.0,,
2005,1337.0,1.0,46.0,2.0,4.0,3.0,1.0,0.0,407.5,3.0,2.0,1000.0,1.0,11.0
2005,1337.0,2.0,42.0,2.0,4.0,3.0,1.0,0.0,407.5,3.0,2.0,150.0,1.0,
2005,1337.0,1.0,21.0,5.0,4.0,3.0,1.0,0.0,407.5,2.0,0.0,300.0,2.0,1.0
2005,1337.0,1.0,17.0,5.0,4.0,3.0,1.0,0.0,407.5,3.0,2.0,0.0,2.0,2.0
2005,1360.0,1.0,36.0,2.0,1.0,2.0,1.0,0.0,466.6666666666667,3.0,1.0,1400.0,2.0,12.0
2005,1360.0,2.0,41.0,2.0,1.0,4.0,3.0,4.0,466.6666666666667,0.0,0.0,0.0,,
2005,1360.0,2.0,12.0,5.0,1.0,1.0,3.0,3.0,466.6666666666667,0.0,0.0,0.0,,
2005,1488.0,1.0,59.0,1.0,4.0,1.0,1.0,0.0,270.0,2.0,0.0,300.0,2.0,1.0
2005,1488.0,2.0,48.0,1.0,4.0,7.0,1.0,0.0,270.0,3.0,2.0,510.0,2.0,
2005,1488.0,1.0,18.0,5.0,4.0,3.0,3.0,3.0,270.0,0.0,0.0,0.0,,
2005,938.0,1.0,72.0,2.0,1.0,4.0,1.0,0.0,600.0,3.0,1.0,800.0,2.0,
2005,938.0,2.0,72.0,2.0,1.0,1.0,3.0,4.0,600.0,0.0,0.0,0.0,,
2005,2047.0,1.0,41.0,2.0,1.0,1.0,1.0,0.0,124.28571428571429,3.0,1.0,500.0,2.0,
2005,2047.0,2.0,38.0,2.0,1.0,1.0,1.0,0.0,124.28571428571429,3.0,2.0,120.0,2.0,
2005,2047.0,2.0,18.0,1.0,4.0,2.0,3.0,4.0,124.28571428571429,0.0,0.0,0.0,,
2005,2047.0,1.0,16.0,5.0,4.0,3.0,3.0,7.0,124.28571428571429,0.0,0.0,0.0,,
2005,2047.0,1.0,21.0,5.0,4.0,2.0,2.0,0.0,124.28571428571429,3.0,0.0,0.0,,
2005,2047.0,1.0,23.0,1.0,4.0,2.0,2.0,0.0,124.28571428571429,3.0,0.0,0.0,,
2005,2047.0,1.0,,5.0,4.0,7.0,4.0,5.0,124.28571428571429,0.0,0.0,0.0,,
2005,985.0,1.0,76.0,4.0,1.0,2.0,3.0,1.0,593.0,0.0,0.0,0.0,,
2005,985.0,2.0,95.0,4.0,1.0,1.0,3.0,1.0,593.0,0.0,0.0,0.0,,
2005,1059.0,1.0,56.0,2.0,1.0,2.0,1.0,0.0,433.6666666666667,3.0,1.0,1000.0,2.0,
2005,1059.0,2.0,53.0,2.0,1.0,4.0,3.0,4.0,433.6666666666667,0.0,0.0,0.0,,
2005,1059.0,1.0,25.0,5.0,1.0,5.0,1.0,0.0,433.6666666666667,3.0,1.0,902.0,2.0,
2005,1059.0,1.0,21.0,5.0,1.0,5.0,3.0,3.0,433.6666666666667,0.0,0.0,0.0,,
2005,1059.0,1.0,87.0,2.0,1.0,1.0,3.0,1.0,433.6666666666667,0.0,0.0,0.0,,
2005,1059.0,2.0,84.0,2.0,1.0,2.0,3.0,1.0,433.6666666666667,0.0,0.0,0.0,,
2005,1046.0,2.0,85.0,4.0,1.0,2.0,3.0,1.0,240.0,0.0,0.0,0.0,,
2005,1137.0,1.0,40.0,2.0,1.0,4.0,1.0,0.0,387.5,3.0,1.0,1150.0,1.0,
2005,1137.0,2.0,37.0,2.0,1.0,3.0,1.0,0.0,387.5,2.0,0.0,400.0,2.0,1.0
2005,1137.0,2.0,8.0,5.0,1.0,1.0,4.0,3.0,387.5,0.0,0.0,0.0,,
2005,1137.0,2.0,6.0,5.0,1.0,7.0,4.0,3.0,387.5,0.0,0.0,0.0,,
2005,1373.0,1.0,24.0,5.0,1.0,5.0,1.0,0.0,310.0,3.0,1.0,500.0,2.0,
2005,1373.0,2.0,51.0,3.0,4.0,3.0,2.0,0.0,310.0,3.0,0.0,0.0,,
2005,1266.0,1.0,69.0,2.0,1.0,3.0,3.0,1.0,500.0,0.0,0.0,0.0,,
2005,1266.0,2.0,72.0,2.0,1.0,6.0,3.0,4.0,500.0,0.0,0.0,0.0,,
2005,1266.0,2.0,34.0,1.0,4.0,6.0,2.0,0.0,900.0,0.0,0.0,0.0,,
2005,1266.0,1.0,39.0,1.0,4.0,4.0,1.0,0.0,900.0,1.0,0.0,1800.0,2.0,2.0
2005,970.0,2.0,71.0,4.0,1.0,2.0,3.0,1.0,365.0,0.0,0.0,0.0,,
2005,970.0,1.0,42.0,5.0,1.0,1.0,3.0,1.0,365.0,0.0,0.0,0.0,,
2005,970.0,1.0,55.0,1.0,4.0,3.0,2.0,0.0,50.0,3.0,0.0,0.0,,
2005,970.0,2.0,42.0,1.0,4.0,4.0,2.0,0.0,50.0,0.0,0.0,0.0,,
2005,970.0,2.0,7.0,5.0,4.0,1.0,4.0,3.0,50.0,0.0,0.0,0.0,,
2005,970.0,2.0,5.0,5.0,4.0,7.0,4.0,5.0,50.0,0.0,0.0,0.0,,
2005,1143.0,2.0,42.0,3.0,4.0,4.0,1.0,0.0,124.0,3.0,2.0,120.0,2.0,
2005,1143.0,1.0,20.0,5.0,4.0,5.0,1.0,0.0,124.0,3.0,2.0,100.0,2.0,5.0
2005,1143.0,1.0,9.0,5.0,4.0,1.0,4.0,3.0,124.0,0.0,0.0,0.0,,
2005,1143.0,2.0,8.0,5.0,4.0,1.0,4.0,3.0,124.0,0.0,0.0,0.0,,
2005,1143.0,2.0,7.0,5.0,4.0,1.0,4.0,3.0,124.0,0.0,0.0,0.0,,
2005,1454.0,1.0,38.0,3.0,4.0,4.0,1.0,0.0,297.5,3.0,2.0,700.0,2.0,6.0
2005,1454.0,1.0,12.0,5.0,4.0,1.0,3.0,3.0,297.5,0.0,0.0,0.0,,
2005,1454.0,1.0,11.0,5.0,4.0,1.0,3.0,3.0,297.5,0.0,0.0,0.0,,
2005,1454.0,1.0,8.0,5.0,4.0,1.0,4.0,3.0,297.5,0.0,0.0,0.0,,
2005,1174.0,1.0,56.0,2.0,12.0,4.0,3.0,1.0,1537.5,0.0,0.0,0.0,,
2005,1174.0,2.0,53.0,2.0,12.0,5.0,1.0,0.0,1537.5,3.0,1.0,2300.0,2.0,12.0
2005,1174.0,1.0,21.0,5.0,12.0,4.0,1.0,0.0,1537.5,3.0,1.0,1300.0,2.0,7.0
2005,1174.0,2.0,15.0,5.0,12.0,3.0,3.0,3.0,1537.5,0.0,0.0,0.0,,
2005,1314.0,2.0,42.0,5.0,4.0,2.0,1.0,0.0,75.0,3.0,2.0,150.0,1.0,6.0
2005,1314.0,1.0,24.0,1.0,4.0,2.0,1.0,0.0,75.0,3.0,2.0,150.0,1.0,4.0
2005,1314.0,2.0,19.0,1.0,4.0,2.0,3.0,4.0,75.0,0.0,0.0,0.0,,
2005,1314.0,2.0,3.0,5.0,4.0,7.0,4.0,5.0,75.0,0.0,0.0,0.0,,
2005,985.0,1.0,69.0,2.0,1.0,2.0,3.0,1.0,250.0,0.0,0.0,0.0,,
2005,985.0,2.0,66.0,2.0,1.0,2.0,3.0,4.0,250.0,0.0,0.0,0.0,,
2005,1182.0,2.0,35.0,3.0,4.0,2.0,1.0,0.0,133.33333333333334,3.0,2.0,400.0,2.0,
2005,1182.0,1.0,15.0,5.0,4.0,3.0,3.0,3.0,133.33333333333334,0.0,0.0,0.0,,
2005,1182.0,2.0,12.0,5.0,4.0,1.0,3.0,3.0,133.33333333333334,0.0,0.0,0.0,,
2005,1224.0,2.0,56.0,4.0,4.0,2.0,1.0,0.0,160.0,2.0,0.0,0.0,2.0,1.0
2005,1224.0,2.0,26.0,1.0,4.0,3.0,1.0,0.0,160.0,3.0,2.0,150.0,1.0,
2005,1224.0,1.0,28.0,1.0,4.0,2.0,3.0,6.0,160.0,0.0,0.0,0.0,,
2005,1224.0,2.0,18.0,5.0,1.0,1.0,3.0,1.0,160.0,0.0,0.0,0.0,,
2005,1224.0,2.0,1.0,5.0,4.0,7.0,4.0,5.0,160.0,0.0,0.0,0.0,,
2005,1447.0,1.0,74.0,3.0,3.0,4.0,1.0,0.0,1000.0,2.0,0.0,700.0,2.0,1.0
2005,1447.0,1.0,34.0,5.0,1.0,6.0,1.0,0.0,400.0,3.0,2.0,240.0,2.0,
2005,1367.0,1.0,50.0,2.0,1.0,6.0,1.0,0.0,500.0,3.0,1.0,2000.0,2.0,7.0
2005,1367.0,2.0,49.0,2.0,1.0,4.0,3.0,4.0,500.0,0.0,0.0,0.0,,
2005,1367.0,1.0,20.0,5.0,1.0,5.0,2.0,0.0,500.0,0.0,0.0,0.0,,
2005,1367.0,2.0,18.0,5.0,1.0,5.0,3.0,3.0,500.0,0.0,0.0,0.0,,
2005,976.0,2.0,89.0,4.0,1.0,2.0,3.0,1.0,287.3333333333333,0.0,0.0,0.0,,
2005,976.0,2.0,61.0,2.0,4.0,3.0,2.0,0.0,287.3333333333333,0.0,0.0,0.0,,
2005,976.0,1.0,62.0,2.0,4.0,5.0,1.0,0.0,287.3333333333333,3.0,2.0,400.0,2.0,
2005,1180.0,1.0,57.0,2.0,1.0,1.0,1.0,0.0,300.0,3.0,1.0,800.0,2.0,6.0
2005,1180.0,2.0,48.0,2.0,1.0,2.0,3.0,4.0,300.0,0.0,0.0,0.0,,
2005,1180.0,1.0,18.0,5.0,1.0,3.0,2.0,0.0,300.0,3.0,0.0,0.0,,
2005,1180.0,2.0,14.0,5.0,1.0,3.0,3.0,3.0,300.0,0.0,0.0,0.0,,
2005,1180.0,2.0,10.0,5.0,1.0,1.0,3.0,3.0,300.0,0.0,0.0,0.0,,
2005,1624.0,2.0,59.0,4.0,1.0,6.0,3.0,1.0,280.0,0.0,0.0,0.0,,
2005,1624.0,1.0,28.0,5.0,4.0,5.0,2.0,0.0,280.0,0.0,0.0,0.0,,
2005,1103.0,1.0,78.0,2.0,1.0,2.0,3.0,1.0,660.0,0.0,0.0,0.0,,
2005,1103.0,2.0,73.0,2.0,1.0,2.0,3.0,1.0,660.0,0.0,0.0,0.0,,
2005,1280.0,1.0,53.0,2.0,1.0,4.0,1.0,0.0,790.0,3.0,1.0,600.0,2.0,7.0
2005,1280.0,2.0,51.0,2.0,1.0,4.0,1.0,0.0,790.0,3.0,1.0,980.0,2.0,10.0
2005,1055.0,2.0,69.0,4.0,1.0,6.0,3.0,1.0,1390.0,0.0,0.0,0.0,,
2005,1462.0,2.0,73.0,4.0,4.0,1.0,3.0,4.0,250.0,0.0,0.0,0.0,,
2005,1462.0,1.0,46.0,5.0,4.0,2.0,1.0,0.0,250.0,3.0,2.0,500.0,2.0,5.0
2005,1241.0,2.0,73.0,4.0,1.0,2.0,3.0,1.0,213.0,0.0,0.0,0.0,,
2005,1222.0,1.0,30.0,2.0,1.0,4.0,1.0,0.0,370.0,3.0,1.0,500.0,1.0,12.0
2005,1222.0,2.0,26.0,2.0,1.0,4.0,1.0,0.0,370.0,3.0,1.0,600.0,1.0,12.0
2005,1222.0,2.0,3.0,5.0,1.0,7.0,4.0,5.0,370.0,0.0,0.0,0.0,,
2005,1222.0,1.0,,5.0,1.0,7.0,4.0,5.0,370.0,0.0,0.0,0.0,,
2005,1291.0,1.0,49.0,1.0,1.0,2.0,1.0,0.0,600.0,3.0,1.0,1800.0,2.0,10.0
2005,1291.0,1.0,7.0,5.0,1.0,1.0,4.0,3.0,600.0,0.0,0.0,0.0,,
2005,1291.0,1.0,6.0,5.0,1.0,1.0,4.0,3.0,600.0,0.0,0.0,0.0,,
2005,1291.0,2.0,42.0,1.0,1.0,2.0,1.0,0.0,600.0,3.0,1.0,600.0,2.0,9.0
2005,1346.0,2.0,32.0,5.0,1.0,4.0,1.0,0.0,425.0,3.0,1.0,350.0,1.0,8.0
2005,1346.0,2.0,54.0,3.0,1.0,1.0,1.0,0.0,425.0,3.0,1.0,500.0,2.0,6.0
2005,1901.0,1.0,53.0,1.0,1.0,3.0,1.0,0.0,281.5,3.0,1.0,1000.0,2.0,10.0
2005,1901.0,2.0,46.0,1.0,1.0,3.0,3.0,4.0,281.5,0.0,0.0,0.0,,
2005,1901.0,2.0,14.0,5.0,1.0,3.0,3.0,3.0,281.5,0.0,0.0,0.0,,
2005,1901.0,2.0,20.0,5.0,1.0,4.0,1.0,0.0,281.5,3.0,2.0,96.0,2.0,
2005,1622.0,1.0,37.0,2.0,1.0,6.0,1.0,0.0,2100.0,3.0,1.0,1200.0,1.0,12.0
2005,1622.0,2.0,44.0,2.0,1.0,6.0,1.0,0.0,2100.0,2.0,0.0,1500.0,2.0,2.0
2005,1169.0,1.0,61.0,2.0,4.0,2.0,1.0,0.0,247.5,3.0,2.0,750.0,2.0,5.0
2005,1169.0,2.0,59.0,2.0,4.0,2.0,3.0,4.0,247.5,0.0,0.0,0.0,,
2005,1169.0,1.0,29.0,5.0,4.0,5.0,2.0,0.0,247.5,3.0,0.0,0.0,,
2005,1169.0,2.0,16.0,5.0,4.0,3.0,3.0,3.0,247.5,0.0,0.0,0.0,,
2005,1018.0,1.0,54.0,2.0,4.0,2.0,1.0,0.0,200.0,2.0,0.0,300.0,2.0,2.0
2005,1018.0,2.0,55.0,2.0,4.0,2.0,1.0,0.0,200.0,4.0,0.0,0.0,2.0,2.0
2005,1018.0,2.0,82.0,4.0,1.0,2.0,3.0,1.0,200.0,0.0,0.0,0.0,,
2005,1165.0,1.0,45.0,2.0,4.0,2.0,2.0,0.0,50.0,2.0,0.0,0.0,,
2005,1165.0,2.0,38.0,2.0,4.0,2.0,2.0,0.0,50.0,3.0,0.0,0.0,,
2005,1165.0,2.0,20.0,5.0,4.0,4.0,1.0,0.0,50.0,3.0,2.0,100.0,2.0,
2005,1165.0,2.0,19.0,5.0,4.0,4.0,3.0,4.0,50.0,0.0,0.0,0.0,,
2005,1165.0,2.0,16.0,5.0,4.0,3.0,3.0,3.0,50.0,0.0,0.0,0.0,,
2005,1165.0,2.0,13.0,5.0,4.0,3.0,3.0,3.0,50.0,0.0,0.0,0.0,,
2005,1165.0,2.0,12.0,5.0,4.0,1.0,3.0,3.0,50.0,0.0,0.0,0.0,,
2005,1165.0,2.0,9.0,5.0,4.0,1.0,4.0,3.0,50.0,0.0,0.0,0.0,,
2005,1165.0,2.0,6.0,5.0,4.0,1.0,4.0,3.0,50.0,0.0,0.0,0.0,,
2005,1165.0,2.0,3.0,5.0,4.0,7.0,4.0,5.0,50.0,0.0,0.0,0.0,,
2005,1165.0,1.0,77.0,4.0,4.0,1.0,3.0,7.0,50.0,0.0,0.0,0.0,,
2005,1165.0,1.0,,5.0,4.0,7.0,4.0,5.0,50.0,0.0,0.0,0.0,,
2005,3639.0,2.0,31.0,2.0,4.0,2.0,1.0,0.0,383.3333333333333,3.0,2.0,350.0,2.0,
2005,3639.0,1.0,32.0,2.0,4.0,2.0,1.0,0.0,383.3333333333333,3.0,2.0,800.0,2.0,2.0
2005,3639.0,2.0,1.0,5.0,4.0,7.0,4.0,5.0,383.3333333333333,0.0,0.0,0.0,,
2005,1076.0,2.0,60.0,3.0,1.0,2.0,1.0,0.0,850.0,3.0,1.0,600.0,1.0,11.0
2005,1076.0,2.0,28.0,5.0,1.0,6.0,1.0,0.0,850.0,3.0,1.0,800.0,2.0,5.0
2005,1473.0,1.0,31.0,5.0,4.0,5.0,1.0,0.0,700.0,2.0,0.0,700.0,2.0,1.0
2005,1115.0,1.0,58.0,3.0,1.0,4.0,3.0,4.0,0.0,0.0,0.0,0.0,,
2005,1283.0,1.0,70.0,2.0,1.0,3.0,3.0,1.0,516.6666666666666,0.0,0.0,0.0,,
2005,1283.0,2.0,63.0,2.0,1.0,2.0,3.0,4.0,516.6666666666666,0.0,0.0,0.0,,
2005,1283.0,1.0,29.0,5.0,1.0,5.0,1.0,0.0,516.6666666666666,3.0,1.0,750.0,2.0,9.0
2005,1257.0,2.0,39.0,3.0,4.0,7.0,1.0,0.0,150.0,2.0,0.0,600.0,2.0,1.0
2005,1257.0,2.0,14.0,5.0,4.0,3.0,3.0,3.0,150.0,0.0,0.0,0.0,,
2005,1257.0,1.0,12.0,5.0,4.0,1.0,3.0,3.0,150.0,0.0,0.0,0.0,,
2005,1257.0,1.0,10.0,5.0,4.0,1.0,3.0,3.0,150.0,0.0,0.0,0.0,,
2005,1257.0,1.0,8.0,5.0,4.0,1.0,4.0,3.0,150.0,0.0,0.0,0.0,,
2005,1087.0,1.0,38.0,2.0,2.0,3.0,1.0,0.0,307.3333333333333,2.0,0.0,0.0,2.0,1.0
2005,1087.0,2.0,40.0,2.0,2.0,6.0,1.0,0.0,307.3333333333333,3.0,1.0,1844.0,2.0,10.0
2005,1087.0,1.0,8.0,5.0,2.0,1.0,4.0,3.0,307.3333333333333,0.0,0.0,0.0,,
2005,1087.0,1.0,6.0,5.0,2.0,1.0,4.0,3.0,307.3333333333333,0.0,0.0,0.0,,
2005,1087.0,1.0,4.0,5.0,2.0,7.0,4.0,5.0,307.3333333333333,0.0,0.0,0.0,,
2005,1087.0,1.0,1.0,5.0,2.0,7.0,4.0,5.0,307.3333333333333,0.0,0.0,0.0,,
2005,1135.0,2.0,38.0,3.0,1.0,6.0,1.0,0.0,1660.0,3.0,1.0,730.0,1.0,8.0
2005,1167.0,1.0,66.0,2.0,1.0,5.0,3.0,1.0,645.0,0.0,0.0,0.0,,
2005,1167.0,2.0,69.0,2.0,1.0,2.0,3.0,4.0,645.0,0.0,0.0,0.0,,
2005,1414.0,2.0,44.0,1.0,4.0,2.0,3.0,4.0,250.0,0.0,0.0,0.0,,
2005,1414.0,1.0,44.0,1.0,4.0,2.0,1.0,0.0,250.0,3.0,2.0,1000.0,2.0,8.0
2005,1414.0,2.0,10.0,5.0,4.0,1.0,3.0,3.0,250.0,0.0,0.0,0.0,,
2005,1414.0,1.0,20.0,5.0,4.0,3.0,2.0,0.0,250.0,3.0,0.0,0.0,,
2005,1351.0,1.0,61.0,2.0,1.0,1.0,1.0,0.0,912.5,3.0,1.0,1200.0,3.0,12.0
2005,1351.0,2.0,57.0,2.0,1.0,2.0,3.0,1.0,912.5,0.0,0.0,0.0,,
2005,1351.0,1.0,34.0,5.0,1.0,6.0,1.0,0.0,912.5,3.0,1.0,1000.0,2.0,9.0
2005,1351.0,2.0,21.0,5.0,1.0,5.0,1.0,0.0,912.5,3.0,1.0,1200.0,2.0,10.0
2005,1205.0,2.0,96.0,4.0,1.0,2.0,3.0,1.0,650.0,0.0,0.0,0.0,,
2005,1133.0,1.0,33.0,2.0,1.0,2.0,1.0,0.0,525.0,3.0,1.0,650.0,1.0,12.0
2005,1133.0,2.0,32.0,2.0,1.0,2.0,3.0,4.0,525.0,0.0,0.0,0.0,,
2005,1133.0,1.0,9.0,5.0,1.0,1.0,4.0,3.0,525.0,0.0,0.0,0.0,,
2005,1133.0,2.0,71.0,4.0,1.0,2.0,3.0,1.0,525.0,0.0,0.0,0.0,,
2005,1297.0,1.0,51.0,2.0,2.0,4.0,1.0,0.0,732.0,2.0,0.0,400.0,2.0,1.0
2005,1297.0,2.0,49.0,2.0,2.0,3.0,3.0,4.0,732.0,0.0,0.0,0.0,,
2005,1297.0,2.0,28.0,5.0,1.0,5.0,1.0,0.0,732.0,3.0,1.0,1270.0,2.0,
2005,1297.0,1.0,23.0,5.0,1.0,4.0,1.0,0.0,732.0,3.0,1.0,1190.0,2.0,9.0
2005,1297.0,1.0,20.0,5.0,,5.0,1.0,0.0,732.0,3.0,2.0,0.0,2.0,
2005,1046.0,1.0,38.0,2.0,1.0,2.0,1.0,0.0,175.0,3.0,1.0,700.0,1.0,11.0
2005,1046.0,2.0,27.0,2.0,1.0,3.0,3.0,4.0,175.0,0.0,0.0,0.0,,
2005,1046.0,1.0,5.0,5.0,1.0,7.0,4.0,5.0,175.0,0.0,0.0,0.0,,
2005,1046.0,2.0,,5.0,1.0,7.0,4.0,5.0,175.0,0.0,0.0,0.0,,
2005,1286.0,1.0,60.0,1.0,4.0,2.0,1.0,0.0,100.0,2.0,0.0,300.0,2.0,1.0
2005,1286.0,2.0,32.0,1.0,4.0,2.0,3.0,4.0,100.0,0.0,0.0,0.0,,
2005,1286.0,1.0,3.0,5.0,4.0,7.0,4.0,5.0,100.0,0.0,0.0,0.0,,
2005,1286.0,1.0,,5.0,4.0,7.0,4.0,5.0,100.0,0.0,0.0,0.0,,
2005,2052.0,1.0,66.0,2.0,1.0,5.0,1.0,0.0,700.0,2.0,0.0,100.0,2.0,2.0
2005,2052.0,2.0,69.0,2.0,1.0,5.0,1.0,0.0,700.0,2.0,0.0,700.0,2.0,2.0
2005,1197.0,1.0,50.0,1.0,1.0,3.0,1.0,0.0,280.0,3.0,2.0,500.0,2.0,8.0
2005,1197.0,2.0,42.0,1.0,1.0,4.0,1.0,0.0,280.0,3.0,1.0,900.0,2.0,10.0
2005,1197.0,1.0,15.0,5.0,1.0,3.0,3.0,3.0,280.0,0.0,0.0,0.0,,
2005,1197.0,1.0,12.0,5.0,1.0,1.0,3.0,3.0,280.0,0.0,0.0,0.0,,
2005,1197.0,2.0,8.0,5.0,1.0,1.0,4.0,3.0,280.0,0.0,0.0,0.0,,
2005,1926.0,2.0,66.0,5.0,4.0,1.0,1.0,0.0,80.0,3.0,2.0,80.0,2.0,
2005,1051.0,2.0,26.0,5.0,4.0,2.0,1.0,0.0,62.0,3.0,2.0,60.0,2.0,
2005,1051.0,1.0,10.0,5.0,4.0,1.0,3.0,3.0,62.0,0.0,0.0,0.0,,
2005,1051.0,2.0,6.0,5.0,4.0,1.0,4.0,3.0,62.0,0.0,0.0,0.0,,
2005,1051.0,1.0,4.0,5.0,4.0,7.0,4.0,5.0,62.0,0.0,0.0,0.0,,
2005,1051.0,2.0,2.0,5.0,4.0,7.0,4.0,5.0,62.0,0.0,0.0,0.0,,
2005,1355.0,2.0,30.0,5.0,1.0,4.0,1.0,0.0,200.0,3.0,1.0,800.0,2.0,
2005,1355.0,2.0,8.0,5.0,1.0,1.0,4.0,3.0,200.0,0.0,0.0,0.0,,
2005,1355.0,1.0,6.0,5.0,1.0,7.0,4.0,7.0,200.0,0.0,0.0,0.0,,
2005,1355.0,1.0,2.0,5.0,1.0,7.0,4.0,5.0,200.0,0.0,0.0,0.0,,
2005,1410.0,1.0,53.0,2.0,1.0,3.0,1.0,0.0,200.0,3.0,1.0,800.0,2.0,8.0
2005,1410.0,2.0,34.0,2.0,4.0,2.0,3.0,4.0,200.0,0.0,0.0,0.0,,
2005,1410.0,2.0,11.0,5.0,1.0,1.0,3.0,3.0,200.0,0.0,0.0,0.0,,
2005,1410.0,1.0,,5.0,1.0,7.0,4.0,5.0,200.0,0.0,0.0,0.0,,
2005,2108.0,1.0,41.0,2.0,1.0,1.0,1.0,0.0,233.33333333333334,3.0,1.0,700.0,2.0,
2005,2108.0,2.0,37.0,2.0,1.0,2.0,2.0,0.0,233.33333333333334,0.0,0.0,0.0,,
2005,2108.0,2.0,12.0,5.0,1.0,1.0,3.0,3.0,233.33333333333334,0.0,0.0,0.0,,
2005,1161.0,1.0,74.0,2.0,1.0,3.0,3.0,1.0,91.6,0.0,0.0,0.0,,
2005,1161.0,2.0,69.0,2.0,1.0,2.0,3.0,4.0,91.6,0.0,0.0,0.0,,
2005,1161.0,2.0,35.0,3.0,4.0,2.0,1.0,0.0,91.6,3.0,2.0,150.0,1.0,
2005,1161.0,2.0,15.0,5.0,4.0,3.0,3.0,3.0,91.6,0.0,0.0,0.0,,
2005,1161.0,2.0,13.0,5.0,4.0,3.0,3.0,3.0,91.6,0.0,0.0,0.0,,
2005,1643.0,1.0,49.0,3.0,4.0,2.0,1.0,0.0,133.33333333333334,3.0,1.0,400.0,2.0,
2005,1643.0,1.0,17.0,5.0,4.0,3.0,3.0,3.0,133.33333333333334,0.0,0.0,0.0,,
2005,1643.0,2.0,15.0,5.0,4.0,3.0,3.0,3.0,133.33333333333334,0.0,0.0,0.0,,
2005,1641.0,1.0,27.0,2.0,4.0,4.0,1.0,0.0,350.0,3.0,1.0,200.0,2.0,8.0
2005,1641.0,2.0,28.0,2.0,4.0,3.0,1.0,0.0,350.0,3.0,2.0,200.0,2.0,1.0
2005,1158.0,1.0,63.0,1.0,1.0,3.0,1.0,0.0,1216.6666666666667,3.0,1.0,1650.0,1.0,
2005,1158.0,2.0,57.0,1.0,1.0,3.0,3.0,1.0,1216.6666666666667,0.0,0.0,0.0,,
2005,1158.0,1.0,22.0,5.0,1.0,5.0,1.0,0.0,1216.6666666666667,3.0,2.0,650.0,1.0,8.0
2005,1339.0,1.0,33.0,1.0,4.0,4.0,1.0,0.0,120.0,3.0,2.0,600.0,2.0,7.0
2005,1339.0,2.0,39.0,1.0,4.0,2.0,3.0,4.0,120.0,0.0,0.0,0.0,,
2005,1339.0,2.0,19.0,5.0,4.0,4.0,3.0,4.0,120.0,0.0,0.0,0.0,,
2005,1339.0,1.0,13.0,5.0,4.0,3.0,3.0,3.0,120.0,0.0,0.0,0.0,,
2005,1339.0,2.0,3.0,5.0,4.0,7.0,4.0,5.0,120.0,0.0,0.0,0.0,,
2005,1358.0,2.0,50.0,4.0,4.0,4.0,3.0,4.0,600.0,0.0,0.0,0.0,,
2005,1358.0,1.0,23.0,5.0,4.0,3.0,1.0,0.0,600.0,3.0,2.0,1200.0,2.0,
2005,1452.0,2.0,33.0,3.0,4.0,3.0,1.0,0.0,167.5,2.0,0.0,400.0,2.0,1.0
2005,1452.0,2.0,17.0,5.0,4.0,3.0,1.0,0.0,167.5,2.0,0.0,30.0,2.0,1.0
2005,1452.0,2.0,13.0,5.0,4.0,3.0,3.0,3.0,167.5,0.0,0.0,0.0,,
2005,1452.0,1.0,5.0,5.0,4.0,7.0,4.0,5.0,167.5,0.0,0.0,0.0,,
2005,1100.0,2.0,90.0,4.0,1.0,2.0,3.0,1.0,600.0,0.0,0.0,0.0,,
2005,1243.0,1.0,37.0,2.0,1.0,4.0,1.0,0.0,728.75,3.0,1.0,1765.0,2.0,7.0
2005,1243.0,2.0,36.0,2.0,1.0,5.0,3.0,4.0,728.75,0.0,0.0,0.0,,
2005,1243.0,1.0,12.0,5.0,1.0,1.0,3.0,3.0,728.75,0.0,0.0,0.0,,
2005,1243.0,1.0,2.0,5.0,1.0,7.0,4.0,5.0,728.75,0.0,0.0,0.0,,
2005,1265.0,2.0,66.0,4.0,1.0,4.0,2.0,0.0,308.0,2.0,0.0,0.0,,
2005,1654.0,1.0,28.0,2.0,1.0,4.0,1.0,0.0,416.6666666666667,3.0,1.0,1000.0,1.0,
2005,1654.0,2.0,26.0,2.0,1.0,6.0,2.0,0.0,416.6666666666667,0.0,0.0,0.0,,
2005,1654.0,2.0,4.0,5.0,1.0,7.0,4.0,5.0,416.6666666666667,0.0,0.0,0.0,,
2005,1118.0,1.0,66.0,4.0,1.0,1.0,3.0,1.0,350.0,0.0,0.0,0.0,,
2005,1874.0,2.0,34.0,3.0,1.0,2.0,3.0,4.0,78.57142857142857,0.0,0.0,0.0,,
2005,1874.0,1.0,13.0,5.0,1.0,3.0,3.0,3.0,78.57142857142857,0.0,0.0,0.0,,
2005,1874.0,2.0,9.0,5.0,4.0,1.0,4.0,3.0,78.57142857142857,0.0,0.0,0.0,,
2005,1874.0,1.0,5.0,5.0,1.0,7.0,4.0,5.0,78.57142857142857,0.0,0.0,0.0,,
2005,1874.0,1.0,2.0,5.0,1.0,7.0,4.0,5.0,78.57142857142857,0.0,0.0,0.0,,
2005,1874.0,2.0,44.0,5.0,4.0,2.0,1.0,0.0,78.57142857142857,3.0,2.0,400.0,2.0,
2005,1874.0,1.0,20.0,5.0,1.0,4.0,2.0,0.0,78.57142857142857,3.0,0.0,0.0,,
2005,1140.0,1.0,72.0,2.0,1.0,5.0,3.0,1.0,930.0,0.0,0.0,0.0,,
2005,1140.0,2.0,66.0,2.0,1.0,4.0,3.0,4.0,930.0,0.0,0.0,0.0,,
2005,1140.0,2.0,36.0,5.0,1.0,6.0,1.0,0.0,930.0,2.0,0.0,1500.0,2.0,1.0
2005,988.0,2.0,54.0,3.0,4.0,2.0,1.0,0.0,240.0,3.0,2.0,400.0,2.0,
2005,988.0,2.0,18.0,1.0,1.0,3.0,3.0,7.0,240.0,0.0,0.0,0.0,,
2005,988.0,2.0,14.0,5.0,4.0,3.0,3.0,3.0,240.0,0.0,0.0,0.0,,
2005,988.0,1.0,20.0,1.0,1.0,4.0,1.0,0.0,240.0,3.0,1.0,800.0,2.0,
2005,988.0,2.0,,5.0,1.0,7.0,4.0,5.0,240.0,0.0,0.0,0.0,,
2005,1102.0,1.0,39.0,2.0,1.0,2.0,1.0,0.0,654.0,3.0,1.0,1300.0,2.0,11.0
2005,1102.0,2.0,35.0,2.0,1.0,4.0,1.0,0.0,654.0,3.0,2.0,416.0,2.0,
2005,1102.0,2.0,11.0,5.0,1.0,1.0,3.0,3.0,654.0,0.0,0.0,0.0,,
2005,1102.0,1.0,6.0,5.0,1.0,1.0,4.0,3.0,654.0,0.0,0.0,0.0,,
2005,1585.0,1.0,45.0,1.0,4.0,2.0,1.0,0.0,112.5,2.0,0.0,300.0,2.0,1.0
2005,1585.0,2.0,49.0,1.0,4.0,2.0,3.0,4.0,112.5,0.0,0.0,0.0,,
2005,1585.0,2.0,15.0,5.0,4.0,3.0,3.0,3.0,112.5,0.0,0.0,0.0,,
2005,1585.0,1.0,7.0,5.0,4.0,1.0,4.0,3.0,112.5,0.0,0.0,0.0,,
2005,1106.0,1.0,58.0,2.0,1.0,2.0,1.0,0.0,733.3333333333334,3.0,1.0,1200.0,2.0,7.0
2005,1106.0,2.0,58.0,2.0,1.0,1.0,1.0,0.0,733.3333333333334,3.0,2.0,350.0,2.0,
2005,1106.0,2.0,25.0,5.0,1.0,5.0,3.0,3.0,733.3333333333334,0.0,0.0,0.0,,
2005,1409.0,1.0,34.0,2.0,4.0,3.0,1.0,0.0,233.33333333333334,3.0,2.0,700.0,2.0,7.0
2005,1409.0,2.0,35.0,2.0,4.0,3.0,3.0,7.0,233.33333333333334,0.0,0.0,0.0,,
2005,1409.0,1.0,,5.0,4.0,7.0,4.0,5.0,233.33333333333334,0.0,0.0,0.0,,
2005,1238.0,1.0,29.0,1.0,4.0,2.0,1.0,0.0,180.0,3.0,2.0,600.0,2.0,6.0
2005,1238.0,2.0,29.0,1.0,4.0,4.0,2.0,0.0,180.0,2.0,0.0,0.0,,
2005,1238.0,1.0,10.0,5.0,4.0,1.0,3.0,3.0,180.0,0.0,0.0,0.0,,
2005,1238.0,2.0,6.0,5.0,4.0,1.0,4.0,3.0,180.0,0.0,0.0,0.0,,
2005,1238.0,1.0,1.0,5.0,4.0,7.0,4.0,5.0,180.0,0.0,0.0,0.0,,
2005,1691.0,1.0,45.0,2.0,1.0,4.0,1.0,0.0,375.0,3.0,1.0,1500.0,2.0,
2005,1691.0,2.0,42.0,2.0,1.0,6.0,3.0,4.0,375.0,0.0,0.0,0.0,,
2005,1691.0,2.0,15.0,5.0,1.0,3.0,3.0,3.0,375.0,0.0,0.0,0.0,,
2005,1691.0,1.0,17.0,5.0,1.0,3.0,3.0,3.0,375.0,0.0,0.0,0.0,,
2005,1640.0,1.0,30.0,1.0,1.0,2.0,1.0,0.0,1500.0,3.0,1.0,2000.0,2.0,6.0
2005,1640.0,2.0,20.0,1.0,4.0,3.0,3.0,4.0,1500.0,0.0,0.0,0.0,,
2005,1226.0,1.0,39.0,2.0,1.0,4.0,1.0,0.0,270.0,3.0,1.0,1000.0,1.0,6.0
2005,1226.0,2.0,43.0,2.0,1.0,3.0,2.0,0.0,270.0,3.0,0.0,0.0,,
2005,1226.0,1.0,14.0,5.0,1.0,3.0,3.0,3.0,270.0,0.0,0.0,0.0,,
2005,1226.0,2.0,11.0,5.0,1.0,1.0,3.0,3.0,270.0,0.0,0.0,0.0,,
2005,1053.0,1.0,59.0,2.0,1.0,1.0,1.0,0.0,570.0,3.0,1.0,1000.0,2.0,12.0
2005,1053.0,2.0,63.0,2.0,1.0,2.0,3.0,4.0,570.0,0.0,0.0,0.0,,
2005,1053.0,2.0,83.0,4.0,1.0,1.0,3.0,1.0,570.0,0.0,0.0,0.0,,
2005,1053.0,1.0,29.0,5.0,1.0,5.0,1.0,0.0,570.0,3.0,1.0,1000.0,2.0,12.0
2005,1024.0,1.0,22.0,1.0,1.0,4.0,1.0,0.0,350.0,3.0,1.0,700.0,2.0,6.0
2005,1024.0,2.0,24.0,1.0,1.0,4.0,1.0,0.0,350.0,3.0,1.0,700.0,2.0,6.0
2005,1024.0,2.0,1.0,5.0,1.0,7.0,4.0,5.0,350.0,0.0,0.0,0.0,,
2005,1024.0,2.0,,5.0,1.0,7.0,4.0,5.0,350.0,0.0,0.0,0.0,,
2005,1065.0,2.0,53.0,4.0,1.0,2.0,1.0,0.0,2060.0,3.0,1.0,1000.0,1.0,11.0
2005,1094.0,1.0,82.0,4.0,1.0,1.0,1.0,0.0,493.3333333333333,2.0,0.0,400.0,2.0,1.0
2005,1094.0,2.0,44.0,3.0,4.0,2.0,1.0,0.0,493.3333333333333,3.0,2.0,400.0,2.0,
2005,1094.0,2.0,53.0,5.0,1.0,1.0,3.0,1.0,493.3333333333333,0.0,0.0,0.0,,
2005,2294.0,1.0,38.0,5.0,1.0,4.0,1.0,0.0,1650.0,3.0,1.0,1000.0,2.0,9.0
2005,1106.0,2.0,73.0,4.0,1.0,1.0,3.0,1.0,458.0,0.0,0.0,0.0,,
2005,1385.0,1.0,65.0,1.0,4.0,3.0,3.0,6.0,0.0,0.0,0.0,0.0,,
2005,1385.0,2.0,69.0,1.0,4.0,1.0,3.0,4.0,0.0,0.0,0.0,0.0,,
2005,1024.0,1.0,70.0,2.0,1.0,3.0,3.0,1.0,1000.0,0.0,0.0,0.0,,
2005,1024.0,2.0,68.0,2.0,1.0,3.0,3.0,4.0,1000.0,0.0,0.0,0.0,,
2005,2595.0,1.0,33.0,2.0,1.0,2.0,1.0,0.0,350.0,3.0,1.0,1000.0,1.0,9.0
2005,2595.0,2.0,29.0,2.0,1.0,2.0,3.0,4.0,350.0,0.0,0.0,0.0,,
2005,2595.0,1.0,9.0,5.0,1.0,1.0,4.0,3.0,350.0,0.0,0.0,0.0,,
2005,2595.0,1.0,2.0,5.0,1.0,7.0,4.0,5.0,350.0,0.0,0.0,0.0,,
2005,1139.0,1.0,73.0,2.0,1.0,2.0,3.0,1.0,169.28571428571428,0.0,0.0,0.0,,
2005,1139.0,2.0,59.0,2.0,1.0,2.0,3.0,4.0,169.28571428571428,0.0,0.0,0.0,,
2005,1139.0,2.0,30.0,5.0,1.0,4.0,1.0,0.0,169.28571428571428,3.0,1.0,400.0,2.0,9.0
2005,1139.0,1.0,27.0,5.0,4.0,4.0,1.0,0.0,169.28571428571428,3.0,1.0,0.0,2.0,8.0
2005,1139.0,1.0,26.0,5.0,4.0,3.0,2.0,0.0,169.28571428571428,3.0,0.0,0.0,,
2005,1139.0,2.0,3.0,5.0,4.0,7.0,4.0,5.0,169.28571428571428,0.0,0.0,0.0,,
2005,1139.0,2.0,3.0,5.0,4.0,7.0,4.0,5.0,169.28571428571428,0.0,0.0,0.0,,
2005,1073.0,1.0,57.0,2.0,1.0,4.0,1.0,0.0,900.0,3.0,1.0,700.0,2.0,6.0
2005,1073.0,2.0,56.0,2.0,1.0,6.0,1.0,0.0,900.0,3.0,1.0,500.0,1.0,9.0
2005,1073.0,2.0,26.0,5.0,1.0,4.0,1.0,0.0,900.0,3.0,1.0,1000.0,2.0,6.0
2005,1433.0,2.0,61.0,3.0,4.0,5.0,2.0,0.0,455.0,0.0,0.0,0.0,,
2005,1433.0,1.0,29.0,5.0,1.0,5.0,1.0,0.0,455.0,3.0,1.0,810.0,2.0,
2005,1610.0,2.0,30.0,2.0,1.0,5.0,3.0,4.0,1000.0,0.0,0.0,0.0,,
2005,1610.0,1.0,30.0,2.0,1.0,5.0,1.0,0.0,1000.0,1.0,0.0,2000.0,2.0,6.0
2005,1244.0,1.0,27.0,1.0,4.0,2.0,1.0,0.0,62.5,3.0,2.0,250.0,2.0,4.0
2005,1244.0,2.0,26.0,1.0,4.0,2.0,2.0,0.0,62.5,3.0,0.0,0.0,,
2005,1244.0,2.0,8.0,5.0,4.0,1.0,4.0,3.0,62.5,0.0,0.0,0.0,,
2005,1244.0,1.0,1.0,5.0,4.0,7.0,4.0,5.0,62.5,0.0,0.0,0.0,,
2005,1624.0,1.0,55.0,1.0,4.0,2.0,1.0,0.0,110.0,2.0,0.0,100.0,2.0,1.0
2005,1624.0,2.0,60.0,1.0,4.0,1.0,1.0,0.0,110.0,3.0,2.0,50.0,2.0,
2005,1624.0,1.0,32.0,5.0,4.0,1.0,3.0,1.0,110.0,0.0,0.0,0.0,,
2005,1145.0,1.0,46.0,2.0,1.0,5.0,1.0,0.0,150.0,2.0,0.0,200.0,2.0,1.0
2005,1145.0,2.0,43.0,2.0,1.0,5.0,1.0,0.0,150.0,3.0,1.0,400.0,1.0,11.0
2005,1145.0,2.0,20.0,5.0,4.0,5.0,3.0,4.0,150.0,0.0,0.0,0.0,,
2005,1145.0,2.0,14.0,5.0,1.0,3.0,3.0,3.0,150.0,0.0,0.0,0.0,,
2005,1161.0,2.0,52.0,5.0,1.0,5.0,1.0,0.0,495.0,3.0,1.0,220.0,2.0,9.0
2005,1459.0,2.0,56.0,4.0,1.0,2.0,3.0,1.0,466.6666666666667,0.0,0.0,0.0,,
2005,1459.0,2.0,25.0,5.0,1.0,5.0,2.0,0.0,466.6666666666667,3.0,0.0,0.0,,
2005,1459.0,1.0,23.0,5.0,1.0,4.0,1.0,0.0,466.6666666666667,3.0,1.0,700.0,1.0,
2005,1180.0,1.0,53.0,2.0,4.0,5.0,1.0,0.0,1000.0,2.0,0.0,1000.0,2.0,2.0
2005,1180.0,2.0,51.0,2.0,4.0,6.0,1.0,0.0,1000.0,2.0,0.0,1000.0,2.0,2.0
2005,1198.0,1.0,57.0,2.0,1.0,4.0,1.0,0.0,260.0,2.0,0.0,1000.0,2.0,1.0
2005,1198.0,2.0,57.0,2.0,1.0,2.0,3.0,4.0,260.0,0.0,0.0,0.0,,
2005,1198.0,2.0,40.0,5.0,1.0,1.0,3.0,1.0,260.0,0.0,0.0,0.0,,
2005,1198.0,1.0,28.0,5.0,1.0,4.0,2.0,0.0,260.0,3.0,0.0,0.0,,
2005,1198.0,2.0,13.0,5.0,1.0,3.0,3.0,3.0,260.0,0.0,0.0,0.0,,
2005,1262.0,2.0,38.0,3.0,4.0,6.0,1.0,0.0,275.0,3.0,2.0,750.0,2.0,9.0
2005,1262.0,1.0,8.0,5.0,4.0,1.0,4.0,3.0,275.0,0.0,0.0,0.0,,
2005,1262.0,1.0,6.0,5.0,4.0,1.0,4.0,3.0,275.0,0.0,0.0,0.0,,
2005,1262.0,1.0,4.0,5.0,4.0,7.0,4.0,5.0,275.0,0.0,0.0,0.0,,
2005,1093.0,1.0,68.0,2.0,12.0,6.0,3.0,1.0,1650.0,0.0,0.0,0.0,,
2005,1093.0,2.0,66.0,2.0,12.0,6.0,3.0,1.0,1650.0,0.0,0.0,0.0,,
2005,1277.0,1.0,55.0,2.0,4.0,4.0,3.0,4.0,260.0,0.0,0.0,0.0,,
2005,1277.0,2.0,56.0,2.0,4.0,4.0,1.0,0.0,260.0,3.0,2.0,180.0,2.0,
2005,1277.0,1.0,28.0,5.0,4.0,4.0,1.0,0.0,260.0,3.0,1.0,600.0,2.0,7.0
2005,1277.0,2.0,21.0,5.0,4.0,4.0,2.0,0.0,260.0,3.0,0.0,0.0,,
2005,1856.0,1.0,41.0,2.0,3.0,2.0,1.0,0.0,140.0,2.0,0.0,450.0,2.0,2.0
2005,1856.0,2.0,35.0,2.0,3.0,2.0,1.0,0.0,140.0,2.0,0.0,250.0,2.0,2.0
2005,1856.0,2.0,16.0,5.0,3.0,3.0,3.0,3.0,140.0,0.0,0.0,0.0,,
2005,1856.0,2.0,18.0,5.0,3.0,3.0,3.0,3.0,140.0,0.0,0.0,0.0,,
2005,1856.0,2.0,13.0,5.0,3.0,3.0,3.0,3.0,140.0,0.0,0.0,0.0,,
2005,1328.0,1.0,49.0,2.0,1.0,6.0,1.0,0.0,900.0,3.0,1.0,1300.0,1.0,11.0
2005,1328.0,2.0,45.0,2.0,1.0,6.0,1.0,0.0,900.0,3.0,1.0,1100.0,1.0,11.0
2005,1328.0,2.0,17.0,5.0,1.0,3.0,3.0,3.0,900.0,0.0,0.0,0.0,,
2005,1328.0,2.0,12.0,5.0,1.0,1.0,3.0,3.0,900.0,0.0,0.0,0.0,,
2005,993.0,1.0,34.0,2.0,1.0,3.0,1.0,0.0,214.28571428571428,2.0,0.0,1000.0,2.0,1.0
2005,993.0,2.0,34.0,2.0,1.0,2.0,1.0,0.0,214.28571428571428,3.0,1.0,500.0,2.0,9.0
2005,993.0,1.0,13.0,5.0,1.0,1.0,3.0,3.0,214.28571428571428,0.0,0.0,0.0,,
2005,993.0,1.0,11.0,5.0,1.0,1.0,3.0,3.0,214.28571428571428,0.0,0.0,0.0,,
2005,993.0,1.0,8.0,5.0,4.0,1.0,4.0,3.0,214.28571428571428,0.0,0.0,0.0,,
2005,993.0,2.0,7.0,5.0,4.0,1.0,4.0,3.0,214.28571428571428,0.0,0.0,0.0,,
2005,993.0,2.0,10.0,5.0,4.0,1.0,3.0,3.0,214.28571428571428,0.0,0.0,0.0,,
2005,1260.0,1.0,55.0,2.0,4.0,3.0,3.0,4.0,0.0,0.0,0.0,0.0,,
2005,1260.0,2.0,52.0,2.0,4.0,2.0,3.0,4.0,0.0,0.0,0.0,0.0,,
2005,1260.0,2.0,22.0,5.0,4.0,5.0,3.0,4.0,0.0,0.0,0.0,0.0,,
2005,1260.0,1.0,18.0,5.0,4.0,3.0,3.0,4.0,0.0,0.0,0.0,0.0,,
2005,751.0,1.0,50.0,2.0,4.0,2.0,1.0,0.0,119.0909090909091,3.0,2.0,450.0,2.0,9.0
2005,751.0,2.0,51.0,2.0,4.0,4.0,3.0,4.0,119.0909090909091,0.0,0.0,0.0,,
2005,751.0,1.0,20.0,5.0,4.0,4.0,1.0,0.0,119.0909090909091,3.0,2.0,0.0,2.0,6.0
2005,751.0,2.0,24.0,5.0,4.0,4.0,3.0,4.0,119.0909090909091,0.0,0.0,0.0,,
2005,751.0,2.0,13.0,5.0,4.0,1.0,3.0,3.0,119.0909090909091,0.0,0.0,0.0,,
2005,751.0,2.0,18.0,5.0,4.0,3.0,3.0,3.0,119.0909090909091,0.0,0.0,0.0,,
2005,751.0,2.0,6.0,5.0,4.0,1.0,4.0,3.0,119.0909090909091,0.0,0.0,0.0,,
2005,751.0,2.0,8.0,5.0,4.0,1.0,4.0,3.0,119.0909090909091,0.0,0.0,0.0,,
2005,751.0,1.0,,5.0,4.0,7.0,4.0,5.0,119.0909090909091,0.0,0.0,0.0,,
2005,751.0,2.0,1.0,5.0,4.0,7.0,4.0,5.0,119.0909090909091,0.0,0.0,0.0,,
2005,751.0,2.0,,5.0,4.0,7.0,4.0,5.0,119.0909090909091,0.0,0.0,0.0,,
2005,1267.0,1.0,47.0,2.0,4.0,3.0,1.0,0.0,477.14285714285717,3.0,2.0,2000.0,2.0,4.0
2005,1267.0,2.0,50.0,2.0,4.0,4.0,1.0,0.0,477.14285714285717,3.0,2.0,400.0,2.0,5.0
2005,1267.0,2.0,22.0,5.0,2.0,6.0,1.0,0.0,477.14285714285717,3.0,2.0,600.0,2.0,5.0
2005,1267.0,2.0,17.0,5.0,4.0,3.0,3.0,3.0,477.14285714285717,0.0,0.0,0.0,,
2005,1267.0,1.0,16.0,5.0,4.0,3.0,3.0,3.0,477.14285714285717,0.0,0.0,0.0,,
2005,1267.0,2.0,13.0,5.0,4.0,3.0,3.0,3.0,477.14285714285717,0.0,0.0,0.0,,
2005,1267.0,2.0,88.0,4.0,1.0,2.0,3.0,1.0,477.14285714285717,0.0,0.0,0.0,,
2005,1126.0,1.0,53.0,1.0,4.0,2.0,1.0,0.0,375.0,2.0,0.0,400.0,2.0,1.0
2005,1126.0,2.0,56.0,1.0,4.0,2.0,1.0,0.0,375.0,3.0,2.0,350.0,2.0,
2005,1347.0,1.0,30.0,1.0,4.0,3.0,1.0,0.0,290.0,3.0,2.0,430.0,2.0,7.0
2005,1347.0,2.0,23.0,1.0,4.0,3.0,1.0,0.0,290.0,3.0,2.0,150.0,2.0,3.0
2005,5019.0,2.0,60.0,4.0,4.0,4.0,1.0,0.0,125.0,3.0,2.0,150.0,2.0,
2005,5019.0,1.0,23.0,5.0,4.0,1.0,1.0,0.0,125.0,3.0,2.0,100.0,2.0,2.0
2005,1376.0,1.0,34.0,1.0,4.0,2.0,2.0,0.0,80.0,2.0,0.0,0.0,,
2005,1376.0,2.0,35.0,1.0,4.0,3.0,2.0,0.0,80.0,0.0,0.0,0.0,,
2005,1376.0,1.0,11.0,5.0,4.0,1.0,3.0,3.0,80.0,0.0,0.0,0.0,,
2005,1376.0,2.0,9.0,5.0,4.0,1.0,4.0,3.0,80.0,0.0,0.0,0.0,,
2005,1376.0,1.0,7.0,5.0,4.0,1.0,4.0,3.0,80.0,0.0,0.0,0.0,,
2005,1390.0,1.0,22.0,1.0,1.0,4.0,1.0,0.0,280.0,3.0,1.0,260.0,1.0,
2005,1390.0,2.0,22.0,1.0,4.0,4.0,2.0,0.0,280.0,3.0,0.0,0.0,,
2005,1334.0,1.0,57.0,2.0,1.0,2.0,1.0,0.0,188.66666666666666,3.0,1.0,680.0,1.0,11.0
2005,1334.0,2.0,53.0,2.0,1.0,2.0,3.0,4.0,188.66666666666666,0.0,0.0,0.0,,
2005,1334.0,2.0,23.0,1.0,1.0,3.0,1.0,0.0,188.66666666666666,3.0,1.0,1300.0,2.0,11.0
2005,1334.0,1.0,28.0,1.0,4.0,3.0,1.0,0.0,188.66666666666666,3.0,2.0,700.0,2.0,7.0
2005,1334.0,2.0,21.0,5.0,4.0,3.0,2.0,0.0,188.66666666666666,3.0,0.0,0.0,,
2005,1334.0,2.0,18.0,5.0,4.0,3.0,3.0,4.0,188.66666666666666,0.0,0.0,0.0,,
2005,1334.0,1.0,27.0,5.0,4.0,7.0,3.0,6.0,188.66666666666666,0.0,0.0,0.0,,
2005,1334.0,2.0,17.0,5.0,1.0,3.0,3.0,3.0,188.66666666666666,0.0,0.0,0.0,,
2005,1334.0,1.0,15.0,5.0,1.0,3.0,3.0,3.0,188.66666666666666,0.0,0.0,0.0,,
2005,1334.0,1.0,11.0,5.0,1.0,1.0,3.0,3.0,188.66666666666666,0.0,0.0,0.0,,
2005,1334.0,2.0,11.0,5.0,1.0,1.0,3.0,3.0,188.66666666666666,0.0,0.0,0.0,,
2005,1334.0,2.0,11.0,5.0,1.0,1.0,3.0,3.0,188.66666666666666,0.0,0.0,0.0,,
2005,1334.0,2.0,3.0,5.0,4.0,7.0,4.0,5.0,188.66666666666666,0.0,0.0,0.0,,
2005,1334.0,1.0,7.0,5.0,1.0,1.0,4.0,3.0,188.66666666666666,0.0,0.0,0.0,,
2005,1334.0,2.0,,5.0,4.0,7.0,4.0,5.0,188.66666666666666,0.0,0.0,0.0,,
2005,1523.0,1.0,43.0,5.0,1.0,6.0,1.0,0.0,1300.0,3.0,1.0,600.0,2.0,1.0
2005,1232.0,1.0,26.0,2.0,4.0,2.0,1.0,0.0,166.66666666666666,3.0,2.0,500.0,2.0,5.0
2005,1232.0,2.0,23.0,2.0,4.0,2.0,3.0,4.0,166.66666666666666,0.0,0.0,0.0,,
2005,1232.0,2.0,1.0,5.0,4.0,7.0,4.0,5.0,166.66666666666666,0.0,0.0,0.0,,
2005,1203.0,1.0,70.0,3.0,4.0,2.0,1.0,0.0,340.0,3.0,2.0,240.0,2.0,2.0
2005,1200.0,2.0,63.0,4.0,1.0,2.0,3.0,1.0,330.0,0.0,0.0,0.0,,
2005,1200.0,1.0,32.0,5.0,4.0,2.0,2.0,0.0,330.0,3.0,0.0,0.0,,
2005,1200.0,2.0,30.0,1.0,1.0,5.0,1.0,0.0,330.0,3.0,2.0,150.0,1.0,8.0
2005,1200.0,1.0,31.0,1.0,4.0,3.0,1.0,0.0,330.0,3.0,2.0,700.0,2.0,5.0
2005,1200.0,2.0,6.0,5.0,1.0,1.0,4.0,3.0,330.0,0.0,0.0,0.0,,
2005,2294.0,1.0,35.0,1.0,4.0,5.0,2.0,0.0,0.0,3.0,0.0,0.0,,
2005,2294.0,2.0,27.0,1.0,4.0,4.0,2.0,0.0,0.0,0.0,0.0,0.0,,
2005,2294.0,2.0,8.0,5.0,4.0,1.0,4.0,3.0,0.0,0.0,0.0,0.0,,
2005,2294.0,1.0,6.0,5.0,4.0,1.0,4.0,3.0,0.0,0.0,0.0,0.0,,
2005,2294.0,1.0,2.0,5.0,4.0,7.0,4.0,5.0,0.0,0.0,0.0,0.0,,
2005,1185.0,1.0,37.0,2.0,1.0,5.0,1.0,0.0,960.0,2.0,0.0,400.0,2.0,2.0
2005,1185.0,2.0,36.0,2.0,1.0,6.0,1.0,0.0,960.0,3.0,1.0,600.0,1.0,10.0
2005,1185.0,2.0,70.0,4.0,1.0,2.0,1.0,0.0,960.0,4.0,0.0,0.0,2.0,2.0
2005,1506.0,1.0,50.0,1.0,4.0,3.0,1.0,0.0,248.5,2.0,0.0,800.0,2.0,1.0
2005,1506.0,2.0,48.0,1.0,4.0,3.0,1.0,0.0,248.5,3.0,2.0,150.0,1.0,12.0
2005,1506.0,1.0,18.0,5.0,4.0,4.0,2.0,0.0,248.5,0.0,0.0,0.0,,
2005,1506.0,1.0,15.0,5.0,4.0,3.0,3.0,3.0,248.5,0.0,0.0,0.0,,
2005,1422.0,1.0,47.0,2.0,2.0,6.0,1.0,0.0,875.0,1.0,0.0,3500.0,2.0,6.0
2005,1422.0,2.0,46.0,2.0,2.0,6.0,1.0,0.0,875.0,4.0,0.0,0.0,2.0,6.0
2005,1422.0,2.0,19.0,5.0,2.0,4.0,1.0,0.0,875.0,3.0,1.0,0.0,2.0,6.0
2005,1422.0,1.0,16.0,5.0,2.0,3.0,3.0,3.0,875.0,0.0,0.0,0.0,,
2005,1569.0,2.0,52.0,3.0,4.0,2.0,1.0,0.0,250.0,3.0,2.0,700.0,2.0,
2005,1569.0,2.0,27.0,5.0,4.0,4.0,1.0,0.0,250.0,3.0,2.0,150.0,1.0,4.0
2005,1569.0,1.0,20.0,5.0,4.0,4.0,3.0,7.0,250.0,0.0,0.0,0.0,,
2005,1569.0,1.0,7.0,5.0,4.0,1.0,4.0,3.0,250.0,0.0,0.0,0.0,,
2005,1155.0,1.0,70.0,3.0,4.0,2.0,1.0,0.0,200.0,2.0,0.0,200.0,2.0,1.0
2005,1020.0,1.0,91.0,2.0,1.0,1.0,3.0,1.0,254.0,0.0,0.0,0.0,,
2005,1020.0,2.0,72.0,2.0,1.0,1.0,3.0,4.0,254.0,0.0,0.0,0.0,,
2005,1055.0,1.0,82.0,2.0,1.0,2.0,3.0,1.0,430.0,0.0,0.0,0.0,,
2005,1055.0,2.0,78.0,2.0,1.0,2.0,3.0,1.0,430.0,0.0,0.0,0.0,,
2005,1130.0,2.0,54.0,2.0,1.0,2.0,3.0,4.0,140.0,0.0,0.0,0.0,,
2005,1130.0,2.0,31.0,5.0,4.0,2.0,3.0,4.0,140.0,0.0,0.0,0.0,,
2005,1130.0,2.0,5.0,5.0,4.0,7.0,4.0,5.0,140.0,0.0,0.0,0.0,,
2005,1130.0,1.0,2.0,5.0,4.0,7.0,4.0,5.0,140.0,0.0,0.0,0.0,,
2005,1130.0,2.0,,5.0,4.0,7.0,4.0,5.0,140.0,0.0,0.0,0.0,,
2005,1343.0,1.0,42.0,1.0,4.0,1.0,1.0,0.0,66.66666666666667,2.0,0.0,400.0,2.0,1.0
2005,1343.0,2.0,30.0,1.0,4.0,3.0,3.0,4.0,66.66666666666667,0.0,0.0,0.0,,
2005,1343.0,1.0,13.0,5.0,4.0,1.0,3.0,3.0,66.66666666666667,0.0,0.0,0.0,,
2005,1343.0,1.0,8.0,5.0,4.0,1.0,4.0,3.0,66.66666666666667,0.0,0.0,0.0,,
2005,1343.0,2.0,6.0,5.0,4.0,7.0,4.0,3.0,66.66666666666667,0.0,0.0,0.0,,
2005,1343.0,1.0,1.0,5.0,4.0,7.0,4.0,5.0,66.66666666666667,0.0,0.0,0.0,,
2005,1252.0,1.0,50.0,2.0,1.0,4.0,1.0,0.0,1037.5,3.0,1.0,800.0,2.0,9.0
2005,1252.0,2.0,49.0,2.0,1.0,6.0,1.0,0.0,1037.5,3.0,2.0,950.0,1.0,12.0
2005,1252.0,1.0,16.0,5.0,1.0,3.0,3.0,3.0,1037.5,0.0,0.0,0.0,,
2005,1252.0,1.0,12.0,5.0,1.0,1.0,3.0,3.0,1037.5,0.0,0.0,0.0,,
2005,1323.0,1.0,40.0,2.0,1.0,2.0,1.0,0.0,275.0,3.0,1.0,1100.0,2.0,6.0
2005,1323.0,2.0,41.0,2.0,1.0,2.0,3.0,4.0,275.0,0.0,0.0,0.0,,
2005,1323.0,1.0,11.0,5.0,1.0,1.0,3.0,3.0,275.0,0.0,0.0,0.0,,
2005,1323.0,2.0,8.0,5.0,1.0,1.0,4.0,3.0,275.0,0.0,0.0,0.0,,
2005,1202.0,2.0,45.0,3.0,1.0,1.0,1.0,0.0,206.66666666666666,3.0,1.0,580.0,2.0,
2005,1202.0,2.0,19.0,5.0,1.0,4.0,3.0,4.0,206.66666666666666,0.0,0.0,0.0,,
2005,1202.0,2.0,18.0,5.0,1.0,4.0,3.0,7.0,206.66666666666666,0.0,0.0,0.0,,
2005,1202.0,1.0,1.0,5.0,4.0,7.0,4.0,5.0,206.66666666666666,0.0,0.0,0.0,,
2005,1202.0,2.0,,5.0,4.0,7.0,4.0,5.0,206.66666666666666,0.0,0.0,0.0,,
2005,1202.0,1.0,19.0,5.0,1.0,3.0,1.0,0.0,206.66666666666666,3.0,1.0,660.0,2.0,
2005,1062.0,1.0,75.0,2.0,4.0,2.0,1.0,0.0,180.0,2.0,0.0,300.0,2.0,1.0
2005,1062.0,2.0,70.0,2.0,1.0,1.0,3.0,4.0,180.0,0.0,0.0,0.0,,
2005,1156.0,1.0,85.0,2.0,1.0,1.0,3.0,1.0,233.33333333333334,0.0,0.0,0.0,,
2005,1156.0,2.0,83.0,2.0,1.0,1.0,3.0,4.0,233.33333333333334,0.0,0.0,0.0,,
2005,1156.0,1.0,51.0,2.0,4.0,3.0,1.0,0.0,233.33333333333334,2.0,0.0,1000.0,2.0,1.0
2005,1156.0,2.0,48.0,2.0,4.0,2.0,3.0,4.0,233.33333333333334,0.0,0.0,0.0,,
2005,1156.0,1.0,14.0,5.0,4.0,3.0,3.0,3.0,233.33333333333334,0.0,0.0,0.0,,
2005,1156.0,2.0,19.0,5.0,4.0,5.0,3.0,3.0,233.33333333333334,0.0,0.0,0.0,,
2005,1069.0,1.0,66.0,2.0,1.0,4.0,1.0,0.0,850.0,3.0,1.0,1200.0,2.0,8.0
2005,1069.0,2.0,65.0,2.0,1.0,4.0,3.0,4.0,850.0,0.0,0.0,0.0,,
2005,1076.0,2.0,67.0,4.0,1.0,4.0,1.0,0.0,1190.0,3.0,1.0,700.0,1.0,9.0
2005,1083.0,2.0,65.0,4.0,1.0,2.0,3.0,1.0,620.0,0.0,0.0,0.0,,
2005,1048.0,1.0,76.0,2.0,4.0,1.0,3.0,6.0,0.0,0.0,0.0,0.0,,
2005,1048.0,2.0,74.0,2.0,4.0,1.0,3.0,4.0,0.0,0.0,0.0,0.0,,
2005,2235.0,1.0,34.0,1.0,4.0,2.0,2.0,0.0,94.33333333333333,2.0,0.0,0.0,,
2005,2235.0,2.0,28.0,1.0,1.0,2.0,1.0,0.0,94.33333333333333,3.0,1.0,283.0,2.0,2.0
2005,2235.0,1.0,6.0,5.0,1.0,1.0,4.0,3.0,94.33333333333333,0.0,0.0,0.0,,
2005,1150.0,1.0,42.0,2.0,1.0,5.0,1.0,0.0,416.6666666666667,3.0,1.0,1300.0,1.0,8.0
2005,1150.0,2.0,42.0,2.0,1.0,6.0,1.0,0.0,416.6666666666667,3.0,1.0,1000.0,1.0,8.0
2005,1150.0,1.0,15.0,5.0,1.0,3.0,3.0,3.0,416.6666666666667,0.0,0.0,0.0,,
2005,1150.0,1.0,10.0,5.0,1.0,1.0,3.0,3.0,416.6666666666667,0.0,0.0,0.0,,
2005,1150.0,2.0,7.0,5.0,1.0,1.0,4.0,3.0,416.6666666666667,0.0,0.0,0.0,,
2005,1150.0,2.0,7.0,5.0,1.0,1.0,4.0,3.0,416.6666666666667,0.0,0.0,0.0,,
2005,2331.0,1.0,40.0,2.0,1.0,2.0,1.0,0.0,360.0,3.0,1.0,1200.0,2.0,
2005,2331.0,2.0,42.0,2.0,1.0,1.0,3.0,4.0,360.0,0.0,0.0,0.0,,
2005,2331.0,2.0,16.0,5.0,1.0,3.0,3.0,3.0,360.0,0.0,0.0,0.0,,
2005,2331.0,2.0,14.0,5.0,1.0,3.0,3.0,3.0,360.0,0.0,0.0,0.0,,
2005,2331.0,2.0,4.0,5.0,1.0,7.0,4.0,5.0,360.0,0.0,0.0,0.0,,
2005,1304.0,1.0,63.0,2.0,1.0,2.0,1.0,0.0,350.0,3.0,1.0,800.0,2.0,6.0
2005,1304.0,2.0,52.0,2.0,1.0,2.0,3.0,4.0,350.0,0.0,0.0,0.0,,
2005,1304.0,2.0,29.0,5.0,4.0,6.0,1.0,0.0,350.0,3.0,2.0,0.0,1.0,11.0
2005,1304.0,1.0,24.0,5.0,1.0,6.0,1.0,0.0,350.0,3.0,1.0,600.0,1.0,12.0
2005,1298.0,1.0,61.0,2.0,12.0,6.0,1.0,0.0,2750.0,3.0,1.0,1000.0,2.0,12.0
2005,1298.0,2.0,60.0,2.0,12.0,6.0,1.0,0.0,2750.0,3.0,1.0,2000.0,2.0,12.0
2005,1122.0,1.0,54.0,2.0,2.0,5.0,1.0,0.0,500.0,1.0,0.0,1000.0,2.0,2.0
2005,1122.0,2.0,57.0,2.0,2.0,4.0,3.0,4.0,500.0,0.0,0.0,0.0,,
2005,1138.0,2.0,74.0,4.0,1.0,4.0,3.0,1.0,400.0,0.0,0.0,0.0,,
2005,1497.0,2.0,36.0,1.0,4.0,2.0,1.0,0.0,360.0,3.0,2.0,900.0,2.0,
2005,1497.0,2.0,19.0,5.0,4.0,3.0,3.0,3.0,360.0,0.0,0.0,0.0,,
2005,1497.0,1.0,16.0,5.0,4.0,3.0,3.0,3.0,360.0,0.0,0.0,0.0,,
2005,1497.0,2.0,6.0,5.0,4.0,1.0,4.0,3.0,360.0,0.0,0.0,0.0,,
2005,1497.0,1.0,39.0,1.0,4.0,7.0,1.0,0.0,360.0,2.0,0.0,900.0,2.0,1.0
2005,1210.0,1.0,62.0,1.0,4.0,1.0,1.0,0.0,112.5,2.0,0.0,450.0,2.0,1.0
2005,1210.0,2.0,59.0,1.0,4.0,2.0,3.0,4.0,112.5,0.0,0.0,0.0,,
2005,1210.0,2.0,40.0,5.0,4.0,2.0,3.0,6.0,112.5,0.0,0.0,0.0,,
2005,1210.0,2.0,21.0,5.0,4.0,4.0,3.0,7.0,112.5,0.0,0.0,0.0,,
2005,1360.0,1.0,30.0,2.0,1.0,2.0,1.0,0.0,124.0,3.0,1.0,420.0,2.0,5.0
2005,1360.0,2.0,33.0,2.0,1.0,5.0,1.0,0.0,124.0,2.0,0.0,200.0,2.0,1.0
2005,1360.0,1.0,12.0,5.0,1.0,1.0,3.0,3.0,124.0,0.0,0.0,0.0,,
2005,1360.0,2.0,11.0,5.0,1.0,1.0,3.0,3.0,124.0,0.0,0.0,0.0,,
2005,1360.0,1.0,9.0,5.0,1.0,1.0,4.0,3.0,124.0,0.0,0.0,0.0,,
2005,1079.0,2.0,84.0,4.0,1.0,2.0,3.0,1.0,380.0,0.0,0.0,0.0,,
2005,1588.0,1.0,55.0,2.0,1.0,6.0,1.0,0.0,2333.3333333333335,3.0,1.0,2500.0,2.0,7.0
2005,1588.0,2.0,52.0,2.0,1.0,6.0,1.0,0.0,2333.3333333333335,2.0,0.0,2300.0,2.0,1.0
2005,1588.0,1.0,24.0,5.0,1.0,5.0,1.0,0.0,2333.3333333333335,3.0,1.0,2200.0,2.0,7.0
2005,1114.0,1.0,53.0,2.0,4.0,2.0,1.0,0.0,225.0,2.0,0.0,450.0,2.0,1.0
2005,1114.0,2.0,51.0,2.0,4.0,2.0,1.0,0.0,225.0,3.0,2.0,400.0,2.0,
2005,1114.0,2.0,26.0,3.0,4.0,3.0,2.0,0.0,225.0,3.0,0.0,0.0,,
2005,1114.0,2.0,24.0,5.0,4.0,4.0,1.0,0.0,225.0,3.0,2.0,500.0,2.0,5.0
2005,1114.0,1.0,6.0,5.0,4.0,7.0,4.0,3.0,225.0,0.0,0.0,0.0,,
2005,1114.0,1.0,,5.0,4.0,7.0,4.0,5.0,225.0,0.0,0.0,0.0,,
2005,1166.0,1.0,47.0,1.0,4.0,2.0,1.0,0.0,281.25,2.0,0.0,1000.0,2.0,1.0
2005,1166.0,2.0,42.0,1.0,4.0,4.0,3.0,4.0,281.25,0.0,0.0,0.0,,
2005,1166.0,1.0,13.0,5.0,4.0,3.0,3.0,3.0,281.25,0.0,0.0,0.0,,
2005,1166.0,2.0,8.0,5.0,4.0,1.0,4.0,3.0,281.25,0.0,0.0,0.0,,
2005,1033.0,2.0,68.0,4.0,1.0,2.0,1.0,0.0,625.0,2.0,0.0,250.0,2.0,1.0
2005,1033.0,2.0,22.0,5.0,1.0,5.0,3.0,4.0,625.0,0.0,0.0,0.0,,
2005,1156.0,1.0,77.0,2.0,1.0,3.0,3.0,1.0,493.3333333333333,0.0,0.0,0.0,,
2005,1156.0,2.0,73.0,2.0,1.0,3.0,3.0,1.0,493.3333333333333,0.0,0.0,0.0,,
2005,1156.0,2.0,46.0,5.0,4.0,3.0,1.0,0.0,493.3333333333333,3.0,2.0,600.0,2.0,2.0
2005,861.0,2.0,58.0,5.0,4.0,2.0,2.0,0.0,325.0,3.0,0.0,0.0,,
2005,861.0,2.0,28.0,1.0,1.0,5.0,1.0,0.0,325.0,3.0,1.0,700.0,2.0,
2005,861.0,1.0,13.0,5.0,4.0,3.0,3.0,3.0,325.0,0.0,0.0,0.0,,
2005,861.0,1.0,29.0,1.0,4.0,5.0,1.0,0.0,325.0,3.0,2.0,600.0,2.0,
2005,1190.0,1.0,45.0,2.0,1.0,2.0,1.0,0.0,350.0,2.0,0.0,600.0,2.0,1.0
2005,1190.0,2.0,39.0,2.0,1.0,3.0,1.0,0.0,350.0,3.0,1.0,700.0,2.0,6.0
2005,1190.0,2.0,17.0,5.0,1.0,5.0,2.0,0.0,350.0,0.0,0.0,0.0,,
2005,1190.0,1.0,12.0,5.0,1.0,1.0,3.0,3.0,350.0,0.0,0.0,0.0,,
2005,1190.0,1.0,,5.0,1.0,7.0,4.0,5.0,350.0,0.0,0.0,0.0,,
2005,1365.0,2.0,29.0,2.0,4.0,3.0,3.0,4.0,100.0,0.0,0.0,0.0,,
2005,1365.0,1.0,42.0,2.0,4.0,1.0,1.0,0.0,100.0,3.0,2.0,600.0,2.0,6.0
2005,1365.0,1.0,4.0,5.0,4.0,7.0,4.0,5.0,100.0,0.0,0.0,0.0,,
2005,1365.0,2.0,3.0,5.0,4.0,7.0,4.0,5.0,100.0,0.0,0.0,0.0,,
2005,1365.0,1.0,2.0,5.0,4.0,7.0,4.0,5.0,100.0,0.0,0.0,0.0,,
2005,1365.0,2.0,,5.0,4.0,7.0,4.0,5.0,100.0,0.0,0.0,0.0,,
2005,4933.0,1.0,21.0,1.0,4.0,2.0,1.0,0.0,12.5,2.0,0.0,0.0,2.0,2.0
2005,4933.0,2.0,19.0,1.0,4.0,2.0,1.0,0.0,12.5,2.0,0.0,0.0,2.0,2.0
2005,4933.0,1.0,2.0,5.0,4.0,7.0,4.0,5.0,12.5,0.0,0.0,0.0,,
2005,4933.0,2.0,1.0,5.0,4.0,7.0,4.0,5.0,12.5,0.0,0.0,0.0,,
2005,1252.0,1.0,23.0,5.0,1.0,4.0,1.0,0.0,880.0,3.0,1.0,880.0,2.0,9.0
2005,1480.0,1.0,31.0,2.0,4.0,7.0,1.0,0.0,54.0,3.0,2.0,120.0,2.0,
2005,1480.0,2.0,28.0,2.0,4.0,7.0,3.0,4.0,54.0,0.0,0.0,0.0,,
2005,1480.0,1.0,13.0,5.0,4.0,3.0,3.0,3.0,54.0,0.0,0.0,0.0,,
2005,1480.0,2.0,10.0,5.0,4.0,1.0,3.0,3.0,54.0,0.0,0.0,0.0,,
2005,1480.0,2.0,7.0,5.0,4.0,1.0,4.0,3.0,54.0,0.0,0.0,0.0,,
2005,1490.0,1.0,39.0,2.0,4.0,4.0,1.0,0.0,333.3333333333333,1.0,0.0,500.0,2.0,5.0
2005,1490.0,2.0,39.0,2.0,4.0,5.0,1.0,0.0,333.3333333333333,1.0,0.0,500.0,2.0,5.0
2005,1490.0,1.0,10.0,5.0,4.0,1.0,3.0,3.0,333.3333333333333,0.0,0.0,0.0,,
2005,1316.0,1.0,46.0,2.0,4.0,3.0,1.0,0.0,270.0,3.0,2.0,700.0,2.0,7.0
2005,1316.0,2.0,41.0,2.0,4.0,3.0,3.0,4.0,270.0,0.0,0.0,0.0,,
2005,1316.0,2.0,15.0,5.0,4.0,3.0,3.0,3.0,270.0,0.0,0.0,0.0,,
2005,1316.0,1.0,71.0,4.0,1.0,2.0,3.0,1.0,270.0,0.0,0.0,0.0,,
2005,1071.0,1.0,71.0,2.0,4.0,2.0,1.0,0.0,216.66666666666666,2.0,0.0,400.0,2.0,1.0
2005,1071.0,2.0,64.0,2.0,4.0,3.0,2.0,0.0,216.66666666666666,3.0,0.0,0.0,,
2005,1071.0,2.0,33.0,5.0,4.0,4.0,1.0,0.0,216.66666666666666,3.0,2.0,150.0,2.0,8.0
2005,1449.0,2.0,49.0,3.0,1.0,4.0,1.0,0.0,866.6666666666666,2.0,0.0,2000.0,2.0,1.0
2005,1449.0,2.0,24.0,1.0,1.0,4.0,3.0,4.0,866.6666666666666,0.0,0.0,0.0,,
2005,1449.0,1.0,23.0,1.0,4.0,4.0,1.0,0.0,866.6666666666666,3.0,2.0,600.0,2.0,
2005,1457.0,1.0,27.0,5.0,1.0,4.0,1.0,0.0,1000.0,3.0,1.0,1000.0,2.0,12.0
2005,1457.0,1.0,27.0,5.0,1.0,5.0,1.0,0.0,1000.0,3.0,1.0,1000.0,2.0,
2005,1313.0,1.0,49.0,2.0,2.0,6.0,1.0,0.0,875.0,1.0,0.0,3500.0,2.0,5.0
2005,1313.0,2.0,46.0,2.0,2.0,6.0,3.0,4.0,875.0,0.0,0.0,0.0,,
2005,1313.0,1.0,23.0,5.0,2.0,5.0,3.0,3.0,875.0,0.0,0.0,0.0,,
2005,1313.0,2.0,20.0,5.0,2.0,5.0,3.0,3.0,875.0,0.0,0.0,0.0,,
2005,1439.0,1.0,50.0,3.0,4.0,3.0,1.0,0.0,120.0,2.0,0.0,120.0,2.0,1.0
2005,1874.0,1.0,33.0,1.0,4.0,2.0,1.0,0.0,150.0,2.0,0.0,600.0,2.0,1.0
2005,1874.0,2.0,33.0,1.0,4.0,2.0,3.0,4.0,150.0,0.0,0.0,0.0,,
2005,1874.0,1.0,10.0,5.0,4.0,1.0,3.0,3.0,150.0,0.0,0.0,0.0,,
2005,1874.0,1.0,8.0,5.0,4.0,1.0,4.0,3.0,150.0,0.0,0.0,0.0,,
2005,1274.0,1.0,54.0,2.0,1.0,1.0,1.0,0.0,483.3333333333333,3.0,1.0,900.0,2.0,6.0
2005,1274.0,2.0,49.0,2.0,1.0,1.0,1.0,0.0,483.3333333333333,3.0,2.0,400.0,2.0,6.0
2005,1274.0,2.0,28.0,1.0,1.0,2.0,1.0,0.0,483.3333333333333,3.0,1.0,700.0,2.0,7.0
2005,1274.0,2.0,15.0,5.0,1.0,3.0,3.0,3.0,483.3333333333333,0.0,0.0,0.0,,
2005,1274.0,1.0,29.0,1.0,1.0,3.0,1.0,0.0,483.3333333333333,3.0,1.0,900.0,2.0,5.0
2005,1274.0,2.0,2.0,5.0,1.0,7.0,4.0,5.0,483.3333333333333,0.0,0.0,0.0,,
2005,1338.0,2.0,75.0,4.0,1.0,2.0,3.0,1.0,430.0,0.0,0.0,0.0,,
2005,1131.0,2.0,44.0,3.0,1.0,6.0,1.0,0.0,350.0,3.0,1.0,1000.0,1.0,12.0
2005,1131.0,2.0,18.0,5.0,4.0,4.0,2.0,0.0,350.0,0.0,0.0,0.0,,
2005,1131.0,2.0,12.0,5.0,1.0,1.0,3.0,3.0,350.0,0.0,0.0,0.0,,
2005,1131.0,1.0,3.0,5.0,1.0,7.0,4.0,5.0,350.0,0.0,0.0,0.0,,
2005,1069.0,1.0,65.0,2.0,1.0,3.0,1.0,0.0,233.33333333333334,2.0,0.0,700.0,2.0,1.0
2005,1069.0,2.0,61.0,2.0,1.0,2.0,3.0,4.0,233.33333333333334,0.0,0.0,0.0,,
2005,1069.0,1.0,17.0,5.0,1.0,3.0,3.0,3.0,233.33333333333334,0.0,0.0,0.0,,
2005,1901.0,1.0,23.0,2.0,1.0,3.0,1.0,0.0,400.0,3.0,1.0,800.0,2.0,10.0
2005,1901.0,2.0,23.0,2.0,4.0,4.0,3.0,4.0,400.0,0.0,0.0,0.0,,
2005,2028.0,2.0,65.0,3.0,4.0,2.0,3.0,4.0,100.0,0.0,0.0,0.0,,
2005,2028.0,1.0,33.0,3.0,4.0,2.0,1.0,0.0,100.0,3.0,2.0,300.0,2.0,5.0
2005,2028.0,1.0,16.0,5.0,4.0,3.0,3.0,3.0,100.0,0.0,0.0,0.0,,
2005,1063.0,2.0,93.0,4.0,1.0,7.0,3.0,1.0,560.0,0.0,0.0,0.0,,
2005,1063.0,2.0,26.0,1.0,1.0,6.0,2.0,0.0,560.0,3.0,0.0,0.0,,
2005,1063.0,1.0,58.0,4.0,1.0,6.0,1.0,0.0,560.0,2.0,0.0,1000.0,2.0,3.0
2005,1063.0,2.0,2.0,5.0,1.0,7.0,4.0,5.0,560.0,0.0,0.0,0.0,,
2005,1063.0,1.0,26.0,1.0,1.0,5.0,1.0,0.0,560.0,3.0,1.0,1200.0,1.0,10.0
2005,1270.0,1.0,30.0,1.0,1.0,4.0,1.0,0.0,870.0,3.0,1.0,1260.0,2.0,8.0
2005,1270.0,2.0,29.0,1.0,1.0,4.0,1.0,0.0,870.0,3.0,1.0,1350.0,2.0,8.0
2005,1270.0,1.0,2.0,5.0,1.0,7.0,4.0,5.0,870.0,0.0,0.0,0.0,,
2005,2341.0,1.0,36.0,2.0,1.0,3.0,1.0,0.0,375.0,3.0,1.0,1500.0,1.0,
2005,2341.0,2.0,37.0,2.0,1.0,5.0,3.0,4.0,375.0,0.0,0.0,0.0,,
2005,2341.0,2.0,16.0,5.0,1.0,3.0,3.0,3.0,375.0,0.0,0.0,0.0,,
2005,2341.0,2.0,14.0,5.0,1.0,3.0,3.0,3.0,375.0,0.0,0.0,0.0,,
2005,1211.0,1.0,33.0,1.0,1.0,3.0,1.0,0.0,925.0,3.0,1.0,1500.0,2.0,9.0
2005,1211.0,2.0,29.0,1.0,1.0,3.0,1.0,0.0,925.0,2.0,0.0,400.0,2.0,1.0
2005,1211.0,2.0,50.0,3.0,4.0,2.0,1.0,0.0,925.0,2.0,0.0,1000.0,2.0,7.0
2005,1211.0,1.0,4.0,5.0,1.0,7.0,4.0,5.0,925.0,0.0,0.0,0.0,,
2005,1066.0,1.0,60.0,2.0,1.0,2.0,1.0,0.0,383.3333333333333,2.0,0.0,800.0,2.0,2.0
2005,1066.0,2.0,59.0,2.0,1.0,2.0,3.0,4.0,383.3333333333333,0.0,0.0,0.0,,
2005,1066.0,1.0,83.0,4.0,1.0,2.0,3.0,1.0,383.3333333333333,0.0,0.0,0.0,,
2005,1569.0,2.0,52.0,4.0,1.0,2.0,1.0,0.0,506.0,3.0,1.0,450.0,1.0,
2005,1569.0,2.0,26.0,1.0,1.0,4.0,1.0,0.0,506.0,3.0,1.0,500.0,1.0,
2005,1569.0,1.0,25.0,1.0,4.0,2.0,2.0,0.0,506.0,3.0,0.0,0.0,,
2005,1569.0,2.0,22.0,5.0,1.0,4.0,1.0,0.0,506.0,3.0,1.0,450.0,2.0,
2005,1569.0,1.0,1.0,5.0,1.0,7.0,4.0,5.0,506.0,0.0,0.0,0.0,,
2005,2043.0,1.0,40.0,2.0,4.0,2.0,1.0,0.0,240.0,3.0,2.0,1000.0,2.0,
2005,2043.0,2.0,39.0,2.0,4.0,3.0,1.0,0.0,240.0,3.0,2.0,200.0,2.0,5.0
2005,2043.0,2.0,16.0,5.0,4.0,3.0,3.0,3.0,240.0,0.0,0.0,0.0,,
2005,2043.0,2.0,13.0,5.0,4.0,3.0,3.0,3.0,240.0,0.0,0.0,0.0,,
2005,2043.0,2.0,4.0,5.0,4.0,7.0,4.0,5.0,240.0,0.0,0.0,0.0,,
2005,1295.0,1.0,68.0,2.0,1.0,2.0,3.0,1.0,370.0,0.0,0.0,0.0,,
2005,1295.0,2.0,61.0,2.0,1.0,2.0,3.0,4.0,370.0,0.0,0.0,0.0,,
2005,1295.0,2.0,30.0,5.0,2.0,4.0,1.0,0.0,370.0,3.0,1.0,650.0,2.0,9.0
2005,1295.0,1.0,22.0,5.0,2.0,4.0,2.0,0.0,370.0,3.0,0.0,0.0,,
2005,1359.0,1.0,42.0,2.0,1.0,6.0,1.0,0.0,800.0,3.0,1.0,2500.0,2.0,6.0
2005,1359.0,2.0,39.0,2.0,1.0,5.0,1.0,0.0,800.0,3.0,2.0,500.0,2.0,6.0
2005,1359.0,2.0,19.0,5.0,1.0,5.0,1.0,0.0,800.0,3.0,1.0,500.0,2.0,
2005,1359.0,1.0,16.0,5.0,1.0,3.0,3.0,3.0,800.0,0.0,0.0,0.0,,
2005,1359.0,2.0,12.0,5.0,1.0,1.0,3.0,3.0,800.0,0.0,0.0,0.0,,
2005,1448.0,2.0,50.0,3.0,4.0,2.0,3.0,4.0,160.0,0.0,0.0,0.0,,
2005,1448.0,2.0,24.0,5.0,4.0,2.0,1.0,0.0,160.0,3.0,2.0,0.0,2.0,
2005,1448.0,1.0,27.0,5.0,4.0,2.0,1.0,0.0,160.0,3.0,2.0,0.0,1.0,10.0
2005,1062.0,2.0,37.0,3.0,4.0,4.0,1.0,0.0,174.0,3.0,2.0,360.0,2.0,
2005,1062.0,2.0,17.0,5.0,4.0,3.0,3.0,3.0,174.0,0.0,0.0,0.0,,
2005,1062.0,1.0,10.0,5.0,4.0,1.0,3.0,3.0,174.0,0.0,0.0,0.0,,
2005,1062.0,2.0,9.0,5.0,4.0,1.0,4.0,3.0,174.0,0.0,0.0,0.0,,
2005,1062.0,1.0,6.0,5.0,4.0,1.0,4.0,3.0,174.0,0.0,0.0,0.0,,
2005,1290.0,1.0,50.0,1.0,1.0,4.0,1.0,0.0,1070.0,3.0,1.0,600.0,2.0,
2005,1290.0,2.0,58.0,1.0,1.0,2.0,1.0,0.0,1070.0,2.0,0.0,700.0,2.0,1.0
2005,1290.0,1.0,30.0,5.0,1.0,4.0,1.0,0.0,1070.0,3.0,1.0,1100.0,2.0,9.0
2005,1290.0,2.0,29.0,5.0,1.0,6.0,1.0,0.0,1070.0,3.0,2.0,1200.0,2.0,9.0
2005,1290.0,2.0,20.0,5.0,1.0,5.0,3.0,3.0,1070.0,0.0,0.0,0.0,,
2005,1246.0,2.0,47.0,2.0,1.0,2.0,1.0,0.0,310.0,3.0,2.0,150.0,1.0,5.0
2005,1246.0,1.0,50.0,2.0,1.0,2.0,1.0,0.0,310.0,3.0,1.0,700.0,1.0,8.0
2005,1246.0,1.0,17.0,5.0,1.0,3.0,3.0,3.0,310.0,0.0,0.0,0.0,,
2005,1246.0,2.0,23.0,3.0,4.0,4.0,1.0,0.0,310.0,3.0,2.0,500.0,2.0,6.0
2005,1246.0,1.0,4.0,5.0,4.0,7.0,4.0,5.0,310.0,0.0,0.0,0.0,,
2005,1248.0,1.0,42.0,3.0,2.0,6.0,1.0,0.0,2500.0,2.0,0.0,2500.0,2.0,1.0
2005,1238.0,1.0,51.0,2.0,1.0,3.0,1.0,0.0,525.0,3.0,1.0,700.0,2.0,10.0
2005,1238.0,2.0,44.0,2.0,1.0,3.0,1.0,0.0,525.0,3.0,1.0,800.0,2.0,10.0
2005,1238.0,1.0,22.0,5.0,1.0,4.0,1.0,0.0,525.0,3.0,1.0,600.0,2.0,9.0
2005,1238.0,2.0,14.0,5.0,1.0,3.0,3.0,3.0,525.0,0.0,0.0,0.0,,
2005,1131.0,1.0,38.0,1.0,4.0,4.0,1.0,0.0,187.5,3.0,2.0,750.0,2.0,3.0
2005,1131.0,2.0,27.0,1.0,4.0,4.0,3.0,4.0,187.5,0.0,0.0,0.0,,
2005,1131.0,2.0,3.0,5.0,4.0,7.0,4.0,5.0,187.5,0.0,0.0,0.0,,
2005,1131.0,2.0,1.0,5.0,4.0,7.0,4.0,5.0,187.5,0.0,0.0,0.0,,
2005,1348.0,1.0,27.0,1.0,4.0,4.0,1.0,0.0,800.0,3.0,2.0,800.0,2.0,2.0
2005,1348.0,2.0,24.0,1.0,1.0,4.0,1.0,0.0,800.0,3.0,1.0,800.0,2.0,7.0
2005,1205.0,1.0,64.0,2.0,1.0,2.0,3.0,4.0,166.66666666666666,0.0,0.0,0.0,,
2005,1205.0,2.0,53.0,2.0,1.0,3.0,1.0,0.0,166.66666666666666,3.0,1.0,500.0,1.0,
2005,1205.0,2.0,17.0,5.0,1.0,3.0,3.0,3.0,166.66666666666666,0.0,0.0,0.0,,
2005,1183.0,1.0,63.0,2.0,1.0,2.0,1.0,0.0,600.0,2.0,0.0,1300.0,2.0,1.0
2005,1183.0,2.0,55.0,2.0,1.0,4.0,3.0,4.0,600.0,0.0,0.0,0.0,,
2005,1183.0,1.0,35.0,5.0,1.0,6.0,1.0,0.0,600.0,3.0,1.0,400.0,1.0,7.0
2005,1232.0,1.0,51.0,2.0,4.0,4.0,1.0,0.0,366.6666666666667,2.0,0.0,800.0,2.0,1.0
2005,1232.0,2.0,45.0,2.0,4.0,4.0,1.0,0.0,366.6666666666667,3.0,2.0,300.0,2.0,
2005,1232.0,2.0,12.0,5.0,4.0,3.0,3.0,3.0,366.6666666666667,0.0,0.0,0.0,,
2005,1558.0,1.0,60.0,2.0,4.0,1.0,1.0,0.0,200.0,2.0,0.0,500.0,2.0,1.0
2005,1558.0,2.0,56.0,2.0,4.0,2.0,3.0,4.0,200.0,0.0,0.0,0.0,,
2005,1558.0,2.0,27.0,5.0,4.0,5.0,2.0,0.0,200.0,3.0,0.0,0.0,,
2005,1077.0,1.0,57.0,2.0,1.0,2.0,1.0,0.0,1028.5,3.0,2.0,252.0,2.0,2.0
2005,1077.0,2.0,53.0,2.0,1.0,2.0,1.0,0.0,1028.5,3.0,2.0,790.0,2.0,
2005,1130.0,2.0,65.0,4.0,1.0,2.0,3.0,1.0,1090.0,0.0,0.0,0.0,,
2005,1261.0,2.0,68.0,4.0,4.0,1.0,3.0,4.0,62.5,0.0,0.0,0.0,,
2005,1261.0,2.0,24.0,5.0,4.0,4.0,3.0,4.0,62.5,0.0,0.0,0.0,,
2005,1261.0,2.0,3.0,5.0,4.0,7.0,4.0,5.0,62.5,0.0,0.0,0.0,,
2005,1261.0,2.0,1.0,5.0,4.0,7.0,4.0,5.0,62.5,0.0,0.0,0.0,,
2005,1284.0,2.0,69.0,4.0,1.0,2.0,3.0,1.0,383.3333333333333,0.0,0.0,0.0,,
2005,1284.0,1.0,35.0,5.0,1.0,1.0,1.0,0.0,383.3333333333333,3.0,1.0,600.0,2.0,6.0
2005,1284.0,1.0,35.0,5.0,4.0,1.0,1.0,0.0,383.3333333333333,3.0,2.0,50.0,2.0,4.0
2005,1451.0,1.0,47.0,2.0,4.0,2.0,1.0,0.0,323.3333333333333,2.0,0.0,450.0,2.0,2.0
2005,1451.0,2.0,45.0,2.0,4.0,1.0,1.0,0.0,323.3333333333333,2.0,0.0,450.0,2.0,2.0
2005,1451.0,1.0,26.0,5.0,4.0,5.0,2.0,0.0,323.3333333333333,2.0,0.0,0.0,,
2005,1059.0,2.0,83.0,4.0,1.0,3.0,3.0,1.0,1100.0,0.0,0.0,0.0,,
2005,1203.0,1.0,78.0,2.0,1.0,4.0,3.0,1.0,430.0,0.0,0.0,0.0,,
2005,1203.0,2.0,67.0,2.0,1.0,2.0,3.0,1.0,430.0,0.0,0.0,0.0,,
2005,1595.0,1.0,52.0,2.0,2.0,6.0,1.0,0.0,1125.0,1.0,0.0,2700.0,2.0,6.0
2005,1595.0,2.0,49.0,2.0,2.0,6.0,1.0,0.0,1125.0,1.0,0.0,1800.0,2.0,6.0
2005,1595.0,2.0,21.0,5.0,2.0,5.0,3.0,3.0,1125.0,0.0,0.0,0.0,,
2005,1595.0,1.0,19.0,5.0,2.0,5.0,3.0,3.0,1125.0,0.0,0.0,0.0,,
2005,1309.0,1.0,65.0,2.0,4.0,1.0,2.0,0.0,70.0,2.0,0.0,0.0,,
2005,1309.0,2.0,62.0,2.0,4.0,2.0,3.0,4.0,70.0,0.0,0.0,0.0,,
2005,1309.0,1.0,26.0,5.0,4.0,3.0,2.0,0.0,70.0,3.0,0.0,0.0,,
2005,1309.0,2.0,37.0,1.0,4.0,3.0,3.0,4.0,70.0,0.0,0.0,0.0,,
2005,1309.0,1.0,32.0,1.0,4.0,3.0,1.0,0.0,70.0,3.0,2.0,400.0,2.0,
2005,1309.0,2.0,6.0,5.0,4.0,1.0,4.0,3.0,70.0,0.0,0.0,0.0,,
2005,1309.0,1.0,3.0,5.0,4.0,7.0,4.0,5.0,70.0,0.0,0.0,0.0,,
2005,1309.0,2.0,98.0,5.0,4.0,1.0,3.0,1.0,70.0,0.0,0.0,0.0,,
2005,2700.0,2.0,35.0,1.0,4.0,1.0,3.0,4.0,26.25,0.0,0.0,0.0,,
2005,2700.0,1.0,46.0,1.0,4.0,3.0,1.0,0.0,26.25,2.0,0.0,60.0,2.0,1.0
2005,2700.0,1.0,15.0,5.0,4.0,1.0,3.0,3.0,26.25,0.0,0.0,0.0,,
2005,2700.0,2.0,14.0,5.0,4.0,3.0,3.0,3.0,26.25,0.0,0.0,0.0,,
2005,2700.0,1.0,13.0,5.0,4.0,1.0,3.0,3.0,26.25,0.0,0.0,0.0,,
2005,2700.0,2.0,11.0,5.0,4.0,1.0,3.0,3.0,26.25,0.0,0.0,0.0,,
2005,2700.0,2.0,9.0,5.0,4.0,1.0,4.0,3.0,26.25,0.0,0.0,0.0,,
2005,2700.0,2.0,1.0,5.0,4.0,7.0,4.0,5.0,26.25,0.0,0.0,0.0,,
2005,1657.0,1.0,42.0,1.0,1.0,5.0,1.0,0.0,943.3333333333334,3.0,1.0,1500.0,2.0,
2005,1657.0,2.0,38.0,1.0,1.0,3.0,1.0,0.0,943.3333333333334,3.0,1.0,500.0,2.0,5.0
2005,1657.0,1.0,19.0,5.0,1.0,5.0,1.0,0.0,943.3333333333334,3.0,1.0,830.0,2.0,12.0
2005,1086.0,2.0,75.0,2.0,1.0,1.0,3.0,1.0,500.0,0.0,0.0,0.0,,
2005,1086.0,2.0,46.0,5.0,1.0,3.0,1.0,0.0,500.0,3.0,1.0,600.0,1.0,9.0
2005,1086.0,2.0,48.0,5.0,2.0,4.0,1.0,0.0,500.0,3.0,1.0,850.0,2.0,8.0
2005,1086.0,1.0,76.0,2.0,1.0,2.0,3.0,1.0,500.0,0.0,0.0,0.0,,
2005,1032.0,2.0,70.0,1.0,1.0,2.0,3.0,1.0,175.0,0.0,0.0,0.0,,
2005,1032.0,1.0,78.0,1.0,4.0,2.0,3.0,4.0,175.0,0.0,0.0,0.0,,
2005,1315.0,2.0,62.0,4.0,1.0,3.0,1.0,0.0,570.0,2.0,0.0,180.0,2.0,1.0
2005,1315.0,1.0,31.0,5.0,4.0,5.0,3.0,3.0,570.0,0.0,0.0,0.0,,
2005,1315.0,1.0,27.0,5.0,1.0,5.0,1.0,0.0,570.0,3.0,1.0,670.0,2.0,9.0
2005,1398.0,1.0,51.0,2.0,1.0,4.0,1.0,0.0,263.0,3.0,2.0,600.0,2.0,6.0
2005,1398.0,2.0,47.0,2.0,1.0,4.0,1.0,0.0,263.0,3.0,1.0,715.0,1.0,9.0
2005,1398.0,1.0,20.0,5.0,1.0,5.0,3.0,3.0,263.0,0.0,0.0,0.0,,
2005,1398.0,2.0,18.0,5.0,1.0,3.0,3.0,3.0,263.0,0.0,0.0,0.0,,
2005,1398.0,1.0,14.0,5.0,1.0,3.0,3.0,3.0,263.0,0.0,0.0,0.0,,
2005,1168.0,1.0,63.0,2.0,1.0,3.0,1.0,0.0,666.6666666666666,3.0,1.0,1500.0,2.0,12.0
2005,1168.0,2.0,59.0,2.0,1.0,2.0,3.0,4.0,666.6666666666666,0.0,0.0,0.0,,
2005,1168.0,1.0,32.0,5.0,4.0,4.0,1.0,0.0,666.6666666666666,3.0,2.0,500.0,2.0,
2005,1083.0,1.0,54.0,2.0,1.0,3.0,1.0,0.0,676.6666666666666,3.0,1.0,1350.0,2.0,10.0
2005,1083.0,2.0,49.0,2.0,1.0,2.0,2.0,0.0,676.6666666666666,2.0,0.0,0.0,,
2005,1083.0,2.0,10.0,5.0,1.0,1.0,3.0,3.0,676.6666666666666,0.0,0.0,0.0,,
2005,1085.0,1.0,34.0,2.0,4.0,5.0,1.0,0.0,150.0,3.0,2.0,600.0,2.0,2.0
2005,1085.0,2.0,33.0,2.0,4.0,3.0,3.0,4.0,150.0,0.0,0.0,0.0,,
2005,1085.0,2.0,2.0,5.0,4.0,7.0,4.0,5.0,150.0,0.0,0.0,0.0,,
2005,1085.0,2.0,10.0,5.0,4.0,1.0,3.0,3.0,150.0,0.0,0.0,0.0,,
2005,1241.0,1.0,60.0,3.0,4.0,2.0,1.0,0.0,700.0,3.0,2.0,700.0,2.0,7.0
2005,1204.0,2.0,34.0,3.0,4.0,2.0,1.0,0.0,50.0,3.0,2.0,150.0,1.0,6.0
2005,1204.0,2.0,16.0,5.0,4.0,3.0,3.0,3.0,50.0,0.0,0.0,0.0,,
2005,1204.0,2.0,11.0,5.0,4.0,1.0,3.0,3.0,50.0,0.0,0.0,0.0,,
2005,1204.0,2.0,10.0,5.0,4.0,1.0,3.0,3.0,50.0,0.0,0.0,0.0,,
2005,1204.0,2.0,2.0,5.0,4.0,7.0,4.0,5.0,50.0,0.0,0.0,0.0,,
2005,1208.0,1.0,80.0,3.0,1.0,5.0,1.0,0.0,1900.0,2.0,0.0,1000.0,2.0,1.0
2005,1121.0,2.0,83.0,3.0,1.0,7.0,3.0,1.0,130.0,0.0,0.0,0.0,,
2005,1121.0,1.0,42.0,5.0,4.0,2.0,1.0,0.0,130.0,3.0,2.0,130.0,1.0,12.0
2005,1180.0,1.0,64.0,2.0,1.0,6.0,3.0,1.0,500.0,0.0,0.0,0.0,,
2005,1180.0,2.0,54.0,2.0,1.0,6.0,1.0,0.0,500.0,3.0,2.0,400.0,2.0,
2005,1576.0,2.0,48.0,3.0,1.0,4.0,1.0,0.0,550.0,3.0,1.0,900.0,2.0,8.0
2005,1576.0,1.0,21.0,5.0,1.0,4.0,1.0,0.0,550.0,2.0,0.0,200.0,2.0,1.0
2005,1166.0,2.0,94.0,4.0,1.0,1.0,3.0,1.0,455.0,0.0,0.0,0.0,,
2005,1211.0,1.0,24.0,5.0,1.0,4.0,1.0,0.0,860.0,3.0,1.0,860.0,1.0,12.0
2005,1232.0,2.0,44.0,3.0,2.0,6.0,1.0,0.0,526.0,3.0,1.0,902.0,1.0,9.0
2005,1232.0,1.0,11.0,5.0,1.0,1.0,3.0,3.0,526.0,0.0,0.0,0.0,,
2005,1104.0,2.0,78.0,4.0,1.0,1.0,3.0,1.0,660.0,0.0,0.0,0.0,,
2005,1937.0,1.0,54.0,2.0,4.0,2.0,1.0,0.0,233.33333333333334,3.0,2.0,500.0,2.0,
2005,1937.0,2.0,50.0,2.0,4.0,1.0,1.0,0.0,233.33333333333334,3.0,2.0,200.0,2.0,
2005,1937.0,2.0,19.0,5.0,4.0,5.0,3.0,3.0,233.33333333333334,0.0,0.0,0.0,,
2005,1168.0,1.0,62.0,2.0,2.0,6.0,1.0,0.0,595.0,3.0,1.0,1500.0,1.0,11.0
2005,1168.0,2.0,60.0,2.0,4.0,5.0,1.0,0.0,595.0,1.0,0.0,0.0,2.0,2.0
2005,1168.0,2.0,27.0,5.0,4.0,6.0,1.0,0.0,595.0,3.0,2.0,400.0,2.0,3.0
2005,1168.0,1.0,22.0,5.0,4.0,4.0,1.0,0.0,595.0,3.0,2.0,480.0,2.0,2.0
2005,1140.0,2.0,51.0,2.0,4.0,4.0,3.0,4.0,141.25,0.0,0.0,0.0,,
2005,1140.0,1.0,53.0,2.0,4.0,2.0,1.0,0.0,141.25,3.0,2.0,30.0,2.0,
2005,1140.0,2.0,23.0,5.0,4.0,3.0,1.0,0.0,141.25,3.0,2.0,350.0,2.0,6.0
2005,1140.0,2.0,19.0,5.0,4.0,3.0,1.0,0.0,141.25,3.0,2.0,350.0,2.0,4.0
2005,1140.0,1.0,18.0,5.0,4.0,3.0,1.0,0.0,141.25,3.0,2.0,400.0,2.0,7.0
2005,1140.0,2.0,10.0,5.0,4.0,1.0,3.0,7.0,141.25,0.0,0.0,0.0,,
2005,1140.0,1.0,1.0,5.0,4.0,7.0,4.0,5.0,141.25,0.0,0.0,0.0,,
2005,1140.0,2.0,16.0,5.0,4.0,3.0,3.0,3.0,141.25,0.0,0.0,0.0,,
2005,2230.0,1.0,66.0,2.0,4.0,1.0,3.0,4.0,212.5,0.0,0.0,0.0,,
2005,2230.0,2.0,60.0,2.0,4.0,7.0,3.0,4.0,212.5,0.0,0.0,0.0,,
2005,2230.0,2.0,23.0,5.0,4.0,3.0,1.0,0.0,212.5,3.0,2.0,750.0,2.0,
2005,2230.0,2.0,2.0,5.0,4.0,7.0,4.0,5.0,212.5,0.0,0.0,0.0,,
2005,1336.0,1.0,52.0,4.0,1.0,1.0,1.0,0.0,257.14285714285717,3.0,1.0,1200.0,2.0,
2005,1336.0,2.0,26.0,5.0,4.0,2.0,3.0,4.0,257.14285714285717,0.0,0.0,0.0,,
2005,1336.0,2.0,22.0,5.0,4.0,2.0,1.0,0.0,257.14285714285717,3.0,2.0,600.0,2.0,
2005,1336.0,2.0,28.0,5.0,4.0,2.0,3.0,7.0,257.14285714285717,0.0,0.0,0.0,,
2005,1336.0,1.0,14.0,5.0,4.0,3.0,3.0,3.0,257.14285714285717,0.0,0.0,0.0,,
2005,1336.0,1.0,9.0,5.0,4.0,1.0,4.0,3.0,257.14285714285717,0.0,0.0,0.0,,
2005,1336.0,2.0,1.0,5.0,4.0,7.0,4.0,5.0,257.14285714285717,0.0,0.0,0.0,,
2005,1062.0,1.0,66.0,2.0,1.0,3.0,3.0,1.0,1265.0,0.0,0.0,0.0,,
2005,1062.0,2.0,63.0,2.0,1.0,5.0,3.0,1.0,1265.0,0.0,0.0,0.0,,
2005,1643.0,1.0,47.0,2.0,1.0,4.0,1.0,0.0,940.0,3.0,1.0,1000.0,2.0,11.0
2005,1643.0,2.0,44.0,2.0,1.0,6.0,1.0,0.0,940.0,3.0,1.0,1100.0,1.0,11.0
2005,1643.0,1.0,39.0,5.0,4.0,6.0,1.0,0.0,940.0,3.0,2.0,1400.0,1.0,7.0
2005,1643.0,1.0,37.0,5.0,1.0,5.0,1.0,0.0,940.0,3.0,1.0,1200.0,2.0,6.0
2005,1643.0,1.0,28.0,5.0,4.0,5.0,2.0,0.0,940.0,3.0,0.0,0.0,,
2005,1151.0,1.0,53.0,5.0,1.0,3.0,1.0,0.0,1600.0,3.0,1.0,1600.0,2.0,8.0
2005,1341.0,1.0,64.0,2.0,4.0,6.0,1.0,0.0,920.0,2.0,0.0,0.0,2.0,1.0
2005,1341.0,2.0,61.0,2.0,1.0,6.0,1.0,0.0,920.0,2.0,0.0,1500.0,2.0,1.0
2005,1341.0,2.0,26.0,5.0,1.0,6.0,1.0,0.0,920.0,3.0,1.0,1500.0,2.0,10.0
2005,1341.0,1.0,24.0,5.0,1.0,5.0,1.0,0.0,920.0,3.0,1.0,900.0,2.0,8.0
2005,1341.0,1.0,21.0,5.0,4.0,4.0,1.0,0.0,920.0,3.0,2.0,300.0,2.0,3.0
2005,1932.0,1.0,31.0,1.0,4.0,2.0,1.0,0.0,200.0,2.0,0.0,400.0,2.0,1.0
2005,1932.0,2.0,29.0,1.0,4.0,4.0,3.0,4.0,200.0,0.0,0.0,0.0,,
2005,1143.0,1.0,52.0,1.0,4.0,3.0,1.0,0.0,250.0,3.0,2.0,450.0,2.0,2.0
2005,1143.0,2.0,54.0,1.0,1.0,3.0,3.0,1.0,250.0,0.0,0.0,0.0,,
2005,1143.0,2.0,16.0,5.0,1.0,3.0,3.0,3.0,250.0,0.0,0.0,0.0,,
2005,1271.0,1.0,58.0,2.0,1.0,3.0,1.0,0.0,340.0,2.0,0.0,800.0,2.0,3.0
2005,1271.0,2.0,51.0,2.0,1.0,3.0,1.0,0.0,340.0,3.0,1.0,400.0,1.0,9.0
2005,1271.0,2.0,20.0,5.0,1.0,5.0,2.0,0.0,340.0,3.0,0.0,0.0,,
2005,1271.0,1.0,23.0,5.0,1.0,5.0,1.0,0.0,340.0,3.0,1.0,500.0,2.0,3.0
2005,1271.0,2.0,28.0,5.0,1.0,6.0,3.0,7.0,340.0,0.0,0.0,0.0,,
2005,990.0,2.0,52.0,3.0,4.0,3.0,1.0,0.0,376.6666666666667,3.0,2.0,300.0,2.0,
2005,990.0,2.0,27.0,5.0,4.0,4.0,1.0,0.0,376.6666666666667,3.0,1.0,830.0,2.0,7.0
2005,990.0,2.0,,5.0,4.0,7.0,4.0,5.0,376.6666666666667,0.0,0.0,0.0,,
2005,1360.0,1.0,46.0,4.0,1.0,3.0,1.0,0.0,650.0,3.0,1.0,1300.0,2.0,12.0
2005,1360.0,1.0,15.0,5.0,1.0,3.0,3.0,3.0,650.0,0.0,0.0,0.0,,
2005,1109.0,1.0,53.0,2.0,2.0,5.0,1.0,0.0,900.0,3.0,2.0,2500.0,2.0,7.0
2005,1109.0,2.0,51.0,2.0,2.0,3.0,3.0,4.0,900.0,0.0,0.0,0.0,,
2005,1109.0,1.0,25.0,5.0,2.0,4.0,1.0,0.0,900.0,2.0,0.0,300.0,2.0,1.0
2005,1109.0,2.0,80.0,4.0,1.0,2.0,3.0,1.0,900.0,0.0,0.0,0.0,,
2005,1060.0,1.0,32.0,2.0,1.0,4.0,1.0,0.0,392.5,3.0,1.0,760.0,2.0,
2005,1060.0,2.0,28.0,2.0,1.0,6.0,1.0,0.0,392.5,3.0,1.0,450.0,2.0,7.0
2005,1060.0,1.0,1.0,5.0,1.0,7.0,4.0,5.0,392.5,0.0,0.0,0.0,,
2005,1060.0,2.0,3.0,5.0,1.0,7.0,4.0,5.0,392.5,0.0,0.0,0.0,,
2005,1010.0,1.0,33.0,2.0,1.0,3.0,1.0,0.0,130.0,3.0,1.0,700.0,2.0,
2005,1010.0,2.0,28.0,2.0,1.0,3.0,1.0,0.0,130.0,3.0,2.0,80.0,2.0,
2005,1010.0,1.0,14.0,5.0,1.0,3.0,3.0,3.0,130.0,0.0,0.0,0.0,,
2005,1010.0,2.0,5.0,5.0,1.0,7.0,4.0,5.0,130.0,0.0,0.0,0.0,,
2005,1010.0,1.0,8.0,5.0,1.0,1.0,4.0,3.0,130.0,0.0,0.0,0.0,,
2005,1010.0,2.0,6.0,5.0,1.0,1.0,4.0,3.0,130.0,0.0,0.0,0.0,,
2005,1264.0,2.0,49.0,5.0,4.0,3.0,1.0,0.0,600.0,2.0,0.0,400.0,2.0,2.0
2005,1264.0,1.0,19.0,5.0,4.0,5.0,1.0,0.0,600.0,2.0,0.0,800.0,2.0,2.0
2005,1061.0,1.0,83.0,2.0,1.0,3.0,3.0,1.0,1050.0,0.0,0.0,0.0,,
2005,1061.0,2.0,74.0,2.0,1.0,4.0,3.0,4.0,1050.0,0.0,0.0,0.0,,
2005,1204.0,1.0,33.0,2.0,4.0,5.0,2.0,0.0,200.0,3.0,0.0,0.0,,
2005,1204.0,2.0,32.0,2.0,4.0,5.0,1.0,0.0,200.0,2.0,0.0,400.0,2.0,1.0
2005,1204.0,1.0,5.0,5.0,4.0,7.0,4.0,5.0,200.0,0.0,0.0,0.0,,
2005,1204.0,1.0,2.0,5.0,4.0,7.0,4.0,5.0,200.0,0.0,0.0,0.0,,
2005,1063.0,1.0,60.0,2.0,1.0,6.0,1.0,0.0,1000.0,3.0,1.0,2000.0,2.0,
2005,1063.0,2.0,57.0,2.0,1.0,6.0,3.0,4.0,1000.0,0.0,0.0,0.0,,
2005,1037.0,2.0,38.0,3.0,1.0,5.0,1.0,0.0,816.6666666666666,3.0,1.0,1800.0,2.0,9.0
2005,1037.0,2.0,13.0,5.0,1.0,3.0,3.0,3.0,816.6666666666666,0.0,0.0,0.0,,
2005,1037.0,2.0,7.0,5.0,1.0,1.0,4.0,3.0,816.6666666666666,0.0,0.0,0.0,,
2005,1258.0,1.0,48.0,3.0,2.0,6.0,1.0,0.0,2000.0,3.0,2.0,2000.0,2.0,1.0
2005,1263.0,1.0,36.0,1.0,1.0,2.0,1.0,0.0,108.33333333333333,3.0,1.0,600.0,2.0,10.0
2005,1263.0,2.0,29.0,1.0,4.0,2.0,3.0,4.0,108.33333333333333,0.0,0.0,0.0,,
2005,1263.0,1.0,14.0,5.0,1.0,1.0,3.0,3.0,108.33333333333333,0.0,0.0,0.0,,
2005,1263.0,1.0,13.0,5.0,1.0,1.0,3.0,3.0,108.33333333333333,0.0,0.0,0.0,,
2005,1263.0,1.0,10.0,5.0,1.0,1.0,3.0,3.0,108.33333333333333,0.0,0.0,0.0,,
2005,1263.0,1.0,6.0,5.0,1.0,1.0,4.0,3.0,108.33333333333333,0.0,0.0,0.0,,
2005,1146.0,1.0,54.0,2.0,1.0,2.0,1.0,0.0,320.0,3.0,1.0,960.0,2.0,2.0
2005,1146.0,2.0,51.0,2.0,1.0,3.0,3.0,4.0,320.0,0.0,0.0,0.0,,
2005,1146.0,1.0,15.0,5.0,1.0,3.0,3.0,3.0,320.0,0.0,0.0,0.0,,
2005,1128.0,2.0,70.0,4.0,1.0,2.0,3.0,1.0,700.0,0.0,0.0,0.0,,
2005,1553.0,1.0,48.0,2.0,1.0,3.0,1.0,0.0,750.0,3.0,1.0,1500.0,2.0,
2005,1553.0,2.0,43.0,2.0,1.0,2.0,3.0,4.0,750.0,0.0,0.0,0.0,,
2005,1036.0,2.0,59.0,3.0,1.0,4.0,1.0,0.0,825.0,3.0,1.0,750.0,1.0,11.0
2005,1036.0,2.0,31.0,5.0,1.0,6.0,1.0,0.0,825.0,3.0,1.0,900.0,2.0,8.0
2005,1196.0,1.0,43.0,3.0,1.0,5.0,1.0,0.0,1400.0,3.0,2.0,1400.0,2.0,3.0
2005,1365.0,1.0,34.0,1.0,4.0,2.0,1.0,0.0,120.0,2.0,0.0,600.0,2.0,1.0
2005,1365.0,2.0,34.0,1.0,4.0,3.0,2.0,0.0,120.0,3.0,0.0,0.0,,
2005,1365.0,1.0,15.0,5.0,4.0,1.0,3.0,3.0,120.0,0.0,0.0,0.0,,
2005,1365.0,1.0,14.0,5.0,4.0,1.0,3.0,3.0,120.0,0.0,0.0,0.0,,
2005,1365.0,2.0,6.0,5.0,4.0,1.0,4.0,3.0,120.0,0.0,0.0,0.0,,
2005,1328.0,1.0,45.0,2.0,2.0,4.0,1.0,0.0,421.6666666666667,3.0,1.0,1700.0,2.0,9.0
2005,1328.0,2.0,39.0,2.0,2.0,4.0,1.0,0.0,421.6666666666667,3.0,2.0,30.0,2.0,
2005,1328.0,1.0,18.0,5.0,2.0,5.0,3.0,3.0,421.6666666666667,0.0,0.0,0.0,,
2005,1328.0,2.0,15.0,5.0,2.0,3.0,3.0,3.0,421.6666666666667,0.0,0.0,0.0,,
2005,1328.0,1.0,12.0,5.0,2.0,1.0,3.0,3.0,421.6666666666667,0.0,0.0,0.0,,
2005,1328.0,2.0,9.0,5.0,2.0,1.0,4.0,3.0,421.6666666666667,0.0,0.0,0.0,,
2005,1145.0,2.0,85.0,4.0,1.0,2.0,3.0,1.0,600.0,0.0,0.0,0.0,,
2005,2877.0,1.0,30.0,5.0,1.0,2.0,1.0,0.0,1410.0,3.0,1.0,960.0,2.0,6.0
2005,1238.0,1.0,56.0,2.0,1.0,1.0,1.0,0.0,580.0,3.0,1.0,900.0,2.0,5.0
2005,1238.0,2.0,54.0,2.0,1.0,1.0,1.0,0.0,580.0,3.0,2.0,140.0,2.0,
2005,1238.0,1.0,24.0,5.0,1.0,4.0,1.0,0.0,580.0,3.0,1.0,700.0,2.0,7.0
2005,1290.0,1.0,53.0,2.0,1.0,4.0,1.0,0.0,372.0,3.0,1.0,980.0,2.0,9.0
2005,1290.0,2.0,51.0,2.0,1.0,4.0,3.0,4.0,372.0,0.0,0.0,0.0,,
2005,1290.0,1.0,25.0,2.0,1.0,4.0,1.0,0.0,372.0,3.0,1.0,700.0,2.0,7.0
2005,1290.0,2.0,26.0,2.0,1.0,4.0,2.0,0.0,372.0,3.0,0.0,0.0,,
2005,1290.0,1.0,4.0,5.0,1.0,7.0,4.0,5.0,372.0,0.0,0.0,0.0,,
2005,1176.0,2.0,58.0,4.0,1.0,4.0,3.0,1.0,470.0,0.0,0.0,0.0,,
2005,1176.0,2.0,25.0,5.0,1.0,5.0,1.0,0.0,470.0,3.0,2.0,280.0,2.0,7.0
2005,1176.0,2.0,28.0,5.0,1.0,5.0,1.0,0.0,470.0,3.0,1.0,790.0,2.0,
2005,1385.0,1.0,27.0,2.0,1.0,2.0,1.0,0.0,225.0,3.0,1.0,450.0,2.0,4.0
2005,1385.0,2.0,37.0,2.0,1.0,5.0,3.0,4.0,225.0,0.0,0.0,0.0,,
2005,1748.0,1.0,59.0,2.0,1.0,2.0,1.0,0.0,200.0,3.0,1.0,600.0,2.0,
2005,1748.0,2.0,68.0,2.0,1.0,1.0,3.0,4.0,200.0,0.0,0.0,0.0,,
2005,1748.0,1.0,29.0,5.0,4.0,3.0,3.0,7.0,200.0,0.0,0.0,0.0,,
2005,1610.0,1.0,39.0,2.0,1.0,4.0,1.0,0.0,300.0,3.0,1.0,1200.0,2.0,6.0
2005,1610.0,2.0,39.0,2.0,1.0,5.0,3.0,4.0,300.0,0.0,0.0,0.0,,
2005,1610.0,1.0,17.0,5.0,1.0,3.0,3.0,3.0,300.0,0.0,0.0,0.0,,
2005,1610.0,1.0,11.0,5.0,1.0,1.0,3.0,3.0,300.0,0.0,0.0,0.0,,
2005,996.0,2.0,67.0,4.0,1.0,2.0,1.0,0.0,499.0,3.0,2.0,0.0,1.0,6.0
2005,1264.0,1.0,50.0,3.0,4.0,2.0,1.0,0.0,70.0,3.0,2.0,350.0,2.0,6.0
2005,1264.0,2.0,16.0,5.0,4.0,2.0,3.0,4.0,70.0,0.0,0.0,0.0,,
2005,1264.0,2.0,29.0,3.0,4.0,3.0,3.0,4.0,70.0,0.0,0.0,0.0,,
2005,1264.0,2.0,5.0,5.0,4.0,7.0,4.0,5.0,70.0,0.0,0.0,0.0,,
2005,1264.0,1.0,7.0,5.0,4.0,1.0,4.0,3.0,70.0,0.0,0.0,0.0,,
2005,1543.0,1.0,45.0,2.0,1.0,6.0,1.0,0.0,745.0,3.0,1.0,1500.0,2.0,10.0
2005,1543.0,2.0,45.0,2.0,1.0,6.0,1.0,0.0,745.0,3.0,1.0,680.0,1.0,9.0
2005,1543.0,2.0,20.0,5.0,1.0,5.0,1.0,0.0,745.0,3.0,1.0,800.0,2.0,11.0
2005,1543.0,2.0,16.0,5.0,1.0,3.0,3.0,3.0,745.0,0.0,0.0,0.0,,
2005,1663.0,1.0,49.0,2.0,4.0,1.0,1.0,0.0,212.5,2.0,0.0,150.0,2.0,1.0
2005,1663.0,2.0,44.0,2.0,4.0,2.0,1.0,0.0,212.5,3.0,2.0,100.0,2.0,
2005,1663.0,1.0,24.0,5.0,4.0,3.0,1.0,0.0,212.5,3.0,2.0,400.0,2.0,
2005,1663.0,2.0,23.0,5.0,4.0,3.0,1.0,0.0,212.5,3.0,2.0,200.0,2.0,
2005,1518.0,1.0,37.0,2.0,4.0,4.0,1.0,0.0,103.0,2.0,0.0,400.0,2.0,1.0
2005,1518.0,2.0,37.0,2.0,4.0,2.0,1.0,0.0,103.0,2.0,0.0,12.0,2.0,1.0
2005,1518.0,2.0,15.0,5.0,4.0,3.0,3.0,3.0,103.0,0.0,0.0,0.0,,
2005,1518.0,1.0,11.0,5.0,4.0,1.0,3.0,3.0,103.0,0.0,0.0,0.0,,
2005,1465.0,1.0,45.0,2.0,1.0,2.0,1.0,0.0,833.3333333333334,3.0,1.0,1000.0,1.0,12.0
2005,1465.0,2.0,43.0,2.0,1.0,4.0,1.0,0.0,833.3333333333334,3.0,1.0,1500.0,1.0,11.0
2005,1465.0,1.0,4.0,5.0,1.0,7.0,4.0,5.0,833.3333333333334,0.0,0.0,0.0,,
2005,1068.0,2.0,24.0,1.0,4.0,5.0,3.0,4.0,105.0,0.0,0.0,0.0,,
2005,1068.0,1.0,19.0,1.0,4.0,3.0,1.0,0.0,105.0,3.0,2.0,240.0,2.0,2.0
2005,1068.0,2.0,74.0,4.0,4.0,2.0,3.0,4.0,105.0,0.0,0.0,0.0,,
2005,1068.0,2.0,19.0,5.0,4.0,4.0,3.0,7.0,105.0,0.0,0.0,0.0,,
2005,1068.0,2.0,17.0,5.0,4.0,3.0,3.0,3.0,105.0,0.0,0.0,0.0,,
2005,1068.0,2.0,12.0,5.0,4.0,1.0,3.0,3.0,105.0,0.0,0.0,0.0,,
2005,1068.0,2.0,1.0,5.0,4.0,7.0,4.0,5.0,105.0,0.0,0.0,0.0,,
2005,1068.0,1.0,,5.0,4.0,7.0,4.0,5.0,105.0,0.0,0.0,0.0,,
2005,1198.0,2.0,52.0,4.0,1.0,2.0,3.0,1.0,137.5,0.0,0.0,0.0,,
2005,1198.0,1.0,35.0,5.0,4.0,2.0,2.0,0.0,137.5,3.0,0.0,0.0,,
2005,1198.0,2.0,18.0,5.0,1.0,1.0,3.0,4.0,137.5,0.0,0.0,0.0,,
2005,1198.0,2.0,,5.0,4.0,7.0,4.0,5.0,137.5,0.0,0.0,0.0,,
2005,1346.0,1.0,34.0,1.0,4.0,3.0,1.0,0.0,187.5,3.0,2.0,600.0,2.0,6.0
2005,1346.0,2.0,29.0,1.0,1.0,3.0,3.0,4.0,187.5,0.0,0.0,0.0,,
2005,1346.0,1.0,8.0,5.0,4.0,1.0,4.0,3.0,187.5,0.0,0.0,0.0,,
2005,1346.0,1.0,1.0,5.0,4.0,7.0,4.0,5.0,187.5,0.0,0.0,0.0,,
2005,1227.0,2.0,74.0,4.0,1.0,7.0,3.0,1.0,300.0,0.0,0.0,0.0,,
2005,1546.0,1.0,32.0,2.0,1.0,6.0,1.0,0.0,683.3333333333334,2.0,0.0,500.0,2.0,1.0
2005,1546.0,2.0,30.0,2.0,1.0,6.0,1.0,0.0,683.3333333333334,3.0,1.0,620.0,1.0,8.0
2005,1546.0,2.0,4.0,5.0,1.0,7.0,4.0,5.0,683.3333333333334,0.0,0.0,0.0,,
2005,2809.0,1.0,34.0,1.0,4.0,7.0,1.0,0.0,60.0,3.0,2.0,240.0,2.0,2.0
2005,2809.0,2.0,30.0,1.0,4.0,2.0,3.0,4.0,60.0,0.0,0.0,0.0,,
2005,2809.0,2.0,15.0,5.0,4.0,3.0,3.0,4.0,60.0,0.0,0.0,0.0,,
2005,2809.0,2.0,12.0,5.0,4.0,1.0,3.0,3.0,60.0,0.0,0.0,0.0,,
2005,2809.0,1.0,7.0,5.0,4.0,1.0,4.0,3.0,60.0,0.0,0.0,0.0,,
2005,2809.0,2.0,5.0,5.0,4.0,7.0,4.0,5.0,60.0,0.0,0.0,0.0,,
2005,2809.0,2.0,3.0,5.0,4.0,7.0,4.0,5.0,60.0,0.0,0.0,0.0,,
2005,2809.0,1.0,18.0,1.0,4.0,2.0,2.0,0.0,60.0,3.0,0.0,0.0,,
2005,2809.0,2.0,,5.0,4.0,7.0,4.0,5.0,60.0,0.0,0.0,0.0,,
2005,1696.0,1.0,42.0,1.0,4.0,3.0,1.0,0.0,214.0,3.0,2.0,600.0,2.0,2.0
2005,1696.0,2.0,30.0,1.0,4.0,1.0,3.0,4.0,214.0,0.0,0.0,0.0,,
2005,1696.0,1.0,13.0,5.0,4.0,3.0,3.0,3.0,214.0,0.0,0.0,0.0,,
2005,1696.0,2.0,7.0,5.0,4.0,1.0,4.0,3.0,214.0,0.0,0.0,0.0,,
2005,1696.0,1.0,27.0,5.0,4.0,2.0,1.0,0.0,214.0,3.0,2.0,320.0,2.0,2.0
2005,992.0,2.0,51.0,1.0,1.0,3.0,1.0,0.0,383.75,3.0,1.0,400.0,2.0,2.0
2005,992.0,1.0,52.0,1.0,1.0,4.0,1.0,0.0,383.75,3.0,1.0,750.0,2.0,1.0
2005,992.0,2.0,16.0,5.0,1.0,3.0,3.0,3.0,383.75,0.0,0.0,0.0,,
2005,992.0,2.0,11.0,5.0,1.0,1.0,3.0,3.0,383.75,0.0,0.0,0.0,,
2005,1211.0,2.0,61.0,4.0,1.0,4.0,3.0,1.0,200.0,0.0,0.0,0.0,,
2005,1375.0,2.0,56.0,3.0,4.0,2.0,1.0,0.0,500.0,3.0,2.0,250.0,2.0,
2005,1039.0,1.0,73.0,1.0,4.0,7.0,1.0,0.0,340.0,2.0,0.0,400.0,2.0,1.0
2005,1039.0,2.0,55.0,1.0,4.0,2.0,1.0,0.0,340.0,3.0,2.0,200.0,2.0,
2005,1144.0,1.0,68.0,2.0,1.0,2.0,3.0,1.0,466.6666666666667,0.0,0.0,0.0,,
2005,1144.0,2.0,68.0,2.0,1.0,2.0,3.0,4.0,466.6666666666667,0.0,0.0,0.0,,
2005,1144.0,2.0,35.0,5.0,1.0,4.0,1.0,0.0,466.6666666666667,3.0,1.0,800.0,2.0,6.0
2005,1284.0,1.0,31.0,1.0,4.0,2.0,1.0,0.0,91.66666666666667,2.0,0.0,400.0,2.0,1.0
2005,1284.0,2.0,27.0,1.0,4.0,2.0,3.0,4.0,91.66666666666667,0.0,0.0,0.0,,
2005,1284.0,1.0,13.0,5.0,4.0,3.0,3.0,3.0,91.66666666666667,0.0,0.0,0.0,,
2005,1284.0,1.0,11.0,5.0,4.0,1.0,3.0,3.0,91.66666666666667,0.0,0.0,0.0,,
2005,1284.0,1.0,9.0,5.0,4.0,1.0,4.0,3.0,91.66666666666667,0.0,0.0,0.0,,
2005,1284.0,2.0,1.0,5.0,4.0,7.0,4.0,5.0,91.66666666666667,0.0,0.0,0.0,,
2005,1084.0,2.0,78.0,4.0,1.0,3.0,3.0,1.0,1100.0,0.0,0.0,0.0,,
2005,2103.0,1.0,48.0,1.0,1.0,5.0,1.0,0.0,1850.0,3.0,1.0,2200.0,1.0,7.0
2005,2103.0,2.0,50.0,1.0,1.0,6.0,1.0,0.0,1850.0,2.0,0.0,300.0,2.0,2.0
2005,1652.0,1.0,29.0,1.0,4.0,4.0,1.0,0.0,475.0,3.0,2.0,800.0,2.0,2.0
2005,1652.0,2.0,27.0,1.0,4.0,4.0,1.0,0.0,475.0,3.0,2.0,0.0,2.0,6.0
2005,2017.0,1.0,37.0,2.0,4.0,1.0,2.0,0.0,125.0,3.0,0.0,0.0,,
2005,2017.0,2.0,34.0,2.0,4.0,2.0,1.0,0.0,125.0,3.0,2.0,500.0,2.0,
2005,2017.0,1.0,15.0,5.0,4.0,3.0,3.0,3.0,125.0,0.0,0.0,0.0,,
2005,2017.0,2.0,10.0,5.0,4.0,1.0,3.0,3.0,125.0,0.0,0.0,0.0,,
2005,1129.0,1.0,40.0,1.0,1.0,6.0,1.0,0.0,550.0,3.0,1.0,1500.0,2.0,12.0
2005,1129.0,2.0,33.0,1.0,1.0,6.0,3.0,4.0,550.0,0.0,0.0,0.0,,
2005,1129.0,1.0,5.0,5.0,1.0,7.0,4.0,5.0,550.0,0.0,0.0,0.0,,
2005,1129.0,2.0,2.0,5.0,1.0,7.0,4.0,5.0,550.0,0.0,0.0,0.0,,
2005,839.0,2.0,50.0,2.0,1.0,3.0,3.0,7.0,250.0,0.0,0.0,0.0,,
2005,839.0,1.0,50.0,2.0,1.0,3.0,1.0,0.0,250.0,3.0,1.0,1000.0,2.0,9.0
2005,839.0,2.0,22.0,5.0,4.0,5.0,2.0,0.0,250.0,3.0,0.0,0.0,,
2005,839.0,1.0,16.0,5.0,1.0,3.0,3.0,3.0,250.0,0.0,0.0,0.0,,
2005,839.0,2.0,9.0,5.0,1.0,1.0,4.0,3.0,250.0,0.0,0.0,0.0,,
2005,839.0,2.0,9.0,5.0,1.0,1.0,4.0,3.0,250.0,0.0,0.0,0.0,,
2005,1190.0,2.0,93.0,4.0,1.0,2.0,3.0,1.0,1000.0,0.0,0.0,0.0,,
2005,2372.0,1.0,45.0,3.0,1.0,5.0,1.0,0.0,2500.0,3.0,1.0,1700.0,1.0,9.0
2005,1038.0,1.0,59.0,2.0,2.0,5.0,3.0,7.0,1000.0,0.0,0.0,0.0,,
2005,1038.0,2.0,64.0,2.0,2.0,5.0,3.0,4.0,1000.0,0.0,0.0,0.0,,
2005,1149.0,1.0,35.0,2.0,1.0,4.0,1.0,0.0,740.6666666666666,2.0,0.0,1500.0,2.0,1.0
2005,1149.0,2.0,35.0,2.0,1.0,6.0,1.0,0.0,740.6666666666666,3.0,1.0,612.0,1.0,9.0
2005,1149.0,2.0,9.0,5.0,1.0,1.0,4.0,3.0,740.6666666666666,0.0,0.0,0.0,,
2005,1066.0,2.0,59.0,4.0,2.0,4.0,3.0,2.0,75.0,0.0,0.0,0.0,,
2005,1066.0,2.0,21.0,5.0,4.0,5.0,1.0,0.0,75.0,4.0,0.0,0.0,2.0,2.0
2005,1234.0,1.0,66.0,4.0,1.0,2.0,3.0,1.0,840.0,0.0,0.0,0.0,,
2005,1234.0,1.0,47.0,5.0,1.0,2.0,1.0,0.0,840.0,3.0,1.0,1350.0,2.0,
2005,1009.0,2.0,57.0,3.0,4.0,3.0,1.0,0.0,600.0,1.0,0.0,600.0,2.0,2.0
2005,990.0,1.0,67.0,2.0,1.0,2.0,3.0,1.0,225.0,0.0,0.0,0.0,,
2005,990.0,2.0,63.0,2.0,1.0,1.0,3.0,4.0,225.0,0.0,0.0,0.0,,
2005,990.0,2.0,38.0,3.0,1.0,2.0,1.0,0.0,225.0,3.0,1.0,400.0,2.0,
2005,990.0,2.0,26.0,5.0,1.0,3.0,1.0,0.0,225.0,3.0,1.0,500.0,2.0,
2005,990.0,2.0,20.0,5.0,1.0,3.0,1.0,0.0,225.0,3.0,1.0,500.0,2.0,
2005,990.0,2.0,19.0,5.0,1.0,2.0,1.0,0.0,225.0,3.0,1.0,500.0,2.0,
2005,990.0,2.0,16.0,5.0,4.0,3.0,1.0,0.0,225.0,3.0,2.0,300.0,2.0,
2005,990.0,1.0,14.0,5.0,1.0,1.0,3.0,3.0,225.0,0.0,0.0,0.0,,
2005,990.0,1.0,10.0,5.0,1.0,1.0,3.0,3.0,225.0,0.0,0.0,0.0,,
2005,990.0,1.0,6.0,5.0,1.0,1.0,4.0,3.0,225.0,0.0,0.0,0.0,,
2005,990.0,2.0,2.0,5.0,1.0,7.0,4.0,5.0,225.0,0.0,0.0,0.0,,
2005,990.0,2.0,,5.0,1.0,7.0,4.0,5.0,225.0,0.0,0.0,0.0,,
2005,1099.0,1.0,23.0,1.0,4.0,4.0,1.0,0.0,366.6666666666667,3.0,2.0,600.0,2.0,7.0
2005,1099.0,2.0,21.0,1.0,4.0,3.0,1.0,0.0,366.6666666666667,3.0,2.0,500.0,2.0,7.0
2005,1099.0,2.0,1.0,5.0,4.0,7.0,4.0,5.0,366.6666666666667,0.0,0.0,0.0,,
2005,1362.0,1.0,40.0,2.0,4.0,2.0,1.0,0.0,150.0,3.0,2.0,600.0,2.0,5.0
2005,1362.0,2.0,25.0,2.0,4.0,3.0,3.0,4.0,150.0,0.0,0.0,0.0,,
2005,1362.0,1.0,7.0,5.0,4.0,1.0,4.0,3.0,150.0,0.0,0.0,0.0,,
2005,1362.0,2.0,1.0,5.0,4.0,7.0,4.0,5.0,150.0,0.0,0.0,0.0,,
2005,1289.0,1.0,32.0,1.0,2.0,5.0,1.0,0.0,500.0,2.0,0.0,1000.0,2.0,1.0
2005,1289.0,2.0,40.0,1.0,2.0,6.0,3.0,4.0,500.0,0.0,0.0,0.0,,
2005,1141.0,1.0,31.0,1.0,4.0,2.0,1.0,0.0,91.66666666666667,2.0,0.0,400.0,2.0,1.0
2005,1141.0,2.0,29.0,1.0,4.0,3.0,3.0,4.0,91.66666666666667,0.0,0.0,0.0,,
2005,1141.0,2.0,7.0,5.0,4.0,1.0,4.0,3.0,91.66666666666667,0.0,0.0,0.0,,
2005,1141.0,2.0,5.0,5.0,4.0,7.0,4.0,5.0,91.66666666666667,0.0,0.0,0.0,,
2005,1141.0,2.0,2.0,5.0,4.0,7.0,4.0,5.0,91.66666666666667,0.0,0.0,0.0,,
2005,1141.0,2.0,1.0,5.0,4.0,7.0,4.0,5.0,91.66666666666667,0.0,0.0,0.0,,
2005,1107.0,1.0,72.0,2.0,4.0,3.0,1.0,0.0,360.0,2.0,0.0,700.0,2.0,1.0
2005,1107.0,2.0,76.0,2.0,4.0,2.0,3.0,4.0,360.0,0.0,0.0,0.0,,
2005,1107.0,2.0,44.0,3.0,1.0,4.0,1.0,0.0,360.0,3.0,1.0,700.0,2.0,6.0
2005,1107.0,1.0,17.0,5.0,1.0,3.0,1.0,0.0,360.0,3.0,2.0,400.0,2.0,6.0
2005,1107.0,1.0,11.0,5.0,1.0,1.0,3.0,3.0,360.0,0.0,0.0,0.0,,
2005,1317.0,1.0,42.0,2.0,4.0,3.0,2.0,0.0,37.5,2.0,0.0,0.0,,
2005,1317.0,2.0,38.0,2.0,4.0,3.0,2.0,0.0,37.5,3.0,0.0,0.0,,
2005,1317.0,1.0,16.0,5.0,4.0,3.0,3.0,3.0,37.5,0.0,0.0,0.0,,
2005,1317.0,2.0,13.0,5.0,4.0,3.0,3.0,3.0,37.5,0.0,0.0,0.0,,
2005,1237.0,1.0,61.0,2.0,1.0,2.0,1.0,0.0,533.0,3.0,1.0,1200.0,2.0,11.0
2005,1237.0,2.0,59.0,2.0,1.0,2.0,3.0,4.0,533.0,0.0,0.0,0.0,,
2005,1237.0,2.0,29.0,5.0,1.0,6.0,1.0,0.0,533.0,3.0,1.0,665.0,1.0,7.0
2005,1237.0,1.0,24.0,5.0,1.0,5.0,3.0,3.0,533.0,0.0,0.0,0.0,,
2005,1237.0,1.0,23.0,5.0,1.0,4.0,2.0,0.0,533.0,3.0,0.0,0.0,,
2005,1396.0,1.0,26.0,2.0,1.0,2.0,1.0,0.0,333.3333333333333,3.0,1.0,1000.0,1.0,12.0
2005,1396.0,2.0,27.0,2.0,1.0,4.0,3.0,4.0,333.3333333333333,0.0,0.0,0.0,,
2005,1396.0,1.0,3.0,5.0,1.0,7.0,4.0,5.0,333.3333333333333,0.0,0.0,0.0,,
2005,1392.0,2.0,74.0,3.0,4.0,1.0,1.0,0.0,379.0,3.0,2.0,46.0,2.0,
2005,1205.0,1.0,52.0,3.0,4.0,2.0,1.0,0.0,150.0,3.0,2.0,0.0,2.0,9.0
2005,1356.0,2.0,48.0,3.0,1.0,5.0,1.0,0.0,875.3333333333334,3.0,1.0,726.0,1.0,9.0
2005,1356.0,2.0,20.0,5.0,1.0,5.0,2.0,0.0,875.3333333333334,2.0,0.0,0.0,,
2005,1356.0,2.0,22.0,5.0,1.0,5.0,1.0,0.0,875.3333333333334,3.0,2.0,600.0,2.0,
2005,1515.0,1.0,77.0,4.0,1.0,1.0,3.0,1.0,281.3333333333333,0.0,0.0,0.0,,
2005,1515.0,2.0,40.0,5.0,4.0,2.0,3.0,4.0,281.3333333333333,0.0,0.0,0.0,,
2005,1515.0,1.0,18.0,5.0,4.0,3.0,2.0,0.0,281.3333333333333,2.0,0.0,0.0,,
2005,1213.0,1.0,65.0,2.0,1.0,2.0,1.0,0.0,308.3333333333333,3.0,1.0,1500.0,1.0,10.0
2005,1213.0,2.0,65.0,2.0,1.0,2.0,1.0,0.0,308.3333333333333,3.0,2.0,240.0,2.0,
2005,1213.0,1.0,26.0,5.0,4.0,3.0,3.0,7.0,308.3333333333333,0.0,0.0,0.0,,
2005,1213.0,2.0,31.0,5.0,4.0,5.0,2.0,0.0,308.3333333333333,3.0,0.0,0.0,,
2005,1213.0,1.0,4.0,5.0,4.0,7.0,4.0,5.0,308.3333333333333,0.0,0.0,0.0,,
2005,1213.0,1.0,2.0,5.0,4.0,7.0,4.0,5.0,308.3333333333333,0.0,0.0,0.0,,
2005,1542.0,1.0,44.0,5.0,4.0,2.0,1.0,0.0,235.0,2.0,0.0,720.0,2.0,1.0
2005,1542.0,2.0,19.0,5.0,4.0,3.0,1.0,0.0,235.0,3.0,2.0,80.0,2.0,
2005,1542.0,2.0,19.0,5.0,4.0,3.0,1.0,0.0,235.0,3.0,2.0,140.0,2.0,
2005,1542.0,1.0,1.0,5.0,4.0,7.0,4.0,5.0,235.0,0.0,0.0,0.0,,
2005,1146.0,2.0,41.0,3.0,4.0,4.0,1.0,0.0,235.0,3.0,2.0,470.0,2.0,2.0
2005,1146.0,1.0,14.0,5.0,4.0,3.0,3.0,3.0,235.0,0.0,0.0,0.0,,
2005,985.0,1.0,52.0,1.0,4.0,1.0,2.0,0.0,125.0,3.0,0.0,0.0,,
2005,985.0,2.0,48.0,1.0,4.0,2.0,1.0,0.0,125.0,3.0,2.0,150.0,1.0,6.0
2005,985.0,2.0,9.0,5.0,4.0,1.0,4.0,3.0,125.0,0.0,0.0,0.0,,
2005,985.0,1.0,6.0,5.0,4.0,1.0,4.0,3.0,125.0,0.0,0.0,0.0,,
2005,1351.0,1.0,49.0,2.0,1.0,4.0,1.0,0.0,3612.5,3.0,1.0,5700.0,1.0,12.0
2005,1351.0,2.0,38.0,2.0,1.0,5.0,1.0,0.0,3612.5,3.0,1.0,1500.0,1.0,12.0
2005,1351.0,2.0,14.0,5.0,1.0,3.0,3.0,3.0,3612.5,0.0,0.0,0.0,,
2005,1351.0,1.0,10.0,5.0,1.0,1.0,3.0,3.0,3612.5,0.0,0.0,0.0,,
2005,1016.0,1.0,51.0,2.0,4.0,2.0,1.0,0.0,75.71428571428571,2.0,0.0,350.0,2.0,1.0
2005,1016.0,2.0,45.0,2.0,4.0,4.0,1.0,0.0,75.71428571428571,3.0,2.0,180.0,2.0,
2005,1016.0,1.0,27.0,1.0,4.0,2.0,3.0,7.0,75.71428571428571,0.0,0.0,0.0,,
2005,1016.0,2.0,24.0,1.0,4.0,2.0,3.0,4.0,75.71428571428571,0.0,0.0,0.0,,
2005,1016.0,2.0,5.0,5.0,4.0,7.0,4.0,5.0,75.71428571428571,0.0,0.0,0.0,,
2005,1016.0,2.0,4.0,5.0,4.0,7.0,4.0,5.0,75.71428571428571,0.0,0.0,0.0,,
2005,1016.0,2.0,,5.0,4.0,7.0,4.0,5.0,75.71428571428571,0.0,0.0,0.0,,
2005,1288.0,1.0,40.0,2.0,1.0,5.0,1.0,0.0,1300.0,3.0,2.0,1500.0,2.0,3.0
2005,1288.0,2.0,30.0,2.0,1.0,6.0,1.0,0.0,1300.0,3.0,1.0,800.0,1.0,8.0
2005,1150.0,2.0,58.0,4.0,4.0,2.0,1.0,0.0,300.0,3.0,2.0,600.0,2.0,
2005,1150.0,2.0,19.0,5.0,4.0,3.0,2.0,0.0,300.0,0.0,0.0,0.0,,
2005,1150.0,1.0,24.0,5.0,4.0,1.0,3.0,6.0,300.0,0.0,0.0,0.0,,
2005,956.0,1.0,82.0,2.0,1.0,2.0,3.0,1.0,300.0,0.0,0.0,0.0,,
2005,956.0,2.0,85.0,2.0,1.0,2.0,3.0,4.0,300.0,0.0,0.0,0.0,,
2005,1160.0,1.0,50.0,2.0,4.0,3.0,1.0,0.0,259.5,2.0,0.0,800.0,2.0,2.0
2005,1160.0,2.0,44.0,2.0,4.0,6.0,1.0,0.0,259.5,2.0,0.0,200.0,2.0,1.0
2005,1160.0,2.0,18.0,5.0,4.0,3.0,3.0,3.0,259.5,0.0,0.0,0.0,,
2005,1160.0,1.0,14.0,5.0,4.0,3.0,3.0,3.0,259.5,0.0,0.0,0.0,,
2005,1186.0,2.0,32.0,1.0,4.0,4.0,1.0,0.0,175.0,3.0,2.0,150.0,1.0,7.0
2005,1186.0,1.0,31.0,1.0,1.0,3.0,1.0,0.0,175.0,3.0,1.0,550.0,2.0,9.0
2005,1186.0,1.0,7.0,5.0,4.0,1.0,4.0,3.0,175.0,0.0,0.0,0.0,,
2005,1186.0,2.0,5.0,5.0,4.0,7.0,4.0,5.0,175.0,0.0,0.0,0.0,,
2005,1185.0,2.0,77.0,4.0,1.0,1.0,3.0,1.0,280.0,0.0,0.0,0.0,,
2005,1173.0,2.0,40.0,1.0,4.0,5.0,3.0,4.0,0.0,0.0,0.0,0.0,,
2005,1173.0,1.0,40.0,1.0,4.0,5.0,3.0,7.0,0.0,0.0,0.0,0.0,,
2005,1173.0,2.0,3.0,5.0,4.0,7.0,4.0,5.0,0.0,0.0,0.0,0.0,,
2005,1173.0,1.0,,5.0,4.0,7.0,4.0,5.0,0.0,0.0,0.0,0.0,,
2005,1109.0,2.0,73.0,4.0,1.0,3.0,3.0,1.0,569.0,0.0,0.0,0.0,,
2005,1156.0,1.0,36.0,2.0,1.0,5.0,1.0,0.0,625.0,3.0,1.0,1200.0,2.0,11.0
2005,1156.0,2.0,33.0,2.0,1.0,6.0,3.0,4.0,625.0,0.0,0.0,0.0,,
2005,1156.0,2.0,3.0,5.0,1.0,7.0,4.0,5.0,625.0,0.0,0.0,0.0,,
2005,1156.0,2.0,2.0,5.0,1.0,7.0,4.0,5.0,625.0,0.0,0.0,0.0,,
2005,1355.0,1.0,71.0,4.0,1.0,1.0,3.0,1.0,685.0,0.0,0.0,0.0,,
2005,1355.0,1.0,34.0,5.0,4.0,1.0,1.0,0.0,685.0,3.0,2.0,990.0,2.0,
2005,1186.0,2.0,73.0,4.0,1.0,4.0,3.0,1.0,673.3333333333334,0.0,0.0,0.0,,
2005,1186.0,1.0,39.0,3.0,1.0,4.0,1.0,0.0,673.3333333333334,3.0,1.0,1200.0,2.0,12.0
2005,1186.0,2.0,14.0,5.0,1.0,3.0,3.0,3.0,673.3333333333334,0.0,0.0,0.0,,
2005,1276.0,1.0,45.0,1.0,1.0,2.0,1.0,0.0,1525.0,3.0,1.0,1550.0,2.0,10.0
2005,1276.0,2.0,33.0,1.0,1.0,6.0,1.0,0.0,1525.0,3.0,1.0,850.0,2.0,5.0
2005,1633.0,1.0,35.0,2.0,1.0,4.0,1.0,0.0,500.0,3.0,1.0,1000.0,2.0,11.0
2005,1633.0,2.0,38.0,2.0,1.0,2.0,1.0,0.0,500.0,3.0,2.0,500.0,2.0,4.0
2005,1633.0,2.0,18.0,5.0,1.0,4.0,2.0,0.0,500.0,3.0,0.0,0.0,,
2005,1633.0,2.0,9.0,5.0,1.0,1.0,4.0,3.0,500.0,0.0,0.0,0.0,,
2005,1113.0,2.0,26.0,5.0,4.0,3.0,1.0,0.0,383.3333333333333,3.0,2.0,1000.0,2.0,7.0
2005,1113.0,1.0,10.0,5.0,4.0,1.0,3.0,3.0,383.3333333333333,0.0,0.0,0.0,,
2005,1113.0,1.0,7.0,5.0,4.0,1.0,4.0,3.0,383.3333333333333,0.0,0.0,0.0,,
2005,1135.0,2.0,42.0,5.0,4.0,5.0,1.0,0.0,212.5,2.0,0.0,400.0,2.0,1.0
2005,1135.0,2.0,18.0,5.0,4.0,4.0,1.0,0.0,212.5,3.0,2.0,0.0,2.0,5.0
2005,1135.0,1.0,17.0,5.0,4.0,3.0,3.0,3.0,212.5,0.0,0.0,0.0,,
2005,1135.0,2.0,10.0,5.0,4.0,1.0,3.0,3.0,212.5,0.0,0.0,0.0,,
2005,1226.0,2.0,54.0,3.0,4.0,2.0,1.0,0.0,450.0,3.0,2.0,450.0,2.0,
2005,1039.0,2.0,86.0,4.0,1.0,2.0,3.0,1.0,1116.6666666666667,0.0,0.0,0.0,,
2005,1039.0,2.0,50.0,1.0,1.0,6.0,1.0,0.0,1116.6666666666667,3.0,1.0,1500.0,1.0,10.0
2005,1039.0,1.0,54.0,1.0,1.0,6.0,1.0,0.0,1116.6666666666667,2.0,0.0,1500.0,2.0,3.0
2005,1472.0,1.0,35.0,2.0,4.0,2.0,1.0,0.0,250.0,3.0,2.0,800.0,2.0,5.0
2005,1472.0,2.0,31.0,2.0,4.0,2.0,1.0,0.0,250.0,3.0,2.0,200.0,2.0,
2005,1472.0,2.0,10.0,5.0,4.0,1.0,3.0,3.0,250.0,0.0,0.0,0.0,,
2005,1472.0,1.0,9.0,5.0,4.0,1.0,4.0,3.0,250.0,0.0,0.0,0.0,,
2005,1009.0,1.0,32.0,1.0,4.0,1.0,1.0,0.0,87.5,3.0,1.0,700.0,2.0,11.0
2005,1009.0,2.0,27.0,1.0,4.0,2.0,3.0,4.0,87.5,0.0,0.0,0.0,,
2005,1009.0,2.0,11.0,5.0,4.0,1.0,3.0,3.0,87.5,0.0,0.0,0.0,,
2005,1009.0,1.0,10.0,5.0,4.0,1.0,3.0,3.0,87.5,0.0,0.0,0.0,,
2005,1009.0,1.0,9.0,5.0,4.0,1.0,4.0,3.0,87.5,0.0,0.0,0.0,,
2005,1009.0,1.0,7.0,5.0,4.0,1.0,4.0,3.0,87.5,0.0,0.0,0.0,,
2005,1009.0,1.0,4.0,5.0,4.0,7.0,4.0,5.0,87.5,0.0,0.0,0.0,,
2005,1009.0,1.0,2.0,5.0,4.0,7.0,4.0,5.0,87.5,0.0,0.0,0.0,,
2005,4768.0,2.0,32.0,3.0,2.0,5.0,3.0,3.0,750.0,0.0,0.0,0.0,,
2005,4768.0,2.0,7.0,5.0,2.0,1.0,4.0,3.0,750.0,0.0,0.0,0.0,,
2005,1161.0,1.0,31.0,1.0,4.0,3.0,2.0,0.0,40.0,3.0,0.0,0.0,,
2005,1161.0,2.0,30.0,1.0,4.0,4.0,3.0,4.0,40.0,0.0,0.0,0.0,,
2005,1161.0,1.0,11.0,5.0,4.0,1.0,3.0,3.0,40.0,0.0,0.0,0.0,,
2005,1161.0,1.0,7.0,5.0,4.0,1.0,4.0,3.0,40.0,0.0,0.0,0.0,,
2005,1161.0,2.0,8.0,5.0,4.0,1.0,4.0,3.0,40.0,0.0,0.0,0.0,,
2005,1106.0,1.0,54.0,2.0,2.0,3.0,1.0,0.0,650.0,1.0,0.0,1300.0,2.0,2.0
2005,1106.0,2.0,48.0,2.0,2.0,2.0,3.0,4.0,650.0,0.0,0.0,0.0,,
2005,1880.0,1.0,55.0,4.0,1.0,2.0,1.0,0.0,255.55555555555554,3.0,1.0,600.0,1.0,
2005,1880.0,2.0,34.0,3.0,1.0,2.0,1.0,0.0,255.55555555555554,3.0,1.0,600.0,2.0,6.0
2005,1880.0,1.0,22.0,5.0,4.0,4.0,1.0,0.0,255.55555555555554,3.0,2.0,500.0,1.0,6.0
2005,1880.0,1.0,20.0,5.0,4.0,4.0,1.0,0.0,255.55555555555554,3.0,2.0,0.0,2.0,2.0
2005,1880.0,2.0,17.0,5.0,1.0,3.0,3.0,3.0,255.55555555555554,0.0,0.0,0.0,,
2005,1880.0,2.0,17.0,5.0,1.0,3.0,3.0,3.0,255.55555555555554,0.0,0.0,0.0,,
2005,1880.0,2.0,15.0,5.0,1.0,3.0,3.0,3.0,255.55555555555554,0.0,0.0,0.0,,
2005,1880.0,2.0,10.0,5.0,1.0,1.0,3.0,3.0,255.55555555555554,0.0,0.0,0.0,,
2005,1880.0,2.0,11.0,5.0,1.0,1.0,3.0,3.0,255.55555555555554,0.0,0.0,0.0,,
2005,1293.0,1.0,35.0,2.0,1.0,5.0,1.0,0.0,400.0,3.0,1.0,1500.0,2.0,9.0
2005,1293.0,2.0,34.0,2.0,1.0,3.0,2.0,0.0,400.0,3.0,0.0,0.0,,
2005,1293.0,2.0,14.0,5.0,1.0,3.0,3.0,3.0,400.0,0.0,0.0,0.0,,
2005,1293.0,1.0,4.0,5.0,1.0,7.0,4.0,5.0,400.0,0.0,0.0,0.0,,
2005,1006.0,1.0,82.0,2.0,1.0,2.0,3.0,1.0,510.0,0.0,0.0,0.0,,
2005,1006.0,2.0,77.0,2.0,1.0,2.0,3.0,1.0,510.0,0.0,0.0,0.0,,
2005,1234.0,1.0,59.0,2.0,2.0,4.0,1.0,0.0,250.0,2.0,0.0,150.0,2.0,2.0
2005,1234.0,2.0,56.0,2.0,2.0,4.0,1.0,0.0,250.0,2.0,0.0,150.0,2.0,2.0
2005,1234.0,2.0,30.0,5.0,1.0,5.0,1.0,0.0,250.0,3.0,1.0,700.0,1.0,11.0
2005,1234.0,1.0,26.0,5.0,2.0,4.0,2.0,0.0,250.0,2.0,0.0,0.0,,
2005,1500.0,1.0,63.0,2.0,4.0,2.0,3.0,6.0,116.66666666666667,0.0,0.0,0.0,,
2005,1500.0,2.0,66.0,2.0,4.0,2.0,1.0,0.0,116.66666666666667,3.0,2.0,150.0,1.0,6.0
2005,1500.0,1.0,74.0,5.0,1.0,2.0,3.0,1.0,116.66666666666667,0.0,0.0,0.0,,
2005,1528.0,1.0,27.0,1.0,4.0,3.0,1.0,0.0,355.0,2.0,0.0,360.0,2.0,2.0
2005,1528.0,2.0,19.0,1.0,4.0,3.0,1.0,0.0,355.0,2.0,0.0,350.0,2.0,2.0
2005,1126.0,1.0,66.0,2.0,12.0,2.0,3.0,1.0,354.0,0.0,0.0,0.0,,
2005,1126.0,2.0,64.0,2.0,12.0,2.0,3.0,4.0,354.0,0.0,0.0,0.0,,
2005,2090.0,1.0,27.0,1.0,1.0,2.0,1.0,0.0,266.6666666666667,3.0,1.0,800.0,2.0,11.0
2005,2090.0,2.0,30.0,1.0,1.0,2.0,3.0,4.0,266.6666666666667,0.0,0.0,0.0,,
2005,2090.0,1.0,2.0,5.0,1.0,7.0,4.0,5.0,266.6666666666667,0.0,0.0,0.0,,
2005,1078.0,1.0,64.0,2.0,4.0,3.0,1.0,0.0,450.0,2.0,0.0,750.0,2.0,1.0
2005,1078.0,2.0,59.0,2.0,4.0,1.0,3.0,4.0,450.0,0.0,0.0,0.0,,
2005,1078.0,1.0,38.0,3.0,4.0,5.0,1.0,0.0,450.0,2.0,0.0,600.0,2.0,1.0
2005,1437.0,1.0,50.0,3.0,1.0,6.0,1.0,0.0,1316.6666666666667,3.0,1.0,1400.0,1.0,7.0
2005,1437.0,2.0,20.0,5.0,1.0,5.0,1.0,0.0,1316.6666666666667,3.0,1.0,350.0,1.0,7.0
2005,1437.0,2.0,17.0,5.0,1.0,3.0,3.0,3.0,1316.6666666666667,0.0,0.0,0.0,,
2005,1082.0,2.0,70.0,1.0,1.0,2.0,3.0,1.0,300.0,0.0,0.0,0.0,,
2005,904.0,1.0,72.0,2.0,12.0,4.0,3.0,1.0,383.3333333333333,0.0,0.0,0.0,,
2005,904.0,2.0,66.0,2.0,2.0,4.0,3.0,1.0,383.3333333333333,0.0,0.0,0.0,,
2005,904.0,2.0,86.0,4.0,1.0,2.0,3.0,1.0,383.3333333333333,0.0,0.0,0.0,,
2005,1054.0,1.0,71.0,2.0,1.0,3.0,3.0,1.0,410.0,0.0,0.0,0.0,,
2005,1054.0,2.0,66.0,2.0,1.0,4.0,3.0,1.0,410.0,0.0,0.0,0.0,,
2005,1405.0,1.0,53.0,2.0,1.0,2.0,1.0,0.0,372.5,3.0,1.0,990.0,2.0,11.0
2005,1405.0,2.0,49.0,2.0,1.0,2.0,2.0,0.0,372.5,3.0,0.0,0.0,,
2005,1405.0,2.0,22.0,5.0,4.0,4.0,3.0,4.0,372.5,0.0,0.0,0.0,,
2005,1405.0,2.0,14.0,5.0,1.0,3.0,3.0,3.0,372.5,0.0,0.0,0.0,,
2005,1235.0,2.0,72.0,4.0,1.0,2.0,1.0,0.0,330.0,2.0,0.0,300.0,2.0,1.0
2005,1235.0,1.0,32.0,5.0,4.0,4.0,1.0,0.0,330.0,2.0,0.0,60.0,2.0,1.0
2005,1553.0,1.0,48.0,2.0,4.0,4.0,1.0,0.0,180.0,3.0,1.0,600.0,2.0,
2005,1553.0,2.0,43.0,2.0,4.0,1.0,3.0,4.0,180.0,0.0,0.0,0.0,,
2005,1553.0,1.0,12.0,5.0,4.0,1.0,3.0,3.0,180.0,0.0,0.0,0.0,,
2005,1553.0,2.0,17.0,5.0,4.0,4.0,2.0,0.0,180.0,0.0,0.0,0.0,,
2005,1553.0,2.0,20.0,5.0,4.0,4.0,1.0,0.0,180.0,3.0,2.0,300.0,2.0,5.0
2005,1024.0,1.0,77.0,2.0,1.0,2.0,3.0,1.0,200.0,0.0,0.0,0.0,,
2005,1024.0,2.0,69.0,2.0,1.0,3.0,3.0,4.0,200.0,0.0,0.0,0.0,,
2005,1666.0,1.0,34.0,5.0,4.0,6.0,1.0,0.0,1100.0,2.0,0.0,1100.0,2.0,1.0
2005,1357.0,1.0,42.0,2.0,4.0,3.0,1.0,0.0,180.0,1.0,0.0,500.0,2.0,2.0
2005,1357.0,2.0,40.0,2.0,4.0,2.0,1.0,0.0,180.0,1.0,0.0,500.0,2.0,2.0
2005,1357.0,2.0,20.0,5.0,4.0,3.0,2.0,0.0,180.0,3.0,0.0,0.0,,
2005,1357.0,1.0,15.0,5.0,4.0,3.0,1.0,0.0,180.0,3.0,2.0,80.0,2.0,2.0
2005,1357.0,1.0,9.0,5.0,4.0,1.0,4.0,3.0,180.0,0.0,0.0,0.0,,
2005,1357.0,1.0,,5.0,4.0,7.0,4.0,5.0,180.0,0.0,0.0,0.0,,
2005,1485.0,1.0,47.0,2.0,1.0,4.0,1.0,0.0,350.0,3.0,1.0,1400.0,2.0,12.0
2005,1485.0,2.0,51.0,2.0,1.0,2.0,3.0,4.0,350.0,0.0,0.0,0.0,,
2005,1485.0,1.0,17.0,5.0,1.0,3.0,3.0,3.0,350.0,0.0,0.0,0.0,,
2005,1485.0,1.0,13.0,5.0,1.0,3.0,3.0,3.0,350.0,0.0,0.0,0.0,,
2005,1147.0,2.0,54.0,2.0,1.0,2.0,1.0,0.0,786.6666666666666,3.0,1.0,1400.0,2.0,
2005,1147.0,1.0,65.0,2.0,1.0,4.0,3.0,7.0,786.6666666666666,0.0,0.0,0.0,,
2005,1147.0,2.0,28.0,5.0,1.0,4.0,1.0,0.0,786.6666666666666,3.0,1.0,960.0,2.0,
2005,1163.0,2.0,70.0,4.0,1.0,1.0,3.0,4.0,233.33333333333334,0.0,0.0,0.0,,
2005,1163.0,1.0,36.0,2.0,1.0,3.0,1.0,0.0,233.33333333333334,3.0,1.0,700.0,2.0,
2005,1163.0,2.0,29.0,2.0,1.0,6.0,3.0,7.0,233.33333333333334,0.0,0.0,0.0,,
2005,1181.0,2.0,73.0,4.0,1.0,1.0,3.0,1.0,850.0,0.0,0.0,0.0,,
2005,1121.0,1.0,60.0,2.0,4.0,2.0,1.0,0.0,175.0,3.0,2.0,250.0,2.0,5.0
2005,1121.0,2.0,58.0,2.0,4.0,3.0,1.0,0.0,175.0,2.0,0.0,100.0,2.0,1.0
2005,1194.0,2.0,50.0,1.0,4.0,3.0,1.0,0.0,429.0,3.0,2.0,272.0,2.0,
2005,1194.0,1.0,37.0,1.0,4.0,2.0,1.0,0.0,429.0,3.0,2.0,450.0,2.0,
2005,1219.0,1.0,64.0,2.0,2.0,3.0,1.0,0.0,150.83333333333334,3.0,2.0,185.0,2.0,1.0
2005,1219.0,2.0,64.0,2.0,2.0,2.0,3.0,4.0,150.83333333333334,0.0,0.0,0.0,,
2005,1219.0,1.0,43.0,2.0,4.0,2.0,1.0,0.0,150.83333333333334,2.0,0.0,720.0,2.0,1.0
2005,1219.0,2.0,40.0,2.0,4.0,4.0,3.0,4.0,150.83333333333334,0.0,0.0,0.0,,
2005,1219.0,1.0,17.0,5.0,2.0,3.0,3.0,3.0,150.83333333333334,0.0,0.0,0.0,,
2005,1219.0,2.0,12.0,5.0,2.0,1.0,3.0,3.0,150.83333333333334,0.0,0.0,0.0,,
2005,1409.0,2.0,64.0,4.0,4.0,1.0,1.0,0.0,783.3333333333334,2.0,0.0,250.0,2.0,1.0
2005,1409.0,2.0,34.0,5.0,1.0,6.0,1.0,0.0,783.3333333333334,3.0,1.0,1500.0,1.0,12.0
2005,1409.0,1.0,18.0,5.0,4.0,3.0,3.0,3.0,783.3333333333334,0.0,0.0,0.0,,
2005,1935.0,1.0,44.0,1.0,4.0,1.0,2.0,0.0,0.0,2.0,0.0,0.0,,
2005,1935.0,2.0,48.0,1.0,4.0,3.0,2.0,0.0,0.0,3.0,0.0,0.0,,
2005,1935.0,1.0,14.0,5.0,4.0,1.0,3.0,3.0,0.0,0.0,0.0,0.0,,
2005,1438.0,1.0,36.0,5.0,4.0,2.0,1.0,0.0,800.0,3.0,2.0,800.0,2.0,2.0
2005,1084.0,2.0,82.0,4.0,1.0,2.0,3.0,1.0,515.0,0.0,0.0,0.0,,
2005,1084.0,1.0,46.0,5.0,1.0,2.0,1.0,0.0,515.0,3.0,1.0,680.0,2.0,
2005,1231.0,1.0,47.0,2.0,1.0,4.0,1.0,0.0,544.0,3.0,1.0,800.0,2.0,7.0
2005,1231.0,2.0,45.0,2.0,1.0,6.0,1.0,0.0,544.0,3.0,1.0,360.0,2.0,9.0
2005,1231.0,2.0,78.0,4.0,1.0,2.0,3.0,1.0,544.0,0.0,0.0,0.0,,
2005,1231.0,2.0,20.0,5.0,1.0,5.0,1.0,0.0,544.0,3.0,1.0,500.0,2.0,
2005,1231.0,1.0,18.0,5.0,1.0,5.0,3.0,3.0,544.0,0.0,0.0,0.0,,
2005,1098.0,1.0,39.0,2.0,2.0,3.0,1.0,0.0,200.0,2.0,0.0,1000.0,2.0,1.0
2005,1098.0,2.0,41.0,2.0,2.0,3.0,3.0,4.0,200.0,0.0,0.0,0.0,,
2005,1098.0,1.0,11.0,5.0,2.0,1.0,3.0,3.0,200.0,0.0,0.0,0.0,,
2005,1098.0,2.0,7.0,5.0,2.0,1.0,4.0,3.0,200.0,0.0,0.0,0.0,,
2005,1098.0,2.0,3.0,5.0,2.0,7.0,4.0,5.0,200.0,0.0,0.0,0.0,,
2005,1254.0,1.0,54.0,2.0,1.0,6.0,1.0,0.0,588.3333333333334,1.0,0.0,1500.0,2.0,3.0
2005,1254.0,2.0,48.0,2.0,1.0,6.0,1.0,0.0,588.3333333333334,1.0,0.0,1500.0,2.0,3.0
2005,1254.0,2.0,19.0,5.0,1.0,5.0,3.0,3.0,588.3333333333334,0.0,0.0,0.0,,
2005,1254.0,1.0,26.0,5.0,1.0,5.0,1.0,0.0,588.3333333333334,3.0,2.0,300.0,2.0,
2005,1254.0,1.0,13.0,5.0,1.0,3.0,3.0,3.0,588.3333333333334,0.0,0.0,0.0,,
2005,1254.0,1.0,10.0,5.0,1.0,1.0,3.0,3.0,588.3333333333334,0.0,0.0,0.0,,
2005,1283.0,2.0,43.0,5.0,1.0,3.0,1.0,0.0,1150.0,3.0,1.0,700.0,1.0,11.0
2005,1283.0,1.0,20.0,5.0,1.0,4.0,1.0,0.0,1150.0,3.0,1.0,600.0,2.0,
2005,1107.0,1.0,71.0,2.0,1.0,6.0,3.0,1.0,286.6666666666667,0.0,0.0,0.0,,
2005,1107.0,2.0,65.0,2.0,1.0,2.0,3.0,4.0,286.6666666666667,0.0,0.0,0.0,,
2005,1107.0,1.0,38.0,5.0,4.0,6.0,1.0,0.0,286.6666666666667,2.0,0.0,300.0,2.0,1.0
2005,1945.0,1.0,32.0,1.0,1.0,5.0,1.0,0.0,550.0,3.0,1.0,1000.0,1.0,
2005,1945.0,2.0,26.0,1.0,2.0,5.0,1.0,0.0,550.0,3.0,1.0,650.0,2.0,7.0
2005,1945.0,2.0,1.0,5.0,2.0,7.0,4.0,5.0,550.0,0.0,0.0,0.0,,
2005,1127.0,2.0,64.0,4.0,1.0,3.0,1.0,0.0,1050.0,3.0,1.0,700.0,2.0,10.0
2005,1185.0,1.0,60.0,2.0,1.0,4.0,1.0,0.0,500.0,3.0,1.0,1000.0,2.0,7.0
2005,1185.0,2.0,54.0,2.0,1.0,2.0,3.0,4.0,500.0,0.0,0.0,0.0,,
2005,1185.0,1.0,19.0,5.0,1.0,5.0,3.0,3.0,500.0,0.0,0.0,0.0,,
2005,1044.0,1.0,62.0,2.0,1.0,4.0,1.0,0.0,300.0,3.0,1.0,900.0,1.0,
2005,1044.0,2.0,53.0,2.0,1.0,1.0,3.0,4.0,300.0,0.0,0.0,0.0,,
2005,1044.0,2.0,17.0,5.0,1.0,3.0,3.0,3.0,300.0,0.0,0.0,0.0,,
2005,1281.0,1.0,40.0,2.0,1.0,2.0,1.0,0.0,539.2,3.0,1.0,1100.0,2.0,7.0
2005,1281.0,2.0,37.0,2.0,1.0,4.0,1.0,0.0,539.2,3.0,1.0,596.0,2.0,6.0
2005,1281.0,1.0,17.0,5.0,1.0,3.0,3.0,3.0,539.2,0.0,0.0,0.0,,
2005,1281.0,2.0,11.0,5.0,1.0,1.0,3.0,3.0,539.2,0.0,0.0,0.0,,
2005,1281.0,1.0,9.0,5.0,1.0,1.0,4.0,3.0,539.2,0.0,0.0,0.0,,
2005,2277.0,1.0,35.0,2.0,1.0,4.0,1.0,0.0,600.0,3.0,1.0,1800.0,2.0,12.0
2005,2277.0,2.0,30.0,2.0,1.0,5.0,3.0,3.0,600.0,0.0,0.0,0.0,,
2005,2277.0,2.0,7.0,5.0,1.0,1.0,4.0,3.0,600.0,0.0,0.0,0.0,,
2005,1222.0,2.0,25.0,5.0,4.0,5.0,1.0,0.0,600.0,2.0,0.0,600.0,2.0,1.0
2005,1088.0,2.0,63.0,3.0,2.0,2.0,1.0,0.0,240.0,3.0,2.0,500.0,2.0,
2005,1088.0,2.0,30.0,2.0,1.0,4.0,3.0,4.0,240.0,0.0,0.0,0.0,,
2005,1088.0,1.0,31.0,2.0,1.0,3.0,1.0,0.0,240.0,3.0,1.0,700.0,1.0,12.0
2005,1088.0,2.0,4.0,5.0,1.0,7.0,4.0,5.0,240.0,0.0,0.0,0.0,,
2005,1088.0,2.0,,5.0,1.0,7.0,4.0,5.0,240.0,0.0,0.0,0.0,,
2005,1115.0,2.0,58.0,2.0,2.0,4.0,1.0,0.0,1750.0,3.0,1.0,500.0,2.0,3.0
2005,1115.0,1.0,62.0,2.0,2.0,6.0,1.0,0.0,1750.0,1.0,0.0,3000.0,2.0,3.0
2005,1203.0,1.0,69.0,2.0,1.0,2.0,3.0,1.0,350.0,0.0,0.0,0.0,,
2005,1203.0,2.0,67.0,2.0,1.0,1.0,3.0,1.0,350.0,0.0,0.0,0.0,,
2005,1569.0,1.0,37.0,5.0,2.0,6.0,1.0,0.0,10000.0,1.0,0.0,10000.0,2.0,9.0
2005,1026.0,1.0,54.0,5.0,1.0,1.0,3.0,1.0,185.0,0.0,0.0,0.0,,
2005,1026.0,2.0,87.0,4.0,1.0,1.0,3.0,4.0,185.0,0.0,0.0,0.0,,
2005,1087.0,1.0,51.0,2.0,1.0,3.0,3.0,1.0,540.0,0.0,0.0,0.0,,
2005,1087.0,2.0,52.0,2.0,1.0,2.0,3.0,4.0,540.0,0.0,0.0,0.0,,
2005,1206.0,2.0,81.0,4.0,1.0,1.0,3.0,1.0,680.0,0.0,0.0,0.0,,
2005,1339.0,1.0,30.0,1.0,1.0,5.0,1.0,0.0,1066.6666666666667,3.0,1.0,1500.0,2.0,8.0
2005,1339.0,2.0,28.0,1.0,1.0,5.0,1.0,0.0,1066.6666666666667,3.0,1.0,1700.0,2.0,8.0
2005,1339.0,1.0,,5.0,1.0,7.0,4.0,5.0,1066.6666666666667,0.0,0.0,0.0,,
2005,998.0,2.0,73.0,5.0,1.0,4.0,3.0,1.0,458.0,0.0,0.0,0.0,,
2005,998.0,2.0,76.0,4.0,1.0,6.0,3.0,1.0,458.0,0.0,0.0,0.0,,
2005,1590.0,1.0,45.0,1.0,4.0,2.0,1.0,0.0,294.44444444444446,3.0,2.0,700.0,2.0,6.0
2005,1590.0,2.0,45.0,1.0,4.0,4.0,1.0,0.0,294.44444444444446,3.0,2.0,0.0,1.0,
2005,1590.0,1.0,25.0,5.0,4.0,4.0,1.0,0.0,294.44444444444446,3.0,2.0,0.0,2.0,
2005,1590.0,1.0,21.0,1.0,1.0,4.0,1.0,0.0,294.44444444444446,3.0,1.0,500.0,2.0,7.0
2005,1590.0,2.0,15.0,5.0,4.0,3.0,3.0,3.0,294.44444444444446,0.0,0.0,0.0,,
2005,1590.0,1.0,10.0,5.0,4.0,1.0,3.0,3.0,294.44444444444446,0.0,0.0,0.0,,
2005,1590.0,1.0,8.0,5.0,4.0,1.0,4.0,3.0,294.44444444444446,0.0,0.0,0.0,,
2005,1590.0,2.0,22.0,1.0,1.0,2.0,1.0,0.0,294.44444444444446,3.0,1.0,550.0,2.0,7.0
2005,1590.0,1.0,,5.0,4.0,7.0,4.0,5.0,294.44444444444446,0.0,0.0,0.0,,
2005,1610.0,1.0,40.0,5.0,1.0,4.0,1.0,0.0,238.57142857142858,3.0,1.0,920.0,2.0,9.0
2005,1610.0,2.0,59.0,2.0,4.0,2.0,3.0,4.0,238.57142857142858,0.0,0.0,0.0,,
2005,1610.0,1.0,67.0,2.0,4.0,2.0,1.0,0.0,238.57142857142858,2.0,0.0,300.0,2.0,2.0
2005,1610.0,2.0,37.0,5.0,4.0,2.0,1.0,0.0,238.57142857142858,2.0,0.0,150.0,2.0,1.0
2005,1610.0,2.0,36.0,5.0,4.0,2.0,3.0,4.0,238.57142857142858,0.0,0.0,0.0,,
2005,1610.0,1.0,30.0,5.0,4.0,2.0,2.0,0.0,238.57142857142858,3.0,0.0,0.0,,
2005,1610.0,1.0,20.0,5.0,4.0,2.0,1.0,0.0,238.57142857142858,2.0,0.0,300.0,2.0,2.0
2005,1344.0,1.0,48.0,2.0,12.0,4.0,1.0,0.0,250.0,2.0,0.0,1000.0,2.0,1.0
2005,1344.0,2.0,40.0,2.0,12.0,4.0,3.0,4.0,250.0,0.0,0.0,0.0,,
2005,1344.0,2.0,20.0,5.0,2.0,5.0,3.0,3.0,250.0,0.0,0.0,0.0,,
2005,1344.0,1.0,13.0,5.0,2.0,3.0,3.0,3.0,250.0,0.0,0.0,0.0,,
2005,1114.0,2.0,56.0,3.0,2.0,6.0,1.0,0.0,1500.0,2.0,0.0,2300.0,2.0,1.0
2005,1114.0,2.0,23.0,5.0,2.0,5.0,1.0,0.0,1500.0,3.0,2.0,700.0,2.0,6.0
2005,1578.0,1.0,48.0,2.0,1.0,3.0,1.0,0.0,510.0,3.0,1.0,600.0,2.0,6.0
2005,1578.0,2.0,47.0,2.0,1.0,2.0,3.0,4.0,510.0,0.0,0.0,0.0,,
2005,1578.0,1.0,24.0,5.0,1.0,5.0,1.0,0.0,510.0,3.0,1.0,700.0,2.0,11.0
2005,1578.0,1.0,17.0,5.0,1.0,3.0,3.0,4.0,510.0,0.0,0.0,0.0,,
2005,1578.0,2.0,22.0,5.0,1.0,5.0,1.0,0.0,510.0,3.0,2.0,600.0,2.0,3.0
2005,1277.0,2.0,33.0,5.0,4.0,5.0,1.0,0.0,1600.0,3.0,2.0,800.0,2.0,
2005,1038.0,2.0,33.0,5.0,2.0,6.0,1.0,0.0,695.0,3.0,1.0,700.0,1.0,8.0
2005,1038.0,2.0,5.0,5.0,2.0,7.0,4.0,5.0,695.0,0.0,0.0,0.0,,
2005,1122.0,2.0,80.0,4.0,1.0,2.0,2.0,0.0,900.0,2.0,0.0,0.0,,
2005,1151.0,1.0,36.0,2.0,4.0,4.0,1.0,0.0,250.0,1.0,0.0,1000.0,2.0,5.0
2005,1151.0,2.0,28.0,2.0,4.0,4.0,3.0,4.0,250.0,0.0,0.0,0.0,,
2005,1151.0,1.0,13.0,5.0,4.0,3.0,3.0,3.0,250.0,0.0,0.0,0.0,,
2005,1151.0,2.0,7.0,5.0,4.0,1.0,4.0,3.0,250.0,0.0,0.0,0.0,,
2005,1228.0,1.0,34.0,5.0,4.0,4.0,1.0,0.0,750.0,2.0,0.0,600.0,2.0,2.0
2005,1683.0,2.0,40.0,5.0,1.0,6.0,1.0,0.0,300.0,3.0,1.0,500.0,1.0,12.0
2005,1683.0,1.0,21.0,5.0,4.0,5.0,1.0,0.0,300.0,3.0,2.0,150.0,1.0,6.0
2005,1683.0,2.0,7.0,5.0,1.0,1.0,4.0,3.0,300.0,0.0,0.0,0.0,,
2005,1020.0,1.0,75.0,2.0,1.0,4.0,3.0,1.0,410.0,0.0,0.0,0.0,,
2005,1020.0,2.0,71.0,2.0,1.0,2.0,3.0,1.0,410.0,0.0,0.0,0.0,,
2005,1020.0,2.0,43.0,5.0,1.0,5.0,1.0,0.0,410.0,3.0,1.0,150.0,1.0,
2005,1020.0,2.0,42.0,5.0,2.0,6.0,2.0,0.0,410.0,2.0,0.0,0.0,,
2005,1199.0,2.0,77.0,4.0,1.0,2.0,3.0,1.0,350.0,0.0,0.0,0.0,,
2005,1199.0,1.0,53.0,5.0,4.0,4.0,1.0,0.0,350.0,2.0,0.0,150.0,2.0,1.0
2005,1199.0,1.0,44.0,5.0,4.0,4.0,2.0,0.0,350.0,3.0,0.0,0.0,,
2005,1591.0,2.0,60.0,5.0,4.0,2.0,1.0,0.0,175.0,3.0,2.0,350.0,2.0,6.0
2005,1591.0,2.0,25.0,5.0,4.0,2.0,1.0,0.0,175.0,3.0,2.0,200.0,2.0,
2005,1591.0,1.0,13.0,5.0,4.0,1.0,3.0,3.0,175.0,0.0,0.0,0.0,,
2005,1591.0,2.0,11.0,5.0,4.0,1.0,3.0,3.0,175.0,0.0,0.0,0.0,,
2005,1363.0,1.0,49.0,3.0,12.0,5.0,1.0,0.0,2000.0,1.0,0.0,2000.0,2.0,8.0
2005,1133.0,1.0,80.0,4.0,1.0,1.0,3.0,1.0,500.0,0.0,0.0,0.0,,
2005,1537.0,1.0,36.0,1.0,4.0,2.0,1.0,0.0,194.0,2.0,0.0,80.0,2.0,1.0
2005,1537.0,2.0,37.0,1.0,4.0,2.0,1.0,0.0,194.0,3.0,2.0,420.0,2.0,8.0
2005,1537.0,2.0,18.0,5.0,4.0,3.0,3.0,3.0,194.0,0.0,0.0,0.0,,
2005,1537.0,1.0,15.0,5.0,4.0,3.0,3.0,3.0,194.0,0.0,0.0,0.0,,
2005,1537.0,2.0,12.0,5.0,4.0,1.0,3.0,3.0,194.0,0.0,0.0,0.0,,
2005,1120.0,1.0,25.0,1.0,1.0,2.0,1.0,0.0,162.0,3.0,1.0,386.0,2.0,7.0
2005,1120.0,2.0,24.0,1.0,1.0,4.0,1.0,0.0,162.0,2.0,0.0,100.0,2.0,1.0
2005,1120.0,2.0,3.0,5.0,1.0,7.0,4.0,5.0,162.0,0.0,0.0,0.0,,
2005,1127.0,2.0,26.0,3.0,4.0,5.0,1.0,0.0,300.0,3.0,2.0,600.0,2.0,6.0
2005,1127.0,1.0,7.0,5.0,4.0,1.0,4.0,3.0,300.0,0.0,0.0,0.0,,
2005,1191.0,1.0,37.0,5.0,4.0,2.0,1.0,0.0,450.0,2.0,0.0,180.0,2.0,1.0
2005,1191.0,2.0,74.0,4.0,1.0,1.0,3.0,1.0,450.0,0.0,0.0,0.0,,
2005,1743.0,1.0,42.0,1.0,4.0,2.0,1.0,0.0,140.0,3.0,2.0,300.0,2.0,6.0
2005,1743.0,2.0,37.0,1.0,4.0,2.0,2.0,0.0,140.0,3.0,0.0,0.0,,
2005,1743.0,1.0,75.0,4.0,1.0,2.0,3.0,1.0,140.0,0.0,0.0,0.0,,
2005,1743.0,1.0,10.0,5.0,4.0,1.0,3.0,3.0,140.0,0.0,0.0,0.0,,
2005,1743.0,1.0,18.0,5.0,4.0,3.0,3.0,3.0,140.0,0.0,0.0,0.0,,
2005,3099.0,1.0,30.0,2.0,4.0,4.0,1.0,0.0,300.0,2.0,0.0,1500.0,2.0,1.0
2005,3099.0,2.0,28.0,2.0,4.0,6.0,3.0,4.0,300.0,0.0,0.0,0.0,,
2005,3099.0,1.0,9.0,5.0,4.0,1.0,4.0,3.0,300.0,0.0,0.0,0.0,,
2005,3099.0,1.0,7.0,5.0,4.0,1.0,4.0,3.0,300.0,0.0,0.0,0.0,,
2005,3099.0,2.0,,5.0,4.0,7.0,4.0,5.0,300.0,0.0,0.0,0.0,,
2005,1370.0,2.0,61.0,4.0,1.0,2.0,3.0,1.0,250.0,0.0,0.0,0.0,,
2005,1370.0,1.0,39.0,5.0,4.0,2.0,3.0,6.0,250.0,0.0,0.0,0.0,,
2005,1295.0,1.0,29.0,2.0,1.0,5.0,1.0,0.0,1575.0,3.0,1.0,1000.0,2.0,6.0
2005,1295.0,2.0,24.0,2.0,1.0,5.0,1.0,0.0,1575.0,3.0,1.0,950.0,2.0,7.0
2005,1284.0,2.0,45.0,5.0,1.0,4.0,1.0,0.0,850.0,3.0,1.0,950.0,2.0,10.0
2005,1284.0,1.0,40.0,5.0,1.0,4.0,1.0,0.0,850.0,3.0,1.0,0.0,2.0,
2005,1140.0,1.0,76.0,2.0,1.0,2.0,3.0,1.0,175.0,0.0,0.0,0.0,,
2005,1140.0,2.0,71.0,2.0,1.0,2.0,3.0,4.0,175.0,0.0,0.0,0.0,,
2005,1793.0,2.0,29.0,2.0,4.0,3.0,3.0,7.0,150.0,0.0,0.0,0.0,,
2005,1793.0,1.0,31.0,2.0,4.0,2.0,1.0,0.0,150.0,3.0,2.0,600.0,2.0,6.0
2005,1793.0,2.0,5.0,5.0,4.0,7.0,4.0,5.0,150.0,0.0,0.0,0.0,,
2005,1793.0,2.0,2.0,5.0,4.0,7.0,4.0,5.0,150.0,0.0,0.0,0.0,,
2005,1414.0,1.0,28.0,1.0,1.0,4.0,1.0,0.0,233.33333333333334,3.0,1.0,700.0,2.0,
2005,1414.0,2.0,28.0,1.0,4.0,4.0,3.0,7.0,233.33333333333334,0.0,0.0,0.0,,
2005,1414.0,2.0,2.0,5.0,4.0,7.0,4.0,5.0,233.33333333333334,0.0,0.0,0.0,,
2005,1057.0,2.0,80.0,5.0,12.0,2.0,3.0,1.0,720.0,0.0,0.0,0.0,,
2005,1057.0,2.0,91.0,4.0,12.0,2.0,3.0,1.0,720.0,0.0,0.0,0.0,,
2005,1489.0,2.0,46.0,4.0,1.0,2.0,1.0,0.0,211.75,3.0,2.0,100.0,2.0,
2005,1489.0,1.0,7.0,5.0,1.0,1.0,4.0,3.0,211.75,0.0,0.0,0.0,,
2005,1489.0,1.0,26.0,5.0,4.0,2.0,1.0,0.0,211.75,3.0,1.0,500.0,2.0,
2005,1489.0,1.0,18.0,5.0,1.0,3.0,3.0,3.0,211.75,0.0,0.0,0.0,,
2005,1375.0,2.0,56.0,3.0,2.0,4.0,1.0,0.0,700.0,3.0,2.0,500.0,2.0,7.0
2005,1318.0,1.0,47.0,2.0,1.0,2.0,1.0,0.0,700.0,3.0,1.0,1400.0,2.0,12.0
2005,1318.0,2.0,39.0,2.0,1.0,2.0,3.0,4.0,700.0,0.0,0.0,0.0,,
2005,1318.0,2.0,10.0,5.0,1.0,1.0,3.0,3.0,700.0,0.0,0.0,0.0,,
2005,1266.0,1.0,55.0,2.0,2.0,6.0,1.0,0.0,1566.6666666666667,1.0,0.0,2700.0,2.0,3.0
2005,1266.0,2.0,51.0,2.0,2.0,6.0,3.0,4.0,1566.6666666666667,0.0,0.0,0.0,,
2005,1266.0,2.0,26.0,5.0,2.0,6.0,1.0,0.0,1566.6666666666667,1.0,0.0,2000.0,2.0,8.0
2005,3639.0,1.0,45.0,3.0,1.0,2.0,1.0,0.0,800.0,3.0,1.0,800.0,2.0,9.0
2005,1353.0,1.0,45.0,2.0,1.0,2.0,1.0,0.0,366.6666666666667,3.0,1.0,550.0,2.0,10.0
2005,1353.0,2.0,45.0,2.0,1.0,2.0,1.0,0.0,366.6666666666667,3.0,2.0,300.0,2.0,3.0
2005,1353.0,2.0,17.0,5.0,1.0,3.0,3.0,3.0,366.6666666666667,0.0,0.0,0.0,,
2005,1533.0,2.0,47.0,3.0,4.0,4.0,1.0,0.0,464.0,3.0,2.0,200.0,2.0,
2005,1533.0,1.0,21.0,5.0,1.0,4.0,1.0,0.0,464.0,3.0,1.0,596.0,1.0,7.0
2005,1533.0,1.0,21.0,5.0,1.0,4.0,1.0,0.0,464.0,3.0,1.0,596.0,1.0,7.0
2005,1297.0,1.0,50.0,2.0,4.0,4.0,2.0,0.0,75.0,2.0,0.0,0.0,,
2005,1297.0,2.0,44.0,2.0,4.0,2.0,3.0,4.0,75.0,0.0,0.0,0.0,,
2005,1297.0,1.0,16.0,5.0,4.0,3.0,3.0,3.0,75.0,0.0,0.0,0.0,,
2005,1297.0,1.0,6.0,5.0,4.0,1.0,4.0,3.0,75.0,0.0,0.0,0.0,,
2005,1080.0,1.0,56.0,2.0,1.0,4.0,1.0,0.0,266.6666666666667,3.0,1.0,800.0,2.0,7.0
2005,1080.0,2.0,48.0,2.0,1.0,2.0,3.0,4.0,266.6666666666667,0.0,0.0,0.0,,
2005,1080.0,1.0,13.0,5.0,1.0,1.0,3.0,3.0,266.6666666666667,0.0,0.0,0.0,,
2005,1727.0,1.0,40.0,2.0,1.0,3.0,1.0,0.0,395.0,3.0,1.0,1000.0,2.0,7.0
2005,1727.0,2.0,37.0,2.0,1.0,2.0,1.0,0.0,395.0,3.0,2.0,320.0,2.0,1.0
2005,1727.0,2.0,19.0,5.0,1.0,4.0,2.0,0.0,395.0,2.0,0.0,0.0,,
2005,1727.0,1.0,7.0,5.0,1.0,1.0,4.0,3.0,395.0,0.0,0.0,0.0,,
2005,1503.0,2.0,65.0,4.0,4.0,1.0,1.0,0.0,150.0,3.0,2.0,150.0,1.0,9.0
2005,1503.0,1.0,30.0,1.0,4.0,2.0,2.0,0.0,37.5,3.0,0.0,0.0,,
2005,1503.0,2.0,25.0,1.0,4.0,3.0,3.0,4.0,37.5,0.0,0.0,0.0,,
2005,1503.0,1.0,4.0,5.0,4.0,7.0,4.0,5.0,37.5,0.0,0.0,0.0,,
2005,1503.0,1.0,,5.0,4.0,7.0,4.0,5.0,37.5,0.0,0.0,0.0,,
2005,1563.0,1.0,46.0,2.0,1.0,3.0,1.0,0.0,240.0,2.0,0.0,0.0,2.0,2.0
2005,1563.0,2.0,40.0,2.0,1.0,6.0,1.0,0.0,240.0,3.0,1.0,1200.0,2.0,8.0
2005,1563.0,1.0,15.0,5.0,1.0,3.0,3.0,3.0,240.0,0.0,0.0,0.0,,
2005,1563.0,1.0,10.0,5.0,1.0,1.0,3.0,3.0,240.0,0.0,0.0,0.0,,
2005,1563.0,1.0,4.0,5.0,1.0,7.0,4.0,5.0,240.0,0.0,0.0,0.0,,
2005,1164.0,1.0,54.0,2.0,1.0,2.0,1.0,0.0,634.25,3.0,1.0,1100.0,2.0,1.0
2005,1164.0,2.0,45.0,2.0,1.0,4.0,2.0,0.0,634.25,3.0,0.0,0.0,,
2005,1164.0,1.0,21.0,5.0,1.0,5.0,1.0,0.0,634.25,3.0,1.0,800.0,2.0,6.0
2005,1164.0,2.0,80.0,4.0,1.0,2.0,3.0,1.0,634.25,0.0,0.0,0.0,,
2005,1455.0,2.0,47.0,3.0,1.0,2.0,1.0,0.0,278.0,3.0,1.0,640.0,2.0,7.0
2005,1455.0,1.0,20.0,5.0,1.0,3.0,1.0,0.0,278.0,3.0,2.0,450.0,2.0,2.0
2005,1455.0,2.0,16.0,5.0,1.0,3.0,3.0,3.0,278.0,0.0,0.0,0.0,,
2005,1455.0,1.0,15.0,5.0,1.0,3.0,3.0,3.0,278.0,0.0,0.0,0.0,,
2005,1455.0,1.0,15.0,5.0,1.0,3.0,3.0,3.0,278.0,0.0,0.0,0.0,,
2005,2022.0,1.0,49.0,2.0,4.0,2.0,2.0,0.0,65.71428571428571,2.0,0.0,0.0,,
2005,2022.0,2.0,48.0,2.0,4.0,2.0,3.0,4.0,65.71428571428571,0.0,0.0,0.0,,
2005,2022.0,1.0,19.0,5.0,4.0,4.0,2.0,0.0,65.71428571428571,0.0,0.0,0.0,,
2005,2022.0,1.0,28.0,5.0,4.0,2.0,1.0,0.0,65.71428571428571,3.0,2.0,180.0,2.0,3.0
2005,2022.0,1.0,21.0,5.0,4.0,2.0,1.0,0.0,65.71428571428571,3.0,2.0,180.0,2.0,3.0
2005,2022.0,1.0,14.0,5.0,4.0,3.0,3.0,3.0,65.71428571428571,0.0,0.0,0.0,,
2005,2022.0,1.0,17.0,5.0,4.0,3.0,3.0,3.0,65.71428571428571,0.0,0.0,0.0,,
2005,2022.0,2.0,26.0,2.0,1.0,2.0,1.0,0.0,333.3333333333333,3.0,1.0,400.0,2.0,7.0
2005,2022.0,1.0,29.0,2.0,4.0,4.0,1.0,0.0,333.3333333333333,3.0,2.0,400.0,2.0,3.0
2005,2022.0,1.0,1.0,5.0,1.0,7.0,4.0,5.0,333.3333333333333,0.0,0.0,0.0,,
2005,1437.0,2.0,47.0,1.0,4.0,2.0,1.0,0.0,42.0,3.0,2.0,150.0,1.0,6.0
2005,1437.0,1.0,20.0,5.0,4.0,3.0,1.0,0.0,42.0,3.0,2.0,0.0,2.0,2.0
2005,1437.0,1.0,6.0,5.0,4.0,1.0,4.0,3.0,42.0,0.0,0.0,0.0,,
2005,1437.0,2.0,14.0,5.0,4.0,3.0,3.0,3.0,42.0,0.0,0.0,0.0,,
2005,1437.0,1.0,58.0,1.0,4.0,1.0,1.0,0.0,42.0,3.0,2.0,0.0,2.0,5.0
2005,1011.0,2.0,66.0,4.0,1.0,1.0,1.0,0.0,886.0,3.0,2.0,100.0,2.0,
2005,1011.0,2.0,29.0,5.0,1.0,6.0,1.0,0.0,886.0,3.0,1.0,902.0,2.0,
2005,1404.0,1.0,51.0,2.0,4.0,1.0,1.0,0.0,133.33333333333334,2.0,0.0,200.0,2.0,1.0
2005,1404.0,2.0,52.0,2.0,4.0,1.0,2.0,0.0,133.33333333333334,3.0,0.0,0.0,,
2005,1404.0,2.0,18.0,5.0,4.0,3.0,1.0,0.0,133.33333333333334,3.0,2.0,200.0,2.0,
2005,1345.0,1.0,45.0,2.0,4.0,5.0,1.0,0.0,330.0,2.0,0.0,1000.0,2.0,2.0
2005,1345.0,2.0,36.0,2.0,1.0,6.0,1.0,0.0,330.0,4.0,0.0,0.0,2.0,2.0
2005,1345.0,2.0,16.0,5.0,1.0,3.0,3.0,3.0,330.0,0.0,0.0,0.0,,
2005,1345.0,2.0,13.0,5.0,1.0,1.0,3.0,3.0,330.0,0.0,0.0,0.0,,
2005,1345.0,1.0,8.0,5.0,1.0,1.0,4.0,3.0,330.0,0.0,0.0,0.0,,
2005,1345.0,2.0,73.0,4.0,1.0,2.0,3.0,1.0,330.0,0.0,0.0,0.0,,
2005,1383.0,1.0,54.0,1.0,1.0,2.0,1.0,0.0,90.8,3.0,1.0,304.0,2.0,
2005,1383.0,2.0,37.0,1.0,1.0,2.0,3.0,4.0,90.8,0.0,0.0,0.0,,
2005,1383.0,1.0,11.0,5.0,4.0,1.0,3.0,3.0,90.8,0.0,0.0,0.0,,
2005,1383.0,2.0,9.0,5.0,4.0,1.0,4.0,3.0,90.8,0.0,0.0,0.0,,
2005,1383.0,1.0,,5.0,1.0,7.0,4.0,5.0,90.8,0.0,0.0,0.0,,
2005,1553.0,1.0,65.0,2.0,4.0,1.0,3.0,7.0,466.6666666666667,0.0,0.0,0.0,,
2005,1553.0,2.0,59.0,2.0,4.0,6.0,1.0,0.0,466.6666666666667,2.0,0.0,800.0,2.0,1.0
2005,1553.0,1.0,24.0,5.0,4.0,5.0,1.0,0.0,466.6666666666667,2.0,0.0,400.0,2.0,1.0
2005,1356.0,1.0,62.0,2.0,4.0,4.0,1.0,0.0,412.0,2.0,0.0,60.0,2.0,1.0
2005,1356.0,2.0,60.0,2.0,4.0,2.0,3.0,4.0,412.0,0.0,0.0,0.0,,
2005,1356.0,1.0,33.0,5.0,1.0,5.0,1.0,0.0,412.0,3.0,1.0,1200.0,2.0,9.0
2005,1356.0,1.0,31.0,5.0,1.0,4.0,1.0,0.0,412.0,3.0,1.0,800.0,2.0,4.0
2005,1356.0,1.0,20.0,5.0,4.0,2.0,2.0,0.0,412.0,3.0,0.0,0.0,,
2005,1441.0,2.0,26.0,3.0,4.0,2.0,2.0,0.0,34.0,0.0,0.0,0.0,,
2005,1441.0,2.0,12.0,5.0,4.0,1.0,3.0,3.0,34.0,0.0,0.0,0.0,,
2005,1441.0,1.0,8.0,5.0,4.0,1.0,4.0,3.0,34.0,0.0,0.0,0.0,,
2005,1441.0,2.0,10.0,5.0,4.0,1.0,3.0,3.0,34.0,0.0,0.0,0.0,,
2005,1441.0,1.0,56.0,3.0,4.0,2.0,2.0,0.0,34.0,2.0,0.0,0.0,,
2005,1029.0,2.0,55.0,3.0,1.0,3.0,1.0,0.0,915.0,3.0,1.0,700.0,1.0,
2005,1029.0,2.0,29.0,5.0,12.0,6.0,1.0,0.0,915.0,3.0,1.0,1130.0,2.0,6.0
2005,1196.0,1.0,46.0,2.0,1.0,4.0,1.0,0.0,1050.0,3.0,2.0,1500.0,2.0,
2005,1196.0,2.0,44.0,2.0,1.0,6.0,1.0,0.0,1050.0,3.0,1.0,1800.0,1.0,12.0
2005,1196.0,2.0,22.0,5.0,1.0,5.0,3.0,3.0,1050.0,0.0,0.0,0.0,,
2005,1196.0,2.0,3.0,5.0,1.0,7.0,4.0,5.0,1050.0,0.0,0.0,0.0,,
2005,1735.0,1.0,31.0,2.0,1.0,6.0,1.0,0.0,1750.0,3.0,2.0,1800.0,2.0,
2005,1735.0,2.0,27.0,2.0,1.0,6.0,1.0,0.0,1750.0,3.0,1.0,700.0,2.0,11.0
2005,1277.0,1.0,53.0,2.0,1.0,2.0,1.0,0.0,550.0,2.0,0.0,1200.0,2.0,1.0
2005,1277.0,2.0,48.0,2.0,1.0,4.0,1.0,0.0,550.0,3.0,1.0,350.0,2.0,9.0
2005,1277.0,2.0,25.0,5.0,4.0,5.0,2.0,0.0,550.0,3.0,0.0,0.0,,
2005,1179.0,1.0,79.0,2.0,1.0,2.0,3.0,1.0,465.0,0.0,0.0,0.0,,
2005,1179.0,2.0,60.0,2.0,1.0,2.0,3.0,1.0,465.0,0.0,0.0,0.0,,
2005,1091.0,1.0,66.0,1.0,4.0,4.0,1.0,0.0,108.75,3.0,2.0,435.0,2.0,7.0
2005,1091.0,2.0,54.0,1.0,4.0,1.0,3.0,4.0,108.75,0.0,0.0,0.0,,
2005,1091.0,2.0,26.0,5.0,4.0,3.0,2.0,0.0,108.75,3.0,0.0,0.0,,
2005,1091.0,1.0,18.0,5.0,4.0,3.0,2.0,0.0,108.75,3.0,0.0,0.0,,
2005,1642.0,1.0,74.0,1.0,4.0,2.0,3.0,7.0,357.5,0.0,0.0,0.0,,
2005,1642.0,2.0,65.0,1.0,4.0,1.0,1.0,0.0,357.5,3.0,2.0,160.0,2.0,
2005,1642.0,1.0,41.0,5.0,4.0,3.0,2.0,0.0,357.5,3.0,0.0,0.0,,
2005,1642.0,1.0,26.0,5.0,4.0,3.0,1.0,0.0,357.5,3.0,1.0,700.0,2.0,
2005,1283.0,1.0,56.0,2.0,1.0,3.0,1.0,0.0,450.0,3.0,1.0,1800.0,2.0,12.0
2005,1283.0,2.0,57.0,2.0,1.0,2.0,3.0,4.0,450.0,0.0,0.0,0.0,,
2005,1283.0,2.0,22.0,5.0,1.0,5.0,3.0,3.0,450.0,0.0,0.0,0.0,,
2005,1283.0,1.0,19.0,5.0,1.0,3.0,3.0,4.0,450.0,0.0,0.0,0.0,,
2005,1057.0,1.0,71.0,2.0,1.0,1.0,3.0,1.0,200.0,0.0,0.0,0.0,,
2005,1057.0,2.0,61.0,2.0,1.0,2.0,3.0,4.0,200.0,0.0,0.0,0.0,,
2005,1087.0,1.0,67.0,2.0,4.0,2.0,1.0,0.0,116.66666666666667,2.0,0.0,350.0,2.0,3.0
2005,1087.0,2.0,58.0,2.0,4.0,2.0,1.0,0.0,116.66666666666667,4.0,0.0,0.0,2.0,3.0
2005,1087.0,2.0,19.0,5.0,4.0,5.0,1.0,0.0,116.66666666666667,4.0,0.0,0.0,2.0,3.0
2005,1091.0,1.0,84.0,4.0,1.0,1.0,3.0,1.0,195.0,0.0,0.0,0.0,,
2005,1091.0,2.0,57.0,5.0,4.0,2.0,2.0,0.0,195.0,2.0,0.0,0.0,,
2005,1235.0,2.0,46.0,3.0,1.0,4.0,1.0,0.0,1500.0,3.0,1.0,1500.0,1.0,9.0
2005,1301.0,1.0,43.0,2.0,1.0,2.0,1.0,0.0,410.0,1.0,0.0,1500.0,2.0,4.0
2005,1301.0,2.0,38.0,2.0,1.0,2.0,1.0,0.0,410.0,3.0,1.0,400.0,2.0,8.0
2005,1301.0,2.0,17.0,5.0,1.0,3.0,3.0,3.0,410.0,0.0,0.0,0.0,,
2005,1301.0,2.0,11.0,5.0,1.0,1.0,3.0,3.0,410.0,0.0,0.0,0.0,,
2005,1301.0,1.0,77.0,4.0,1.0,1.0,3.0,7.0,410.0,0.0,0.0,0.0,,
2005,3254.0,1.0,31.0,1.0,4.0,2.0,2.0,0.0,121.25,3.0,0.0,0.0,,
2005,3254.0,2.0,36.0,1.0,4.0,2.0,1.0,0.0,121.25,3.0,2.0,240.0,2.0,
2005,3254.0,2.0,5.0,5.0,4.0,7.0,4.0,5.0,121.25,0.0,0.0,0.0,,
2005,3254.0,1.0,9.0,5.0,4.0,1.0,4.0,3.0,121.25,0.0,0.0,0.0,,
2005,1608.0,1.0,33.0,2.0,4.0,3.0,2.0,0.0,100.0,2.0,0.0,0.0,,
2005,1608.0,2.0,31.0,2.0,4.0,2.0,2.0,0.0,100.0,3.0,0.0,0.0,,
2005,1608.0,2.0,12.0,5.0,4.0,1.0,3.0,3.0,100.0,0.0,0.0,0.0,,
2005,1608.0,1.0,14.0,5.0,4.0,3.0,3.0,3.0,100.0,0.0,0.0,0.0,,
2005,1082.0,1.0,61.0,2.0,2.0,2.0,1.0,0.0,250.0,2.0,0.0,300.0,2.0,1.0
2005,1082.0,2.0,62.0,2.0,2.0,3.0,3.0,4.0,250.0,0.0,0.0,0.0,,
2005,1319.0,1.0,35.0,2.0,1.0,6.0,1.0,0.0,925.0,3.0,1.0,2500.0,2.0,10.0
2005,1319.0,2.0,29.0,2.0,1.0,6.0,1.0,0.0,925.0,2.0,0.0,1200.0,2.0,3.0
2005,1319.0,2.0,4.0,5.0,1.0,7.0,4.0,5.0,925.0,0.0,0.0,0.0,,
2005,1319.0,1.0,2.0,5.0,1.0,7.0,4.0,5.0,925.0,0.0,0.0,0.0,,
2005,1367.0,1.0,64.0,2.0,4.0,1.0,3.0,4.0,210.0,0.0,0.0,0.0,,
2005,1367.0,2.0,59.0,2.0,4.0,2.0,1.0,0.0,210.0,3.0,2.0,65.0,2.0,
2005,1367.0,1.0,30.0,3.0,4.0,2.0,1.0,0.0,210.0,3.0,2.0,350.0,2.0,
2005,1099.0,2.0,44.0,3.0,1.0,6.0,1.0,0.0,333.3333333333333,1.0,0.0,1000.0,2.0,3.0
2005,1099.0,2.0,17.0,5.0,1.0,3.0,3.0,3.0,333.3333333333333,0.0,0.0,0.0,,
2005,1099.0,2.0,12.0,5.0,1.0,1.0,3.0,3.0,333.3333333333333,0.0,0.0,0.0,,
2005,1913.0,1.0,36.0,1.0,1.0,5.0,1.0,0.0,255.0,3.0,1.0,600.0,2.0,
2005,1913.0,2.0,36.0,1.0,4.0,4.0,3.0,2.0,255.0,0.0,0.0,0.0,,
2005,1913.0,1.0,17.0,5.0,1.0,3.0,3.0,3.0,255.0,0.0,0.0,0.0,,
2005,1913.0,2.0,15.0,5.0,4.0,3.0,3.0,3.0,255.0,0.0,0.0,0.0,,
2005,1913.0,1.0,12.0,5.0,1.0,1.0,3.0,3.0,255.0,0.0,0.0,0.0,,
2005,1913.0,2.0,11.0,5.0,1.0,1.0,3.0,3.0,255.0,0.0,0.0,0.0,,
2005,1207.0,1.0,42.0,2.0,4.0,3.0,1.0,0.0,300.0,3.0,2.0,900.0,2.0,3.0
2005,1207.0,2.0,45.0,2.0,4.0,3.0,1.0,0.0,300.0,3.0,2.0,0.0,2.0,
2005,1207.0,2.0,8.0,5.0,4.0,1.0,4.0,3.0,300.0,0.0,0.0,0.0,,
2005,1265.0,2.0,65.0,4.0,2.0,4.0,3.0,4.0,780.6666666666666,0.0,0.0,0.0,,
2005,1265.0,1.0,25.0,5.0,2.0,4.0,1.0,0.0,780.6666666666666,3.0,1.0,802.0,2.0,6.0
2005,1265.0,1.0,34.0,5.0,2.0,4.0,1.0,0.0,780.6666666666666,3.0,1.0,990.0,2.0,
2005,1222.0,1.0,58.0,2.0,1.0,6.0,1.0,0.0,2050.0,3.0,1.0,1000.0,2.0,9.0
2005,1222.0,2.0,56.0,2.0,1.0,6.0,1.0,0.0,2050.0,3.0,1.0,1900.0,1.0,8.0
2005,1222.0,1.0,31.0,5.0,1.0,6.0,1.0,0.0,2050.0,3.0,1.0,1000.0,2.0,9.0
2005,1729.0,1.0,49.0,1.0,4.0,2.0,1.0,0.0,166.66666666666666,3.0,2.0,120.0,2.0,6.0
2005,1729.0,2.0,59.0,1.0,4.0,1.0,1.0,0.0,166.66666666666666,3.0,2.0,120.0,2.0,
2005,1729.0,1.0,26.0,5.0,4.0,1.0,1.0,0.0,166.66666666666666,3.0,2.0,180.0,2.0,6.0
2005,1174.0,1.0,31.0,2.0,1.0,3.0,1.0,0.0,300.0,3.0,1.0,1200.0,2.0,12.0
2005,1174.0,2.0,29.0,2.0,1.0,3.0,3.0,4.0,300.0,0.0,0.0,0.0,,
2005,1174.0,2.0,9.0,5.0,1.0,1.0,4.0,3.0,300.0,0.0,0.0,0.0,,
2005,1174.0,2.0,3.0,5.0,1.0,7.0,4.0,5.0,300.0,0.0,0.0,0.0,,
2005,1226.0,2.0,43.0,3.0,2.0,5.0,3.0,2.0,1166.6666666666667,0.0,0.0,0.0,,
2005,1226.0,1.0,7.0,5.0,2.0,1.0,4.0,3.0,1166.6666666666667,0.0,0.0,0.0,,
2005,1226.0,2.0,18.0,5.0,2.0,3.0,3.0,3.0,1166.6666666666667,0.0,0.0,0.0,,
2005,1247.0,1.0,45.0,2.0,1.0,6.0,1.0,0.0,750.0,3.0,1.0,2300.0,2.0,11.0
2005,1247.0,2.0,39.0,2.0,1.0,5.0,1.0,0.0,750.0,2.0,0.0,700.0,2.0,1.0
2005,1247.0,2.0,14.0,5.0,1.0,3.0,3.0,3.0,750.0,0.0,0.0,0.0,,
2005,1247.0,2.0,10.0,5.0,1.0,1.0,3.0,3.0,750.0,0.0,0.0,0.0,,
2005,1108.0,1.0,67.0,2.0,1.0,2.0,1.0,0.0,243.33333333333334,3.0,2.0,450.0,2.0,
2005,1108.0,2.0,61.0,2.0,1.0,2.0,1.0,0.0,243.33333333333334,3.0,1.0,280.0,2.0,
2005,1108.0,1.0,29.0,5.0,4.0,3.0,2.0,0.0,243.33333333333334,3.0,0.0,0.0,,
2005,1090.0,1.0,58.0,5.0,1.0,3.0,1.0,0.0,1065.0,3.0,1.0,1800.0,2.0,6.0
2005,1090.0,2.0,81.0,4.0,1.0,2.0,3.0,1.0,1065.0,0.0,0.0,0.0,,
2005,1206.0,1.0,27.0,1.0,1.0,2.0,1.0,0.0,200.0,3.0,1.0,800.0,2.0,7.0
2005,1206.0,2.0,29.0,1.0,1.0,3.0,3.0,4.0,200.0,0.0,0.0,0.0,,
2005,1206.0,2.0,8.0,5.0,1.0,1.0,4.0,3.0,200.0,0.0,0.0,0.0,,
2005,1206.0,1.0,5.0,5.0,1.0,7.0,4.0,5.0,200.0,0.0,0.0,0.0,,
2005,1361.0,2.0,75.0,5.0,1.0,2.0,3.0,1.0,230.0,0.0,0.0,0.0,,
2005,1328.0,1.0,44.0,2.0,4.0,6.0,1.0,0.0,25.0,2.0,0.0,100.0,2.0,1.0
2005,1328.0,2.0,41.0,2.0,4.0,2.0,3.0,4.0,25.0,0.0,0.0,0.0,,
2005,1328.0,1.0,12.0,5.0,4.0,1.0,3.0,3.0,25.0,0.0,0.0,0.0,,
2005,1328.0,2.0,7.0,5.0,4.0,1.0,4.0,3.0,25.0,0.0,0.0,0.0,,
2005,1208.0,2.0,42.0,4.0,4.0,2.0,1.0,0.0,208.0,3.0,2.0,80.0,2.0,
2005,1208.0,1.0,21.0,5.0,4.0,4.0,1.0,0.0,208.0,3.0,2.0,750.0,2.0,10.0
2005,1208.0,1.0,18.0,5.0,4.0,1.0,1.0,0.0,208.0,3.0,2.0,120.0,2.0,7.0
2005,1208.0,2.0,16.0,5.0,4.0,3.0,3.0,3.0,208.0,0.0,0.0,0.0,,
2005,1208.0,2.0,14.0,5.0,4.0,3.0,3.0,3.0,208.0,0.0,0.0,0.0,,
2005,1296.0,2.0,28.0,2.0,1.0,3.0,3.0,4.0,175.0,0.0,0.0,0.0,,
2005,1296.0,2.0,5.0,5.0,1.0,7.0,4.0,5.0,175.0,0.0,0.0,0.0,,
2005,1296.0,2.0,3.0,5.0,1.0,7.0,4.0,5.0,175.0,0.0,0.0,0.0,,
2005,1296.0,2.0,,5.0,1.0,7.0,4.0,5.0,175.0,0.0,0.0,0.0,,
2005,1056.0,1.0,87.0,2.0,1.0,2.0,3.0,1.0,150.0,0.0,0.0,0.0,,
2005,1056.0,2.0,84.0,2.0,1.0,1.0,3.0,6.0,150.0,0.0,0.0,0.0,,
2005,1056.0,2.0,63.0,5.0,2.0,3.0,1.0,0.0,150.0,3.0,2.0,50.0,2.0,
2005,1056.0,1.0,35.0,5.0,2.0,5.0,3.0,3.0,150.0,0.0,0.0,0.0,,
2005,1276.0,1.0,35.0,2.0,1.0,5.0,1.0,0.0,350.0,3.0,1.0,1300.0,1.0,12.0
2005,1276.0,2.0,29.0,2.0,1.0,5.0,1.0,0.0,350.0,2.0,0.0,100.0,2.0,1.0
2005,1276.0,1.0,3.0,5.0,1.0,7.0,4.0,5.0,350.0,0.0,0.0,0.0,,
2005,1276.0,1.0,,5.0,1.0,7.0,4.0,5.0,350.0,0.0,0.0,0.0,,
2005,1255.0,2.0,50.0,3.0,4.0,3.0,1.0,0.0,290.0,3.0,2.0,260.0,2.0,
2005,1255.0,1.0,24.0,5.0,4.0,4.0,1.0,0.0,290.0,3.0,2.0,320.0,2.0,2.0
2005,1310.0,1.0,33.0,2.0,1.0,4.0,1.0,0.0,650.0,3.0,1.0,1050.0,2.0,9.0
2005,1310.0,2.0,35.0,2.0,1.0,4.0,1.0,0.0,650.0,3.0,2.0,250.0,2.0,2.0
2005,1439.0,1.0,35.0,2.0,1.0,3.0,1.0,0.0,562.5,3.0,1.0,1500.0,2.0,11.0
2005,1439.0,2.0,36.0,2.0,1.0,3.0,3.0,3.0,562.5,0.0,0.0,0.0,,
2005,1439.0,2.0,19.0,5.0,1.0,4.0,2.0,0.0,562.5,0.0,0.0,0.0,,
2005,1439.0,2.0,13.0,5.0,1.0,1.0,3.0,3.0,562.5,0.0,0.0,0.0,,
2005,1123.0,1.0,38.0,2.0,4.0,3.0,1.0,0.0,100.0,2.0,0.0,600.0,2.0,1.0
2005,1123.0,2.0,37.0,2.0,4.0,2.0,3.0,4.0,100.0,0.0,0.0,0.0,,
2005,1123.0,2.0,18.0,5.0,4.0,3.0,3.0,3.0,100.0,0.0,0.0,0.0,,
2005,1123.0,2.0,14.0,5.0,4.0,3.0,3.0,3.0,100.0,0.0,0.0,0.0,,
2005,1123.0,2.0,10.0,5.0,4.0,1.0,3.0,3.0,100.0,0.0,0.0,0.0,,
2005,1123.0,2.0,2.0,5.0,4.0,7.0,4.0,5.0,100.0,0.0,0.0,0.0,,
2005,1413.0,1.0,50.0,2.0,4.0,4.0,3.0,6.0,525.0,0.0,0.0,0.0,,
2005,1413.0,2.0,53.0,2.0,4.0,6.0,3.0,4.0,525.0,0.0,0.0,0.0,,
2005,1413.0,1.0,19.0,5.0,1.0,4.0,1.0,0.0,525.0,3.0,1.0,1000.0,2.0,
2005,1413.0,1.0,23.0,5.0,1.0,5.0,1.0,0.0,525.0,3.0,1.0,1100.0,2.0,
2005,1661.0,2.0,53.0,4.0,4.0,2.0,3.0,4.0,200.0,0.0,0.0,0.0,,
2005,1661.0,1.0,28.0,5.0,4.0,2.0,1.0,0.0,200.0,2.0,0.0,800.0,2.0,1.0
2005,1661.0,1.0,14.0,5.0,4.0,1.0,3.0,3.0,200.0,0.0,0.0,0.0,,
2005,1661.0,1.0,17.0,5.0,4.0,3.0,3.0,3.0,200.0,0.0,0.0,0.0,,
2005,1174.0,1.0,53.0,2.0,1.0,3.0,2.0,0.0,400.0,0.0,0.0,0.0,,
2005,1174.0,2.0,51.0,2.0,1.0,2.0,2.0,0.0,400.0,3.0,0.0,0.0,,
2005,1450.0,1.0,28.0,2.0,1.0,2.0,1.0,0.0,266.6666666666667,3.0,1.0,700.0,2.0,
2005,1450.0,2.0,28.0,2.0,1.0,4.0,3.0,4.0,266.6666666666667,0.0,0.0,0.0,,
2005,1450.0,1.0,2.0,5.0,1.0,7.0,4.0,5.0,266.6666666666667,0.0,0.0,0.0,,
2005,1039.0,1.0,50.0,1.0,1.0,2.0,1.0,0.0,380.0,3.0,1.0,1200.0,2.0,9.0
2005,1039.0,2.0,33.0,1.0,1.0,5.0,3.0,4.0,380.0,0.0,0.0,0.0,,
2005,1039.0,2.0,17.0,5.0,1.0,3.0,3.0,3.0,380.0,0.0,0.0,0.0,,
2005,1039.0,1.0,16.0,5.0,1.0,3.0,3.0,3.0,380.0,0.0,0.0,0.0,,
2005,1039.0,2.0,3.0,5.0,1.0,7.0,4.0,5.0,380.0,0.0,0.0,0.0,,
2005,1009.0,1.0,71.0,2.0,4.0,2.0,3.0,4.0,100.0,0.0,0.0,0.0,,
2005,1009.0,2.0,73.0,2.0,4.0,1.0,3.0,4.0,100.0,0.0,0.0,0.0,,
2005,1225.0,1.0,59.0,2.0,4.0,3.0,1.0,0.0,80.0,2.0,0.0,100.0,2.0,3.0
2005,1225.0,2.0,54.0,2.0,4.0,2.0,1.0,0.0,80.0,2.0,0.0,140.0,2.0,3.0
2005,1225.0,2.0,19.0,5.0,4.0,5.0,1.0,0.0,80.0,4.0,0.0,0.0,2.0,3.0
2005,1240.0,1.0,53.0,2.0,4.0,4.0,1.0,0.0,400.0,3.0,2.0,800.0,2.0,
2005,1240.0,2.0,52.0,2.0,4.0,3.0,3.0,4.0,400.0,0.0,0.0,0.0,,
2005,1240.0,1.0,27.0,5.0,1.0,4.0,1.0,0.0,400.0,3.0,1.0,800.0,2.0,
2005,1240.0,2.0,23.0,5.0,4.0,5.0,3.0,4.0,400.0,0.0,0.0,0.0,,
2005,1234.0,1.0,60.0,2.0,4.0,2.0,1.0,0.0,404.0,1.0,0.0,1000.0,2.0,3.0
2005,1234.0,2.0,56.0,2.0,4.0,2.0,3.0,4.0,404.0,0.0,0.0,0.0,,
2005,1234.0,1.0,22.0,5.0,4.0,3.0,1.0,0.0,404.0,3.0,2.0,320.0,2.0,3.0
2005,1234.0,1.0,22.0,5.0,4.0,4.0,1.0,0.0,404.0,3.0,2.0,700.0,2.0,3.0
2005,1234.0,2.0,14.0,5.0,4.0,3.0,3.0,3.0,404.0,0.0,0.0,0.0,,
2005,1144.0,1.0,52.0,2.0,2.0,6.0,1.0,0.0,700.0,1.0,0.0,1700.0,2.0,6.0
2005,1144.0,2.0,48.0,2.0,2.0,6.0,1.0,0.0,700.0,1.0,0.0,800.0,2.0,2.0
2005,1144.0,2.0,15.0,5.0,2.0,3.0,3.0,3.0,700.0,0.0,0.0,0.0,,
2005,1144.0,2.0,12.0,5.0,2.0,1.0,3.0,3.0,700.0,0.0,0.0,0.0,,
2005,1416.0,1.0,43.0,2.0,2.0,5.0,1.0,0.0,700.0,2.0,0.0,2500.0,2.0,6.0
2005,1416.0,2.0,41.0,2.0,2.0,6.0,1.0,0.0,700.0,2.0,0.0,100.0,2.0,1.0
2005,1416.0,1.0,12.0,5.0,2.0,1.0,3.0,3.0,700.0,0.0,0.0,0.0,,
2005,1416.0,2.0,4.0,5.0,2.0,7.0,4.0,5.0,700.0,0.0,0.0,0.0,,
2005,1464.0,1.0,40.0,3.0,1.0,5.0,1.0,0.0,1500.0,1.0,0.0,1500.0,2.0,6.0
2005,1028.0,2.0,75.0,4.0,1.0,4.0,3.0,1.0,600.0,0.0,0.0,0.0,,
2005,1127.0,1.0,29.0,2.0,12.0,6.0,1.0,0.0,775.0,3.0,1.0,2000.0,2.0,9.0
2005,1127.0,2.0,29.0,2.0,12.0,6.0,1.0,0.0,775.0,3.0,2.0,1100.0,1.0,9.0
2005,1127.0,2.0,,5.0,12.0,7.0,4.0,5.0,775.0,0.0,0.0,0.0,,
2005,1127.0,2.0,3.0,5.0,12.0,7.0,4.0,5.0,775.0,0.0,0.0,0.0,,
2005,1253.0,1.0,70.0,2.0,4.0,6.0,1.0,0.0,166.66666666666666,2.0,0.0,300.0,2.0,1.0
2005,1253.0,2.0,66.0,2.0,4.0,4.0,2.0,0.0,166.66666666666666,2.0,0.0,0.0,,
2005,1253.0,2.0,25.0,5.0,4.0,6.0,2.0,0.0,166.66666666666666,0.0,0.0,0.0,,
2005,1933.0,1.0,29.0,1.0,1.0,2.0,1.0,0.0,222.5,3.0,1.0,400.0,2.0,12.0
2005,1933.0,2.0,30.0,1.0,4.0,4.0,1.0,0.0,222.5,3.0,2.0,150.0,1.0,9.0
2005,1933.0,1.0,9.0,5.0,1.0,1.0,4.0,3.0,222.5,0.0,0.0,0.0,,
2005,1933.0,2.0,8.0,5.0,1.0,1.0,4.0,3.0,222.5,0.0,0.0,0.0,,
2005,1211.0,2.0,65.0,4.0,1.0,1.0,1.0,0.0,274.09090909090907,2.0,0.0,16.0,2.0,1.0
2005,1211.0,2.0,38.0,2.0,4.0,5.0,2.0,0.0,274.09090909090907,2.0,0.0,0.0,,
2005,1211.0,2.0,36.0,5.0,1.0,5.0,1.0,0.0,274.09090909090907,3.0,1.0,500.0,1.0,9.0
2005,1211.0,1.0,31.0,5.0,1.0,5.0,1.0,0.0,274.09090909090907,3.0,1.0,1000.0,2.0,10.0
2005,1211.0,2.0,27.0,5.0,4.0,5.0,1.0,0.0,274.09090909090907,3.0,2.0,200.0,2.0,7.0
2005,1211.0,1.0,24.0,5.0,4.0,5.0,1.0,0.0,274.09090909090907,3.0,1.0,600.0,2.0,7.0
2005,1211.0,2.0,,5.0,4.0,7.0,4.0,5.0,274.09090909090907,0.0,0.0,0.0,,
2005,1211.0,1.0,2.0,5.0,4.0,7.0,4.0,5.0,274.09090909090907,0.0,0.0,0.0,,
2005,1211.0,1.0,7.0,5.0,4.0,1.0,4.0,3.0,274.09090909090907,0.0,0.0,0.0,,
2005,1211.0,2.0,5.0,5.0,4.0,7.0,4.0,5.0,274.09090909090907,0.0,0.0,0.0,,
2005,1211.0,1.0,35.0,2.0,4.0,4.0,1.0,0.0,274.09090909090907,3.0,2.0,400.0,2.0,2.0
2005,1567.0,2.0,24.0,2.0,4.0,3.0,1.0,0.0,187.5,3.0,2.0,150.0,1.0,7.0
2005,1567.0,1.0,25.0,2.0,4.0,3.0,1.0,0.0,187.5,3.0,2.0,400.0,1.0,7.0
2005,1567.0,2.0,3.0,5.0,4.0,7.0,4.0,5.0,187.5,0.0,0.0,0.0,,
2005,1567.0,1.0,1.0,5.0,4.0,7.0,4.0,5.0,187.5,0.0,0.0,0.0,,
2005,1160.0,2.0,80.0,4.0,1.0,2.0,3.0,1.0,775.0,0.0,0.0,0.0,,
2005,1031.0,1.0,81.0,2.0,4.0,2.0,3.0,7.0,150.0,0.0,0.0,0.0,,
2005,1031.0,2.0,76.0,2.0,1.0,2.0,3.0,1.0,150.0,0.0,0.0,0.0,,
2005,1413.0,1.0,51.0,1.0,4.0,1.0,1.0,0.0,200.0,3.0,2.0,350.0,2.0,3.0
2005,1413.0,2.0,43.0,1.0,4.0,2.0,3.0,4.0,200.0,0.0,0.0,0.0,,
2005,1413.0,2.0,17.0,5.0,4.0,3.0,3.0,3.0,200.0,0.0,0.0,0.0,,
2005,1413.0,1.0,16.0,5.0,4.0,3.0,3.0,3.0,200.0,0.0,0.0,0.0,,
2005,1413.0,1.0,12.0,5.0,4.0,1.0,3.0,3.0,200.0,0.0,0.0,0.0,,
2005,1413.0,2.0,3.0,5.0,4.0,7.0,4.0,5.0,200.0,0.0,0.0,0.0,,
2005,1413.0,1.0,70.0,3.0,1.0,1.0,3.0,1.0,200.0,0.0,0.0,0.0,,
2005,1524.0,1.0,25.0,1.0,4.0,1.0,1.0,0.0,200.0,3.0,2.0,0.0,2.0,
2005,1524.0,2.0,25.0,1.0,4.0,1.0,3.0,4.0,200.0,0.0,0.0,0.0,,
2005,1524.0,1.0,6.0,5.0,4.0,7.0,4.0,3.0,200.0,0.0,0.0,0.0,,
2005,1524.0,1.0,3.0,5.0,4.0,7.0,4.0,5.0,200.0,0.0,0.0,0.0,,
2005,1372.0,2.0,80.0,4.0,1.0,1.0,3.0,1.0,375.0,0.0,0.0,0.0,,
2005,1372.0,1.0,39.0,5.0,1.0,2.0,1.0,0.0,375.0,3.0,1.0,400.0,2.0,7.0
2005,1088.0,1.0,22.0,1.0,1.0,4.0,1.0,0.0,166.66666666666666,3.0,1.0,500.0,2.0,5.0
2005,1088.0,2.0,30.0,1.0,1.0,3.0,3.0,4.0,166.66666666666666,0.0,0.0,0.0,,
2005,1088.0,2.0,,5.0,1.0,7.0,4.0,5.0,166.66666666666666,0.0,0.0,0.0,,
2005,1465.0,1.0,54.0,2.0,2.0,2.0,1.0,0.0,451.0,2.0,0.0,200.0,2.0,1.0
2005,1465.0,2.0,52.0,2.0,1.0,2.0,1.0,0.0,451.0,3.0,1.0,702.0,2.0,
2005,1017.0,2.0,83.0,4.0,1.0,2.0,3.0,1.0,839.0,0.0,0.0,0.0,,
2005,1017.0,2.0,55.0,4.0,4.0,4.0,3.0,4.0,839.0,0.0,0.0,0.0,,
2005,1077.0,2.0,59.0,4.0,1.0,2.0,1.0,0.0,400.0,3.0,1.0,800.0,1.0,9.0
2005,1077.0,1.0,26.0,5.0,1.0,3.0,3.0,4.0,400.0,0.0,0.0,0.0,,
2005,1077.0,1.0,53.0,1.0,4.0,1.0,2.0,0.0,345.0,2.0,0.0,0.0,,
2005,1077.0,2.0,63.0,1.0,1.0,1.0,1.0,0.0,345.0,3.0,2.0,165.0,2.0,
2005,1447.0,1.0,28.0,2.0,1.0,3.0,1.0,0.0,212.5,3.0,1.0,850.0,2.0,
2005,1447.0,2.0,27.0,2.0,1.0,3.0,3.0,4.0,212.5,0.0,0.0,0.0,,
2005,1447.0,2.0,7.0,5.0,1.0,1.0,4.0,3.0,212.5,0.0,0.0,0.0,,
2005,1447.0,2.0,2.0,5.0,1.0,7.0,4.0,5.0,212.5,0.0,0.0,0.0,,
2005,1438.0,1.0,47.0,2.0,1.0,4.0,1.0,0.0,750.0,2.0,0.0,3000.0,2.0,1.0
2005,1438.0,2.0,42.0,2.0,1.0,4.0,3.0,4.0,750.0,0.0,0.0,0.0,,
2005,1438.0,2.0,11.0,5.0,1.0,1.0,3.0,3.0,750.0,0.0,0.0,0.0,,
2005,1438.0,1.0,8.0,5.0,1.0,1.0,4.0,3.0,750.0,0.0,0.0,0.0,,
2005,1096.0,2.0,80.0,4.0,1.0,4.0,3.0,1.0,1806.6666666666667,0.0,0.0,0.0,,
2005,1096.0,1.0,51.0,3.0,4.0,5.0,1.0,0.0,1806.6666666666667,2.0,0.0,1500.0,2.0,1.0
2005,1096.0,1.0,53.0,5.0,1.0,6.0,1.0,0.0,1806.6666666666667,3.0,1.0,3000.0,1.0,9.0
2005,1544.0,1.0,60.0,2.0,2.0,6.0,1.0,0.0,875.0,3.0,2.0,1600.0,2.0,6.0
2005,1544.0,2.0,47.0,2.0,2.0,6.0,1.0,0.0,875.0,2.0,0.0,700.0,2.0,2.0
2005,1544.0,1.0,19.0,5.0,2.0,5.0,3.0,3.0,875.0,0.0,0.0,0.0,,
2005,1544.0,2.0,16.0,5.0,2.0,3.0,3.0,3.0,875.0,0.0,0.0,0.0,,
2005,1256.0,2.0,45.0,2.0,4.0,4.0,1.0,0.0,324.0,3.0,2.0,416.0,2.0,
2005,1256.0,2.0,69.0,4.0,4.0,2.0,3.0,1.0,324.0,0.0,0.0,0.0,,
2005,1256.0,1.0,50.0,2.0,4.0,4.0,1.0,0.0,324.0,3.0,1.0,600.0,2.0,7.0
2005,1256.0,1.0,18.0,5.0,4.0,3.0,3.0,3.0,324.0,0.0,0.0,0.0,,
2005,1278.0,1.0,49.0,3.0,1.0,3.0,1.0,0.0,700.0,2.0,0.0,700.0,2.0,1.0
2005,1077.0,2.0,95.0,4.0,1.0,4.0,3.0,1.0,1280.0,0.0,0.0,0.0,,
2005,1170.0,1.0,60.0,1.0,1.0,6.0,1.0,0.0,2050.0,3.0,1.0,1500.0,1.0,11.0
2005,1170.0,2.0,38.0,1.0,1.0,6.0,1.0,0.0,2050.0,3.0,1.0,500.0,1.0,10.0
2005,1751.0,1.0,39.0,2.0,4.0,2.0,1.0,0.0,450.0,3.0,2.0,800.0,2.0,
2005,1751.0,2.0,37.0,2.0,4.0,3.0,1.0,0.0,450.0,3.0,1.0,1300.0,2.0,
2005,1751.0,2.0,19.0,5.0,4.0,5.0,2.0,0.0,450.0,3.0,0.0,0.0,,
2005,1751.0,2.0,15.0,5.0,4.0,3.0,3.0,3.0,450.0,0.0,0.0,0.0,,
2005,1751.0,2.0,13.0,5.0,4.0,1.0,3.0,3.0,450.0,0.0,0.0,0.0,,
2005,1204.0,1.0,36.0,5.0,1.0,4.0,1.0,0.0,600.0,2.0,0.0,600.0,2.0,2.0
2005,2219.0,1.0,26.0,1.0,1.0,2.0,1.0,0.0,207.5,3.0,1.0,600.0,2.0,6.0
2005,2219.0,2.0,23.0,1.0,4.0,3.0,3.0,4.0,207.5,0.0,0.0,0.0,,
2005,2219.0,2.0,4.0,5.0,1.0,7.0,4.0,5.0,207.5,0.0,0.0,0.0,,
2005,2219.0,2.0,2.0,5.0,1.0,7.0,4.0,5.0,207.5,0.0,0.0,0.0,,
2005,1715.0,1.0,32.0,1.0,1.0,3.0,1.0,0.0,466.6666666666667,3.0,1.0,1200.0,2.0,5.0
2005,1715.0,2.0,27.0,1.0,1.0,4.0,3.0,4.0,466.6666666666667,0.0,0.0,0.0,,
2005,1715.0,2.0,5.0,5.0,1.0,7.0,4.0,5.0,466.6666666666667,0.0,0.0,0.0,,
2005,1660.0,2.0,43.0,1.0,1.0,2.0,1.0,0.0,377.5,3.0,2.0,150.0,1.0,5.0
2005,1660.0,1.0,34.0,1.0,1.0,2.0,2.0,0.0,377.5,3.0,0.0,0.0,,
2005,1660.0,1.0,24.0,5.0,1.0,4.0,1.0,0.0,377.5,3.0,1.0,760.0,2.0,
2005,1660.0,2.0,14.0,5.0,1.0,3.0,3.0,3.0,377.5,0.0,0.0,0.0,,
2005,1269.0,1.0,31.0,2.0,1.0,6.0,1.0,0.0,450.0,3.0,1.0,900.0,2.0,11.0
2005,1269.0,2.0,27.0,2.0,1.0,4.0,2.0,0.0,450.0,0.0,0.0,0.0,,
2005,1269.0,1.0,5.0,5.0,1.0,7.0,4.0,5.0,450.0,0.0,0.0,0.0,,
2005,1393.0,1.0,37.0,1.0,1.0,3.0,1.0,0.0,500.0,3.0,2.0,1000.0,2.0,5.0
2005,1393.0,2.0,34.0,1.0,1.0,6.0,1.0,0.0,500.0,3.0,1.0,200.0,2.0,9.0
2005,1393.0,1.0,4.0,5.0,1.0,7.0,4.0,5.0,500.0,0.0,0.0,0.0,,
2005,1393.0,2.0,7.0,5.0,1.0,1.0,4.0,3.0,500.0,0.0,0.0,0.0,,
2005,1083.0,2.0,72.0,4.0,1.0,4.0,3.0,1.0,1200.0,0.0,0.0,0.0,,
2005,1702.0,1.0,32.0,1.0,1.0,2.0,1.0,0.0,532.5,3.0,1.0,600.0,2.0,7.0
2005,1702.0,2.0,30.0,1.0,1.0,2.0,1.0,0.0,532.5,3.0,1.0,330.0,2.0,
2005,1702.0,1.0,36.0,5.0,1.0,2.0,1.0,0.0,532.5,3.0,1.0,600.0,2.0,7.0
2005,1702.0,1.0,27.0,5.0,1.0,2.0,1.0,0.0,532.5,3.0,1.0,600.0,2.0,7.0
2005,1388.0,2.0,44.0,3.0,1.0,6.0,1.0,0.0,426.0,3.0,1.0,1100.0,1.0,7.0
2005,1388.0,2.0,19.0,5.0,1.0,3.0,1.0,0.0,426.0,3.0,2.0,280.0,2.0,7.0
2005,1388.0,2.0,18.0,5.0,1.0,3.0,1.0,0.0,426.0,3.0,2.0,150.0,2.0,2.0
2005,1388.0,1.0,13.0,5.0,1.0,3.0,2.0,0.0,426.0,2.0,0.0,0.0,,
2005,1388.0,2.0,10.0,5.0,1.0,1.0,3.0,3.0,426.0,0.0,0.0,0.0,,
2005,1430.0,1.0,52.0,5.0,1.0,6.0,1.0,0.0,1700.0,3.0,1.0,700.0,1.0,11.0
2005,1168.0,2.0,60.0,4.0,1.0,4.0,3.0,1.0,975.0,0.0,0.0,0.0,,
2005,1168.0,2.0,30.0,5.0,1.0,6.0,1.0,0.0,975.0,3.0,1.0,600.0,2.0,
2005,1790.0,1.0,34.0,1.0,4.0,3.0,1.0,0.0,62.5,3.0,2.0,150.0,1.0,
2005,1790.0,2.0,31.0,1.0,4.0,3.0,3.0,4.0,62.5,0.0,0.0,0.0,,
2005,1790.0,2.0,10.0,5.0,4.0,1.0,3.0,3.0,62.5,0.0,0.0,0.0,,
2005,1790.0,1.0,8.0,5.0,4.0,1.0,4.0,3.0,62.5,0.0,0.0,0.0,,
2005,1379.0,1.0,48.0,2.0,4.0,2.0,1.0,0.0,283.3333333333333,3.0,2.0,850.0,2.0,6.0
2005,1379.0,2.0,34.0,2.0,4.0,2.0,3.0,4.0,283.3333333333333,0.0,0.0,0.0,,
2005,1379.0,1.0,14.0,5.0,4.0,3.0,3.0,3.0,283.3333333333333,0.0,0.0,0.0,,
2005,950.0,2.0,65.0,1.0,1.0,4.0,3.0,1.0,375.0,0.0,0.0,0.0,,
2005,950.0,1.0,72.0,1.0,1.0,6.0,3.0,1.0,375.0,0.0,0.0,0.0,,
2005,1074.0,2.0,69.0,2.0,1.0,4.0,3.0,4.0,125.0,0.0,0.0,0.0,,
2005,1074.0,1.0,74.0,2.0,1.0,6.0,3.0,1.0,125.0,0.0,0.0,0.0,,
2005,1502.0,1.0,33.0,2.0,1.0,2.0,1.0,0.0,83.33333333333333,3.0,1.0,400.0,2.0,5.0
2005,1502.0,2.0,32.0,2.0,1.0,3.0,1.0,0.0,83.33333333333333,3.0,2.0,0.0,1.0,
2005,1502.0,1.0,14.0,5.0,1.0,3.0,1.0,0.0,83.33333333333333,4.0,0.0,0.0,2.0,2.0
2005,1502.0,2.0,13.0,5.0,1.0,1.0,3.0,3.0,83.33333333333333,0.0,0.0,0.0,,
2005,1502.0,2.0,12.0,5.0,1.0,1.0,3.0,3.0,83.33333333333333,0.0,0.0,0.0,,
2005,1502.0,2.0,10.0,5.0,1.0,1.0,3.0,3.0,83.33333333333333,0.0,0.0,0.0,,
2005,1158.0,2.0,71.0,3.0,1.0,1.0,1.0,0.0,435.0,3.0,2.0,120.0,2.0,
2005,1158.0,1.0,35.0,5.0,1.0,3.0,1.0,0.0,435.0,3.0,2.0,750.0,2.0,
2005,1181.0,1.0,36.0,1.0,4.0,2.0,1.0,0.0,300.0,3.0,2.0,600.0,2.0,6.0
2005,1181.0,2.0,25.0,1.0,4.0,2.0,3.0,4.0,300.0,0.0,0.0,0.0,,
2005,1181.0,1.0,5.0,5.0,4.0,7.0,4.0,5.0,300.0,0.0,0.0,0.0,,
2005,1167.0,1.0,35.0,1.0,1.0,5.0,1.0,0.0,733.3333333333334,3.0,1.0,1700.0,2.0,
2005,1167.0,2.0,37.0,1.0,1.0,4.0,1.0,0.0,733.3333333333334,3.0,2.0,420.0,2.0,
2005,1167.0,2.0,5.0,5.0,1.0,7.0,4.0,5.0,733.3333333333334,0.0,0.0,0.0,,
2005,1274.0,1.0,33.0,1.0,4.0,4.0,1.0,0.0,616.6666666666666,3.0,2.0,1850.0,2.0,
2005,1274.0,2.0,31.0,1.0,4.0,3.0,2.0,0.0,616.6666666666666,2.0,0.0,0.0,,
2005,1274.0,1.0,9.0,5.0,4.0,1.0,4.0,3.0,616.6666666666666,0.0,0.0,0.0,,
2005,1627.0,1.0,54.0,2.0,1.0,6.0,1.0,0.0,987.5,2.0,0.0,3000.0,2.0,1.0
2005,1627.0,2.0,51.0,2.0,1.0,6.0,1.0,0.0,987.5,3.0,1.0,600.0,1.0,9.0
2005,1627.0,2.0,19.0,5.0,1.0,5.0,3.0,3.0,987.5,0.0,0.0,0.0,,
2005,1627.0,1.0,16.0,5.0,1.0,3.0,3.0,3.0,987.5,0.0,0.0,0.0,,
2005,1467.0,2.0,46.0,4.0,4.0,3.0,1.0,0.0,135.0,3.0,2.0,240.0,2.0,
2005,1467.0,2.0,23.0,5.0,4.0,5.0,2.0,0.0,135.0,3.0,0.0,0.0,,
2005,1467.0,2.0,19.0,5.0,4.0,5.0,3.0,3.0,135.0,0.0,0.0,0.0,,
2005,1467.0,2.0,15.0,5.0,4.0,3.0,3.0,3.0,135.0,0.0,0.0,0.0,,
2005,976.0,1.0,29.0,1.0,4.0,3.0,1.0,0.0,160.0,3.0,2.0,1120.0,2.0,4.0
2005,976.0,2.0,25.0,1.0,4.0,3.0,3.0,4.0,160.0,0.0,0.0,0.0,,
2005,976.0,1.0,9.0,5.0,4.0,1.0,4.0,3.0,160.0,0.0,0.0,0.0,,
2005,976.0,2.0,8.0,5.0,4.0,1.0,4.0,3.0,160.0,0.0,0.0,0.0,,
2005,976.0,1.0,5.0,5.0,4.0,7.0,4.0,5.0,160.0,0.0,0.0,0.0,,
2005,976.0,2.0,4.0,5.0,4.0,7.0,4.0,5.0,160.0,0.0,0.0,0.0,,
2005,976.0,1.0,2.0,5.0,4.0,7.0,4.0,5.0,160.0,0.0,0.0,0.0,,
2005,1052.0,1.0,69.0,1.0,1.0,2.0,3.0,1.0,300.0,0.0,0.0,0.0,,
2005,1052.0,2.0,77.0,1.0,1.0,2.0,3.0,4.0,300.0,0.0,0.0,0.0,,
2005,1208.0,1.0,41.0,2.0,4.0,2.0,2.0,0.0,17.142857142857142,3.0,0.0,0.0,,
2005,1208.0,2.0,40.0,2.0,4.0,2.0,3.0,4.0,17.142857142857142,0.0,0.0,0.0,,
2005,1208.0,1.0,20.0,5.0,4.0,4.0,2.0,0.0,17.142857142857142,0.0,0.0,0.0,,
2005,1208.0,1.0,18.0,5.0,4.0,3.0,1.0,0.0,17.142857142857142,3.0,2.0,120.0,2.0,3.0
2005,1208.0,1.0,9.0,5.0,4.0,1.0,4.0,3.0,17.142857142857142,0.0,0.0,0.0,,
2005,1208.0,2.0,8.0,5.0,4.0,1.0,4.0,3.0,17.142857142857142,0.0,0.0,0.0,,
2005,1208.0,2.0,1.0,5.0,4.0,7.0,4.0,5.0,17.142857142857142,0.0,0.0,0.0,,
2005,1471.0,1.0,75.0,2.0,1.0,2.0,3.0,1.0,613.3333333333334,0.0,0.0,0.0,,
2005,1471.0,2.0,60.0,2.0,1.0,2.0,3.0,4.0,613.3333333333334,0.0,0.0,0.0,,
2005,1471.0,2.0,24.0,5.0,1.0,4.0,1.0,0.0,613.3333333333334,3.0,1.0,840.0,2.0,9.0
2005,1471.0,2.0,23.0,5.0,1.0,4.0,1.0,0.0,613.3333333333334,3.0,1.0,860.0,2.0,10.0
2005,1471.0,1.0,23.0,5.0,1.0,4.0,1.0,0.0,613.3333333333334,3.0,1.0,800.0,2.0,8.0
2005,1471.0,1.0,22.0,5.0,1.0,4.0,1.0,0.0,613.3333333333334,3.0,1.0,500.0,2.0,5.0
2005,1471.0,1.0,18.0,5.0,1.0,4.0,2.0,0.0,613.3333333333334,3.0,0.0,0.0,,
2005,1471.0,1.0,20.0,5.0,4.0,2.0,2.0,0.0,613.3333333333334,3.0,0.0,0.0,,
2005,1471.0,2.0,33.0,1.0,1.0,4.0,1.0,0.0,613.3333333333334,3.0,1.0,970.0,2.0,9.0
2005,1471.0,1.0,33.0,1.0,1.0,2.0,1.0,0.0,613.3333333333334,3.0,1.0,990.0,2.0,10.0
2005,1471.0,1.0,4.0,5.0,1.0,7.0,4.0,5.0,613.3333333333334,0.0,0.0,0.0,,
2005,1471.0,1.0,2.0,5.0,1.0,7.0,4.0,5.0,613.3333333333334,0.0,0.0,0.0,,
2005,1205.0,1.0,23.0,1.0,1.0,5.0,1.0,0.0,666.6666666666666,3.0,2.0,700.0,2.0,
2005,1205.0,2.0,23.0,1.0,1.0,4.0,1.0,0.0,666.6666666666666,3.0,1.0,900.0,2.0,
2005,1205.0,2.0,1.0,5.0,1.0,7.0,4.0,5.0,666.6666666666666,0.0,0.0,0.0,,
2005,1280.0,1.0,51.0,1.0,4.0,2.0,1.0,0.0,325.0,3.0,2.0,800.0,2.0,7.0
2005,1280.0,2.0,52.0,1.0,4.0,1.0,3.0,4.0,325.0,0.0,0.0,0.0,,
2005,1280.0,1.0,25.0,5.0,4.0,2.0,1.0,0.0,325.0,3.0,2.0,500.0,2.0,7.0
2005,1280.0,1.0,8.0,5.0,4.0,1.0,4.0,3.0,325.0,0.0,0.0,0.0,,
2005,1407.0,1.0,41.0,2.0,1.0,4.0,1.0,0.0,225.0,3.0,1.0,700.0,2.0,
2005,1407.0,2.0,41.0,2.0,1.0,2.0,1.0,0.0,225.0,3.0,2.0,50.0,2.0,
2005,1407.0,2.0,15.0,5.0,1.0,3.0,3.0,7.0,225.0,0.0,0.0,0.0,,
2005,1407.0,1.0,11.0,5.0,1.0,1.0,3.0,7.0,225.0,0.0,0.0,0.0,,
2005,1222.0,1.0,63.0,1.0,4.0,2.0,3.0,1.0,575.0,0.0,0.0,0.0,,
2005,1222.0,2.0,54.0,1.0,4.0,2.0,3.0,6.0,575.0,0.0,0.0,0.0,,
2005,1376.0,1.0,34.0,1.0,4.0,2.0,1.0,0.0,150.0,3.0,1.0,600.0,2.0,6.0
2005,1376.0,2.0,38.0,1.0,4.0,2.0,3.0,4.0,150.0,0.0,0.0,0.0,,
2005,1376.0,2.0,13.0,5.0,4.0,2.0,3.0,7.0,150.0,0.0,0.0,0.0,,
2005,1376.0,2.0,12.0,5.0,4.0,1.0,3.0,3.0,150.0,0.0,0.0,0.0,,
2005,1376.0,2.0,4.0,5.0,4.0,7.0,4.0,5.0,150.0,0.0,0.0,0.0,,
2005,1656.0,1.0,43.0,2.0,1.0,3.0,1.0,0.0,120.0,3.0,1.0,600.0,2.0,8.0
2005,1656.0,2.0,49.0,2.0,1.0,4.0,3.0,4.0,120.0,0.0,0.0,0.0,,
2005,1656.0,2.0,19.0,5.0,1.0,4.0,2.0,0.0,120.0,3.0,0.0,0.0,,
2005,1656.0,1.0,17.0,5.0,1.0,3.0,3.0,3.0,120.0,0.0,0.0,0.0,,
2005,1656.0,2.0,15.0,5.0,1.0,3.0,3.0,3.0,120.0,0.0,0.0,0.0,,
2005,1151.0,2.0,78.0,4.0,1.0,1.0,3.0,4.0,50.0,0.0,0.0,0.0,,
2005,1292.0,1.0,45.0,3.0,4.0,4.0,1.0,0.0,500.0,3.0,2.0,500.0,2.0,6.0
2005,1147.0,1.0,38.0,2.0,2.0,4.0,1.0,0.0,1000.0,1.0,0.0,5000.0,2.0,7.0
2005,1147.0,2.0,36.0,2.0,2.0,4.0,3.0,4.0,1000.0,0.0,0.0,0.0,,
2005,1147.0,1.0,9.0,5.0,2.0,1.0,4.0,3.0,1000.0,0.0,0.0,0.0,,
2005,1147.0,1.0,7.0,5.0,2.0,1.0,4.0,3.0,1000.0,0.0,0.0,0.0,,
2005,1147.0,2.0,4.0,5.0,2.0,7.0,4.0,5.0,1000.0,0.0,0.0,0.0,,
2005,1179.0,2.0,78.0,4.0,1.0,2.0,3.0,1.0,320.0,0.0,0.0,0.0,,
2005,1447.0,1.0,53.0,2.0,4.0,2.0,1.0,0.0,160.0,2.0,0.0,0.0,2.0,1.0
2005,1447.0,2.0,48.0,2.0,4.0,3.0,1.0,0.0,160.0,3.0,2.0,150.0,1.0,7.0
2005,1447.0,1.0,15.0,5.0,4.0,3.0,3.0,3.0,160.0,0.0,0.0,0.0,,
2005,1365.0,1.0,87.0,2.0,1.0,6.0,3.0,1.0,2250.0,0.0,0.0,0.0,,
2005,1365.0,2.0,85.0,2.0,1.0,6.0,3.0,1.0,2250.0,0.0,0.0,0.0,,
2005,1213.0,2.0,41.0,2.0,1.0,6.0,1.0,0.0,576.6666666666666,3.0,1.0,620.0,1.0,8.0
2005,1213.0,1.0,41.0,2.0,1.0,6.0,1.0,0.0,576.6666666666666,1.0,0.0,1000.0,2.0,
2005,1213.0,2.0,2.0,5.0,1.0,7.0,4.0,5.0,576.6666666666666,0.0,0.0,0.0,,
2005,1304.0,2.0,59.0,3.0,2.0,4.0,3.0,4.0,516.6666666666666,0.0,0.0,0.0,,
2005,1304.0,1.0,27.0,5.0,1.0,5.0,1.0,0.0,516.6666666666666,3.0,1.0,900.0,2.0,
2005,1304.0,1.0,22.0,5.0,,6.0,1.0,0.0,516.6666666666666,3.0,2.0,500.0,2.0,
2005,1160.0,1.0,67.0,2.0,1.0,1.0,3.0,1.0,321.25,0.0,0.0,0.0,,
2005,1160.0,2.0,61.0,2.0,1.0,4.0,3.0,6.0,321.25,0.0,0.0,0.0,,
2005,1160.0,1.0,86.0,4.0,1.0,7.0,3.0,1.0,321.25,0.0,0.0,0.0,,
2005,1160.0,2.0,31.0,5.0,4.0,4.0,3.0,4.0,321.25,0.0,0.0,0.0,,
2005,1668.0,2.0,55.0,2.0,1.0,2.0,1.0,0.0,393.3333333333333,2.0,0.0,280.0,2.0,1.0
2005,1668.0,1.0,60.0,2.0,1.0,2.0,3.0,1.0,393.3333333333333,0.0,0.0,0.0,,
2005,1668.0,2.0,20.0,5.0,1.0,5.0,2.0,0.0,393.3333333333333,3.0,0.0,0.0,,
2005,1586.0,2.0,64.0,3.0,4.0,1.0,3.0,7.0,434.0,0.0,0.0,0.0,,
2005,1586.0,1.0,22.0,5.0,1.0,4.0,1.0,0.0,434.0,3.0,1.0,500.0,2.0,
2005,1586.0,1.0,21.0,5.0,4.0,2.0,1.0,0.0,434.0,3.0,2.0,400.0,1.0,
2005,1586.0,1.0,20.0,5.0,4.0,2.0,1.0,0.0,434.0,3.0,2.0,420.0,2.0,6.0
2005,1586.0,1.0,25.0,5.0,4.0,3.0,1.0,0.0,434.0,2.0,0.0,600.0,2.0,1.0
2005,851.0,1.0,29.0,1.0,1.0,3.0,1.0,0.0,300.0,3.0,1.0,900.0,2.0,
2005,851.0,2.0,23.0,1.0,1.0,2.0,1.0,0.0,300.0,3.0,2.0,300.0,2.0,7.0
2005,851.0,1.0,7.0,5.0,1.0,1.0,4.0,3.0,300.0,0.0,0.0,0.0,,
2005,851.0,2.0,5.0,5.0,1.0,7.0,4.0,5.0,300.0,0.0,0.0,0.0,,
2005,1482.0,1.0,43.0,2.0,4.0,2.0,1.0,0.0,85.0,2.0,0.0,350.0,2.0,1.0
2005,1482.0,2.0,42.0,2.0,4.0,1.0,3.0,4.0,85.0,0.0,0.0,0.0,,
2005,1482.0,2.0,23.0,5.0,4.0,4.0,1.0,0.0,85.0,3.0,2.0,0.0,2.0,3.0
2005,1482.0,2.0,22.0,5.0,4.0,3.0,1.0,0.0,85.0,2.0,0.0,100.0,2.0,1.0
2005,1482.0,1.0,20.0,5.0,4.0,4.0,2.0,0.0,85.0,3.0,0.0,0.0,,
2005,1482.0,2.0,13.0,5.0,4.0,3.0,3.0,3.0,85.0,0.0,0.0,0.0,,
2005,1142.0,1.0,38.0,2.0,1.0,6.0,1.0,0.0,557.5,3.0,1.0,2230.0,2.0,11.0
2005,1142.0,2.0,37.0,2.0,1.0,5.0,3.0,4.0,557.5,0.0,0.0,0.0,,
2005,1142.0,2.0,5.0,5.0,1.0,7.0,4.0,5.0,557.5,0.0,0.0,0.0,,
2005,1142.0,2.0,1.0,5.0,1.0,7.0,4.0,5.0,557.5,0.0,0.0,0.0,,
2005,1258.0,1.0,60.0,2.0,1.0,2.0,1.0,0.0,750.0,1.0,0.0,1500.0,2.0,3.0
2005,1258.0,2.0,60.0,2.0,1.0,2.0,3.0,4.0,750.0,0.0,0.0,0.0,,
2005,1249.0,1.0,53.0,2.0,1.0,4.0,1.0,0.0,415.0,3.0,1.0,1100.0,1.0,
2005,1249.0,2.0,51.0,2.0,1.0,4.0,3.0,4.0,415.0,0.0,0.0,0.0,,
2005,1249.0,1.0,26.0,5.0,1.0,4.0,1.0,0.0,415.0,3.0,2.0,890.0,2.0,
2005,1249.0,1.0,21.0,5.0,1.0,4.0,2.0,0.0,415.0,0.0,0.0,0.0,,
2005,1249.0,1.0,18.0,5.0,1.0,3.0,3.0,3.0,415.0,0.0,0.0,0.0,,
2005,1249.0,1.0,12.0,5.0,1.0,3.0,3.0,3.0,415.0,0.0,0.0,0.0,,
2005,1287.0,2.0,75.0,4.0,1.0,2.0,3.0,1.0,1101.0,0.0,0.0,0.0,,
2005,1287.0,1.0,19.0,5.0,1.0,4.0,1.0,0.0,1101.0,3.0,2.0,602.0,2.0,2.0
2005,1796.0,1.0,45.0,1.0,4.0,2.0,1.0,0.0,175.0,3.0,2.0,150.0,1.0,7.0
2005,1796.0,1.0,16.0,5.0,4.0,3.0,3.0,3.0,175.0,0.0,0.0,0.0,,
2005,1796.0,2.0,85.0,4.0,4.0,1.0,3.0,6.0,175.0,0.0,0.0,0.0,,
2005,1796.0,2.0,48.0,1.0,4.0,3.0,1.0,0.0,175.0,3.0,2.0,400.0,2.0,
2005,1334.0,1.0,30.0,1.0,4.0,2.0,1.0,0.0,100.0,3.0,2.0,300.0,2.0,2.0
2005,1334.0,2.0,25.0,1.0,4.0,3.0,3.0,4.0,100.0,0.0,0.0,0.0,,
2005,1334.0,2.0,2.0,5.0,4.0,7.0,4.0,5.0,100.0,0.0,0.0,0.0,,
2005,1023.0,1.0,44.0,1.0,1.0,5.0,1.0,0.0,385.0,3.0,2.0,1300.0,1.0,12.0
2005,1023.0,2.0,30.0,1.0,4.0,3.0,3.0,4.0,385.0,0.0,0.0,0.0,,
2005,1023.0,2.0,7.0,5.0,1.0,1.0,4.0,3.0,385.0,0.0,0.0,0.0,,
2005,1023.0,2.0,3.0,5.0,1.0,7.0,4.0,5.0,385.0,0.0,0.0,0.0,,
2005,1023.0,2.0,77.0,4.0,1.0,6.0,3.0,1.0,385.0,0.0,0.0,0.0,,
2005,1232.0,1.0,36.0,1.0,1.0,5.0,1.0,0.0,625.0,3.0,1.0,1500.0,2.0,8.0
2005,1232.0,2.0,33.0,1.0,1.0,4.0,1.0,0.0,625.0,3.0,1.0,1000.0,2.0,6.0
2005,1232.0,2.0,7.0,5.0,1.0,1.0,4.0,3.0,625.0,0.0,0.0,0.0,,
2005,1232.0,1.0,,5.0,1.0,7.0,4.0,5.0,625.0,0.0,0.0,0.0,,
2005,1527.0,1.0,45.0,2.0,1.0,4.0,1.0,0.0,318.0,3.0,1.0,1200.0,2.0,7.0
2005,1527.0,2.0,43.0,2.0,1.0,3.0,1.0,0.0,318.0,3.0,2.0,300.0,2.0,
2005,1527.0,2.0,20.0,5.0,1.0,5.0,3.0,3.0,318.0,0.0,0.0,0.0,,
2005,1527.0,1.0,15.0,5.0,1.0,3.0,3.0,3.0,318.0,0.0,0.0,0.0,,
2005,1527.0,1.0,14.0,5.0,1.0,1.0,3.0,3.0,318.0,0.0,0.0,0.0,,
2005,1349.0,1.0,76.0,1.0,1.0,2.0,1.0,0.0,502.5,3.0,2.0,720.0,2.0,4.0
2005,1349.0,2.0,67.0,1.0,1.0,2.0,3.0,4.0,502.5,0.0,0.0,0.0,,
2005,1349.0,1.0,39.0,5.0,1.0,1.0,3.0,4.0,502.5,0.0,0.0,0.0,,
2005,1349.0,2.0,23.0,5.0,4.0,6.0,1.0,0.0,502.5,3.0,2.0,240.0,1.0,11.0
2005,1226.0,1.0,58.0,2.0,4.0,2.0,1.0,0.0,350.0,3.0,2.0,450.0,2.0,
2005,1226.0,2.0,54.0,2.0,4.0,1.0,1.0,0.0,350.0,3.0,2.0,250.0,2.0,
2005,1040.0,1.0,64.0,1.0,4.0,1.0,3.0,7.0,230.0,0.0,0.0,0.0,,
2005,1040.0,2.0,74.0,1.0,4.0,2.0,1.0,0.0,230.0,2.0,0.0,160.0,2.0,1.0
2005,1417.0,1.0,46.0,5.0,4.0,4.0,1.0,0.0,900.0,2.0,0.0,0.0,2.0,1.0
2005,1162.0,2.0,54.0,1.0,1.0,2.0,1.0,0.0,240.0,3.0,1.0,800.0,2.0,9.0
2005,1162.0,1.0,66.0,1.0,4.0,2.0,3.0,4.0,240.0,0.0,0.0,0.0,,
2005,1162.0,1.0,42.0,2.0,4.0,3.0,1.0,0.0,240.0,3.0,2.0,200.0,2.0,2.0
2005,1162.0,1.0,1.0,5.0,4.0,7.0,4.0,5.0,240.0,0.0,0.0,0.0,,
2005,1162.0,2.0,35.0,2.0,4.0,6.0,3.0,4.0,240.0,0.0,0.0,0.0,,
2005,1115.0,1.0,72.0,2.0,1.0,2.0,3.0,1.0,250.0,0.0,0.0,0.0,,
2005,1115.0,2.0,72.0,2.0,1.0,2.0,3.0,4.0,250.0,0.0,0.0,0.0,,
2005,1120.0,1.0,65.0,2.0,1.0,2.0,1.0,0.0,675.0,3.0,1.0,650.0,2.0,9.0
2005,1120.0,2.0,62.0,2.0,1.0,2.0,1.0,0.0,675.0,3.0,2.0,550.0,2.0,6.0
2005,1120.0,2.0,30.0,5.0,1.0,5.0,1.0,0.0,675.0,3.0,1.0,700.0,2.0,7.0
2005,1120.0,2.0,29.0,5.0,1.0,5.0,1.0,0.0,675.0,3.0,1.0,800.0,2.0,7.0
2005,1311.0,2.0,40.0,2.0,1.0,6.0,1.0,0.0,533.3333333333334,3.0,1.0,500.0,1.0,8.0
2005,1311.0,1.0,37.0,2.0,1.0,7.0,1.0,0.0,533.3333333333334,3.0,1.0,600.0,1.0,8.0
2005,1311.0,2.0,2.0,5.0,1.0,7.0,4.0,5.0,533.3333333333334,0.0,0.0,0.0,,
2005,1111.0,2.0,62.0,4.0,1.0,6.0,3.0,1.0,950.0,0.0,0.0,0.0,,
2005,1111.0,2.0,26.0,5.0,1.0,5.0,1.0,0.0,950.0,2.0,0.0,100.0,2.0,2.0
2005,1420.0,1.0,53.0,5.0,4.0,2.0,1.0,0.0,160.0,2.0,0.0,20.0,2.0,1.0
2005,1420.0,2.0,85.0,4.0,1.0,1.0,3.0,1.0,160.0,0.0,0.0,0.0,,
2005,1190.0,1.0,38.0,2.0,1.0,2.0,1.0,0.0,470.0,3.0,1.0,1000.0,2.0,9.0
2005,1190.0,2.0,36.0,2.0,1.0,6.0,1.0,0.0,470.0,3.0,1.0,900.0,1.0,9.0
2005,1190.0,1.0,9.0,5.0,1.0,1.0,4.0,3.0,470.0,0.0,0.0,0.0,,
2005,1190.0,1.0,6.0,5.0,1.0,1.0,4.0,3.0,470.0,0.0,0.0,0.0,,
2005,1190.0,1.0,3.0,5.0,1.0,7.0,4.0,5.0,470.0,0.0,0.0,0.0,,
2005,1203.0,1.0,56.0,2.0,1.0,4.0,1.0,0.0,1010.0,3.0,1.0,1000.0,2.0,3.0
2005,1203.0,2.0,52.0,2.0,1.0,4.0,1.0,0.0,1010.0,3.0,1.0,700.0,2.0,9.0
2005,1203.0,2.0,25.0,5.0,1.0,5.0,1.0,0.0,1010.0,3.0,1.0,700.0,2.0,9.0
2005,1203.0,2.0,22.0,5.0,1.0,5.0,1.0,0.0,1010.0,3.0,2.0,400.0,2.0,6.0
2005,1203.0,1.0,16.0,5.0,1.0,3.0,3.0,3.0,1010.0,0.0,0.0,0.0,,
2005,1041.0,2.0,66.0,4.0,12.0,3.0,3.0,1.0,739.0,0.0,0.0,0.0,,
2005,1309.0,1.0,24.0,1.0,4.0,5.0,1.0,0.0,192.5,2.0,0.0,350.0,2.0,2.0
2005,1309.0,2.0,24.0,1.0,4.0,5.0,1.0,0.0,192.5,2.0,0.0,35.0,2.0,2.0
2005,1157.0,1.0,54.0,2.0,1.0,4.0,1.0,0.0,200.0,3.0,1.0,600.0,1.0,9.0
2005,1157.0,2.0,51.0,2.0,1.0,3.0,3.0,4.0,200.0,0.0,0.0,0.0,,
2005,1157.0,1.0,21.0,5.0,1.0,5.0,3.0,3.0,200.0,0.0,0.0,0.0,,
2005,1157.0,2.0,17.0,5.0,1.0,3.0,3.0,3.0,200.0,0.0,0.0,0.0,,
2005,1101.0,1.0,72.0,1.0,4.0,2.0,1.0,0.0,25.0,3.0,2.0,0.0,2.0,2.0
2005,1101.0,2.0,70.0,1.0,4.0,1.0,3.0,4.0,25.0,0.0,0.0,0.0,,
2005,5405.0,1.0,30.0,5.0,2.0,6.0,1.0,0.0,3700.0,3.0,1.0,3700.0,2.0,9.0
2005,1873.0,2.0,34.0,3.0,4.0,2.0,1.0,0.0,480.0,3.0,2.0,480.0,2.0,
2005,1213.0,1.0,34.0,2.0,1.0,6.0,1.0,0.0,590.0,2.0,0.0,1000.0,2.0,1.0
2005,1213.0,2.0,34.0,2.0,1.0,6.0,1.0,0.0,590.0,3.0,1.0,700.0,2.0,9.0
2005,1213.0,1.0,7.0,5.0,1.0,1.0,4.0,3.0,590.0,0.0,0.0,0.0,,
2005,1213.0,2.0,2.0,5.0,1.0,7.0,4.0,5.0,590.0,0.0,0.0,0.0,,
2005,1213.0,2.0,65.0,4.0,1.0,2.0,1.0,0.0,590.0,3.0,2.0,350.0,2.0,
2005,1313.0,1.0,58.0,2.0,1.0,2.0,1.0,0.0,191.66666666666666,3.0,1.0,350.0,1.0,12.0
2005,1313.0,2.0,56.0,2.0,1.0,2.0,3.0,4.0,191.66666666666666,0.0,0.0,0.0,,
2005,1313.0,1.0,27.0,5.0,4.0,2.0,1.0,0.0,191.66666666666666,2.0,0.0,200.0,2.0,1.0
2005,1313.0,1.0,25.0,5.0,4.0,2.0,1.0,0.0,191.66666666666666,3.0,2.0,320.0,2.0,2.0
2005,1313.0,2.0,24.0,5.0,4.0,3.0,2.0,0.0,191.66666666666666,3.0,0.0,0.0,,
2005,1313.0,1.0,22.0,5.0,4.0,1.0,1.0,0.0,191.66666666666666,3.0,2.0,280.0,2.0,4.0
2005,1257.0,1.0,56.0,5.0,1.0,3.0,1.0,0.0,800.0,1.0,0.0,800.0,2.0,2.0
2005,1280.0,1.0,31.0,1.0,1.0,6.0,1.0,0.0,1883.3333333333333,3.0,1.0,3750.0,2.0,11.0
2005,1280.0,2.0,33.0,1.0,1.0,5.0,1.0,0.0,1883.3333333333333,3.0,1.0,1500.0,2.0,9.0
2005,1280.0,1.0,,5.0,1.0,7.0,4.0,5.0,1883.3333333333333,0.0,0.0,0.0,,
2005,1225.0,1.0,63.0,2.0,4.0,2.0,3.0,4.0,50.0,0.0,0.0,0.0,,
2005,1225.0,2.0,67.0,2.0,4.0,1.0,1.0,0.0,50.0,3.0,2.0,150.0,2.0,
2005,1225.0,2.0,38.0,5.0,4.0,5.0,3.0,3.0,50.0,0.0,0.0,0.0,,
2005,1453.0,1.0,47.0,1.0,4.0,2.0,1.0,0.0,975.0,2.0,0.0,2500.0,2.0,1.0
2005,1453.0,2.0,40.0,1.0,4.0,2.0,1.0,0.0,975.0,3.0,2.0,600.0,2.0,4.0
2005,1453.0,1.0,25.0,5.0,1.0,1.0,1.0,0.0,975.0,3.0,1.0,800.0,2.0,
2005,1453.0,2.0,21.0,5.0,4.0,5.0,3.0,3.0,975.0,0.0,0.0,0.0,,
2005,1210.0,1.0,42.0,2.0,2.0,3.0,1.0,0.0,200.0,2.0,0.0,300.0,2.0,1.0
2005,1210.0,2.0,43.0,2.0,2.0,6.0,1.0,0.0,200.0,3.0,1.0,700.0,1.0,
2005,1210.0,2.0,11.0,5.0,2.0,1.0,3.0,3.0,200.0,0.0,0.0,0.0,,
2005,1210.0,1.0,10.0,5.0,2.0,1.0,3.0,3.0,200.0,0.0,0.0,0.0,,
2005,1210.0,1.0,7.0,5.0,2.0,1.0,4.0,3.0,200.0,0.0,0.0,0.0,,
2005,1720.0,1.0,58.0,1.0,4.0,1.0,1.0,0.0,450.0,2.0,0.0,180.0,2.0,1.0
2005,1720.0,2.0,55.0,1.0,4.0,7.0,1.0,0.0,450.0,3.0,2.0,150.0,1.0,
2005,1720.0,1.0,31.0,5.0,4.0,3.0,1.0,0.0,450.0,3.0,2.0,0.0,2.0,3.0
2005,1720.0,2.0,22.0,5.0,1.0,3.0,1.0,0.0,450.0,3.0,1.0,1250.0,2.0,
2005,1720.0,2.0,23.0,5.0,4.0,2.0,1.0,0.0,450.0,3.0,2.0,550.0,2.0,
2005,1327.0,1.0,33.0,5.0,1.0,5.0,1.0,0.0,1700.0,3.0,1.0,1700.0,1.0,11.0
2005,1893.0,1.0,37.0,1.0,4.0,2.0,1.0,0.0,132.22222222222223,3.0,2.0,800.0,2.0,3.0
2005,1893.0,2.0,34.0,1.0,4.0,1.0,1.0,0.0,132.22222222222223,3.0,2.0,150.0,1.0,5.0
2005,1893.0,2.0,15.0,5.0,4.0,1.0,3.0,4.0,132.22222222222223,0.0,0.0,0.0,,
2005,1893.0,1.0,14.0,5.0,4.0,1.0,3.0,3.0,132.22222222222223,0.0,0.0,0.0,,
2005,1893.0,1.0,11.0,5.0,4.0,1.0,3.0,3.0,132.22222222222223,0.0,0.0,0.0,,
2005,1893.0,1.0,10.0,5.0,4.0,1.0,3.0,3.0,132.22222222222223,0.0,0.0,0.0,,
2005,1893.0,1.0,7.0,5.0,4.0,1.0,4.0,3.0,132.22222222222223,0.0,0.0,0.0,,
2005,1893.0,1.0,5.0,5.0,4.0,7.0,4.0,5.0,132.22222222222223,0.0,0.0,0.0,,
2005,1893.0,1.0,30.0,5.0,4.0,3.0,1.0,0.0,132.22222222222223,3.0,2.0,240.0,2.0,6.0
2005,2087.0,1.0,28.0,1.0,1.0,6.0,1.0,0.0,262.0,3.0,1.0,600.0,2.0,12.0
2005,2087.0,2.0,31.0,1.0,4.0,4.0,1.0,0.0,262.0,3.0,2.0,260.0,2.0,3.0
2005,2087.0,1.0,14.0,5.0,4.0,3.0,3.0,3.0,262.0,0.0,0.0,0.0,,
2005,2087.0,1.0,9.0,5.0,4.0,1.0,4.0,3.0,262.0,0.0,0.0,0.0,,
2005,2087.0,1.0,7.0,5.0,4.0,1.0,4.0,3.0,262.0,0.0,0.0,0.0,,
2005,1288.0,1.0,35.0,1.0,4.0,2.0,1.0,0.0,180.0,3.0,2.0,450.0,2.0,3.0
2005,1288.0,2.0,28.0,1.0,4.0,3.0,1.0,0.0,180.0,3.0,2.0,150.0,1.0,6.0
2005,1288.0,2.0,11.0,5.0,4.0,1.0,3.0,3.0,180.0,0.0,0.0,0.0,,
2005,1288.0,2.0,10.0,5.0,4.0,1.0,3.0,3.0,180.0,0.0,0.0,0.0,,
2005,1288.0,1.0,7.0,5.0,4.0,1.0,4.0,3.0,180.0,0.0,0.0,0.0,,
2005,1313.0,1.0,25.0,5.0,1.0,3.0,1.0,0.0,373.3333333333333,3.0,1.0,770.0,2.0,11.0
2005,1313.0,2.0,28.0,5.0,1.0,5.0,2.0,0.0,373.3333333333333,3.0,0.0,0.0,,
2005,1313.0,2.0,61.0,4.0,1.0,2.0,3.0,7.0,373.3333333333333,0.0,0.0,0.0,,
2005,1091.0,2.0,75.0,5.0,1.0,2.0,3.0,2.0,350.0,0.0,0.0,0.0,,
2005,1091.0,1.0,32.0,1.0,1.0,5.0,1.0,0.0,416.6666666666667,3.0,1.0,1250.0,2.0,11.0
2005,1091.0,2.0,28.0,1.0,1.0,4.0,2.0,0.0,416.6666666666667,3.0,0.0,0.0,,
2005,1091.0,2.0,5.0,5.0,1.0,7.0,4.0,5.0,416.6666666666667,0.0,0.0,0.0,,
2005,1327.0,1.0,41.0,3.0,1.0,6.0,1.0,0.0,1900.0,3.0,1.0,1300.0,2.0,10.0
2005,1182.0,2.0,58.0,3.0,2.0,2.0,1.0,0.0,370.0,3.0,2.0,200.0,2.0,1.0
2005,1320.0,1.0,52.0,2.0,1.0,2.0,1.0,0.0,387.5,3.0,1.0,1000.0,2.0,
2005,1320.0,2.0,45.0,2.0,1.0,2.0,3.0,4.0,387.5,0.0,0.0,0.0,,
2005,1320.0,1.0,26.0,5.0,1.0,1.0,3.0,6.0,387.5,0.0,0.0,0.0,,
2005,1320.0,2.0,22.0,5.0,1.0,5.0,1.0,0.0,387.5,3.0,1.0,400.0,1.0,
2005,1918.0,1.0,55.0,2.0,4.0,2.0,2.0,0.0,152.0,2.0,0.0,0.0,,
2005,1918.0,2.0,57.0,2.0,4.0,2.0,1.0,0.0,152.0,3.0,2.0,150.0,1.0,10.0
2005,1918.0,1.0,29.0,5.0,4.0,4.0,2.0,0.0,152.0,2.0,0.0,0.0,,
2005,1918.0,1.0,28.0,5.0,4.0,2.0,1.0,0.0,152.0,3.0,2.0,400.0,2.0,2.0
2005,1918.0,2.0,26.0,5.0,1.0,4.0,1.0,0.0,152.0,3.0,1.0,300.0,1.0,8.0
2005,1918.0,2.0,26.0,5.0,1.0,4.0,1.0,0.0,152.0,3.0,1.0,350.0,1.0,9.0
2005,1918.0,2.0,21.0,5.0,4.0,3.0,2.0,0.0,152.0,3.0,0.0,0.0,,
2005,1918.0,2.0,19.0,5.0,4.0,3.0,3.0,4.0,152.0,0.0,0.0,0.0,,
2005,1918.0,1.0,17.0,5.0,4.0,3.0,3.0,7.0,152.0,0.0,0.0,0.0,,
2005,1918.0,2.0,6.0,5.0,4.0,1.0,4.0,3.0,152.0,0.0,0.0,0.0,,
2005,1152.0,2.0,75.0,4.0,1.0,2.0,3.0,1.0,435.0,0.0,0.0,0.0,,
2005,1368.0,1.0,32.0,2.0,1.0,4.0,1.0,0.0,300.0,3.0,1.0,900.0,2.0,9.0
2005,1368.0,2.0,29.0,2.0,1.0,5.0,3.0,3.0,300.0,0.0,0.0,0.0,,
2005,1368.0,2.0,2.0,5.0,1.0,7.0,4.0,5.0,300.0,0.0,0.0,0.0,,
2005,1199.0,1.0,55.0,2.0,1.0,2.0,1.0,0.0,316.0,3.0,1.0,450.0,2.0,7.0
2005,1199.0,2.0,48.0,2.0,1.0,2.0,3.0,4.0,316.0,0.0,0.0,0.0,,
2005,1199.0,2.0,25.0,2.0,1.0,6.0,2.0,0.0,316.0,2.0,0.0,0.0,,
2005,1199.0,1.0,27.0,2.0,1.0,6.0,1.0,0.0,316.0,2.0,0.0,1000.0,2.0,1.0
2005,1199.0,2.0,1.0,5.0,1.0,7.0,4.0,5.0,316.0,0.0,0.0,0.0,,
2005,1356.0,1.0,50.0,3.0,4.0,3.0,1.0,0.0,2500.0,2.0,0.0,2500.0,2.0,1.0
2005,1060.0,1.0,80.0,2.0,1.0,2.0,3.0,1.0,250.0,0.0,0.0,0.0,,
2005,1060.0,2.0,70.0,2.0,1.0,2.0,3.0,4.0,250.0,0.0,0.0,0.0,,
2005,1282.0,1.0,35.0,1.0,1.0,2.0,1.0,0.0,1415.0,3.0,1.0,1500.0,2.0,12.0
2005,1282.0,2.0,18.0,1.0,4.0,4.0,1.0,0.0,1415.0,3.0,2.0,800.0,2.0,9.0
2005,1360.0,1.0,32.0,2.0,1.0,6.0,1.0,0.0,566.6666666666666,3.0,1.0,1100.0,1.0,11.0
2005,1360.0,2.0,31.0,2.0,1.0,6.0,3.0,4.0,566.6666666666666,0.0,0.0,0.0,,
2005,1360.0,2.0,1.0,5.0,1.0,7.0,4.0,5.0,566.6666666666666,0.0,0.0,0.0,,
2005,1631.0,1.0,49.0,2.0,2.0,6.0,1.0,0.0,500.0,3.0,2.0,500.0,2.0,1.0
2005,1631.0,1.0,48.0,2.0,2.0,6.0,1.0,0.0,500.0,3.0,2.0,500.0,2.0,2.0
2005,1175.0,1.0,44.0,2.0,1.0,3.0,1.0,0.0,675.0,2.0,0.0,1500.0,2.0,1.0
2005,1175.0,2.0,44.0,2.0,1.0,4.0,1.0,0.0,675.0,3.0,1.0,1200.0,2.0,
2005,1175.0,2.0,13.0,5.0,1.0,3.0,3.0,3.0,675.0,0.0,0.0,0.0,,
2005,1175.0,2.0,10.0,5.0,1.0,1.0,3.0,3.0,675.0,0.0,0.0,0.0,,
2005,1138.0,2.0,66.0,5.0,4.0,1.0,3.0,4.0,220.0,0.0,0.0,0.0,,
2005,1138.0,2.0,36.0,1.0,1.0,2.0,1.0,0.0,220.0,3.0,1.0,700.0,2.0,9.0
2005,1138.0,1.0,34.0,1.0,4.0,4.0,1.0,0.0,220.0,2.0,0.0,400.0,2.0,1.0
2005,1138.0,1.0,9.0,5.0,1.0,1.0,4.0,3.0,220.0,0.0,0.0,0.0,,
2005,1138.0,1.0,4.0,5.0,1.0,7.0,4.0,5.0,220.0,0.0,0.0,0.0,,
2005,1176.0,2.0,85.0,4.0,1.0,6.0,3.0,1.0,1680.0,0.0,0.0,0.0,,
2005,1047.0,1.0,58.0,1.0,1.0,5.0,1.0,0.0,1175.0,2.0,0.0,2000.0,2.0,3.0
2005,1047.0,2.0,51.0,1.0,1.0,6.0,1.0,0.0,1175.0,2.0,0.0,350.0,2.0,3.0
2005,2173.0,1.0,57.0,2.0,1.0,5.0,1.0,0.0,433.3333333333333,2.0,0.0,700.0,2.0,1.0
2005,2173.0,2.0,54.0,2.0,1.0,4.0,3.0,4.0,433.3333333333333,0.0,0.0,0.0,,
2005,2173.0,1.0,33.0,5.0,4.0,4.0,1.0,0.0,433.3333333333333,2.0,0.0,600.0,2.0,1.0
2005,1036.0,1.0,57.0,1.0,1.0,2.0,1.0,0.0,1025.0,2.0,0.0,700.0,2.0,2.0
2005,1036.0,2.0,63.0,1.0,1.0,2.0,1.0,0.0,1025.0,2.0,0.0,350.0,2.0,2.0
2005,2753.0,2.0,36.0,3.0,4.0,2.0,1.0,0.0,112.5,2.0,0.0,250.0,2.0,1.0
2005,2753.0,1.0,16.0,5.0,1.0,3.0,3.0,3.0,112.5,0.0,0.0,0.0,,
2005,2753.0,2.0,15.0,5.0,1.0,3.0,3.0,3.0,112.5,0.0,0.0,0.0,,
2005,2753.0,1.0,4.0,5.0,4.0,7.0,4.0,5.0,112.5,0.0,0.0,0.0,,
2005,1342.0,1.0,56.0,1.0,4.0,7.0,3.0,6.0,50.0,0.0,0.0,0.0,,
2005,1342.0,2.0,55.0,1.0,4.0,1.0,1.0,0.0,50.0,3.0,2.0,150.0,1.0,8.0
2005,1342.0,2.0,17.0,5.0,4.0,3.0,3.0,4.0,50.0,0.0,0.0,0.0,,
2005,1181.0,1.0,45.0,2.0,1.0,4.0,1.0,0.0,312.5,3.0,1.0,900.0,1.0,12.0
2005,1181.0,2.0,38.0,2.0,1.0,6.0,3.0,1.0,312.5,0.0,0.0,0.0,,
2005,1181.0,2.0,84.0,4.0,1.0,1.0,3.0,7.0,312.5,0.0,0.0,0.0,,
2005,1181.0,1.0,13.0,5.0,1.0,1.0,3.0,3.0,312.5,0.0,0.0,0.0,,
2005,1251.0,1.0,45.0,2.0,1.0,4.0,3.0,7.0,285.0,0.0,0.0,0.0,,
2005,1251.0,2.0,53.0,2.0,1.0,4.0,3.0,4.0,285.0,0.0,0.0,0.0,,
2005,1251.0,1.0,31.0,5.0,4.0,6.0,1.0,0.0,285.0,3.0,2.0,1000.0,2.0,
2005,1251.0,2.0,33.0,5.0,4.0,2.0,1.0,0.0,285.0,3.0,2.0,140.0,2.0,
2005,1168.0,2.0,67.0,4.0,1.0,1.0,3.0,1.0,825.0,0.0,0.0,0.0,,
2005,1168.0,1.0,23.0,5.0,1.0,3.0,1.0,0.0,825.0,3.0,1.0,700.0,2.0,
2005,991.0,1.0,71.0,2.0,1.0,1.0,3.0,1.0,290.0,0.0,0.0,0.0,,
2005,991.0,2.0,69.0,2.0,1.0,1.0,3.0,1.0,290.0,0.0,0.0,0.0,,
2005,1561.0,1.0,60.0,2.0,4.0,1.0,1.0,0.0,140.0,3.0,2.0,400.0,2.0,4.0
2005,1561.0,2.0,71.0,2.0,4.0,1.0,3.0,4.0,140.0,0.0,0.0,0.0,,
2005,1561.0,2.0,28.0,3.0,4.0,2.0,3.0,4.0,140.0,0.0,0.0,0.0,,
2005,1561.0,2.0,6.0,5.0,4.0,1.0,4.0,3.0,140.0,0.0,0.0,0.0,,
2005,1561.0,1.0,2.0,5.0,4.0,7.0,4.0,5.0,140.0,0.0,0.0,0.0,,
2005,1300.0,1.0,45.0,1.0,4.0,1.0,1.0,0.0,134.0,3.0,2.0,600.0,3.0,7.0
2005,1300.0,2.0,43.0,1.0,4.0,3.0,1.0,0.0,134.0,2.0,0.0,70.0,2.0,1.0
2005,1300.0,1.0,13.0,5.0,4.0,3.0,3.0,3.0,134.0,0.0,0.0,0.0,,
2005,1300.0,1.0,6.0,5.0,4.0,1.0,4.0,3.0,134.0,0.0,0.0,0.0,,
2005,1300.0,2.0,8.0,5.0,4.0,1.0,4.0,3.0,134.0,0.0,0.0,0.0,,
2005,1599.0,1.0,32.0,1.0,4.0,2.0,1.0,0.0,73.33333333333333,3.0,2.0,100.0,2.0,3.0
2005,1599.0,2.0,28.0,1.0,4.0,3.0,1.0,0.0,73.33333333333333,3.0,2.0,120.0,2.0,5.0
2005,1599.0,2.0,3.0,5.0,4.0,7.0,4.0,5.0,73.33333333333333,0.0,0.0,0.0,,
2005,1126.0,2.0,33.0,3.0,4.0,3.0,1.0,0.0,73.33333333333333,2.0,0.0,120.0,2.0,1.0
2005,1126.0,1.0,12.0,5.0,4.0,1.0,3.0,3.0,73.33333333333333,0.0,0.0,0.0,,
2005,1126.0,1.0,9.0,5.0,4.0,1.0,4.0,3.0,73.33333333333333,0.0,0.0,0.0,,
2005,1060.0,1.0,63.0,2.0,1.0,4.0,3.0,1.0,650.0,0.0,0.0,0.0,,
2005,1060.0,2.0,63.0,2.0,1.0,2.0,3.0,4.0,650.0,0.0,0.0,0.0,,
2005,1371.0,1.0,39.0,2.0,1.0,2.0,1.0,0.0,175.0,3.0,1.0,700.0,2.0,
2005,1371.0,2.0,35.0,2.0,1.0,6.0,3.0,4.0,175.0,0.0,0.0,0.0,,
2005,1371.0,2.0,8.0,5.0,1.0,1.0,4.0,3.0,175.0,0.0,0.0,0.0,,
2005,1371.0,2.0,,5.0,1.0,7.0,4.0,5.0,175.0,0.0,0.0,0.0,,
2005,1455.0,1.0,55.0,2.0,1.0,5.0,1.0,0.0,1175.0,3.0,1.0,2900.0,2.0,12.0
2005,1455.0,2.0,51.0,2.0,1.0,4.0,1.0,0.0,1175.0,2.0,0.0,400.0,2.0,1.0
2005,1455.0,1.0,27.0,5.0,1.0,4.0,1.0,0.0,1175.0,3.0,2.0,700.0,2.0,
2005,1455.0,2.0,24.0,5.0,1.0,4.0,1.0,0.0,1175.0,3.0,1.0,700.0,2.0,12.0
2005,1247.0,1.0,68.0,5.0,4.0,2.0,3.0,4.0,20.0,0.0,0.0,0.0,,
2005,1471.0,1.0,44.0,2.0,4.0,2.0,1.0,0.0,30.285714285714285,3.0,2.0,0.0,2.0,
2005,1471.0,2.0,49.0,2.0,4.0,2.0,1.0,0.0,30.285714285714285,2.0,0.0,72.0,2.0,2.0
2005,1471.0,2.0,25.0,5.0,4.0,3.0,1.0,0.0,30.285714285714285,2.0,0.0,140.0,2.0,2.0
2005,1471.0,2.0,23.0,5.0,4.0,4.0,2.0,0.0,30.285714285714285,2.0,0.0,0.0,,
2005,1471.0,1.0,18.0,5.0,4.0,3.0,3.0,3.0,30.285714285714285,0.0,0.0,0.0,,
2005,1471.0,2.0,15.0,5.0,4.0,3.0,3.0,3.0,30.285714285714285,0.0,0.0,0.0,,
2005,1471.0,2.0,9.0,5.0,4.0,1.0,4.0,3.0,30.285714285714285,0.0,0.0,0.0,,
2005,1176.0,1.0,77.0,4.0,12.0,2.0,3.0,1.0,630.0,0.0,0.0,0.0,,
2005,958.0,1.0,71.0,2.0,1.0,4.0,3.0,1.0,379.0,0.0,0.0,0.0,,
2005,958.0,2.0,68.0,2.0,1.0,2.0,3.0,1.0,379.0,0.0,0.0,0.0,,
2005,1397.0,1.0,53.0,2.0,1.0,4.0,1.0,0.0,333.3333333333333,3.0,1.0,800.0,1.0,9.0
2005,1397.0,2.0,52.0,2.0,1.0,4.0,3.0,4.0,333.3333333333333,0.0,0.0,0.0,,
2005,1397.0,1.0,20.0,5.0,1.0,4.0,1.0,0.0,333.3333333333333,2.0,0.0,200.0,2.0,1.0
2005,1204.0,1.0,73.0,1.0,4.0,1.0,3.0,1.0,192.5,0.0,0.0,0.0,,
2005,1204.0,2.0,57.0,1.0,4.0,1.0,1.0,0.0,192.5,3.0,2.0,150.0,1.0,
2005,1204.0,1.0,25.0,5.0,4.0,2.0,1.0,0.0,192.5,3.0,2.0,320.0,2.0,
2005,1204.0,1.0,22.0,5.0,4.0,2.0,2.0,0.0,192.5,0.0,0.0,0.0,,
2005,1171.0,2.0,82.0,4.0,1.0,2.0,3.0,1.0,350.0,0.0,0.0,0.0,,
2005,1279.0,1.0,57.0,2.0,1.0,6.0,1.0,0.0,1066.6666666666667,2.0,0.0,3000.0,2.0,1.0
2005,1279.0,2.0,55.0,2.0,1.0,4.0,3.0,4.0,1066.6666666666667,0.0,0.0,0.0,,
2005,1279.0,1.0,24.0,5.0,1.0,6.0,1.0,0.0,1066.6666666666667,4.0,0.0,0.0,2.0,2.0
2005,1201.0,1.0,51.0,2.0,2.0,6.0,1.0,0.0,500.0,1.0,0.0,1000.0,2.0,3.0
2005,1201.0,2.0,45.0,2.0,2.0,4.0,1.0,0.0,500.0,1.0,0.0,1000.0,2.0,3.0
2005,1201.0,2.0,18.0,5.0,2.0,3.0,3.0,3.0,500.0,0.0,0.0,0.0,,
2005,1201.0,1.0,12.0,5.0,2.0,3.0,3.0,3.0,500.0,0.0,0.0,0.0,,
2005,1544.0,1.0,46.0,2.0,1.0,6.0,1.0,0.0,610.0,3.0,1.0,1500.0,1.0,
2005,1544.0,2.0,46.0,2.0,1.0,2.0,1.0,0.0,610.0,3.0,2.0,240.0,2.0,
2005,1544.0,2.0,21.0,5.0,1.0,5.0,1.0,0.0,610.0,3.0,1.0,700.0,2.0,
2005,1544.0,1.0,18.0,5.0,1.0,5.0,3.0,3.0,610.0,0.0,0.0,0.0,,
2005,925.0,2.0,30.0,3.0,4.0,2.0,1.0,0.0,90.0,3.0,2.0,150.0,1.0,5.0
2005,925.0,2.0,13.0,5.0,4.0,1.0,3.0,3.0,90.0,0.0,0.0,0.0,,
2005,925.0,1.0,11.0,5.0,4.0,1.0,3.0,3.0,90.0,0.0,0.0,0.0,,
2005,925.0,1.0,9.0,5.0,4.0,1.0,4.0,3.0,90.0,0.0,0.0,0.0,,
2005,925.0,2.0,5.0,5.0,4.0,7.0,4.0,5.0,90.0,0.0,0.0,0.0,,
2005,1041.0,1.0,69.0,2.0,1.0,2.0,3.0,1.0,607.5,0.0,0.0,0.0,,
2005,1041.0,2.0,56.0,2.0,1.0,2.0,3.0,4.0,607.5,0.0,0.0,0.0,,
2005,1487.0,2.0,69.0,4.0,4.0,1.0,3.0,4.0,500.0,0.0,0.0,0.0,,
2005,1284.0,1.0,39.0,5.0,4.0,2.0,1.0,0.0,600.0,2.0,0.0,600.0,2.0,1.0
2005,1055.0,1.0,79.0,2.0,1.0,2.0,3.0,1.0,215.0,0.0,0.0,0.0,,
2005,1055.0,2.0,73.0,2.0,1.0,2.0,3.0,4.0,215.0,0.0,0.0,0.0,,
2005,1121.0,2.0,61.0,4.0,1.0,1.0,3.0,1.0,357.5,0.0,0.0,0.0,,
2005,1121.0,1.0,21.0,5.0,4.0,4.0,1.0,0.0,357.5,3.0,2.0,300.0,2.0,4.0
2005,1121.0,1.0,23.0,5.0,4.0,4.0,1.0,0.0,357.5,3.0,2.0,700.0,2.0,
2005,1121.0,1.0,66.0,5.0,1.0,2.0,3.0,1.0,357.5,0.0,0.0,0.0,,
2005,1409.0,1.0,60.0,2.0,4.0,1.0,1.0,0.0,370.0,3.0,2.0,800.0,2.0,6.0
2005,1409.0,2.0,40.0,2.0,4.0,1.0,1.0,0.0,370.0,3.0,2.0,200.0,2.0,
2005,1409.0,1.0,20.0,5.0,4.0,2.0,1.0,0.0,370.0,3.0,2.0,400.0,2.0,6.0
2005,1409.0,2.0,23.0,5.0,4.0,4.0,1.0,0.0,370.0,3.0,2.0,80.0,2.0,
2005,1391.0,1.0,36.0,2.0,1.0,2.0,1.0,0.0,200.0,3.0,1.0,800.0,2.0,
2005,1391.0,2.0,31.0,2.0,1.0,2.0,3.0,4.0,200.0,0.0,0.0,0.0,,
2005,1391.0,1.0,10.0,5.0,1.0,1.0,3.0,3.0,200.0,0.0,0.0,0.0,,
2005,1391.0,2.0,4.0,5.0,1.0,7.0,4.0,5.0,200.0,0.0,0.0,0.0,,
2005,1301.0,2.0,41.0,3.0,4.0,3.0,1.0,0.0,62.5,3.0,2.0,125.0,2.0,8.0
2005,1301.0,1.0,10.0,5.0,4.0,1.0,3.0,3.0,62.5,0.0,0.0,0.0,,
2005,1419.0,1.0,27.0,5.0,4.0,6.0,1.0,0.0,1500.0,2.0,0.0,1000.0,3.0,8.0
2005,1502.0,1.0,56.0,2.0,1.0,2.0,1.0,0.0,637.5,2.0,0.0,1000.0,2.0,1.0
2005,1502.0,2.0,56.0,2.0,1.0,2.0,1.0,0.0,637.5,3.0,2.0,400.0,2.0,
2005,1502.0,2.0,26.0,5.0,1.0,6.0,1.0,0.0,637.5,3.0,1.0,750.0,2.0,8.0
2005,1502.0,1.0,19.0,5.0,1.0,4.0,1.0,0.0,637.5,3.0,2.0,400.0,2.0,3.0
2005,1179.0,2.0,27.0,5.0,2.0,5.0,1.0,0.0,247.0,3.0,2.0,244.0,2.0,8.0
2005,1179.0,1.0,5.0,5.0,2.0,7.0,4.0,5.0,247.0,0.0,0.0,0.0,,
2005,1150.0,1.0,70.0,2.0,1.0,2.0,3.0,1.0,450.0,0.0,0.0,0.0,,
2005,1150.0,2.0,63.0,2.0,1.0,3.0,3.0,4.0,450.0,0.0,0.0,0.0,,
2005,1475.0,1.0,48.0,2.0,1.0,4.0,1.0,0.0,632.5,3.0,1.0,1850.0,2.0,9.0
2005,1475.0,2.0,46.0,2.0,1.0,4.0,3.0,4.0,632.5,0.0,0.0,0.0,,
2005,1475.0,2.0,76.0,4.0,1.0,1.0,3.0,1.0,632.5,0.0,0.0,0.0,,
2005,1475.0,1.0,15.0,5.0,1.0,3.0,3.0,3.0,632.5,0.0,0.0,0.0,,
2005,1047.0,1.0,59.0,2.0,1.0,4.0,1.0,0.0,600.0,3.0,1.0,1200.0,1.0,7.0
2005,1047.0,2.0,59.0,2.0,1.0,4.0,3.0,4.0,600.0,0.0,0.0,0.0,,
2005,1200.0,2.0,72.0,4.0,12.0,6.0,3.0,1.0,1050.0,0.0,0.0,0.0,,
2005,1200.0,2.0,85.0,5.0,1.0,1.0,3.0,1.0,1050.0,0.0,0.0,0.0,,
2025,1795.0,2.0,47.0,1.0,1.0,6.0,1.0,0.0,4000000.0,3.0,1.0,4500000.0,2.0,
2025,1795.0,1.0,35.0,1.0,1.0,6.0,1.0,0.0,4000000.0,3.0,1.0,3500000.0,2.0,11.0
2025,2006.0,1.0,28.0,1.0,12.0,6.0,1.0,0.0,0.0,3.0,2.0,1200000.0,2.0,6.0
2025,2006.0,2.0,29.0,1.0,12.0,6.0,1.0,0.0,0.0,3.0,2.0,,2.0,
2025,1923.0,1.0,32.0,5.0,1.0,6.0,1.0,0.0,0.0,3.0,1.0,,1.0,12.0
2025,2970.0,1.0,76.0,3.0,1.0,6.0,3.0,1.0,0.0,0.0,,0.0,,
2025,2970.0,1.0,34.0,5.0,4.0,5.0,1.0,0.0,0.0,3.0,2.0,,2.0,
2025,2170.0,1.0,76.0,2.0,1.0,2.0,3.0,1.0,0.0,0.0,,0.0,,
2025,2170.0,2.0,72.0,2.0,1.0,2.0,3.0,1.0,0.0,0.0,,0.0,,
2025,2170.0,2.0,48.0,3.0,4.0,5.0,1.0,0.0,0.0,2.0,0.0,500000.0,2.0,1.0
2025,2170.0,1.0,46.0,5.0,4.0,6.0,1.0,0.0,0.0,3.0,2.0,,2.0,
2025,2170.0,1.0,38.0,5.0,1.0,4.0,1.0,0.0,0.0,2.0,0.0,,2.0,1.0
2025,2062.0,2.0,42.0,5.0,4.0,4.0,1.0,0.0,69333.33,2.0,0.0,80000.0,2.0,1.0
2025,2062.0,1.0,24.0,5.0,4.0,3.0,2.0,0.0,69333.33,3.0,,0.0,,
2025,2062.0,2.0,16.0,5.0,4.0,3.0,3.0,3.0,69333.33,0.0,,0.0,,
2025,2213.0,1.0,54.0,2.0,1.0,4.0,1.0,0.0,1133333.33,3.0,1.0,1900000.0,2.0,7.0
2025,2213.0,2.0,49.0,2.0,1.0,6.0,1.0,0.0,1133333.33,3.0,1.0,1500000.0,1.0,8.0
2025,2213.0,1.0,19.0,5.0,1.0,5.0,3.0,3.0,1133333.33,0.0,,0.0,,
2025,1831.0,2.0,39.0,3.0,4.0,4.0,2.0,0.0,85000.0,0.0,,0.0,,
2025,1831.0,1.0,12.0,5.0,4.0,3.0,3.0,3.0,85000.0,0.0,,0.0,,
2025,1831.0,1.0,8.0,5.0,4.0,1.0,4.0,3.0,85000.0,0.0,,0.0,,
2025,1831.0,1.0,5.0,5.0,4.0,7.0,4.0,5.0,85000.0,0.0,,0.0,,
2025,1417.0,2.0,46.0,1.0,4.0,4.0,1.0,0.0,0.0,3.0,2.0,20000.0,2.0,
2025,1417.0,1.0,51.0,1.0,1.0,3.0,1.0,0.0,0.0,3.0,1.0,600000.0,1.0,
2025,1417.0,2.0,20.0,5.0,1.0,4.0,1.0,0.0,0.0,3.0,1.0,,2.0,
2025,1633.0,1.0,63.0,2.0,1.0,1.0,1.0,0.0,1085000.0,3.0,1.0,1800000.0,2.0,11.0
2025,1633.0,2.0,23.0,1.0,1.0,5.0,1.0,0.0,1085000.0,3.0,1.0,750000.0,2.0,7.0
2025,1633.0,1.0,23.0,1.0,1.0,4.0,1.0,0.0,1085000.0,3.0,1.0,800000.0,1.0,
2025,2023.0,1.0,58.0,2.0,1.0,3.0,1.0,0.0,486250.0,3.0,1.0,770000.0,2.0,8.0
2025,2023.0,2.0,43.0,2.0,1.0,4.0,1.0,0.0,486250.0,3.0,1.0,550000.0,2.0,
2025,2023.0,2.0,22.0,5.0,1.0,5.0,3.0,3.0,486250.0,0.0,,0.0,,
2025,2023.0,2.0,13.0,5.0,1.0,3.0,3.0,3.0,486250.0,0.0,,0.0,,
2025,1792.0,1.0,43.0,1.0,1.0,6.0,1.0,0.0,845000.0,3.0,1.0,1500000.0,2.0,12.0
2025,1792.0,2.0,45.0,1.0,1.0,4.0,1.0,0.0,845000.0,3.0,1.0,980000.0,1.0,11.0
2025,1792.0,1.0,17.0,5.0,1.0,3.0,3.0,3.0,845000.0,0.0,,0.0,,
2025,1792.0,2.0,13.0,5.0,1.0,3.0,3.0,3.0,845000.0,0.0,,0.0,,
2025,1755.0,2.0,46.0,5.0,1.0,5.0,1.0,0.0,1800000.0,3.0,1.0,1200000.0,2.0,4.0
2025,2590.0,1.0,36.0,5.0,1.0,4.0,1.0,0.0,1166666.67,3.0,1.0,1450000.0,2.0,10.0
2025,1387.0,1.0,65.0,4.0,1.0,4.0,1.0,0.0,0.0,1.0,0.0,,2.0,3.0
2025,1387.0,2.0,24.0,5.0,4.0,5.0,1.0,0.0,0.0,3.0,2.0,250000.0,2.0,3.0
2025,2429.0,1.0,50.0,1.0,4.0,2.0,1.0,0.0,360000.0,2.0,0.0,1500000.0,2.0,1.0
2025,2429.0,2.0,34.0,5.0,4.0,3.0,1.0,0.0,360000.0,3.0,2.0,800000.0,2.0,
2025,2095.0,1.0,41.0,2.0,1.0,6.0,1.0,0.0,950000.0,2.0,0.0,1500000.0,2.0,2.0
2025,2095.0,2.0,43.0,2.0,1.0,4.0,1.0,0.0,950000.0,2.0,0.0,400000.0,2.0,1.0
2025,1860.0,2.0,70.0,4.0,1.0,1.0,3.0,4.0,0.0,0.0,,0.0,,
2025,4159.0,1.0,34.0,1.0,4.0,4.0,1.0,0.0,0.0,2.0,0.0,,2.0,2.0
2025,4159.0,2.0,32.0,1.0,4.0,4.0,1.0,0.0,0.0,2.0,0.0,,2.0,2.0
2025,4159.0,1.0,13.0,5.0,4.0,3.0,3.0,3.0,0.0,0.0,,0.0,,
2025,4159.0,2.0,7.0,5.0,4.0,1.0,4.0,3.0,0.0,0.0,,0.0,,
2025,2245.0,2.0,65.0,2.0,1.0,6.0,1.0,0.0,0.0,3.0,2.0,,2.0,
2025,2245.0,1.0,38.0,3.0,1.0,4.0,1.0,0.0,0.0,3.0,1.0,,1.0,12.0
2025,2245.0,1.0,70.0,2.0,1.0,3.0,3.0,4.0,0.0,0.0,,0.0,,
2025,925.0,2.0,61.0,1.0,1.0,6.0,3.0,1.0,0.0,0.0,,0.0,,
2025,925.0,1.0,72.0,1.0,1.0,4.0,3.0,1.0,0.0,0.0,,0.0,,
2025,925.0,1.0,21.0,5.0,1.0,5.0,1.0,0.0,0.0,3.0,1.0,,2.0,5.0
2025,1042.0,1.0,42.0,5.0,1.0,6.0,1.0,0.0,1285000.0,3.0,1.0,1200000.0,2.0,8.0
2025,3355.0,1.0,65.0,2.0,1.0,6.0,1.0,0.0,0.0,2.0,0.0,,2.0,1.0
2025,3355.0,2.0,70.0,2.0,1.0,5.0,3.0,1.0,0.0,0.0,,0.0,,
2025,1952.0,1.0,61.0,2.0,1.0,4.0,1.0,0.0,445000.0,3.0,1.0,465000.0,2.0,1.0
2025,1417.0,1.0,17.0,5.0,4.0,3.0,3.0,3.0,0.0,0.0,,0.0,,
2025,1417.0,1.0,15.0,5.0,4.0,3.0,3.0,3.0,0.0,0.0,,0.0,,
2025,1417.0,1.0,9.0,5.0,1.0,1.0,4.0,3.0,0.0,0.0,,0.0,,
2025,1417.0,2.0,7.0,5.0,1.0,1.0,4.0,3.0,0.0,0.0,,0.0,,
2025,1417.0,1.0,4.0,5.0,1.0,7.0,4.0,5.0,0.0,0.0,,0.0,,
2025,2590.0,2.0,34.0,5.0,1.0,6.0,1.0,0.0,1166666.67,3.0,2.0,850000.0,2.0,9.0
2025,2590.0,1.0,15.0,5.0,1.0,3.0,3.0,3.0,1166666.67,0.0,,0.0,,
2025,3005.0,2.0,77.0,2.0,1.0,6.0,3.0,1.0,0.0,0.0,,0.0,,
2025,3005.0,1.0,36.0,5.0,1.0,6.0,1.0,0.0,0.0,3.0,1.0,,2.0,
2025,3221.0,2.0,22.0,5.0,1.0,5.0,3.0,3.0,267000.0,0.0,,0.0,,
2025,3221.0,1.0,19.0,5.0,1.0,5.0,1.0,0.0,267000.0,4.0,0.0,0.0,2.0,5.0
2025,2429.0,1.0,13.0,5.0,4.0,3.0,3.0,3.0,360000.0,0.0,,0.0,,
2025,2429.0,1.0,11.0,5.0,4.0,1.0,3.0,3.0,360000.0,0.0,,0.0,,
2025,2429.0,2.0,19.0,5.0,4.0,3.0,1.0,0.0,360000.0,2.0,0.0,180000.0,2.0,1.0
2025,2429.0,1.0,22.0,5.0,4.0,3.0,2.0,0.0,360000.0,3.0,,0.0,,
2025,2429.0,1.0,1.0,5.0,4.0,7.0,4.0,5.0,360000.0,0.0,,0.0,,
2025,2429.0,2.0,62.0,1.0,4.0,6.0,1.0,0.0,360000.0,3.0,2.0,240000.0,2.0,
2025,1558.0,2.0,47.0,5.0,1.0,4.0,1.0,0.0,128000.0,3.0,2.0,78000.0,1.0,6.0
2025,3082.0,2.0,40.0,1.0,4.0,4.0,1.0,0.0,360000.0,2.0,0.0,250000.0,2.0,2.0
2025,3082.0,1.0,39.0,1.0,4.0,2.0,1.0,0.0,360000.0,1.0,0.0,500000.0,2.0,2.0
2025,3082.0,1.0,3.0,5.0,4.0,7.0,4.0,5.0,360000.0,0.0,,0.0,,
2025,3082.0,1.0,18.0,5.0,4.0,5.0,1.0,0.0,360000.0,3.0,2.0,300000.0,2.0,2.0
2025,2287.0,2.0,38.0,1.0,4.0,5.0,1.0,0.0,140268.25,3.0,2.0,250000.0,1.0,7.0
2025,2287.0,1.0,39.0,1.0,4.0,1.0,1.0,0.0,140268.25,3.0,2.0,75000.0,1.0,6.0
2025,2287.0,1.0,17.0,5.0,4.0,3.0,3.0,3.0,140268.25,0.0,,0.0,,
2025,521.0,2.0,59.0,3.0,4.0,4.0,3.0,4.0,0.0,0.0,,0.0,,
2025,521.0,1.0,90.0,4.0,1.0,1.0,3.0,6.0,0.0,0.0,,0.0,,
2025,521.0,1.0,32.0,5.0,4.0,4.0,1.0,0.0,0.0,3.0,2.0,,2.0,
2025,521.0,1.0,31.0,5.0,1.0,3.0,3.0,4.0,0.0,0.0,,0.0,,
2025,490.0,1.0,54.0,2.0,4.0,4.0,3.0,4.0,0.0,0.0,,0.0,,
2025,1952.0,2.0,61.0,2.0,1.0,2.0,1.0,0.0,445000.0,3.0,1.0,425000.0,2.0,
2025,1284.0,1.0,71.0,4.0,1.0,4.0,3.0,1.0,1040000.0,0.0,,0.0,,
2025,1284.0,1.0,32.0,5.0,1.0,6.0,1.0,0.0,1040000.0,3.0,1.0,980000.0,2.0,
2025,2062.0,1.0,28.0,5.0,4.0,4.0,1.0,0.0,225000.0,2.0,0.0,225000.0,2.0,1.0
2025,2062.0,2.0,28.0,5.0,4.0,5.0,1.0,0.0,225000.0,2.0,0.0,225000.0,2.0,1.0
2025,2976.0,1.0,76.0,2.0,1.0,2.0,3.0,1.0,0.0,0.0,,0.0,,
2025,2976.0,2.0,74.0,2.0,1.0,2.0,3.0,7.0,0.0,0.0,,0.0,,
2025,2976.0,2.0,36.0,5.0,2.0,4.0,1.0,0.0,0.0,3.0,1.0,,2.0,
2025,2976.0,2.0,7.0,5.0,2.0,1.0,4.0,3.0,0.0,0.0,,0.0,,
2025,1044.0,2.0,58.0,4.0,4.0,4.0,1.0,0.0,0.0,3.0,2.0,180000.0,2.0,
2025,1044.0,2.0,34.0,5.0,4.0,5.0,1.0,0.0,0.0,3.0,2.0,180000.0,2.0,
2025,2386.0,2.0,64.0,3.0,1.0,4.0,1.0,0.0,0.0,3.0,1.0,,2.0,1.0
2025,2287.0,1.0,15.0,5.0,4.0,3.0,3.0,3.0,140268.25,0.0,,0.0,,
2025,1243.0,1.0,69.0,1.0,1.0,5.0,3.0,1.0,646500.0,0.0,,0.0,,
2025,1243.0,2.0,65.0,1.0,1.0,4.0,1.0,0.0,646500.0,3.0,2.0,420000.0,2.0,
2025,1160.0,1.0,55.0,3.0,4.0,2.0,1.0,0.0,133333.33,1.0,0.0,400000.0,2.0,6.0
2025,1160.0,1.0,25.0,5.0,4.0,4.0,2.0,0.0,133333.33,0.0,,0.0,,
2025,1160.0,1.0,17.0,5.0,4.0,3.0,3.0,3.0,133333.33,0.0,,0.0,,
2025,490.0,2.0,56.0,2.0,4.0,4.0,1.0,0.0,0.0,2.0,0.0,,2.0,1.0
2025,490.0,2.0,32.0,5.0,1.0,6.0,1.0,0.0,0.0,3.0,1.0,,3.0,
2025,490.0,2.0,29.0,5.0,1.0,5.0,1.0,0.0,0.0,3.0,1.0,,2.0,6.0
2025,490.0,1.0,27.0,5.0,4.0,5.0,3.0,3.0,0.0,0.0,,0.0,,
2025,458.0,1.0,75.0,2.0,1.0,4.0,3.0,1.0,0.0,0.0,,0.0,,
2025,458.0,2.0,74.0,2.0,1.0,4.0,3.0,4.0,0.0,0.0,,0.0,,
2025,1583.0,1.0,49.0,2.0,1.0,4.0,1.0,0.0,325000.0,3.0,1.0,1100000.0,2.0,2.0
2025,1583.0,2.0,39.0,2.0,1.0,4.0,3.0,4.0,325000.0,0.0,,0.0,,
2025,1583.0,1.0,12.0,5.0,1.0,3.0,3.0,3.0,325000.0,0.0,,0.0,,
2025,1583.0,1.0,8.0,5.0,1.0,1.0,4.0,3.0,325000.0,0.0,,0.0,,
2025,1583.0,2.0,4.0,5.0,1.0,7.0,4.0,5.0,325000.0,0.0,,0.0,,
2025,491.0,1.0,78.0,4.0,1.0,4.0,3.0,1.0,341000.0,0.0,,0.0,,
2025,571.0,1.0,58.0,2.0,4.0,4.0,1.0,0.0,80000.0,2.0,0.0,200000.0,2.0,1.0
2025,571.0,2.0,45.0,2.0,4.0,3.0,3.0,4.0,80000.0,0.0,,0.0,,
2025,571.0,2.0,29.0,5.0,1.0,1.0,3.0,6.0,80000.0,0.0,,0.0,,
2025,571.0,1.0,24.0,5.0,4.0,4.0,2.0,0.0,80000.0,3.0,,0.0,,
2025,5043.0,2.0,46.0,1.0,4.0,2.0,2.0,0.0,312500.0,3.0,,0.0,,
2025,5043.0,1.0,46.0,1.0,4.0,2.0,1.0,0.0,312500.0,3.0,2.0,1000000.0,2.0,7.0
2025,5043.0,1.0,10.0,5.0,4.0,1.0,3.0,3.0,312500.0,0.0,,0.0,,
2025,5043.0,1.0,6.0,5.0,4.0,1.0,4.0,3.0,312500.0,0.0,,0.0,,
2025,3685.0,2.0,30.0,5.0,4.0,4.0,2.0,0.0,100000.0,0.0,,0.0,,
2025,3685.0,1.0,5.0,5.0,1.0,7.0,4.0,5.0,100000.0,0.0,,0.0,,
2025,1505.0,2.0,62.0,1.0,4.0,4.0,1.0,0.0,0.0,3.0,2.0,,2.0,
2025,1505.0,1.0,67.0,1.0,1.0,3.0,3.0,1.0,0.0,0.0,,0.0,,
2025,4352.0,2.0,47.0,2.0,1.0,4.0,3.0,4.0,540000.0,0.0,,0.0,,
2025,2787.0,1.0,36.0,5.0,1.0,5.0,1.0,0.0,1000000.0,3.0,1.0,1000000.0,2.0,10.0
2025,1858.0,1.0,81.0,2.0,1.0,2.0,3.0,1.0,410000.0,0.0,,0.0,,
2025,1858.0,2.0,78.0,2.0,1.0,4.0,3.0,4.0,410000.0,0.0,,0.0,,
2025,4498.0,1.0,41.0,2.0,4.0,1.0,1.0,0.0,885000.0,2.0,0.0,1600000.0,2.0,1.0
2025,3303.0,1.0,39.0,1.0,2.0,6.0,1.0,0.0,0.0,3.0,1.0,,2.0,
2025,3303.0,2.0,39.0,1.0,12.0,6.0,0.0,0.0,0.0,0.0,,0.0,,
2025,3303.0,1.0,1.0,5.0,2.0,7.0,4.0,5.0,0.0,0.0,,0.0,,
2025,3005.0,1.0,64.0,5.0,1.0,4.0,1.0,0.0,2085000.0,3.0,1.0,2800000.0,2.0,11.0
2025,3005.0,2.0,98.0,4.0,1.0,2.0,3.0,1.0,2085000.0,0.0,,0.0,,
2025,4352.0,1.0,55.0,2.0,1.0,4.0,1.0,0.0,540000.0,2.0,0.0,1500000.0,2.0,3.0
2025,4352.0,2.0,23.0,5.0,1.0,4.0,1.0,0.0,540000.0,3.0,1.0,1200000.0,2.0,8.0
2025,4352.0,2.0,17.0,5.0,1.0,3.0,3.0,3.0,540000.0,0.0,,0.0,,
2025,4352.0,2.0,8.0,5.0,1.0,1.0,4.0,3.0,540000.0,0.0,,0.0,,
2025,2943.0,2.0,28.0,2.0,4.0,5.0,3.0,3.0,379333.33,0.0,,0.0,,
2025,2943.0,1.0,29.0,2.0,4.0,2.0,1.0,0.0,379333.33,2.0,0.0,1000000.0,2.0,1.0
2025,2943.0,2.0,6.0,5.0,4.0,1.0,4.0,3.0,379333.33,0.0,,0.0,,
2025,1558.0,1.0,59.0,1.0,4.0,2.0,1.0,0.0,700000.0,2.0,0.0,600000.0,2.0,1.0
2025,1558.0,2.0,59.0,1.0,1.0,3.0,1.0,0.0,700000.0,3.0,2.0,400000.0,2.0,
2025,2107.0,2.0,85.0,2.0,1.0,2.0,3.0,7.0,0.0,0.0,,0.0,,
2025,2107.0,2.0,44.0,5.0,4.0,3.0,1.0,0.0,0.0,3.0,2.0,120000.0,2.0,2.0
2025,2107.0,2.0,25.0,5.0,4.0,5.0,1.0,0.0,0.0,2.0,0.0,,2.0,1.0
2025,2107.0,1.0,15.0,5.0,4.0,3.0,3.0,3.0,0.0,0.0,,0.0,,
2025,2107.0,1.0,84.0,2.0,1.0,7.0,3.0,7.0,0.0,0.0,,0.0,,
2025,3209.0,1.0,70.0,2.0,1.0,3.0,3.0,1.0,330000.0,0.0,,0.0,,
2025,3209.0,2.0,70.0,2.0,1.0,2.0,3.0,4.0,330000.0,0.0,,0.0,,
2025,1252.0,1.0,78.0,2.0,1.0,2.0,3.0,1.0,0.0,0.0,,0.0,,
2025,1252.0,2.0,79.0,2.0,1.0,6.0,3.0,1.0,0.0,0.0,,0.0,,
2025,1252.0,1.0,20.0,5.0,1.0,5.0,1.0,0.0,0.0,3.0,2.0,,2.0,
2025,4498.0,2.0,41.0,2.0,4.0,3.0,3.0,4.0,885000.0,0.0,,0.0,,
2025,4498.0,1.0,23.0,5.0,4.0,3.0,1.0,0.0,885000.0,3.0,2.0,350000.0,2.0,5.0
2025,4498.0,1.0,17.0,5.0,4.0,3.0,3.0,3.0,885000.0,0.0,,0.0,,
2025,4498.0,2.0,14.0,5.0,4.0,3.0,3.0,3.0,885000.0,0.0,,0.0,,
2025,4498.0,1.0,8.0,5.0,4.0,1.0,4.0,3.0,885000.0,0.0,,0.0,,
2025,5847.0,2.0,12.0,5.0,4.0,3.0,3.0,3.0,183333.33,0.0,,0.0,,
2025,5847.0,2.0,9.0,5.0,4.0,1.0,4.0,3.0,183333.33,0.0,,0.0,,
2025,5847.0,2.0,6.0,5.0,4.0,1.0,4.0,3.0,183333.33,0.0,,0.0,,
2025,5847.0,1.0,27.0,2.0,4.0,2.0,1.0,0.0,183333.33,2.0,0.0,1100000.0,2.0,1.0
2025,5847.0,2.0,30.0,2.0,4.0,2.0,3.0,4.0,183333.33,0.0,,0.0,,
2025,5847.0,1.0,1.0,5.0,4.0,7.0,4.0,5.0,183333.33,0.0,,0.0,,
2025,2000.0,1.0,77.0,4.0,1.0,1.0,3.0,4.0,0.0,0.0,,0.0,,
2025,1426.0,2.0,58.0,4.0,4.0,2.0,1.0,0.0,600000.0,3.0,2.0,600000.0,2.0,
2025,3519.0,1.0,13.0,5.0,1.0,3.0,3.0,3.0,1221800.0,0.0,,0.0,,
2025,3519.0,1.0,12.0,5.0,1.0,3.0,3.0,3.0,1221800.0,0.0,,0.0,,
2025,209.0,1.0,82.0,3.0,1.0,1.0,3.0,4.0,470000.0,0.0,,0.0,,
2025,2004.0,2.0,38.0,1.0,4.0,4.0,1.0,0.0,0.0,3.0,2.0,600000.0,2.0,7.0
2025,2004.0,1.0,30.0,1.0,4.0,3.0,2.0,0.0,0.0,3.0,,0.0,,
2025,2004.0,1.0,10.0,5.0,4.0,1.0,3.0,3.0,0.0,0.0,,0.0,,
2025,2004.0,1.0,8.0,5.0,4.0,1.0,4.0,3.0,0.0,0.0,,0.0,,
2025,2004.0,2.0,6.0,5.0,4.0,1.0,4.0,3.0,0.0,0.0,,0.0,,
2025,2894.0,2.0,68.0,2.0,1.0,6.0,1.0,0.0,0.0,3.0,1.0,2600000.0,2.0,9.0
2025,2894.0,1.0,71.0,2.0,1.0,5.0,1.0,0.0,0.0,2.0,0.0,,2.0,1.0
2025,2760.0,1.0,83.0,2.0,2.0,5.0,3.0,1.0,1130000.0,0.0,,0.0,,
2025,2760.0,2.0,83.0,2.0,2.0,6.0,1.0,0.0,1130000.0,2.0,0.0,100000.0,2.0,1.0
2025,3685.0,2.0,16.0,5.0,4.0,3.0,3.0,3.0,445000.0,0.0,,0.0,,
2025,3685.0,2.0,9.0,5.0,4.0,1.0,4.0,3.0,445000.0,0.0,,0.0,,
2025,3685.0,2.0,64.0,3.0,1.0,2.0,1.0,0.0,445000.0,3.0,2.0,700000.0,2.0,
2025,3685.0,2.0,42.0,1.0,4.0,4.0,3.0,4.0,445000.0,0.0,,0.0,,
2025,3685.0,1.0,44.0,1.0,4.0,4.0,1.0,0.0,445000.0,2.0,0.0,800000.0,2.0,1.0
2025,3685.0,2.0,20.0,5.0,4.0,4.0,1.0,0.0,445000.0,3.0,2.0,600000.0,2.0,
2025,1556.0,1.0,56.0,2.0,4.0,2.0,1.0,0.0,64666.67,3.0,2.0,78000.0,3.0,2.0
2025,1556.0,2.0,53.0,2.0,4.0,3.0,1.0,0.0,64666.67,3.0,2.0,78000.0,3.0,2.0
2025,1556.0,1.0,20.0,5.0,4.0,5.0,3.0,3.0,64666.67,0.0,,0.0,,
2025,2258.0,1.0,66.0,3.0,1.0,3.0,1.0,0.0,905000.0,2.0,0.0,400000.0,2.0,1.0
2025,752.0,1.0,57.0,2.0,4.0,2.0,1.0,0.0,0.0,3.0,2.0,900000.0,2.0,
2025,752.0,2.0,53.0,2.0,4.0,3.0,3.0,4.0,0.0,0.0,,0.0,,
2025,752.0,2.0,25.0,5.0,1.0,6.0,1.0,0.0,0.0,3.0,1.0,,1.0,
2025,963.0,1.0,44.0,2.0,1.0,3.0,1.0,0.0,1300000.0,3.0,1.0,3000000.0,2.0,12.0
2025,963.0,1.0,44.0,2.0,1.0,2.0,3.0,4.0,1300000.0,0.0,,0.0,,
2025,963.0,2.0,21.0,5.0,1.0,4.0,2.0,0.0,1300000.0,3.0,,0.0,,
2025,963.0,1.0,24.0,5.0,1.0,4.0,1.0,0.0,1300000.0,3.0,1.0,700000.0,2.0,7.0
2025,3519.0,1.0,34.0,2.0,1.0,7.0,1.0,0.0,1221800.0,3.0,1.0,3500000.0,1.0,12.0
2025,3519.0,2.0,32.0,2.0,1.0,2.0,1.0,0.0,1221800.0,3.0,2.0,879000.0,1.0,12.0
2025,3519.0,1.0,16.0,5.0,1.0,3.0,3.0,3.0,1221800.0,0.0,,0.0,,
2025,3050.0,1.0,30.0,1.0,1.0,4.0,1.0,0.0,0.0,3.0,1.0,,2.0,12.0
2025,3050.0,2.0,32.0,1.0,1.0,5.0,3.0,3.0,0.0,0.0,,0.0,,
2025,3050.0,2.0,3.0,5.0,1.0,7.0,4.0,5.0,0.0,0.0,,0.0,,
2025,615.0,2.0,80.0,4.0,1.0,1.0,3.0,7.0,0.0,0.0,,0.0,,
2025,615.0,1.0,87.0,5.0,1.0,1.0,3.0,6.0,0.0,0.0,,0.0,,
2025,2815.0,2.0,50.0,1.0,1.0,3.0,3.0,7.0,775000.0,0.0,,0.0,,
2025,2815.0,2.0,16.0,5.0,1.0,3.0,3.0,3.0,775000.0,0.0,,0.0,,
2025,2815.0,1.0,8.0,5.0,1.0,1.0,4.0,3.0,775000.0,0.0,,0.0,,
2025,1108.0,1.0,73.0,3.0,2.0,6.0,1.0,0.0,1980000.0,3.0,2.0,3000000.0,2.0,9.0
2025,1108.0,2.0,102.0,4.0,1.0,2.0,3.0,7.0,1980000.0,0.0,,0.0,,
2025,1605.0,1.0,70.0,4.0,1.0,5.0,1.0,0.0,0.0,2.0,0.0,0.0,2.0,3.0
2025,819.0,2.0,56.0,3.0,4.0,3.0,1.0,0.0,0.0,2.0,0.0,400000.0,2.0,1.0
2025,1685.0,2.0,35.0,1.0,1.0,6.0,1.0,0.0,1335000.0,3.0,1.0,700000.0,2.0,9.0
2025,1685.0,1.0,32.0,1.0,1.0,6.0,1.0,0.0,1335000.0,3.0,1.0,560000.0,2.0,9.0
2025,1471.0,1.0,57.0,1.0,1.0,5.0,1.0,0.0,180000.0,1.0,0.0,180000.0,2.0,4.0
2025,2011.0,2.0,44.0,3.0,4.0,2.0,1.0,0.0,0.0,2.0,0.0,0.0,2.0,3.0
2025,2011.0,2.0,23.0,5.0,4.0,2.0,1.0,0.0,0.0,4.0,0.0,0.0,2.0,3.0
2025,2011.0,1.0,7.0,5.0,4.0,1.0,4.0,3.0,0.0,0.0,,0.0,,
2025,1283.0,2.0,25.0,5.0,4.0,4.0,2.0,0.0,220000.0,0.0,,0.0,,
2025,1283.0,2.0,13.0,5.0,1.0,3.0,3.0,3.0,220000.0,0.0,,0.0,,
2025,1283.0,1.0,58.0,2.0,1.0,2.0,3.0,4.0,220000.0,0.0,,0.0,,
2025,1283.0,2.0,51.0,2.0,1.0,3.0,1.0,0.0,220000.0,3.0,1.0,900000.0,2.0,
2025,1283.0,2.0,29.0,5.0,1.0,1.0,3.0,6.0,220000.0,0.0,,0.0,,
2025,1000.0,2.0,76.0,5.0,1.0,2.0,3.0,1.0,0.0,0.0,,0.0,,
2025,1000.0,1.0,45.0,5.0,4.0,2.0,1.0,0.0,0.0,3.0,2.0,,2.0,
2025,1504.0,1.0,42.0,2.0,4.0,2.0,1.0,0.0,0.0,2.0,0.0,120000.0,2.0,1.0
2025,1504.0,2.0,39.0,2.0,2.0,4.0,1.0,0.0,0.0,2.0,0.0,,2.0,1.0
2025,1504.0,2.0,7.0,5.0,4.0,1.0,4.0,3.0,0.0,0.0,,0.0,,
2025,1504.0,2.0,12.0,5.0,4.0,3.0,3.0,3.0,0.0,0.0,,0.0,,
2025,441.0,2.0,42.0,1.0,1.0,5.0,1.0,0.0,0.0,3.0,1.0,,2.0,12.0
2025,441.0,1.0,39.0,1.0,1.0,4.0,1.0,0.0,0.0,3.0,1.0,,2.0,12.0
2025,441.0,1.0,17.0,5.0,1.0,3.0,3.0,3.0,0.0,0.0,,0.0,,
2025,441.0,1.0,,5.0,1.0,7.0,4.0,5.0,0.0,0.0,,0.0,,
2025,2815.0,1.0,52.0,1.0,1.0,4.0,1.0,0.0,775000.0,3.0,1.0,2100000.0,2.0,11.0
2025,1652.0,2.0,62.0,5.0,1.0,3.0,3.0,1.0,0.0,0.0,,0.0,,
2025,1652.0,1.0,42.0,5.0,4.0,3.0,1.0,0.0,0.0,3.0,2.0,,2.0,
2025,1588.0,2.0,70.0,2.0,1.0,2.0,3.0,4.0,0.0,0.0,,0.0,,
2025,1588.0,1.0,72.0,2.0,1.0,2.0,3.0,1.0,0.0,0.0,,0.0,,
2025,1817.0,1.0,27.0,5.0,4.0,2.0,1.0,0.0,800000.0,2.0,0.0,800000.0,2.0,1.0
2025,2655.0,1.0,40.0,2.0,1.0,6.0,1.0,0.0,687500.0,3.0,1.0,850000.0,1.0,12.0
2025,2655.0,2.0,39.0,2.0,1.0,6.0,1.0,0.0,687500.0,3.0,1.0,1000000.0,1.0,12.0
2025,2655.0,1.0,11.0,5.0,1.0,1.0,3.0,3.0,687500.0,0.0,,0.0,,
2025,2655.0,1.0,7.0,5.0,1.0,1.0,4.0,3.0,687500.0,0.0,,0.0,,
2025,3416.0,1.0,33.0,2.0,1.0,5.0,1.0,0.0,450000.0,3.0,1.0,1200000.0,2.0,
2025,3416.0,2.0,35.0,2.0,1.0,6.0,3.0,4.0,450000.0,0.0,,0.0,,
2025,3416.0,2.0,8.0,5.0,1.0,1.0,4.0,3.0,450000.0,0.0,,0.0,,
2025,3416.0,1.0,8.0,5.0,1.0,1.0,4.0,3.0,450000.0,0.0,,0.0,,
2025,3022.0,2.0,40.0,1.0,1.0,4.0,1.0,0.0,500000.0,3.0,1.0,800000.0,2.0,3.0
2025,3022.0,1.0,43.0,1.0,4.0,4.0,1.0,0.0,500000.0,3.0,2.0,800000.0,2.0,1.0
2025,3022.0,2.0,25.0,5.0,1.0,3.0,3.0,7.0,500000.0,0.0,,0.0,,
2025,3022.0,1.0,8.0,5.0,1.0,1.0,4.0,3.0,500000.0,0.0,,0.0,,
2025,2117.0,2.0,45.0,1.0,1.0,6.0,1.0,0.0,0.0,3.0,1.0,,2.0,
2025,2117.0,1.0,43.0,1.0,1.0,5.0,1.0,0.0,0.0,3.0,1.0,,2.0,
2025,2117.0,1.0,10.0,5.0,1.0,1.0,3.0,3.0,0.0,0.0,,0.0,,
2025,2212.0,2.0,69.0,4.0,1.0,6.0,3.0,1.0,300000.0,0.0,,0.0,,
2025,2922.0,2.0,43.0,3.0,4.0,6.0,3.0,4.0,70000.0,0.0,,0.0,,
2025,2922.0,1.0,21.0,5.0,1.0,5.0,1.0,0.0,70000.0,3.0,1.0,280000.0,2.0,
2025,2922.0,1.0,16.0,5.0,4.0,3.0,3.0,3.0,70000.0,0.0,,0.0,,
2025,2922.0,2.0,14.0,5.0,4.0,3.0,3.0,3.0,70000.0,0.0,,0.0,,
2025,1337.0,1.0,68.0,2.0,1.0,3.0,1.0,0.0,825000.0,2.0,0.0,300000.0,2.0,2.0
2025,1337.0,2.0,67.0,2.0,1.0,2.0,1.0,0.0,825000.0,2.0,0.0,300000.0,2.0,2.0
2025,263.0,2.0,80.0,4.0,1.0,1.0,3.0,1.0,370000.0,0.0,,0.0,,
2025,1871.0,2.0,70.0,2.0,1.0,2.0,1.0,0.0,315000.0,2.0,0.0,0.0,2.0,4.0
2025,1871.0,1.0,68.0,2.0,1.0,2.0,1.0,0.0,315000.0,4.0,0.0,0.0,2.0,4.0
2025,1512.0,1.0,62.0,2.0,1.0,5.0,1.0,0.0,750000.0,3.0,1.0,1200000.0,2.0,6.0
2025,1512.0,2.0,63.0,2.0,1.0,6.0,3.0,4.0,750000.0,0.0,,0.0,,
2025,1512.0,2.0,35.0,1.0,1.0,5.0,2.0,0.0,750000.0,3.0,,0.0,,
2025,1512.0,1.0,34.0,1.0,1.0,4.0,1.0,0.0,750000.0,3.0,1.0,800000.0,2.0,12.0
2025,1654.0,1.0,38.0,5.0,4.0,5.0,2.0,0.0,750000.0,3.0,,0.0,,
2025,1459.0,2.0,72.0,4.0,1.0,2.0,3.0,1.0,0.0,0.0,,0.0,,
2025,1459.0,1.0,49.0,5.0,4.0,3.0,1.0,0.0,0.0,2.0,0.0,,2.0,1.0
2025,772.0,2.0,51.0,2.0,1.0,6.0,1.0,0.0,985000.0,3.0,1.0,1100000.0,2.0,6.0
2025,772.0,1.0,56.0,2.0,1.0,3.0,1.0,0.0,985000.0,3.0,2.0,200000.0,2.0,4.0
2025,2676.0,2.0,24.0,1.0,4.0,3.0,3.0,4.0,0.0,0.0,,0.0,,
2025,2676.0,1.0,23.0,1.0,4.0,3.0,1.0,0.0,0.0,3.0,2.0,0.0,2.0,
2025,1918.0,1.0,56.0,1.0,4.0,2.0,3.0,4.0,245000.0,0.0,,0.0,,
2025,1918.0,2.0,65.0,1.0,1.0,2.0,3.0,1.0,245000.0,0.0,,0.0,,
2025,1347.0,1.0,65.0,2.0,1.0,2.0,3.0,1.0,427500.0,0.0,,0.0,,
2025,1347.0,2.0,61.0,2.0,1.0,2.0,3.0,4.0,427500.0,0.0,,0.0,,
2025,4084.0,1.0,45.0,2.0,4.0,2.0,1.0,0.0,470000.0,3.0,2.0,800000.0,2.0,6.0
2025,4084.0,2.0,43.0,2.0,4.0,6.0,1.0,0.0,470000.0,3.0,2.0,820000.0,2.0,6.0
2025,4084.0,1.0,13.0,5.0,4.0,3.0,3.0,3.0,470000.0,0.0,,0.0,,
2025,4084.0,1.0,7.0,5.0,4.0,1.0,4.0,3.0,470000.0,0.0,,0.0,,
2025,2751.0,2.0,63.0,2.0,1.0,2.0,3.0,4.0,0.0,0.0,,0.0,,
2025,2751.0,1.0,61.0,2.0,1.0,6.0,1.0,0.0,0.0,3.0,1.0,,2.0,
2025,4290.0,2.0,30.0,1.0,4.0,4.0,3.0,4.0,250000.0,0.0,,0.0,,
2025,4290.0,1.0,32.0,1.0,4.0,4.0,1.0,0.0,250000.0,3.0,2.0,1000000.0,2.0,
2025,4290.0,1.0,14.0,5.0,4.0,3.0,3.0,3.0,250000.0,0.0,,0.0,,
2025,4290.0,1.0,10.0,5.0,4.0,1.0,3.0,3.0,250000.0,0.0,,0.0,,
2025,4290.0,2.0,6.0,5.0,4.0,1.0,4.0,3.0,250000.0,0.0,,0.0,,
2025,2489.0,1.0,31.0,2.0,1.0,4.0,1.0,0.0,0.0,3.0,2.0,,3.0,
2025,2489.0,2.0,29.0,2.0,1.0,6.0,1.0,0.0,0.0,3.0,2.0,,3.0,
2025,2489.0,2.0,8.0,5.0,1.0,1.0,4.0,3.0,0.0,0.0,,0.0,,
2025,2489.0,1.0,6.0,5.0,1.0,1.0,4.0,3.0,0.0,0.0,,0.0,,
2025,2489.0,2.0,4.0,5.0,1.0,7.0,4.0,5.0,0.0,0.0,,0.0,,
2025,2489.0,1.0,1.0,5.0,1.0,7.0,4.0,5.0,0.0,0.0,,0.0,,
2025,2266.0,2.0,83.0,5.0,1.0,4.0,3.0,7.0,280000.0,0.0,,0.0,,
2025,2266.0,1.0,48.0,5.0,1.0,2.0,3.0,4.0,280000.0,0.0,,0.0,,
2025,1331.0,2.0,62.0,3.0,1.0,1.0,3.0,4.0,0.0,0.0,,0.0,,
2025,2605.0,2.0,68.0,3.0,1.0,2.0,3.0,1.0,285000.0,0.0,,0.0,,
2025,2605.0,2.0,33.0,3.0,4.0,2.0,3.0,4.0,285000.0,0.0,,0.0,,
2025,2605.0,1.0,8.0,5.0,4.0,1.0,4.0,6.0,285000.0,0.0,,0.0,,
2025,2605.0,2.0,10.0,5.0,4.0,1.0,3.0,3.0,285000.0,0.0,,0.0,,
2025,2976.0,2.0,79.0,4.0,1.0,4.0,3.0,1.0,0.0,0.0,,0.0,,
2025,2976.0,1.0,38.0,5.0,4.0,6.0,2.0,0.0,0.0,3.0,,0.0,,
2025,4188.0,1.0,58.0,1.0,1.0,3.0,1.0,0.0,373333.33,3.0,1.0,1000000.0,2.0,
2025,4188.0,2.0,48.0,1.0,1.0,4.0,1.0,0.0,373333.33,2.0,0.0,120000.0,2.0,1.0
2025,1086.0,1.0,65.0,2.0,1.0,2.0,3.0,7.0,535000.0,0.0,,0.0,,
2025,1086.0,2.0,56.0,2.0,1.0,2.0,1.0,0.0,535000.0,3.0,1.0,700000.0,1.0,
2025,1936.0,1.0,54.0,1.0,1.0,4.0,1.0,0.0,396666.67,3.0,1.0,1100000.0,2.0,10.0
2025,1936.0,2.0,52.0,1.0,1.0,3.0,1.0,0.0,396666.67,2.0,0.0,90000.0,2.0,1.0
2025,1936.0,1.0,17.0,5.0,1.0,3.0,3.0,3.0,396666.67,0.0,,0.0,,
2025,1472.0,2.0,61.0,3.0,1.0,2.0,1.0,0.0,860000.0,2.0,0.0,400000.0,2.0,1.0
2025,2188.0,1.0,65.0,2.0,1.0,2.0,3.0,1.0,0.0,0.0,,0.0,,
2025,2188.0,2.0,26.0,5.0,4.0,5.0,3.0,3.0,0.0,0.0,,0.0,,
2025,2188.0,2.0,65.0,2.0,1.0,2.0,1.0,0.0,0.0,2.0,0.0,,2.0,1.0
2025,1620.0,1.0,85.0,2.0,2.0,3.0,3.0,1.0,0.0,0.0,,0.0,,
2025,1620.0,2.0,82.0,2.0,2.0,2.0,3.0,1.0,0.0,0.0,,0.0,,
2025,1620.0,1.0,56.0,3.0,2.0,4.0,1.0,0.0,0.0,3.0,2.0,,2.0,
2025,1024.0,2.0,31.0,5.0,1.0,5.0,1.0,0.0,1950000.0,3.0,1.0,1300000.0,2.0,6.0
2025,1531.0,2.0,64.0,2.0,1.0,3.0,3.0,4.0,0.0,0.0,,0.0,,
2025,206.0,1.0,52.0,2.0,1.0,6.0,1.0,0.0,789750.0,3.0,1.0,1159000.0,1.0,12.0
2025,206.0,2.0,54.0,2.0,1.0,6.0,1.0,0.0,789750.0,3.0,1.0,1000000.0,1.0,
2025,206.0,1.0,16.0,5.0,1.0,3.0,3.0,3.0,789750.0,0.0,,0.0,,
2025,206.0,1.0,14.0,5.0,1.0,3.0,3.0,3.0,789750.0,0.0,,0.0,,
2025,241.0,2.0,53.0,1.0,12.0,6.0,1.0,0.0,5143333.33,3.0,1.0,10000000.0,1.0,11.0
2025,241.0,1.0,46.0,1.0,12.0,6.0,1.0,0.0,5143333.33,2.0,0.0,4000000.0,2.0,1.0
2025,241.0,1.0,13.0,5.0,12.0,3.0,3.0,3.0,5143333.33,0.0,,0.0,,
2025,124.0,1.0,78.0,2.0,1.0,4.0,1.0,0.0,0.0,3.0,2.0,,2.0,9.0
2025,124.0,2.0,79.0,2.0,1.0,3.0,3.0,1.0,0.0,0.0,,0.0,,
2025,712.0,1.0,77.0,2.0,1.0,6.0,3.0,1.0,1140125.0,0.0,,0.0,,
2025,712.0,2.0,77.0,2.0,1.0,6.0,3.0,1.0,1140125.0,0.0,,0.0,,
2025,1055.0,2.0,70.0,2.0,1.0,5.0,3.0,1.0,0.0,0.0,,0.0,,
2025,1055.0,1.0,73.0,2.0,1.0,5.0,3.0,1.0,0.0,0.0,,0.0,,
2025,2230.0,1.0,49.0,3.0,4.0,5.0,1.0,0.0,2300000.0,3.0,2.0,1500000.0,2.0,9.0
2025,795.0,1.0,54.0,2.0,1.0,6.0,1.0,0.0,830000.0,3.0,1.0,260000.0,1.0,12.0
2025,795.0,2.0,50.0,2.0,1.0,6.0,1.0,0.0,830000.0,2.0,0.0,2000000.0,2.0,1.0
2025,795.0,1.0,17.0,5.0,1.0,3.0,3.0,3.0,830000.0,0.0,,0.0,,
2025,2563.0,1.0,53.0,2.0,1.0,6.0,1.0,0.0,0.0,3.0,1.0,3500000.0,2.0,6.0
2025,2563.0,2.0,56.0,2.0,1.0,6.0,3.0,1.0,0.0,0.0,,0.0,,
2025,2563.0,2.0,21.0,5.0,1.0,5.0,3.0,3.0,0.0,0.0,,0.0,,
2025,2563.0,1.0,17.0,5.0,1.0,3.0,3.0,3.0,0.0,0.0,,0.0,,
2025,1110.0,1.0,54.0,3.0,1.0,6.0,1.0,0.0,2650000.0,3.0,1.0,1900000.0,2.0,12.0
2025,881.0,2.0,85.0,2.0,1.0,4.0,3.0,1.0,0.0,0.0,,0.0,,
2025,881.0,2.0,60.0,5.0,1.0,6.0,1.0,0.0,0.0,3.0,1.0,1800000.0,1.0,7.0
2025,881.0,1.0,91.0,2.0,1.0,4.0,3.0,1.0,0.0,0.0,,0.0,,
2025,2758.0,1.0,88.0,1.0,1.0,4.0,3.0,1.0,960000.0,0.0,,0.0,,
2025,2758.0,2.0,72.0,1.0,1.0,4.0,3.0,1.0,960000.0,0.0,,0.0,,
2025,2420.0,1.0,23.0,2.0,4.0,4.0,1.0,0.0,400000.0,3.0,2.0,800000.0,2.0,8.0
2025,2420.0,2.0,22.0,2.0,4.0,4.0,1.0,0.0,400000.0,3.0,2.0,400000.0,2.0,
2025,2420.0,2.0,1.0,5.0,4.0,7.0,4.0,5.0,400000.0,0.0,,0.0,,
2025,6748.0,2.0,89.0,4.0,1.0,5.0,2.0,0.0,700000.0,3.0,,0.0,,
2025,4188.0,2.0,11.0,5.0,1.0,3.0,3.0,3.0,373333.33,0.0,,0.0,,
2025,635.0,1.0,52.0,2.0,1.0,6.0,1.0,0.0,0.0,3.0,1.0,,2.0,6.0
2025,635.0,2.0,51.0,2.0,1.0,6.0,1.0,0.0,0.0,3.0,1.0,,2.0,8.0
2025,475.0,1.0,36.0,5.0,4.0,3.0,1.0,0.0,440000.0,3.0,2.0,440000.0,2.0,6.0
2025,475.0,1.0,31.0,5.0,4.0,1.0,1.0,0.0,200000.0,2.0,0.0,200000.0,2.0,1.0
2025,2145.0,2.0,12.0,5.0,1.0,3.0,3.0,3.0,648333.33,0.0,,0.0,,
2025,2145.0,2.0,6.0,5.0,1.0,1.0,4.0,3.0,648333.33,0.0,,0.0,,
2025,2145.0,2.0,37.0,1.0,4.0,3.0,3.0,4.0,648333.33,0.0,,0.0,,
2025,2145.0,1.0,33.0,1.0,1.0,4.0,1.0,0.0,648333.33,3.0,1.0,1800000.0,2.0,7.0
2025,2145.0,1.0,21.0,5.0,4.0,3.0,1.0,0.0,648333.33,3.0,2.0,600000.0,2.0,3.0
2025,2145.0,2.0,14.0,5.0,4.0,3.0,3.0,3.0,648333.33,0.0,,0.0,,
2025,1531.0,1.0,70.0,2.0,1.0,2.0,1.0,0.0,0.0,2.0,0.0,,2.0,1.0
2025,1531.0,2.0,44.0,5.0,1.0,3.0,1.0,0.0,0.0,3.0,1.0,340000.0,2.0,8.0
2025,1531.0,2.0,27.0,5.0,1.0,6.0,1.0,0.0,0.0,3.0,1.0,0.0,1.0,
2025,1531.0,2.0,32.0,5.0,1.0,1.0,3.0,6.0,0.0,0.0,,0.0,,
2025,1691.0,1.0,50.0,1.0,1.0,6.0,1.0,0.0,666666.67,1.0,0.0,2000000.0,2.0,2.0
2025,1691.0,2.0,48.0,1.0,1.0,6.0,3.0,4.0,666666.67,0.0,,0.0,,
2025,1691.0,2.0,19.0,5.0,1.0,5.0,3.0,3.0,666666.67,0.0,,0.0,,
2025,1828.0,1.0,75.0,4.0,1.0,6.0,1.0,0.0,2240000.0,3.0,1.0,500000.0,1.0,
2025,5114.0,2.0,9.0,5.0,1.0,1.0,4.0,3.0,766666.67,0.0,,0.0,,
2025,5114.0,1.0,36.0,2.0,1.0,5.0,1.0,0.0,766666.67,3.0,1.0,1400000.0,2.0,9.0
2025,5114.0,2.0,38.0,2.0,1.0,6.0,1.0,0.0,766666.67,3.0,1.0,900000.0,1.0,
2025,2133.0,2.0,41.0,5.0,2.0,6.0,1.0,0.0,2200000.0,2.0,0.0,2200000.0,2.0,1.0
2025,2811.0,1.0,75.0,2.0,12.0,6.0,1.0,0.0,1700000.0,3.0,2.0,500000.0,2.0,1.0
2025,2811.0,2.0,75.0,2.0,12.0,6.0,1.0,0.0,1700000.0,3.0,2.0,500000.0,2.0,1.0
2025,1951.0,2.0,77.0,4.0,1.0,1.0,3.0,1.0,0.0,0.0,,0.0,,
2025,1951.0,1.0,53.0,5.0,4.0,2.0,1.0,0.0,0.0,1.0,0.0,,2.0,
2025,1857.0,2.0,38.0,2.0,1.0,6.0,2.0,0.0,750000.0,0.0,,0.0,,
2025,1857.0,1.0,44.0,2.0,1.0,4.0,1.0,0.0,750000.0,3.0,1.0,1500000.0,2.0,10.0
2025,1857.0,1.0,17.0,5.0,1.0,3.0,3.0,3.0,750000.0,0.0,,0.0,,
2025,4093.0,1.0,64.0,4.0,4.0,2.0,3.0,4.0,300000.0,0.0,,0.0,,
2025,1324.0,2.0,58.0,4.0,1.0,2.0,3.0,1.0,0.0,0.0,,0.0,,
2025,1324.0,2.0,31.0,1.0,4.0,4.0,1.0,0.0,0.0,3.0,2.0,,2.0,8.0
2025,1324.0,2.0,26.0,5.0,4.0,4.0,1.0,0.0,0.0,3.0,2.0,,2.0,7.0
2025,1324.0,1.0,25.0,1.0,1.0,2.0,1.0,0.0,0.0,3.0,2.0,,2.0,
2025,1472.0,1.0,48.0,2.0,1.0,4.0,1.0,0.0,637500.0,3.0,1.0,2000000.0,1.0,6.0
2025,1472.0,2.0,43.0,2.0,1.0,4.0,1.0,0.0,637500.0,3.0,1.0,550000.0,2.0,5.0
2025,1472.0,1.0,10.0,5.0,1.0,1.0,3.0,3.0,637500.0,0.0,,0.0,,
2025,1324.0,2.0,13.0,5.0,4.0,3.0,3.0,3.0,0.0,0.0,,0.0,,
2025,1324.0,2.0,9.0,5.0,1.0,1.0,4.0,3.0,0.0,0.0,,0.0,,
2025,1111.0,1.0,55.0,1.0,1.0,4.0,1.0,0.0,0.0,3.0,1.0,2300000.0,3.0,10.0
2025,1111.0,2.0,58.0,1.0,1.0,5.0,1.0,0.0,0.0,3.0,1.0,2300000.0,3.0,10.0
2025,1111.0,1.0,24.0,5.0,1.0,5.0,1.0,0.0,0.0,2.0,0.0,,2.0,1.0
2025,1111.0,1.0,28.0,5.0,1.0,5.0,1.0,0.0,0.0,1.0,0.0,,2.0,4.0
2025,3464.0,2.0,41.0,5.0,4.0,2.0,3.0,4.0,40000.0,0.0,,0.0,,
2025,3464.0,2.0,14.0,5.0,4.0,3.0,3.0,3.0,40000.0,0.0,,0.0,,
2025,2193.0,1.0,55.0,5.0,1.0,5.0,1.0,0.0,800000.0,2.0,0.0,800000.0,2.0,2.0
2025,1472.0,2.0,20.0,5.0,1.0,6.0,2.0,0.0,637500.0,2.0,,0.0,,
2025,1809.0,2.0,59.0,3.0,4.0,2.0,2.0,0.0,62500.0,3.0,,0.0,,
2025,1809.0,1.0,19.0,5.0,4.0,4.0,1.0,0.0,62500.0,3.0,2.0,100000.0,2.0,4.0
2025,1847.0,1.0,66.0,5.0,1.0,4.0,1.0,0.0,950000.0,3.0,2.0,600000.0,2.0,1.0
2025,2286.0,1.0,59.0,3.0,1.0,5.0,1.0,0.0,1000000.0,2.0,0.0,1000000.0,2.0,2.0
2025,2228.0,2.0,53.0,3.0,1.0,5.0,1.0,0.0,800000.0,2.0,0.0,500000.0,2.0,1.0
2025,2228.0,2.0,28.0,5.0,1.0,5.0,1.0,0.0,800000.0,3.0,1.0,1100000.0,2.0,8.0
2025,4048.0,2.0,61.0,2.0,1.0,6.0,1.0,0.0,0.0,3.0,1.0,,2.0,
2025,4048.0,2.0,51.0,2.0,1.0,4.0,3.0,2.0,0.0,0.0,,0.0,,
2025,4048.0,1.0,10.0,5.0,1.0,1.0,3.0,3.0,0.0,0.0,,0.0,,
2025,2894.0,1.0,74.0,2.0,12.0,6.0,3.0,1.0,1280000.0,0.0,,0.0,,
2025,2894.0,2.0,75.0,2.0,12.0,6.0,3.0,1.0,1280000.0,0.0,,0.0,,
2025,2006.0,2.0,26.0,1.0,1.0,6.0,1.0,0.0,1700000.0,3.0,1.0,1300000.0,1.0,11.0
2025,2006.0,1.0,28.0,1.0,1.0,6.0,1.0,0.0,1700000.0,3.0,1.0,2100000.0,1.0,7.0
2025,1795.0,2.0,15.0,5.0,1.0,3.0,3.0,3.0,4000000.0,0.0,,0.0,,
2025,1448.0,2.0,45.0,5.0,4.0,4.0,3.0,4.0,75000.0,0.0,,0.0,,
2025,1448.0,2.0,15.0,5.0,1.0,3.0,3.0,3.0,75000.0,0.0,,0.0,,
2025,2801.0,1.0,37.0,1.0,1.0,5.0,1.0,0.0,940000.0,3.0,1.0,680000.0,1.0,12.0
2025,2801.0,2.0,30.0,1.0,1.0,6.0,1.0,0.0,940000.0,3.0,1.0,1200000.0,2.0,12.0
2025,2801.0,1.0,3.0,5.0,1.0,7.0,4.0,5.0,940000.0,0.0,,0.0,,
2025,1923.0,2.0,68.0,4.0,1.0,2.0,3.0,1.0,0.0,0.0,,0.0,,
2025,3287.0,1.0,45.0,2.0,1.0,5.0,1.0,0.0,0.0,3.0,1.0,,2.0,
2025,3287.0,1.0,32.0,1.0,4.0,3.0,1.0,0.0,0.0,3.0,2.0,600000.0,2.0,5.0
2025,3287.0,1.0,7.0,5.0,4.0,1.0,4.0,3.0,0.0,0.0,,0.0,,
2025,3287.0,2.0,31.0,1.0,4.0,3.0,3.0,4.0,0.0,0.0,,0.0,,
2025,1169.0,2.0,30.0,5.0,1.0,5.0,1.0,0.0,1100000.0,3.0,1.0,1100000.0,2.0,9.0
2025,2180.0,2.0,48.0,5.0,1.0,6.0,1.0,0.0,1600000.0,3.0,1.0,3200000.0,1.0,12.0
2025,2180.0,1.0,15.0,5.0,1.0,3.0,3.0,3.0,1600000.0,0.0,,0.0,,
2025,2180.0,2.0,9.0,5.0,1.0,1.0,4.0,3.0,1600000.0,0.0,,0.0,,
2025,1885.0,2.0,62.0,3.0,1.0,6.0,1.0,0.0,620000.0,2.0,0.0,100000.0,2.0,1.0
2025,4821.0,1.0,32.0,1.0,1.0,6.0,1.0,0.0,1166666.67,3.0,1.0,2000000.0,2.0,12.0
2025,4821.0,2.0,32.0,1.0,1.0,6.0,1.0,0.0,1166666.67,3.0,1.0,1500000.0,2.0,12.0
2025,4821.0,2.0,1.0,5.0,1.0,7.0,4.0,5.0,1166666.67,0.0,,0.0,,
2025,1308.0,1.0,56.0,2.0,1.0,1.0,1.0,0.0,0.0,3.0,1.0,,2.0,8.0
2025,1308.0,2.0,56.0,2.0,1.0,2.0,3.0,4.0,0.0,0.0,,0.0,,
2025,1308.0,2.0,25.0,5.0,4.0,5.0,3.0,3.0,0.0,0.0,,0.0,,
2025,1633.0,2.0,56.0,2.0,1.0,4.0,1.0,0.0,1085000.0,2.0,0.0,40000.0,2.0,1.0
2025,3982.0,2.0,40.0,1.0,1.0,4.0,1.0,0.0,0.0,4.0,0.0,0.0,2.0,2.0
2025,3982.0,2.0,9.0,5.0,1.0,1.0,4.0,3.0,0.0,0.0,,0.0,,
2025,3982.0,2.0,6.0,5.0,1.0,1.0,4.0,3.0,0.0,0.0,,0.0,,
2025,1886.0,1.0,82.0,4.0,1.0,2.0,3.0,4.0,0.0,0.0,,0.0,,
2025,1686.0,1.0,29.0,5.0,12.0,6.0,1.0,0.0,0.0,3.0,1.0,,2.0,2.0
2025,1686.0,1.0,26.0,5.0,1.0,4.0,1.0,0.0,0.0,3.0,1.0,,2.0,6.0
2025,1686.0,2.0,80.0,4.0,4.0,4.0,3.0,1.0,0.0,0.0,,0.0,,
2025,1680.0,2.0,56.0,3.0,1.0,6.0,1.0,0.0,0.0,2.0,0.0,2000000.0,2.0,1.0
2025,1680.0,2.0,23.0,5.0,1.0,5.0,1.0,0.0,0.0,2.0,0.0,750000.0,2.0,1.0
2025,1680.0,2.0,17.0,5.0,1.0,3.0,3.0,3.0,0.0,0.0,,0.0,,
2025,2677.0,2.0,24.0,1.0,1.0,5.0,1.0,0.0,0.0,3.0,1.0,,2.0,8.0
2025,2677.0,1.0,34.0,1.0,1.0,6.0,1.0,0.0,0.0,3.0,1.0,,1.0,12.0
2025,3470.0,1.0,43.0,5.0,1.0,6.0,1.0,0.0,0.0,3.0,1.0,2100000.0,1.0,12.0
2025,2156.0,2.0,27.0,1.0,1.0,4.0,1.0,0.0,600000.0,3.0,1.0,1000000.0,2.0,8.0
2025,2156.0,1.0,30.0,1.0,1.0,3.0,1.0,0.0,600000.0,3.0,2.0,800000.0,2.0,12.0
2025,2156.0,1.0,11.0,5.0,1.0,1.0,3.0,3.0,600000.0,0.0,,0.0,,
2025,1894.0,2.0,46.0,3.0,1.0,4.0,1.0,0.0,0.0,3.0,1.0,,1.0,
2025,1894.0,1.0,11.0,5.0,1.0,1.0,3.0,3.0,0.0,0.0,,0.0,,
2025,1894.0,2.0,20.0,5.0,1.0,5.0,2.0,0.0,0.0,3.0,,0.0,,
2025,1019.0,1.0,44.0,5.0,1.0,6.0,1.0,0.0,0.0,3.0,1.0,,1.0,
2025,2360.0,1.0,19.0,5.0,1.0,1.0,3.0,3.0,0.0,0.0,,0.0,,
2025,2360.0,1.0,14.0,5.0,1.0,3.0,3.0,3.0,0.0,0.0,,0.0,,
2025,2043.0,2.0,83.0,4.0,1.0,2.0,3.0,1.0,560000.0,0.0,,0.0,,
2025,2268.0,1.0,61.0,1.0,2.0,6.0,1.0,0.0,2400000.0,1.0,0.0,10000000.0,2.0,10.0
2025,2268.0,2.0,59.0,1.0,2.0,6.0,1.0,0.0,2400000.0,2.0,0.0,2000000.0,2.0,1.0
2025,2268.0,1.0,19.0,5.0,2.0,5.0,3.0,3.0,2400000.0,0.0,,0.0,,
2025,2268.0,1.0,21.0,5.0,2.0,5.0,3.0,3.0,2400000.0,0.0,,0.0,,
2025,2268.0,1.0,19.0,5.0,2.0,5.0,3.0,3.0,2400000.0,0.0,,0.0,,
2025,2911.0,1.0,28.0,1.0,4.0,4.0,1.0,0.0,260000.0,3.0,2.0,1000000.0,2.0,7.0
2025,2911.0,2.0,24.0,1.0,4.0,4.0,3.0,4.0,260000.0,0.0,,0.0,,
2025,2911.0,2.0,5.0,5.0,4.0,7.0,4.0,5.0,260000.0,0.0,,0.0,,
2025,2911.0,1.0,3.0,5.0,4.0,7.0,4.0,5.0,260000.0,0.0,,0.0,,
2025,2911.0,1.0,1.0,5.0,4.0,7.0,4.0,5.0,260000.0,0.0,,0.0,,
2025,1993.0,2.0,69.0,2.0,2.0,6.0,3.0,1.0,0.0,0.0,,0.0,,
2025,1993.0,1.0,74.0,2.0,2.0,6.0,1.0,0.0,0.0,1.0,0.0,,2.0,6.0
2025,1449.0,2.0,79.0,4.0,1.0,6.0,3.0,1.0,0.0,0.0,,0.0,,
2025,4149.0,1.0,37.0,2.0,2.0,6.0,1.0,0.0,0.0,3.0,2.0,3000000.0,2.0,12.0
2025,4149.0,2.0,37.0,2.0,2.0,6.0,1.0,0.0,0.0,1.0,0.0,,2.0,3.0
2025,4149.0,1.0,6.0,5.0,2.0,1.0,4.0,3.0,0.0,0.0,,0.0,,
2025,1657.0,2.0,44.0,1.0,1.0,4.0,1.0,0.0,0.0,3.0,1.0,,1.0,11.0
2025,1657.0,1.0,49.0,1.0,2.0,4.0,1.0,0.0,0.0,3.0,2.0,,2.0,
2025,2830.0,2.0,40.0,2.0,1.0,4.0,1.0,0.0,580000.0,3.0,1.0,800000.0,1.0,
2025,2830.0,1.0,53.0,2.0,1.0,6.0,1.0,0.0,580000.0,3.0,1.0,1500000.0,1.0,
2025,2830.0,1.0,19.0,5.0,1.0,5.0,1.0,0.0,580000.0,3.0,2.0,600000.0,2.0,5.0
2025,2830.0,1.0,18.0,5.0,1.0,3.0,3.0,3.0,580000.0,0.0,,0.0,,
2025,2830.0,1.0,8.0,5.0,1.0,1.0,4.0,3.0,580000.0,0.0,,0.0,,
2025,2777.0,2.0,60.0,5.0,12.0,6.0,1.0,0.0,0.0,2.0,0.0,600000.0,2.0,1.0
2025,2117.0,1.0,76.0,2.0,12.0,6.0,3.0,1.0,0.0,0.0,,0.0,,
2025,515.0,1.0,66.0,4.0,1.0,1.0,3.0,7.0,0.0,0.0,,0.0,,
2025,515.0,2.0,35.0,5.0,4.0,2.0,1.0,0.0,0.0,3.0,2.0,,2.0,2.0
2025,515.0,2.0,35.0,5.0,4.0,2.0,2.0,0.0,0.0,3.0,,0.0,,
2025,515.0,2.0,14.0,5.0,4.0,3.0,3.0,3.0,0.0,0.0,,0.0,,
2025,515.0,1.0,13.0,5.0,4.0,3.0,3.0,3.0,0.0,0.0,,0.0,,
2025,515.0,1.0,8.0,5.0,4.0,1.0,4.0,3.0,0.0,0.0,,0.0,,
2025,1858.0,1.0,56.0,2.0,1.0,2.0,1.0,0.0,0.0,3.0,1.0,,2.0,
2025,1833.0,1.0,65.0,2.0,1.0,2.0,3.0,1.0,505000.0,0.0,,0.0,,
2025,1833.0,2.0,63.0,2.0,1.0,2.0,3.0,4.0,505000.0,0.0,,0.0,,
2025,1060.0,1.0,14.0,5.0,1.0,3.0,3.0,3.0,583333.33,0.0,,0.0,,
2025,1060.0,1.0,44.0,1.0,1.0,3.0,1.0,0.0,583333.33,3.0,1.0,950000.0,2.0,10.0
2025,1060.0,2.0,34.0,1.0,1.0,1.0,1.0,0.0,583333.33,3.0,2.0,400000.0,2.0,
2025,329.0,2.0,57.0,1.0,1.0,3.0,1.0,0.0,385000.0,3.0,1.0,270000.0,1.0,9.0
2025,329.0,1.0,56.0,1.0,1.0,4.0,1.0,0.0,385000.0,3.0,1.0,500000.0,2.0,
2025,998.0,1.0,43.0,5.0,1.0,2.0,1.0,0.0,772500.0,3.0,1.0,830000.0,1.0,11.0
2025,998.0,2.0,33.0,5.0,1.0,2.0,3.0,4.0,772500.0,0.0,,0.0,,
2025,968.0,2.0,65.0,3.0,1.0,5.0,3.0,1.0,0.0,0.0,,0.0,,
2025,2746.0,1.0,50.0,5.0,4.0,3.0,1.0,0.0,240000.0,3.0,2.0,120000.0,2.0,2.0
2025,1631.0,2.0,45.0,5.0,1.0,5.0,1.0,0.0,166666.67,3.0,1.0,500000.0,2.0,7.0
2025,1631.0,2.0,23.0,5.0,1.0,5.0,3.0,3.0,166666.67,0.0,,0.0,,
2025,1631.0,1.0,18.0,5.0,1.0,5.0,3.0,3.0,166666.67,0.0,,0.0,,
2025,1900.0,1.0,54.0,2.0,3.0,3.0,2.0,0.0,2500.0,2.0,,0.0,,
2025,2761.0,2.0,58.0,3.0,4.0,3.0,2.0,0.0,0.0,3.0,,0.0,,
2025,2761.0,1.0,33.0,5.0,1.0,6.0,1.0,0.0,0.0,3.0,1.0,,2.0,
2025,2761.0,2.0,25.0,5.0,1.0,5.0,1.0,0.0,0.0,3.0,2.0,,2.0,
2025,2944.0,2.0,45.0,2.0,1.0,5.0,3.0,4.0,0.0,0.0,,0.0,,
2025,2944.0,1.0,42.0,2.0,1.0,4.0,1.0,0.0,0.0,3.0,1.0,,2.0,
2025,2944.0,1.0,14.0,5.0,1.0,3.0,3.0,3.0,0.0,0.0,,0.0,,
2025,2944.0,1.0,12.0,5.0,1.0,3.0,3.0,3.0,0.0,0.0,,0.0,,
2025,1563.0,1.0,40.0,2.0,1.0,6.0,1.0,0.0,0.0,3.0,2.0,,2.0,
2025,1563.0,2.0,34.0,2.0,4.0,6.0,3.0,4.0,0.0,0.0,,0.0,,
2025,1532.0,2.0,54.0,5.0,1.0,6.0,1.0,0.0,850000.0,3.0,1.0,600000.0,1.0,9.0
2025,3057.0,2.0,68.0,4.0,1.0,2.0,1.0,0.0,0.0,3.0,1.0,,2.0,
2025,3057.0,1.0,29.0,1.0,1.0,4.0,1.0,0.0,0.0,3.0,1.0,700000.0,2.0,9.0
2025,3057.0,2.0,26.0,1.0,1.0,4.0,3.0,4.0,0.0,0.0,,0.0,,
2025,3057.0,2.0,29.0,1.0,1.0,4.0,1.0,0.0,0.0,3.0,1.0,,2.0,9.0
2025,3057.0,1.0,30.0,1.0,1.0,3.0,1.0,0.0,0.0,3.0,1.0,,2.0,
2025,3057.0,2.0,7.0,5.0,1.0,1.0,4.0,3.0,0.0,0.0,,0.0,,
2025,3057.0,1.0,5.0,5.0,1.0,7.0,4.0,5.0,0.0,0.0,,0.0,,
2025,3057.0,2.0,,5.0,1.0,7.0,4.0,5.0,0.0,0.0,,0.0,,
2025,1228.0,1.0,72.0,4.0,1.0,6.0,3.0,1.0,0.0,0.0,,0.0,,
2025,1228.0,2.0,44.0,5.0,1.0,6.0,1.0,0.0,0.0,3.0,1.0,,1.0,
2025,233.0,1.0,38.0,2.0,1.0,2.0,1.0,0.0,0.0,3.0,1.0,,2.0,
2025,233.0,2.0,42.0,2.0,1.0,4.0,1.0,0.0,0.0,3.0,1.0,,1.0,
2025,233.0,1.0,17.0,5.0,1.0,3.0,3.0,3.0,0.0,0.0,,0.0,,
2025,1858.0,2.0,56.0,2.0,1.0,6.0,1.0,0.0,0.0,2.0,0.0,,2.0,1.0
2025,1858.0,2.0,34.0,5.0,1.0,6.0,1.0,0.0,0.0,3.0,2.0,1200000.0,2.0,
2025,1858.0,2.0,17.0,5.0,4.0,3.0,3.0,3.0,0.0,0.0,,0.0,,
2025,2041.0,1.0,63.0,2.0,2.0,4.0,1.0,0.0,2625000.0,3.0,2.0,950000.0,2.0,
2025,2041.0,2.0,62.0,2.0,2.0,4.0,1.0,0.0,2625000.0,2.0,0.0,1500000.0,2.0,1.0
2025,968.0,2.0,18.0,5.0,1.0,4.0,3.0,4.0,0.0,0.0,,0.0,,
2025,2758.0,1.0,46.0,2.0,1.0,4.0,1.0,0.0,625000.0,3.0,1.0,2500000.0,2.0,12.0
2025,2758.0,1.0,16.0,5.0,1.0,3.0,3.0,3.0,625000.0,0.0,,0.0,,
2025,2758.0,2.0,11.0,5.0,1.0,1.0,3.0,3.0,625000.0,0.0,,0.0,,
2025,2758.0,2.0,43.0,2.0,1.0,4.0,3.0,7.0,625000.0,0.0,,0.0,,
2025,1900.0,2.0,55.0,2.0,4.0,4.0,3.0,4.0,2500.0,0.0,,0.0,,
2025,1900.0,2.0,21.0,5.0,3.0,5.0,3.0,3.0,2500.0,0.0,,0.0,,
2025,1900.0,2.0,15.0,5.0,4.0,3.0,3.0,3.0,2500.0,0.0,,0.0,,
2025,2430.0,1.0,49.0,2.0,1.0,3.0,1.0,0.0,0.0,3.0,1.0,770000.0,2.0,6.0
2025,2430.0,2.0,39.0,2.0,1.0,2.0,1.0,0.0,0.0,3.0,2.0,136000.0,2.0,
2025,2430.0,1.0,15.0,5.0,1.0,3.0,3.0,3.0,0.0,0.0,,0.0,,
2025,338.0,2.0,53.0,5.0,4.0,4.0,1.0,0.0,497000.0,2.0,0.0,250000.0,2.0,1.0
2025,338.0,2.0,20.0,5.0,4.0,4.0,1.0,0.0,497000.0,3.0,2.0,1100000.0,2.0,6.0
2025,338.0,1.0,10.0,5.0,4.0,1.0,3.0,3.0,497000.0,0.0,,0.0,,
2025,2083.0,2.0,46.0,1.0,1.0,6.0,1.0,0.0,1250000.0,2.0,0.0,800000.0,2.0,1.0
2025,2083.0,1.0,46.0,1.0,1.0,6.0,1.0,0.0,1250000.0,2.0,0.0,1500000.0,2.0,1.0
2025,2552.0,2.0,37.0,1.0,1.0,4.0,1.0,0.0,703666.67,3.0,1.0,1311000.0,2.0,10.0
2025,2552.0,1.0,39.0,1.0,1.0,4.0,1.0,0.0,703666.67,3.0,2.0,800000.0,2.0,6.0
2025,2552.0,2.0,15.0,5.0,1.0,3.0,3.0,3.0,703666.67,0.0,,0.0,,
2025,896.0,1.0,54.0,2.0,1.0,4.0,3.0,4.0,200000.0,0.0,,0.0,,
2025,896.0,2.0,51.0,2.0,1.0,4.0,1.0,0.0,200000.0,3.0,1.0,600000.0,1.0,
2025,896.0,2.0,20.0,5.0,3.0,4.0,2.0,0.0,200000.0,3.0,,0.0,,
2025,163.0,1.0,46.0,1.0,1.0,4.0,1.0,0.0,725000.0,1.0,0.0,400000.0,2.0,6.0
2025,163.0,2.0,46.0,1.0,1.0,6.0,1.0,0.0,725000.0,3.0,1.0,2500000.0,1.0,8.0
2025,163.0,2.0,15.0,5.0,1.0,3.0,3.0,3.0,725000.0,0.0,,0.0,,
2025,163.0,2.0,18.0,5.0,1.0,1.0,3.0,3.0,725000.0,0.0,,0.0,,
2025,233.0,2.0,18.0,5.0,1.0,3.0,3.0,3.0,0.0,0.0,,0.0,,
2025,1499.0,2.0,66.0,4.0,1.0,2.0,1.0,0.0,155000.0,2.0,0.0,0.0,2.0,1.0
2025,1499.0,1.0,31.0,5.0,4.0,4.0,3.0,7.0,155000.0,0.0,,0.0,,
2025,2648.0,1.0,19.0,5.0,1.0,4.0,3.0,4.0,280000.0,0.0,,0.0,,
2025,2648.0,1.0,7.0,5.0,1.0,1.0,4.0,3.0,280000.0,0.0,,0.0,,
2025,2648.0,2.0,29.0,5.0,1.0,4.0,1.0,0.0,280000.0,3.0,1.0,720000.0,2.0,10.0
2025,3202.0,1.0,35.0,1.0,4.0,4.0,1.0,0.0,228000.0,3.0,2.0,800000.0,2.0,3.0
2025,3202.0,2.0,29.0,1.0,4.0,3.0,3.0,4.0,228000.0,0.0,,0.0,,
2025,3202.0,1.0,10.0,5.0,4.0,1.0,3.0,3.0,228000.0,0.0,,0.0,,
2025,3202.0,2.0,12.0,5.0,4.0,3.0,3.0,3.0,228000.0,0.0,,0.0,,
2025,3202.0,2.0,1.0,5.0,4.0,7.0,4.0,5.0,228000.0,0.0,,0.0,,
2025,3801.0,2.0,11.0,5.0,1.0,1.0,3.0,3.0,812500.0,0.0,,0.0,,
2025,3801.0,2.0,8.0,5.0,1.0,1.0,4.0,3.0,812500.0,0.0,,0.0,,
2025,3801.0,2.0,39.0,2.0,1.0,6.0,1.0,0.0,812500.0,2.0,0.0,500000.0,2.0,1.0
2025,3801.0,1.0,42.0,2.0,1.0,4.0,1.0,0.0,812500.0,1.0,0.0,2500000.0,2.0,2.0
2025,1903.0,2.0,79.0,5.0,1.0,2.0,3.0,1.0,0.0,0.0,,0.0,,
2025,1517.0,1.0,71.0,1.0,12.0,3.0,3.0,1.0,0.0,0.0,,0.0,,
2025,1517.0,2.0,65.0,1.0,2.0,3.0,3.0,4.0,0.0,0.0,,0.0,,
2025,1720.0,2.0,76.0,3.0,12.0,6.0,3.0,1.0,1600000.0,0.0,,0.0,,
2025,2556.0,1.0,35.0,5.0,4.0,3.0,1.0,0.0,0.0,3.0,2.0,,2.0,
2025,2556.0,2.0,66.0,4.0,4.0,4.0,1.0,0.0,0.0,2.0,0.0,,2.0,1.0
2025,2671.0,1.0,42.0,3.0,1.0,6.0,1.0,0.0,2300000.0,3.0,1.0,1200000.0,1.0,
2025,2284.0,2.0,82.0,4.0,1.0,4.0,3.0,1.0,855000.0,0.0,,0.0,,
2025,2284.0,1.0,47.0,5.0,4.0,6.0,1.0,0.0,855000.0,2.0,0.0,800000.0,2.0,2.0
2025,1960.0,1.0,79.0,2.0,1.0,4.0,1.0,0.0,0.0,2.0,0.0,,2.0,2.0
2025,1960.0,2.0,74.0,2.0,1.0,3.0,1.0,0.0,0.0,2.0,0.0,,2.0,2.0
2025,7427.0,1.0,70.0,3.0,1.0,3.0,3.0,1.0,0.0,0.0,,0.0,,
2025,1625.0,2.0,85.0,4.0,1.0,2.0,3.0,1.0,942000.0,0.0,,0.0,,
2025,2826.0,2.0,43.0,1.0,1.0,2.0,1.0,0.0,125000.0,2.0,0.0,250000.0,2.0,2.0
2025,2826.0,1.0,9.0,5.0,1.0,1.0,4.0,3.0,125000.0,0.0,,0.0,,
2025,2826.0,2.0,16.0,5.0,1.0,3.0,3.0,3.0,125000.0,0.0,,0.0,,
2025,2826.0,1.0,47.0,1.0,1.0,5.0,1.0,0.0,125000.0,2.0,0.0,250000.0,2.0,2.0
2025,2188.0,1.0,53.0,5.0,4.0,5.0,1.0,0.0,435000.0,1.0,0.0,435000.0,2.0,2.0
2025,3185.0,2.0,74.0,4.0,1.0,7.0,1.0,0.0,0.0,2.0,0.0,10000.0,2.0,1.0
2025,3185.0,1.0,57.0,5.0,4.0,2.0,1.0,0.0,0.0,2.0,0.0,,2.0,1.0
2025,3185.0,2.0,30.0,5.0,4.0,2.0,1.0,0.0,0.0,2.0,0.0,,2.0,1.0
2025,3185.0,2.0,3.0,5.0,4.0,7.0,4.0,5.0,0.0,0.0,,0.0,,
2025,1454.0,2.0,38.0,3.0,1.0,6.0,1.0,0.0,1900000.0,2.0,0.0,3000000.0,2.0,1.0
2025,1454.0,2.0,2.0,5.0,1.0,7.0,4.0,5.0,1900000.0,0.0,,0.0,,
2025,679.0,2.0,63.0,5.0,1.0,6.0,1.0,0.0,2600000.0,2.0,0.0,500000.0,2.0,1.0
2025,2727.0,2.0,25.0,5.0,1.0,5.0,1.0,0.0,740000.0,3.0,1.0,540000.0,1.0,9.0
2025,1235.0,2.0,51.0,3.0,1.0,5.0,1.0,0.0,550000.0,3.0,1.0,600000.0,1.0,11.0
2025,1235.0,2.0,14.0,5.0,1.0,3.0,3.0,3.0,550000.0,0.0,,0.0,,
2025,3556.0,1.0,50.0,1.0,1.0,3.0,1.0,0.0,0.0,2.0,0.0,,2.0,1.0
2025,3556.0,2.0,51.0,1.0,4.0,3.0,3.0,4.0,0.0,0.0,,0.0,,
2025,3556.0,2.0,22.0,5.0,4.0,4.0,1.0,0.0,0.0,2.0,0.0,,2.0,1.0
2025,1412.0,1.0,72.0,2.0,1.0,6.0,1.0,0.0,0.0,3.0,1.0,,2.0,
2025,1412.0,2.0,72.0,2.0,12.0,6.0,3.0,1.0,0.0,0.0,,0.0,,
2025,1744.0,2.0,81.0,4.0,1.0,2.0,3.0,1.0,809294.0,0.0,,0.0,,
2025,1744.0,2.0,82.0,4.0,1.0,4.0,3.0,1.0,918588.0,0.0,,0.0,,
2025,1577.0,1.0,51.0,1.0,1.0,6.0,1.0,0.0,0.0,2.0,0.0,2000000.0,2.0,1.0
2025,1577.0,2.0,36.0,1.0,1.0,6.0,1.0,0.0,0.0,3.0,1.0,,2.0,9.0
2025,1714.0,2.0,53.0,2.0,1.0,3.0,1.0,0.0,820000.0,3.0,1.0,1200000.0,2.0,
2025,3367.0,2.0,45.0,5.0,1.0,4.0,1.0,0.0,312500.0,3.0,1.0,800000.0,2.0,4.0
2025,3367.0,2.0,21.0,5.0,1.0,4.0,1.0,0.0,312500.0,3.0,1.0,450000.0,2.0,
2025,3367.0,2.0,12.0,5.0,1.0,1.0,3.0,3.0,312500.0,0.0,,0.0,,
2025,3367.0,2.0,7.0,5.0,1.0,1.0,4.0,3.0,312500.0,0.0,,0.0,,
2025,1078.0,1.0,45.0,1.0,1.0,6.0,1.0,0.0,5250000.0,3.0,1.0,3000000.0,1.0,12.0
2025,1078.0,2.0,34.0,1.0,1.0,6.0,1.0,0.0,5250000.0,3.0,1.0,4000000.0,2.0,12.0
2025,2900.0,2.0,33.0,1.0,1.0,4.0,3.0,4.0,900000.0,0.0,,0.0,,
2025,2900.0,1.0,6.0,5.0,1.0,1.0,4.0,3.0,900000.0,0.0,,0.0,,
2025,2900.0,1.0,4.0,5.0,1.0,7.0,4.0,5.0,900000.0,0.0,,0.0,,
2025,2900.0,1.0,38.0,1.0,1.0,4.0,1.0,0.0,900000.0,3.0,1.0,2500000.0,2.0,11.0
2025,1755.0,2.0,33.0,5.0,1.0,6.0,1.0,0.0,1400000.0,3.0,1.0,600000.0,2.0,
2025,1072.0,2.0,51.0,4.0,1.0,4.0,1.0,0.0,812500.0,3.0,1.0,650000.0,1.0,11.0
2025,1072.0,2.0,30.0,5.0,1.0,4.0,1.0,0.0,812500.0,3.0,2.0,650000.0,1.0,12.0
2025,1958.0,1.0,50.0,1.0,1.0,6.0,1.0,0.0,0.0,3.0,1.0,,2.0,12.0
2025,1958.0,2.0,48.0,1.0,1.0,6.0,1.0,0.0,0.0,3.0,1.0,,2.0,12.0
2025,1958.0,1.0,18.0,5.0,1.0,3.0,3.0,3.0,0.0,0.0,,0.0,,
2025,1958.0,1.0,13.0,5.0,1.0,1.0,3.0,3.0,0.0,0.0,,0.0,,
2025,2915.0,2.0,70.0,4.0,1.0,6.0,1.0,0.0,2100000.0,3.0,1.0,1700000.0,1.0,12.0
2025,847.0,2.0,47.0,5.0,1.0,6.0,1.0,0.0,625000.0,3.0,1.0,1000000.0,1.0,8.0
2025,847.0,2.0,20.0,5.0,1.0,5.0,3.0,3.0,625000.0,0.0,,0.0,,
2025,1385.0,1.0,59.0,1.0,2.0,5.0,1.0,0.0,0.0,3.0,1.0,,2.0,7.0
2025,1385.0,2.0,49.0,1.0,2.0,6.0,1.0,0.0,0.0,2.0,0.0,1500000.0,2.0,1.0
2025,3556.0,2.0,21.0,5.0,1.0,5.0,3.0,3.0,0.0,0.0,,0.0,,
2025,3556.0,2.0,19.0,5.0,1.0,4.0,1.0,0.0,0.0,2.0,0.0,400000.0,2.0,1.0
2025,3556.0,2.0,13.0,5.0,1.0,3.0,3.0,3.0,0.0,0.0,,0.0,,
2025,4007.0,2.0,37.0,3.0,1.0,6.0,1.0,0.0,0.0,3.0,1.0,,2.0,
2025,4007.0,1.0,5.0,5.0,1.0,7.0,4.0,5.0,0.0,0.0,,0.0,,
2025,2967.0,1.0,48.0,2.0,1.0,6.0,1.0,0.0,1966666.67,3.0,1.0,3000000.0,2.0,8.0
2025,2967.0,2.0,44.0,2.0,1.0,6.0,1.0,0.0,1966666.67,3.0,1.0,1200000.0,1.0,12.0
2025,2967.0,1.0,6.0,5.0,1.0,1.0,4.0,3.0,1966666.67,0.0,,0.0,,
2025,1975.0,1.0,70.0,2.0,1.0,5.0,3.0,1.0,436333.33,0.0,,0.0,,
2025,1975.0,2.0,75.0,2.0,1.0,3.0,3.0,1.0,436333.33,0.0,,0.0,,
2025,1975.0,1.0,44.0,5.0,1.0,4.0,3.0,4.0,436333.33,0.0,,0.0,,
2025,1902.0,1.0,74.0,2.0,1.0,4.0,3.0,1.0,380000.0,0.0,,0.0,,
2025,1902.0,2.0,74.0,2.0,1.0,2.0,3.0,4.0,380000.0,0.0,,0.0,,
2025,1175.0,2.0,46.0,1.0,2.0,5.0,1.0,0.0,2340000.0,3.0,1.0,1500000.0,2.0,7.0
2025,776.0,2.0,61.0,3.0,1.0,2.0,3.0,1.0,0.0,0.0,,0.0,,
2025,776.0,2.0,39.0,5.0,4.0,4.0,2.0,0.0,0.0,3.0,,0.0,,
2025,776.0,1.0,19.0,5.0,1.0,5.0,3.0,3.0,0.0,0.0,,0.0,,
2025,1626.0,2.0,63.0,4.0,1.0,3.0,3.0,1.0,0.0,0.0,,0.0,,
2025,1626.0,1.0,27.0,5.0,4.0,3.0,1.0,0.0,0.0,2.0,0.0,,2.0,1.0
2025,1694.0,2.0,7.0,5.0,1.0,1.0,4.0,3.0,566666.67,0.0,,0.0,,
2025,1694.0,1.0,46.0,5.0,1.0,4.0,1.0,0.0,566666.67,3.0,1.0,1100000.0,2.0,5.0
2025,1694.0,2.0,27.0,5.0,1.0,4.0,1.0,0.0,566666.67,3.0,1.0,600000.0,2.0,2.0
2025,1045.0,2.0,80.0,4.0,1.0,2.0,3.0,1.0,335000.0,0.0,,0.0,,
2025,1045.0,1.0,49.0,5.0,4.0,3.0,1.0,0.0,335000.0,2.0,0.0,20000.0,2.0,2.0
2025,1714.0,1.0,62.0,2.0,1.0,2.0,3.0,4.0,820000.0,0.0,,0.0,,
2025,1714.0,2.0,18.0,5.0,4.0,5.0,3.0,3.0,820000.0,0.0,,0.0,,
2025,2143.0,2.0,53.0,1.0,4.0,2.0,1.0,0.0,0.0,2.0,0.0,100000.0,2.0,1.0
2025,2143.0,1.0,56.0,1.0,4.0,3.0,1.0,0.0,0.0,2.0,0.0,,2.0,1.0
2025,2143.0,2.0,20.0,5.0,4.0,4.0,2.0,0.0,0.0,3.0,,0.0,,
2025,2143.0,2.0,16.0,5.0,4.0,3.0,3.0,3.0,0.0,0.0,,0.0,,
2025,463.0,2.0,61.0,5.0,1.0,4.0,1.0,0.0,40000.0,2.0,0.0,40000.0,2.0,1.0
2025,3824.0,1.0,28.0,1.0,4.0,3.0,2.0,0.0,0.0,3.0,,0.0,,
2025,3824.0,2.0,26.0,1.0,4.0,3.0,3.0,4.0,0.0,0.0,,0.0,,
2025,3824.0,1.0,8.0,5.0,4.0,1.0,4.0,3.0,0.0,0.0,,0.0,,
2025,3824.0,2.0,3.0,5.0,4.0,7.0,4.0,5.0,0.0,0.0,,0.0,,
2025,3261.0,2.0,33.0,1.0,4.0,3.0,1.0,0.0,0.0,3.0,2.0,,2.0,
2025,3261.0,1.0,31.0,1.0,4.0,2.0,1.0,0.0,0.0,3.0,2.0,800000.0,2.0,6.0
2025,3261.0,1.0,9.0,5.0,4.0,1.0,4.0,3.0,0.0,0.0,,0.0,,
2025,1296.0,2.0,62.0,2.0,1.0,4.0,1.0,0.0,0.0,3.0,2.0,,2.0,
2025,1296.0,1.0,63.0,2.0,1.0,3.0,1.0,0.0,0.0,3.0,1.0,,2.0,
2025,1296.0,2.0,31.0,5.0,1.0,6.0,1.0,0.0,0.0,3.0,1.0,,2.0,
2025,1933.0,2.0,20.0,5.0,1.0,4.0,1.0,0.0,0.0,3.0,1.0,,1.0,
2025,1933.0,1.0,23.0,5.0,1.0,4.0,1.0,0.0,0.0,2.0,0.0,,2.0,1.0
2025,1933.0,1.0,21.0,5.0,1.0,3.0,1.0,0.0,0.0,3.0,2.0,,2.0,
2025,1969.0,1.0,80.0,2.0,1.0,2.0,3.0,1.0,0.0,0.0,,0.0,,
2025,1969.0,2.0,75.0,2.0,1.0,2.0,3.0,4.0,0.0,0.0,,0.0,,
2025,2281.0,2.0,67.0,4.0,1.0,4.0,3.0,1.0,0.0,0.0,,0.0,,
2025,2281.0,2.0,33.0,5.0,12.0,4.0,1.0,0.0,0.0,3.0,1.0,420000.0,2.0,
2025,3627.0,2.0,35.0,1.0,2.0,4.0,1.0,0.0,1360000.0,3.0,1.0,1500000.0,2.0,12.0
2025,3627.0,2.0,14.0,5.0,2.0,3.0,3.0,3.0,1360000.0,0.0,,0.0,,
2025,3627.0,1.0,38.0,1.0,2.0,4.0,1.0,0.0,1360000.0,3.0,1.0,1500000.0,2.0,
2025,2392.0,2.0,66.0,5.0,1.0,6.0,3.0,1.0,0.0,0.0,,0.0,,
2025,3266.0,2.0,31.0,5.0,1.0,6.0,1.0,0.0,3100000.0,3.0,1.0,3100000.0,1.0,7.0
2025,1030.0,2.0,59.0,1.0,1.0,5.0,1.0,0.0,0.0,3.0,1.0,,2.0,8.0
2025,1030.0,1.0,66.0,1.0,1.0,4.0,1.0,0.0,0.0,3.0,1.0,,2.0,7.0
2025,2751.0,1.0,78.0,2.0,1.0,3.0,3.0,1.0,400000.0,0.0,,0.0,,
2025,2751.0,2.0,74.0,2.0,1.0,6.0,3.0,1.0,400000.0,0.0,,0.0,,
2025,3060.0,1.0,57.0,5.0,1.0,6.0,1.0,0.0,0.0,3.0,1.0,,1.0,11.0
2025,3060.0,1.0,60.0,5.0,1.0,6.0,1.0,0.0,0.0,3.0,1.0,,2.0,9.0
2025,3060.0,1.0,50.0,5.0,1.0,6.0,1.0,0.0,0.0,3.0,1.0,,1.0,
2025,1906.0,1.0,30.0,1.0,1.0,5.0,1.0,0.0,900000.0,3.0,1.0,1200000.0,2.0,12.0
2025,1906.0,2.0,30.0,1.0,1.0,5.0,3.0,3.0,900000.0,0.0,,0.0,,
2025,959.0,1.0,69.0,3.0,12.0,6.0,3.0,1.0,2900000.0,0.0,,0.0,,
2025,3909.0,1.0,40.0,1.0,4.0,4.0,1.0,0.0,653333.33,2.0,0.0,1200000.0,2.0,1.0
2025,3909.0,2.0,39.0,1.0,1.0,4.0,1.0,0.0,653333.33,3.0,1.0,760000.0,2.0,12.0
2025,3909.0,2.0,8.0,5.0,1.0,1.0,4.0,3.0,653333.33,0.0,,0.0,,
2025,2160.0,2.0,45.0,5.0,1.0,5.0,1.0,0.0,700000.0,3.0,1.0,800000.0,2.0,7.0
2025,2160.0,2.0,27.0,5.0,4.0,6.0,1.0,0.0,700000.0,2.0,0.0,400000.0,2.0,1.0
2025,1175.0,2.0,47.0,1.0,2.0,5.0,1.0,0.0,2340000.0,3.0,1.0,3000000.0,2.0,12.0
2025,1186.0,1.0,62.0,5.0,2.0,4.0,1.0,0.0,1200000.0,3.0,1.0,800000.0,2.0,12.0
2025,2632.0,2.0,70.0,3.0,1.0,2.0,1.0,0.0,2630000.0,3.0,1.0,1400000.0,2.0,1.0
2025,4368.0,2.0,40.0,2.0,1.0,3.0,3.0,4.0,240000.0,0.0,,0.0,,
2025,4368.0,1.0,39.0,2.0,1.0,3.0,1.0,0.0,240000.0,3.0,1.0,1200000.0,2.0,12.0
2025,3261.0,1.0,2.0,5.0,4.0,7.0,4.0,5.0,0.0,0.0,,0.0,,
2025,1687.0,1.0,59.0,2.0,1.0,4.0,1.0,0.0,0.0,3.0,2.0,,2.0,
2025,1687.0,2.0,55.0,2.0,1.0,4.0,3.0,4.0,0.0,0.0,,0.0,,
2025,1923.0,1.0,55.0,5.0,2.0,6.0,1.0,0.0,2600000.0,3.0,1.0,2600000.0,2.0,6.0
2025,4072.0,1.0,62.0,3.0,2.0,6.0,1.0,0.0,9000000.0,3.0,1.0,6000000.0,2.0,12.0
2025,3397.0,1.0,34.0,2.0,1.0,6.0,1.0,0.0,0.0,3.0,1.0,,3.0,12.0
2025,3397.0,2.0,39.0,2.0,1.0,6.0,1.0,0.0,0.0,2.0,0.0,,2.0,1.0
2025,3397.0,2.0,5.0,5.0,1.0,7.0,4.0,5.0,0.0,0.0,,0.0,,
2025,3397.0,1.0,1.0,5.0,1.0,7.0,4.0,5.0,0.0,0.0,,0.0,,
2025,3313.0,2.0,37.0,3.0,1.0,2.0,1.0,0.0,336666.67,2.0,0.0,800000.0,2.0,1.0
2025,3313.0,2.0,15.0,5.0,1.0,3.0,3.0,3.0,336666.67,0.0,,0.0,,
2025,3313.0,1.0,10.0,5.0,1.0,1.0,3.0,3.0,336666.67,0.0,,0.0,,
2025,2065.0,2.0,74.0,4.0,1.0,1.0,3.0,1.0,513333.33,0.0,,0.0,,
2025,2065.0,1.0,26.0,1.0,1.0,4.0,1.0,0.0,513333.33,3.0,1.0,670000.0,2.0,6.0
2025,2065.0,2.0,24.0,1.0,4.0,5.0,3.0,3.0,513333.33,0.0,,0.0,,
2025,2148.0,2.0,83.0,4.0,1.0,7.0,3.0,7.0,233571.43,0.0,,0.0,,
2025,2148.0,2.0,57.0,2.0,1.0,4.0,1.0,0.0,233571.43,3.0,2.0,600000.0,2.0,
2025,2148.0,1.0,61.0,2.0,4.0,7.0,2.0,0.0,233571.43,3.0,,0.0,,
2025,2148.0,2.0,28.0,5.0,4.0,3.0,3.0,4.0,233571.43,0.0,,0.0,,
2025,2148.0,2.0,21.0,5.0,4.0,4.0,3.0,4.0,233571.43,0.0,,0.0,,
2025,2148.0,1.0,19.0,5.0,4.0,4.0,3.0,7.0,233571.43,0.0,,0.0,,
2025,2148.0,2.0,11.0,5.0,4.0,1.0,3.0,3.0,233571.43,0.0,,0.0,,
2025,1150.0,1.0,66.0,2.0,1.0,2.0,3.0,1.0,0.0,0.0,,0.0,,
2025,1150.0,2.0,62.0,2.0,1.0,4.0,3.0,4.0,0.0,0.0,,0.0,,
2025,1150.0,2.0,25.0,5.0,4.0,6.0,2.0,0.0,0.0,3.0,,0.0,,
2025,1150.0,2.0,23.0,5.0,1.0,5.0,1.0,0.0,0.0,3.0,1.0,100000.0,1.0,11.0
2025,1165.0,2.0,74.0,1.0,1.0,2.0,3.0,1.0,1200000.0,0.0,,0.0,,
2025,1165.0,1.0,75.0,1.0,1.0,2.0,3.0,1.0,1200000.0,0.0,,0.0,,
2025,1739.0,2.0,71.0,2.0,1.0,4.0,3.0,4.0,370000.0,0.0,,0.0,,
2025,1739.0,1.0,74.0,2.0,1.0,4.0,3.0,7.0,370000.0,0.0,,0.0,,
2025,3060.0,1.0,60.0,5.0,1.0,6.0,1.0,0.0,0.0,3.0,1.0,,1.0,
2025,3060.0,1.0,55.0,5.0,1.0,6.0,1.0,0.0,0.0,3.0,1.0,,2.0,12.0
2025,3060.0,1.0,60.0,5.0,1.0,6.0,1.0,0.0,0.0,3.0,1.0,2000000.0,2.0,7.0
2025,3060.0,1.0,40.0,5.0,1.0,6.0,1.0,0.0,0.0,3.0,1.0,2000000.0,2.0,9.0
2025,2777.0,1.0,35.0,5.0,2.0,5.0,1.0,0.0,950000.0,3.0,1.0,950000.0,2.0,9.0
2025,2608.0,1.0,24.0,2.0,1.0,4.0,1.0,0.0,935000.0,3.0,2.0,935000.0,1.0,12.0
2025,2581.0,1.0,31.0,1.0,4.0,4.0,1.0,0.0,211000.0,3.0,2.0,550000.0,2.0,3.0
2025,2581.0,2.0,30.0,1.0,4.0,4.0,3.0,4.0,211000.0,0.0,,0.0,,
2025,2581.0,1.0,4.0,5.0,4.0,7.0,4.0,5.0,211000.0,0.0,,0.0,,
2025,2060.0,2.0,84.0,4.0,1.0,7.0,3.0,1.0,1380000.0,0.0,,0.0,,
2025,3143.0,1.0,43.0,5.0,4.0,4.0,1.0,0.0,340000.0,3.0,2.0,200000.0,2.0,2.0
2025,1802.0,2.0,52.0,5.0,4.0,2.0,1.0,0.0,425000.0,3.0,2.0,850000.0,2.0,
2025,1802.0,1.0,18.0,5.0,4.0,3.0,3.0,3.0,425000.0,0.0,,0.0,,
2025,4368.0,1.0,14.0,5.0,1.0,3.0,3.0,3.0,240000.0,0.0,,0.0,,
2025,4368.0,2.0,8.0,5.0,1.0,1.0,4.0,3.0,240000.0,0.0,,0.0,,
2025,4368.0,1.0,5.0,5.0,1.0,7.0,4.0,5.0,240000.0,0.0,,0.0,,
2025,2026.0,1.0,62.0,1.0,1.0,4.0,1.0,0.0,575000.0,3.0,1.0,1500000.0,2.0,7.0
2025,2026.0,2.0,51.0,1.0,1.0,4.0,1.0,0.0,575000.0,3.0,2.0,800000.0,2.0,7.0
2025,2026.0,1.0,15.0,5.0,1.0,3.0,3.0,3.0,575000.0,0.0,,0.0,,
2025,2026.0,2.0,28.0,5.0,1.0,5.0,3.0,3.0,575000.0,0.0,,0.0,,
2025,1336.0,1.0,74.0,4.0,1.0,3.0,3.0,1.0,0.0,0.0,,0.0,,
2025,3439.0,2.0,41.0,1.0,4.0,4.0,1.0,0.0,417000.0,2.0,0.0,500000.0,2.0,2.0
2025,3439.0,1.0,44.0,1.0,1.0,4.0,1.0,0.0,417000.0,2.0,0.0,500000.0,2.0,2.0
2025,3439.0,2.0,17.0,5.0,4.0,3.0,3.0,3.0,417000.0,0.0,,0.0,,
2025,3439.0,1.0,8.0,5.0,4.0,1.0,4.0,3.0,417000.0,0.0,,0.0,,
2025,4257.0,2.0,10.0,5.0,1.0,1.0,3.0,3.0,475000.0,0.0,,0.0,,
2025,32.0,1.0,82.0,5.0,1.0,2.0,3.0,1.0,300000.0,0.0,,0.0,,
2025,123.0,1.0,34.0,5.0,1.0,3.0,1.0,0.0,700000.0,2.0,0.0,700000.0,2.0,10.0
2025,141.0,1.0,33.0,1.0,2.0,1.0,1.0,0.0,0.0,3.0,1.0,800000.0,1.0,9.0
2025,141.0,2.0,30.0,1.0,2.0,1.0,1.0,0.0,0.0,3.0,1.0,200000.0,2.0,
2025,141.0,1.0,5.0,5.0,2.0,7.0,4.0,5.0,0.0,0.0,,0.0,,
2025,2244.0,2.0,37.0,3.0,1.0,6.0,1.0,0.0,625000.0,3.0,1.0,800000.0,2.0,
2025,2244.0,2.0,10.0,5.0,1.0,1.0,3.0,3.0,625000.0,0.0,,0.0,,
2025,2385.0,1.0,26.0,1.0,1.0,4.0,1.0,0.0,800000.0,3.0,1.0,1600000.0,2.0,7.0
2025,2385.0,2.0,20.0,1.0,4.0,5.0,3.0,3.0,800000.0,0.0,,0.0,,
2025,4140.0,2.0,34.0,5.0,1.0,5.0,1.0,0.0,230000.0,3.0,2.0,460000.0,2.0,2.0
2025,4140.0,2.0,13.0,5.0,1.0,3.0,3.0,3.0,230000.0,0.0,,0.0,,
2025,1037.0,1.0,39.0,1.0,1.0,6.0,1.0,0.0,592500.0,3.0,1.0,790000.0,1.0,9.0
2025,1037.0,2.0,30.0,1.0,1.0,6.0,1.0,0.0,592500.0,3.0,1.0,790000.0,1.0,9.0
2025,1037.0,1.0,2.0,5.0,1.0,7.0,4.0,5.0,592500.0,0.0,,0.0,,
2025,1037.0,1.0,6.0,5.0,1.0,1.0,4.0,3.0,592500.0,0.0,,0.0,,
2025,1986.0,1.0,88.0,1.0,1.0,3.0,3.0,1.0,1265000.0,0.0,,0.0,,
2025,1422.0,2.0,62.0,3.0,12.0,6.0,1.0,0.0,2370000.0,3.0,2.0,700000.0,2.0,5.0
2025,688.0,1.0,41.0,5.0,4.0,3.0,1.0,0.0,1500000.0,2.0,0.0,1500000.0,2.0,2.0
2025,7427.0,1.0,6.0,5.0,1.0,1.0,4.0,3.0,0.0,0.0,,0.0,,
2025,7427.0,2.0,36.0,1.0,4.0,5.0,1.0,0.0,0.0,3.0,2.0,150000.0,2.0,3.0
2025,7427.0,2.0,15.0,5.0,1.0,3.0,3.0,3.0,0.0,0.0,,0.0,,
2025,7427.0,1.0,43.0,1.0,1.0,3.0,1.0,0.0,0.0,3.0,1.0,1000000.0,2.0,9.0
2025,1116.0,1.0,75.0,5.0,12.0,6.0,3.0,1.0,1350000.0,0.0,,0.0,,
2025,1507.0,1.0,90.0,4.0,1.0,2.0,3.0,1.0,0.0,0.0,,0.0,,
2025,1507.0,1.0,80.0,5.0,1.0,2.0,3.0,1.0,0.0,0.0,,0.0,,
2025,3293.0,1.0,49.0,2.0,1.0,1.0,1.0,0.0,0.0,3.0,1.0,780000.0,2.0,9.0
2025,3293.0,2.0,43.0,2.0,1.0,3.0,1.0,0.0,0.0,2.0,0.0,,2.0,3.0
2025,3293.0,1.0,21.0,5.0,1.0,5.0,1.0,0.0,0.0,2.0,0.0,,2.0,3.0
2025,3293.0,1.0,14.0,5.0,1.0,3.0,3.0,3.0,0.0,0.0,,0.0,,
2025,2494.0,2.0,61.0,4.0,4.0,6.0,1.0,0.0,427647.0,3.0,2.0,76000.0,2.0,8.0
2025,4257.0,1.0,8.0,5.0,1.0,1.0,4.0,3.0,475000.0,0.0,,0.0,,
2025,4257.0,1.0,42.0,2.0,1.0,2.0,1.0,0.0,475000.0,3.0,1.0,1000000.0,2.0,
2025,4257.0,2.0,46.0,2.0,1.0,3.0,1.0,0.0,475000.0,3.0,1.0,900000.0,2.0,12.0
2025,1016.0,2.0,35.0,1.0,1.0,5.0,1.0,0.0,1350000.0,3.0,1.0,800000.0,1.0,8.0
2025,1016.0,1.0,35.0,1.0,1.0,5.0,1.0,0.0,1350000.0,2.0,0.0,700000.0,2.0,2.0
2025,3342.0,1.0,13.0,5.0,1.0,3.0,3.0,3.0,525000.0,0.0,,0.0,,
2025,3342.0,1.0,55.0,2.0,1.0,6.0,1.0,0.0,525000.0,3.0,1.0,1000000.0,1.0,11.0
2025,3342.0,2.0,48.0,2.0,1.0,4.0,1.0,0.0,525000.0,3.0,1.0,200000.0,2.0,
2025,3342.0,1.0,20.0,5.0,1.0,5.0,3.0,3.0,525000.0,0.0,,0.0,,
2025,2797.0,1.0,24.0,5.0,4.0,5.0,3.0,3.0,0.0,0.0,,0.0,,
2025,2797.0,1.0,50.0,5.0,4.0,2.0,1.0,0.0,0.0,3.0,2.0,,2.0,
2025,4594.0,2.0,27.0,5.0,4.0,5.0,1.0,0.0,352500.0,3.0,2.0,520000.0,2.0,2.0
2025,1712.0,2.0,71.0,2.0,1.0,4.0,1.0,0.0,955000.0,3.0,1.0,1200000.0,2.0,5.0
2025,1712.0,1.0,75.0,2.0,1.0,4.0,3.0,1.0,955000.0,0.0,,0.0,,
2025,2464.0,2.0,69.0,5.0,1.0,3.0,1.0,0.0,0.0,2.0,0.0,,2.0,6.0
2025,2464.0,2.0,67.0,5.0,1.0,6.0,1.0,0.0,0.0,2.0,0.0,,2.0,5.0
2025,2464.0,1.0,37.0,5.0,4.0,4.0,2.0,0.0,0.0,0.0,,0.0,,
2025,2464.0,2.0,34.0,5.0,4.0,4.0,1.0,0.0,0.0,2.0,0.0,,2.0,5.0
2025,2464.0,2.0,14.0,5.0,4.0,3.0,3.0,3.0,0.0,0.0,,0.0,,
2025,2385.0,2.0,1.0,5.0,1.0,7.0,4.0,5.0,800000.0,0.0,,0.0,,
2025,2467.0,2.0,68.0,3.0,1.0,6.0,3.0,1.0,730000.0,0.0,,0.0,,
2025,2467.0,1.0,26.0,5.0,4.0,5.0,2.0,0.0,730000.0,3.0,,0.0,,
2025,1474.0,1.0,76.0,2.0,1.0,2.0,3.0,4.0,0.0,0.0,,0.0,,
2025,1474.0,2.0,76.0,2.0,1.0,4.0,3.0,1.0,0.0,0.0,,0.0,,
2025,1474.0,2.0,39.0,5.0,1.0,3.0,1.0,0.0,0.0,3.0,1.0,,2.0,8.0
2025,3507.0,1.0,38.0,2.0,1.0,6.0,1.0,0.0,0.0,3.0,1.0,,2.0,
2025,3507.0,2.0,4.0,5.0,1.0,7.0,4.0,5.0,0.0,0.0,,0.0,,
2025,3507.0,2.0,36.0,2.0,1.0,6.0,1.0,0.0,0.0,3.0,1.0,800000.0,1.0,
2025,2520.0,2.0,90.0,4.0,1.0,3.0,3.0,6.0,0.0,0.0,,0.0,,
2025,3293.0,1.0,5.0,5.0,1.0,7.0,4.0,5.0,0.0,0.0,,0.0,,
2025,3293.0,2.0,,5.0,1.0,7.0,4.0,5.0,0.0,0.0,,0.0,,
2025,1640.0,2.0,58.0,3.0,4.0,6.0,2.0,0.0,0.0,3.0,,0.0,,
2025,1640.0,1.0,29.0,5.0,1.0,3.0,1.0,0.0,0.0,3.0,1.0,,2.0,
2025,1640.0,1.0,26.0,5.0,4.0,5.0,1.0,0.0,0.0,3.0,2.0,,2.0,
2025,1640.0,2.0,23.0,5.0,1.0,5.0,1.0,0.0,0.0,3.0,2.0,,2.0,6.0
2025,4101.0,1.0,37.0,5.0,1.0,5.0,1.0,0.0,1550000.0,3.0,1.0,350000.0,2.0,9.0
2025,1858.0,2.0,83.0,4.0,1.0,2.0,3.0,1.0,0.0,0.0,,0.0,,
2025,1858.0,1.0,41.0,5.0,1.0,2.0,1.0,0.0,0.0,3.0,1.0,,2.0,4.0
2025,2494.0,1.0,36.0,5.0,4.0,4.0,1.0,0.0,427647.0,3.0,2.0,400000.0,2.0,4.0
2025,3771.0,1.0,42.0,1.0,4.0,3.0,1.0,0.0,250000.0,2.0,0.0,750000.0,2.0,1.0
2025,3771.0,2.0,37.0,1.0,4.0,3.0,3.0,4.0,250000.0,0.0,,0.0,,
2025,3771.0,1.0,9.0,5.0,4.0,1.0,4.0,3.0,250000.0,0.0,,0.0,,
2025,3771.0,2.0,7.0,5.0,4.0,1.0,4.0,3.0,250000.0,0.0,,0.0,,
2025,6827.0,2.0,45.0,2.0,1.0,6.0,1.0,0.0,0.0,3.0,1.0,,2.0,12.0
2025,6827.0,1.0,43.0,2.0,1.0,6.0,2.0,0.0,0.0,3.0,,0.0,,
2025,6827.0,1.0,9.0,5.0,1.0,1.0,4.0,3.0,0.0,0.0,,0.0,,
2025,6827.0,1.0,5.0,5.0,1.0,7.0,4.0,5.0,0.0,0.0,,0.0,,
2025,1311.0,1.0,58.0,1.0,12.0,5.0,1.0,0.0,0.0,3.0,1.0,,2.0,7.0
2025,1311.0,2.0,47.0,1.0,1.0,5.0,1.0,0.0,0.0,3.0,1.0,,1.0,
2025,1903.0,1.0,43.0,5.0,4.0,4.0,1.0,0.0,0.0,3.0,2.0,,2.0,
2025,1903.0,2.0,72.0,4.0,4.0,6.0,3.0,4.0,0.0,0.0,,0.0,,
2025,2542.0,1.0,49.0,2.0,1.0,6.0,1.0,0.0,0.0,2.0,0.0,,2.0,1.0
2025,4594.0,1.0,4.0,5.0,4.0,7.0,4.0,5.0,352500.0,0.0,,0.0,,
2025,2095.0,2.0,61.0,3.0,1.0,4.0,1.0,0.0,0.0,3.0,1.0,,1.0,
2025,2095.0,1.0,32.0,5.0,1.0,4.0,1.0,0.0,0.0,3.0,2.0,800000.0,2.0,4.0
2025,81.0,1.0,75.0,2.0,1.0,6.0,1.0,0.0,0.0,2.0,0.0,,2.0,1.0
2025,81.0,2.0,72.0,2.0,1.0,4.0,3.0,4.0,0.0,0.0,,0.0,,
2025,81.0,1.0,40.0,5.0,1.0,4.0,1.0,0.0,0.0,3.0,2.0,300000.0,2.0,
2025,2180.0,2.0,45.0,5.0,1.0,6.0,1.0,0.0,1200000.0,3.0,1.0,1200000.0,2.0,12.0
2025,2487.0,2.0,77.0,2.0,1.0,2.0,3.0,1.0,0.0,0.0,,0.0,,
2025,2487.0,1.0,83.0,2.0,1.0,4.0,3.0,1.0,0.0,0.0,,0.0,,
2025,266.0,2.0,59.0,4.0,4.0,4.0,3.0,4.0,130000.0,0.0,,0.0,,
2025,266.0,2.0,15.0,5.0,4.0,3.0,3.0,3.0,130000.0,0.0,,0.0,,
2025,2520.0,2.0,22.0,5.0,1.0,5.0,3.0,3.0,0.0,0.0,,0.0,,
2025,2506.0,2.0,22.0,1.0,4.0,4.0,3.0,4.0,545000.0,0.0,,0.0,,
2025,2506.0,1.0,25.0,1.0,1.0,4.0,1.0,0.0,545000.0,3.0,1.0,1000000.0,2.0,
2025,1539.0,1.0,78.0,4.0,1.0,4.0,3.0,1.0,942000.0,0.0,,0.0,,
2025,1920.0,1.0,51.0,1.0,1.0,6.0,1.0,0.0,473333.33,3.0,1.0,820000.0,2.0,9.0
2025,1920.0,2.0,50.0,1.0,1.0,3.0,1.0,0.0,473333.33,3.0,2.0,600000.0,2.0,
2025,1920.0,1.0,21.0,5.0,1.0,5.0,3.0,3.0,473333.33,0.0,,0.0,,
2025,1439.0,1.0,52.0,2.0,1.0,4.0,1.0,0.0,850000.0,3.0,1.0,950000.0,2.0,3.0
2025,1439.0,2.0,59.0,2.0,1.0,2.0,3.0,4.0,850000.0,0.0,,0.0,,
2025,1439.0,1.0,22.0,5.0,1.0,4.0,1.0,0.0,850000.0,3.0,1.0,750000.0,2.0,7.0
2025,2542.0,2.0,57.0,2.0,1.0,5.0,1.0,0.0,0.0,3.0,1.0,,2.0,6.0
2025,2542.0,1.0,32.0,5.0,1.0,5.0,1.0,0.0,0.0,3.0,1.0,,2.0,5.0
2025,2542.0,1.0,26.0,5.0,1.0,5.0,1.0,0.0,0.0,3.0,2.0,0.0,2.0,
2025,2542.0,1.0,19.0,5.0,1.0,5.0,1.0,0.0,0.0,3.0,2.0,,2.0,7.0
2025,4789.0,2.0,89.0,4.0,12.0,5.0,3.0,1.0,0.0,0.0,,0.0,,
2025,3141.0,1.0,66.0,4.0,1.0,4.0,3.0,1.0,0.0,0.0,,0.0,,
2025,3141.0,1.0,37.0,5.0,1.0,4.0,1.0,0.0,0.0,3.0,1.0,850000.0,2.0,9.0
2025,3141.0,1.0,35.0,5.0,1.0,4.0,1.0,0.0,0.0,3.0,1.0,,2.0,
2025,2319.0,1.0,45.0,1.0,4.0,2.0,1.0,0.0,380000.0,3.0,2.0,700000.0,2.0,4.0
2025,2319.0,2.0,43.0,1.0,4.0,3.0,1.0,0.0,380000.0,3.0,2.0,700000.0,2.0,4.0
2025,2319.0,2.0,20.0,5.0,4.0,5.0,2.0,0.0,380000.0,0.0,,0.0,,
2025,2319.0,1.0,9.0,5.0,4.0,1.0,4.0,3.0,380000.0,0.0,,0.0,,
2025,2778.0,2.0,83.0,4.0,1.0,6.0,3.0,1.0,900000.0,0.0,,0.0,,
2025,1783.0,1.0,28.0,5.0,4.0,4.0,1.0,0.0,1500000.0,3.0,2.0,1500000.0,2.0,12.0
2025,928.0,1.0,51.0,2.0,1.0,6.0,1.0,0.0,0.0,3.0,1.0,,2.0,
2025,928.0,2.0,50.0,2.0,1.0,6.0,1.0,0.0,0.0,3.0,1.0,4000000.0,1.0,12.0
2025,928.0,1.0,15.0,5.0,1.0,3.0,3.0,3.0,0.0,0.0,,0.0,,
2025,4121.0,1.0,74.0,2.0,1.0,6.0,1.0,0.0,1550000.0,3.0,2.0,500000.0,2.0,8.0
2025,4121.0,2.0,66.0,2.0,1.0,6.0,1.0,0.0,1550000.0,2.0,0.0,600000.0,2.0,1.0
2025,1303.0,1.0,60.0,1.0,1.0,2.0,1.0,0.0,1050000.0,2.0,0.0,800000.0,2.0,1.0
2025,1303.0,2.0,62.0,1.0,1.0,6.0,3.0,1.0,1050000.0,0.0,,0.0,,
2025,3045.0,1.0,24.0,1.0,1.0,2.0,1.0,0.0,706666.67,3.0,1.0,750000.0,2.0,4.0
2025,3045.0,2.0,24.0,1.0,4.0,4.0,1.0,0.0,706666.67,2.0,0.0,500000.0,2.0,1.0
2025,3045.0,1.0,7.0,5.0,1.0,1.0,4.0,3.0,706666.67,0.0,,0.0,,
2025,1618.0,1.0,86.0,4.0,1.0,3.0,3.0,1.0,900000.0,0.0,,0.0,,
2025,2387.0,1.0,33.0,5.0,12.0,5.0,1.0,0.0,2235000.0,3.0,1.0,1700000.0,2.0,12.0
2025,2404.0,2.0,83.0,4.0,1.0,6.0,3.0,1.0,800000.0,0.0,,0.0,,
2025,2793.0,1.0,57.0,2.0,1.0,6.0,1.0,0.0,0.0,3.0,1.0,,2.0,6.0
2025,2793.0,2.0,48.0,2.0,1.0,4.0,1.0,0.0,0.0,3.0,2.0,,2.0,7.0
2025,2793.0,2.0,20.0,5.0,1.0,5.0,1.0,0.0,0.0,3.0,2.0,0.0,2.0,9.0
2025,2793.0,2.0,17.0,5.0,1.0,3.0,3.0,3.0,0.0,0.0,,0.0,,
2025,1576.0,1.0,73.0,2.0,12.0,2.0,3.0,1.0,1426000.0,0.0,,0.0,,
2025,1576.0,2.0,67.0,2.0,12.0,5.0,3.0,4.0,1426000.0,0.0,,0.0,,
2025,2263.0,2.0,44.0,5.0,1.0,6.0,1.0,0.0,375000.0,3.0,1.0,750000.0,1.0,12.0
2025,2263.0,1.0,13.0,5.0,1.0,1.0,3.0,3.0,375000.0,0.0,,0.0,,
2025,1742.0,1.0,72.0,1.0,1.0,5.0,3.0,1.0,0.0,0.0,,0.0,,
2025,1742.0,2.0,68.0,1.0,1.0,4.0,3.0,1.0,0.0,0.0,,0.0,,
2025,2566.0,1.0,60.0,3.0,4.0,4.0,2.0,0.0,250000.0,3.0,,0.0,,
2025,2566.0,2.0,89.0,4.0,1.0,6.0,3.0,1.0,250000.0,0.0,,0.0,,
2025,2566.0,1.0,25.0,5.0,1.0,5.0,1.0,0.0,250000.0,3.0,2.0,400000.0,2.0,2.0
2025,2430.0,2.0,72.0,2.0,2.0,4.0,3.0,1.0,850000.0,0.0,,0.0,,
2025,1558.0,1.0,67.0,2.0,1.0,2.0,1.0,0.0,1010000.0,3.0,1.0,1500000.0,2.0,11.0
2025,1558.0,2.0,64.0,2.0,1.0,4.0,3.0,4.0,1010000.0,0.0,,0.0,,
2025,1130.0,1.0,65.0,2.0,1.0,4.0,3.0,1.0,330500.0,0.0,,0.0,,
2025,1130.0,2.0,74.0,2.0,1.0,4.0,1.0,0.0,330500.0,2.0,0.0,120000.0,2.0,1.0
2025,3454.0,2.0,23.0,1.0,4.0,3.0,3.0,3.0,0.0,0.0,,0.0,,
2025,3454.0,1.0,26.0,1.0,1.0,3.0,1.0,0.0,0.0,3.0,1.0,380000.0,1.0,
2025,3454.0,1.0,7.0,5.0,1.0,1.0,4.0,3.0,0.0,0.0,,0.0,,
2025,1744.0,1.0,67.0,2.0,1.0,2.0,2.0,0.0,380000.0,2.0,,0.0,,
2025,1744.0,2.0,67.0,2.0,1.0,4.0,3.0,1.0,380000.0,0.0,,0.0,,
2025,1583.0,1.0,57.0,2.0,1.0,4.0,1.0,0.0,0.0,3.0,1.0,,1.0,
2025,1583.0,1.0,25.0,2.0,1.0,5.0,1.0,0.0,0.0,3.0,2.0,600000.0,2.0,
2025,1583.0,2.0,22.0,5.0,1.0,5.0,1.0,0.0,0.0,3.0,1.0,,2.0,
2025,1583.0,1.0,20.0,5.0,1.0,5.0,3.0,3.0,0.0,0.0,,0.0,,
2025,1583.0,2.0,55.0,2.0,1.0,6.0,1.0,0.0,0.0,3.0,1.0,,1.0,
2025,2182.0,1.0,29.0,1.0,1.0,3.0,1.0,0.0,338500.0,3.0,1.0,427000.0,2.0,7.0
2025,2182.0,2.0,57.0,1.0,4.0,3.0,3.0,4.0,338500.0,0.0,,0.0,,
2025,723.0,2.0,51.0,5.0,1.0,5.0,1.0,0.0,750000.0,3.0,1.0,1200000.0,2.0,9.0
2025,2430.0,1.0,56.0,2.0,2.0,5.0,1.0,0.0,850000.0,2.0,0.0,1000000.0,2.0,1.0
2025,3776.0,2.0,47.0,2.0,1.0,6.0,1.0,0.0,0.0,3.0,1.0,,2.0,12.0
2025,3776.0,1.0,48.0,2.0,1.0,5.0,1.0,0.0,0.0,3.0,2.0,1800000.0,2.0,8.0
2025,3776.0,1.0,8.0,5.0,1.0,1.0,4.0,3.0,0.0,0.0,,0.0,,
2025,3776.0,1.0,13.0,5.0,1.0,3.0,3.0,3.0,0.0,0.0,,0.0,,
2025,1642.0,1.0,65.0,2.0,1.0,6.0,1.0,0.0,6750000.0,3.0,1.0,4000000.0,2.0,9.0
2025,1642.0,2.0,67.0,2.0,1.0,6.0,1.0,0.0,6750000.0,3.0,1.0,5000000.0,2.0,11.0
2025,2108.0,1.0,30.0,5.0,2.0,5.0,1.0,0.0,1300000.0,3.0,1.0,1300000.0,2.0,8.0
2025,1830.0,1.0,64.0,2.0,2.0,6.0,1.0,0.0,0.0,3.0,1.0,,1.0,4.0
2025,1830.0,2.0,61.0,2.0,2.0,6.0,1.0,0.0,0.0,2.0,0.0,6000000.0,2.0,1.0
2025,1830.0,1.0,20.0,5.0,2.0,5.0,3.0,3.0,0.0,0.0,,0.0,,
2025,2047.0,2.0,64.0,2.0,2.0,6.0,3.0,4.0,0.0,0.0,,0.0,,
2025,2047.0,1.0,63.0,2.0,2.0,6.0,1.0,0.0,0.0,1.0,0.0,,2.0,5.0
2025,2159.0,2.0,36.0,5.0,1.0,5.0,1.0,0.0,612450.0,3.0,1.0,800000.0,1.0,8.0
2025,2159.0,2.0,35.0,5.0,4.0,4.0,3.0,4.0,612450.0,0.0,,0.0,,
2025,2159.0,2.0,73.0,3.0,1.0,5.0,3.0,1.0,612450.0,0.0,,0.0,,
2025,2159.0,2.0,37.0,5.0,1.0,5.0,1.0,0.0,612450.0,3.0,1.0,900000.0,2.0,
2025,2159.0,2.0,12.0,5.0,1.0,3.0,3.0,3.0,612450.0,0.0,,0.0,,
2025,2159.0,2.0,19.0,5.0,1.0,4.0,1.0,0.0,612450.0,3.0,1.0,400000.0,2.0,
2025,2724.0,1.0,38.0,5.0,4.0,4.0,1.0,0.0,0.0,3.0,2.0,,2.0,
2025,1874.0,1.0,50.0,2.0,1.0,2.0,1.0,0.0,0.0,3.0,1.0,800000.0,2.0,
2025,1874.0,2.0,48.0,2.0,1.0,2.0,3.0,4.0,0.0,0.0,,0.0,,
2025,1874.0,1.0,23.0,5.0,1.0,2.0,1.0,0.0,0.0,3.0,2.0,600000.0,2.0,
2025,1874.0,2.0,20.0,5.0,1.0,2.0,1.0,0.0,0.0,3.0,1.0,450000.0,2.0,6.0
2025,3140.0,2.0,33.0,1.0,4.0,6.0,1.0,0.0,386666.67,3.0,2.0,380000.0,2.0,2.0
2025,3140.0,1.0,35.0,1.0,1.0,4.0,1.0,0.0,386666.67,3.0,2.0,780000.0,2.0,3.0
2025,3140.0,2.0,11.0,5.0,4.0,1.0,3.0,3.0,386666.67,0.0,,0.0,,
2025,1750.0,1.0,61.0,2.0,1.0,4.0,1.0,0.0,0.0,3.0,1.0,,1.0,11.0
2025,3037.0,1.0,14.0,5.0,1.0,3.0,3.0,3.0,0.0,0.0,,0.0,,
2025,3037.0,1.0,22.0,5.0,1.0,4.0,1.0,0.0,0.0,3.0,1.0,,2.0,
2025,3037.0,2.0,46.0,3.0,1.0,4.0,1.0,0.0,0.0,3.0,1.0,,2.0,11.0
2025,2924.0,2.0,37.0,2.0,1.0,6.0,1.0,0.0,700000.0,3.0,1.0,2300000.0,2.0,12.0
2025,2924.0,1.0,38.0,2.0,1.0,5.0,1.0,0.0,700000.0,3.0,1.0,1200000.0,2.0,3.0
2025,2924.0,2.0,5.0,5.0,1.0,7.0,4.0,5.0,700000.0,0.0,,0.0,,
2025,2924.0,2.0,5.0,5.0,1.0,7.0,4.0,5.0,700000.0,0.0,,0.0,,
2025,2924.0,1.0,7.0,5.0,1.0,1.0,4.0,3.0,700000.0,0.0,,0.0,,
2025,723.0,2.0,20.0,5.0,1.0,5.0,1.0,0.0,750000.0,1.0,0.0,300000.0,2.0,
2025,947.0,1.0,61.0,1.0,2.0,6.0,1.0,0.0,0.0,3.0,1.0,,2.0,4.0
2025,947.0,2.0,64.0,1.0,4.0,6.0,3.0,7.0,0.0,0.0,,0.0,,
2025,359.0,1.0,26.0,5.0,1.0,4.0,1.0,0.0,740000.0,3.0,1.0,1000000.0,2.0,10.0
2025,359.0,2.0,19.0,5.0,4.0,4.0,1.0,0.0,740000.0,3.0,2.0,480000.0,2.0,5.0
2025,1743.0,1.0,72.0,5.0,1.0,3.0,3.0,1.0,1500000.0,0.0,,0.0,,
2025,1947.0,1.0,56.0,2.0,1.0,2.0,1.0,0.0,0.0,3.0,1.0,,2.0,
2025,1947.0,2.0,53.0,2.0,1.0,3.0,3.0,3.0,0.0,0.0,,0.0,,
2025,1377.0,2.0,37.0,5.0,4.0,5.0,1.0,0.0,248500.0,3.0,2.0,280000.0,2.0,2.0
2025,1377.0,2.0,17.0,5.0,4.0,3.0,3.0,3.0,248500.0,0.0,,0.0,,
2025,1611.0,2.0,85.0,4.0,1.0,3.0,3.0,4.0,360000.0,0.0,,0.0,,
2025,2056.0,2.0,31.0,1.0,1.0,6.0,1.0,0.0,1150000.0,3.0,1.0,800000.0,1.0,9.0
2025,849.0,1.0,63.0,5.0,4.0,6.0,3.0,2.0,0.0,0.0,,0.0,,
2025,849.0,2.0,28.0,2.0,1.0,6.0,1.0,0.0,0.0,3.0,1.0,0.0,2.0,
2025,849.0,2.0,32.0,2.0,4.0,3.0,3.0,3.0,0.0,0.0,,0.0,,
2025,849.0,1.0,40.0,5.0,1.0,6.0,1.0,0.0,0.0,3.0,1.0,,2.0,
2025,1756.0,1.0,61.0,2.0,1.0,2.0,3.0,1.0,0.0,0.0,,0.0,,
2025,1756.0,2.0,63.0,2.0,1.0,2.0,3.0,1.0,0.0,0.0,,0.0,,
2025,1756.0,2.0,42.0,3.0,4.0,4.0,2.0,0.0,0.0,0.0,,0.0,,
2025,1756.0,2.0,23.0,3.0,4.0,4.0,2.0,0.0,0.0,0.0,,0.0,,
2025,1756.0,1.0,11.0,5.0,1.0,1.0,3.0,3.0,0.0,0.0,,0.0,,
2025,1756.0,1.0,30.0,5.0,1.0,4.0,1.0,0.0,0.0,3.0,1.0,,2.0,
2025,921.0,1.0,65.0,2.0,1.0,4.0,1.0,0.0,465000.0,2.0,0.0,250000.0,2.0,3.0
2025,921.0,2.0,64.0,2.0,1.0,3.0,3.0,4.0,465000.0,0.0,,0.0,,
2025,2056.0,2.0,53.0,2.0,1.0,6.0,1.0,0.0,0.0,3.0,1.0,880000.0,1.0,
2025,1750.0,2.0,58.0,2.0,1.0,6.0,3.0,1.0,0.0,0.0,,0.0,,
2025,1750.0,2.0,22.0,5.0,1.0,5.0,3.0,3.0,0.0,0.0,,0.0,,
2025,1061.0,1.0,71.0,2.0,1.0,6.0,1.0,0.0,1675000.0,1.0,0.0,1700000.0,2.0,6.0
2025,1061.0,2.0,71.0,2.0,1.0,4.0,3.0,1.0,1675000.0,0.0,,0.0,,
2025,1386.0,2.0,82.0,4.0,1.0,4.0,3.0,1.0,390000.0,0.0,,0.0,,
2025,2056.0,1.0,34.0,1.0,2.0,6.0,1.0,0.0,1150000.0,3.0,1.0,400000.0,2.0,9.0
2025,849.0,2.0,40.0,5.0,1.0,4.0,1.0,0.0,0.0,2.0,0.0,,2.0,1.0
2025,1692.0,1.0,56.0,1.0,4.0,3.0,1.0,0.0,0.0,3.0,2.0,800000.0,2.0,7.0
2025,1692.0,2.0,54.0,1.0,1.0,3.0,1.0,0.0,0.0,3.0,1.0,800000.0,2.0,
2025,1692.0,1.0,36.0,5.0,1.0,3.0,1.0,0.0,0.0,3.0,1.0,,1.0,12.0
2025,1692.0,2.0,24.0,1.0,4.0,6.0,1.0,0.0,0.0,3.0,2.0,350000.0,2.0,6.0
2025,1692.0,1.0,24.0,1.0,4.0,1.0,1.0,0.0,0.0,3.0,2.0,700000.0,2.0,6.0
2025,2056.0,1.0,51.0,2.0,1.0,2.0,1.0,0.0,0.0,3.0,1.0,950000.0,1.0,
2025,68.0,1.0,15.0,5.0,4.0,3.0,3.0,3.0,414000.0,0.0,,0.0,,
2025,68.0,1.0,37.0,1.0,4.0,4.0,1.0,0.0,414000.0,2.0,0.0,1500000.0,2.0,2.0
2025,68.0,2.0,29.0,1.0,4.0,3.0,1.0,0.0,414000.0,3.0,2.0,250000.0,2.0,2.0
2025,68.0,1.0,5.0,5.0,4.0,7.0,4.0,5.0,414000.0,0.0,,0.0,,
2025,68.0,1.0,6.0,5.0,4.0,7.0,4.0,3.0,414000.0,0.0,,0.0,,
2025,1769.0,2.0,46.0,2.0,1.0,4.0,3.0,4.0,0.0,0.0,,0.0,,
2025,1769.0,1.0,55.0,2.0,1.0,4.0,1.0,0.0,0.0,3.0,1.0,,3.0,10.0
2025,1550.0,2.0,62.0,3.0,4.0,2.0,1.0,0.0,0.0,2.0,0.0,,2.0,1.0
2025,1550.0,1.0,27.0,5.0,4.0,3.0,2.0,0.0,0.0,2.0,,0.0,,
2025,2423.0,1.0,30.0,1.0,4.0,6.0,1.0,0.0,1042500.0,2.0,0.0,2000000.0,2.0,1.0
2025,2423.0,2.0,28.0,1.0,4.0,6.0,3.0,4.0,1042500.0,0.0,,0.0,,
2025,2083.0,2.0,36.0,1.0,1.0,6.0,1.0,0.0,0.0,3.0,1.0,2000000.0,2.0,12.0
2025,2083.0,1.0,33.0,1.0,1.0,6.0,1.0,0.0,0.0,3.0,2.0,,2.0,6.0
2025,1912.0,1.0,15.0,5.0,1.0,3.0,3.0,3.0,240000.0,0.0,,0.0,,
2025,1912.0,2.0,12.0,5.0,1.0,3.0,3.0,3.0,240000.0,0.0,,0.0,,
2025,1912.0,1.0,49.0,1.0,1.0,4.0,1.0,0.0,240000.0,3.0,1.0,1000000.0,2.0,11.0
2025,1912.0,2.0,43.0,1.0,1.0,5.0,2.0,0.0,240000.0,2.0,,0.0,,
2025,1912.0,1.0,18.0,5.0,1.0,5.0,1.0,0.0,240000.0,2.0,0.0,200000.0,2.0,1.0
2025,1175.0,2.0,74.0,4.0,1.0,4.0,3.0,1.0,600000.0,0.0,,0.0,,
2025,1588.0,1.0,59.0,2.0,1.0,4.0,1.0,0.0,1250000.0,3.0,1.0,2500000.0,2.0,7.0
2025,1588.0,2.0,59.0,2.0,1.0,4.0,3.0,4.0,1250000.0,0.0,,0.0,,
2025,1846.0,1.0,59.0,1.0,1.0,4.0,1.0,0.0,1000000.0,2.0,0.0,2000000.0,2.0,1.0
2025,1846.0,2.0,51.0,1.0,1.0,6.0,2.0,0.0,1000000.0,2.0,,0.0,,
2025,368.0,1.0,64.0,2.0,1.0,6.0,1.0,0.0,0.0,1.0,0.0,0.0,2.0,6.0
2025,368.0,2.0,60.0,2.0,1.0,6.0,1.0,0.0,0.0,2.0,0.0,0.0,3.0,7.0
2025,2487.0,1.0,57.0,3.0,1.0,4.0,3.0,4.0,0.0,0.0,,0.0,,
2025,2487.0,2.0,91.0,4.0,1.0,1.0,3.0,4.0,0.0,0.0,,0.0,,
2025,2487.0,1.0,34.0,5.0,1.0,5.0,1.0,0.0,0.0,3.0,1.0,,1.0,
2025,3982.0,1.0,44.0,1.0,1.0,4.0,1.0,0.0,0.0,1.0,0.0,,2.0,2.0
2025,1686.0,2.0,56.0,1.0,4.0,4.0,1.0,0.0,0.0,2.0,0.0,,2.0,2.0
2025,1686.0,1.0,58.0,1.0,4.0,4.0,1.0,0.0,0.0,2.0,0.0,,2.0,2.0
2025,132.0,2.0,9.0,5.0,1.0,1.0,4.0,3.0,0.0,0.0,,0.0,,
2025,132.0,1.0,46.0,2.0,1.0,6.0,1.0,0.0,0.0,3.0,1.0,,2.0,8.0
2025,132.0,2.0,45.0,2.0,1.0,6.0,1.0,0.0,0.0,3.0,1.0,,2.0,
2025,2623.0,1.0,45.0,1.0,1.0,5.0,1.0,0.0,500000.0,3.0,1.0,2000000.0,1.0,
2025,2623.0,2.0,43.0,1.0,1.0,5.0,3.0,3.0,500000.0,0.0,,0.0,,
2025,2623.0,2.0,9.0,5.0,1.0,1.0,4.0,3.0,500000.0,0.0,,0.0,,
2025,2623.0,2.0,6.0,5.0,1.0,7.0,4.0,3.0,500000.0,0.0,,0.0,,
2025,2360.0,1.0,17.0,5.0,1.0,3.0,3.0,3.0,0.0,0.0,,0.0,,
2025,2360.0,1.0,10.0,5.0,1.0,1.0,3.0,3.0,0.0,0.0,,0.0,,
2025,2360.0,1.0,51.0,2.0,1.0,4.0,1.0,0.0,0.0,3.0,1.0,,2.0,7.0
2025,2360.0,2.0,49.0,2.0,1.0,5.0,3.0,3.0,0.0,0.0,,0.0,,
2025,1953.0,1.0,50.0,2.0,1.0,5.0,1.0,0.0,883333.33,3.0,1.0,1250000.0,2.0,5.0
2025,1953.0,2.0,48.0,2.0,1.0,5.0,1.0,0.0,883333.33,3.0,1.0,1200000.0,2.0,5.0
2025,1953.0,1.0,16.0,5.0,1.0,3.0,3.0,3.0,883333.33,0.0,,0.0,,
2025,1107.0,2.0,54.0,5.0,1.0,4.0,1.0,0.0,700000.0,2.0,0.0,400000.0,2.0,1.0
2025,2496.0,2.0,76.0,4.0,1.0,4.0,3.0,1.0,0.0,0.0,,0.0,,
2025,2496.0,1.0,54.0,5.0,1.0,4.0,1.0,0.0,0.0,3.0,2.0,,2.0,2.0
2025,2496.0,1.0,51.0,5.0,1.0,4.0,1.0,0.0,0.0,3.0,2.0,,2.0,
2025,2394.0,2.0,47.0,2.0,1.0,6.0,1.0,0.0,0.0,3.0,1.0,1400000.0,2.0,9.0
2025,2394.0,1.0,50.0,2.0,1.0,6.0,1.0,0.0,0.0,3.0,1.0,3200000.0,2.0,12.0
2025,2394.0,1.0,14.0,5.0,1.0,3.0,0.0,0.0,0.0,0.0,,0.0,,
2025,897.0,2.0,40.0,5.0,4.0,2.0,1.0,0.0,0.0,3.0,2.0,230000.0,2.0,
2025,897.0,1.0,19.0,5.0,4.0,3.0,2.0,0.0,0.0,2.0,,0.0,,
2025,897.0,1.0,17.0,5.0,4.0,3.0,3.0,7.0,0.0,0.0,,0.0,,
2025,897.0,1.0,15.0,5.0,4.0,3.0,3.0,3.0,0.0,0.0,,0.0,,
2025,1125.0,2.0,52.0,4.0,1.0,4.0,1.0,0.0,295000.0,2.0,0.0,70000.0,2.0,1.0
2025,1125.0,1.0,26.0,5.0,4.0,5.0,2.0,0.0,295000.0,3.0,,0.0,,
2025,2454.0,1.0,47.0,1.0,1.0,2.0,1.0,0.0,580000.0,3.0,1.0,2200000.0,2.0,11.0
2025,2454.0,2.0,43.0,1.0,1.0,4.0,3.0,4.0,580000.0,0.0,,0.0,,
2025,2454.0,2.0,13.0,5.0,1.0,3.0,3.0,3.0,580000.0,0.0,,0.0,,
2025,2454.0,2.0,5.0,5.0,1.0,7.0,4.0,5.0,580000.0,0.0,,0.0,,
2025,80.0,2.0,71.0,4.0,1.0,1.0,3.0,4.0,330000.0,0.0,,0.0,,
2025,123.0,1.0,32.0,5.0,1.0,4.0,1.0,0.0,1400000.0,3.0,1.0,1400000.0,2.0,12.0
2025,1694.0,1.0,57.0,5.0,1.0,2.0,1.0,0.0,2700000.0,3.0,1.0,1800000.0,2.0,6.0
2025,1800.0,1.0,54.0,2.0,1.0,4.0,1.0,0.0,0.0,3.0,1.0,1200000.0,2.0,12.0
2025,1800.0,2.0,46.0,2.0,1.0,6.0,1.0,0.0,0.0,3.0,1.0,1200000.0,2.0,
2025,1800.0,1.0,17.0,5.0,1.0,3.0,3.0,3.0,0.0,0.0,,0.0,,
2025,1800.0,2.0,14.0,5.0,1.0,3.0,3.0,3.0,0.0,0.0,,0.0,,
2025,1800.0,2.0,15.0,5.0,1.0,3.0,3.0,3.0,0.0,0.0,,0.0,,
2025,1465.0,1.0,85.0,4.0,1.0,3.0,3.0,1.0,1500000.0,0.0,,0.0,,
2025,1644.0,2.0,75.0,4.0,1.0,6.0,3.0,1.0,1600000.0,0.0,,0.0,,
2025,897.0,2.0,10.0,5.0,4.0,1.0,3.0,3.0,0.0,0.0,,0.0,,
2025,897.0,2.0,5.0,5.0,4.0,7.0,4.0,5.0,0.0,0.0,,0.0,,
2025,2408.0,2.0,66.0,1.0,1.0,2.0,3.0,1.0,975000.0,0.0,,0.0,,
2025,2408.0,1.0,80.0,1.0,1.0,3.0,3.0,1.0,975000.0,0.0,,0.0,,
2025,1630.0,2.0,59.0,3.0,1.0,6.0,3.0,2.0,850000.0,0.0,,0.0,,
2025,1630.0,2.0,17.0,5.0,1.0,3.0,3.0,3.0,850000.0,0.0,,0.0,,
2025,3921.0,2.0,25.0,1.0,4.0,3.0,1.0,0.0,565000.0,3.0,2.0,200000.0,2.0,4.0
2025,3921.0,1.0,7.0,5.0,4.0,1.0,4.0,3.0,565000.0,0.0,,0.0,,
2025,3921.0,1.0,5.0,5.0,4.0,7.0,4.0,5.0,565000.0,0.0,,0.0,,
2025,3921.0,1.0,27.0,1.0,4.0,3.0,1.0,0.0,565000.0,3.0,2.0,1600000.0,2.0,
2025,1610.0,2.0,53.0,5.0,4.0,2.0,2.0,0.0,0.0,3.0,,0.0,,
2025,1610.0,2.0,15.0,5.0,4.0,3.0,3.0,3.0,0.0,0.0,,0.0,,
2025,2983.0,1.0,25.0,1.0,4.0,4.0,1.0,0.0,406666.67,3.0,2.0,1100000.0,2.0,6.0
2025,2983.0,2.0,22.0,1.0,4.0,3.0,3.0,4.0,406666.67,0.0,,0.0,,
2025,2983.0,1.0,1.0,5.0,4.0,7.0,4.0,5.0,406666.67,0.0,,0.0,,
2025,1498.0,1.0,22.0,5.0,1.0,4.0,1.0,0.0,300000.0,3.0,2.0,600000.0,2.0,6.0
2025,1498.0,2.0,48.0,3.0,1.0,4.0,3.0,4.0,300000.0,0.0,,0.0,,
2025,350.0,1.0,40.0,1.0,4.0,4.0,2.0,0.0,0.0,3.0,,0.0,,
2025,350.0,2.0,29.0,1.0,4.0,6.0,1.0,0.0,0.0,3.0,2.0,0.0,2.0,
2025,350.0,2.0,6.0,5.0,4.0,1.0,4.0,3.0,0.0,0.0,,0.0,,
2025,1777.0,2.0,71.0,4.0,1.0,1.0,3.0,1.0,535500.0,0.0,,0.0,,
2025,1777.0,2.0,49.0,1.0,4.0,4.0,1.0,0.0,535500.0,3.0,2.0,400000.0,2.0,
2025,1777.0,1.0,50.0,1.0,4.0,2.0,1.0,0.0,535500.0,3.0,1.0,800000.0,2.0,4.0
2025,1777.0,2.0,17.0,5.0,4.0,3.0,3.0,3.0,535500.0,0.0,,0.0,,
2025,2649.0,1.0,50.0,5.0,4.0,5.0,1.0,0.0,560000.0,3.0,2.0,560000.0,2.0,7.0
2025,1624.0,1.0,85.0,2.0,1.0,4.0,3.0,1.0,0.0,0.0,,0.0,,
2025,1624.0,2.0,84.0,2.0,1.0,4.0,3.0,4.0,0.0,0.0,,0.0,,
2025,1596.0,2.0,71.0,3.0,1.0,2.0,3.0,1.0,0.0,0.0,,0.0,,
2025,2436.0,1.0,39.0,5.0,1.0,6.0,1.0,0.0,5300000.0,3.0,1.0,3200000.0,2.0,12.0
2025,1290.0,1.0,76.0,2.0,1.0,5.0,3.0,1.0,1595000.0,0.0,,0.0,,
2025,1290.0,2.0,74.0,2.0,1.0,4.0,3.0,4.0,1595000.0,0.0,,0.0,,
2025,1059.0,1.0,65.0,1.0,4.0,3.0,1.0,0.0,0.0,2.0,0.0,,2.0,1.0
2025,1059.0,2.0,62.0,1.0,1.0,3.0,3.0,4.0,0.0,0.0,,0.0,,
2025,2382.0,2.0,90.0,4.0,1.0,4.0,3.0,1.0,625000.0,0.0,,0.0,,
2025,2382.0,1.0,64.0,5.0,4.0,2.0,1.0,0.0,625000.0,3.0,2.0,50000.0,2.0,1.0
2025,2135.0,2.0,45.0,1.0,1.0,6.0,1.0,0.0,0.0,3.0,1.0,1000000.0,2.0,12.0
2025,2135.0,1.0,44.0,1.0,1.0,2.0,1.0,0.0,0.0,3.0,1.0,,2.0,12.0
2025,2135.0,2.0,11.0,5.0,1.0,1.0,3.0,3.0,0.0,0.0,,0.0,,
2025,2135.0,2.0,9.0,5.0,1.0,1.0,4.0,3.0,0.0,0.0,,0.0,,
2025,1909.0,2.0,52.0,2.0,1.0,4.0,1.0,0.0,0.0,3.0,1.0,800000.0,2.0,
2025,2458.0,1.0,63.0,1.0,1.0,2.0,1.0,0.0,0.0,3.0,1.0,,2.0,
2025,2458.0,2.0,61.0,1.0,1.0,2.0,1.0,0.0,0.0,2.0,0.0,50000.0,2.0,1.0
2025,1329.0,1.0,73.0,2.0,1.0,1.0,3.0,1.0,0.0,0.0,,0.0,,
2025,1329.0,2.0,69.0,2.0,1.0,1.0,3.0,4.0,0.0,0.0,,0.0,,
2025,1806.0,1.0,61.0,1.0,1.0,6.0,1.0,0.0,700000.0,3.0,1.0,700000.0,1.0,12.0
2025,1806.0,2.0,54.0,1.0,1.0,4.0,1.0,0.0,700000.0,3.0,1.0,700000.0,2.0,
2025,1656.0,1.0,63.0,1.0,1.0,3.0,1.0,0.0,1252500.0,2.0,0.0,300000.0,2.0,1.0
2025,1656.0,2.0,60.0,1.0,1.0,6.0,1.0,0.0,1252500.0,3.0,1.0,1500000.0,2.0,10.0
2025,2310.0,1.0,47.0,3.0,1.0,5.0,1.0,0.0,650000.0,3.0,1.0,500000.0,2.0,4.0
2025,2310.0,1.0,16.0,5.0,1.0,3.0,3.0,3.0,650000.0,0.0,,0.0,,
2025,1814.0,2.0,71.0,4.0,1.0,3.0,3.0,1.0,0.0,0.0,,0.0,,
2025,1814.0,1.0,44.0,3.0,1.0,4.0,1.0,0.0,0.0,3.0,1.0,,1.0,
2025,1814.0,2.0,64.0,5.0,1.0,2.0,3.0,6.0,0.0,0.0,,0.0,,
2025,1814.0,2.0,17.0,5.0,1.0,3.0,3.0,3.0,0.0,0.0,,0.0,,
2025,1814.0,1.0,54.0,5.0,1.0,4.0,2.0,0.0,0.0,2.0,,0.0,,
2025,2640.0,1.0,42.0,3.0,1.0,3.0,1.0,0.0,1000000.0,3.0,2.0,1000000.0,1.0,6.0
2025,3656.0,1.0,50.0,5.0,1.0,4.0,1.0,0.0,1800000.0,3.0,1.0,1200000.0,2.0,2.0
2025,2198.0,2.0,73.0,4.0,1.0,3.0,3.0,4.0,300000.0,0.0,,0.0,,
2025,3474.0,2.0,39.0,2.0,1.0,6.0,1.0,0.0,1433333.33,3.0,1.0,1200000.0,1.0,12.0
2025,3474.0,1.0,37.0,2.0,1.0,5.0,1.0,0.0,1433333.33,3.0,1.0,1800000.0,1.0,12.0
2025,3474.0,1.0,3.0,5.0,1.0,7.0,4.0,5.0,1433333.33,0.0,,0.0,,
2025,1909.0,1.0,56.0,2.0,1.0,3.0,1.0,0.0,0.0,3.0,1.0,800000.0,2.0,7.0
2025,1909.0,2.0,25.0,5.0,4.0,3.0,1.0,0.0,0.0,3.0,2.0,,2.0,
2025,1909.0,2.0,17.0,5.0,1.0,3.0,1.0,0.0,0.0,3.0,2.0,170000.0,2.0,
2025,1909.0,1.0,15.0,5.0,1.0,2.0,3.0,7.0,0.0,0.0,,0.0,,
2025,1909.0,2.0,8.0,5.0,4.0,1.0,4.0,3.0,0.0,0.0,,0.0,,
2025,1909.0,1.0,25.0,5.0,4.0,3.0,3.0,7.0,0.0,0.0,,0.0,,
2025,485.0,1.0,53.0,2.0,4.0,3.0,1.0,0.0,125000.0,3.0,2.0,500000.0,2.0,5.0
2025,485.0,2.0,52.0,2.0,4.0,2.0,2.0,0.0,125000.0,3.0,,0.0,,
2025,485.0,2.0,31.0,5.0,4.0,6.0,2.0,0.0,125000.0,3.0,,0.0,,
2025,485.0,2.0,28.0,5.0,4.0,6.0,2.0,0.0,125000.0,3.0,,0.0,,
2025,1329.0,2.0,43.0,5.0,1.0,1.0,3.0,6.0,0.0,0.0,,0.0,,
2025,1329.0,2.0,31.0,1.0,1.0,6.0,1.0,0.0,0.0,3.0,1.0,,2.0,
2025,1329.0,2.0,38.0,1.0,1.0,6.0,1.0,0.0,0.0,3.0,1.0,,1.0,
2025,1329.0,1.0,30.0,1.0,4.0,2.0,1.0,0.0,0.0,3.0,2.0,,2.0,3.0
2025,1329.0,1.0,40.0,1.0,1.0,4.0,1.0,0.0,0.0,3.0,1.0,,2.0,
2025,2139.0,1.0,41.0,5.0,1.0,5.0,1.0,0.0,0.0,3.0,1.0,,2.0,8.0
2025,1349.0,1.0,74.0,1.0,1.0,4.0,1.0,0.0,731000.0,2.0,0.0,900000.0,2.0,1.0
2025,1349.0,2.0,61.0,1.0,4.0,3.0,1.0,0.0,731000.0,3.0,2.0,36000.0,2.0,
2025,1646.0,1.0,65.0,1.0,1.0,2.0,1.0,0.0,0.0,3.0,1.0,,2.0,
2025,1646.0,2.0,47.0,1.0,1.0,3.0,1.0,0.0,0.0,3.0,2.0,500000.0,2.0,
2025,513.0,1.0,45.0,5.0,4.0,3.0,1.0,0.0,0.0,3.0,2.0,,2.0,
2025,513.0,2.0,71.0,4.0,1.0,1.0,3.0,1.0,0.0,0.0,,0.0,,
2025,1952.0,2.0,62.0,5.0,1.0,6.0,1.0,0.0,0.0,2.0,0.0,0.0,2.0,1.0
2025,1952.0,1.0,33.0,1.0,1.0,4.0,1.0,0.0,0.0,3.0,1.0,,2.0,
2025,1952.0,2.0,27.0,1.0,4.0,5.0,3.0,4.0,0.0,0.0,,0.0,,
2025,1952.0,1.0,14.0,5.0,1.0,3.0,3.0,3.0,0.0,0.0,,0.0,,
2025,1952.0,1.0,10.0,5.0,4.0,1.0,3.0,3.0,0.0,0.0,,0.0,,
2025,1952.0,2.0,6.0,5.0,1.0,7.0,4.0,3.0,0.0,0.0,,0.0,,
2025,655.0,2.0,64.0,5.0,1.0,4.0,1.0,0.0,1245000.0,3.0,2.0,480000.0,2.0,
2025,1269.0,1.0,49.0,2.0,4.0,7.0,1.0,0.0,163833.33,3.0,2.0,380000.0,2.0,3.0
2025,1269.0,2.0,47.0,2.0,4.0,4.0,3.0,4.0,163833.33,0.0,,0.0,,
2025,1269.0,1.0,27.0,5.0,4.0,3.0,1.0,0.0,163833.33,3.0,2.0,380000.0,2.0,3.0
2025,1034.0,2.0,32.0,5.0,2.0,5.0,3.0,2.0,200000.0,0.0,,0.0,,
2025,4191.0,2.0,45.0,1.0,2.0,6.0,1.0,0.0,750000.0,3.0,1.0,1500000.0,2.0,12.0
2025,4191.0,1.0,41.0,1.0,2.0,4.0,1.0,0.0,750000.0,2.0,0.0,1500000.0,2.0,1.0
2025,4191.0,1.0,13.0,5.0,2.0,3.0,3.0,3.0,750000.0,0.0,,0.0,,
2025,4191.0,1.0,9.0,5.0,2.0,1.0,4.0,3.0,750000.0,0.0,,0.0,,
2025,2964.0,1.0,33.0,5.0,1.0,4.0,1.0,0.0,0.0,3.0,1.0,1200000.0,2.0,4.0
2025,225.0,2.0,46.0,3.0,1.0,3.0,3.0,3.0,515000.0,0.0,,0.0,,
2025,225.0,2.0,70.0,3.0,1.0,4.0,1.0,0.0,515000.0,3.0,2.0,160000.0,2.0,
2025,2032.0,1.0,42.0,5.0,4.0,3.0,1.0,0.0,166666.67,3.0,2.0,500000.0,2.0,5.0
2025,2032.0,2.0,29.0,5.0,4.0,3.0,1.0,0.0,166666.67,3.0,2.0,0.0,2.0,
2025,2032.0,2.0,14.0,5.0,4.0,3.0,3.0,3.0,166666.67,0.0,,0.0,,
2025,1248.0,1.0,17.0,5.0,1.0,3.0,3.0,3.0,0.0,0.0,,0.0,,
2025,1248.0,2.0,20.0,1.0,4.0,4.0,2.0,0.0,0.0,3.0,,0.0,,
2025,1248.0,2.0,44.0,3.0,1.0,4.0,1.0,0.0,0.0,3.0,1.0,450000.0,1.0,11.0
2025,1248.0,1.0,24.0,1.0,1.0,4.0,1.0,0.0,0.0,3.0,1.0,,2.0,
2025,1248.0,1.0,19.0,1.0,1.0,4.0,1.0,0.0,0.0,3.0,2.0,400000.0,2.0,3.0
2025,1248.0,2.0,25.0,1.0,1.0,4.0,1.0,0.0,0.0,3.0,1.0,,2.0,7.0
2025,1646.0,1.0,23.0,5.0,1.0,5.0,1.0,0.0,0.0,3.0,2.0,,3.0,
2025,1646.0,1.0,22.0,5.0,4.0,4.0,1.0,0.0,0.0,3.0,2.0,740000.0,2.0,4.0
2025,1646.0,2.0,20.0,5.0,4.0,4.0,1.0,0.0,0.0,3.0,2.0,720000.0,2.0,4.0
2025,3240.0,2.0,59.0,5.0,4.0,3.0,3.0,4.0,0.0,0.0,,0.0,,
2025,3240.0,2.0,34.0,5.0,4.0,3.0,2.0,0.0,0.0,3.0,,0.0,,
2025,3240.0,2.0,31.0,5.0,4.0,3.0,1.0,0.0,0.0,2.0,0.0,,3.0,1.0
2025,3240.0,1.0,14.0,5.0,4.0,3.0,3.0,3.0,0.0,0.0,,0.0,,
2025,3240.0,1.0,10.0,5.0,4.0,1.0,3.0,3.0,0.0,0.0,,0.0,,
2025,3240.0,1.0,2.0,5.0,4.0,7.0,4.0,5.0,0.0,0.0,,0.0,,
2025,1740.0,1.0,71.0,4.0,1.0,2.0,3.0,1.0,300000.0,0.0,,0.0,,
2025,1269.0,2.0,24.0,5.0,4.0,4.0,1.0,0.0,163833.33,2.0,0.0,80000.0,2.0,1.0
2025,1269.0,1.0,20.0,5.0,4.0,3.0,2.0,0.0,163833.33,3.0,,0.0,,
2025,1269.0,1.0,6.0,5.0,4.0,1.0,4.0,3.0,163833.33,0.0,,0.0,,
2025,910.0,1.0,54.0,2.0,1.0,6.0,1.0,0.0,0.0,2.0,0.0,2000000.0,2.0,1.0
2025,910.0,2.0,54.0,2.0,4.0,6.0,3.0,4.0,0.0,0.0,,0.0,,
2025,910.0,1.0,24.0,5.0,4.0,6.0,1.0,0.0,0.0,1.0,0.0,,2.0,6.0
2025,910.0,1.0,19.0,5.0,4.0,5.0,3.0,7.0,0.0,0.0,,0.0,,
2025,1256.0,1.0,56.0,2.0,1.0,4.0,1.0,0.0,1234000.0,3.0,1.0,1500000.0,2.0,10.0
2025,1256.0,2.0,55.0,2.0,1.0,5.0,3.0,1.0,1234000.0,0.0,,0.0,,
2025,1256.0,1.0,18.0,5.0,1.0,3.0,3.0,3.0,1234000.0,0.0,,0.0,,
2025,1256.0,1.0,27.0,5.0,1.0,4.0,1.0,0.0,1234000.0,3.0,1.0,1600000.0,2.0,10.0
2025,1256.0,1.0,24.0,5.0,1.0,5.0,1.0,0.0,1234000.0,3.0,2.0,400000.0,2.0,7.0
2025,604.0,2.0,73.0,4.0,12.0,5.0,3.0,1.0,1680000.0,0.0,,0.0,,
2025,78.0,1.0,54.0,1.0,1.0,3.0,1.0,0.0,1650000.0,3.0,1.0,1000000.0,2.0,11.0
2025,374.0,2.0,72.0,4.0,1.0,3.0,3.0,1.0,0.0,0.0,,0.0,,
2025,78.0,2.0,55.0,1.0,1.0,6.0,1.0,0.0,1650000.0,3.0,1.0,1200000.0,2.0,12.0
2025,1954.0,1.0,55.0,1.0,4.0,2.0,1.0,0.0,0.0,2.0,0.0,,2.0,1.0
2025,1954.0,2.0,54.0,1.0,1.0,2.0,3.0,4.0,0.0,0.0,,0.0,,
2025,1954.0,1.0,21.0,5.0,4.0,3.0,2.0,0.0,0.0,0.0,,0.0,,
2025,1954.0,1.0,20.0,5.0,4.0,3.0,3.0,7.0,0.0,0.0,,0.0,,
2025,1954.0,2.0,17.0,5.0,4.0,3.0,3.0,7.0,0.0,0.0,,0.0,,
2025,1954.0,2.0,13.0,5.0,4.0,3.0,3.0,3.0,0.0,0.0,,0.0,,
2025,2752.0,1.0,40.0,1.0,4.0,3.0,1.0,0.0,100000.0,3.0,2.0,20000.0,2.0,2.0
2025,2752.0,2.0,45.0,1.0,4.0,3.0,1.0,0.0,100000.0,3.0,2.0,180000.0,2.0,2.0
2025,2752.0,1.0,15.0,5.0,4.0,3.0,3.0,3.0,100000.0,0.0,,0.0,,
2025,2752.0,1.0,10.0,5.0,4.0,1.0,3.0,3.0,100000.0,0.0,,0.0,,
2025,1880.0,1.0,35.0,5.0,4.0,3.0,1.0,0.0,0.0,2.0,0.0,,2.0,1.0
2025,1880.0,1.0,20.0,5.0,4.0,4.0,3.0,4.0,0.0,0.0,,0.0,,
2025,1880.0,2.0,58.0,5.0,4.0,3.0,3.0,4.0,0.0,0.0,,0.0,,
2025,2249.0,1.0,40.0,5.0,4.0,3.0,1.0,0.0,0.0,2.0,0.0,,2.0,
2025,2249.0,2.0,44.0,5.0,4.0,3.0,1.0,0.0,0.0,3.0,2.0,80000.0,2.0,
2025,2249.0,1.0,20.0,1.0,4.0,3.0,0.0,0.0,0.0,0.0,,0.0,,
2025,2249.0,2.0,22.0,1.0,4.0,4.0,0.0,0.0,0.0,0.0,,0.0,,
2025,2086.0,2.0,89.0,4.0,1.0,4.0,3.0,2.0,0.0,0.0,,0.0,,
2025,2086.0,2.0,36.0,5.0,1.0,4.0,1.0,0.0,0.0,1.0,0.0,,2.0,6.0
2025,2086.0,1.0,23.0,5.0,1.0,5.0,1.0,0.0,0.0,2.0,0.0,,2.0,1.0
2025,1296.0,2.0,77.0,4.0,1.0,1.0,3.0,4.0,0.0,0.0,,0.0,,
2025,256.0,2.0,58.0,3.0,1.0,6.0,3.0,1.0,1300000.0,0.0,,0.0,,
2025,1625.0,2.0,76.0,3.0,1.0,4.0,3.0,1.0,0.0,0.0,,0.0,,
2025,2473.0,1.0,57.0,3.0,1.0,6.0,1.0,0.0,0.0,2.0,0.0,,2.0,
2025,2473.0,2.0,24.0,5.0,1.0,5.0,3.0,3.0,0.0,0.0,,0.0,,
2025,3370.0,2.0,24.0,5.0,4.0,3.0,1.0,0.0,297500.0,3.0,2.0,540000.0,2.0,8.0
2025,3370.0,2.0,5.0,5.0,4.0,7.0,4.0,5.0,297500.0,0.0,,0.0,,
2025,848.0,2.0,45.0,4.0,1.0,4.0,1.0,0.0,0.0,3.0,2.0,780000.0,2.0,3.0
2025,848.0,1.0,23.0,5.0,1.0,5.0,1.0,0.0,0.0,3.0,1.0,,1.0,12.0
2025,848.0,1.0,17.0,5.0,4.0,3.0,3.0,3.0,0.0,0.0,,0.0,,
2025,2829.0,2.0,83.0,5.0,1.0,6.0,3.0,1.0,660000.0,0.0,,0.0,,
2025,1541.0,1.0,66.0,1.0,1.0,3.0,1.0,0.0,1225000.0,3.0,2.0,1100000.0,2.0,7.0
2025,1541.0,2.0,44.0,1.0,1.0,3.0,1.0,0.0,1225000.0,3.0,1.0,800000.0,2.0,
2025,2195.0,2.0,66.0,4.0,1.0,2.0,3.0,1.0,546481.0,0.0,,0.0,,
2025,2195.0,1.0,32.0,5.0,4.0,4.0,1.0,0.0,546481.0,3.0,2.0,500000.0,2.0,5.0
2025,1640.0,1.0,39.0,2.0,1.0,4.0,1.0,0.0,0.0,3.0,1.0,1400000.0,2.0,9.0
2025,1640.0,2.0,38.0,2.0,1.0,5.0,1.0,0.0,0.0,3.0,2.0,400000.0,3.0,4.0
2025,984.0,1.0,58.0,2.0,2.0,5.0,1.0,0.0,0.0,3.0,1.0,,2.0,12.0
2025,1776.0,2.0,35.0,1.0,1.0,6.0,1.0,0.0,0.0,3.0,1.0,1500000.0,2.0,10.0
2025,1776.0,1.0,5.0,5.0,1.0,7.0,4.0,5.0,0.0,0.0,,0.0,,
2025,1776.0,2.0,12.0,5.0,1.0,3.0,3.0,3.0,0.0,0.0,,0.0,,
2025,1776.0,2.0,75.0,5.0,1.0,6.0,3.0,1.0,0.0,0.0,,0.0,,
2025,1008.0,1.0,55.0,3.0,1.0,4.0,1.0,0.0,1400000.0,3.0,1.0,1400000.0,2.0,6.0
2025,700.0,2.0,64.0,2.0,1.0,4.0,3.0,4.0,0.0,0.0,,0.0,,
2025,700.0,1.0,65.0,2.0,1.0,2.0,1.0,0.0,0.0,2.0,0.0,500000.0,2.0,1.0
2025,700.0,1.0,22.0,5.0,4.0,4.0,1.0,0.0,0.0,3.0,2.0,,2.0,2.0
2025,985.0,2.0,50.0,2.0,1.0,6.0,3.0,1.0,675000.0,0.0,,0.0,,
2025,985.0,1.0,46.0,2.0,1.0,6.0,3.0,1.0,675000.0,0.0,,0.0,,
2025,985.0,1.0,18.0,5.0,1.0,5.0,3.0,3.0,675000.0,0.0,,0.0,,
2025,985.0,1.0,27.0,5.0,4.0,5.0,3.0,3.0,675000.0,0.0,,0.0,,
2025,1780.0,1.0,8.0,5.0,4.0,1.0,4.0,3.0,0.0,0.0,,0.0,,
2025,1498.0,1.0,55.0,2.0,1.0,2.0,1.0,0.0,0.0,3.0,1.0,380000.0,1.0,5.0
2025,1498.0,2.0,61.0,2.0,1.0,2.0,3.0,4.0,0.0,0.0,,0.0,,
2025,1498.0,1.0,41.0,5.0,4.0,3.0,1.0,0.0,0.0,2.0,0.0,,2.0,1.0
2025,1087.0,2.0,62.0,2.0,1.0,1.0,3.0,4.0,0.0,0.0,,0.0,,
2025,1087.0,1.0,66.0,2.0,1.0,2.0,1.0,0.0,0.0,2.0,0.0,,2.0,1.0
2025,1607.0,2.0,49.0,3.0,4.0,2.0,1.0,0.0,474000.0,3.0,2.0,240000.0,2.0,2.0
2025,1607.0,2.0,25.0,5.0,4.0,5.0,1.0,0.0,474000.0,3.0,2.0,480000.0,2.0,3.0
2025,984.0,2.0,59.0,2.0,2.0,5.0,1.0,0.0,0.0,2.0,0.0,,2.0,
2025,633.0,1.0,83.0,5.0,1.0,2.0,3.0,1.0,990000.0,0.0,,0.0,,
2025,2682.0,2.0,27.0,1.0,1.0,5.0,1.0,0.0,335500.0,2.0,0.0,50000.0,2.0,1.0
2025,2682.0,1.0,6.0,5.0,1.0,1.0,4.0,3.0,335500.0,0.0,,0.0,,
2025,2682.0,1.0,29.0,1.0,1.0,4.0,1.0,0.0,335500.0,3.0,1.0,1200000.0,1.0,6.0
2025,2682.0,1.0,54.0,2.0,4.0,3.0,1.0,0.0,335500.0,3.0,2.0,85000.0,2.0,2.0
2025,2682.0,2.0,47.0,2.0,4.0,3.0,1.0,0.0,335500.0,3.0,2.0,78000.0,1.0,10.0
2025,2682.0,2.0,9.0,5.0,4.0,1.0,4.0,3.0,335500.0,0.0,,0.0,,
2025,1329.0,1.0,85.0,2.0,1.0,2.0,3.0,1.0,516666.67,0.0,,0.0,,
2025,1329.0,2.0,82.0,2.0,1.0,2.0,3.0,1.0,516666.67,0.0,,0.0,,
2025,1329.0,2.0,32.0,5.0,1.0,6.0,1.0,0.0,516666.67,3.0,1.0,800000.0,1.0,
2025,6920.0,2.0,28.0,2.0,1.0,4.0,1.0,0.0,0.0,3.0,2.0,200000.0,2.0,
2025,6920.0,1.0,29.0,2.0,1.0,4.0,1.0,0.0,0.0,1.0,0.0,,2.0,
2025,6920.0,2.0,4.0,5.0,1.0,7.0,4.0,5.0,0.0,0.0,,0.0,,
2025,6920.0,1.0,1.0,5.0,1.0,7.0,4.0,5.0,0.0,0.0,,0.0,,
2025,2485.0,1.0,50.0,5.0,1.0,4.0,1.0,0.0,0.0,3.0,2.0,,2.0,8.0
2025,2485.0,2.0,29.0,5.0,4.0,5.0,1.0,0.0,0.0,3.0,2.0,590000.0,2.0,5.0
2025,2485.0,2.0,27.0,5.0,1.0,4.0,1.0,0.0,0.0,3.0,1.0,,2.0,9.0
2025,2485.0,1.0,23.0,5.0,4.0,5.0,2.0,0.0,0.0,0.0,,0.0,,
2025,2719.0,2.0,44.0,1.0,2.0,6.0,1.0,0.0,700000.0,3.0,1.0,1200000.0,2.0,12.0
2025,2719.0,1.0,45.0,1.0,2.0,6.0,1.0,0.0,700000.0,3.0,2.0,1000000.0,2.0,4.0
2025,2719.0,1.0,14.0,5.0,2.0,3.0,3.0,3.0,700000.0,0.0,,0.0,,
2025,2719.0,1.0,8.0,5.0,2.0,1.0,4.0,3.0,700000.0,0.0,,0.0,,
2025,5122.0,2.0,13.0,5.0,4.0,3.0,3.0,3.0,0.0,0.0,,0.0,,
2025,5122.0,1.0,11.0,5.0,4.0,1.0,3.0,3.0,0.0,0.0,,0.0,,
2025,5122.0,2.0,9.0,5.0,4.0,1.0,4.0,3.0,0.0,0.0,,0.0,,
2025,5122.0,2.0,7.0,5.0,4.0,1.0,4.0,3.0,0.0,0.0,,0.0,,
2025,5122.0,1.0,31.0,2.0,1.0,3.0,1.0,0.0,0.0,3.0,1.0,,2.0,
2025,5122.0,2.0,30.0,2.0,1.0,3.0,3.0,4.0,0.0,0.0,,0.0,,
2025,3427.0,2.0,48.0,2.0,1.0,3.0,3.0,4.0,487500.0,0.0,,0.0,,
2025,3427.0,1.0,20.0,5.0,1.0,5.0,1.0,0.0,487500.0,3.0,2.0,50000.0,3.0,
2025,3427.0,2.0,12.0,5.0,1.0,3.0,3.0,3.0,487500.0,0.0,,0.0,,
2025,3427.0,1.0,43.0,2.0,1.0,4.0,1.0,0.0,487500.0,3.0,1.0,1400000.0,2.0,
2025,2930.0,1.0,34.0,1.0,4.0,2.0,2.0,0.0,0.0,2.0,,0.0,,
2025,2930.0,2.0,32.0,1.0,4.0,4.0,1.0,0.0,0.0,2.0,0.0,,2.0,1.0
2025,2930.0,1.0,8.0,5.0,4.0,1.0,4.0,3.0,0.0,0.0,,0.0,,
2025,1699.0,1.0,78.0,2.0,1.0,2.0,3.0,1.0,0.0,0.0,,0.0,,
2025,1699.0,2.0,76.0,2.0,1.0,2.0,1.0,0.0,0.0,2.0,0.0,,2.0,1.0
2025,3370.0,1.0,62.0,4.0,4.0,3.0,1.0,0.0,0.0,2.0,0.0,,2.0,1.0
2025,2536.0,1.0,54.0,2.0,1.0,3.0,1.0,0.0,0.0,2.0,0.0,,2.0,1.0
2025,2319.0,1.0,40.0,5.0,1.0,6.0,1.0,0.0,500000.0,2.0,0.0,500000.0,2.0,1.0
2025,3390.0,2.0,46.0,1.0,1.0,6.0,1.0,0.0,536000.0,3.0,1.0,50000.0,1.0,
2025,3390.0,1.0,41.0,1.0,1.0,3.0,1.0,0.0,536000.0,3.0,1.0,1300000.0,2.0,
2025,3390.0,2.0,13.0,5.0,1.0,3.0,3.0,3.0,536000.0,0.0,,0.0,,
2025,3390.0,1.0,6.0,5.0,1.0,7.0,4.0,3.0,536000.0,0.0,,0.0,,
2025,2536.0,2.0,50.0,2.0,1.0,4.0,3.0,7.0,0.0,0.0,,0.0,,
2025,2327.0,2.0,63.0,5.0,1.0,2.0,1.0,0.0,0.0,3.0,1.0,500000.0,1.0,8.0
2025,2327.0,1.0,35.0,5.0,1.0,3.0,1.0,0.0,0.0,3.0,1.0,,2.0,
2025,3112.0,1.0,39.0,5.0,1.0,6.0,1.0,0.0,1000000.0,3.0,1.0,1000000.0,1.0,7.0
2025,3096.0,1.0,2.0,5.0,1.0,7.0,4.0,5.0,0.0,0.0,,0.0,,
2025,3096.0,1.0,42.0,1.0,4.0,2.0,1.0,0.0,0.0,2.0,0.0,,2.0,
2025,3096.0,2.0,51.0,1.0,1.0,1.0,1.0,0.0,0.0,2.0,0.0,,2.0,1.0
2025,3096.0,1.0,65.0,5.0,4.0,7.0,3.0,7.0,0.0,0.0,,0.0,,
2025,726.0,1.0,10.0,5.0,4.0,1.0,3.0,3.0,116666.67,0.0,,0.0,,
2025,726.0,2.0,27.0,5.0,4.0,3.0,3.0,4.0,116666.67,0.0,,0.0,,
2025,726.0,1.0,9.0,5.0,4.0,1.0,4.0,3.0,116666.67,0.0,,0.0,,
2025,2925.0,1.0,26.0,5.0,1.0,4.0,1.0,0.0,1100000.0,3.0,1.0,1100000.0,2.0,9.0
2025,1630.0,1.0,51.0,2.0,1.0,3.0,1.0,0.0,0.0,3.0,1.0,,2.0,
2025,1630.0,2.0,49.0,2.0,1.0,3.0,1.0,0.0,0.0,3.0,1.0,,2.0,
2025,1630.0,1.0,23.0,5.0,1.0,5.0,2.0,0.0,0.0,3.0,,0.0,,
2025,1858.0,2.0,74.0,4.0,1.0,2.0,3.0,1.0,0.0,0.0,,0.0,,
2025,1858.0,1.0,43.0,3.0,1.0,6.0,1.0,0.0,0.0,3.0,1.0,,2.0,8.0
2025,2481.0,2.0,47.0,5.0,2.0,6.0,1.0,0.0,0.0,3.0,2.0,600000.0,2.0,
2025,4123.0,1.0,32.0,1.0,1.0,4.0,1.0,0.0,0.0,2.0,0.0,,2.0,1.0
2025,4123.0,2.0,31.0,1.0,4.0,4.0,3.0,4.0,0.0,0.0,,0.0,,
2025,4123.0,2.0,13.0,5.0,1.0,3.0,3.0,3.0,0.0,0.0,,0.0,,
2025,4123.0,2.0,,5.0,4.0,7.0,4.0,5.0,0.0,0.0,,0.0,,
2025,3428.0,2.0,43.0,1.0,4.0,2.0,3.0,4.0,185000.0,0.0,,0.0,,
2025,3428.0,1.0,36.0,1.0,4.0,2.0,1.0,0.0,185000.0,3.0,1.0,700000.0,2.0,
2025,3428.0,2.0,25.0,5.0,4.0,5.0,2.0,0.0,185000.0,2.0,,0.0,,
2025,3428.0,2.0,10.0,5.0,4.0,1.0,3.0,3.0,185000.0,0.0,,0.0,,
2025,3428.0,1.0,1.0,5.0,4.0,7.0,4.0,5.0,185000.0,0.0,,0.0,,
2025,1244.0,1.0,56.0,2.0,3.0,2.0,3.0,4.0,235000.0,0.0,,0.0,,
2025,3630.0,2.0,49.0,5.0,1.0,6.0,1.0,0.0,805000.0,3.0,1.0,1100000.0,1.0,8.0
2025,3630.0,2.0,53.0,5.0,1.0,4.0,1.0,0.0,805000.0,3.0,1.0,1300000.0,2.0,
2025,3630.0,1.0,17.0,5.0,1.0,3.0,3.0,3.0,805000.0,0.0,,0.0,,
2025,3630.0,2.0,13.0,5.0,1.0,3.0,3.0,3.0,805000.0,0.0,,0.0,,
2025,2574.0,1.0,26.0,5.0,4.0,5.0,1.0,0.0,900000.0,3.0,2.0,400000.0,2.0,6.0
2025,2278.0,2.0,71.0,3.0,1.0,2.0,3.0,4.0,0.0,0.0,,0.0,,
2025,2278.0,1.0,31.0,5.0,4.0,4.0,1.0,0.0,0.0,2.0,0.0,,2.0,1.0
2025,1630.0,2.0,80.0,3.0,1.0,2.0,3.0,1.0,0.0,0.0,,0.0,,
2025,1457.0,2.0,66.0,2.0,1.0,6.0,1.0,0.0,1516666.67,3.0,2.0,1300000.0,3.0,6.0
2025,1457.0,1.0,67.0,2.0,1.0,3.0,1.0,0.0,1516666.67,3.0,2.0,1200000.0,2.0,6.0
2025,1457.0,2.0,93.0,4.0,1.0,2.0,3.0,1.0,1516666.67,0.0,,0.0,,
2025,2433.0,1.0,59.0,2.0,1.0,6.0,1.0,0.0,1325000.0,3.0,1.0,1800000.0,1.0,11.0
2025,2433.0,2.0,50.0,2.0,1.0,4.0,1.0,0.0,1325000.0,3.0,1.0,770000.0,1.0,12.0
2025,2433.0,1.0,30.0,5.0,1.0,3.0,1.0,0.0,1325000.0,3.0,1.0,1000000.0,1.0,12.0
2025,2433.0,2.0,11.0,5.0,2.0,1.0,3.0,3.0,1325000.0,0.0,,0.0,,
2025,1713.0,1.0,71.0,2.0,1.0,4.0,3.0,4.0,0.0,0.0,,0.0,,
2025,1713.0,2.0,73.0,2.0,1.0,4.0,3.0,1.0,0.0,0.0,,0.0,,
2025,1381.0,1.0,47.0,2.0,1.0,5.0,1.0,0.0,810000.0,3.0,1.0,1500000.0,2.0,11.0
2025,1381.0,2.0,45.0,2.0,1.0,4.0,3.0,4.0,810000.0,0.0,,0.0,,
2025,2481.0,2.0,11.0,5.0,1.0,1.0,3.0,3.0,0.0,0.0,,0.0,,
2025,2481.0,2.0,17.0,5.0,1.0,3.0,3.0,3.0,0.0,0.0,,0.0,,
2025,1244.0,2.0,55.0,2.0,3.0,2.0,1.0,0.0,235000.0,3.0,2.0,100000.0,2.0,
2025,1243.0,1.0,76.0,2.0,1.0,2.0,3.0,1.0,0.0,0.0,,0.0,,
2025,1243.0,2.0,66.0,2.0,1.0,2.0,3.0,4.0,0.0,0.0,,0.0,,
2025,1381.0,1.0,24.0,5.0,1.0,5.0,1.0,0.0,810000.0,3.0,1.0,1200000.0,2.0,12.0
2025,1381.0,1.0,17.0,5.0,1.0,3.0,3.0,3.0,810000.0,0.0,,0.0,,
2025,1381.0,1.0,12.0,5.0,1.0,1.0,3.0,3.0,810000.0,0.0,,0.0,,
2025,1207.0,1.0,47.0,2.0,1.0,4.0,3.0,1.0,375000.0,0.0,,0.0,,
2025,1207.0,2.0,52.0,2.0,1.0,6.0,3.0,1.0,375000.0,0.0,,0.0,,
2025,1207.0,2.0,22.0,5.0,4.0,5.0,3.0,3.0,375000.0,0.0,,0.0,,
2025,1207.0,2.0,10.0,5.0,1.0,1.0,3.0,3.0,375000.0,0.0,,0.0,,
2025,922.0,2.0,86.0,4.0,1.0,2.0,3.0,1.0,0.0,0.0,,0.0,,
2025,922.0,1.0,60.0,5.0,4.0,4.0,1.0,0.0,0.0,2.0,0.0,1000000.0,2.0,1.0
2025,1368.0,2.0,47.0,3.0,1.0,6.0,1.0,0.0,333333.33,3.0,2.0,900000.0,2.0,
2025,1368.0,1.0,16.0,5.0,1.0,3.0,3.0,3.0,333333.33,0.0,,0.0,,
2025,1368.0,2.0,5.0,5.0,1.0,7.0,4.0,5.0,333333.33,0.0,,0.0,,
2025,1840.0,2.0,25.0,1.0,4.0,4.0,1.0,0.0,0.0,2.0,0.0,0.0,2.0,2.0
2025,1840.0,1.0,27.0,1.0,4.0,2.0,1.0,0.0,0.0,2.0,0.0,0.0,2.0,2.0
2025,1840.0,2.0,10.0,5.0,4.0,1.0,3.0,3.0,0.0,0.0,,0.0,,
2025,1840.0,2.0,2.0,5.0,4.0,7.0,4.0,5.0,0.0,0.0,,0.0,,
2025,335.0,2.0,33.0,2.0,2.0,5.0,1.0,0.0,0.0,1.0,0.0,1000000.0,2.0,2.0
2025,335.0,2.0,7.0,5.0,2.0,1.0,4.0,3.0,0.0,0.0,,0.0,,
2025,335.0,1.0,40.0,2.0,2.0,6.0,1.0,0.0,0.0,2.0,0.0,2000000.0,2.0,1.0
2025,1454.0,1.0,73.0,2.0,1.0,4.0,3.0,1.0,350000.0,0.0,,0.0,,
2025,1454.0,2.0,71.0,2.0,1.0,2.0,3.0,1.0,350000.0,0.0,,0.0,,
2025,1165.0,2.0,73.0,3.0,1.0,3.0,3.0,1.0,0.0,0.0,,0.0,,
2025,1165.0,1.0,78.0,3.0,1.0,1.0,3.0,1.0,0.0,0.0,,0.0,,
2025,1444.0,2.0,55.0,3.0,4.0,3.0,1.0,0.0,0.0,3.0,2.0,96000.0,2.0,
2025,1444.0,1.0,35.0,5.0,1.0,4.0,1.0,0.0,0.0,3.0,1.0,,2.0,12.0
2025,1607.0,1.0,61.0,5.0,4.0,2.0,3.0,4.0,0.0,0.0,,0.0,,
2025,1607.0,2.0,82.0,4.0,4.0,2.0,3.0,7.0,0.0,0.0,,0.0,,
2025,2760.0,1.0,12.0,5.0,1.0,3.0,3.0,3.0,0.0,0.0,,0.0,,
2025,2760.0,2.0,40.0,3.0,1.0,5.0,1.0,0.0,0.0,3.0,1.0,,2.0,6.0
2025,2760.0,1.0,20.0,5.0,4.0,4.0,1.0,0.0,0.0,2.0,0.0,,2.0,2.0
2025,2760.0,2.0,16.0,5.0,1.0,3.0,3.0,3.0,0.0,0.0,,0.0,,
2025,1653.0,2.0,46.0,5.0,4.0,2.0,1.0,0.0,0.0,3.0,2.0,96000.0,2.0,
2025,2261.0,2.0,56.0,3.0,1.0,6.0,1.0,0.0,548000.0,3.0,1.0,876000.0,2.0,5.0
2025,2261.0,2.0,16.0,5.0,1.0,3.0,3.0,3.0,548000.0,0.0,,0.0,,
2025,3132.0,2.0,36.0,1.0,4.0,4.0,1.0,0.0,479333.33,2.0,0.0,300000.0,2.0,1.0
2025,3132.0,1.0,33.0,1.0,1.0,4.0,1.0,0.0,479333.33,3.0,1.0,1100000.0,2.0,7.0
2025,1653.0,2.0,19.0,5.0,4.0,5.0,3.0,4.0,0.0,0.0,,0.0,,
2025,1265.0,2.0,48.0,5.0,4.0,4.0,3.0,4.0,0.0,0.0,,0.0,,
2025,2245.0,1.0,58.0,2.0,1.0,4.0,1.0,0.0,0.0,3.0,1.0,,2.0,
2025,2245.0,2.0,66.0,2.0,1.0,2.0,3.0,4.0,0.0,0.0,,0.0,,
2025,2245.0,1.0,29.0,5.0,4.0,4.0,3.0,4.0,0.0,0.0,,0.0,,
2025,1439.0,2.0,35.0,5.0,1.0,3.0,1.0,0.0,0.0,3.0,2.0,140000.0,2.0,
2025,1439.0,1.0,20.0,5.0,4.0,3.0,2.0,0.0,0.0,3.0,,0.0,,
2025,1439.0,1.0,16.0,5.0,4.0,3.0,3.0,3.0,0.0,0.0,,0.0,,
2025,1439.0,2.0,10.0,5.0,4.0,1.0,3.0,3.0,0.0,0.0,,0.0,,
2025,828.0,1.0,34.0,1.0,4.0,4.0,1.0,0.0,733333.33,2.0,0.0,700000.0,2.0,1.0
2025,828.0,2.0,38.0,1.0,1.0,5.0,1.0,0.0,733333.33,3.0,1.0,1500000.0,1.0,12.0
2025,828.0,2.0,5.0,5.0,1.0,1.0,4.0,5.0,733333.33,0.0,,0.0,,
2025,2265.0,2.0,60.0,2.0,1.0,6.0,1.0,0.0,504000.0,3.0,1.0,800000.0,3.0,7.0
2025,2265.0,1.0,61.0,2.0,1.0,4.0,3.0,4.0,504000.0,0.0,,0.0,,
2025,1998.0,1.0,72.0,1.0,2.0,4.0,3.0,1.0,800000.0,0.0,,0.0,,
2025,1998.0,2.0,73.0,1.0,12.0,4.0,3.0,1.0,800000.0,0.0,,0.0,,
2025,3132.0,1.0,2.0,5.0,1.0,7.0,4.0,5.0,479333.33,0.0,,0.0,,
2025,2755.0,2.0,24.0,5.0,1.0,5.0,1.0,0.0,0.0,3.0,2.0,200000.0,2.0,2.0
2025,2755.0,2.0,73.0,4.0,1.0,3.0,3.0,3.0,0.0,0.0,,0.0,,
2025,2755.0,1.0,50.0,5.0,1.0,4.0,1.0,0.0,0.0,1.0,0.0,1700000.0,2.0,3.0
2025,3176.0,1.0,44.0,3.0,1.0,4.0,1.0,0.0,1600000.0,3.0,1.0,1100000.0,2.0,9.0
2025,1882.0,1.0,45.0,5.0,1.0,6.0,1.0,0.0,800000.0,3.0,1.0,800000.0,2.0,4.0
2025,2265.0,1.0,44.0,2.0,1.0,2.0,1.0,0.0,0.0,3.0,1.0,,2.0,
2025,2265.0,2.0,43.0,2.0,1.0,2.0,1.0,0.0,0.0,3.0,1.0,,1.0,10.0
2025,2265.0,1.0,12.0,5.0,1.0,1.0,3.0,3.0,0.0,0.0,,0.0,,
2025,2265.0,2.0,7.0,5.0,1.0,1.0,4.0,3.0,0.0,0.0,,0.0,,
2025,2265.0,2.0,19.0,5.0,1.0,5.0,3.0,3.0,0.0,0.0,,0.0,,
2025,2198.0,2.0,37.0,1.0,4.0,1.0,1.0,0.0,314000.0,2.0,0.0,600000.0,2.0,1.0
2025,2198.0,1.0,30.0,1.0,4.0,3.0,1.0,0.0,314000.0,2.0,0.0,600000.0,2.0,1.0
2025,2198.0,2.0,16.0,5.0,4.0,3.0,3.0,3.0,314000.0,0.0,,0.0,,
2025,1978.0,1.0,47.0,2.0,4.0,2.0,1.0,0.0,409333.33,3.0,2.0,1000000.0,2.0,7.0
2025,1978.0,2.0,47.0,2.0,4.0,4.0,3.0,4.0,409333.33,0.0,,0.0,,
2025,1978.0,1.0,10.0,5.0,4.0,1.0,3.0,3.0,409333.33,0.0,,0.0,,
2025,2639.0,1.0,45.0,3.0,1.0,5.0,1.0,0.0,0.0,3.0,1.0,425000.0,2.0,8.0
2025,2639.0,1.0,23.0,5.0,1.0,5.0,1.0,0.0,0.0,3.0,2.0,,1.0,
2025,2198.0,1.0,9.0,5.0,4.0,1.0,4.0,3.0,314000.0,0.0,,0.0,,
2025,2198.0,2.0,5.0,5.0,4.0,1.0,4.0,5.0,314000.0,0.0,,0.0,,
2025,1936.0,1.0,49.0,2.0,1.0,3.0,3.0,1.0,0.0,0.0,,0.0,,
2025,1936.0,2.0,41.0,2.0,1.0,3.0,3.0,4.0,0.0,0.0,,0.0,,
2025,1936.0,1.0,19.0,5.0,4.0,4.0,1.0,0.0,0.0,2.0,0.0,,2.0,1.0
2025,1936.0,1.0,18.0,5.0,4.0,3.0,3.0,3.0,0.0,0.0,,0.0,,
2025,1936.0,2.0,16.0,5.0,4.0,3.0,3.0,3.0,0.0,0.0,,0.0,,
2025,1936.0,1.0,15.0,5.0,4.0,3.0,3.0,3.0,0.0,0.0,,0.0,,
2025,1936.0,1.0,9.0,5.0,4.0,1.0,4.0,3.0,0.0,0.0,,0.0,,
2025,2678.0,2.0,34.0,2.0,4.0,3.0,1.0,0.0,0.0,2.0,0.0,400000.0,2.0,1.0
2025,2678.0,1.0,32.0,2.0,4.0,4.0,1.0,0.0,0.0,3.0,2.0,1280000.0,2.0,7.0
2025,2678.0,1.0,11.0,5.0,4.0,1.0,3.0,3.0,0.0,0.0,,0.0,,
2025,2678.0,2.0,6.0,5.0,4.0,1.0,4.0,3.0,0.0,0.0,,0.0,,
2025,1776.0,1.0,39.0,1.0,1.0,4.0,1.0,0.0,0.0,3.0,2.0,1850000.0,2.0,12.0
2025,1776.0,2.0,69.0,4.0,1.0,6.0,3.0,1.0,0.0,0.0,,0.0,,
2025,877.0,2.0,63.0,3.0,1.0,2.0,1.0,0.0,0.0,2.0,0.0,25000.0,2.0,1.0
2025,877.0,1.0,95.0,4.0,1.0,2.0,3.0,1.0,0.0,0.0,,0.0,,
2025,1545.0,1.0,38.0,5.0,4.0,4.0,3.0,7.0,0.0,0.0,,0.0,,
2025,1545.0,2.0,9.0,5.0,4.0,1.0,4.0,3.0,0.0,0.0,,0.0,,
2025,1545.0,2.0,67.0,4.0,1.0,2.0,3.0,1.0,0.0,0.0,,0.0,,
2025,1545.0,2.0,49.0,5.0,1.0,4.0,1.0,0.0,0.0,3.0,1.0,,2.0,
2025,1780.0,1.0,44.0,1.0,4.0,2.0,3.0,4.0,0.0,0.0,,0.0,,
2025,1780.0,2.0,40.0,1.0,4.0,3.0,1.0,0.0,0.0,3.0,2.0,200000.0,2.0,4.0
2025,1780.0,1.0,20.0,5.0,1.0,4.0,1.0,0.0,0.0,3.0,1.0,,2.0,
2025,1780.0,2.0,18.0,5.0,4.0,4.0,1.0,0.0,0.0,3.0,2.0,200000.0,2.0,4.0
2025,1259.0,2.0,75.0,1.0,1.0,6.0,3.0,1.0,502500.0,0.0,,0.0,,
2025,1259.0,1.0,79.0,1.0,1.0,4.0,3.0,1.0,502500.0,0.0,,0.0,,
2025,935.0,2.0,72.0,4.0,1.0,1.0,3.0,4.0,450000.0,0.0,,0.0,,
2025,935.0,2.0,39.0,5.0,4.0,4.0,1.0,0.0,450000.0,2.0,0.0,400000.0,2.0,1.0
2025,2058.0,2.0,44.0,3.0,4.0,2.0,1.0,0.0,0.0,3.0,2.0,,2.0,
2025,2058.0,1.0,19.0,5.0,4.0,4.0,3.0,4.0,0.0,0.0,,0.0,,
2025,1104.0,1.0,30.0,5.0,1.0,5.0,1.0,0.0,1800000.0,3.0,1.0,1200000.0,1.0,9.0
2025,1850.0,2.0,11.0,5.0,4.0,1.0,3.0,3.0,413333.33,0.0,,0.0,,
2025,1745.0,1.0,47.0,1.0,4.0,3.0,1.0,0.0,0.0,2.0,0.0,,2.0,2.0
2025,1745.0,2.0,49.0,1.0,4.0,3.0,1.0,0.0,0.0,2.0,0.0,,2.0,2.0
2025,1745.0,1.0,19.0,5.0,1.0,4.0,1.0,0.0,0.0,3.0,1.0,700000.0,1.0,12.0
2025,2560.0,2.0,40.0,3.0,1.0,4.0,1.0,0.0,900000.0,3.0,1.0,1400000.0,2.0,
2025,2560.0,2.0,8.0,5.0,1.0,1.0,4.0,3.0,900000.0,0.0,,0.0,,
2025,2766.0,2.0,51.0,,1.0,3.0,1.0,0.0,0.0,3.0,1.0,450000.0,2.0,7.0
2025,2766.0,1.0,28.0,,1.0,4.0,1.0,0.0,0.0,3.0,1.0,800000.0,2.0,7.0
2025,2766.0,2.0,25.0,,1.0,4.0,1.0,0.0,0.0,3.0,1.0,400000.0,2.0,9.0
2025,2766.0,1.0,23.0,,4.0,4.0,1.0,0.0,0.0,3.0,2.0,,2.0,7.0
2025,2766.0,1.0,45.0,,4.0,2.0,1.0,0.0,0.0,2.0,0.0,,2.0,1.0
2025,2012.0,1.0,28.0,5.0,1.0,5.0,1.0,0.0,800000.0,2.0,0.0,800000.0,2.0,1.0
2025,2041.0,2.0,39.0,1.0,1.0,6.0,1.0,0.0,0.0,3.0,1.0,,2.0,12.0
2025,2041.0,1.0,34.0,1.0,1.0,4.0,1.0,0.0,0.0,3.0,1.0,,2.0,
2025,168.0,1.0,45.0,5.0,4.0,6.0,1.0,0.0,0.0,3.0,2.0,,2.0,1.0
2025,168.0,1.0,40.0,5.0,1.0,4.0,1.0,0.0,0.0,3.0,1.0,,2.0,8.0
2025,168.0,2.0,60.0,4.0,1.0,6.0,3.0,1.0,0.0,0.0,,0.0,,
2025,1509.0,2.0,84.0,4.0,1.0,7.0,3.0,4.0,0.0,0.0,,0.0,,
2025,1509.0,1.0,38.0,5.0,1.0,6.0,1.0,0.0,0.0,3.0,1.0,,2.0,
2025,822.0,2.0,30.0,1.0,4.0,4.0,2.0,0.0,650000.0,3.0,,0.0,,
2025,822.0,1.0,25.0,1.0,1.0,4.0,1.0,0.0,650000.0,3.0,1.0,1300000.0,2.0,11.0
2025,1351.0,1.0,73.0,2.0,1.0,2.0,3.0,7.0,0.0,0.0,,0.0,,
2025,1351.0,2.0,69.0,2.0,1.0,3.0,3.0,4.0,0.0,0.0,,0.0,,
2025,1351.0,2.0,25.0,5.0,4.0,3.0,1.0,0.0,0.0,3.0,2.0,144000.0,2.0,
2025,738.0,1.0,73.0,2.0,1.0,1.0,1.0,0.0,0.0,2.0,0.0,,2.0,3.0
2025,738.0,2.0,63.0,2.0,1.0,1.0,1.0,0.0,0.0,2.0,0.0,,2.0,3.0
2025,738.0,1.0,18.0,5.0,4.0,1.0,1.0,0.0,0.0,2.0,0.0,,2.0,1.0
2025,738.0,2.0,20.0,5.0,4.0,1.0,1.0,0.0,0.0,4.0,0.0,0.0,2.0,3.0
2025,584.0,2.0,30.0,5.0,1.0,6.0,1.0,0.0,800000.0,3.0,2.0,800000.0,2.0,6.0
2025,1373.0,1.0,58.0,2.0,1.0,4.0,1.0,0.0,447500.0,3.0,1.0,900000.0,1.0,7.0
2025,1107.0,1.0,68.0,2.0,1.0,5.0,1.0,0.0,0.0,3.0,1.0,,2.0,
2025,1107.0,2.0,72.0,2.0,1.0,2.0,3.0,7.0,0.0,0.0,,0.0,,
2025,984.0,2.0,39.0,1.0,1.0,6.0,1.0,0.0,0.0,3.0,1.0,,2.0,8.0
2025,984.0,1.0,40.0,1.0,1.0,6.0,1.0,0.0,0.0,3.0,1.0,,2.0,12.0
2025,2163.0,1.0,14.0,5.0,1.0,3.0,3.0,3.0,750000.0,0.0,,0.0,,
2025,2163.0,1.0,21.0,5.0,1.0,5.0,3.0,3.0,750000.0,0.0,,0.0,,
2025,2163.0,2.0,50.0,1.0,1.0,5.0,1.0,0.0,750000.0,3.0,1.0,1400000.0,2.0,9.0
2025,2163.0,1.0,50.0,1.0,1.0,5.0,1.0,0.0,750000.0,3.0,1.0,1600000.0,2.0,8.0
2025,1008.0,2.0,60.0,3.0,2.0,6.0,1.0,0.0,0.0,2.0,0.0,,2.0,1.0
2025,1373.0,2.0,53.0,2.0,1.0,2.0,1.0,0.0,447500.0,2.0,0.0,300000.0,2.0,1.0
2025,1373.0,2.0,28.0,5.0,4.0,4.0,2.0,0.0,447500.0,3.0,,0.0,,
2025,1373.0,2.0,11.0,5.0,4.0,1.0,3.0,3.0,447500.0,0.0,,0.0,,
2025,744.0,2.0,72.0,5.0,1.0,6.0,3.0,1.0,0.0,0.0,,0.0,,
2025,1168.0,1.0,55.0,2.0,1.0,4.0,1.0,0.0,0.0,1.0,0.0,,2.0,2.0
2025,1168.0,2.0,51.0,2.0,1.0,6.0,1.0,0.0,0.0,3.0,1.0,,1.0,
2025,1168.0,1.0,26.0,5.0,1.0,6.0,1.0,0.0,0.0,3.0,2.0,,2.0,
2025,1168.0,1.0,25.0,5.0,1.0,5.0,1.0,0.0,0.0,3.0,1.0,,2.0,
2025,1168.0,2.0,23.0,5.0,1.0,5.0,1.0,0.0,0.0,3.0,1.0,1000000.0,2.0,11.0
2025,1168.0,2.0,20.0,5.0,1.0,5.0,1.0,0.0,0.0,3.0,2.0,120000.0,2.0,7.0
2025,795.0,2.0,83.0,4.0,1.0,2.0,3.0,1.0,0.0,0.0,,0.0,,
2025,1429.0,2.0,76.0,4.0,1.0,2.0,3.0,1.0,0.0,0.0,,0.0,,
2025,4818.0,2.0,31.0,3.0,4.0,4.0,1.0,0.0,158333.33,3.0,2.0,225000.0,2.0,
2025,4818.0,2.0,14.0,5.0,4.0,3.0,3.0,3.0,158333.33,0.0,,0.0,,
2025,4373.0,2.0,32.0,2.0,1.0,4.0,1.0,0.0,0.0,3.0,2.0,100000.0,2.0,
2025,4373.0,1.0,23.0,5.0,4.0,4.0,0.0,0.0,0.0,0.0,,0.0,,
2025,4373.0,1.0,35.0,2.0,4.0,4.0,1.0,0.0,0.0,2.0,0.0,200000.0,2.0,1.0
2025,4373.0,2.0,9.0,5.0,1.0,1.0,4.0,3.0,0.0,0.0,,0.0,,
2025,1543.0,1.0,47.0,1.0,1.0,1.0,1.0,0.0,0.0,3.0,1.0,1000000.0,2.0,7.0
2025,1543.0,2.0,42.0,1.0,1.0,4.0,1.0,0.0,0.0,3.0,1.0,,2.0,
2025,1543.0,1.0,20.0,5.0,1.0,4.0,3.0,4.0,0.0,0.0,,0.0,,
2025,1543.0,1.0,11.0,5.0,1.0,1.0,3.0,3.0,0.0,0.0,,0.0,,
2025,1543.0,1.0,7.0,5.0,1.0,1.0,4.0,3.0,0.0,0.0,,0.0,,
2025,1191.0,1.0,63.0,1.0,4.0,1.0,2.0,0.0,0.0,2.0,,0.0,,
2025,1191.0,2.0,43.0,1.0,4.0,3.0,1.0,0.0,0.0,3.0,2.0,360000.0,2.0,
2025,1941.0,2.0,44.0,1.0,1.0,6.0,1.0,0.0,0.0,3.0,1.0,,2.0,5.0
2025,1941.0,1.0,31.0,1.0,1.0,4.0,1.0,0.0,0.0,3.0,1.0,,2.0,
2025,1941.0,2.0,7.0,5.0,4.0,1.0,4.0,3.0,0.0,0.0,,0.0,,
2025,1941.0,1.0,18.0,5.0,4.0,5.0,3.0,3.0,0.0,0.0,,0.0,,
2025,1202.0,1.0,38.0,5.0,1.0,5.0,1.0,0.0,1100000.0,2.0,0.0,800000.0,2.0,1.0
2025,286.0,1.0,33.0,2.0,2.0,4.0,1.0,0.0,500000.0,2.0,0.0,300000.0,2.0,1.0
2025,286.0,2.0,34.0,2.0,2.0,4.0,1.0,0.0,500000.0,3.0,1.0,1200000.0,2.0,12.0
2025,286.0,2.0,3.0,5.0,2.0,7.0,4.0,5.0,500000.0,0.0,,0.0,,
2025,151.0,1.0,59.0,4.0,1.0,5.0,1.0,0.0,1200000.0,3.0,1.0,1200000.0,2.0,9.0
2025,1112.0,1.0,51.0,4.0,1.0,1.0,1.0,0.0,570000.0,2.0,0.0,300000.0,2.0,2.0
2025,1112.0,2.0,29.0,5.0,4.0,3.0,1.0,0.0,570000.0,2.0,0.0,400000.0,2.0,2.0
2025,756.0,2.0,55.0,5.0,1.0,4.0,1.0,0.0,0.0,3.0,1.0,,2.0,10.0
2025,756.0,2.0,26.0,5.0,1.0,5.0,2.0,0.0,0.0,3.0,,0.0,,
2025,667.0,2.0,47.0,5.0,4.0,4.0,3.0,4.0,300000.0,0.0,,0.0,,
2025,667.0,2.0,56.0,5.0,4.0,4.0,1.0,0.0,300000.0,3.0,2.0,600000.0,2.0,
2025,1730.0,1.0,32.0,1.0,1.0,4.0,1.0,0.0,450000.0,3.0,1.0,1200000.0,2.0,7.0
2025,1730.0,2.0,30.0,1.0,1.0,4.0,1.0,0.0,450000.0,3.0,1.0,600000.0,2.0,12.0
2025,1730.0,2.0,5.0,5.0,1.0,7.0,4.0,5.0,450000.0,0.0,,0.0,,
2025,1730.0,1.0,1.0,5.0,1.0,7.0,4.0,5.0,450000.0,0.0,,0.0,,
2025,3020.0,1.0,44.0,3.0,4.0,4.0,1.0,0.0,0.0,2.0,0.0,,2.0,1.0
2025,3020.0,1.0,17.0,5.0,4.0,3.0,3.0,3.0,0.0,0.0,,0.0,,
2025,3020.0,2.0,15.0,5.0,4.0,3.0,3.0,3.0,0.0,0.0,,0.0,,
2025,2187.0,2.0,43.0,3.0,1.0,6.0,1.0,0.0,508333.33,3.0,2.0,900000.0,2.0,
2025,2187.0,2.0,21.0,5.0,1.0,4.0,1.0,0.0,508333.33,3.0,1.0,590000.0,2.0,
2025,4818.0,2.0,10.0,5.0,4.0,1.0,3.0,3.0,158333.33,0.0,,0.0,,
2025,4373.0,1.0,5.0,5.0,1.0,7.0,4.0,5.0,0.0,0.0,,0.0,,
2025,2588.0,2.0,52.0,2.0,4.0,3.0,1.0,0.0,0.0,3.0,2.0,50000.0,2.0,
2025,2588.0,1.0,60.0,2.0,4.0,2.0,1.0,0.0,0.0,2.0,0.0,,2.0,1.0
2025,2588.0,1.0,29.0,5.0,4.0,3.0,2.0,0.0,0.0,3.0,,0.0,,
2025,2588.0,1.0,25.0,5.0,4.0,4.0,2.0,0.0,0.0,3.0,,0.0,,
2025,1536.0,2.0,45.0,1.0,1.0,3.0,1.0,0.0,286666.67,3.0,1.0,500000.0,2.0,
2025,1536.0,1.0,54.0,1.0,4.0,2.0,1.0,0.0,286666.67,1.0,0.0,900000.0,2.0,4.0
2025,1536.0,2.0,19.0,5.0,4.0,3.0,2.0,0.0,286666.67,0.0,,0.0,,
2025,1536.0,1.0,15.0,5.0,4.0,3.0,3.0,3.0,286666.67,0.0,,0.0,,
2025,1536.0,2.0,10.0,5.0,4.0,1.0,3.0,3.0,286666.67,0.0,,0.0,,
2025,1536.0,2.0,63.0,2.0,4.0,1.0,3.0,6.0,286666.67,0.0,,0.0,,
2025,1191.0,2.0,26.0,5.0,4.0,5.0,1.0,0.0,0.0,3.0,2.0,180000.0,2.0,2.0
2025,1191.0,2.0,22.0,5.0,4.0,5.0,2.0,0.0,0.0,2.0,,0.0,,
2025,1191.0,1.0,11.0,5.0,4.0,1.0,3.0,3.0,0.0,0.0,,0.0,,
2025,448.0,2.0,67.0,5.0,1.0,2.0,3.0,4.0,424666.67,0.0,,0.0,,
2025,448.0,2.0,39.0,3.0,1.0,4.0,1.0,0.0,424666.67,3.0,2.0,400000.0,2.0,7.0
2025,448.0,1.0,5.0,5.0,1.0,7.0,4.0,5.0,424666.67,0.0,,0.0,,
2025,1015.0,2.0,28.0,5.0,1.0,5.0,1.0,0.0,800000.0,3.0,1.0,800000.0,2.0,6.0
2025,1229.0,1.0,52.0,5.0,4.0,5.0,1.0,0.0,500000.0,2.0,0.0,300000.0,2.0,1.0
2025,2324.0,1.0,67.0,2.0,1.0,3.0,1.0,0.0,677500.0,2.0,0.0,500000.0,2.0,1.0
2025,2324.0,2.0,61.0,2.0,1.0,6.0,3.0,1.0,677500.0,0.0,,0.0,,
2025,2324.0,2.0,25.0,5.0,1.0,1.0,3.0,6.0,677500.0,0.0,,0.0,,
2025,2324.0,2.0,23.0,5.0,1.0,6.0,1.0,0.0,677500.0,3.0,1.0,500000.0,1.0,7.0
2025,2106.0,1.0,59.0,2.0,1.0,4.0,1.0,0.0,0.0,2.0,0.0,,2.0,1.0
2025,2106.0,2.0,55.0,2.0,1.0,4.0,1.0,0.0,0.0,3.0,1.0,,2.0,7.0
2025,1550.0,2.0,58.0,3.0,1.0,1.0,1.0,0.0,600000.0,3.0,1.0,600000.0,2.0,
2025,2187.0,1.0,15.0,5.0,1.0,3.0,3.0,3.0,508333.33,0.0,,0.0,,
2025,4455.0,1.0,38.0,2.0,1.0,6.0,1.0,0.0,570000.0,3.0,1.0,260000.0,1.0,8.0
2025,4455.0,2.0,33.0,2.0,2.0,6.0,1.0,0.0,570000.0,3.0,2.0,1000000.0,2.0,12.0
2025,4455.0,1.0,1.0,5.0,2.0,7.0,4.0,5.0,570000.0,0.0,,0.0,,
2025,980.0,1.0,32.0,5.0,1.0,4.0,1.0,0.0,0.0,3.0,1.0,,2.0,
2025,847.0,2.0,56.0,3.0,2.0,4.0,2.0,0.0,250000.0,3.0,,0.0,,
2025,3453.0,1.0,45.0,2.0,4.0,4.0,1.0,0.0,293333.33,2.0,0.0,200000.0,2.0,2.0
2025,1504.0,2.0,53.0,5.0,4.0,5.0,1.0,0.0,70000.0,3.0,2.0,70000.0,2.0,
2025,2059.0,1.0,36.0,2.0,4.0,4.0,1.0,0.0,210000.0,3.0,2.0,700000.0,2.0,2.0
2025,2584.0,2.0,58.0,3.0,1.0,2.0,1.0,0.0,0.0,3.0,2.0,,2.0,7.0
2025,2584.0,2.0,26.0,5.0,1.0,3.0,1.0,0.0,0.0,3.0,1.0,,2.0,6.0
2025,2584.0,1.0,18.0,5.0,1.0,3.0,3.0,3.0,0.0,0.0,,0.0,,
2025,2584.0,2.0,7.0,5.0,1.0,1.0,4.0,3.0,0.0,0.0,,0.0,,
2025,2584.0,1.0,59.0,5.0,4.0,1.0,2.0,0.0,0.0,3.0,,0.0,,
2025,4146.0,2.0,49.0,3.0,3.0,5.0,1.0,0.0,0.0,3.0,2.0,,2.0,12.0
2025,4146.0,1.0,30.0,5.0,3.0,5.0,1.0,0.0,0.0,3.0,2.0,300000.0,2.0,12.0
2025,4146.0,1.0,17.0,5.0,3.0,3.0,3.0,3.0,0.0,0.0,,0.0,,
2025,4146.0,1.0,12.0,5.0,3.0,3.0,3.0,3.0,0.0,0.0,,0.0,,
2025,4146.0,1.0,9.0,5.0,3.0,1.0,4.0,3.0,0.0,0.0,,0.0,,
2025,3536.0,2.0,66.0,1.0,1.0,3.0,1.0,0.0,0.0,2.0,0.0,,2.0,2.0
2025,3536.0,1.0,75.0,1.0,1.0,2.0,1.0,0.0,0.0,2.0,0.0,,2.0,2.0
2025,2106.0,1.0,21.0,5.0,1.0,5.0,1.0,0.0,0.0,3.0,1.0,,2.0,6.0
2025,2097.0,1.0,56.0,1.0,1.0,6.0,1.0,0.0,1950000.0,3.0,1.0,3000000.0,1.0,9.0
2025,2097.0,2.0,54.0,1.0,1.0,6.0,1.0,0.0,1950000.0,3.0,1.0,900000.0,2.0,4.0
2025,3170.0,1.0,35.0,2.0,2.0,6.0,1.0,0.0,0.0,2.0,0.0,,2.0,3.0
2025,3170.0,2.0,34.0,2.0,2.0,6.0,1.0,0.0,0.0,2.0,0.0,500000.0,2.0,1.0
2025,3170.0,2.0,3.0,5.0,2.0,7.0,4.0,5.0,0.0,0.0,,0.0,,
2025,1913.0,1.0,32.0,5.0,1.0,6.0,1.0,0.0,1300000.0,3.0,1.0,1300000.0,2.0,10.0
2025,3177.0,2.0,26.0,1.0,1.0,4.0,1.0,0.0,918500.0,3.0,1.0,1600000.0,1.0,12.0
2025,3177.0,1.0,26.0,1.0,1.0,4.0,1.0,0.0,918500.0,2.0,0.0,1000000.0,2.0,2.0
2025,3177.0,2.0,5.0,5.0,1.0,7.0,4.0,5.0,918500.0,0.0,,0.0,,
2025,3177.0,1.0,3.0,5.0,1.0,7.0,4.0,5.0,918500.0,0.0,,0.0,,
2025,2250.0,2.0,32.0,2.0,1.0,6.0,1.0,0.0,850000.0,2.0,0.0,1500000.0,2.0,1.0
2025,2250.0,1.0,35.0,2.0,1.0,6.0,1.0,0.0,850000.0,3.0,1.0,0.0,1.0,
2025,2148.0,1.0,43.0,1.0,4.0,2.0,1.0,0.0,0.0,2.0,0.0,,2.0,1.0
2025,2148.0,2.0,37.0,1.0,4.0,4.0,2.0,0.0,0.0,3.0,,0.0,,
2025,1183.0,2.0,33.0,1.0,1.0,3.0,1.0,0.0,0.0,3.0,1.0,700000.0,2.0,4.0
2025,1183.0,1.0,38.0,1.0,4.0,3.0,1.0,0.0,0.0,1.0,0.0,,2.0,2.0
2025,1183.0,2.0,15.0,5.0,4.0,3.0,3.0,3.0,0.0,0.0,,0.0,,
2025,1183.0,2.0,12.0,5.0,4.0,3.0,3.0,3.0,0.0,0.0,,0.0,,
2025,1183.0,2.0,4.0,5.0,4.0,7.0,4.0,5.0,0.0,0.0,,0.0,,
2025,847.0,2.0,23.0,5.0,2.0,4.0,1.0,0.0,250000.0,3.0,2.0,500000.0,2.0,
2025,2544.0,1.0,47.0,5.0,2.0,5.0,1.0,0.0,0.0,3.0,1.0,,1.0,9.0
2025,2482.0,1.0,41.0,5.0,1.0,4.0,1.0,0.0,950000.0,3.0,1.0,800000.0,1.0,9.0
2025,3078.0,2.0,30.0,2.0,2.0,5.0,1.0,0.0,4000000.0,3.0,1.0,1800000.0,2.0,11.0
2025,3078.0,1.0,29.0,2.0,2.0,6.0,1.0,0.0,4000000.0,3.0,1.0,2200000.0,2.0,10.0
2025,3078.0,1.0,2.0,5.0,2.0,7.0,4.0,5.0,4000000.0,0.0,,0.0,,
2025,1140.0,1.0,31.0,5.0,1.0,6.0,1.0,0.0,2130000.0,3.0,1.0,1330000.0,2.0,11.0
2025,2310.0,2.0,79.0,4.0,1.0,2.0,3.0,4.0,0.0,0.0,,0.0,,
2025,2310.0,1.0,23.0,5.0,1.0,4.0,1.0,0.0,0.0,3.0,1.0,,1.0,
2025,1998.0,1.0,91.0,2.0,1.0,2.0,3.0,1.0,0.0,0.0,,0.0,,
2025,1998.0,2.0,87.0,2.0,1.0,2.0,3.0,6.0,0.0,0.0,,0.0,,
2025,3453.0,2.0,38.0,2.0,4.0,4.0,1.0,0.0,293333.33,2.0,0.0,500000.0,2.0,2.0
2025,3453.0,2.0,8.0,5.0,4.0,1.0,4.0,3.0,293333.33,0.0,,0.0,,
2025,1370.0,2.0,25.0,1.0,1.0,5.0,1.0,0.0,1245000.0,3.0,1.0,440000.0,2.0,8.0
2025,1370.0,1.0,27.0,1.0,1.0,4.0,1.0,0.0,1245000.0,3.0,1.0,900000.0,2.0,8.0
2025,5862.0,2.0,84.0,5.0,1.0,6.0,3.0,1.0,0.0,0.0,,0.0,,
2025,1722.0,1.0,65.0,2.0,1.0,6.0,1.0,0.0,0.0,2.0,0.0,,2.0,1.0
2025,1722.0,2.0,65.0,2.0,1.0,6.0,1.0,0.0,0.0,3.0,1.0,3000000.0,1.0,12.0
2025,1722.0,1.0,34.0,5.0,1.0,6.0,1.0,0.0,0.0,2.0,0.0,0.0,2.0,1.0
2025,5903.0,2.0,46.0,3.0,12.0,6.0,1.0,0.0,4150000.0,1.0,0.0,4000000.0,2.0,3.0
2025,5903.0,2.0,13.0,5.0,12.0,3.0,3.0,3.0,4150000.0,0.0,,0.0,,
2025,471.0,2.0,33.0,1.0,4.0,6.0,3.0,4.0,150000.0,0.0,,0.0,,
2025,471.0,2.0,17.0,5.0,4.0,3.0,3.0,3.0,150000.0,0.0,,0.0,,
2025,471.0,2.0,9.0,5.0,4.0,1.0,4.0,3.0,150000.0,0.0,,0.0,,
2025,471.0,1.0,33.0,1.0,4.0,4.0,1.0,0.0,150000.0,2.0,0.0,600000.0,2.0,1.0
2025,1697.0,1.0,89.0,2.0,1.0,4.0,3.0,1.0,1500000.0,0.0,,0.0,,
2025,1697.0,2.0,89.0,2.0,1.0,4.0,3.0,1.0,1500000.0,0.0,,0.0,,
2025,1495.0,1.0,69.0,2.0,1.0,4.0,3.0,1.0,0.0,0.0,,0.0,,
2025,1495.0,2.0,64.0,2.0,1.0,4.0,3.0,4.0,0.0,0.0,,0.0,,
2025,1495.0,1.0,22.0,5.0,1.0,5.0,1.0,0.0,0.0,3.0,1.0,400000.0,2.0,
2025,2479.0,2.0,54.0,3.0,1.0,6.0,1.0,0.0,350000.0,3.0,1.0,750000.0,1.0,7.0
2025,2479.0,2.0,27.0,5.0,1.0,5.0,1.0,0.0,350000.0,3.0,2.0,300000.0,2.0,6.0
2025,2479.0,2.0,20.0,5.0,1.0,5.0,3.0,3.0,350000.0,0.0,,0.0,,
2025,3665.0,2.0,43.0,1.0,1.0,5.0,1.0,0.0,0.0,3.0,1.0,1400000.0,1.0,11.0
2025,3665.0,2.0,24.0,5.0,1.0,1.0,3.0,4.0,0.0,0.0,,0.0,,
2025,3665.0,2.0,21.0,5.0,1.0,6.0,1.0,0.0,0.0,3.0,1.0,750000.0,2.0,
2025,3665.0,2.0,19.0,5.0,1.0,4.0,1.0,0.0,0.0,3.0,1.0,750000.0,2.0,11.0
2025,3665.0,2.0,13.0,5.0,1.0,3.0,3.0,7.0,0.0,0.0,,0.0,,
2025,3665.0,1.0,11.0,5.0,1.0,1.0,3.0,3.0,0.0,0.0,,0.0,,
2025,2059.0,2.0,36.0,2.0,4.0,3.0,2.0,0.0,210000.0,3.0,,0.0,,
2025,2059.0,2.0,13.0,5.0,4.0,3.0,3.0,3.0,210000.0,0.0,,0.0,,
2025,2059.0,1.0,12.0,5.0,4.0,1.0,3.0,3.0,210000.0,0.0,,0.0,,
2025,2059.0,2.0,3.0,5.0,4.0,7.0,4.0,5.0,210000.0,0.0,,0.0,,
2025,564.0,1.0,22.0,5.0,4.0,3.0,3.0,3.0,0.0,0.0,,0.0,,
2025,564.0,1.0,68.0,1.0,1.0,2.0,3.0,1.0,0.0,0.0,,0.0,,
2025,564.0,2.0,53.0,1.0,4.0,2.0,1.0,0.0,0.0,3.0,2.0,78000.0,1.0,12.0
2025,564.0,1.0,25.0,5.0,4.0,4.0,1.0,0.0,0.0,3.0,2.0,,2.0,6.0
2025,564.0,1.0,24.0,5.0,4.0,3.0,3.0,7.0,0.0,0.0,,0.0,,
2025,2148.0,2.0,18.0,5.0,4.0,3.0,3.0,3.0,0.0,0.0,,0.0,,
2025,2148.0,2.0,8.0,5.0,4.0,1.0,4.0,3.0,0.0,0.0,,0.0,,
2025,3418.0,2.0,19.0,1.0,1.0,3.0,1.0,0.0,1090000.0,3.0,1.0,800000.0,2.0,6.0
2025,3418.0,1.0,20.0,1.0,1.0,4.0,1.0,0.0,1090000.0,3.0,1.0,580000.0,1.0,
2025,2794.0,1.0,32.0,2.0,4.0,5.0,1.0,0.0,192000.0,2.0,0.0,500000.0,2.0,1.0
2025,2794.0,2.0,32.0,2.0,4.0,4.0,1.0,0.0,192000.0,3.0,2.0,250000.0,2.0,
2025,2794.0,1.0,9.0,5.0,4.0,1.0,4.0,3.0,192000.0,0.0,,0.0,,
2025,2794.0,1.0,7.0,5.0,4.0,1.0,4.0,3.0,192000.0,0.0,,0.0,,
2025,2794.0,2.0,2.0,5.0,4.0,7.0,4.0,5.0,192000.0,0.0,,0.0,,
2025,1879.0,1.0,55.0,5.0,4.0,2.0,1.0,0.0,0.0,2.0,0.0,,2.0,1.0
2025,1623.0,2.0,62.0,3.0,1.0,5.0,3.0,2.0,0.0,0.0,,0.0,,
2025,2508.0,1.0,73.0,2.0,1.0,5.0,3.0,1.0,2785000.0,0.0,,0.0,,
2025,2508.0,2.0,73.0,2.0,1.0,6.0,3.0,1.0,2785000.0,0.0,,0.0,,
2025,1086.0,1.0,35.0,5.0,1.0,5.0,1.0,0.0,1290000.0,3.0,1.0,990000.0,1.0,9.0
2025,2571.0,1.0,20.0,1.0,1.0,4.0,1.0,0.0,305714.29,3.0,1.0,960000.0,2.0,4.0
2025,2571.0,2.0,20.0,1.0,4.0,3.0,3.0,7.0,305714.29,0.0,,0.0,,
2025,2571.0,1.0,11.0,5.0,4.0,1.0,3.0,3.0,305714.29,0.0,,0.0,,
2025,2571.0,1.0,40.0,1.0,4.0,3.0,1.0,0.0,305714.29,3.0,2.0,960000.0,2.0,3.0
2025,2571.0,2.0,44.0,1.0,4.0,3.0,3.0,4.0,305714.29,0.0,,0.0,,
2025,2571.0,1.0,5.0,5.0,4.0,7.0,4.0,5.0,305714.29,0.0,,0.0,,
2025,2571.0,1.0,,5.0,1.0,7.0,4.0,5.0,305714.29,0.0,,0.0,,
2025,1006.0,1.0,51.0,3.0,1.0,6.0,1.0,0.0,0.0,3.0,1.0,2000000.0,1.0,10.0
2025,1734.0,2.0,84.0,2.0,1.0,5.0,3.0,1.0,389333.33,0.0,,0.0,,
2025,1734.0,2.0,45.0,1.0,4.0,6.0,2.0,0.0,389333.33,2.0,,0.0,,
2025,1734.0,1.0,84.0,2.0,1.0,5.0,3.0,1.0,389333.33,0.0,,0.0,,
2025,2372.0,1.0,74.0,2.0,1.0,3.0,3.0,1.0,307000.0,0.0,,0.0,,
2025,2372.0,2.0,76.0,2.0,1.0,3.0,3.0,1.0,307000.0,0.0,,0.0,,
2025,2128.0,2.0,30.0,1.0,1.0,6.0,1.0,0.0,500000.0,3.0,2.0,600000.0,2.0,7.0
2025,2128.0,1.0,43.0,1.0,1.0,5.0,1.0,0.0,500000.0,3.0,1.0,200000.0,2.0,12.0
2025,822.0,1.0,76.0,4.0,1.0,3.0,3.0,1.0,0.0,0.0,,0.0,,
2025,822.0,2.0,50.0,3.0,4.0,3.0,3.0,4.0,0.0,0.0,,0.0,,
2025,822.0,2.0,49.0,5.0,4.0,4.0,1.0,0.0,0.0,3.0,2.0,,2.0,
2025,822.0,2.0,25.0,2.0,4.0,4.0,3.0,7.0,0.0,0.0,,0.0,,
2025,822.0,1.0,23.0,2.0,4.0,3.0,3.0,7.0,0.0,0.0,,0.0,,
2025,833.0,1.0,60.0,2.0,1.0,3.0,1.0,0.0,0.0,3.0,1.0,,1.0,
2025,833.0,2.0,58.0,2.0,1.0,4.0,3.0,4.0,0.0,0.0,,0.0,,
2025,833.0,1.0,22.0,5.0,1.0,5.0,1.0,0.0,0.0,3.0,1.0,,2.0,
2025,75.0,2.0,82.0,4.0,1.0,1.0,3.0,1.0,0.0,0.0,,0.0,,
2025,75.0,1.0,58.0,2.0,1.0,6.0,1.0,0.0,0.0,3.0,1.0,,2.0,
2025,75.0,2.0,56.0,2.0,1.0,2.0,1.0,0.0,0.0,2.0,0.0,120000.0,2.0,1.0
2025,75.0,2.0,23.0,5.0,4.0,5.0,3.0,3.0,0.0,0.0,,0.0,,
2025,75.0,2.0,21.0,5.0,4.0,5.0,3.0,3.0,0.0,0.0,,0.0,,
2025,3665.0,1.0,9.0,5.0,1.0,1.0,4.0,3.0,0.0,0.0,,0.0,,
2025,3665.0,1.0,34.0,1.0,4.0,4.0,1.0,0.0,0.0,3.0,2.0,1000000.0,2.0,
2025,1623.0,1.0,29.0,5.0,1.0,5.0,1.0,0.0,0.0,2.0,0.0,,2.0,1.0
2025,1623.0,2.0,63.0,3.0,1.0,6.0,2.0,0.0,0.0,3.0,,0.0,,
2025,49.0,2.0,61.0,5.0,1.0,5.0,1.0,0.0,0.0,2.0,0.0,,2.0,1.0
2025,1544.0,1.0,23.0,3.0,1.0,5.0,1.0,0.0,0.0,3.0,1.0,480000.0,1.0,10.0
2025,1194.0,2.0,46.0,1.0,1.0,5.0,1.0,0.0,0.0,3.0,1.0,1400000.0,2.0,12.0
2025,1194.0,1.0,45.0,1.0,1.0,5.0,1.0,0.0,0.0,3.0,1.0,1200000.0,1.0,12.0
2025,1194.0,2.0,20.0,5.0,1.0,5.0,1.0,0.0,0.0,3.0,2.0,200000.0,2.0,5.0
2025,1039.0,2.0,38.0,1.0,1.0,5.0,1.0,0.0,466666.67,3.0,1.0,810000.0,1.0,12.0
2025,1039.0,1.0,39.0,1.0,1.0,4.0,1.0,0.0,466666.67,3.0,2.0,450000.0,2.0,2.0
2025,1039.0,2.0,21.0,1.0,1.0,3.0,3.0,3.0,466666.67,0.0,,0.0,,
2025,786.0,2.0,55.0,3.0,1.0,4.0,1.0,0.0,0.0,3.0,2.0,,2.0,
2025,1161.0,2.0,64.0,3.0,1.0,4.0,2.0,0.0,320000.0,3.0,,0.0,,
2025,2453.0,2.0,28.0,5.0,1.0,5.0,1.0,0.0,4300000.0,3.0,1.0,4300000.0,2.0,12.0
2025,2525.0,1.0,39.0,1.0,1.0,3.0,3.0,4.0,155500.0,0.0,,0.0,,
2025,2204.0,2.0,57.0,5.0,1.0,6.0,1.0,0.0,4000000.0,3.0,1.0,4000000.0,2.0,12.0
2025,1397.0,1.0,68.0,2.0,1.0,2.0,1.0,0.0,0.0,3.0,1.0,1280000.0,2.0,2.0
2025,744.0,1.0,30.0,3.0,1.0,3.0,1.0,0.0,0.0,1.0,0.0,150000.0,2.0,4.0
2025,2089.0,2.0,70.0,3.0,1.0,6.0,3.0,1.0,0.0,0.0,,0.0,,
2025,2525.0,2.0,27.0,1.0,1.0,4.0,1.0,0.0,155500.0,3.0,1.0,600000.0,2.0,
2025,2525.0,1.0,4.0,5.0,1.0,7.0,4.0,5.0,155500.0,0.0,,0.0,,
2025,2525.0,1.0,,5.0,,7.0,4.0,5.0,155500.0,0.0,,0.0,,
2025,1859.0,2.0,42.0,2.0,1.0,6.0,1.0,0.0,33333.33,2.0,0.0,50000.0,2.0,2.0
2025,1859.0,1.0,47.0,2.0,4.0,3.0,1.0,0.0,33333.33,2.0,0.0,50000.0,2.0,2.0
2025,1859.0,2.0,10.0,5.0,4.0,1.0,3.0,3.0,33333.33,0.0,,0.0,,
2025,1621.0,2.0,39.0,5.0,1.0,6.0,1.0,0.0,0.0,3.0,2.0,,1.0,11.0
2025,1012.0,2.0,59.0,2.0,4.0,2.0,1.0,0.0,0.0,3.0,2.0,,2.0,
2025,1012.0,1.0,64.0,2.0,1.0,3.0,3.0,1.0,0.0,0.0,,0.0,,
2025,2953.0,1.0,41.0,5.0,4.0,5.0,1.0,0.0,0.0,2.0,0.0,,2.0,1.0
2025,1683.0,2.0,74.0,4.0,1.0,2.0,3.0,1.0,565000.0,0.0,,0.0,,
2025,3231.0,1.0,26.0,5.0,2.0,6.0,1.0,0.0,2450000.0,3.0,1.0,950000.0,2.0,8.0
2025,1111.0,1.0,30.0,5.0,1.0,4.0,1.0,0.0,0.0,2.0,0.0,,2.0,1.0
2025,1111.0,2.0,46.0,2.0,4.0,2.0,2.0,0.0,0.0,2.0,,0.0,,
2025,1111.0,1.0,52.0,2.0,1.0,2.0,1.0,0.0,0.0,3.0,1.0,930000.0,2.0,5.0
2025,1287.0,1.0,55.0,5.0,1.0,1.0,3.0,6.0,0.0,0.0,,0.0,,
2025,1287.0,1.0,65.0,2.0,1.0,2.0,3.0,1.0,0.0,0.0,,0.0,,
2025,1287.0,2.0,62.0,2.0,1.0,4.0,3.0,4.0,0.0,0.0,,0.0,,
2025,1316.0,1.0,4.0,5.0,4.0,7.0,4.0,5.0,200000.0,0.0,,0.0,,
2025,1316.0,2.0,49.0,3.0,4.0,3.0,1.0,0.0,200000.0,2.0,0.0,700000.0,2.0,1.0
2025,1316.0,2.0,28.0,5.0,4.0,4.0,3.0,7.0,200000.0,0.0,,0.0,,
2025,1316.0,2.0,24.0,5.0,1.0,4.0,1.0,0.0,200000.0,3.0,1.0,500000.0,2.0,8.0
2025,1316.0,1.0,21.0,5.0,4.0,5.0,3.0,3.0,200000.0,0.0,,0.0,,
2025,763.0,2.0,30.0,1.0,12.0,5.0,1.0,0.0,1025000.0,3.0,1.0,1400000.0,2.0,11.0
2025,763.0,1.0,29.0,1.0,12.0,5.0,1.0,0.0,1025000.0,3.0,1.0,650000.0,1.0,
2025,3560.0,2.0,31.0,1.0,12.0,6.0,1.0,0.0,546666.67,2.0,0.0,500000.0,2.0,1.0
2025,3560.0,1.0,35.0,1.0,1.0,4.0,1.0,0.0,546666.67,1.0,0.0,1000000.0,2.0,2.0
2025,3560.0,1.0,1.0,5.0,2.0,7.0,4.0,5.0,546666.67,0.0,,0.0,,
2025,744.0,1.0,34.0,5.0,4.0,2.0,1.0,0.0,0.0,3.0,2.0,,2.0,4.0
2025,744.0,2.0,13.0,5.0,4.0,3.0,3.0,3.0,0.0,0.0,,0.0,,
2025,744.0,2.0,10.0,5.0,4.0,1.0,3.0,3.0,0.0,0.0,,0.0,,
2025,744.0,1.0,8.0,5.0,4.0,1.0,4.0,3.0,0.0,0.0,,0.0,,
2025,636.0,2.0,51.0,5.0,1.0,6.0,1.0,0.0,1140000.0,3.0,1.0,1200000.0,1.0,12.0
2025,636.0,1.0,83.0,4.0,1.0,3.0,3.0,1.0,1140000.0,0.0,,0.0,,
2025,1621.0,1.0,73.0,2.0,1.0,6.0,1.0,0.0,0.0,1.0,0.0,,2.0,6.0
2025,1621.0,2.0,76.0,2.0,1.0,5.0,3.0,4.0,0.0,0.0,,0.0,,
2025,2757.0,1.0,15.0,5.0,4.0,3.0,3.0,3.0,0.0,0.0,,0.0,,
2025,2757.0,1.0,9.0,5.0,4.0,1.0,4.0,3.0,0.0,0.0,,0.0,,
2025,2757.0,1.0,9.0,5.0,4.0,1.0,4.0,3.0,0.0,0.0,,0.0,,
2025,2757.0,1.0,48.0,1.0,4.0,4.0,1.0,0.0,0.0,2.0,0.0,300000.0,2.0,1.0
2025,2757.0,2.0,43.0,1.0,4.0,5.0,1.0,0.0,0.0,3.0,2.0,250000.0,2.0,2.0
2025,2757.0,2.0,20.0,5.0,1.0,3.0,1.0,0.0,0.0,3.0,2.0,450000.0,2.0,6.0
2025,2757.0,2.0,17.0,5.0,4.0,3.0,3.0,3.0,0.0,0.0,,0.0,,
2025,1358.0,2.0,56.0,5.0,4.0,2.0,1.0,0.0,550000.0,3.0,2.0,300000.0,2.0,
2025,1358.0,1.0,25.0,5.0,1.0,4.0,1.0,0.0,550000.0,3.0,1.0,800000.0,2.0,10.0
2025,2700.0,1.0,38.0,1.0,4.0,4.0,1.0,0.0,460000.0,3.0,2.0,600000.0,2.0,
2025,2700.0,2.0,29.0,1.0,1.0,5.0,1.0,0.0,460000.0,3.0,1.0,780000.0,1.0,12.0
2025,2700.0,2.0,9.0,5.0,1.0,1.0,4.0,3.0,460000.0,0.0,,0.0,,
2025,336.0,1.0,39.0,5.0,4.0,5.0,3.0,6.0,0.0,0.0,,0.0,,
2025,1111.0,1.0,29.0,5.0,1.0,2.0,1.0,0.0,0.0,3.0,2.0,,2.0,
2025,1111.0,1.0,27.0,5.0,4.0,3.0,3.0,7.0,0.0,0.0,,0.0,,
2025,1111.0,1.0,23.0,5.0,1.0,3.0,1.0,0.0,0.0,3.0,1.0,,2.0,
2025,1111.0,1.0,16.0,5.0,1.0,3.0,3.0,3.0,0.0,0.0,,0.0,,
2025,1111.0,1.0,9.0,5.0,1.0,1.0,4.0,3.0,0.0,0.0,,0.0,,
2025,1316.0,2.0,10.0,5.0,4.0,1.0,3.0,3.0,200000.0,0.0,,0.0,,
2025,1320.0,1.0,29.0,1.0,1.0,4.0,1.0,0.0,0.0,3.0,1.0,730000.0,2.0,7.0
2025,1320.0,2.0,23.0,5.0,4.0,4.0,1.0,0.0,0.0,3.0,2.0,350000.0,2.0,3.0
2025,1320.0,2.0,36.0,1.0,1.0,5.0,1.0,0.0,0.0,3.0,2.0,,2.0,
2025,1320.0,1.0,4.0,5.0,1.0,7.0,4.0,5.0,0.0,0.0,,0.0,,
2025,1320.0,1.0,20.0,5.0,4.0,4.0,2.0,0.0,0.0,3.0,,0.0,,
2025,1663.0,1.0,71.0,2.0,1.0,3.0,3.0,1.0,420000.0,0.0,,0.0,,
2025,1663.0,2.0,68.0,2.0,1.0,3.0,3.0,1.0,420000.0,0.0,,0.0,,
2025,1708.0,1.0,80.0,4.0,1.0,1.0,3.0,1.0,0.0,0.0,,0.0,,
2025,3587.0,2.0,39.0,5.0,1.0,6.0,1.0,0.0,0.0,3.0,1.0,1100000.0,1.0,8.0
2025,3587.0,1.0,6.0,5.0,1.0,1.0,4.0,3.0,0.0,0.0,,0.0,,
2025,415.0,1.0,38.0,1.0,4.0,4.0,2.0,0.0,56666.67,2.0,,0.0,,
2025,415.0,2.0,28.0,1.0,4.0,4.0,3.0,4.0,56666.67,0.0,,0.0,,
2025,415.0,1.0,,5.0,4.0,7.0,4.0,5.0,56666.67,0.0,,0.0,,
2025,213.0,1.0,65.0,5.0,4.0,1.0,2.0,0.0,50000.0,3.0,,0.0,,
2025,2180.0,1.0,40.0,2.0,1.0,4.0,1.0,0.0,245000.0,3.0,1.0,980000.0,2.0,11.0
2025,2180.0,2.0,36.0,2.0,1.0,5.0,3.0,3.0,245000.0,0.0,,0.0,,
2025,2180.0,2.0,18.0,5.0,1.0,5.0,3.0,3.0,245000.0,0.0,,0.0,,
2025,2180.0,2.0,15.0,5.0,1.0,3.0,3.0,3.0,245000.0,0.0,,0.0,,
2025,3845.0,1.0,21.0,1.0,4.0,3.0,1.0,0.0,58333.33,2.0,0.0,125000.0,2.0,3.0
2025,3845.0,2.0,22.0,1.0,4.0,4.0,3.0,4.0,58333.33,0.0,,0.0,,
2025,3845.0,2.0,,5.0,4.0,7.0,4.0,5.0,58333.33,0.0,,0.0,,
2025,388.0,1.0,79.0,2.0,12.0,6.0,1.0,0.0,0.0,3.0,2.0,,2.0,
2025,388.0,2.0,77.0,2.0,12.0,6.0,3.0,4.0,0.0,0.0,,0.0,,
2025,1654.0,1.0,49.0,5.0,1.0,5.0,1.0,0.0,800000.0,2.0,0.0,800000.0,2.0,1.0
2025,1611.0,1.0,57.0,2.0,1.0,5.0,1.0,0.0,0.0,3.0,1.0,1000000.0,2.0,11.0
2025,1611.0,2.0,57.0,2.0,1.0,6.0,1.0,0.0,0.0,3.0,1.0,,2.0,6.0
2025,1611.0,1.0,26.0,5.0,1.0,5.0,1.0,0.0,0.0,3.0,1.0,900000.0,2.0,6.0
2025,111.0,2.0,38.0,5.0,4.0,4.0,1.0,0.0,0.0,2.0,0.0,,2.0,1.0
2025,111.0,2.0,15.0,5.0,4.0,3.0,3.0,3.0,0.0,0.0,,0.0,,
2025,111.0,1.0,13.0,5.0,4.0,3.0,3.0,3.0,0.0,0.0,,0.0,,
2025,2427.0,1.0,41.0,1.0,4.0,4.0,1.0,0.0,300000.0,2.0,0.0,500000.0,2.0,1.0
2025,2427.0,2.0,34.0,1.0,1.0,4.0,1.0,0.0,300000.0,3.0,1.0,700000.0,1.0,12.0
2025,2427.0,1.0,15.0,5.0,1.0,3.0,3.0,3.0,300000.0,0.0,,0.0,,
2025,2427.0,2.0,8.0,5.0,1.0,1.0,4.0,3.0,300000.0,0.0,,0.0,,
2025,336.0,2.0,69.0,4.0,1.0,2.0,3.0,1.0,0.0,0.0,,0.0,,
2025,784.0,2.0,7.0,5.0,4.0,1.0,4.0,3.0,98000.0,0.0,,0.0,,
2025,784.0,1.0,50.0,1.0,1.0,3.0,1.0,0.0,98000.0,3.0,1.0,490000.0,1.0,12.0
2025,784.0,2.0,24.0,1.0,4.0,3.0,3.0,4.0,98000.0,0.0,,0.0,,
2025,784.0,2.0,2.0,5.0,1.0,7.0,4.0,5.0,98000.0,0.0,,0.0,,
2025,784.0,1.0,8.0,5.0,4.0,1.0,4.0,3.0,98000.0,0.0,,0.0,,
2025,519.0,1.0,77.0,2.0,1.0,1.0,3.0,4.0,270000.0,0.0,,0.0,,
2025,519.0,2.0,75.0,2.0,1.0,1.0,3.0,4.0,270000.0,0.0,,0.0,,
2025,519.0,1.0,30.0,5.0,4.0,3.0,1.0,0.0,270000.0,3.0,2.0,400000.0,2.0,3.0
2025,519.0,1.0,13.0,5.0,4.0,3.0,3.0,3.0,270000.0,0.0,,0.0,,
2025,904.0,1.0,22.0,5.0,4.0,3.0,3.0,4.0,3500000.0,0.0,,0.0,,
2025,890.0,2.0,53.0,5.0,1.0,6.0,1.0,0.0,0.0,2.0,0.0,,2.0,1.0
2025,1637.0,1.0,67.0,2.0,1.0,1.0,3.0,1.0,523333.33,0.0,,0.0,,
2025,1637.0,2.0,66.0,2.0,1.0,1.0,3.0,7.0,523333.33,0.0,,0.0,,
2025,1637.0,1.0,24.0,5.0,4.0,4.0,2.0,0.0,523333.33,0.0,,0.0,,
2025,213.0,1.0,28.0,5.0,4.0,3.0,1.0,0.0,50000.0,2.0,0.0,100000.0,2.0,1.0
2025,4361.0,1.0,50.0,2.0,1.0,6.0,1.0,0.0,310000.0,3.0,1.0,1500000.0,2.0,12.0
2025,4361.0,2.0,44.0,2.0,1.0,3.0,1.0,0.0,310000.0,2.0,0.0,50000.0,2.0,1.0
2025,4361.0,1.0,24.0,5.0,1.0,5.0,3.0,3.0,310000.0,0.0,,0.0,,
2025,4361.0,1.0,15.0,5.0,1.0,3.0,3.0,3.0,310000.0,0.0,,0.0,,
2025,4361.0,1.0,4.0,5.0,1.0,7.0,4.0,5.0,310000.0,0.0,,0.0,,
2025,5384.0,2.0,53.0,1.0,1.0,6.0,1.0,0.0,600000.0,3.0,2.0,1000000.0,2.0,4.0
2025,5384.0,1.0,48.0,1.0,1.0,3.0,1.0,0.0,600000.0,2.0,0.0,800000.0,2.0,1.0
2025,5384.0,1.0,22.0,1.0,1.0,3.0,1.0,0.0,600000.0,3.0,1.0,1200000.0,2.0,10.0
2025,5384.0,2.0,21.0,1.0,4.0,4.0,3.0,4.0,600000.0,0.0,,0.0,,
2025,5384.0,2.0,2.0,5.0,1.0,7.0,4.0,5.0,600000.0,0.0,,0.0,,
2025,2336.0,1.0,40.0,2.0,1.0,6.0,1.0,0.0,424000.0,3.0,1.0,1800000.0,2.0,11.0
2025,2336.0,2.0,41.0,2.0,1.0,4.0,3.0,4.0,424000.0,0.0,,0.0,,
2025,2336.0,2.0,67.0,4.0,1.0,6.0,3.0,1.0,424000.0,0.0,,0.0,,
2025,2336.0,2.0,20.0,5.0,1.0,5.0,3.0,3.0,424000.0,0.0,,0.0,,
2025,2336.0,1.0,8.0,5.0,1.0,1.0,4.0,3.0,424000.0,0.0,,0.0,,
2025,1611.0,1.0,21.0,5.0,1.0,5.0,1.0,0.0,0.0,3.0,2.0,600000.0,3.0,
2025,1365.0,2.0,25.0,1.0,1.0,5.0,1.0,0.0,1875000.0,3.0,1.0,1500000.0,2.0,7.0
2025,1365.0,2.0,28.0,1.0,1.0,5.0,1.0,0.0,1875000.0,3.0,1.0,1000000.0,2.0,8.0
2025,1365.0,2.0,20.0,5.0,2.0,5.0,3.0,2.0,700000.0,0.0,,0.0,,
2025,582.0,1.0,76.0,3.0,1.0,4.0,3.0,1.0,1000000.0,0.0,,0.0,,
2025,990.0,1.0,81.0,5.0,1.0,4.0,3.0,1.0,0.0,0.0,,0.0,,
2025,2415.0,2.0,64.0,4.0,1.0,4.0,1.0,0.0,0.0,3.0,1.0,,2.0,8.0
2025,2415.0,2.0,42.0,5.0,1.0,6.0,1.0,0.0,0.0,3.0,1.0,780000.0,1.0,7.0
2025,2415.0,2.0,7.0,5.0,1.0,1.0,4.0,3.0,0.0,0.0,,0.0,,
2025,308.0,1.0,52.0,2.0,4.0,2.0,1.0,0.0,0.0,2.0,0.0,2000000.0,2.0,1.0
2025,308.0,2.0,42.0,2.0,4.0,2.0,3.0,4.0,0.0,0.0,,0.0,,
2025,308.0,1.0,23.0,5.0,4.0,3.0,1.0,0.0,0.0,3.0,2.0,600000.0,2.0,
2025,308.0,2.0,16.0,5.0,4.0,3.0,3.0,7.0,0.0,0.0,,0.0,,
2025,308.0,2.0,12.0,5.0,4.0,1.0,3.0,3.0,0.0,0.0,,0.0,,
2025,308.0,2.0,9.0,5.0,4.0,1.0,4.0,3.0,0.0,0.0,,0.0,,
2025,1217.0,1.0,24.0,5.0,1.0,4.0,1.0,0.0,400000.0,3.0,1.0,300000.0,1.0,3.0
2025,1127.0,1.0,47.0,1.0,4.0,2.0,1.0,0.0,320000.0,2.0,0.0,150000.0,2.0,1.0
2025,1127.0,2.0,40.0,1.0,4.0,2.0,1.0,0.0,320000.0,3.0,2.0,300000.0,2.0,
2025,1127.0,1.0,20.0,5.0,4.0,3.0,1.0,0.0,320000.0,3.0,2.0,450000.0,2.0,6.0
2025,949.0,2.0,56.0,5.0,1.0,4.0,1.0,0.0,0.0,3.0,1.0,,2.0,7.0
2025,949.0,1.0,32.0,5.0,1.0,3.0,1.0,0.0,0.0,2.0,0.0,,2.0,1.0
2025,949.0,2.0,24.0,5.0,1.0,5.0,3.0,3.0,0.0,0.0,,0.0,,
2025,381.0,1.0,71.0,2.0,1.0,6.0,3.0,1.0,550000.0,0.0,,0.0,,
2025,381.0,2.0,71.0,2.0,1.0,6.0,3.0,1.0,550000.0,0.0,,0.0,,
2025,2039.0,2.0,85.0,4.0,1.0,3.0,3.0,1.0,585000.0,0.0,,0.0,,
2025,1908.0,2.0,84.0,4.0,1.0,1.0,3.0,4.0,415000.0,0.0,,0.0,,
2025,1908.0,1.0,60.0,5.0,1.0,5.0,3.0,4.0,415000.0,0.0,,0.0,,
2025,1131.0,2.0,80.0,4.0,1.0,2.0,3.0,1.0,0.0,0.0,,0.0,,
2025,1131.0,2.0,57.0,5.0,4.0,5.0,3.0,6.0,0.0,0.0,,0.0,,
2025,1131.0,1.0,55.0,5.0,1.0,2.0,1.0,0.0,0.0,3.0,1.0,,2.0,
2025,694.0,1.0,53.0,2.0,2.0,3.0,1.0,0.0,0.0,3.0,2.0,,2.0,12.0
2025,694.0,2.0,50.0,2.0,2.0,6.0,3.0,7.0,0.0,0.0,,0.0,,
2025,694.0,2.0,19.0,5.0,2.0,5.0,3.0,3.0,0.0,0.0,,0.0,,
2025,694.0,2.0,17.0,5.0,2.0,3.0,3.0,3.0,0.0,0.0,,0.0,,
2025,694.0,1.0,15.0,5.0,2.0,3.0,3.0,3.0,0.0,0.0,,0.0,,
2025,4918.0,2.0,27.0,2.0,4.0,4.0,3.0,4.0,224000.0,0.0,,0.0,,
2025,4918.0,1.0,31.0,2.0,1.0,2.0,1.0,0.0,224000.0,3.0,1.0,720000.0,2.0,6.0
2025,2618.0,1.0,62.0,3.0,1.0,4.0,3.0,1.0,0.0,0.0,,0.0,,
2025,2618.0,1.0,30.0,5.0,1.0,4.0,1.0,0.0,0.0,3.0,1.0,,2.0,6.0
2025,2618.0,2.0,28.0,5.0,1.0,6.0,1.0,0.0,0.0,3.0,1.0,,1.0,12.0
2025,2618.0,2.0,23.0,5.0,1.0,5.0,1.0,0.0,0.0,3.0,1.0,,2.0,
2025,2618.0,1.0,7.0,5.0,1.0,1.0,4.0,3.0,0.0,0.0,,0.0,,
2025,2108.0,2.0,73.0,4.0,1.0,4.0,3.0,1.0,520000.0,0.0,,0.0,,
2025,947.0,2.0,45.0,2.0,1.0,6.0,1.0,0.0,1050000.0,2.0,0.0,100000.0,2.0,1.0
2025,947.0,1.0,58.0,2.0,1.0,6.0,1.0,0.0,1050000.0,2.0,0.0,2000000.0,2.0,1.0
2025,631.0,2.0,85.0,4.0,1.0,1.0,3.0,1.0,0.0,0.0,,0.0,,
2025,2089.0,1.0,52.0,3.0,4.0,3.0,1.0,0.0,690000.0,2.0,0.0,1100000.0,2.0,1.0
2025,2089.0,2.0,74.0,4.0,1.0,1.0,3.0,1.0,690000.0,0.0,,0.0,,
2025,2089.0,2.0,55.0,5.0,1.0,5.0,3.0,7.0,690000.0,0.0,,0.0,,
2025,2933.0,2.0,45.0,3.0,4.0,4.0,1.0,0.0,200000.0,3.0,2.0,600000.0,2.0,
2025,2933.0,2.0,23.0,5.0,1.0,4.0,1.0,0.0,200000.0,3.0,1.0,300000.0,2.0,6.0
2025,308.0,2.0,8.0,5.0,4.0,1.0,4.0,3.0,0.0,0.0,,0.0,,
2025,3376.0,1.0,73.0,4.0,1.0,1.0,3.0,7.0,0.0,0.0,,0.0,,
2025,3376.0,2.0,50.0,1.0,4.0,3.0,1.0,0.0,0.0,3.0,2.0,78000.0,1.0,6.0
2025,3376.0,1.0,51.0,1.0,4.0,3.0,1.0,0.0,0.0,3.0,2.0,,2.0,
2025,3376.0,1.0,17.0,5.0,4.0,3.0,3.0,3.0,0.0,0.0,,0.0,,
2025,3376.0,2.0,9.0,5.0,4.0,1.0,4.0,3.0,0.0,0.0,,0.0,,
2025,1919.0,1.0,7.0,5.0,4.0,1.0,4.0,3.0,0.0,0.0,,0.0,,
2025,1919.0,1.0,61.0,3.0,1.0,5.0,1.0,0.0,0.0,1.0,0.0,900000.0,2.0,2.0
2025,1919.0,2.0,89.0,4.0,1.0,2.0,3.0,1.0,0.0,0.0,,0.0,,
2025,1919.0,2.0,57.0,5.0,1.0,4.0,1.0,0.0,0.0,3.0,1.0,,1.0,
2025,1919.0,2.0,32.0,5.0,4.0,4.0,1.0,0.0,0.0,3.0,2.0,,2.0,
2025,1465.0,1.0,73.0,2.0,1.0,4.0,1.0,0.0,582500.0,3.0,2.0,0.0,2.0,
2025,4778.0,2.0,25.0,1.0,4.0,3.0,3.0,4.0,0.0,0.0,,0.0,,
2025,4918.0,2.0,7.0,5.0,4.0,1.0,4.0,3.0,224000.0,0.0,,0.0,,
2025,4918.0,1.0,5.0,5.0,4.0,7.0,4.0,5.0,224000.0,0.0,,0.0,,
2025,4918.0,2.0,2.0,5.0,4.0,7.0,4.0,5.0,224000.0,0.0,,0.0,,
2025,2959.0,1.0,79.0,2.0,1.0,3.0,3.0,1.0,400000.0,0.0,,0.0,,
2025,2959.0,2.0,70.0,2.0,1.0,3.0,3.0,4.0,400000.0,0.0,,0.0,,
2025,3201.0,2.0,38.0,1.0,4.0,4.0,1.0,0.0,166666.67,3.0,2.0,200000.0,2.0,
2025,3201.0,2.0,14.0,5.0,4.0,3.0,3.0,3.0,166666.67,0.0,,0.0,,
2025,1313.0,2.0,55.0,2.0,1.0,2.0,3.0,4.0,0.0,0.0,,0.0,,
2025,1313.0,1.0,65.0,2.0,1.0,2.0,3.0,1.0,0.0,0.0,,0.0,,
2025,1313.0,2.0,21.0,5.0,4.0,4.0,1.0,0.0,0.0,2.0,0.0,,2.0,1.0
2025,1313.0,2.0,22.0,5.0,4.0,4.0,2.0,0.0,0.0,3.0,,0.0,,
2025,3480.0,1.0,41.0,1.0,4.0,2.0,1.0,0.0,472666.67,2.0,0.0,1200000.0,2.0,1.0
2025,2427.0,2.0,40.0,2.0,1.0,6.0,1.0,0.0,1366666.67,1.0,0.0,800000.0,2.0,2.0
2025,2427.0,1.0,4.0,5.0,1.0,7.0,4.0,5.0,1366666.67,0.0,,0.0,,
2025,2427.0,1.0,50.0,2.0,1.0,6.0,1.0,0.0,1366666.67,1.0,0.0,2500000.0,2.0,
2025,2933.0,2.0,18.0,5.0,4.0,3.0,3.0,3.0,200000.0,0.0,,0.0,,
2025,2933.0,2.0,16.0,5.0,4.0,3.0,3.0,3.0,200000.0,0.0,,0.0,,
2025,2933.0,2.0,15.0,5.0,4.0,3.0,3.0,3.0,200000.0,0.0,,0.0,,
2025,2933.0,2.0,12.0,5.0,4.0,3.0,3.0,3.0,200000.0,0.0,,0.0,,
2025,1937.0,1.0,57.0,3.0,4.0,2.0,1.0,0.0,0.0,2.0,0.0,,2.0,1.0
2025,1937.0,2.0,25.0,5.0,4.0,4.0,1.0,0.0,0.0,2.0,0.0,400000.0,2.0,1.0
2025,1937.0,1.0,19.0,5.0,4.0,3.0,3.0,3.0,0.0,0.0,,0.0,,
2025,2086.0,1.0,41.0,5.0,3.0,4.0,1.0,0.0,0.0,2.0,0.0,,2.0,1.0
2025,1353.0,1.0,72.0,2.0,1.0,3.0,3.0,1.0,380000.0,0.0,,0.0,,
2025,1353.0,2.0,72.0,2.0,1.0,3.0,3.0,7.0,380000.0,0.0,,0.0,,
2025,1465.0,2.0,72.0,2.0,1.0,4.0,3.0,4.0,582500.0,0.0,,0.0,,
2025,4778.0,1.0,27.0,1.0,4.0,4.0,1.0,0.0,0.0,2.0,0.0,,2.0,1.0
2025,4778.0,2.0,8.0,5.0,4.0,1.0,4.0,3.0,0.0,0.0,,0.0,,
2025,4778.0,2.0,4.0,5.0,4.0,7.0,4.0,5.0,0.0,0.0,,0.0,,
2025,4778.0,2.0,1.0,5.0,4.0,7.0,4.0,5.0,0.0,0.0,,0.0,,
2025,1844.0,2.0,48.0,2.0,4.0,3.0,3.0,4.0,583750.0,0.0,,0.0,,
2025,1844.0,1.0,47.0,2.0,4.0,4.0,1.0,0.0,583750.0,3.0,2.0,1000000.0,2.0,
2025,1844.0,1.0,16.0,5.0,4.0,3.0,3.0,3.0,583750.0,0.0,,0.0,,
2025,1844.0,1.0,21.0,5.0,1.0,4.0,1.0,0.0,583750.0,3.0,1.0,1200000.0,2.0,9.0
2025,1713.0,2.0,84.0,4.0,1.0,2.0,3.0,1.0,640000.0,0.0,,0.0,,
2025,1020.0,2.0,55.0,3.0,4.0,4.0,3.0,4.0,0.0,0.0,,0.0,,
2025,1020.0,1.0,36.0,3.0,4.0,4.0,1.0,0.0,0.0,3.0,2.0,,2.0,
2025,1125.0,2.0,93.0,4.0,1.0,1.0,3.0,6.0,0.0,0.0,,0.0,,
2025,1125.0,1.0,71.0,5.0,4.0,4.0,1.0,0.0,0.0,2.0,0.0,,2.0,1.0
2025,1125.0,1.0,63.0,5.0,4.0,5.0,3.0,3.0,0.0,0.0,,0.0,,
2025,3201.0,1.0,2.0,5.0,4.0,7.0,4.0,5.0,166666.67,0.0,,0.0,,
2025,492.0,1.0,73.0,4.0,1.0,3.0,3.0,4.0,0.0,0.0,,0.0,,
2025,3480.0,2.0,32.0,1.0,4.0,5.0,1.0,0.0,472666.67,3.0,2.0,78000.0,1.0,
2025,3480.0,2.0,13.0,5.0,4.0,3.0,3.0,3.0,472666.67,0.0,,0.0,,
2025,2915.0,1.0,73.0,2.0,1.0,3.0,3.0,4.0,191250.0,0.0,,0.0,,
2025,2915.0,2.0,62.0,2.0,1.0,3.0,3.0,4.0,191250.0,0.0,,0.0,,
2025,2915.0,2.0,28.0,5.0,1.0,5.0,1.0,0.0,191250.0,3.0,1.0,150000.0,1.0,
2025,2915.0,1.0,4.0,5.0,1.0,7.0,4.0,5.0,191250.0,0.0,,0.0,,
2025,1588.0,1.0,76.0,1.0,1.0,1.0,3.0,1.0,330000.0,0.0,,0.0,,
2025,1588.0,2.0,70.0,1.0,1.0,1.0,3.0,4.0,330000.0,0.0,,0.0,,
2025,405.0,1.0,27.0,1.0,1.0,4.0,2.0,0.0,0.0,2.0,,0.0,,
2025,405.0,2.0,29.0,1.0,1.0,4.0,1.0,0.0,0.0,3.0,1.0,,2.0,
2025,972.0,2.0,47.0,1.0,1.0,4.0,1.0,0.0,0.0,3.0,1.0,900000.0,2.0,11.0
2025,972.0,1.0,56.0,1.0,1.0,3.0,1.0,0.0,0.0,3.0,1.0,1800000.0,2.0,
2025,972.0,1.0,19.0,5.0,1.0,4.0,1.0,0.0,0.0,2.0,0.0,,2.0,1.0
2025,972.0,2.0,20.0,5.0,1.0,4.0,1.0,0.0,0.0,3.0,2.0,500000.0,2.0,7.0
2025,847.0,2.0,55.0,5.0,1.0,6.0,1.0,0.0,0.0,2.0,0.0,,2.0,1.0
2025,1061.0,1.0,51.0,2.0,1.0,2.0,1.0,0.0,725000.0,3.0,1.0,1300000.0,2.0,10.0
2025,1061.0,2.0,47.0,2.0,4.0,4.0,1.0,0.0,725000.0,2.0,0.0,150000.0,2.0,1.0
2025,2395.0,1.0,42.0,5.0,1.0,6.0,1.0,0.0,1000000.0,3.0,1.0,2000000.0,2.0,8.0
2025,2395.0,1.0,8.0,5.0,1.0,1.0,4.0,3.0,1000000.0,0.0,,0.0,,
2025,2257.0,1.0,25.0,5.0,4.0,3.0,3.0,3.0,188500.0,0.0,,0.0,,
2025,2257.0,1.0,15.0,5.0,4.0,3.0,3.0,3.0,188500.0,0.0,,0.0,,
2025,2257.0,2.0,14.0,5.0,4.0,3.0,3.0,3.0,188500.0,0.0,,0.0,,
2025,2257.0,2.0,9.0,5.0,4.0,1.0,4.0,3.0,188500.0,0.0,,0.0,,
2025,1122.0,1.0,67.0,2.0,1.0,5.0,1.0,0.0,1140000.0,3.0,2.0,1200000.0,2.0,2.0
2025,1122.0,2.0,66.0,2.0,12.0,3.0,3.0,4.0,1140000.0,0.0,,0.0,,
2025,1297.0,1.0,70.0,2.0,1.0,6.0,1.0,0.0,0.0,3.0,1.0,,2.0,
2025,1297.0,2.0,64.0,2.0,1.0,5.0,3.0,4.0,0.0,0.0,,0.0,,
2025,1816.0,2.0,89.0,1.0,1.0,2.0,3.0,1.0,0.0,0.0,,0.0,,
2025,1816.0,1.0,68.0,5.0,1.0,3.0,3.0,3.0,0.0,0.0,,0.0,,
2025,1838.0,1.0,36.0,5.0,1.0,6.0,2.0,0.0,0.0,3.0,,0.0,,
2025,2353.0,1.0,88.0,4.0,12.0,6.0,3.0,1.0,1440000.0,0.0,,0.0,,
2025,2353.0,2.0,89.0,5.0,12.0,6.0,3.0,1.0,1440000.0,0.0,,0.0,,
2025,2353.0,2.0,50.0,5.0,12.0,1.0,3.0,6.0,1440000.0,0.0,,0.0,,
2025,1673.0,1.0,41.0,5.0,1.0,6.0,1.0,0.0,2000000.0,3.0,1.0,900000.0,1.0,9.0
2025,2054.0,1.0,50.0,1.0,4.0,3.0,1.0,0.0,133333.33,2.0,0.0,400000.0,2.0,1.0
2025,2054.0,2.0,45.0,1.0,4.0,2.0,2.0,0.0,133333.33,3.0,,0.0,,
2025,2054.0,2.0,8.0,5.0,4.0,1.0,4.0,3.0,133333.33,0.0,,0.0,,
2025,605.0,2.0,62.0,3.0,1.0,6.0,1.0,0.0,1350000.0,3.0,1.0,700000.0,1.0,6.0
2025,605.0,2.0,25.0,5.0,1.0,4.0,1.0,0.0,1350000.0,3.0,1.0,600000.0,2.0,
2025,1491.0,1.0,53.0,1.0,1.0,4.0,1.0,0.0,625000.0,3.0,1.0,1050000.0,2.0,1.0
2025,1491.0,2.0,58.0,1.0,1.0,4.0,1.0,0.0,625000.0,2.0,0.0,200000.0,2.0,1.0
2025,1464.0,1.0,21.0,5.0,1.0,5.0,1.0,0.0,3600000.0,3.0,1.0,1800000.0,2.0,
2025,1464.0,2.0,55.0,4.0,12.0,4.0,1.0,0.0,3600000.0,2.0,0.0,2000000.0,2.0,2.0
2025,1850.0,2.0,40.0,5.0,4.0,3.0,1.0,0.0,413333.33,2.0,0.0,400000.0,2.0,1.0
2025,1850.0,2.0,21.0,5.0,4.0,4.0,1.0,0.0,413333.33,3.0,2.0,700000.0,2.0,5.0
2025,329.0,1.0,40.0,2.0,2.0,1.0,1.0,0.0,166666.67,3.0,1.0,1000000.0,2.0,10.0
2025,329.0,2.0,38.0,2.0,2.0,4.0,3.0,4.0,166666.67,0.0,,0.0,,
2025,329.0,1.0,17.0,5.0,4.0,3.0,3.0,3.0,166666.67,0.0,,0.0,,
2025,329.0,1.0,15.0,5.0,4.0,3.0,3.0,3.0,166666.67,0.0,,0.0,,
2025,329.0,2.0,9.0,5.0,2.0,1.0,4.0,3.0,166666.67,0.0,,0.0,,
2025,329.0,2.0,6.0,5.0,4.0,1.0,4.0,3.0,166666.67,0.0,,0.0,,
2025,2257.0,2.0,4.0,5.0,4.0,7.0,4.0,5.0,188500.0,0.0,,0.0,,
2025,2257.0,2.0,46.0,2.0,4.0,2.0,3.0,4.0,188500.0,0.0,,0.0,,
2025,2257.0,1.0,22.0,5.0,4.0,5.0,3.0,3.0,188500.0,0.0,,0.0,,
2025,2257.0,1.0,54.0,2.0,1.0,2.0,1.0,0.0,188500.0,2.0,0.0,1200000.0,2.0,1.0
2025,3412.0,2.0,28.0,5.0,1.0,6.0,1.0,0.0,1840000.0,2.0,0.0,200000.0,2.0,5.0
2025,7490.0,2.0,78.0,4.0,1.0,1.0,3.0,4.0,385000.0,0.0,,0.0,,
2025,2624.0,2.0,57.0,3.0,4.0,2.0,1.0,0.0,176000.0,3.0,2.0,78000.0,1.0,5.0
2025,2624.0,1.0,17.0,5.0,3.0,1.0,3.0,3.0,176000.0,0.0,,0.0,,
2025,2624.0,2.0,18.0,5.0,4.0,3.0,3.0,3.0,176000.0,0.0,,0.0,,
2025,2730.0,1.0,32.0,1.0,1.0,4.0,1.0,0.0,460000.0,3.0,1.0,1800000.0,2.0,7.0
2025,2730.0,2.0,32.0,1.0,1.0,4.0,1.0,0.0,460000.0,2.0,0.0,500000.0,2.0,1.0
2025,2730.0,2.0,13.0,5.0,1.0,3.0,3.0,3.0,460000.0,0.0,,0.0,,
2025,2730.0,2.0,9.0,5.0,1.0,1.0,4.0,3.0,460000.0,0.0,,0.0,,
2025,2730.0,1.0,5.0,5.0,1.0,7.0,4.0,5.0,460000.0,0.0,,0.0,,
2025,1363.0,1.0,60.0,1.0,1.0,4.0,3.0,4.0,0.0,0.0,,0.0,,
2025,1363.0,2.0,57.0,1.0,4.0,4.0,3.0,4.0,0.0,0.0,,0.0,,
2025,1363.0,1.0,23.0,5.0,4.0,4.0,1.0,0.0,0.0,3.0,2.0,,2.0,4.0
2025,1997.0,1.0,27.0,1.0,4.0,3.0,2.0,0.0,433333.33,3.0,,0.0,,
2025,1997.0,2.0,30.0,1.0,4.0,3.0,3.0,4.0,433333.33,0.0,,0.0,,
2025,1997.0,1.0,6.0,5.0,4.0,1.0,4.0,3.0,433333.33,0.0,,0.0,,
2025,1970.0,1.0,47.0,2.0,1.0,2.0,1.0,0.0,0.0,3.0,1.0,1800000.0,2.0,9.0
2025,1970.0,2.0,49.0,2.0,1.0,2.0,1.0,0.0,0.0,3.0,1.0,,2.0,
2025,4318.0,1.0,13.0,5.0,4.0,3.0,3.0,3.0,0.0,0.0,,0.0,,
2025,4318.0,1.0,7.0,5.0,4.0,1.0,4.0,3.0,0.0,0.0,,0.0,,
2025,4318.0,2.0,4.0,5.0,4.0,7.0,4.0,5.0,0.0,0.0,,0.0,,
2025,1668.0,1.0,61.0,5.0,4.0,2.0,1.0,0.0,120000.0,2.0,0.0,120000.0,2.0,1.0
2025,2969.0,1.0,80.0,1.0,4.0,2.0,1.0,0.0,0.0,3.0,2.0,1000000.0,2.0,2.0
2025,2969.0,2.0,59.0,1.0,4.0,2.0,1.0,0.0,0.0,3.0,2.0,600000.0,2.0,
2025,2969.0,1.0,35.0,1.0,4.0,3.0,1.0,0.0,0.0,3.0,2.0,800000.0,2.0,5.0
2025,2969.0,2.0,23.0,1.0,4.0,5.0,3.0,3.0,0.0,0.0,,0.0,,
2025,2969.0,2.0,1.0,5.0,4.0,7.0,4.0,5.0,0.0,0.0,,0.0,,
2025,1868.0,1.0,53.0,1.0,4.0,7.0,1.0,0.0,140250.0,2.0,0.0,300000.0,2.0,1.0
2025,1868.0,2.0,45.0,1.0,4.0,7.0,3.0,4.0,140250.0,0.0,,0.0,,
2025,1868.0,1.0,17.0,5.0,4.0,3.0,3.0,3.0,140250.0,0.0,,0.0,,
2025,1868.0,2.0,13.0,5.0,4.0,3.0,3.0,3.0,140250.0,0.0,,0.0,,
2025,1132.0,2.0,12.0,5.0,1.0,1.0,3.0,3.0,450000.0,0.0,,0.0,,
2025,1132.0,1.0,16.0,5.0,1.0,3.0,3.0,3.0,450000.0,0.0,,0.0,,
2025,1132.0,1.0,37.0,2.0,1.0,4.0,1.0,0.0,450000.0,3.0,1.0,900000.0,1.0,12.0
2025,1132.0,2.0,34.0,2.0,1.0,5.0,1.0,0.0,450000.0,3.0,1.0,900000.0,1.0,12.0
2025,1586.0,1.0,28.0,5.0,1.0,6.0,3.0,4.0,500333.33,0.0,,0.0,,
2025,1983.0,1.0,80.0,2.0,2.0,6.0,3.0,1.0,4900000.0,0.0,,0.0,,
2025,1983.0,1.0,68.0,2.0,2.0,6.0,1.0,0.0,4900000.0,1.0,0.0,6000000.0,2.0,2.0
2025,1404.0,1.0,73.0,2.0,1.0,4.0,3.0,1.0,384305.0,0.0,,0.0,,
2025,1404.0,2.0,69.0,2.0,1.0,4.0,3.0,6.0,384305.0,0.0,,0.0,,
2025,228.0,1.0,16.0,5.0,1.0,3.0,3.0,3.0,0.0,0.0,,0.0,,
2025,228.0,2.0,69.0,3.0,1.0,1.0,3.0,4.0,0.0,0.0,,0.0,,
2025,228.0,2.0,47.0,5.0,1.0,4.0,3.0,4.0,0.0,0.0,,0.0,,
2025,228.0,1.0,40.0,5.0,1.0,3.0,1.0,0.0,0.0,3.0,1.0,,2.0,
2025,1359.0,2.0,61.0,2.0,1.0,4.0,1.0,0.0,0.0,3.0,1.0,900000.0,2.0,
2025,1359.0,1.0,64.0,2.0,4.0,2.0,1.0,0.0,0.0,2.0,0.0,,2.0,1.0
2025,1359.0,2.0,25.0,5.0,1.0,5.0,1.0,0.0,0.0,3.0,1.0,500000.0,2.0,5.0
2025,1359.0,1.0,32.0,5.0,4.0,3.0,1.0,0.0,0.0,2.0,0.0,,2.0,1.0
2025,2643.0,2.0,24.0,1.0,1.0,5.0,1.0,0.0,1192500.0,3.0,1.0,700000.0,2.0,3.0
2025,2776.0,1.0,57.0,1.0,1.0,5.0,1.0,0.0,0.0,3.0,1.0,1800000.0,2.0,7.0
2025,2776.0,2.0,53.0,1.0,1.0,6.0,1.0,0.0,0.0,3.0,1.0,2100000.0,1.0,11.0
2025,2776.0,1.0,23.0,5.0,1.0,4.0,1.0,0.0,0.0,3.0,2.0,1200000.0,2.0,7.0
2025,2776.0,2.0,19.0,5.0,1.0,5.0,3.0,3.0,0.0,0.0,,0.0,,
2025,2776.0,1.0,14.0,5.0,1.0,3.0,3.0,3.0,0.0,0.0,,0.0,,
2025,2097.0,2.0,51.0,1.0,2.0,6.0,1.0,0.0,0.0,2.0,0.0,,2.0,1.0
2025,2097.0,1.0,40.0,1.0,2.0,6.0,2.0,0.0,0.0,1.0,,0.0,,
2025,1685.0,1.0,69.0,1.0,1.0,2.0,1.0,0.0,461500.0,2.0,0.0,30000.0,2.0,1.0
2025,1685.0,2.0,65.0,1.0,1.0,2.0,3.0,4.0,461500.0,0.0,,0.0,,
2025,1685.0,2.0,25.0,5.0,1.0,6.0,1.0,0.0,461500.0,3.0,2.0,676000.0,2.0,
2025,1685.0,2.0,24.0,5.0,4.0,4.0,2.0,0.0,461500.0,2.0,,0.0,,
2025,1702.0,2.0,67.0,2.0,1.0,2.0,3.0,4.0,480000.0,0.0,,0.0,,
2025,1702.0,1.0,74.0,2.0,1.0,3.0,3.0,1.0,480000.0,0.0,,0.0,,
2025,1702.0,1.0,28.0,3.0,1.0,4.0,1.0,0.0,480000.0,2.0,0.0,0.0,2.0,1.0
2025,1289.0,1.0,65.0,1.0,4.0,1.0,1.0,0.0,0.0,3.0,2.0,,2.0,1.0
2025,1289.0,2.0,64.0,1.0,1.0,1.0,3.0,4.0,0.0,0.0,,0.0,,
2025,3735.0,1.0,13.0,5.0,4.0,3.0,3.0,3.0,202500.0,0.0,,0.0,,
2025,3735.0,2.0,12.0,5.0,4.0,1.0,3.0,3.0,202500.0,0.0,,0.0,,
2025,2034.0,1.0,51.0,2.0,1.0,3.0,1.0,0.0,420000.0,3.0,2.0,480000.0,2.0,2.0
2025,2034.0,2.0,51.0,2.0,1.0,5.0,1.0,0.0,420000.0,3.0,1.0,1000000.0,1.0,
2025,2034.0,2.0,21.0,5.0,1.0,5.0,1.0,0.0,420000.0,3.0,1.0,130000.0,2.0,8.0
2025,2034.0,2.0,18.0,5.0,1.0,3.0,3.0,3.0,420000.0,0.0,,0.0,,
2025,2120.0,2.0,65.0,2.0,1.0,4.0,3.0,1.0,390000.0,0.0,,0.0,,
2025,2120.0,1.0,74.0,2.0,1.0,2.0,3.0,4.0,390000.0,0.0,,0.0,,
2025,1537.0,1.0,64.0,2.0,1.0,6.0,1.0,0.0,0.0,3.0,1.0,,2.0,11.0
2025,1537.0,2.0,63.0,2.0,1.0,6.0,1.0,0.0,0.0,3.0,2.0,,2.0,11.0
2025,2351.0,2.0,65.0,1.0,1.0,2.0,3.0,4.0,0.0,0.0,,0.0,,
2025,2351.0,1.0,63.0,1.0,4.0,1.0,3.0,7.0,0.0,0.0,,0.0,,
2025,2351.0,1.0,31.0,5.0,1.0,2.0,1.0,0.0,0.0,3.0,2.0,,2.0,
2025,2351.0,1.0,13.0,5.0,4.0,3.0,3.0,3.0,0.0,0.0,,0.0,,
2025,7427.0,2.0,50.0,1.0,1.0,2.0,1.0,0.0,0.0,3.0,1.0,,2.0,9.0
2025,7427.0,1.0,49.0,1.0,3.0,5.0,3.0,4.0,0.0,0.0,,0.0,,
2025,7427.0,1.0,18.0,5.0,1.0,3.0,3.0,3.0,0.0,0.0,,0.0,,
2025,7427.0,2.0,19.0,5.0,1.0,1.0,3.0,6.0,0.0,0.0,,0.0,,
2025,2368.0,1.0,47.0,1.0,4.0,2.0,1.0,0.0,0.0,3.0,2.0,,2.0,5.0
2025,2368.0,2.0,70.0,4.0,1.0,2.0,3.0,4.0,0.0,0.0,,0.0,,
2025,2368.0,2.0,47.0,1.0,4.0,2.0,1.0,0.0,0.0,3.0,2.0,,2.0,5.0
2025,2747.0,1.0,10.0,5.0,1.0,1.0,3.0,3.0,254000.0,0.0,,0.0,,
2025,2747.0,1.0,1.0,5.0,1.0,7.0,4.0,5.0,254000.0,0.0,,0.0,,
2025,2747.0,2.0,36.0,1.0,4.0,2.0,3.0,4.0,254000.0,0.0,,0.0,,
2025,2747.0,1.0,40.0,1.0,1.0,2.0,1.0,0.0,254000.0,3.0,1.0,1000000.0,2.0,6.0
2025,2747.0,2.0,13.0,5.0,1.0,1.0,3.0,3.0,254000.0,0.0,,0.0,,
2025,2828.0,1.0,51.0,2.0,1.0,2.0,1.0,0.0,0.0,2.0,0.0,,2.0,1.0
2025,2828.0,2.0,48.0,2.0,1.0,5.0,3.0,4.0,0.0,0.0,,0.0,,
2025,2828.0,1.0,12.0,5.0,1.0,3.0,3.0,3.0,0.0,0.0,,0.0,,
2025,2828.0,2.0,15.0,5.0,1.0,3.0,3.0,3.0,0.0,0.0,,0.0,,
2025,442.0,2.0,39.0,5.0,2.0,5.0,1.0,0.0,2500000.0,2.0,0.0,2500000.0,2.0,1.0
2025,321.0,2.0,64.0,5.0,1.0,1.0,3.0,1.0,385000.0,0.0,,0.0,,
2025,321.0,1.0,28.0,5.0,4.0,4.0,1.0,0.0,385000.0,3.0,2.0,400000.0,2.0,6.0
2025,1624.0,2.0,11.0,5.0,4.0,1.0,3.0,3.0,0.0,0.0,,0.0,,
2025,1624.0,1.0,42.0,1.0,4.0,3.0,1.0,0.0,0.0,3.0,2.0,,2.0,5.0
2025,1624.0,1.0,17.0,5.0,4.0,3.0,3.0,3.0,0.0,0.0,,0.0,,
2025,1624.0,2.0,43.0,5.0,4.0,3.0,3.0,4.0,0.0,0.0,,0.0,,
2025,1763.0,1.0,56.0,3.0,4.0,2.0,1.0,0.0,320000.0,2.0,0.0,300000.0,2.0,1.0
2025,1772.0,1.0,72.0,3.0,1.0,5.0,3.0,1.0,384000.0,0.0,,0.0,,
2025,1115.0,2.0,64.0,4.0,1.0,3.0,3.0,1.0,309294.0,0.0,,0.0,,
2025,1207.0,1.0,41.0,2.0,1.0,3.0,1.0,0.0,300000.0,3.0,1.0,800000.0,2.0,12.0
2025,1207.0,2.0,39.0,2.0,1.0,5.0,3.0,4.0,300000.0,0.0,,0.0,,
2025,1207.0,2.0,12.0,5.0,1.0,1.0,3.0,3.0,300000.0,0.0,,0.0,,
2025,1207.0,2.0,4.0,5.0,1.0,7.0,4.0,5.0,300000.0,0.0,,0.0,,
2025,843.0,2.0,62.0,1.0,1.0,1.0,1.0,0.0,0.0,2.0,0.0,800000.0,2.0,2.0
2025,843.0,1.0,62.0,1.0,1.0,1.0,1.0,0.0,0.0,2.0,0.0,,2.0,1.0
2025,1714.0,2.0,73.0,4.0,1.0,2.0,1.0,0.0,1020000.0,3.0,2.0,320000.0,2.0,
2025,2368.0,2.0,23.0,5.0,4.0,4.0,1.0,0.0,0.0,3.0,2.0,,2.0,5.0
2025,2368.0,1.0,19.0,5.0,4.0,4.0,1.0,0.0,0.0,3.0,2.0,,2.0,5.0
2025,3278.0,1.0,55.0,2.0,1.0,4.0,1.0,0.0,0.0,3.0,1.0,700000.0,2.0,12.0
2025,3278.0,2.0,42.0,2.0,1.0,4.0,2.0,0.0,0.0,3.0,,0.0,,
2025,3278.0,2.0,7.0,5.0,1.0,1.0,4.0,3.0,0.0,0.0,,0.0,,
2025,3278.0,1.0,20.0,5.0,4.0,3.0,1.0,0.0,0.0,3.0,2.0,,2.0,
2025,2618.0,1.0,60.0,2.0,1.0,3.0,1.0,0.0,390000.0,3.0,1.0,1200000.0,1.0,10.0
2025,1377.0,1.0,25.0,5.0,1.0,4.0,1.0,0.0,0.0,3.0,2.0,,2.0,
2025,1377.0,2.0,57.0,3.0,1.0,4.0,1.0,0.0,0.0,3.0,1.0,,2.0,
2025,1377.0,2.0,21.0,5.0,1.0,3.0,3.0,3.0,0.0,0.0,,0.0,,
2025,132.0,1.0,24.0,1.0,4.0,6.0,1.0,0.0,0.0,3.0,2.0,300000.0,2.0,5.0
2025,891.0,2.0,50.0,2.0,1.0,4.0,1.0,0.0,0.0,3.0,1.0,1100000.0,2.0,6.0
2025,891.0,1.0,59.0,2.0,1.0,2.0,1.0,0.0,0.0,2.0,0.0,,2.0,1.0
2025,891.0,2.0,17.0,5.0,1.0,3.0,3.0,3.0,0.0,0.0,,0.0,,
2025,2782.0,2.0,81.0,4.0,1.0,2.0,3.0,4.0,0.0,0.0,,0.0,,
2025,1008.0,1.0,53.0,5.0,1.0,1.0,3.0,4.0,0.0,0.0,,0.0,,
2025,779.0,2.0,46.0,2.0,1.0,2.0,3.0,4.0,0.0,0.0,,0.0,,
2025,1187.0,2.0,60.0,5.0,1.0,4.0,1.0,0.0,650000.0,2.0,0.0,300000.0,2.0,1.0
2025,1763.0,2.0,73.0,2.0,1.0,2.0,3.0,1.0,320000.0,0.0,,0.0,,
2025,1763.0,1.0,76.0,2.0,1.0,2.0,3.0,1.0,320000.0,0.0,,0.0,,
2025,1786.0,2.0,71.0,2.0,1.0,2.0,3.0,4.0,425000.0,0.0,,0.0,,
2025,1786.0,1.0,73.0,2.0,1.0,3.0,3.0,1.0,425000.0,0.0,,0.0,,
2025,3312.0,2.0,52.0,4.0,4.0,1.0,1.0,0.0,0.0,2.0,0.0,,2.0,1.0
2025,3312.0,1.0,24.0,5.0,4.0,4.0,1.0,0.0,0.0,3.0,2.0,,2.0,
2025,3312.0,2.0,22.0,5.0,4.0,4.0,1.0,0.0,0.0,3.0,2.0,,2.0,
2025,3312.0,1.0,12.0,5.0,4.0,3.0,3.0,3.0,0.0,0.0,,0.0,,
2025,3017.0,1.0,23.0,2.0,1.0,4.0,1.0,0.0,0.0,1.0,0.0,,2.0,3.0
2025,3017.0,2.0,23.0,2.0,1.0,4.0,1.0,0.0,0.0,3.0,2.0,,2.0,
2025,2193.0,2.0,69.0,4.0,1.0,2.0,3.0,1.0,0.0,0.0,,0.0,,
2025,2193.0,1.0,35.0,5.0,1.0,4.0,1.0,0.0,0.0,3.0,1.0,,2.0,
2025,1267.0,1.0,67.0,3.0,1.0,6.0,1.0,0.0,0.0,3.0,2.0,,2.0,6.0
2025,2618.0,2.0,24.0,5.0,4.0,4.0,3.0,7.0,390000.0,0.0,,0.0,,
2025,2618.0,2.0,47.0,2.0,1.0,2.0,3.0,4.0,390000.0,0.0,,0.0,,
2025,2618.0,1.0,1.0,5.0,4.0,7.0,4.0,5.0,390000.0,0.0,,0.0,,
2025,1625.0,2.0,70.0,3.0,1.0,3.0,3.0,1.0,505000.0,0.0,,0.0,,
2025,1918.0,1.0,52.0,2.0,1.0,2.0,3.0,4.0,983333.33,0.0,,0.0,,
2025,1918.0,2.0,55.0,2.0,1.0,6.0,1.0,0.0,983333.33,3.0,1.0,700000.0,1.0,8.0
2025,1918.0,1.0,23.0,5.0,1.0,6.0,1.0,0.0,983333.33,3.0,2.0,700000.0,2.0,
2025,1956.0,1.0,29.0,1.0,1.0,4.0,1.0,0.0,1500000.0,3.0,1.0,1000000.0,2.0,6.0
2025,1956.0,2.0,20.0,1.0,1.0,4.0,1.0,0.0,1500000.0,3.0,1.0,1000000.0,2.0,8.0
2025,4291.0,1.0,50.0,2.0,1.0,5.0,1.0,0.0,293200.0,3.0,1.0,1466000.0,2.0,7.0
2025,4291.0,2.0,48.0,2.0,1.0,6.0,3.0,4.0,293200.0,0.0,,0.0,,
2025,4291.0,1.0,16.0,5.0,1.0,3.0,3.0,3.0,293200.0,0.0,,0.0,,
2025,4291.0,1.0,14.0,5.0,1.0,3.0,3.0,3.0,293200.0,0.0,,0.0,,
2025,4291.0,1.0,11.0,5.0,1.0,1.0,3.0,3.0,293200.0,0.0,,0.0,,
2025,2132.0,2.0,71.0,3.0,1.0,5.0,1.0,0.0,0.0,2.0,0.0,600000.0,2.0,1.0
2025,726.0,2.0,52.0,5.0,4.0,1.0,1.0,0.0,680000.0,2.0,0.0,360000.0,2.0,1.0
2025,779.0,1.0,44.0,2.0,1.0,3.0,1.0,0.0,0.0,3.0,1.0,1800000.0,2.0,
2025,779.0,1.0,24.0,5.0,1.0,1.0,3.0,6.0,0.0,0.0,,0.0,,
2025,1322.0,1.0,48.0,2.0,1.0,4.0,1.0,0.0,917100.0,3.0,1.0,1900000.0,1.0,12.0
2025,1322.0,2.0,45.0,2.0,1.0,4.0,1.0,0.0,917100.0,3.0,1.0,1700000.0,1.0,12.0
2025,1322.0,1.0,16.0,5.0,1.0,3.0,3.0,3.0,917100.0,0.0,,0.0,,
2025,1322.0,2.0,13.0,5.0,1.0,3.0,3.0,3.0,917100.0,0.0,,0.0,,
2025,2014.0,2.0,34.0,5.0,4.0,7.0,2.0,0.0,71428.57,0.0,,0.0,,
2025,2014.0,2.0,14.0,5.0,4.0,3.0,3.0,3.0,71428.57,0.0,,0.0,,
2025,2014.0,1.0,12.0,5.0,4.0,3.0,3.0,3.0,71428.57,0.0,,0.0,,
2025,2014.0,2.0,8.0,5.0,4.0,1.0,4.0,3.0,71428.57,0.0,,0.0,,
2025,2014.0,1.0,7.0,5.0,4.0,1.0,4.0,3.0,71428.57,0.0,,0.0,,
2025,2014.0,1.0,6.0,5.0,4.0,1.0,4.0,3.0,71428.57,0.0,,0.0,,
2025,2014.0,2.0,5.0,5.0,4.0,7.0,4.0,5.0,71428.57,0.0,,0.0,,
2025,561.0,2.0,57.0,2.0,2.0,5.0,3.0,3.0,0.0,0.0,,0.0,,
2025,561.0,1.0,57.0,2.0,2.0,5.0,1.0,0.0,0.0,1.0,0.0,,2.0,3.0
2025,561.0,1.0,23.0,5.0,2.0,4.0,3.0,7.0,0.0,0.0,,0.0,,
2025,1984.0,1.0,48.0,3.0,4.0,2.0,1.0,0.0,0.0,3.0,2.0,,2.0,6.0
2025,1984.0,1.0,16.0,5.0,4.0,3.0,3.0,3.0,0.0,0.0,,0.0,,
2025,710.0,1.0,51.0,2.0,4.0,3.0,1.0,0.0,0.0,2.0,0.0,,2.0,2.0
2025,710.0,2.0,40.0,2.0,4.0,2.0,1.0,0.0,0.0,2.0,0.0,,2.0,2.0
2025,710.0,1.0,23.0,5.0,4.0,2.0,1.0,0.0,0.0,3.0,2.0,,2.0,
2025,710.0,1.0,13.0,5.0,4.0,3.0,3.0,3.0,0.0,0.0,,0.0,,
2025,710.0,1.0,12.0,5.0,4.0,1.0,3.0,3.0,0.0,0.0,,0.0,,
2025,710.0,1.0,9.0,5.0,4.0,1.0,4.0,3.0,0.0,0.0,,0.0,,
2025,710.0,1.0,10.0,5.0,4.0,1.0,3.0,3.0,0.0,0.0,,0.0,,
2025,2947.0,2.0,45.0,3.0,1.0,5.0,1.0,0.0,0.0,3.0,1.0,,2.0,12.0
2025,2947.0,1.0,27.0,1.0,4.0,3.0,1.0,0.0,0.0,2.0,0.0,,2.0,1.0
2025,2947.0,2.0,12.0,5.0,1.0,3.0,3.0,3.0,0.0,0.0,,0.0,,
2025,2947.0,2.0,19.0,4.0,1.0,1.0,3.0,1.0,0.0,0.0,,0.0,,
2025,2947.0,2.0,27.0,1.0,4.0,4.0,3.0,7.0,0.0,0.0,,0.0,,
2025,2947.0,1.0,,5.0,4.0,7.0,4.0,5.0,0.0,0.0,,0.0,,
2025,4051.0,2.0,37.0,1.0,1.0,6.0,2.0,0.0,750000.0,3.0,,0.0,,
2025,4051.0,1.0,41.0,1.0,1.0,4.0,1.0,0.0,750000.0,3.0,1.0,1500000.0,1.0,
2025,4051.0,2.0,1.0,5.0,1.0,7.0,4.0,5.0,750000.0,0.0,,0.0,,
2025,438.0,2.0,39.0,1.0,1.0,6.0,1.0,0.0,2300000.0,3.0,1.0,2100000.0,2.0,10.0
2025,438.0,1.0,37.0,1.0,1.0,6.0,1.0,0.0,2300000.0,2.0,0.0,2500000.0,2.0,2.0
2025,987.0,1.0,71.0,5.0,1.0,4.0,1.0,0.0,950000.0,3.0,2.0,600000.0,2.0,2.0
2025,721.0,2.0,64.0,5.0,1.0,5.0,1.0,0.0,900000.0,3.0,1.0,200000.0,1.0,9.0
2025,1408.0,1.0,48.0,3.0,1.0,6.0,1.0,0.0,3100000.0,3.0,2.0,2000000.0,2.0,8.0
2025,1964.0,2.0,34.0,1.0,4.0,4.0,1.0,0.0,0.0,3.0,2.0,,2.0,2.0
2025,1964.0,2.0,8.0,5.0,4.0,1.0,4.0,3.0,0.0,0.0,,0.0,,
2025,1964.0,2.0,2.0,5.0,4.0,7.0,4.0,5.0,0.0,0.0,,0.0,,
2025,1964.0,1.0,44.0,1.0,4.0,4.0,1.0,0.0,0.0,3.0,2.0,,2.0,2.0
2025,1780.0,1.0,86.0,2.0,2.0,6.0,3.0,1.0,0.0,0.0,,0.0,,
2025,1780.0,2.0,81.0,2.0,2.0,6.0,3.0,1.0,0.0,0.0,,0.0,,
2025,2162.0,1.0,13.0,5.0,4.0,3.0,3.0,3.0,0.0,0.0,,0.0,,
2025,2162.0,2.0,43.0,1.0,4.0,4.0,3.0,4.0,0.0,0.0,,0.0,,
2025,2162.0,1.0,39.0,1.0,4.0,2.0,1.0,0.0,0.0,2.0,0.0,400000.0,2.0,1.0
2025,2162.0,2.0,22.0,5.0,4.0,5.0,2.0,0.0,0.0,3.0,,0.0,,
2025,2162.0,1.0,20.0,5.0,4.0,4.0,2.0,0.0,0.0,0.0,,0.0,,
2025,3607.0,2.0,30.0,5.0,1.0,4.0,1.0,0.0,0.0,3.0,2.0,0.0,2.0,8.0
2025,3607.0,1.0,11.0,5.0,1.0,1.0,3.0,3.0,0.0,0.0,,0.0,,
2025,3607.0,2.0,10.0,5.0,1.0,1.0,3.0,3.0,0.0,0.0,,0.0,,
2025,3607.0,2.0,10.0,5.0,1.0,1.0,3.0,3.0,0.0,0.0,,0.0,,
2025,2741.0,2.0,41.0,5.0,1.0,3.0,1.0,0.0,0.0,3.0,1.0,280000.0,2.0,
2025,2741.0,2.0,65.0,4.0,1.0,4.0,3.0,1.0,0.0,0.0,,0.0,,
2025,2741.0,2.0,29.0,5.0,1.0,4.0,1.0,0.0,0.0,3.0,2.0,,2.0,4.0
2025,807.0,2.0,71.0,4.0,1.0,2.0,3.0,1.0,454000.0,0.0,,0.0,,
2025,807.0,2.0,79.0,4.0,1.0,2.0,3.0,1.0,454000.0,0.0,,0.0,,
2025,807.0,1.0,47.0,1.0,4.0,3.0,1.0,0.0,454000.0,2.0,0.0,700000.0,2.0,2.0
2025,807.0,2.0,44.0,1.0,4.0,3.0,1.0,0.0,454000.0,3.0,2.0,300000.0,2.0,
2025,807.0,1.0,21.0,5.0,4.0,4.0,1.0,0.0,454000.0,3.0,2.0,150000.0,2.0,2.0
2025,1362.0,1.0,58.0,2.0,1.0,2.0,1.0,0.0,0.0,3.0,1.0,,1.0,
2025,1362.0,2.0,55.0,2.0,1.0,2.0,3.0,4.0,0.0,0.0,,0.0,,
2025,1362.0,2.0,27.0,1.0,4.0,4.0,3.0,4.0,0.0,0.0,,0.0,,
2025,3188.0,1.0,31.0,1.0,1.0,6.0,1.0,0.0,313750.0,3.0,2.0,920000.0,1.0,12.0
2025,3188.0,2.0,29.0,1.0,4.0,5.0,1.0,0.0,313750.0,3.0,2.0,60000.0,2.0,6.0
2025,3188.0,1.0,3.0,5.0,4.0,7.0,4.0,5.0,313750.0,0.0,,0.0,,
2025,3188.0,2.0,67.0,4.0,4.0,4.0,3.0,4.0,313750.0,0.0,,0.0,,
2025,7427.0,1.0,55.0,2.0,2.0,4.0,3.0,6.0,1170000.0,0.0,,0.0,,
2025,7427.0,2.0,44.0,2.0,2.0,3.0,1.0,0.0,1170000.0,3.0,2.0,240000.0,2.0,
2025,1072.0,1.0,62.0,2.0,1.0,3.0,1.0,0.0,1079666.67,3.0,2.0,480000.0,2.0,1.0
2025,1072.0,2.0,64.0,2.0,1.0,2.0,3.0,4.0,1079666.67,0.0,,0.0,,
2025,1072.0,1.0,40.0,5.0,4.0,4.0,1.0,0.0,1079666.67,3.0,2.0,1540000.0,2.0,1.0
2025,2149.0,1.0,62.0,5.0,1.0,5.0,1.0,0.0,3000000.0,3.0,1.0,3000000.0,2.0,9.0
2025,3373.0,2.0,54.0,2.0,1.0,6.0,2.0,0.0,0.0,2.0,,0.0,,
2025,3373.0,1.0,54.0,2.0,4.0,2.0,1.0,0.0,0.0,2.0,0.0,40000.0,2.0,1.0
2025,1069.0,1.0,68.0,4.0,1.0,5.0,3.0,1.0,0.0,0.0,,0.0,,
2025,1069.0,1.0,36.0,5.0,4.0,4.0,1.0,0.0,0.0,3.0,2.0,,2.0,3.0
2025,1428.0,2.0,68.0,2.0,1.0,4.0,1.0,0.0,800000.0,3.0,1.0,1800000.0,1.0,12.0
2025,1428.0,1.0,63.0,2.0,1.0,2.0,1.0,0.0,800000.0,3.0,1.0,600000.0,1.0,8.0
2025,1428.0,1.0,43.0,5.0,1.0,1.0,3.0,3.0,800000.0,0.0,,0.0,,
2025,1159.0,1.0,53.0,2.0,1.0,2.0,1.0,0.0,0.0,3.0,1.0,800000.0,2.0,
2025,1159.0,2.0,54.0,2.0,1.0,4.0,1.0,0.0,0.0,3.0,1.0,600000.0,2.0,
2025,1159.0,2.0,25.0,1.0,4.0,3.0,1.0,0.0,0.0,3.0,2.0,,2.0,
2025,1159.0,1.0,23.0,1.0,1.0,2.0,1.0,0.0,0.0,3.0,1.0,800000.0,2.0,
2025,202.0,2.0,87.0,4.0,1.0,2.0,3.0,1.0,0.0,0.0,,0.0,,
2025,1467.0,1.0,12.0,5.0,1.0,1.0,3.0,3.0,1333333.33,0.0,,0.0,,
2025,1467.0,2.0,47.0,2.0,1.0,4.0,1.0,0.0,1333333.33,3.0,1.0,1500000.0,2.0,11.0
2025,1467.0,1.0,46.0,2.0,1.0,6.0,1.0,0.0,1333333.33,3.0,1.0,2500000.0,2.0,7.0
2025,1947.0,1.0,48.0,2.0,1.0,4.0,1.0,0.0,411666.67,3.0,2.0,160000.0,2.0,3.0
2025,1947.0,2.0,53.0,2.0,1.0,6.0,1.0,0.0,411666.67,3.0,1.0,750000.0,2.0,6.0
2025,1947.0,2.0,11.0,5.0,1.0,1.0,3.0,3.0,411666.67,0.0,,0.0,,
2025,1140.0,2.0,75.0,3.0,1.0,5.0,1.0,0.0,0.0,2.0,0.0,,2.0,1.0
2025,1140.0,2.0,39.0,3.0,2.0,4.0,1.0,0.0,0.0,2.0,0.0,,2.0,1.0
2025,1140.0,1.0,16.0,5.0,2.0,3.0,3.0,3.0,0.0,0.0,,0.0,,
2025,3740.0,1.0,57.0,5.0,1.0,5.0,1.0,0.0,2500000.0,3.0,1.0,1700000.0,2.0,7.0
2025,3607.0,2.0,7.0,5.0,1.0,1.0,4.0,3.0,0.0,0.0,,0.0,,
2025,818.0,1.0,72.0,1.0,4.0,3.0,2.0,0.0,216666.67,3.0,,0.0,,
2025,818.0,2.0,57.0,1.0,1.0,3.0,1.0,0.0,216666.67,3.0,2.0,380000.0,2.0,
2025,818.0,1.0,17.0,5.0,4.0,3.0,3.0,3.0,216666.67,0.0,,0.0,,
2025,1362.0,1.0,29.0,1.0,4.0,4.0,1.0,0.0,0.0,3.0,2.0,500000.0,2.0,
2025,1362.0,1.0,22.0,5.0,1.0,4.0,1.0,0.0,0.0,3.0,1.0,,2.0,
2025,1824.0,1.0,48.0,5.0,4.0,4.0,1.0,0.0,640000.0,3.0,2.0,480000.0,2.0,6.0
2025,1824.0,1.0,50.0,3.0,4.0,3.0,1.0,0.0,640000.0,3.0,2.0,800000.0,2.0,5.0
2025,1915.0,1.0,69.0,4.0,1.0,1.0,3.0,1.0,311500.0,0.0,,0.0,,
2025,1915.0,2.0,21.0,5.0,4.0,4.0,1.0,0.0,311500.0,3.0,2.0,300000.0,2.0,3.0
2025,3373.0,1.0,25.0,5.0,4.0,1.0,3.0,6.0,0.0,0.0,,0.0,,
2025,3373.0,2.0,30.0,3.0,4.0,4.0,1.0,0.0,0.0,2.0,0.0,,2.0,1.0
2025,3373.0,2.0,11.0,5.0,4.0,3.0,3.0,3.0,0.0,0.0,,0.0,,
2025,3373.0,1.0,9.0,5.0,3.0,1.0,4.0,3.0,0.0,0.0,,0.0,,
2025,4073.0,2.0,32.0,5.0,4.0,4.0,3.0,4.0,310000.0,0.0,,0.0,,
2025,4073.0,1.0,3.0,5.0,4.0,7.0,4.0,5.0,310000.0,0.0,,0.0,,
2025,1766.0,2.0,67.0,3.0,1.0,2.0,3.0,1.0,0.0,0.0,,0.0,,
2025,1334.0,2.0,29.0,5.0,12.0,6.0,1.0,0.0,3000000.0,2.0,0.0,3000000.0,2.0,
2025,2182.0,1.0,49.0,5.0,1.0,4.0,1.0,0.0,0.0,3.0,1.0,,2.0,9.0
2025,1546.0,2.0,94.0,4.0,1.0,2.0,3.0,4.0,0.0,0.0,,0.0,,
2025,1546.0,1.0,30.0,5.0,4.0,3.0,1.0,0.0,0.0,2.0,0.0,0.0,2.0,1.0
2025,1437.0,2.0,22.0,1.0,4.0,4.0,1.0,0.0,0.0,3.0,2.0,400000.0,2.0,2.0
2025,1437.0,1.0,22.0,1.0,4.0,4.0,1.0,0.0,0.0,2.0,0.0,600000.0,2.0,1.0
2025,1437.0,2.0,5.0,5.0,4.0,7.0,4.0,5.0,0.0,0.0,,0.0,,
2025,1013.0,2.0,18.0,5.0,4.0,3.0,3.0,4.0,0.0,0.0,,0.0,,
2025,1013.0,2.0,1.0,5.0,4.0,7.0,4.0,5.0,0.0,0.0,,0.0,,
2025,1013.0,2.0,43.0,2.0,4.0,1.0,1.0,0.0,0.0,2.0,0.0,10000.0,2.0,1.0
2025,1013.0,1.0,38.0,2.0,4.0,3.0,3.0,7.0,0.0,0.0,,0.0,,
2025,1013.0,2.0,23.0,5.0,4.0,5.0,2.0,0.0,0.0,3.0,,0.0,,
2025,1013.0,1.0,21.0,5.0,4.0,3.0,2.0,0.0,0.0,3.0,,0.0,,
2025,1793.0,1.0,38.0,2.0,1.0,4.0,1.0,0.0,0.0,3.0,1.0,,1.0,
2025,1793.0,2.0,41.0,2.0,1.0,2.0,3.0,4.0,0.0,0.0,,0.0,,
2025,1793.0,1.0,10.0,5.0,1.0,1.0,3.0,3.0,0.0,0.0,,0.0,,
2025,1793.0,2.0,14.0,5.0,1.0,3.0,3.0,3.0,0.0,0.0,,0.0,,
2025,1952.0,2.0,89.0,4.0,1.0,2.0,1.0,0.0,0.0,2.0,0.0,,2.0,1.0
2025,1201.0,1.0,65.0,1.0,4.0,5.0,1.0,0.0,0.0,3.0,2.0,400000.0,2.0,
2025,1201.0,2.0,65.0,1.0,1.0,5.0,3.0,4.0,0.0,0.0,,0.0,,
2025,1104.0,1.0,52.0,2.0,1.0,6.0,1.0,0.0,3200000.0,3.0,1.0,3500000.0,2.0,9.0
2025,1104.0,2.0,59.0,2.0,1.0,6.0,3.0,1.0,3200000.0,0.0,,0.0,,
2025,856.0,1.0,32.0,5.0,1.0,5.0,1.0,0.0,0.0,3.0,2.0,,2.0,
2025,856.0,2.0,54.0,3.0,1.0,4.0,2.0,0.0,0.0,0.0,,0.0,,
2025,856.0,1.0,36.0,5.0,1.0,4.0,1.0,0.0,0.0,3.0,1.0,1900000.0,1.0,12.0
2025,856.0,2.0,24.0,5.0,1.0,5.0,1.0,0.0,0.0,3.0,1.0,,2.0,
2025,856.0,1.0,16.0,5.0,4.0,3.0,3.0,3.0,0.0,0.0,,0.0,,
2025,1997.0,1.0,49.0,3.0,4.0,4.0,1.0,0.0,0.0,2.0,0.0,400000.0,2.0,1.0
2025,1997.0,2.0,17.0,5.0,4.0,3.0,3.0,3.0,0.0,0.0,,0.0,,
2025,2930.0,1.0,40.0,1.0,1.0,4.0,1.0,0.0,275000.0,3.0,1.0,1100000.0,2.0,9.0
2025,2930.0,2.0,47.0,1.0,4.0,4.0,3.0,4.0,275000.0,0.0,,0.0,,
2025,2930.0,2.0,19.0,5.0,1.0,5.0,3.0,3.0,275000.0,0.0,,0.0,,
2025,2930.0,1.0,14.0,5.0,1.0,3.0,3.0,3.0,275000.0,0.0,,0.0,,
2025,1266.0,1.0,78.0,5.0,1.0,3.0,3.0,1.0,750000.0,0.0,,0.0,,
2025,2205.0,2.0,87.0,4.0,1.0,2.0,3.0,1.0,500000.0,0.0,,0.0,,
2025,3797.0,1.0,61.0,2.0,1.0,2.0,3.0,1.0,0.0,0.0,,0.0,,
2025,722.0,2.0,55.0,3.0,1.0,5.0,1.0,0.0,897000.0,3.0,1.0,747000.0,2.0,7.0
2025,1345.0,1.0,52.0,1.0,4.0,4.0,2.0,0.0,613333.33,2.0,,0.0,,
2025,1345.0,2.0,42.0,1.0,1.0,2.0,1.0,0.0,613333.33,3.0,1.0,1240000.0,2.0,8.0
2025,1345.0,1.0,8.0,5.0,1.0,1.0,4.0,3.0,613333.33,0.0,,0.0,,
2025,1475.0,1.0,43.0,1.0,1.0,4.0,1.0,0.0,0.0,3.0,1.0,,2.0,6.0
2025,1475.0,2.0,37.0,1.0,1.0,4.0,1.0,0.0,0.0,3.0,2.0,,2.0,
2025,1475.0,1.0,8.0,5.0,1.0,1.0,4.0,3.0,0.0,0.0,,0.0,,
2025,1839.0,1.0,51.0,2.0,1.0,4.0,1.0,0.0,0.0,3.0,1.0,1300000.0,2.0,6.0
2025,1839.0,2.0,45.0,2.0,1.0,4.0,3.0,7.0,0.0,0.0,,0.0,,
2025,1839.0,1.0,28.0,5.0,1.0,5.0,1.0,0.0,0.0,3.0,1.0,,2.0,
2025,1839.0,1.0,25.0,1.0,1.0,5.0,1.0,0.0,0.0,3.0,1.0,,2.0,4.0
2025,1839.0,2.0,23.0,5.0,1.0,4.0,1.0,0.0,0.0,3.0,1.0,,1.0,12.0
2025,1839.0,2.0,22.0,1.0,4.0,3.0,3.0,3.0,0.0,0.0,,0.0,,
2025,2816.0,1.0,41.0,2.0,4.0,3.0,1.0,0.0,251500.0,3.0,2.0,750000.0,2.0,
2025,2816.0,2.0,41.0,2.0,4.0,4.0,2.0,0.0,251500.0,3.0,,0.0,,
2025,2816.0,2.0,18.0,5.0,4.0,3.0,3.0,3.0,251500.0,0.0,,0.0,,
2025,2816.0,1.0,14.0,5.0,4.0,3.0,3.0,3.0,251500.0,0.0,,0.0,,
2025,3172.0,1.0,40.0,5.0,4.0,4.0,1.0,0.0,0.0,3.0,2.0,,2.0,
2025,2193.0,2.0,20.0,5.0,1.0,5.0,3.0,3.0,0.0,0.0,,0.0,,
2025,3797.0,2.0,78.0,2.0,1.0,2.0,3.0,4.0,0.0,0.0,,0.0,,
2025,3797.0,1.0,54.0,3.0,1.0,4.0,1.0,0.0,0.0,2.0,0.0,1500000.0,2.0,1.0
2025,3797.0,1.0,19.0,5.0,1.0,4.0,2.0,0.0,0.0,0.0,,0.0,,
2025,3797.0,2.0,49.0,5.0,1.0,4.0,1.0,0.0,0.0,3.0,2.0,,2.0,
2025,1187.0,2.0,54.0,1.0,4.0,2.0,1.0,0.0,0.0,3.0,2.0,,2.0,
2025,1187.0,2.0,28.0,5.0,4.0,3.0,1.0,0.0,0.0,3.0,2.0,,2.0,
2025,1183.0,2.0,55.0,3.0,2.0,6.0,1.0,0.0,0.0,1.0,0.0,,2.0,3.0
2025,2970.0,1.0,39.0,5.0,1.0,6.0,0.0,0.0,0.0,0.0,,0.0,,
2025,2970.0,2.0,71.0,4.0,1.0,4.0,1.0,0.0,0.0,2.0,0.0,500000.0,2.0,1.0
2025,2252.0,1.0,46.0,2.0,1.0,4.0,1.0,0.0,500000.0,3.0,2.0,2000000.0,2.0,3.0
2025,2252.0,2.0,41.0,2.0,1.0,4.0,3.0,4.0,500000.0,0.0,,0.0,,
2025,2252.0,2.0,14.0,5.0,1.0,3.0,3.0,3.0,500000.0,0.0,,0.0,,
2025,2252.0,1.0,13.0,5.0,1.0,3.0,3.0,3.0,500000.0,0.0,,0.0,,
2025,1343.0,2.0,36.0,1.0,4.0,3.0,1.0,0.0,230000.0,2.0,0.0,20000.0,2.0,1.0
2025,1343.0,1.0,42.0,1.0,4.0,2.0,1.0,0.0,230000.0,3.0,2.0,700000.0,2.0,
2025,1343.0,2.0,17.0,5.0,4.0,3.0,3.0,3.0,230000.0,0.0,,0.0,,
2025,1343.0,2.0,14.0,5.0,4.0,3.0,3.0,3.0,230000.0,0.0,,0.0,,
2025,2699.0,2.0,21.0,5.0,4.0,4.0,2.0,0.0,130000.0,2.0,,0.0,,
2025,2699.0,2.0,17.0,5.0,4.0,3.0,3.0,3.0,130000.0,0.0,,0.0,,
2025,2699.0,1.0,9.0,5.0,4.0,1.0,4.0,3.0,130000.0,0.0,,0.0,,
2025,2699.0,2.0,41.0,2.0,4.0,2.0,1.0,0.0,130000.0,2.0,0.0,100000.0,2.0,1.0
2025,3728.0,2.0,9.0,5.0,4.0,1.0,4.0,3.0,0.0,0.0,,0.0,,
2025,3728.0,2.0,44.0,2.0,4.0,4.0,1.0,0.0,0.0,2.0,0.0,40000.0,2.0,1.0
2025,3728.0,1.0,47.0,2.0,4.0,4.0,1.0,0.0,0.0,3.0,2.0,,2.0,2.0
2025,3728.0,2.0,11.0,5.0,4.0,1.0,3.0,3.0,0.0,0.0,,0.0,,
2025,2157.0,1.0,79.0,4.0,1.0,3.0,3.0,1.0,410000.0,0.0,,0.0,,
2025,3132.0,1.0,49.0,1.0,1.0,6.0,1.0,0.0,1625000.0,3.0,1.0,6500000.0,2.0,7.0
2025,3132.0,2.0,47.0,1.0,1.0,6.0,1.0,0.0,1625000.0,2.0,0.0,0.0,2.0,1.0
2025,3132.0,1.0,14.0,5.0,1.0,3.0,3.0,3.0,1625000.0,0.0,,0.0,,
2025,3132.0,1.0,12.0,5.0,1.0,3.0,3.0,3.0,1625000.0,0.0,,0.0,,
2025,3935.0,1.0,41.0,1.0,1.0,4.0,1.0,0.0,360000.0,3.0,1.0,900000.0,2.0,
2025,3935.0,2.0,26.0,1.0,4.0,4.0,3.0,4.0,360000.0,0.0,,0.0,,
2025,3935.0,1.0,1.0,5.0,4.0,7.0,4.0,5.0,360000.0,0.0,,0.0,,
2025,1896.0,2.0,56.0,1.0,1.0,6.0,1.0,0.0,0.0,3.0,1.0,900000.0,1.0,9.0
2025,991.0,1.0,41.0,3.0,1.0,6.0,1.0,0.0,0.0,3.0,1.0,4000000.0,2.0,7.0
2025,991.0,1.0,45.0,5.0,1.0,4.0,1.0,0.0,0.0,3.0,1.0,,2.0,7.0
2025,1006.0,1.0,54.0,5.0,2.0,4.0,1.0,0.0,1000000.0,1.0,0.0,2000000.0,2.0,2.0
2025,1006.0,1.0,13.0,5.0,2.0,3.0,3.0,3.0,1000000.0,0.0,,0.0,,
2025,1247.0,1.0,71.0,2.0,1.0,6.0,3.0,1.0,1254647.0,0.0,,0.0,,
2025,1247.0,2.0,73.0,2.0,1.0,6.0,3.0,4.0,1254647.0,0.0,,0.0,,
2025,2385.0,2.0,52.0,2.0,1.0,5.0,1.0,0.0,0.0,3.0,1.0,,2.0,2.0
2025,2385.0,1.0,52.0,2.0,1.0,4.0,1.0,0.0,0.0,3.0,1.0,,2.0,9.0
2025,2385.0,2.0,21.0,5.0,1.0,5.0,1.0,0.0,0.0,3.0,2.0,,2.0,9.0
2025,2385.0,1.0,16.0,5.0,1.0,3.0,3.0,3.0,0.0,0.0,,0.0,,
2025,1696.0,2.0,33.0,5.0,4.0,4.0,1.0,0.0,0.0,3.0,2.0,,2.0,2.0
2025,1696.0,2.0,65.0,4.0,1.0,2.0,1.0,0.0,0.0,2.0,0.0,,2.0,1.0
2025,3277.0,2.0,73.0,4.0,1.0,2.0,3.0,1.0,0.0,0.0,,0.0,,
2025,2998.0,2.0,51.0,3.0,1.0,5.0,1.0,0.0,0.0,3.0,1.0,,2.0,6.0
2025,2998.0,1.0,21.0,5.0,4.0,3.0,1.0,0.0,0.0,3.0,2.0,1200000.0,2.0,6.0
2025,2699.0,1.0,54.0,2.0,4.0,2.0,2.0,0.0,130000.0,2.0,,0.0,,
2025,1896.0,1.0,59.0,1.0,1.0,4.0,1.0,0.0,0.0,3.0,2.0,0.0,2.0,
2025,1896.0,2.0,18.0,5.0,1.0,3.0,3.0,3.0,0.0,0.0,,0.0,,
2025,1706.0,2.0,74.0,4.0,1.0,3.0,3.0,1.0,2300000.0,0.0,,0.0,,
2025,1056.0,1.0,54.0,1.0,1.0,6.0,1.0,0.0,8875000.0,1.0,0.0,15000000.0,2.0,2.0
2025,1056.0,2.0,54.0,1.0,1.0,6.0,1.0,0.0,8875000.0,3.0,1.0,1500000.0,2.0,2.0
2025,1146.0,1.0,77.0,4.0,12.0,5.0,3.0,1.0,900000.0,0.0,,0.0,,
2025,124.0,1.0,20.0,5.0,1.0,4.0,1.0,0.0,0.0,3.0,2.0,400000.0,2.0,3.0
2025,124.0,1.0,56.0,2.0,1.0,6.0,1.0,0.0,0.0,2.0,0.0,2000000.0,2.0,3.0
2025,124.0,2.0,52.0,2.0,1.0,6.0,1.0,0.0,0.0,2.0,0.0,2000000.0,2.0,3.0
2025,124.0,1.0,25.0,5.0,1.0,5.0,1.0,0.0,0.0,3.0,1.0,,2.0,
2025,1302.0,1.0,29.0,1.0,1.0,4.0,1.0,0.0,400000.0,3.0,1.0,1200000.0,2.0,9.0
2025,1302.0,2.0,30.0,1.0,1.0,4.0,3.0,4.0,400000.0,0.0,,0.0,,
2025,1302.0,2.0,5.0,5.0,1.0,7.0,4.0,5.0,400000.0,0.0,,0.0,,
2025,1337.0,2.0,33.0,5.0,4.0,4.0,1.0,0.0,0.0,3.0,2.0,480000.0,2.0,6.0
2025,1337.0,1.0,69.0,4.0,1.0,2.0,1.0,0.0,0.0,3.0,2.0,,2.0,
2025,2244.0,2.0,59.0,2.0,4.0,4.0,3.0,4.0,226000.0,0.0,,0.0,,
2025,2244.0,1.0,59.0,2.0,4.0,2.0,1.0,0.0,226000.0,2.0,0.0,600000.0,2.0,1.0
2025,2244.0,1.0,25.0,5.0,4.0,3.0,2.0,0.0,226000.0,3.0,,0.0,,
2025,2382.0,1.0,37.0,5.0,1.0,5.0,1.0,0.0,877000.0,3.0,2.0,640000.0,2.0,3.0
2025,1632.0,1.0,58.0,2.0,4.0,3.0,1.0,0.0,417500.0,3.0,2.0,270000.0,2.0,
2025,1632.0,2.0,53.0,2.0,4.0,3.0,3.0,4.0,417500.0,0.0,,0.0,,
2025,1632.0,1.0,26.0,5.0,1.0,4.0,1.0,0.0,417500.0,3.0,1.0,1400000.0,2.0,
2025,1632.0,2.0,30.0,5.0,4.0,3.0,3.0,7.0,417500.0,0.0,,0.0,,
2025,1186.0,2.0,64.0,4.0,1.0,2.0,3.0,1.0,0.0,0.0,,0.0,,
2025,3059.0,2.0,38.0,5.0,4.0,6.0,1.0,0.0,437500.0,3.0,2.0,1750000.0,2.0,3.0
2025,3059.0,2.0,67.0,5.0,4.0,2.0,3.0,4.0,437500.0,0.0,,0.0,,
2025,1402.0,1.0,75.0,2.0,1.0,6.0,3.0,1.0,0.0,0.0,,0.0,,
2025,1402.0,2.0,76.0,2.0,1.0,6.0,3.0,1.0,0.0,0.0,,0.0,,
2025,1402.0,2.0,33.0,5.0,1.0,6.0,1.0,0.0,0.0,3.0,1.0,,2.0,
2025,1465.0,1.0,63.0,2.0,1.0,6.0,1.0,0.0,3425000.0,3.0,1.0,1500000.0,1.0,8.0
2025,1465.0,2.0,64.0,2.0,1.0,6.0,1.0,0.0,3425000.0,3.0,1.0,1200000.0,1.0,8.0
2025,2014.0,1.0,55.0,2.0,1.0,6.0,1.0,0.0,0.0,3.0,1.0,,2.0,
2025,3277.0,1.0,52.0,5.0,4.0,3.0,1.0,0.0,0.0,3.0,2.0,,2.0,4.0
2025,3277.0,2.0,55.0,5.0,4.0,3.0,1.0,0.0,0.0,3.0,2.0,,2.0,
2025,2998.0,2.0,13.0,5.0,1.0,3.0,3.0,3.0,0.0,0.0,,0.0,,
2025,1751.0,1.0,58.0,5.0,4.0,4.0,3.0,2.0,0.0,0.0,,0.0,,
2025,1968.0,1.0,66.0,1.0,1.0,4.0,3.0,4.0,0.0,0.0,,0.0,,
2025,1968.0,2.0,56.0,1.0,1.0,5.0,3.0,1.0,0.0,0.0,,0.0,,
2025,1968.0,1.0,25.0,5.0,4.0,5.0,1.0,0.0,0.0,3.0,2.0,200000.0,2.0,
2025,1016.0,2.0,55.0,2.0,1.0,6.0,1.0,0.0,0.0,3.0,1.0,,1.0,10.0
2025,1016.0,1.0,57.0,2.0,1.0,6.0,1.0,0.0,0.0,3.0,1.0,,1.0,12.0
2025,110.0,2.0,79.0,4.0,1.0,2.0,3.0,1.0,0.0,0.0,,0.0,,
2025,1550.0,2.0,64.0,3.0,1.0,6.0,1.0,0.0,0.0,3.0,2.0,250000.0,2.0,4.0
2025,3065.0,1.0,60.0,3.0,1.0,4.0,3.0,1.0,0.0,0.0,,0.0,,
2025,3065.0,1.0,37.0,5.0,1.0,4.0,1.0,0.0,0.0,3.0,2.0,,2.0,
2025,1484.0,1.0,76.0,2.0,4.0,4.0,3.0,1.0,550000.0,0.0,,0.0,,
2025,1484.0,2.0,72.0,2.0,1.0,4.0,3.0,4.0,550000.0,0.0,,0.0,,
2025,1136.0,2.0,66.0,3.0,1.0,4.0,1.0,0.0,0.0,2.0,0.0,50000.0,2.0,1.0
2025,2692.0,1.0,30.0,1.0,4.0,4.0,1.0,0.0,0.0,3.0,2.0,,2.0,5.0
2025,1020.0,1.0,60.0,1.0,1.0,4.0,1.0,0.0,0.0,3.0,1.0,368000.0,2.0,7.0
2025,1020.0,2.0,61.0,1.0,1.0,4.0,1.0,0.0,0.0,2.0,0.0,,2.0,1.0
2025,1768.0,2.0,80.0,4.0,1.0,2.0,3.0,1.0,510000.0,0.0,,0.0,,
2025,1959.0,1.0,88.0,4.0,1.0,4.0,3.0,1.0,0.0,0.0,,0.0,,
2025,2255.0,2.0,63.0,2.0,1.0,3.0,1.0,0.0,0.0,3.0,2.0,,2.0,
2025,2255.0,1.0,63.0,2.0,1.0,2.0,3.0,4.0,0.0,0.0,,0.0,,
2025,2255.0,1.0,40.0,1.0,1.0,4.0,1.0,0.0,0.0,3.0,1.0,130000.0,2.0,10.0
2025,2255.0,2.0,33.0,1.0,1.0,4.0,1.0,0.0,0.0,3.0,2.0,50000.0,2.0,
2025,2255.0,2.0,10.0,5.0,1.0,1.0,3.0,3.0,0.0,0.0,,0.0,,
2025,2605.0,2.0,63.0,4.0,1.0,4.0,3.0,4.0,190000.0,0.0,,0.0,,
2025,2605.0,2.0,32.0,5.0,4.0,4.0,1.0,0.0,190000.0,3.0,2.0,300000.0,2.0,
2025,2605.0,1.0,10.0,5.0,4.0,1.0,3.0,3.0,190000.0,0.0,,0.0,,
2025,2605.0,1.0,21.0,5.0,4.0,3.0,2.0,0.0,190000.0,3.0,,0.0,,
2025,1178.0,2.0,61.0,3.0,1.0,6.0,1.0,0.0,2550000.0,2.0,0.0,450000.0,2.0,1.0
2025,2516.0,1.0,45.0,2.0,1.0,3.0,1.0,0.0,525000.0,3.0,1.0,1100000.0,2.0,7.0
2025,3059.0,2.0,13.0,5.0,4.0,3.0,3.0,3.0,437500.0,0.0,,0.0,,
2025,3059.0,2.0,13.0,5.0,4.0,3.0,3.0,3.0,437500.0,0.0,,0.0,,
2025,1868.0,1.0,34.0,5.0,1.0,4.0,1.0,0.0,0.0,3.0,1.0,,2.0,7.0
2025,2014.0,2.0,62.0,2.0,1.0,6.0,3.0,1.0,0.0,0.0,,0.0,,
2025,2014.0,1.0,21.0,5.0,1.0,5.0,3.0,3.0,0.0,0.0,,0.0,,
2025,2014.0,1.0,23.0,5.0,1.0,1.0,3.0,3.0,0.0,0.0,,0.0,,
2025,3211.0,2.0,12.0,5.0,4.0,3.0,3.0,3.0,0.0,0.0,,0.0,,
2025,3211.0,1.0,10.0,5.0,1.0,1.0,3.0,3.0,0.0,0.0,,0.0,,
2025,3211.0,2.0,52.0,5.0,4.0,2.0,3.0,4.0,0.0,0.0,,0.0,,
2025,3211.0,2.0,33.0,5.0,1.0,4.0,1.0,0.0,0.0,3.0,1.0,,1.0,
2025,3211.0,2.0,22.0,5.0,4.0,4.0,2.0,0.0,0.0,3.0,,0.0,,
2025,3211.0,2.0,21.0,5.0,4.0,1.0,3.0,6.0,0.0,0.0,,0.0,,
2025,823.0,2.0,66.0,2.0,1.0,4.0,3.0,4.0,481000.0,0.0,,0.0,,
2025,823.0,1.0,71.0,2.0,1.0,2.0,3.0,7.0,481000.0,0.0,,0.0,,
2025,291.0,2.0,77.0,4.0,1.0,2.0,3.0,2.0,435000.0,0.0,,0.0,,
2025,2190.0,1.0,64.0,2.0,1.0,6.0,1.0,0.0,0.0,3.0,1.0,2000000.0,2.0,10.0
2025,2190.0,2.0,61.0,2.0,1.0,6.0,3.0,4.0,0.0,0.0,,0.0,,
2025,2190.0,1.0,32.0,5.0,1.0,6.0,1.0,0.0,0.0,3.0,1.0,,2.0,3.0
2025,3634.0,1.0,39.0,1.0,1.0,4.0,1.0,0.0,325000.0,3.0,1.0,1300000.0,2.0,9.0
2025,3634.0,2.0,34.0,1.0,1.0,4.0,3.0,4.0,325000.0,0.0,,0.0,,
2025,3634.0,1.0,11.0,5.0,1.0,1.0,3.0,3.0,325000.0,0.0,,0.0,,
2025,3634.0,1.0,9.0,5.0,1.0,1.0,4.0,3.0,325000.0,0.0,,0.0,,
2025,2327.0,2.0,51.0,1.0,1.0,4.0,1.0,0.0,1385000.0,3.0,1.0,850000.0,2.0,3.0
2025,2327.0,1.0,48.0,1.0,1.0,4.0,1.0,0.0,1385000.0,3.0,1.0,1000000.0,2.0,2.0
2025,3790.0,1.0,36.0,1.0,1.0,4.0,1.0,0.0,300000.0,3.0,1.0,1200000.0,2.0,9.0
2025,3790.0,2.0,37.0,1.0,1.0,4.0,3.0,4.0,300000.0,0.0,,0.0,,
2025,3790.0,1.0,9.0,5.0,1.0,1.0,4.0,3.0,300000.0,0.0,,0.0,,
2025,3790.0,2.0,13.0,5.0,1.0,3.0,3.0,3.0,300000.0,0.0,,0.0,,
2025,2041.0,1.0,61.0,2.0,1.0,4.0,1.0,0.0,933333.33,3.0,1.0,1000000.0,2.0,6.0
2025,2041.0,2.0,60.0,2.0,1.0,6.0,3.0,1.0,933333.33,0.0,,0.0,,
2025,2041.0,1.0,26.0,5.0,1.0,5.0,1.0,0.0,933333.33,3.0,1.0,800000.0,2.0,9.0
2025,2036.0,1.0,78.0,2.0,1.0,1.0,3.0,1.0,293333.33,0.0,,0.0,,
2025,1571.0,2.0,74.0,4.0,1.0,4.0,3.0,1.0,835000.0,0.0,,0.0,,
2025,1958.0,1.0,68.0,1.0,1.0,2.0,3.0,1.0,1208333.33,0.0,,0.0,,
2025,1958.0,2.0,73.0,1.0,1.0,1.0,3.0,1.0,1208333.33,0.0,,0.0,,
2025,1958.0,1.0,34.0,5.0,1.0,3.0,1.0,0.0,1208333.33,3.0,1.0,1500000.0,2.0,8.0
2025,2664.0,1.0,53.0,2.0,1.0,4.0,1.0,0.0,0.0,3.0,1.0,,2.0,
2025,2664.0,2.0,48.0,2.0,1.0,4.0,2.0,0.0,0.0,2.0,,0.0,,
2025,2664.0,1.0,22.0,1.0,1.0,4.0,1.0,0.0,0.0,3.0,2.0,450000.0,1.0,11.0
2025,2664.0,2.0,12.0,5.0,1.0,3.0,3.0,3.0,0.0,0.0,,0.0,,
2025,2664.0,2.0,20.0,1.0,1.0,5.0,3.0,4.0,0.0,0.0,,0.0,,
2025,2692.0,2.0,28.0,1.0,4.0,4.0,3.0,4.0,0.0,0.0,,0.0,,
2025,2692.0,1.0,4.0,5.0,4.0,7.0,4.0,5.0,0.0,0.0,,0.0,,
2025,2692.0,1.0,,5.0,4.0,7.0,4.0,5.0,0.0,0.0,,0.0,,
2025,1499.0,1.0,75.0,3.0,1.0,5.0,3.0,1.0,413000.0,0.0,,0.0,,
2025,3733.0,2.0,81.0,4.0,1.0,2.0,3.0,1.0,0.0,0.0,,0.0,,
2025,3765.0,1.0,44.0,2.0,1.0,5.0,1.0,0.0,0.0,3.0,1.0,1500000.0,1.0,8.0
2025,3765.0,2.0,43.0,2.0,1.0,6.0,1.0,0.0,0.0,3.0,1.0,2000000.0,2.0,
2025,3765.0,2.0,3.0,5.0,1.0,7.0,4.0,5.0,0.0,0.0,,0.0,,
2025,3765.0,2.0,8.0,5.0,1.0,1.0,4.0,3.0,0.0,0.0,,0.0,,
2025,1261.0,2.0,28.0,5.0,4.0,5.0,1.0,0.0,1060000.0,3.0,2.0,600000.0,2.0,
2025,1261.0,1.0,25.0,5.0,1.0,5.0,1.0,0.0,1060000.0,3.0,1.0,900000.0,2.0,9.0
2025,107.0,1.0,54.0,2.0,4.0,5.0,1.0,0.0,0.0,3.0,2.0,700000.0,2.0,6.0
2025,107.0,2.0,60.0,2.0,4.0,2.0,3.0,4.0,0.0,0.0,,0.0,,
2025,107.0,2.0,84.0,4.0,4.0,4.0,3.0,7.0,0.0,0.0,,0.0,,
2025,107.0,1.0,35.0,5.0,4.0,6.0,1.0,0.0,0.0,3.0,2.0,,2.0,1.0
2025,107.0,1.0,3.0,5.0,4.0,7.0,4.0,5.0,0.0,0.0,,0.0,,
2025,2516.0,2.0,44.0,2.0,1.0,6.0,1.0,0.0,525000.0,3.0,1.0,1000000.0,2.0,
2025,2516.0,2.0,17.0,5.0,1.0,3.0,3.0,3.0,525000.0,0.0,,0.0,,
2025,2516.0,2.0,12.0,5.0,1.0,3.0,3.0,3.0,525000.0,0.0,,0.0,,
2025,2345.0,2.0,69.0,4.0,1.0,4.0,3.0,1.0,487500.0,0.0,,0.0,,
2025,2345.0,2.0,35.0,5.0,1.0,4.0,1.0,0.0,487500.0,3.0,1.0,300000.0,2.0,9.0
2025,2345.0,2.0,33.0,5.0,1.0,4.0,1.0,0.0,487500.0,3.0,1.0,650000.0,1.0,12.0
2025,2345.0,2.0,7.0,5.0,1.0,1.0,4.0,3.0,487500.0,0.0,,0.0,,
2025,2036.0,2.0,74.0,2.0,1.0,1.0,3.0,1.0,293333.33,0.0,,0.0,,
2025,2036.0,1.0,37.0,5.0,4.0,4.0,3.0,4.0,293333.33,0.0,,0.0,,
2025,3088.0,2.0,32.0,5.0,4.0,5.0,1.0,0.0,343333.33,3.0,2.0,580000.0,2.0,2.0
2025,3088.0,2.0,4.0,5.0,4.0,7.0,4.0,5.0,343333.33,0.0,,0.0,,
2025,3088.0,2.0,10.0,5.0,4.0,1.0,3.0,3.0,343333.33,0.0,,0.0,,
2025,1786.0,1.0,78.0,2.0,1.0,3.0,3.0,1.0,405000.0,0.0,,0.0,,
2025,1786.0,2.0,66.0,2.0,1.0,4.0,3.0,1.0,405000.0,0.0,,0.0,,
2025,1107.0,1.0,83.0,2.0,1.0,2.0,3.0,1.0,870000.0,0.0,,0.0,,
2025,1107.0,2.0,78.0,2.0,1.0,2.0,3.0,4.0,870000.0,0.0,,0.0,,
2025,4169.0,1.0,48.0,2.0,2.0,6.0,1.0,0.0,0.0,3.0,1.0,,2.0,11.0
2025,4169.0,2.0,45.0,2.0,2.0,6.0,1.0,0.0,0.0,3.0,1.0,,2.0,10.0
2025,4169.0,1.0,14.0,5.0,2.0,3.0,3.0,3.0,0.0,0.0,,0.0,,
2025,4169.0,2.0,11.0,5.0,2.0,1.0,3.0,3.0,0.0,0.0,,0.0,,
2025,4169.0,2.0,5.0,5.0,2.0,7.0,4.0,5.0,0.0,0.0,,0.0,,
2025,1461.0,1.0,58.0,2.0,1.0,4.0,1.0,0.0,750000.0,3.0,1.0,1500000.0,2.0,12.0
2025,1461.0,2.0,52.0,2.0,1.0,4.0,3.0,4.0,750000.0,0.0,,0.0,,
2025,1841.0,2.0,28.0,1.0,1.0,6.0,1.0,0.0,576666.67,3.0,1.0,680000.0,1.0,12.0
2025,1841.0,2.0,28.0,5.0,4.0,5.0,1.0,0.0,576666.67,2.0,0.0,500000.0,2.0,1.0
2025,1841.0,1.0,25.0,1.0,1.0,6.0,1.0,0.0,576666.67,3.0,1.0,550000.0,1.0,12.0
2025,107.0,2.0,21.0,5.0,4.0,4.0,3.0,7.0,0.0,0.0,,0.0,,
2025,2592.0,1.0,28.0,1.0,1.0,4.0,1.0,0.0,1400000.0,3.0,1.0,1400000.0,2.0,7.0
2025,2592.0,2.0,29.0,1.0,1.0,4.0,1.0,0.0,1400000.0,3.0,1.0,1400000.0,3.0,
2025,2270.0,1.0,30.0,3.0,4.0,2.0,1.0,0.0,0.0,2.0,0.0,100000.0,2.0,1.0
2025,1871.0,1.0,63.0,2.0,1.0,6.0,1.0,0.0,0.0,3.0,1.0,,2.0,
2025,1871.0,2.0,61.0,2.0,1.0,6.0,3.0,1.0,0.0,0.0,,0.0,,
2025,1871.0,1.0,33.0,5.0,1.0,6.0,0.0,0.0,0.0,0.0,,0.0,,
2025,1871.0,1.0,28.0,5.0,1.0,5.0,1.0,0.0,0.0,3.0,2.0,,2.0,
2025,1848.0,1.0,46.0,2.0,1.0,7.0,1.0,0.0,0.0,3.0,1.0,,2.0,8.0
2025,1909.0,1.0,71.0,3.0,1.0,1.0,3.0,1.0,0.0,0.0,,0.0,,
2025,2128.0,1.0,62.0,2.0,1.0,4.0,1.0,0.0,875000.0,3.0,1.0,1500000.0,2.0,6.0
2025,2128.0,2.0,64.0,2.0,1.0,4.0,3.0,4.0,875000.0,0.0,,0.0,,
2025,2128.0,1.0,21.0,5.0,1.0,5.0,1.0,0.0,875000.0,3.0,1.0,1000000.0,2.0,6.0
2025,2128.0,2.0,23.0,5.0,1.0,5.0,1.0,0.0,875000.0,3.0,1.0,1000000.0,2.0,6.0
2025,628.0,2.0,80.0,4.0,1.0,3.0,3.0,1.0,0.0,0.0,,0.0,,
2025,1607.0,1.0,38.0,1.0,1.0,3.0,1.0,0.0,757500.0,3.0,1.0,2000000.0,2.0,11.0
2025,1607.0,2.0,54.0,1.0,1.0,4.0,3.0,4.0,757500.0,0.0,,0.0,,
2025,1607.0,1.0,23.0,5.0,1.0,6.0,1.0,0.0,757500.0,2.0,0.0,30000.0,2.0,1.0
2025,1607.0,2.0,16.0,5.0,1.0,3.0,3.0,3.0,757500.0,0.0,,0.0,,
2025,430.0,2.0,37.0,3.0,4.0,3.0,1.0,0.0,247500.0,2.0,0.0,70000.0,2.0,1.0
2025,430.0,2.0,20.0,5.0,4.0,4.0,1.0,0.0,247500.0,3.0,2.0,480000.0,2.0,4.0
2025,430.0,2.0,17.0,5.0,1.0,3.0,3.0,3.0,247500.0,0.0,,0.0,,
2025,3532.0,1.0,41.0,1.0,4.0,4.0,1.0,0.0,0.0,3.0,2.0,,2.0,
2025,3532.0,2.0,37.0,1.0,4.0,4.0,1.0,0.0,0.0,2.0,0.0,700000.0,2.0,1.0
2025,3532.0,2.0,11.0,5.0,4.0,1.0,3.0,3.0,0.0,0.0,,0.0,,
2025,3532.0,1.0,6.0,5.0,4.0,1.0,4.0,3.0,0.0,0.0,,0.0,,
2025,3532.0,1.0,6.0,5.0,4.0,1.0,4.0,3.0,0.0,0.0,,0.0,,
2025,3532.0,1.0,1.0,5.0,4.0,7.0,4.0,5.0,0.0,0.0,,0.0,,
2025,1645.0,2.0,38.0,3.0,4.0,3.0,1.0,0.0,0.0,2.0,0.0,700000.0,2.0,1.0
2025,1645.0,1.0,15.0,5.0,1.0,3.0,3.0,3.0,0.0,0.0,,0.0,,
2025,796.0,2.0,70.0,4.0,1.0,2.0,3.0,1.0,550000.0,0.0,,0.0,,
2025,1616.0,2.0,26.0,3.0,1.0,4.0,1.0,0.0,102666.67,3.0,2.0,308000.0,1.0,12.0
2025,1616.0,2.0,11.0,5.0,1.0,1.0,3.0,3.0,102666.67,0.0,,0.0,,
2025,1616.0,1.0,4.0,5.0,1.0,7.0,4.0,5.0,102666.67,0.0,,0.0,,
2025,421.0,2.0,55.0,2.0,1.0,6.0,3.0,1.0,1200000.0,0.0,,0.0,,
2025,1841.0,1.0,56.0,3.0,1.0,3.0,1.0,0.0,0.0,2.0,0.0,,2.0,1.0
2025,2453.0,1.0,34.0,1.0,1.0,5.0,1.0,0.0,0.0,3.0,1.0,,2.0,11.0
2025,2453.0,2.0,22.0,1.0,1.0,4.0,0.0,0.0,0.0,0.0,,0.0,,
2025,2206.0,1.0,46.0,5.0,4.0,4.0,3.0,7.0,354666.67,0.0,,0.0,,
2025,2206.0,2.0,70.0,2.0,2.0,4.0,3.0,1.0,354666.67,0.0,,0.0,,
2025,2206.0,1.0,72.0,2.0,2.0,4.0,3.0,7.0,354666.67,0.0,,0.0,,
2025,3179.0,2.0,42.0,1.0,4.0,2.0,3.0,4.0,0.0,0.0,,0.0,,
2025,3179.0,1.0,49.0,1.0,4.0,3.0,1.0,0.0,0.0,3.0,2.0,,2.0,7.0
2025,3179.0,2.0,17.0,5.0,4.0,3.0,1.0,0.0,0.0,3.0,2.0,320000.0,2.0,6.0
2025,3179.0,2.0,14.0,5.0,4.0,3.0,3.0,3.0,0.0,0.0,,0.0,,
2025,1848.0,2.0,44.0,2.0,1.0,4.0,1.0,0.0,0.0,3.0,1.0,,1.0,7.0
2025,1848.0,1.0,25.0,5.0,4.0,4.0,3.0,4.0,0.0,0.0,,0.0,,
2025,1848.0,1.0,18.0,5.0,1.0,3.0,3.0,3.0,0.0,0.0,,0.0,,
2025,2937.0,1.0,43.0,3.0,1.0,6.0,1.0,0.0,0.0,3.0,1.0,1400000.0,1.0,
2025,3377.0,1.0,48.0,1.0,1.0,4.0,1.0,0.0,825000.0,3.0,1.0,800000.0,2.0,7.0
2025,3377.0,2.0,45.0,1.0,1.0,5.0,1.0,0.0,825000.0,3.0,1.0,850000.0,1.0,7.0
2025,3377.0,1.0,8.0,5.0,1.0,1.0,4.0,3.0,825000.0,0.0,,0.0,,
2025,430.0,1.0,14.0,5.0,4.0,3.0,3.0,3.0,247500.0,0.0,,0.0,,
2025,2702.0,1.0,39.0,5.0,4.0,4.0,1.0,0.0,400000.0,2.0,0.0,400000.0,2.0,1.0
2025,2264.0,2.0,21.0,5.0,4.0,4.0,1.0,0.0,0.0,3.0,2.0,480000.0,2.0,
2025,888.0,2.0,79.0,4.0,1.0,3.0,3.0,1.0,486000.0,0.0,,0.0,,
2025,1036.0,1.0,33.0,1.0,1.0,5.0,1.0,0.0,1900000.0,3.0,1.0,1800000.0,2.0,9.0
2025,1036.0,2.0,35.0,1.0,1.0,3.0,1.0,0.0,1900000.0,3.0,1.0,0.0,2.0,
2025,1424.0,2.0,33.0,1.0,1.0,3.0,3.0,4.0,0.0,0.0,,0.0,,
2025,1424.0,1.0,15.0,5.0,1.0,3.0,3.0,3.0,0.0,0.0,,0.0,,
2025,1424.0,2.0,13.0,5.0,1.0,3.0,3.0,3.0,0.0,0.0,,0.0,,
2025,1424.0,2.0,28.0,1.0,4.0,3.0,3.0,4.0,0.0,0.0,,0.0,,
2025,1424.0,1.0,26.0,1.0,1.0,3.0,1.0,0.0,0.0,3.0,1.0,,2.0,
2025,1424.0,1.0,6.0,5.0,1.0,1.0,4.0,3.0,0.0,0.0,,0.0,,
2025,1424.0,1.0,43.0,1.0,1.0,3.0,1.0,0.0,0.0,3.0,1.0,,2.0,
2025,1657.0,2.0,65.0,4.0,1.0,4.0,1.0,0.0,500000.0,3.0,2.0,0.0,2.0,
2025,1657.0,1.0,10.0,5.0,1.0,1.0,3.0,3.0,500000.0,0.0,,0.0,,
2025,1601.0,1.0,30.0,5.0,1.0,4.0,1.0,0.0,163666.67,3.0,1.0,78000.0,1.0,12.0
2025,1601.0,2.0,26.0,5.0,1.0,5.0,1.0,0.0,163666.67,3.0,1.0,78000.0,1.0,12.0
2025,1601.0,1.0,5.0,5.0,1.0,7.0,4.0,5.0,163666.67,0.0,,0.0,,
2025,1384.0,2.0,46.0,3.0,4.0,4.0,1.0,0.0,460000.0,3.0,2.0,280000.0,2.0,
2025,1384.0,2.0,22.0,5.0,4.0,3.0,1.0,0.0,460000.0,3.0,2.0,800000.0,2.0,
2025,2068.0,2.0,77.0,4.0,1.0,6.0,3.0,1.0,0.0,0.0,,0.0,,
2025,2068.0,2.0,44.0,3.0,1.0,6.0,1.0,0.0,0.0,3.0,1.0,,2.0,12.0
2025,2068.0,1.0,20.0,5.0,1.0,5.0,3.0,3.0,0.0,0.0,,0.0,,
2025,2068.0,1.0,18.0,5.0,1.0,4.0,1.0,0.0,0.0,3.0,2.0,,2.0,
2025,4530.0,1.0,37.0,3.0,1.0,4.0,1.0,0.0,450000.0,3.0,1.0,900000.0,1.0,12.0
2025,4530.0,2.0,5.0,5.0,1.0,7.0,4.0,5.0,450000.0,0.0,,0.0,,
2025,1591.0,2.0,33.0,3.0,4.0,2.0,1.0,0.0,151666.67,3.0,2.0,200000.0,2.0,
2025,1591.0,1.0,19.0,5.0,4.0,3.0,1.0,0.0,151666.67,3.0,2.0,250000.0,2.0,
2025,1591.0,2.0,16.0,5.0,4.0,3.0,3.0,3.0,151666.67,0.0,,0.0,,
2025,1591.0,2.0,15.0,5.0,4.0,3.0,3.0,3.0,151666.67,0.0,,0.0,,
2025,1591.0,2.0,13.0,5.0,4.0,2.0,3.0,4.0,151666.67,0.0,,0.0,,
2025,1591.0,2.0,10.0,5.0,4.0,1.0,3.0,3.0,151666.67,0.0,,0.0,,
2025,1720.0,1.0,65.0,2.0,1.0,4.0,1.0,0.0,0.0,2.0,0.0,700000.0,2.0,2.0
2025,1720.0,2.0,66.0,2.0,1.0,4.0,1.0,0.0,0.0,2.0,0.0,,2.0,2.0
2025,2367.0,2.0,81.0,4.0,12.0,6.0,3.0,1.0,3000000.0,0.0,,0.0,,
2025,2431.0,1.0,33.0,5.0,4.0,5.0,1.0,0.0,610000.0,2.0,0.0,610000.0,2.0,2.0
2025,3151.0,2.0,58.0,4.0,1.0,4.0,1.0,0.0,945000.0,2.0,0.0,400000.0,2.0,1.0
2025,3151.0,1.0,21.0,5.0,4.0,4.0,1.0,0.0,945000.0,3.0,2.0,1600000.0,2.0,7.0
2025,3151.0,1.0,14.0,5.0,1.0,3.0,3.0,3.0,945000.0,0.0,,0.0,,
2025,2481.0,1.0,43.0,5.0,1.0,4.0,1.0,0.0,0.0,3.0,1.0,1000000.0,2.0,7.0
2025,2481.0,2.0,40.0,5.0,1.0,6.0,1.0,0.0,0.0,3.0,1.0,,1.0,
2025,4318.0,2.0,35.0,5.0,4.0,3.0,1.0,0.0,0.0,2.0,0.0,240000.0,2.0,1.0
2025,4318.0,1.0,19.0,5.0,4.0,3.0,1.0,0.0,0.0,2.0,0.0,240000.0,2.0,1.0
2025,4318.0,1.0,16.0,5.0,4.0,3.0,3.0,3.0,0.0,0.0,,0.0,,
2025,4318.0,2.0,15.0,5.0,4.0,3.0,3.0,3.0,0.0,0.0,,0.0,,
2025,1586.0,1.0,71.0,2.0,1.0,6.0,1.0,0.0,500333.33,3.0,1.0,650000.0,2.0,
2025,1586.0,2.0,66.0,2.0,1.0,4.0,3.0,1.0,500333.33,0.0,,0.0,,
2025,2264.0,2.0,,5.0,4.0,7.0,4.0,5.0,0.0,0.0,,0.0,,
2025,2264.0,2.0,27.0,5.0,4.0,3.0,1.0,0.0,0.0,3.0,2.0,480000.0,1.0,
2025,2264.0,2.0,13.0,5.0,4.0,1.0,3.0,4.0,0.0,0.0,,0.0,,
2025,2264.0,2.0,6.0,5.0,4.0,7.0,4.0,3.0,0.0,0.0,,0.0,,
2025,921.0,2.0,87.0,4.0,1.0,2.0,3.0,4.0,380000.0,0.0,,0.0,,
2025,1312.0,2.0,83.0,4.0,1.0,1.0,3.0,1.0,0.0,0.0,,0.0,,
2025,1312.0,2.0,51.0,1.0,4.0,3.0,3.0,7.0,0.0,0.0,,0.0,,
2025,1312.0,1.0,50.0,1.0,4.0,2.0,1.0,0.0,0.0,3.0,2.0,700000.0,2.0,6.0
2025,1312.0,1.0,15.0,5.0,4.0,3.0,3.0,3.0,0.0,0.0,,0.0,,
2025,1312.0,2.0,23.0,1.0,4.0,4.0,2.0,0.0,0.0,3.0,,0.0,,
2025,1312.0,1.0,23.0,1.0,4.0,4.0,2.0,0.0,0.0,3.0,,0.0,,
2025,1350.0,1.0,44.0,5.0,4.0,5.0,1.0,0.0,1150000.0,2.0,0.0,750000.0,2.0,2.0
2025,1350.0,2.0,78.0,4.0,1.0,3.0,1.0,0.0,1150000.0,2.0,0.0,750000.0,2.0,2.0
2025,502.0,2.0,36.0,3.0,1.0,5.0,1.0,0.0,151000.0,3.0,2.0,163000.0,2.0,
2025,502.0,1.0,15.0,5.0,1.0,3.0,3.0,3.0,151000.0,0.0,,0.0,,
2025,502.0,1.0,11.0,5.0,1.0,1.0,3.0,3.0,151000.0,0.0,,0.0,,
2025,1384.0,2.0,14.0,5.0,1.0,3.0,3.0,3.0,460000.0,0.0,,0.0,,
2025,2265.0,1.0,30.0,5.0,1.0,4.0,1.0,0.0,1700000.0,2.0,0.0,1700000.0,2.0,2.0
2025,2643.0,1.0,30.0,1.0,1.0,6.0,1.0,0.0,1192500.0,3.0,1.0,1685000.0,2.0,3.0
2025,2280.0,1.0,62.0,2.0,4.0,4.0,1.0,0.0,0.0,2.0,0.0,,2.0,2.0
2025,2280.0,2.0,59.0,2.0,1.0,2.0,3.0,4.0,0.0,0.0,,0.0,,
2025,2280.0,1.0,20.0,5.0,4.0,3.0,1.0,0.0,0.0,2.0,0.0,,2.0,2.0
2025,2768.0,2.0,49.0,1.0,4.0,7.0,1.0,0.0,0.0,3.0,2.0,,2.0,
2025,2768.0,1.0,53.0,1.0,4.0,3.0,1.0,0.0,0.0,1.0,0.0,,2.0,2.0
2025,2768.0,2.0,22.0,5.0,4.0,5.0,3.0,3.0,0.0,0.0,,0.0,,
2025,2768.0,1.0,25.0,1.0,4.0,3.0,1.0,0.0,0.0,3.0,2.0,500000.0,2.0,3.0
2025,2768.0,2.0,23.0,1.0,4.0,3.0,1.0,0.0,0.0,3.0,2.0,80000.0,2.0,
2025,2768.0,2.0,1.0,5.0,4.0,7.0,4.0,5.0,0.0,0.0,,0.0,,
2025,3735.0,2.0,42.0,3.0,4.0,3.0,1.0,0.0,202500.0,3.0,2.0,420000.0,2.0,
2025,3735.0,1.0,18.0,5.0,4.0,3.0,3.0,3.0,202500.0,0.0,,0.0,,
2025,1009.0,1.0,65.0,4.0,1.0,2.0,3.0,1.0,1071250.0,0.0,,0.0,,
2025,1009.0,1.0,32.0,5.0,1.0,4.0,1.0,0.0,1071250.0,3.0,1.0,1300000.0,1.0,12.0
2025,1009.0,1.0,22.0,5.0,1.0,4.0,1.0,0.0,1071250.0,3.0,1.0,1150000.0,1.0,12.0
2025,1009.0,1.0,24.0,5.0,1.0,4.0,1.0,0.0,1071250.0,3.0,1.0,1200000.0,1.0,12.0
2025,1132.0,1.0,14.0,5.0,4.0,1.0,3.0,3.0,166666.67,0.0,,0.0,,
2025,1132.0,2.0,35.0,1.0,4.0,2.0,3.0,4.0,166666.67,0.0,,0.0,,
2025,1132.0,1.0,36.0,1.0,4.0,2.0,1.0,0.0,166666.67,3.0,2.0,600000.0,2.0,6.0
2025,1132.0,2.0,11.0,5.0,4.0,1.0,3.0,3.0,166666.67,0.0,,0.0,,
2025,1132.0,1.0,8.0,5.0,4.0,1.0,4.0,3.0,166666.67,0.0,,0.0,,
2025,1132.0,2.0,7.0,5.0,4.0,1.0,4.0,3.0,166666.67,0.0,,0.0,,
2025,1116.0,1.0,54.0,5.0,1.0,6.0,2.0,0.0,900000.0,2.0,,0.0,,
2025,1217.0,2.0,52.0,2.0,1.0,6.0,1.0,0.0,0.0,3.0,1.0,600000.0,2.0,
2025,2387.0,2.0,30.0,5.0,4.0,4.0,1.0,0.0,0.0,3.0,2.0,480000.0,2.0,
2025,2387.0,2.0,6.0,5.0,4.0,1.0,4.0,3.0,0.0,0.0,,0.0,,
2025,2387.0,2.0,50.0,3.0,1.0,4.0,1.0,0.0,0.0,3.0,1.0,,2.0,
2025,1562.0,2.0,43.0,1.0,1.0,6.0,1.0,0.0,0.0,3.0,1.0,,1.0,
2025,1869.0,1.0,64.0,2.0,1.0,4.0,1.0,0.0,0.0,1.0,0.0,4000000.0,2.0,5.0
2025,1869.0,2.0,63.0,2.0,1.0,6.0,3.0,1.0,0.0,0.0,,0.0,,
2025,1869.0,1.0,29.0,5.0,1.0,5.0,1.0,0.0,0.0,3.0,1.0,,1.0,12.0
2025,1869.0,1.0,26.0,5.0,1.0,6.0,1.0,0.0,0.0,2.0,0.0,,2.0,2.0
2025,1642.0,1.0,49.0,1.0,1.0,6.0,1.0,0.0,0.0,3.0,1.0,,2.0,12.0
2025,1642.0,2.0,45.0,1.0,1.0,6.0,1.0,0.0,0.0,3.0,1.0,,2.0,10.0
2025,4440.0,2.0,48.0,1.0,4.0,4.0,3.0,4.0,0.0,0.0,,0.0,,
2025,4440.0,1.0,16.0,5.0,4.0,3.0,3.0,3.0,0.0,0.0,,0.0,,
2025,4440.0,1.0,30.0,5.0,4.0,7.0,3.0,6.0,0.0,0.0,,0.0,,
2025,4440.0,1.0,46.0,1.0,4.0,2.0,1.0,0.0,0.0,2.0,0.0,,2.0,
2025,2398.0,1.0,40.0,1.0,2.0,6.0,1.0,0.0,1900000.0,1.0,0.0,2000000.0,3.0,3.0
2025,2398.0,1.0,41.0,1.0,12.0,5.0,1.0,0.0,1900000.0,1.0,0.0,1800000.0,2.0,6.0
2025,1845.0,1.0,36.0,5.0,1.0,4.0,1.0,0.0,0.0,3.0,1.0,,2.0,12.0
2025,3423.0,1.0,64.0,3.0,4.0,2.0,1.0,0.0,0.0,3.0,2.0,,2.0,
2025,3423.0,2.0,38.0,1.0,4.0,3.0,1.0,0.0,0.0,3.0,2.0,820000.0,2.0,
2025,3423.0,1.0,36.0,1.0,4.0,4.0,1.0,0.0,0.0,3.0,2.0,800000.0,2.0,5.0
2025,3423.0,1.0,17.0,5.0,4.0,3.0,3.0,3.0,0.0,0.0,,0.0,,
2025,3423.0,2.0,13.0,5.0,4.0,3.0,3.0,3.0,0.0,0.0,,0.0,,
2025,3423.0,1.0,13.0,5.0,4.0,1.0,3.0,3.0,0.0,0.0,,0.0,,
2025,3423.0,1.0,6.0,5.0,4.0,1.0,4.0,3.0,0.0,0.0,,0.0,,
2025,3423.0,2.0,90.0,5.0,1.0,2.0,3.0,7.0,0.0,0.0,,0.0,,
2025,2166.0,2.0,42.0,1.0,1.0,6.0,1.0,0.0,0.0,3.0,1.0,,2.0,
