zone,state,lga,sector,ea,hhid,Sec9_resp,s9q1a,s9q1b,s9q1c,s9q1d,s9q1e,s9q1f,s9q1g,s9q1h,s9q1i,s9q1j,s9q2a,s9q2b1,s9q2b,s9q4,s9q5__0,s9q5__1,s9q5__2,s9q5__3,s9q5__4,s9q5__5,s9q5__6,s9q5__7,s9q5__8,s9q5__9,s9q5__10,s9q5__11,s9q5__12,s9q5__13,s9q5__14,s9q5__15,s9q5__16,s9q5__17,s9q5__18,s9q5__19,s9q6_1,s9q6_2,s9q6_3,s9q6_os
4. South East,1. Abia,115. UMUAHIA NORTH,1. URBAN,670,10001,2,1. YES,1. YES,1. YES,2. NO,1. YES,1. YES,2. NO,2. NO,2. NO,2. NO,3,3,,2. NO,,,,,,,,,,,,,,,,,,,,,,,,
4. South East,1. Abia,115. UMUAHIA NORTH,1. URBAN,670,10002,2,2. NO,2. NO,2. NO,2. NO,1. YES,2. NO,2. NO,2. NO,2. NO,2. NO,3,3,,2. NO,,,,,,,,,,,,,,,,,,,,,,,,
4. South East,1. Abia,115. UMUAHIA NORTH,1. URBAN,670,10004,2,2. NO,2. NO,2. NO,2. NO,2. NO,2. NO,2. NO,2. NO,2. NO,2. NO,3,,,1. YES,0,0,0,0,0,0,0,0,0,0,1,0,0,0,0,0,0,0,0,0,12. LACK OF MONEY,13. LACK OF ACCESS TO MONEY AT THE BANK DUE TO NAIRA REDESIGN,,
4. South East,1. Abia,115. UMUAHIA NORTH,1. URBAN,670,10005,1,1. YES,2. NO,2. NO,1. YES,1. YES,1. YES,1. YES,2. NO,1. YES,2. NO,3,3,,2. NO,,,,,,,,,,,,,,,,,,,,,,,,
4. South East,1. Abia,115. UMUAHIA NORTH,1. URBAN,670,10008,2,1. YES,1. YES,1. YES,1. YES,1. YES,1. YES,2. NO,2. NO,1. YES,2. NO,3,4,,1. YES,0,0,0,0,0,0,0,0,0,1,0,1,1,1,0,0,0,0,0,0,12. LACK OF MONEY,13. LACK OF ACCESS TO MONEY AT THE BANK DUE TO NAIRA REDESIGN,,
4. South East,1. Abia,105. IKWUANO,2. RURAL,0,10009,2,2. NO,2. NO,2. NO,2. NO,2. NO,2. NO,2. NO,2. NO,2. NO,2. NO,3,3,,2. NO,,,,,,,,,,,,,,,,,,,,,,,,
4. South East,1. Abia,115. UMUAHIA NORTH,1. URBAN,670,10010,2,1. YES,1. YES,1. YES,2. NO,2. NO,2. NO,1. YES,2. NO,2. NO,2. NO,3,,,1. YES,0,0,0,0,0,0,0,0,1,1,1,1,1,1,0,0,0,0,0,0,12. LACK OF MONEY,13. LACK OF ACCESS TO MONEY AT THE BANK DUE TO NAIRA REDESIGN,,
4. South East,1. Abia,111. OSISIOMA,1. URBAN,1146,10031,1,1. YES,1. YES,2. NO,2. NO,1. YES,1. YES,1. YES,2. NO,1. YES,2. NO,3,3,,2. NO,,,,,,,,,,,,,,,,,,,,,,,,
4. South East,1. Abia,111. OSISIOMA,1. URBAN,1146,10032,2,2. NO,2. NO,2. NO,2. NO,1. YES,2. NO,2. NO,2. NO,2. NO,2. NO,3,,,1. YES,0,0,0,0,0,0,0,0,0,0,1,0,0,0,0,0,0,0,0,0,13. LACK OF ACCESS TO MONEY AT THE BANK DUE TO NAIRA REDESIGN,,,
4. South East,1. Abia,111. OSISIOMA,1. URBAN,1146,10033,2,1. YES,2. NO,1. YES,1. YES,1. YES,1. YES,1. YES,2. NO,2. NO,2. NO,3,3,,1. YES,0,0,0,0,0,0,0,0,0,1,0,0,0,0,0,0,0,0,0,0,12. LACK OF MONEY,13. LACK OF ACCESS TO MONEY AT THE BANK DUE TO NAIRA REDESIGN,,
4. South East,1. Abia,111. OSISIOMA,1. URBAN,1146,10034,2,1. YES,2. NO,1. YES,1. YES,1. YES,1. YES,2. NO,2. NO,2. NO,2. NO,3,3,,1. YES,0,0,0,0,0,0,0,0,0,0,1,0,0,0,0,0,0,0,0,0,12. LACK OF MONEY,13. LACK OF ACCESS TO MONEY AT THE BANK DUE TO NAIRA REDESIGN,,
4. South East,1. Abia,111. OSISIOMA,1. URBAN,1146,10035,2,2. NO,1. YES,1. YES,2. NO,2. NO,2. NO,2. NO,2. NO,2. NO,2. NO,3,,,2. NO,,,,,,,,,,,,,,,,,,,,,,,,
4. South East,1. Abia,111. OSISIOMA,1. URBAN,1146,10036,2,1. YES,1. YES,1. YES,1. YES,1. YES,1. YES,2. NO,2. NO,1. YES,2. NO,3,3,,2. NO,,,,,,,,,,,,,,,,,,,,,,,,
4. South East,1. Abia,111. OSISIOMA,1. URBAN,1146,10037,1,1. YES,1. YES,1. YES,1. YES,1. YES,1. YES,1. YES,2. NO,2. NO,2. NO,3,,,1. YES,0,0,0,0,0,0,0,0,0,1,1,1,1,1,0,0,0,0,0,0,5. FOOD IN THE MARKET WAS VERY EXPENSIVE,12. LACK OF MONEY,,
4. South East,1. Abia,111. OSISIOMA,1. URBAN,1146,10038,1,1. YES,1. YES,1. YES,1. YES,1. YES,1. YES,1. YES,2. NO,1. YES,2. NO,3,,,1. YES,0,0,0,0,0,0,0,0,0,1,1,1,1,1,0,0,0,0,0,0,12. LACK OF MONEY,13. LACK OF ACCESS TO MONEY AT THE BANK DUE TO NAIRA REDESIGN,,
5. South South,10. Delta,1015. OSHIMILI SOUTH,1. URBAN,0,10040,1,2. NO,2. NO,2. NO,2. NO,2. NO,2. NO,2. NO,2. NO,2. NO,2. NO,3,,,2. NO,,,,,,,,,,,,,,,,,,,,,,,,
4. South East,1. Abia,102. ABA SOUTH,1. URBAN,1690,10051,3,1. YES,1. YES,1. YES,1. YES,1. YES,1. YES,1. YES,2. NO,1. YES,2. NO,2,3,3,1. YES,0,0,0,0,1,0,0,0,0,0,0,0,0,1,0,0,0,0,0,0,5. FOOD IN THE MARKET WAS VERY EXPENSIVE,12. LACK OF MONEY,,
4. South East,14. Enugu,1412. NKANU WEST,2. RURAL,0,10052,2,1. YES,1. YES,1. YES,1. YES,1. YES,1. YES,1. YES,2. NO,1. YES,1. YES,2,2,,1. YES,1,0,0,0,0,0,0,0,0,0,0,0,0,0,0,0,0,0,0,0,12. LACK OF MONEY,5. FOOD IN THE MARKET WAS VERY EXPENSIVE,,
4. South East,1. Abia,115. UMUAHIA NORTH,1. URBAN,0,10053,5102,1. YES,2. NO,1. YES,1. YES,1. YES,1. YES,1. YES,2. NO,1. YES,2. NO,3,3,3,1. YES,0,0,0,0,0,0,0,0,0,0,1,0,0,0,0,0,0,0,0,0,13. LACK OF ACCESS TO MONEY AT THE BANK DUE TO NAIRA REDESIGN,12. LACK OF MONEY,,
4. South East,1. Abia,102. ABA SOUTH,1. URBAN,1690,10054,2,1. YES,1. YES,1. YES,1. YES,1. YES,1. YES,1. YES,2. NO,1. YES,2. NO,2,3,3,1. YES,0,0,0,0,1,0,0,0,0,0,0,0,1,0,0,0,0,0,0,0,5. FOOD IN THE MARKET WAS VERY EXPENSIVE,12. LACK OF MONEY,,
4. South East,1. Abia,102. ABA SOUTH,1. URBAN,0,10055,2,2. NO,2. NO,2. NO,2. NO,2. NO,2. NO,2. NO,2. NO,2. NO,2. NO,3,3,,2. NO,,,,,,,,,,,,,,,,,,,,,,,,
4. South East,1. Abia,102. ABA SOUTH,1. URBAN,1690,10056,201,1. YES,1. YES,1. YES,1. YES,1. YES,1. YES,1. YES,2. NO,1. YES,2. NO,3,3,,1. YES,0,0,0,0,0,0,0,0,0,1,1,0,0,0,0,0,0,0,0,0,1. INADEQUATE HOUSEHOLD FOOD STOCKS DUE TO DROUGHT/ POOR RAINS,5. FOOD IN THE MARKET WAS VERY EXPENSIVE,,
4. South East,1. Abia,102. ABA SOUTH,1. URBAN,1690,10057,1,1. YES,1. YES,1. YES,1. YES,1. YES,1. YES,1. YES,1. YES,1. YES,1. YES,2,,,1. YES,0,0,0,0,0,0,0,0,0,0,0,1,1,1,0,0,0,0,0,0,5. FOOD IN THE MARKET WAS VERY EXPENSIVE,6. UNABLE TO REACH THE MARKET DUE TO HIGH TRANSPORTATION COSTS,12. LACK OF MONEY,
4. South East,1. Abia,102. ABA SOUTH,1. URBAN,1690,10058,2,1. YES,1. YES,1. YES,2. NO,1. YES,1. YES,1. YES,2. NO,1. YES,1. YES,3,3,,1. YES,0,0,0,0,0,0,0,1,1,0,0,1,0,0,1,0,0,0,0,0,4. INADEQUATE HOUSEHOLD FOOD STOCKS DUE TO LACK OF FARM INPUTS,,,
4. South East,1. Abia,115. UMUAHIA NORTH,1. URBAN,0,10059,3,1. YES,2. NO,1. YES,1. YES,1. YES,1. YES,1. YES,2. NO,2. NO,2. NO,2,,,1. YES,0,0,0,0,0,0,0,0,0,1,1,0,0,0,0,0,0,0,0,0,13. LACK OF ACCESS TO MONEY AT THE BANK DUE TO NAIRA REDESIGN,12. LACK OF MONEY,,
4. South East,1. Abia,102. ABA SOUTH,1. URBAN,1690,10060,2,1. YES,1. YES,1. YES,1. YES,1. YES,1. YES,1. YES,1. YES,1. YES,1. YES,2,2,,1. YES,0,0,0,0,0,0,0,0,0,0,0,1,1,1,1,0,0,0,0,0,5. FOOD IN THE MARKET WAS VERY EXPENSIVE,6. UNABLE TO REACH THE MARKET DUE TO HIGH TRANSPORTATION COSTS,12. LACK OF MONEY,
4. South East,1. Abia,107. ISIALANGWA SOUTH,2. RURAL,1044,10061,2,1. YES,1. YES,1. YES,1. YES,1. YES,2. NO,1. YES,1. YES,1. YES,1. YES,3,4,,2. NO,,,,,,,,,,,,,,,,,,,,,,,,
4. South East,1. Abia,107. ISIALANGWA SOUTH,2. RURAL,1044,10062,1,1. YES,1. YES,1. YES,1. YES,1. YES,1. YES,1. YES,1. YES,1. YES,2. NO,3,,,2. NO,,,,,,,,,,,,,,,,,,,,,,,,
4. South East,1. Abia,107. ISIALANGWA SOUTH,2. RURAL,1044,10063,7,2. NO,2. NO,2. NO,2. NO,2. NO,2. NO,2. NO,2. NO,2. NO,2. NO,3,3,3,2. NO,,,,,,,,,,,,,,,,,,,,,,,,
4. South East,1. Abia,107. ISIALANGWA SOUTH,2. RURAL,1044,10064,5,2. NO,2. NO,2. NO,2. NO,2. NO,2. NO,2. NO,2. NO,2. NO,2. NO,3,,,2. NO,,,,,,,,,,,,,,,,,,,,,,,,
4. South East,1. Abia,106. ISIALANGWA NORTH,1. URBAN,0,10065,2,1. YES,2. NO,1. YES,2. NO,1. YES,1. YES,1. YES,2. NO,2. NO,2. NO,3,3,,1. YES,0,0,0,0,0,0,0,0,0,1,1,0,0,0,0,0,0,0,0,0,12. LACK OF MONEY,13. LACK OF ACCESS TO MONEY AT THE BANK DUE TO NAIRA REDESIGN,,
4. South East,1. Abia,107. ISIALANGWA SOUTH,2. RURAL,1044,10066,2,2. NO,2. NO,2. NO,2. NO,2. NO,2. NO,2. NO,2. NO,2. NO,2. NO,3,,,2. NO,,,,,,,,,,,,,,,,,,,,,,,,
4. South East,1. Abia,107. ISIALANGWA SOUTH,2. RURAL,1044,10067,2,1. YES,1. YES,1. YES,1. YES,1. YES,1. YES,1. YES,2. NO,1. YES,2. NO,3,3,,1. YES,0,0,0,1,0,0,0,0,0,1,0,0,0,0,1,0,0,0,0,0,5. FOOD IN THE MARKET WAS VERY EXPENSIVE,12. LACK OF MONEY,,
4. South East,1. Abia,114. UKWA WEST,2. RURAL,0,10068,3,1. YES,1. YES,1. YES,1. YES,1. YES,1. YES,1. YES,1. YES,1. YES,1. YES,1,2,2,1. YES,1,0,0,0,0,0,0,0,0,0,0,0,0,0,0,0,0,0,0,0,1. INADEQUATE HOUSEHOLD FOOD STOCKS DUE TO DROUGHT/ POOR RAINS,12. LACK OF MONEY,,
4. South East,1. Abia,107. ISIALANGWA SOUTH,2. RURAL,1044,10069,2101,1. YES,1. YES,1. YES,1. YES,1. YES,1. YES,1. YES,2. NO,1. YES,2. NO,3,3,,1. YES,0,0,0,0,0,0,0,0,0,1,0,0,0,1,0,0,0,0,0,0,5. FOOD IN THE MARKET WAS VERY EXPENSIVE,12. LACK OF MONEY,,
4. South East,1. Abia,107. ISIALANGWA SOUTH,2. RURAL,0,10070,2,1. YES,1. YES,1. YES,1. YES,1. YES,1. YES,1. YES,1. YES,1. YES,1. YES,4,3,,2. NO,,,,,,,,,,,,,,,,,,,,,,,,
4. South East,1. Abia,117. UMUNNEOCHI,2. RURAL,560,10072,1,1. YES,1. YES,1. YES,1. YES,1. YES,1. YES,1. YES,2. NO,1. YES,2. NO,2,2,,1. YES,0,0,0,0,0,0,0,0,0,1,1,0,0,0,0,0,0,0,0,0,13. LACK OF ACCESS TO MONEY AT THE BANK DUE TO NAIRA REDESIGN,12. LACK OF MONEY,5. FOOD IN THE MARKET WAS VERY EXPENSIVE,
4. South East,1. Abia,117. UMUNNEOCHI,2. RURAL,560,10073,1,1. YES,1. YES,1. YES,1. YES,1. YES,1. YES,1. YES,2. NO,2. NO,2. NO,2,,,2. NO,,,,,,,,,,,,,,,,,,,,,,,,
4. South East,1. Abia,117. UMUNNEOCHI,2. RURAL,560,10074,4,1. YES,1. YES,1. YES,1. YES,1. YES,1. YES,1. YES,2. NO,2. NO,2. NO,3,3,,1. YES,0,0,0,0,0,0,0,0,0,0,1,0,0,0,0,0,0,0,0,0,13. LACK OF ACCESS TO MONEY AT THE BANK DUE TO NAIRA REDESIGN,,,
4. South East,1. Abia,117. UMUNNEOCHI,2. RURAL,560,10075,1,1. YES,1. YES,1. YES,1. YES,1. YES,1. YES,1. YES,2. NO,2. NO,2. NO,2,,,2. NO,,,,,,,,,,,,,,,,,,,,,,,,
4. South East,1. Abia,117. UMUNNEOCHI,2. RURAL,560,10076,2,1. YES,1. YES,1. YES,1. YES,1. YES,1. YES,1. YES,2. NO,1. YES,2. NO,3,,,1. YES,0,0,0,0,0,0,0,0,1,1,1,1,1,1,0,0,0,0,0,0,12. LACK OF MONEY,13. LACK OF ACCESS TO MONEY AT THE BANK DUE TO NAIRA REDESIGN,5. FOOD IN THE MARKET WAS VERY EXPENSIVE,
4. South East,1. Abia,117. UMUNNEOCHI,2. RURAL,560,10077,2,1. YES,1. YES,1. YES,1. YES,1. YES,1. YES,1. YES,2. NO,2. NO,2. NO,2,,,1. YES,0,0,0,0,0,0,0,0,0,0,1,0,0,0,0,0,0,0,0,0,13. LACK OF ACCESS TO MONEY AT THE BANK DUE TO NAIRA REDESIGN,,,
4. South East,1. Abia,117. UMUNNEOCHI,2. RURAL,560,10078,1303,1. YES,1. YES,1. YES,1. YES,1. YES,1. YES,1. YES,2. NO,1. YES,2. NO,3,,,1. YES,0,0,0,0,0,0,0,0,0,1,1,1,1,1,0,0,0,0,0,0,5. FOOD IN THE MARKET WAS VERY EXPENSIVE,12. LACK OF MONEY,13. LACK OF ACCESS TO MONEY AT THE BANK DUE TO NAIRA REDESIGN,
4. South East,1. Abia,117. UMUNNEOCHI,2. RURAL,560,10079,5101,1. YES,1. YES,1. YES,1. YES,1. YES,1. YES,1. YES,2. NO,1. YES,2. NO,3,5,5,1. YES,0,0,0,0,0,0,0,0,0,1,1,1,1,1,0,0,0,0,0,0,5. FOOD IN THE MARKET WAS VERY EXPENSIVE,12. LACK OF MONEY,13. LACK OF ACCESS TO MONEY AT THE BANK DUE TO NAIRA REDESIGN,
4. South East,1. Abia,117. UMUNNEOCHI,2. RURAL,560,10080,1,1. YES,1. YES,1. YES,1. YES,1. YES,1. YES,2. NO,2. NO,2. NO,2. NO,3,,,1. YES,0,0,0,0,0,0,0,0,0,1,1,0,0,0,0,0,0,0,0,0,13. LACK OF ACCESS TO MONEY AT THE BANK DUE TO NAIRA REDESIGN,12. LACK OF MONEY,,
4. South East,1. Abia,105. IKWUANO,2. RURAL,638,10091,2,2. NO,2. NO,2. NO,2. NO,2. NO,2. NO,2. NO,2. NO,2. NO,2. NO,3,,,1. YES,0,0,0,0,0,0,0,0,0,0,0,0,1,1,0,0,0,0,0,0,13. LACK OF ACCESS TO MONEY AT THE BANK DUE TO NAIRA REDESIGN,12. LACK OF MONEY,5. FOOD IN THE MARKET WAS VERY EXPENSIVE,
4. South East,1. Abia,105. IKWUANO,2. RURAL,638,10092,1,1. YES,2. NO,1. YES,1. YES,1. YES,1. YES,1. YES,2. NO,1. YES,2. NO,3,3,,1. YES,0,0,0,0,0,0,0,0,0,0,1,0,0,0,0,0,0,0,0,0,13. LACK OF ACCESS TO MONEY AT THE BANK DUE TO NAIRA REDESIGN,12. LACK OF MONEY,,
4. South East,1. Abia,105. IKWUANO,2. RURAL,638,10094,2,1. YES,2. NO,1. YES,1. YES,1. YES,2. NO,1. YES,2. NO,1. YES,2. NO,3,3,,1. YES,0,0,0,0,0,0,0,0,0,1,1,0,0,0,0,0,0,0,0,0,13. LACK OF ACCESS TO MONEY AT THE BANK DUE TO NAIRA REDESIGN,,,
4. South East,1. Abia,105. IKWUANO,2. RURAL,638,10096,5,2. NO,2. NO,1. YES,2. NO,1. YES,2. NO,2. NO,2. NO,2. NO,2. NO,3,,,1. YES,0,0,0,0,0,0,0,0,0,1,1,0,0,0,0,0,0,0,0,0,13. LACK OF ACCESS TO MONEY AT THE BANK DUE TO NAIRA REDESIGN,12. LACK OF MONEY,,
4. South East,1. Abia,105. IKWUANO,2. RURAL,638,10097,1302,1. YES,1. YES,1. YES,1. YES,1. YES,1. YES,1. YES,1. YES,1. YES,2. NO,2,3,,1. YES,0,0,0,0,0,0,0,0,0,0,0,0,1,1,1,0,0,0,0,0,5. FOOD IN THE MARKET WAS VERY EXPENSIVE,6. UNABLE TO REACH THE MARKET DUE TO HIGH TRANSPORTATION COSTS,,
4. South East,1. Abia,105. IKWUANO,2. RURAL,638,10099,5101,1. YES,1. YES,1. YES,2. NO,1. YES,1. YES,2. NO,2. NO,2. NO,2. NO,3,,,1. YES,0,0,0,0,0,0,0,0,0,1,1,1,0,0,0,0,0,0,0,0,5. FOOD IN THE MARKET WAS VERY EXPENSIVE,12. LACK OF MONEY,13. LACK OF ACCESS TO MONEY AT THE BANK DUE TO NAIRA REDESIGN,
4. South East,1. Abia,105. IKWUANO,2. RURAL,638,10100,2,1. YES,1. YES,1. YES,1. YES,1. YES,1. YES,1. YES,2. NO,1. YES,2. NO,2,3,,1. YES,0,0,0,0,0,0,0,0,0,1,1,1,0,0,0,0,0,0,0,0,12. LACK OF MONEY,,,
4. South East,1. Abia,108. ISIUKWUATO,2. RURAL,904,10102,1,2. NO,2. NO,2. NO,2. NO,2. NO,2. NO,2. NO,2. NO,2. NO,2. NO,3,,,2. NO,,,,,,,,,,,,,,,,,,,,,,,,
4. South East,1. Abia,108. ISIUKWUATO,2. RURAL,904,10103,2,1. YES,2. NO,1. YES,1. YES,1. YES,1. YES,1. YES,2. NO,1. YES,2. NO,3,3,3,1. YES,0,0,0,0,0,0,0,0,0,1,0,0,0,0,0,0,0,0,0,0,12. LACK OF MONEY,13. LACK OF ACCESS TO MONEY AT THE BANK DUE TO NAIRA REDESIGN,,
4. South East,1. Abia,108. ISIUKWUATO,2. RURAL,904,10104,1,1. YES,2. NO,1. YES,2. NO,1. YES,1. YES,1. YES,2. NO,2. NO,2. NO,3,,,1. YES,0,0,0,0,0,0,0,0,0,0,1,0,0,0,0,0,0,0,0,0,13. LACK OF ACCESS TO MONEY AT THE BANK DUE TO NAIRA REDESIGN,,,
4. South East,1. Abia,108. ISIUKWUATO,2. RURAL,904,10105,1,1. YES,2. NO,1. YES,2. NO,1. YES,1. YES,2. NO,2. NO,2. NO,2. NO,3,,,1. YES,0,0,0,0,0,0,0,0,0,0,1,0,0,0,0,0,0,0,0,0,12. LACK OF MONEY,13. LACK OF ACCESS TO MONEY AT THE BANK DUE TO NAIRA REDESIGN,,
4. South East,1. Abia,108. ISIUKWUATO,2. RURAL,904,10106,1,1. YES,1. YES,1. YES,1. YES,1. YES,1. YES,1. YES,2. NO,2. NO,2. NO,2,,,1. YES,0,0,0,0,0,0,0,0,0,1,1,0,1,1,0,0,0,0,0,0,12. LACK OF MONEY,5. FOOD IN THE MARKET WAS VERY EXPENSIVE,6. UNABLE TO REACH THE MARKET DUE TO HIGH TRANSPORTATION COSTS,
4. South East,1. Abia,108. ISIUKWUATO,2. RURAL,904,10107,5101,1. YES,2. NO,2. NO,1. YES,1. YES,1. YES,1. YES,2. NO,2. NO,2. NO,2,,,1. YES,0,0,0,0,0,0,0,0,0,0,0,0,1,1,0,0,0,0,0,0,12. LACK OF MONEY,13. LACK OF ACCESS TO MONEY AT THE BANK DUE TO NAIRA REDESIGN,,
4. South East,1. Abia,108. ISIUKWUATO,2. RURAL,904,10108,3,1. YES,1. YES,1. YES,1. YES,1. YES,1. YES,1. YES,2. NO,1. YES,1. YES,2,3,,1. YES,0,0,0,0,0,0,0,0,1,1,1,1,0,0,0,0,0,0,0,0,13. LACK OF ACCESS TO MONEY AT THE BANK DUE TO NAIRA REDESIGN,12. LACK OF MONEY,,
4. South East,1. Abia,108. ISIUKWUATO,2. RURAL,904,10109,5101,1. YES,1. YES,1. YES,1. YES,1. YES,2. NO,2. NO,2. NO,1. YES,2. NO,3,,,1. YES,0,0,0,0,0,0,0,0,0,1,1,1,0,0,0,0,0,0,0,0,12. LACK OF MONEY,13. LACK OF ACCESS TO MONEY AT THE BANK DUE TO NAIRA REDESIGN,,
4. South East,1. Abia,108. ISIUKWUATO,2. RURAL,904,10110,2,1. YES,1. YES,1. YES,1. YES,1. YES,1. YES,1. YES,2. NO,1. YES,2. NO,2,3,,1. YES,0,0,0,0,0,0,0,0,1,1,1,1,1,0,0,0,0,0,0,0,12. LACK OF MONEY,,,
4. South East,1. Abia,102. ABA SOUTH,1. URBAN,46,19001,1,1. YES,1. YES,1. YES,1. YES,1. YES,1. YES,1. YES,2. NO,1. YES,2. NO,3,3,,1. YES,0,0,0,0,0,0,0,0,0,1,1,0,0,0,0,0,0,0,0,0,13. LACK OF ACCESS TO MONEY AT THE BANK DUE TO NAIRA REDESIGN,12. LACK OF MONEY,5. FOOD IN THE MARKET WAS VERY EXPENSIVE,
4. South East,1. Abia,102. ABA SOUTH,1. URBAN,46,19002,2,1. YES,1. YES,1. YES,1. YES,1. YES,1. YES,1. YES,2. NO,2. NO,2. NO,2,3,,1. YES,0,0,0,0,0,0,0,0,0,1,1,0,0,0,0,0,0,0,0,0,13. LACK OF ACCESS TO MONEY AT THE BANK DUE TO NAIRA REDESIGN,12. LACK OF MONEY,5. FOOD IN THE MARKET WAS VERY EXPENSIVE,
4. South East,1. Abia,102. ABA SOUTH,1. URBAN,46,19005,2,1. YES,1. YES,2. NO,2. NO,1. YES,1. YES,1. YES,2. NO,2. NO,2. NO,2,3,,1. YES,0,0,0,0,0,0,0,0,0,1,1,0,0,0,0,0,0,0,0,0,5. FOOD IN THE MARKET WAS VERY EXPENSIVE,12. LACK OF MONEY,13. LACK OF ACCESS TO MONEY AT THE BANK DUE TO NAIRA REDESIGN,
4. South East,1. Abia,102. ABA SOUTH,1. URBAN,46,19006,2,1. YES,2. NO,1. YES,2. NO,1. YES,1. YES,2. NO,2. NO,2. NO,2. NO,3,3,,1. YES,0,0,0,0,0,0,0,0,0,0,1,0,0,0,0,0,0,0,0,0,12. LACK OF MONEY,13. LACK OF ACCESS TO MONEY AT THE BANK DUE TO NAIRA REDESIGN,,
4. South East,1. Abia,102. ABA SOUTH,1. URBAN,46,19007,1,2. NO,2. NO,1. YES,2. NO,1. YES,2. NO,2. NO,2. NO,2. NO,2. NO,3,,,1. YES,0,0,0,0,0,0,0,0,0,1,0,0,0,0,0,0,0,0,0,0,12. LACK OF MONEY,13. LACK OF ACCESS TO MONEY AT THE BANK DUE TO NAIRA REDESIGN,,
4. South East,1. Abia,102. ABA SOUTH,1. URBAN,46,19008,2,1. YES,2. NO,1. YES,1. YES,1. YES,1. YES,1. YES,2. NO,2. NO,2. NO,3,3,,1. YES,0,0,0,0,0,0,0,0,0,0,1,1,1,0,0,0,0,0,0,0,13. LACK OF ACCESS TO MONEY AT THE BANK DUE TO NAIRA REDESIGN,12. LACK OF MONEY,,
4. South East,1. Abia,102. ABA SOUTH,1. URBAN,46,19010,1,1. YES,1. YES,1. YES,1. YES,1. YES,1. YES,1. YES,2. NO,1. YES,2. NO,3,,,1. YES,0,0,0,0,0,0,0,0,1,1,1,1,0,1,0,0,0,0,0,0,12. LACK OF MONEY,13. LACK OF ACCESS TO MONEY AT THE BANK DUE TO NAIRA REDESIGN,,
4. South East,1. Abia,102. ABA SOUTH,1. URBAN,46,19012,2,1. YES,1. YES,1. YES,2. NO,1. YES,1. YES,2. NO,2. NO,2. NO,2. NO,3,,,1. YES,0,0,0,0,0,0,0,0,1,1,1,1,1,1,0,0,0,0,0,0,5. FOOD IN THE MARKET WAS VERY EXPENSIVE,12. LACK OF MONEY,13. LACK OF ACCESS TO MONEY AT THE BANK DUE TO NAIRA REDESIGN,
4. South East,1. Abia,102. ABA SOUTH,1. URBAN,806,19015,2,1. YES,1. YES,1. YES,1. YES,1. YES,1. YES,1. YES,1. YES,1. YES,1. YES,2,2,,1. YES,1,0,0,0,0,0,0,0,0,0,0,0,0,0,0,0,0,0,0,0,5. FOOD IN THE MARKET WAS VERY EXPENSIVE,12. LACK OF MONEY,,
4. South East,14. Enugu,1412. NKANU WEST,1. URBAN,0,19017,2,1. YES,1. YES,2. NO,1. YES,1. YES,2. NO,1. YES,1. YES,1. YES,1. YES,3,4,,1. YES,0,0,0,0,0,0,0,0,0,0,0,0,0,1,1,1,1,1,0,0,5. FOOD IN THE MARKET WAS VERY EXPENSIVE,,,
4. South East,1. Abia,102. ABA SOUTH,1. URBAN,806,19018,1,1. YES,1. YES,1. YES,1. YES,1. YES,1. YES,1. YES,2. NO,1. YES,2. NO,2,3,,1. YES,0,0,0,0,0,0,0,0,0,0,1,0,0,0,1,0,0,0,0,0,5. FOOD IN THE MARKET WAS VERY EXPENSIVE,12. LACK OF MONEY,,
4. South East,4. Anambra,402. ANAMBRA EAST,1. URBAN,0,19019,2,1. YES,2. NO,1. YES,1. YES,1. YES,2. NO,1. YES,2. NO,1. YES,2. NO,2,,3,2. NO,,,,,,,,,,,,,,,,,,,,,,,,
4. South East,1. Abia,102. ABA SOUTH,1. URBAN,806,19020,1,1. YES,1. YES,1. YES,1. YES,1. YES,1. YES,1. YES,1. YES,1. YES,1. YES,2,3,3,1. YES,0,0,0,0,0,0,0,0,0,1,1,1,1,1,1,0,0,0,0,0,12. LACK OF MONEY,5. FOOD IN THE MARKET WAS VERY EXPENSIVE,,
4. South East,1. Abia,102. ABA SOUTH,1. URBAN,806,19023,1301,1. YES,1. YES,1. YES,1. YES,1. YES,1. YES,1. YES,1. YES,1. YES,1. YES,2,,,1. YES,1,0,0,0,0,0,0,0,0,0,0,0,0,0,0,0,0,0,0,0,1. INADEQUATE HOUSEHOLD FOOD STOCKS DUE TO DROUGHT/ POOR RAINS,12. LACK OF MONEY,,
4. South East,1. Abia,102. ABA SOUTH,1. URBAN,806,19024,2,1. YES,1. YES,1. YES,1. YES,1. YES,1. YES,1. YES,1. YES,1. YES,1. YES,2,3,,1. YES,0,0,0,0,0,0,0,0,0,1,1,1,1,1,1,0,0,0,0,0,12. LACK OF MONEY,8. FLOODS/WATER LOGGING,,
4. South East,1. Abia,102. ABA SOUTH,1. URBAN,2486,19025,2,1. YES,1. YES,1. YES,1. YES,1. YES,1. YES,1. YES,1. YES,1. YES,1. YES,3,,,2. NO,,,,,,,,,,,,,,,,,,,,,,,,
4. South East,1. Abia,102. ABA SOUTH,1. URBAN,2486,19026,2,1. YES,1. YES,1. YES,1. YES,1. YES,1. YES,1. YES,1. YES,1. YES,2. NO,3,,,1. YES,0,0,0,0,0,0,0,0,1,1,1,1,0,0,0,0,0,0,0,0,5. FOOD IN THE MARKET WAS VERY EXPENSIVE,12. LACK OF MONEY,,
4. South East,1. Abia,102. ABA SOUTH,1. URBAN,2486,19029,1,1. YES,1. YES,1. YES,1. YES,1. YES,1. YES,1. YES,1. YES,1. YES,1. YES,3,,,2. NO,,,,,,,,,,,,,,,,,,,,,,,,
4. South East,1. Abia,102. ABA SOUTH,1. URBAN,2486,19031,2,1. YES,1. YES,1. YES,1. YES,1. YES,1. YES,1. YES,1. YES,1. YES,1. YES,2,2,,2. NO,,,,,,,,,,,,,,,,,,,,,,,,
4. South East,1. Abia,102. ABA SOUTH,1. URBAN,2486,19032,2,1. YES,1. YES,1. YES,1. YES,1. YES,1. YES,1. YES,1. YES,1. YES,1. YES,2,3,3,2. NO,,,,,,,,,,,,,,,,,,,,,,,,
4. South East,1. Abia,102. ABA SOUTH,1. URBAN,2486,19033,2,2. NO,2. NO,2. NO,2. NO,2. NO,2. NO,2. NO,2. NO,2. NO,2. NO,3,3,,2. NO,,,,,,,,,,,,,,,,,,,,,,,,
4. South East,1. Abia,102. ABA SOUTH,1. URBAN,2486,19035,1,1. YES,1. YES,1. YES,1. YES,1. YES,1. YES,1. YES,2. NO,1. YES,2. NO,3,,,2. NO,,,,,,,,,,,,,,,,,,,,,,,,
4. South East,1. Abia,102. ABA SOUTH,1. URBAN,2486,19036,2,1. YES,1. YES,1. YES,1. YES,1. YES,1. YES,1. YES,1. YES,1. YES,2. NO,2,3,,1. YES,0,0,0,0,0,0,0,0,0,1,0,0,0,1,0,0,0,0,0,0,5. FOOD IN THE MARKET WAS VERY EXPENSIVE,12. LACK OF MONEY,,
4. South East,1. Abia,104. BENDE,2. RURAL,412,19037,1,2. NO,2. NO,2. NO,2. NO,2. NO,2. NO,1. YES,2. NO,1. YES,2. NO,3,4,4,2. NO,,,,,,,,,,,,,,,,,,,,,,,,
4. South East,1. Abia,104. BENDE,2. RURAL,412,19038,1,2. NO,2. NO,1. YES,2. NO,1. YES,2. NO,2. NO,2. NO,2. NO,2. NO,3,3,,1. YES,0,0,0,0,0,0,0,0,0,1,1,0,0,0,0,0,0,0,0,0,13. LACK OF ACCESS TO MONEY AT THE BANK DUE TO NAIRA REDESIGN,12. LACK OF MONEY,,
4. South East,1. Abia,104. BENDE,2. RURAL,412,19039,3,1. YES,1. YES,1. YES,1. YES,1. YES,1. YES,1. YES,2. NO,2. NO,1. YES,2,,,1. YES,0,0,0,0,0,0,0,0,0,1,1,1,1,0,0,0,0,0,0,0,12. LACK OF MONEY,,,
4. South East,1. Abia,104. BENDE,2. RURAL,412,19040,5101,1. YES,1. YES,1. YES,1. YES,1. YES,1. YES,1. YES,1. YES,2. NO,2. NO,3,,,1. YES,0,0,0,0,0,0,0,0,0,0,1,1,1,0,0,0,0,0,0,0,12. LACK OF MONEY,13. LACK OF ACCESS TO MONEY AT THE BANK DUE TO NAIRA REDESIGN,,
4. South East,1. Abia,104. BENDE,2. RURAL,412,19041,1,2. NO,2. NO,1. YES,2. NO,2. NO,2. NO,2. NO,2. NO,2. NO,2. NO,3,,,1. YES,0,0,0,0,0,0,0,0,0,1,0,0,0,0,0,0,0,0,0,0,13. LACK OF ACCESS TO MONEY AT THE BANK DUE TO NAIRA REDESIGN,,,
4. South East,1. Abia,104. BENDE,2. RURAL,412,19043,1,2. NO,1. YES,1. YES,2. NO,2. NO,2. NO,2. NO,2. NO,2. NO,2. NO,2,,,2. NO,,,,,,,,,,,,,,,,,,,,,,,,
4. South East,1. Abia,104. BENDE,2. RURAL,412,19044,101,1. YES,1. YES,1. YES,1. YES,1. YES,1. YES,1. YES,2. NO,2. NO,2. NO,3,,,1. YES,0,0,0,0,0,0,0,0,0,0,1,1,1,0,0,0,0,0,0,0,12. LACK OF MONEY,13. LACK OF ACCESS TO MONEY AT THE BANK DUE TO NAIRA REDESIGN,,
4. South East,1. Abia,104. BENDE,2. RURAL,412,19045,2,2. NO,2. NO,2. NO,2. NO,1. YES,2. NO,2. NO,2. NO,1. YES,2. NO,2,3,,2. NO,,,,,,,,,,,,,,,,,,,,,,,,
4. South East,1. Abia,104. BENDE,2. RURAL,412,19047,2,1. YES,2. NO,2. NO,2. NO,2. NO,2. NO,2. NO,2. NO,2. NO,2. NO,3,3,,2. NO,,,,,,,,,,,,,,,,,,,,,,,,
4. South East,1. Abia,104. BENDE,2. RURAL,412,19048,5101,1. YES,1. YES,1. YES,1. YES,1. YES,1. YES,1. YES,2. NO,1. YES,2. NO,3,3,,1. YES,0,0,0,0,0,0,0,0,0,1,0,0,0,0,0,0,0,0,0,0,13. LACK OF ACCESS TO MONEY AT THE BANK DUE TO NAIRA REDESIGN,12. LACK OF MONEY,,
4. South East,1. Abia,104. BENDE,2. RURAL,1020,19049,2,1. YES,2. NO,1. YES,1. YES,1. YES,1. YES,2. NO,2. NO,1. YES,2. NO,2,3,3,2. NO,,,,,,,,,,,,,,,,,,,,,,,,
4. South East,1. Abia,104. BENDE,2. RURAL,1020,19050,2,1. YES,1. YES,1. YES,1. YES,1. YES,1. YES,1. YES,2. NO,2. NO,2. NO,2,3,5,1. YES,0,0,0,0,0,0,0,0,0,0,1,1,1,1,1,0,0,0,0,0,12. LACK OF MONEY,13. LACK OF ACCESS TO MONEY AT THE BANK DUE TO NAIRA REDESIGN,5. FOOD IN THE MARKET WAS VERY EXPENSIVE,
4. South East,1. Abia,104. BENDE,2. RURAL,1020,19051,1,1. YES,1. YES,1. YES,1. YES,1. YES,1. YES,1. YES,2. NO,1. YES,2. NO,2,3,,1. YES,1,0,0,0,0,0,0,0,0,0,0,0,0,0,0,0,0,0,0,0,5. FOOD IN THE MARKET WAS VERY EXPENSIVE,12. LACK OF MONEY,,
4. South East,1. Abia,104. BENDE,2. RURAL,1020,19052,2,1. YES,1. YES,1. YES,1. YES,1. YES,1. YES,2. NO,2. NO,2. NO,2. NO,2,,,2. NO,,,,,,,,,,,,,,,,,,,,,,,,
4. South East,1. Abia,104. BENDE,2. RURAL,1020,19054,2,1. YES,1. YES,2. NO,2. NO,2. NO,2. NO,2. NO,2. NO,2. NO,2. NO,3,,,1. YES,0,0,0,0,1,0,0,0,0,1,0,0,0,0,0,0,0,0,0,0,12. LACK OF MONEY,13. LACK OF ACCESS TO MONEY AT THE BANK DUE TO NAIRA REDESIGN,,
4. South East,1. Abia,104. BENDE,2. RURAL,1020,19055,1901,1. YES,1. YES,1. YES,2. NO,1. YES,1. YES,1. YES,2. NO,1. YES,2. NO,2,3,,1. YES,0,0,0,0,0,0,0,0,0,1,0,0,0,0,0,0,0,0,0,0,12. LACK OF MONEY,,,
4. South East,1. Abia,104. BENDE,2. RURAL,1020,19056,5101,1. YES,2. NO,1. YES,2. NO,2. NO,2. NO,2. NO,2. NO,2. NO,2. NO,2,,,2. NO,,,,,,,,,,,,,,,,,,,,,,,,
4. South East,1. Abia,104. BENDE,2. RURAL,1020,19058,2,1. YES,1. YES,1. YES,1. YES,1. YES,1. YES,1. YES,1. YES,1. YES,2. NO,2,3,4,1. YES,0,0,0,0,0,0,0,0,0,1,1,0,0,0,0,0,0,0,0,0,12. LACK OF MONEY,5. FOOD IN THE MARKET WAS VERY EXPENSIVE,6. UNABLE TO REACH THE MARKET DUE TO HIGH TRANSPORTATION COSTS,
4. South East,1. Abia,107. ISIALANGWA SOUTH,2. RURAL,10,19061,1,1. YES,1. YES,1. YES,1. YES,1. YES,1. YES,2. NO,2. NO,2. NO,2. NO,3,,,2. NO,,,,,,,,,,,,,,,,,,,,,,,,
4. South East,1. Abia,107. ISIALANGWA SOUTH,2. RURAL,10,19062,4,2. NO,2. NO,2. NO,2. NO,2. NO,2. NO,2. NO,2. NO,2. NO,1. YES,3,3,3,2. NO,,,,,,,,,,,,,,,,,,,,,,,,
4. South East,1. Abia,107. ISIALANGWA SOUTH,2. RURAL,10,19063,1,2. NO,2. NO,2. NO,2. NO,2. NO,2. NO,2. NO,2. NO,2. NO,2. NO,3,,,2. NO,,,,,,,,,,,,,,,,,,,,,,,,
4. South East,1. Abia,107. ISIALANGWA SOUTH,2. RURAL,10,19064,2,1. YES,1. YES,1. YES,1. YES,1. YES,1. YES,1. YES,1. YES,1. YES,1. YES,3,,3,2. NO,,,,,,,,,,,,,,,,,,,,,,,,
4. South East,1. Abia,107. ISIALANGWA SOUTH,2. RURAL,10,19066,2,1. YES,1. YES,1. YES,1. YES,1. YES,1. YES,1. YES,1. YES,1. YES,1. YES,3,3,,2. NO,,,,,,,,,,,,,,,,,,,,,,,,
4. South East,1. Abia,107. ISIALANGWA SOUTH,2. RURAL,10,19068,2,1. YES,1. YES,1. YES,1. YES,1. YES,1. YES,1. YES,1. YES,1. YES,1. YES,3,3,,2. NO,,,,,,,,,,,,,,,,,,,,,,,,
4. South East,1. Abia,107. ISIALANGWA SOUTH,2. RURAL,10,19069,2,1. YES,1. YES,1. YES,1. YES,1. YES,1. YES,1. YES,2. NO,1. YES,2. NO,3,3,,1. YES,0,0,0,0,0,0,0,0,0,0,1,0,0,0,0,0,0,0,0,0,5. FOOD IN THE MARKET WAS VERY EXPENSIVE,12. LACK OF MONEY,,
4. South East,1. Abia,107. ISIALANGWA SOUTH,2. RURAL,10,19070,2,1. YES,1. YES,1. YES,1. YES,1. YES,1. YES,1. YES,2. NO,1. YES,1. YES,2,,,1. YES,0,0,0,0,0,0,1,0,1,0,0,0,1,0,1,0,0,0,0,0,5. FOOD IN THE MARKET WAS VERY EXPENSIVE,12. LACK OF MONEY,,
4. South East,1. Abia,107. ISIALANGWA SOUTH,2. RURAL,10,19071,2,1. YES,1. YES,1. YES,1. YES,1. YES,1. YES,1. YES,2. NO,1. YES,1. YES,2,3,3,1. YES,0,0,0,1,0,1,0,0,0,1,0,0,0,0,0,0,0,0,0,0,5. FOOD IN THE MARKET WAS VERY EXPENSIVE,12. LACK OF MONEY,,
4. South East,1. Abia,107. ISIALANGWA SOUTH,2. RURAL,10,19072,101,1. YES,1. YES,1. YES,1. YES,1. YES,1. YES,1. YES,2. NO,1. YES,2. NO,3,,,1. YES,0,0,0,0,0,1,0,0,0,0,0,1,0,0,0,0,0,0,0,0,5. FOOD IN THE MARKET WAS VERY EXPENSIVE,12. LACK OF MONEY,,
4. South East,1. Abia,107. ISIALANGWA SOUTH,2. RURAL,1322,19073,2,1. YES,1. YES,1. YES,1. YES,1. YES,1. YES,2. NO,2. NO,1. YES,2. NO,3,3,3,2. NO,,,,,,,,,,,,,,,,,,,,,,,,
4. South East,1. Abia,107. ISIALANGWA SOUTH,2. RURAL,1322,19075,2,1. YES,1. YES,1. YES,1. YES,1. YES,1. YES,1. YES,2. NO,1. YES,2. NO,3,3,,2. NO,,,,,,,,,,,,,,,,,,,,,,,,
4. South East,1. Abia,107. ISIALANGWA SOUTH,2. RURAL,1322,19076,2,1. YES,1. YES,1. YES,1. YES,1. YES,1. YES,1. YES,1. YES,1. YES,1. YES,2,3,3,1. YES,0,0,0,0,0,1,0,1,0,0,1,0,0,0,0,0,0,0,0,0,4. INADEQUATE HOUSEHOLD FOOD STOCKS DUE TO LACK OF FARM INPUTS,12. LACK OF MONEY,,
4. South East,1. Abia,107. ISIALANGWA SOUTH,2. RURAL,1322,19077,5102,1. YES,1. YES,1. YES,1. YES,1. YES,1. YES,1. YES,1. YES,1. YES,1. YES,2,2,,1. YES,0,0,0,0,0,0,0,0,0,0,0,0,1,1,1,0,0,0,0,0,5. FOOD IN THE MARKET WAS VERY EXPENSIVE,6. UNABLE TO REACH THE MARKET DUE TO HIGH TRANSPORTATION COSTS,12. LACK OF MONEY,
4. South East,1. Abia,107. ISIALANGWA SOUTH,2. RURAL,1322,19079,1,1. YES,1. YES,1. YES,1. YES,1. YES,1. YES,1. YES,1. YES,1. YES,1. YES,2,,,2. NO,,,,,,,,,,,,,,,,,,,,,,,,
4. South East,1. Abia,107. ISIALANGWA SOUTH,2. RURAL,1322,19080,1,1. YES,1. YES,1. YES,2. NO,1. YES,1. YES,2. NO,2. NO,1. YES,2. NO,3,3,,2. NO,,,,,,,,,,,,,,,,,,,,,,,,
4. South East,1. Abia,107. ISIALANGWA SOUTH,2. RURAL,1322,19081,1,1. YES,1. YES,1. YES,1. YES,1. YES,1. YES,1. YES,2. NO,1. YES,2. NO,2,,,1. YES,0,0,0,0,0,0,0,0,1,0,0,0,1,0,0,0,0,0,0,0,5. FOOD IN THE MARKET WAS VERY EXPENSIVE,12. LACK OF MONEY,,
4. South East,1. Abia,107. ISIALANGWA SOUTH,2. RURAL,1322,19082,1,1. YES,1. YES,1. YES,1. YES,1. YES,1. YES,1. YES,2. NO,1. YES,2. NO,2,,,1. YES,0,0,0,0,0,0,0,0,0,0,0,1,0,0,1,0,0,0,0,0,5. FOOD IN THE MARKET WAS VERY EXPENSIVE,12. LACK OF MONEY,,
4. South East,1. Abia,107. ISIALANGWA SOUTH,2. RURAL,1322,19084,2,1. YES,1. YES,1. YES,1. YES,1. YES,1. YES,1. YES,2. NO,1. YES,2. NO,3,4,,1. YES,0,0,0,0,0,0,1,0,0,0,0,0,1,0,0,0,0,0,0,0,5. FOOD IN THE MARKET WAS VERY EXPENSIVE,12. LACK OF MONEY,,
4. South East,1. Abia,109. OBINGWA,2. RURAL,1214,19085,2,1. YES,1. YES,1. YES,1. YES,1. YES,1. YES,1. YES,1. YES,1. YES,2. NO,2,,,2. NO,,,,,,,,,,,,,,,,,,,,,,,,
4. South East,1. Abia,109. OBINGWA,2. RURAL,1214,19087,2,1. YES,1. YES,1. YES,1. YES,1. YES,1. YES,1. YES,1. YES,1. YES,1. YES,2,2,,2. NO,,,,,,,,,,,,,,,,,,,,,,,,
4. South East,1. Abia,109. OBINGWA,2. RURAL,1214,19088,2,2. NO,2. NO,2. NO,2. NO,2. NO,2. NO,2. NO,2. NO,2. NO,2. NO,2,2,,2. NO,,,,,,,,,,,,,,,,,,,,,,,,
4. South East,1. Abia,109. OBINGWA,2. RURAL,1214,19089,1,1. YES,1. YES,1. YES,1. YES,1. YES,1. YES,1. YES,2. NO,1. YES,2. NO,3,,4,1. YES,0,0,0,0,1,0,0,0,0,0,0,1,0,0,0,0,0,0,0,0,5. FOOD IN THE MARKET WAS VERY EXPENSIVE,12. LACK OF MONEY,,
4. South East,1. Abia,109. OBINGWA,2. RURAL,1214,19091,1,1. YES,1. YES,1. YES,1. YES,1. YES,1. YES,1. YES,1. YES,1. YES,1. YES,2,,,2. NO,,,,,,,,,,,,,,,,,,,,,,,,
4. South East,1. Abia,109. OBINGWA,2. RURAL,1214,19092,2,1. YES,1. YES,1. YES,1. YES,1. YES,1. YES,1. YES,1. YES,1. YES,1. YES,2,3,4,2. NO,,,,,,,,,,,,,,,,,,,,,,,,
4. South East,1. Abia,109. OBINGWA,2. RURAL,1214,19093,1,1. YES,1. YES,1. YES,1. YES,1. YES,1. YES,1. YES,1. YES,1. YES,1. YES,2,3,4,2. NO,,,,,,,,,,,,,,,,,,,,,,,,
4. South East,1. Abia,109. OBINGWA,2. RURAL,1214,19094,2,1. YES,1. YES,1. YES,1. YES,1. YES,1. YES,1. YES,2. NO,1. YES,2. NO,3,,4,1. YES,0,0,0,0,1,0,0,0,0,0,0,0,0,0,0,0,0,0,0,0,5. FOOD IN THE MARKET WAS VERY EXPENSIVE,12. LACK OF MONEY,,
4. South East,1. Abia,109. OBINGWA,2. RURAL,1214,19095,702,1. YES,1. YES,1. YES,1. YES,1. YES,1. YES,1. YES,2. NO,1. YES,2. NO,2,3,4,1. YES,0,0,0,0,0,0,0,0,1,0,1,0,0,1,0,0,0,0,0,0,5. FOOD IN THE MARKET WAS VERY EXPENSIVE,12. LACK OF MONEY,,
4. South East,1. Abia,109. OBINGWA,2. RURAL,1214,19096,1,1. YES,1. YES,1. YES,1. YES,1. YES,1. YES,1. YES,2. NO,1. YES,2. NO,2,3,,1. YES,0,0,0,0,0,0,0,0,0,0,1,0,1,0,0,0,0,0,0,0,5. FOOD IN THE MARKET WAS VERY EXPENSIVE,12. LACK OF MONEY,,
4. South East,1. Abia,109. OBINGWA,2. RURAL,1792,19097,2,1. YES,1. YES,1. YES,1. YES,1. YES,1. YES,1. YES,1. YES,1. YES,1. YES,2,3,4,2. NO,,,,,,,,,,,,,,,,,,,,,,,,
4. South East,1. Abia,109. OBINGWA,2. RURAL,1792,19098,1,1. YES,1. YES,1. YES,1. YES,1. YES,1. YES,1. YES,1. YES,1. YES,2. NO,2,,,2. NO,,,,,,,,,,,,,,,,,,,,,,,,
4. South East,1. Abia,109. OBINGWA,2. RURAL,1792,19099,2,1. YES,1. YES,1. YES,1. YES,1. YES,1. YES,1. YES,1. YES,1. YES,2. NO,2,,,2. NO,,,,,,,,,,,,,,,,,,,,,,,,
4. South East,1. Abia,109. OBINGWA,2. RURAL,1792,19100,2,2. NO,2. NO,2. NO,2. NO,2. NO,2. NO,2. NO,2. NO,2. NO,2. NO,2,2,2,2. NO,,,,,,,,,,,,,,,,,,,,,,,,
4. South East,1. Abia,109. OBINGWA,2. RURAL,1792,19101,2,2. NO,2. NO,2. NO,2. NO,2. NO,2. NO,2. NO,2. NO,2. NO,2. NO,2,,,2. NO,,,,,,,,,,,,,,,,,,,,,,,,
4. South East,1. Abia,109. OBINGWA,2. RURAL,1792,19103,1,1. YES,1. YES,1. YES,1. YES,1. YES,1. YES,1. YES,1. YES,1. YES,1. YES,2,,,2. NO,,,,,,,,,,,,,,,,,,,,,,,,
4. South East,1. Abia,109. OBINGWA,2. RURAL,1792,19104,2,1. YES,1. YES,1. YES,1. YES,1. YES,1. YES,1. YES,1. YES,1. YES,1. YES,2,2,,2. NO,,,,,,,,,,,,,,,,,,,,,,,,
4. South East,1. Abia,109. OBINGWA,2. RURAL,1792,19105,2,1. YES,1. YES,1. YES,1. YES,1. YES,1. YES,1. YES,2. NO,1. YES,2. NO,2,3,,1. YES,0,0,0,0,0,0,0,0,0,0,0,0,0,0,1,0,0,0,0,0,5. FOOD IN THE MARKET WAS VERY EXPENSIVE,12. LACK OF MONEY,,
4. South East,1. Abia,109. OBINGWA,2. RURAL,1792,19106,3,1. YES,1. YES,1. YES,1. YES,1. YES,1. YES,1. YES,2. NO,1. YES,2. NO,2,3,,1. YES,0,0,0,0,0,0,1,0,0,1,0,0,0,0,0,0,0,0,0,0,5. FOOD IN THE MARKET WAS VERY EXPENSIVE,12. LACK OF MONEY,,
4. South East,1. Abia,109. OBINGWA,2. RURAL,1792,19107,1,1. YES,1. YES,1. YES,1. YES,1. YES,1. YES,1. YES,2. NO,1. YES,2. NO,2,3,,1. YES,0,0,0,0,0,0,1,0,0,0,0,0,1,0,1,0,0,0,0,0,5. FOOD IN THE MARKET WAS VERY EXPENSIVE,12. LACK OF MONEY,,
4. South East,1. Abia,109. OBINGWA,2. RURAL,1996,19110,1,1. YES,1. YES,1. YES,1. YES,1. YES,1. YES,1. YES,1. YES,1. YES,2. NO,3,,2,2. NO,,,,,,,,,,,,,,,,,,,,,,,,
4. South East,1. Abia,109. OBINGWA,2. RURAL,1996,19111,1,1. YES,1. YES,1. YES,1. YES,1. YES,1. YES,1. YES,1. YES,1. YES,1. YES,2,,,2. NO,,,,,,,,,,,,,,,,,,,,,,,,
4. South East,1. Abia,109. OBINGWA,2. RURAL,1996,19112,5101,2. NO,2. NO,2. NO,2. NO,2. NO,2. NO,2. NO,2. NO,2. NO,2. NO,3,,,2. NO,,,,,,,,,,,,,,,,,,,,,,,,
4. South East,1. Abia,109. OBINGWA,2. RURAL,1996,19113,1,2. NO,2. NO,2. NO,2. NO,2. NO,2. NO,2. NO,2. NO,2. NO,2. NO,3,3,,2. NO,,,,,,,,,,,,,,,,,,,,,,,,
4. South East,1. Abia,109. OBINGWA,2. RURAL,1996,19115,2,2. NO,2. NO,2. NO,2. NO,2. NO,2. NO,2. NO,2. NO,2. NO,2. NO,2,2,,2. NO,,,,,,,,,,,,,,,,,,,,,,,,
4. South East,1. Abia,109. OBINGWA,2. RURAL,1996,19116,2,1. YES,1. YES,1. YES,1. YES,1. YES,1. YES,2. NO,2. NO,1. YES,2. NO,3,,,2. NO,,,,,,,,,,,,,,,,,,,,,,,,
4. South East,1. Abia,109. OBINGWA,2. RURAL,1996,19117,2,1. YES,1. YES,1. YES,1. YES,1. YES,1. YES,1. YES,1. YES,1. YES,1. YES,4,3,,2. NO,,,,,,,,,,,,,,,,,,,,,,,,
4. South East,1. Abia,106. ISIALANGWA NORTH,2. RURAL,0,19118,5102,2. NO,2. NO,1. YES,2. NO,1. YES,2. NO,1. YES,2. NO,2. NO,2. NO,3,,,1. YES,0,0,0,0,0,0,0,0,0,0,1,1,0,0,0,0,0,0,0,0,13. LACK OF ACCESS TO MONEY AT THE BANK DUE TO NAIRA REDESIGN,12. LACK OF MONEY,,
4. South East,1. Abia,109. OBINGWA,2. RURAL,1996,19119,2,1. YES,1. YES,1. YES,1. YES,1. YES,1. YES,1. YES,2. NO,1. YES,2. NO,3,4,,1. YES,0,0,0,0,1,0,0,0,0,0,1,0,0,0,0,0,0,0,0,0,5. FOOD IN THE MARKET WAS VERY EXPENSIVE,12. LACK OF MONEY,,
4. South East,1. Abia,109. OBINGWA,2. RURAL,1996,19120,1,1. YES,1. YES,1. YES,1. YES,1. YES,1. YES,1. YES,2. NO,2. NO,2. NO,3,,,1. YES,0,0,0,1,0,0,0,0,0,0,0,0,0,0,0,0,0,0,0,0,5. FOOD IN THE MARKET WAS VERY EXPENSIVE,12. LACK OF MONEY,,
4. South East,1. Abia,110. OHAFIA,2. RURAL,338,19121,1,2. NO,1. YES,2. NO,2. NO,1. YES,1. YES,2. NO,2. NO,2. NO,2. NO,2,3,3,2. NO,,,,,,,,,,,,,,,,,,,,,,,,
4. South East,1. Abia,110. OHAFIA,2. RURAL,338,19122,2,1. YES,1. YES,1. YES,2. NO,1. YES,1. YES,2. NO,2. NO,2. NO,2. NO,3,3,4,2. NO,,,,,,,,,,,,,,,,,,,,,,,,
4. South East,1. Abia,110. OHAFIA,2. RURAL,338,19123,2,1. YES,1. YES,1. YES,1. YES,1. YES,1. YES,1. YES,1. YES,1. YES,2. NO,2,,,2. NO,,,,,,,,,,,,,,,,,,,,,,,,
4. South East,1. Abia,110. OHAFIA,2. RURAL,338,19124,1501,1. YES,1. YES,1. YES,2. NO,1. YES,2. NO,2. NO,2. NO,2. NO,2. NO,3,3,,1. YES,0,0,0,0,0,0,0,0,0,1,0,0,0,0,0,0,0,0,0,0,12. LACK OF MONEY,13. LACK OF ACCESS TO MONEY AT THE BANK DUE TO NAIRA REDESIGN,,
4. South East,1. Abia,110. OHAFIA,2. RURAL,338,19125,1,1. YES,1. YES,1. YES,2. NO,1. YES,1. YES,2. NO,2. NO,2. NO,2. NO,3,,,1. YES,0,0,0,0,0,0,0,0,0,0,1,0,0,0,0,0,0,0,0,0,13. LACK OF ACCESS TO MONEY AT THE BANK DUE TO NAIRA REDESIGN,12. LACK OF MONEY,,
4. South East,1. Abia,110. OHAFIA,2. RURAL,338,19126,1,1. YES,1. YES,1. YES,2. NO,1. YES,2. NO,2. NO,2. NO,2. NO,2. NO,3,,,1. YES,0,0,0,0,0,0,0,0,0,0,1,0,0,0,0,0,0,0,0,0,13. LACK OF ACCESS TO MONEY AT THE BANK DUE TO NAIRA REDESIGN,,,
4. South East,1. Abia,110. OHAFIA,2. RURAL,338,19127,1,2. NO,1. YES,1. YES,2. NO,1. YES,1. YES,2. NO,2. NO,2. NO,2. NO,3,,,1. YES,0,0,0,0,0,0,0,0,0,0,1,0,0,0,0,0,0,0,0,0,12. LACK OF MONEY,13. LACK OF ACCESS TO MONEY AT THE BANK DUE TO NAIRA REDESIGN,,
4. South East,1. Abia,110. OHAFIA,2. RURAL,338,19129,2,1. YES,1. YES,1. YES,1. YES,1. YES,1. YES,1. YES,2. NO,2. NO,2. NO,3,,,1. YES,0,0,0,0,0,0,0,0,1,1,1,0,1,1,0,0,0,0,0,0,12. LACK OF MONEY,,,
4. South East,1. Abia,110. OHAFIA,2. RURAL,338,19130,1,1. YES,1. YES,1. YES,1. YES,1. YES,1. YES,2. NO,2. NO,2. NO,2. NO,3,,,1. YES,0,0,0,0,0,0,0,0,1,1,1,1,1,0,0,0,0,0,0,0,5. FOOD IN THE MARKET WAS VERY EXPENSIVE,12. LACK OF MONEY,,
4. South East,1. Abia,110. OHAFIA,2. RURAL,338,19131,2,1. YES,1. YES,1. YES,1. YES,1. YES,1. YES,1. YES,2. NO,1. YES,2. NO,2,4,3,1. YES,0,0,0,0,0,0,0,0,1,1,1,1,1,1,0,0,0,0,0,0,5. FOOD IN THE MARKET WAS VERY EXPENSIVE,12. LACK OF MONEY,,
4. South East,1. Abia,111. OSISIOMA,2. RURAL,118,19133,2,1. YES,1. YES,1. YES,1. YES,1. YES,1. YES,1. YES,2. NO,1. YES,2. NO,2,2,,1. YES,0,0,0,0,0,0,0,0,0,1,1,0,0,0,0,0,0,0,0,0,13. LACK OF ACCESS TO MONEY AT THE BANK DUE TO NAIRA REDESIGN,12. LACK OF MONEY,5. FOOD IN THE MARKET WAS VERY EXPENSIVE,
4. South East,1. Abia,111. OSISIOMA,2. RURAL,118,19135,1,1. YES,1. YES,1. YES,1. YES,1. YES,2. NO,1. YES,2. NO,1. YES,2. NO,2,,,1. YES,0,0,0,0,0,0,0,0,0,1,1,0,0,0,0,0,0,0,0,0,13. LACK OF ACCESS TO MONEY AT THE BANK DUE TO NAIRA REDESIGN,12. LACK OF MONEY,7. NO FOOD IN THE MARKET,
4. South East,1. Abia,111. OSISIOMA,2. RURAL,118,19136,1,1. YES,1. YES,1. YES,1. YES,1. YES,1. YES,1. YES,2. NO,2. NO,1. YES,2,,,1. YES,0,0,0,0,0,0,0,0,0,1,1,0,0,0,0,0,0,0,0,0,13. LACK OF ACCESS TO MONEY AT THE BANK DUE TO NAIRA REDESIGN,12. LACK OF MONEY,,
4. South East,1. Abia,111. OSISIOMA,2. RURAL,118,19137,1,1. YES,1. YES,1. YES,1. YES,1. YES,1. YES,1. YES,1. YES,1. YES,2. NO,2,2,,1. YES,0,0,0,0,0,0,0,0,0,1,1,0,0,0,0,0,0,0,0,0,13. LACK OF ACCESS TO MONEY AT THE BANK DUE TO NAIRA REDESIGN,12. LACK OF MONEY,,
4. South East,1. Abia,111. OSISIOMA,2. RURAL,118,19138,2,2. NO,2. NO,1. YES,1. YES,1. YES,1. YES,1. YES,2. NO,2. NO,2. NO,3,3,,1. YES,0,0,0,0,0,0,0,0,0,1,1,0,0,0,0,0,0,0,0,0,12. LACK OF MONEY,13. LACK OF ACCESS TO MONEY AT THE BANK DUE TO NAIRA REDESIGN,,
4. South East,1. Abia,111. OSISIOMA,2. RURAL,118,19139,1,1. YES,1. YES,1. YES,1. YES,1. YES,1. YES,1. YES,2. NO,1. YES,2. NO,3,3,4,1. YES,0,0,0,0,0,0,0,0,0,1,0,0,0,0,0,0,0,0,0,0,12. LACK OF MONEY,13. LACK OF ACCESS TO MONEY AT THE BANK DUE TO NAIRA REDESIGN,,
4. South East,1. Abia,111. OSISIOMA,2. RURAL,118,19140,1,1. YES,1. YES,1. YES,1. YES,1. YES,1. YES,1. YES,2. NO,1. YES,2. NO,3,,3,1. YES,0,0,0,0,0,0,0,0,0,0,1,0,0,0,0,0,0,0,0,0,13. LACK OF ACCESS TO MONEY AT THE BANK DUE TO NAIRA REDESIGN,12. LACK OF MONEY,,
4. South East,1. Abia,111. OSISIOMA,2. RURAL,118,19141,1,1. YES,1. YES,1. YES,1. YES,1. YES,1. YES,1. YES,2. NO,2. NO,2. NO,3,,5,1. YES,0,0,0,0,0,0,0,0,0,1,1,1,1,1,0,0,0,0,0,0,12. LACK OF MONEY,13. LACK OF ACCESS TO MONEY AT THE BANK DUE TO NAIRA REDESIGN,5. FOOD IN THE MARKET WAS VERY EXPENSIVE,
4. South East,1. Abia,111. OSISIOMA,2. RURAL,118,19143,1,1. YES,1. YES,1. YES,1. YES,1. YES,1. YES,1. YES,2. NO,1. YES,2. NO,2,3,,1. YES,0,0,0,0,0,0,0,0,1,1,1,1,1,1,0,0,0,0,0,0,5. FOOD IN THE MARKET WAS VERY EXPENSIVE,12. LACK OF MONEY,13. LACK OF ACCESS TO MONEY AT THE BANK DUE TO NAIRA REDESIGN,
4. South East,1. Abia,111. OSISIOMA,2. RURAL,118,19144,1,1. YES,1. YES,1. YES,1. YES,1. YES,1. YES,2. NO,2. NO,2. NO,2. NO,3,,,1. YES,0,0,0,0,0,0,0,0,1,1,1,1,1,1,0,0,0,0,0,0,12. LACK OF MONEY,5. FOOD IN THE MARKET WAS VERY EXPENSIVE,,
4. South East,1. Abia,112. UGWUNAGBO,2. RURAL,266,19146,2,1. YES,1. YES,1. YES,1. YES,1. YES,1. YES,2. NO,2. NO,1. YES,2. NO,2,3,4,2. NO,,,,,,,,,,,,,,,,,,,,,,,,
4. South East,1. Abia,112. UGWUNAGBO,2. RURAL,266,19147,2,2. NO,2. NO,2. NO,2. NO,2. NO,2. NO,2. NO,2. NO,2. NO,2. NO,3,3,,2. NO,,,,,,,,,,,,,,,,,,,,,,,,
4. South East,1. Abia,112. UGWUNAGBO,2. RURAL,266,19148,501,1. YES,1. YES,1. YES,1. YES,1. YES,1. YES,1. YES,2. NO,1. YES,2. NO,2,3,4,2. NO,,,,,,,,,,,,,,,,,,,,,,,,
4. South East,1. Abia,112. UGWUNAGBO,2. RURAL,266,19149,1,2. NO,2. NO,2. NO,2. NO,2. NO,2. NO,2. NO,2. NO,2. NO,2. NO,2,,,2. NO,,,,,,,,,,,,,,,,,,,,,,,,
4. South East,1. Abia,112. UGWUNAGBO,2. RURAL,266,19150,1,2. NO,2. NO,2. NO,2. NO,2. NO,2. NO,2. NO,2. NO,2. NO,2. NO,2,3,,2. NO,,,,,,,,,,,,,,,,,,,,,,,,
4. South East,1. Abia,112. UGWUNAGBO,2. RURAL,266,19151,2,2. NO,2. NO,2. NO,2. NO,2. NO,2. NO,2. NO,2. NO,2. NO,2. NO,3,3,,2. NO,,,,,,,,,,,,,,,,,,,,,,,,
4. South East,1. Abia,112. UGWUNAGBO,2. RURAL,266,19152,1,1. YES,1. YES,1. YES,1. YES,1. YES,1. YES,1. YES,2. NO,1. YES,2. NO,3,,,1. YES,0,0,0,1,0,0,0,0,0,0,0,0,1,0,0,0,0,0,0,0,5. FOOD IN THE MARKET WAS VERY EXPENSIVE,12. LACK OF MONEY,,
4. South East,1. Abia,112. UGWUNAGBO,2. RURAL,266,19153,2,1. YES,1. YES,1. YES,1. YES,1. YES,1. YES,1. YES,2. NO,1. YES,2. NO,2,3,4,1. YES,0,0,0,0,1,0,0,0,1,0,0,0,0,0,0,0,0,0,0,0,5. FOOD IN THE MARKET WAS VERY EXPENSIVE,12. LACK OF MONEY,,
4. South East,1. Abia,112. UGWUNAGBO,2. RURAL,556,19158,2,1. YES,1. YES,1. YES,1. YES,1. YES,1. YES,2. NO,2. NO,1. YES,2. NO,3,4,,2. NO,,,,,,,,,,,,,,,,,,,,,,,,
4. South East,1. Abia,112. UGWUNAGBO,2. RURAL,556,19159,2,1. YES,1. YES,1. YES,1. YES,1. YES,1. YES,1. YES,2. NO,1. YES,2. NO,2,3,,2. NO,,,,,,,,,,,,,,,,,,,,,,,,
4. South East,1. Abia,112. UGWUNAGBO,2. RURAL,556,19160,2,1. YES,1. YES,1. YES,1. YES,1. YES,1. YES,1. YES,1. YES,1. YES,1. YES,2,2,,2. NO,,,,,,,,,,,,,,,,,,,,,,,,
4. South East,1. Abia,112. UGWUNAGBO,2. RURAL,556,19161,1,2. NO,2. NO,2. NO,2. NO,2. NO,2. NO,2. NO,2. NO,2. NO,2. NO,2,,,2. NO,,,,,,,,,,,,,,,,,,,,,,,,
4. South East,1. Abia,112. UGWUNAGBO,2. RURAL,556,19163,2,2. NO,2. NO,2. NO,2. NO,2. NO,2. NO,2. NO,2. NO,2. NO,2. NO,2,2,,2. NO,,,,,,,,,,,,,,,,,,,,,,,,
4. South East,1. Abia,112. UGWUNAGBO,2. RURAL,556,19164,1,1. YES,1. YES,1. YES,1. YES,1. YES,1. YES,1. YES,2. NO,1. YES,2. NO,3,,,2. NO,,,,,,,,,,,,,,,,,,,,,,,,
4. South East,1. Abia,112. UGWUNAGBO,2. RURAL,556,19165,1,1. YES,1. YES,1. YES,1. YES,1. YES,1. YES,1. YES,1. YES,1. YES,1. YES,2,3,,1. YES,1,0,0,0,0,0,0,0,0,0,0,0,0,0,0,0,0,0,0,0,5. FOOD IN THE MARKET WAS VERY EXPENSIVE,12. LACK OF MONEY,,
4. South East,1. Abia,112. UGWUNAGBO,2. RURAL,556,19166,2,1. YES,1. YES,1. YES,1. YES,1. YES,1. YES,2. NO,2. NO,1. YES,2. NO,3,4,,1. YES,0,0,0,0,0,0,0,0,1,0,0,0,0,1,0,0,0,0,0,0,5. FOOD IN THE MARKET WAS VERY EXPENSIVE,12. LACK OF MONEY,,
4. South East,1. Abia,112. UGWUNAGBO,2. RURAL,556,19167,1,1. YES,1. YES,1. YES,1. YES,1. YES,1. YES,1. YES,2. NO,1. YES,2. NO,3,,,1. YES,0,0,0,1,0,0,0,0,1,0,0,0,0,0,0,0,0,0,0,0,5. FOOD IN THE MARKET WAS VERY EXPENSIVE,12. LACK OF MONEY,,
4. South East,1. Abia,112. UGWUNAGBO,2. RURAL,556,19168,2,1. YES,1. YES,1. YES,1. YES,1. YES,1. YES,1. YES,2. NO,1. YES,2. NO,3,4,,1. YES,0,0,0,0,0,0,0,0,0,1,0,0,0,1,0,0,0,0,0,0,5. FOOD IN THE MARKET WAS VERY EXPENSIVE,12. LACK OF MONEY,,
4. South East,1. Abia,113. UKWA EAST,2. RURAL,6,19169,1,1. YES,1. YES,1. YES,1. YES,1. YES,1. YES,1. YES,1. YES,1. YES,1. YES,3,4,,2. NO,,,,,,,,,,,,,,,,,,,,,,,,
4. South East,1. Abia,113. UKWA EAST,2. RURAL,6,19170,1,2. NO,2. NO,2. NO,2. NO,2. NO,2. NO,2. NO,2. NO,2. NO,2. NO,3,3,,2. NO,,,,,,,,,,,,,,,,,,,,,,,,
4. South East,1. Abia,113. UKWA EAST,2. RURAL,6,19173,2,1. YES,1. YES,1. YES,1. YES,1. YES,1. YES,1. YES,2. NO,1. YES,2. NO,3,4,,1. YES,0,0,0,0,1,0,0,0,0,0,0,0,1,0,0,0,0,0,0,0,5. FOOD IN THE MARKET WAS VERY EXPENSIVE,12. LACK OF MONEY,,
4. South East,1. Abia,113. UKWA EAST,2. RURAL,6,19174,1,1. YES,1. YES,1. YES,1. YES,1. YES,1. YES,1. YES,1. YES,1. YES,2. NO,2,2,,1. YES,0,0,0,0,0,0,0,0,0,1,1,0,0,0,0,0,0,0,0,0,13. LACK OF ACCESS TO MONEY AT THE BANK DUE TO NAIRA REDESIGN,12. LACK OF MONEY,5. FOOD IN THE MARKET WAS VERY EXPENSIVE,
4. South East,1. Abia,113. UKWA EAST,2. RURAL,6,19175,1,1. YES,1. YES,1. YES,2. NO,2. NO,2. NO,2. NO,2. NO,2. NO,2. NO,3,3,,1. YES,0,0,0,0,0,0,0,0,0,0,1,0,0,0,0,0,0,0,0,0,5. FOOD IN THE MARKET WAS VERY EXPENSIVE,12. LACK OF MONEY,,
4. South East,1. Abia,113. UKWA EAST,2. RURAL,6,19177,1,1. YES,2. NO,1. YES,2. NO,1. YES,1. YES,2. NO,2. NO,2. NO,2. NO,3,3,,1. YES,0,0,0,0,0,0,0,0,0,0,1,0,0,0,0,0,0,0,0,0,13. LACK OF ACCESS TO MONEY AT THE BANK DUE TO NAIRA REDESIGN,12. LACK OF MONEY,,
4. South East,1. Abia,113. UKWA EAST,2. RURAL,6,19178,1,1. YES,2. NO,1. YES,2. NO,1. YES,2. NO,2. NO,2. NO,2. NO,2. NO,3,,,1. YES,0,0,0,0,0,0,0,0,0,0,1,0,0,0,0,0,0,0,0,0,12. LACK OF MONEY,13. LACK OF ACCESS TO MONEY AT THE BANK DUE TO NAIRA REDESIGN,,
4. South East,1. Abia,113. UKWA EAST,2. RURAL,6,19179,2,2. NO,2. NO,2. NO,2. NO,2. NO,2. NO,2. NO,2. NO,2. NO,2. NO,3,3,,2. NO,,,,,,,,,,,,,,,,,,,,,,,,
5. South South,32. Rivers,3221. OYIGBO,2. RURAL,0,19180,2,1. YES,1. YES,1. YES,2. NO,1. YES,1. YES,2. NO,2. NO,2. NO,2. NO,3,,,1. YES,0,0,0,0,0,0,0,0,0,1,1,1,1,1,1,1,1,1,0,0,5. FOOD IN THE MARKET WAS VERY EXPENSIVE,12. LACK OF MONEY,13. LACK OF ACCESS TO MONEY AT THE BANK DUE TO NAIRA REDESIGN,
4. South East,1. Abia,113. UKWA EAST,2. RURAL,44,19181,1,1. YES,1. YES,1. YES,1. YES,1. YES,1. YES,1. YES,2. NO,1. YES,2. NO,2,3,4,2. NO,,,,,,,,,,,,,,,,,,,,,,,,
4. South East,1. Abia,113. UKWA EAST,2. RURAL,44,19182,1,1. YES,1. YES,1. YES,1. YES,1. YES,1. YES,1. YES,1. YES,1. YES,2. NO,2,3,,2. NO,,,,,,,,,,,,,,,,,,,,,,,,
4. South East,1. Abia,113. UKWA EAST,2. RURAL,44,19183,1,1. YES,1. YES,1. YES,1. YES,1. YES,1. YES,1. YES,2. NO,1. YES,2. NO,3,,,2. NO,,,,,,,,,,,,,,,,,,,,,,,,
4. South East,1. Abia,113. UKWA EAST,2. RURAL,44,19184,1,2. NO,2. NO,2. NO,2. NO,2. NO,2. NO,2. NO,2. NO,2. NO,2. NO,3,3,,2. NO,,,,,,,,,,,,,,,,,,,,,,,,
4. South East,1. Abia,113. UKWA EAST,2. RURAL,44,19185,1,2. NO,2. NO,2. NO,1. YES,1. YES,2. NO,2. NO,2. NO,2. NO,2. NO,3,,,2. NO,,,,,,,,,,,,,,,,,,,,,,,,
4. South East,1. Abia,113. UKWA EAST,2. RURAL,44,19186,2,2. NO,2. NO,2. NO,2. NO,2. NO,2. NO,2. NO,2. NO,2. NO,2. NO,3,3,,2. NO,,,,,,,,,,,,,,,,,,,,,,,,
4. South East,1. Abia,113. UKWA EAST,2. RURAL,44,19187,2,2. NO,2. NO,2. NO,2. NO,2. NO,2. NO,2. NO,2. NO,2. NO,2. NO,3,,,2. NO,,,,,,,,,,,,,,,,,,,,,,,,
4. South East,1. Abia,113. UKWA EAST,2. RURAL,44,19188,2,1. YES,1. YES,1. YES,1. YES,1. YES,1. YES,1. YES,2. NO,2. NO,2. NO,3,3,4,1. YES,0,0,0,0,1,0,0,0,0,1,0,0,0,0,0,0,0,0,0,0,5. FOOD IN THE MARKET WAS VERY EXPENSIVE,12. LACK OF MONEY,,
4. South East,1. Abia,113. UKWA EAST,2. RURAL,44,19191,4,1. YES,1. YES,1. YES,1. YES,1. YES,1. YES,1. YES,1. YES,1. YES,1. YES,3,,,1. YES,0,0,0,0,0,1,0,0,0,1,0,0,0,0,0,0,0,0,0,0,5. FOOD IN THE MARKET WAS VERY EXPENSIVE,12. LACK OF MONEY,,
4. South East,1. Abia,113. UKWA EAST,2. RURAL,44,19192,2,1. YES,1. YES,1. YES,1. YES,1. YES,1. YES,1. YES,2. NO,1. YES,2. NO,3,3,,1. YES,0,0,0,0,0,0,0,0,1,0,0,0,0,0,0,1,0,0,0,0,5. FOOD IN THE MARKET WAS VERY EXPENSIVE,12. LACK OF MONEY,,
4. South East,1. Abia,113. UKWA EAST,2. RURAL,284,19193,2,2. NO,2. NO,2. NO,2. NO,1. YES,1. YES,1. YES,1. YES,1. YES,1. YES,3,3,,2. NO,,,,,,,,,,,,,,,,,,,,,,,,
4. South East,1. Abia,113. UKWA EAST,2. RURAL,284,19194,2,2. NO,2. NO,2. NO,2. NO,2. NO,2. NO,2. NO,2. NO,2. NO,2. NO,3,3,,2. NO,,,,,,,,,,,,,,,,,,,,,,,,
4. South East,1. Abia,113. UKWA EAST,2. RURAL,284,19195,1,2. NO,2. NO,2. NO,2. NO,2. NO,2. NO,2. NO,2. NO,2. NO,2. NO,3,,,2. NO,,,,,,,,,,,,,,,,,,,,,,,,
4. South East,1. Abia,113. UKWA EAST,2. RURAL,284,19196,2,1. YES,1. YES,1. YES,1. YES,1. YES,1. YES,1. YES,2. NO,1. YES,2. NO,3,4,,2. NO,,,,,,,,,,,,,,,,,,,,,,,,
4. South East,1. Abia,113. UKWA EAST,2. RURAL,284,19197,1,1. YES,1. YES,1. YES,1. YES,1. YES,1. YES,2. NO,2. NO,1. YES,2. NO,3,,,2. NO,,,,,,,,,,,,,,,,,,,,,,,,
4. South East,1. Abia,113. UKWA EAST,2. RURAL,284,19198,1,1. YES,1. YES,1. YES,1. YES,1. YES,1. YES,1. YES,2. NO,1. YES,2. NO,2,3,4,2. NO,,,,,,,,,,,,,,,,,,,,,,,,
4. South East,1. Abia,113. UKWA EAST,2. RURAL,284,19199,1,1. YES,1. YES,1. YES,1. YES,1. YES,1. YES,1. YES,2. NO,1. YES,2. NO,3,,,1. YES,0,0,0,0,0,0,1,0,0,0,0,1,0,0,0,0,0,0,0,0,5. FOOD IN THE MARKET WAS VERY EXPENSIVE,12. LACK OF MONEY,13. LACK OF ACCESS TO MONEY AT THE BANK DUE TO NAIRA REDESIGN,
5. South South,32. Rivers,3221. OYIGBO,2. RURAL,0,19201,1,1. YES,1. YES,1. YES,2. NO,2. NO,2. NO,2. NO,2. NO,2. NO,2. NO,3,,,1. YES,0,0,0,0,0,0,0,0,1,1,1,1,1,1,1,1,1,1,0,0,5. FOOD IN THE MARKET WAS VERY EXPENSIVE,12. LACK OF MONEY,13. LACK OF ACCESS TO MONEY AT THE BANK DUE TO NAIRA REDESIGN,
4. South East,1. Abia,113. UKWA EAST,2. RURAL,284,19202,1,1. YES,1. YES,1. YES,1. YES,1. YES,1. YES,1. YES,2. NO,1. YES,2. NO,3,4,5,1. YES,0,0,0,0,1,0,0,0,0,0,0,0,1,0,0,0,0,0,0,0,5. FOOD IN THE MARKET WAS VERY EXPENSIVE,12. LACK OF MONEY,,
4. South East,1. Abia,113. UKWA EAST,2. RURAL,284,19204,2,1. YES,1. YES,1. YES,1. YES,1. YES,1. YES,1. YES,1. YES,1. YES,1. YES,2,3,3,1. YES,0,0,0,0,0,0,0,1,0,1,0,1,0,1,0,0,0,0,0,0,5. FOOD IN THE MARKET WAS VERY EXPENSIVE,12. LACK OF MONEY,,
4. South East,1. Abia,115. UMUAHIA NORTH,1. URBAN,176,19205,2,2. NO,1. YES,1. YES,1. YES,1. YES,1. YES,1. YES,2. NO,1. YES,2. NO,2,3,3,1. YES,0,0,0,0,0,0,0,0,0,1,1,1,0,0,0,0,0,0,0,0,12. LACK OF MONEY,5. FOOD IN THE MARKET WAS VERY EXPENSIVE,6. UNABLE TO REACH THE MARKET DUE TO HIGH TRANSPORTATION COSTS,
4. South East,1. Abia,115. UMUAHIA NORTH,1. URBAN,176,19206,2,1. YES,1. YES,1. YES,1. YES,1. YES,1. YES,1. YES,1. YES,1. YES,2. NO,3,3,3,1. YES,0,0,0,1,1,1,1,0,0,0,1,0,1,0,0,0,0,0,0,0,5. FOOD IN THE MARKET WAS VERY EXPENSIVE,12. LACK OF MONEY,13. LACK OF ACCESS TO MONEY AT THE BANK DUE TO NAIRA REDESIGN,
4. South East,1. Abia,115. UMUAHIA NORTH,1. URBAN,176,19208,1,1. YES,1. YES,1. YES,1. YES,1. YES,1. YES,1. YES,2. NO,1. YES,2. NO,3,,3,1. YES,0,0,0,0,0,0,0,0,0,1,0,0,0,0,0,0,0,0,0,0,12. LACK OF MONEY,13. LACK OF ACCESS TO MONEY AT THE BANK DUE TO NAIRA REDESIGN,,
4. South East,1. Abia,115. UMUAHIA NORTH,1. URBAN,176,19209,2,1. YES,1. YES,1. YES,1. YES,1. YES,1. YES,1. YES,2. NO,1. YES,2. NO,2,3,3,1. YES,0,0,0,0,0,0,0,0,0,0,1,0,0,0,0,0,0,0,0,0,13. LACK OF ACCESS TO MONEY AT THE BANK DUE TO NAIRA REDESIGN,,,
4. South East,1. Abia,115. UMUAHIA NORTH,1. URBAN,176,19211,2,1. YES,2. NO,1. YES,2. NO,1. YES,1. YES,2. NO,2. NO,1. YES,2. NO,3,3,3,1. YES,0,0,0,0,0,0,0,0,0,1,0,0,0,0,0,0,0,0,0,0,13. LACK OF ACCESS TO MONEY AT THE BANK DUE TO NAIRA REDESIGN,,,
4. South East,1. Abia,115. UMUAHIA NORTH,1. URBAN,176,19214,2,1. YES,1. YES,1. YES,1. YES,1. YES,1. YES,1. YES,2. NO,2. NO,2. NO,3,4,,1. YES,0,0,0,0,0,0,0,0,0,1,1,1,1,1,0,0,0,0,0,0,5. FOOD IN THE MARKET WAS VERY EXPENSIVE,12. LACK OF MONEY,13. LACK OF ACCESS TO MONEY AT THE BANK DUE TO NAIRA REDESIGN,
4. South East,1. Abia,115. UMUAHIA NORTH,1. URBAN,176,19215,3,1. YES,1. YES,1. YES,1. YES,1. YES,1. YES,1. YES,2. NO,2. NO,2. NO,2,3,,1. YES,0,0,0,0,0,0,0,0,1,1,1,1,1,1,0,0,0,0,0,0,5. FOOD IN THE MARKET WAS VERY EXPENSIVE,12. LACK OF MONEY,13. LACK OF ACCESS TO MONEY AT THE BANK DUE TO NAIRA REDESIGN,
4. South East,1. Abia,115. UMUAHIA NORTH,1. URBAN,550,19218,2,2. NO,2. NO,1. YES,2. NO,1. YES,1. YES,2. NO,2. NO,2. NO,2. NO,3,,,1. YES,0,0,0,0,0,0,0,0,0,0,1,0,0,0,0,0,0,0,0,0,13. LACK OF ACCESS TO MONEY AT THE BANK DUE TO NAIRA REDESIGN,,,
4. South East,1. Abia,115. UMUAHIA NORTH,1. URBAN,550,19222,2,2. NO,2. NO,1. YES,2. NO,1. YES,2. NO,2. NO,2. NO,1. YES,2. NO,3,3,3,1. YES,0,0,0,0,0,0,0,0,0,0,0,1,0,0,0,0,0,0,0,0,12. LACK OF MONEY,13. LACK OF ACCESS TO MONEY AT THE BANK DUE TO NAIRA REDESIGN,,
4. South East,1. Abia,115. UMUAHIA NORTH,1. URBAN,550,19224,2,1. YES,2. NO,1. YES,1. YES,1. YES,1. YES,2. NO,2. NO,1. YES,2. NO,3,3,3,1. YES,0,0,0,0,0,0,0,0,0,1,0,0,0,0,0,0,0,0,0,0,13. LACK OF ACCESS TO MONEY AT THE BANK DUE TO NAIRA REDESIGN,,,
4. South East,1. Abia,115. UMUAHIA NORTH,1. URBAN,550,19225,2,1. YES,2. NO,1. YES,1. YES,1. YES,1. YES,1. YES,2. NO,1. YES,2. NO,3,3,,1. YES,0,0,0,0,0,0,0,0,0,0,1,0,0,0,0,0,0,0,0,0,13. LACK OF ACCESS TO MONEY AT THE BANK DUE TO NAIRA REDESIGN,12. LACK OF MONEY,,
4. South East,1. Abia,115. UMUAHIA NORTH,1. URBAN,550,19226,1,1. YES,1. YES,1. YES,1. YES,1. YES,1. YES,1. YES,1. YES,1. YES,2. NO,2,2,3,1. YES,0,0,0,0,0,0,0,0,0,1,1,1,1,0,0,0,0,0,0,0,13. LACK OF ACCESS TO MONEY AT THE BANK DUE TO NAIRA REDESIGN,12. LACK OF MONEY,5. FOOD IN THE MARKET WAS VERY EXPENSIVE,
4. South East,1. Abia,115. UMUAHIA NORTH,1. URBAN,550,19227,1,1. YES,1. YES,1. YES,1. YES,1. YES,1. YES,1. YES,1. YES,1. YES,2. NO,2,2,2,1. YES,0,0,0,0,0,0,0,0,0,1,1,1,1,1,0,0,0,0,0,0,12. LACK OF MONEY,5. FOOD IN THE MARKET WAS VERY EXPENSIVE,,
4. South East,1. Abia,115. UMUAHIA NORTH,1. URBAN,550,19228,1,1. YES,1. YES,1. YES,1. YES,1. YES,1. YES,1. YES,2. NO,1. YES,2. NO,3,,,1. YES,0,0,0,0,0,0,0,0,1,1,1,1,1,0,0,0,0,0,0,0,12. LACK OF MONEY,13. LACK OF ACCESS TO MONEY AT THE BANK DUE TO NAIRA REDESIGN,,
4. South East,1. Abia,117. UMUNNEOCHI,2. RURAL,800,19230,2,2. NO,2. NO,2. NO,2. NO,2. NO,2. NO,2. NO,2. NO,2. NO,2. NO,3,,,1. YES,0,0,0,0,0,0,0,0,0,1,0,0,0,0,0,0,0,0,0,0,13. LACK OF ACCESS TO MONEY AT THE BANK DUE TO NAIRA REDESIGN,12. LACK OF MONEY,,
4. South East,1. Abia,117. UMUNNEOCHI,2. RURAL,800,19231,2,1. YES,2. NO,1. YES,2. NO,1. YES,2. NO,2. NO,2. NO,2. NO,2. NO,3,,4,1. YES,0,0,0,0,0,0,0,0,0,0,1,0,0,0,0,0,0,0,0,0,13. LACK OF ACCESS TO MONEY AT THE BANK DUE TO NAIRA REDESIGN,12. LACK OF MONEY,,
4. South East,1. Abia,117. UMUNNEOCHI,2. RURAL,800,19232,2,2. NO,2. NO,1. YES,2. NO,2. NO,2. NO,2. NO,2. NO,2. NO,2. NO,3,3,,1. YES,0,0,0,0,0,0,0,0,0,0,1,0,0,0,0,0,0,0,0,0,12. LACK OF MONEY,13. LACK OF ACCESS TO MONEY AT THE BANK DUE TO NAIRA REDESIGN,,
4. South East,1. Abia,117. UMUNNEOCHI,2. RURAL,800,19234,1,2. NO,1. YES,1. YES,2. NO,1. YES,2. NO,2. NO,2. NO,2. NO,2. NO,3,,,2. NO,,,,,,,,,,,,,,,,,,,,,,,,
4. South East,1. Abia,117. UMUNNEOCHI,2. RURAL,800,19235,1,1. YES,1. YES,1. YES,1. YES,1. YES,1. YES,1. YES,2. NO,2. NO,2. NO,3,,,1. YES,0,0,0,0,0,0,0,0,1,1,1,1,1,0,0,0,0,0,0,0,13. LACK OF ACCESS TO MONEY AT THE BANK DUE TO NAIRA REDESIGN,12. LACK OF MONEY,7. NO FOOD IN THE MARKET,
4. South East,1. Abia,117. UMUNNEOCHI,2. RURAL,800,19236,4,1. YES,1. YES,2. NO,2. NO,2. NO,2. NO,2. NO,2. NO,2. NO,2. NO,3,3,4,1. YES,0,0,0,0,0,0,0,0,1,1,1,1,1,1,0,0,0,0,0,0,12. LACK OF MONEY,13. LACK OF ACCESS TO MONEY AT THE BANK DUE TO NAIRA REDESIGN,5. FOOD IN THE MARKET WAS VERY EXPENSIVE,
4. South East,1. Abia,117. UMUNNEOCHI,2. RURAL,800,19238,2,1. YES,1. YES,1. YES,1. YES,1. YES,1. YES,1. YES,2. NO,1. YES,2. NO,3,4,,1. YES,0,0,0,0,0,0,0,0,0,1,1,1,1,1,0,0,0,0,0,0,5. FOOD IN THE MARKET WAS VERY EXPENSIVE,12. LACK OF MONEY,13. LACK OF ACCESS TO MONEY AT THE BANK DUE TO NAIRA REDESIGN,
4. South East,1. Abia,117. UMUNNEOCHI,2. RURAL,800,19239,1,1. YES,1. YES,1. YES,1. YES,1. YES,1. YES,1. YES,2. NO,2. NO,2. NO,3,,,1. YES,0,0,0,0,0,0,0,0,1,1,1,1,1,1,0,0,0,0,0,0,5. FOOD IN THE MARKET WAS VERY EXPENSIVE,12. LACK OF MONEY,13. LACK OF ACCESS TO MONEY AT THE BANK DUE TO NAIRA REDESIGN,
4. South East,1. Abia,102. ABA SOUTH,1. URBAN,46,19242,2,1. YES,1. YES,1. YES,1. YES,1. YES,1. YES,1. YES,2. NO,1. YES,2. NO,3,4,5,1. YES,0,0,0,0,0,0,0,0,0,1,1,1,1,1,0,0,0,0,0,0,5. FOOD IN THE MARKET WAS VERY EXPENSIVE,12. LACK OF MONEY,13. LACK OF ACCESS TO MONEY AT THE BANK DUE TO NAIRA REDESIGN,
4. South East,1. Abia,102. ABA SOUTH,1. URBAN,806,19244,1,1. YES,1. YES,1. YES,1. YES,1. YES,1. YES,1. YES,1. YES,1. YES,2. NO,3,3,,1. YES,0,0,0,0,0,0,0,0,1,0,0,0,1,1,0,0,0,0,0,0,5. FOOD IN THE MARKET WAS VERY EXPENSIVE,,,
4. South East,1. Abia,102. ABA SOUTH,1. URBAN,2486,19245,2,1. YES,1. YES,1. YES,1. YES,1. YES,1. YES,1. YES,2. NO,1. YES,2. NO,2,3,,1. YES,0,0,0,0,1,0,0,0,0,0,0,1,0,0,0,0,0,0,0,0,5. FOOD IN THE MARKET WAS VERY EXPENSIVE,12. LACK OF MONEY,,
4. South East,1. Abia,104. BENDE,2. RURAL,1020,19250,5101,1. YES,1. YES,1. YES,1. YES,1. YES,1. YES,1. YES,2. NO,1. YES,2. NO,3,,,1. YES,0,0,0,0,0,0,0,0,0,0,1,1,0,0,0,0,0,0,0,0,12. LACK OF MONEY,13. LACK OF ACCESS TO MONEY AT THE BANK DUE TO NAIRA REDESIGN,,
4. South East,1. Abia,107. ISIALANGWA SOUTH,2. RURAL,1322,19254,2,1. YES,1. YES,1. YES,1. YES,1. YES,1. YES,1. YES,1. YES,1. YES,2. NO,2,3,3,1. YES,0,0,0,0,0,0,0,0,0,1,0,0,0,0,1,0,0,0,0,0,5. FOOD IN THE MARKET WAS VERY EXPENSIVE,12. LACK OF MONEY,,
4. South East,1. Abia,112. UGWUNAGBO,2. RURAL,266,19266,2,1. YES,1. YES,1. YES,1. YES,1. YES,1. YES,1. YES,2. NO,1. YES,2. NO,2,3,,1. YES,0,0,0,0,0,1,0,0,0,0,1,0,0,0,0,0,0,0,0,0,12. LACK OF MONEY,5. FOOD IN THE MARKET WAS VERY EXPENSIVE,,
4. South East,1. Abia,113. UKWA EAST,2. RURAL,6,19269,2,1. YES,1. YES,1. YES,1. YES,1. YES,1. YES,1. YES,2. NO,1. YES,2. NO,2,3,,1. YES,0,0,0,0,0,0,0,0,1,1,1,1,1,1,0,0,0,0,0,0,5. FOOD IN THE MARKET WAS VERY EXPENSIVE,12. LACK OF MONEY,13. LACK OF ACCESS TO MONEY AT THE BANK DUE TO NAIRA REDESIGN,
4. South East,1. Abia,115. UMUAHIA NORTH,1. URBAN,550,19277,2,1. YES,1. YES,1. YES,1. YES,1. YES,2. NO,1. YES,2. NO,2. NO,2. NO,3,,,1. YES,0,0,0,0,0,0,0,0,0,1,1,1,0,1,0,0,0,0,0,0,5. FOOD IN THE MARKET WAS VERY EXPENSIVE,12. LACK OF MONEY,13. LACK OF ACCESS TO MONEY AT THE BANK DUE TO NAIRA REDESIGN,
4. South East,1. Abia,115. UMUAHIA NORTH,1. URBAN,550,19278,1801,1. YES,1. YES,1. YES,1. YES,1. YES,1. YES,1. YES,2. NO,2. NO,2. NO,3,,5,1. YES,0,0,0,0,0,0,0,0,0,1,1,1,1,1,0,0,0,0,0,0,12. LACK OF MONEY,13. LACK OF ACCESS TO MONEY AT THE BANK DUE TO NAIRA REDESIGN,,
4. South East,1. Abia,117. UMUNNEOCHI,2. RURAL,800,19280,2,1. YES,1. YES,1. YES,1. YES,1. YES,1. YES,1. YES,2. NO,1. YES,2. NO,3,,,1. YES,0,0,0,0,0,0,0,0,1,1,1,1,1,1,1,0,0,0,0,0,5. FOOD IN THE MARKET WAS VERY EXPENSIVE,12. LACK OF MONEY,13. LACK OF ACCESS TO MONEY AT THE BANK DUE TO NAIRA REDESIGN,
4. South East,1. Abia,102. ABA SOUTH,1. URBAN,806,19284,2,1. YES,1. YES,1. YES,1. YES,1. YES,1. YES,1. YES,2. NO,1. YES,2. NO,2,2,,1. YES,0,0,0,0,0,0,1,1,1,0,0,0,1,1,0,0,0,0,0,0,5. FOOD IN THE MARKET WAS VERY EXPENSIVE,12. LACK OF MONEY,,
2. North East,2. Adamawa,209. LARMURDE,2. RURAL,1040,20001,4,1. YES,1. YES,1. YES,1. YES,1. YES,2. NO,2. NO,2. NO,2. NO,2. NO,2,3,,1. YES,0,0,0,0,0,0,0,0,0,0,0,0,0,1,1,1,0,0,0,0,5. FOOD IN THE MARKET WAS VERY EXPENSIVE,12. LACK OF MONEY,,
2. North East,2. Adamawa,209. LARMURDE,2. RURAL,1040,20002,4,2. NO,2. NO,1. YES,2. NO,2. NO,2. NO,2. NO,2. NO,2. NO,2. NO,2,2,2,2. NO,,,,,,,,,,,,,,,,,,,,,,,,
2. North East,34. Taraba,3401. ARDO KOLA,2. RURAL,0,20003,2,1. YES,1. YES,1. YES,1. YES,1. YES,1. YES,1. YES,1. YES,1. YES,1. YES,2,2,2,1. YES,1,0,0,0,0,0,0,0,0,0,0,0,0,0,0,0,0,0,0,0,1. INADEQUATE HOUSEHOLD FOOD STOCKS DUE TO DROUGHT/ POOR RAINS,5. FOOD IN THE MARKET WAS VERY EXPENSIVE,12. LACK OF MONEY,
2. North East,2. Adamawa,209. LARMURDE,2. RURAL,1040,20005,4,1. YES,1. YES,1. YES,1. YES,1. YES,2. NO,1. YES,2. NO,1. YES,2. NO,3,3,,1. YES,0,0,0,0,0,0,0,0,0,0,1,1,1,1,1,0,0,0,0,0,12. LACK OF MONEY,,,
2. North East,2. Adamawa,209. LARMURDE,2. RURAL,1040,20006,17,1. YES,1. YES,1. YES,1. YES,1. YES,1. YES,1. YES,1. YES,1. YES,1. YES,3,3,,2. NO,,,,,,,,,,,,,,,,,,,,,,,,
2. North East,2. Adamawa,209. LARMURDE,2. RURAL,1040,20007,1,1. YES,1. YES,1. YES,2. NO,2. NO,2. NO,2. NO,2. NO,2. NO,1. YES,3,3,,1. YES,0,0,0,1,1,1,1,0,0,0,0,0,1,1,1,1,0,0,0,0,4. INADEQUATE HOUSEHOLD FOOD STOCKS DUE TO LACK OF FARM INPUTS,,,
2. North East,2. Adamawa,209. LARMURDE,2. RURAL,1040,20008,1,1. YES,1. YES,1. YES,2. NO,2. NO,2. NO,2. NO,2. NO,2. NO,1. YES,2,,,1. YES,0,0,0,0,0,0,0,0,0,0,0,0,0,1,1,1,0,0,0,0,5. FOOD IN THE MARKET WAS VERY EXPENSIVE,12. LACK OF MONEY,,
2. North East,2. Adamawa,209. LARMURDE,2. RURAL,0,20009,12,2. NO,2. NO,2. NO,2. NO,2. NO,2. NO,2. NO,2. NO,2. NO,2. NO,2,2,,2. NO,,,,,,,,,,,,,,,,,,,,,,,,
2. North East,2. Adamawa,209. LARMURDE,2. RURAL,1040,20010,5101,1. YES,1. YES,1. YES,2. NO,1. YES,2. NO,2. NO,2. NO,1. YES,1. YES,2,2,,2. NO,,,,,,,,,,,,,,,,,,,,,,,,
2. North East,2. Adamawa,203. GANYE,2. RURAL,1224,20041,2,2. NO,2. NO,2. NO,2. NO,2. NO,2. NO,2. NO,2. NO,2. NO,2. NO,2,,,2. NO,,,,,,,,,,,,,,,,,,,,,,,,
2. North East,2. Adamawa,203. GANYE,2. RURAL,1224,20042,1,1. YES,1. YES,1. YES,2. NO,1. YES,2. NO,1. YES,1. YES,1. YES,1. YES,2,3,,1. YES,0,0,0,0,0,0,0,0,0,0,0,0,0,0,1,0,0,0,0,0,5. FOOD IN THE MARKET WAS VERY EXPENSIVE,12. LACK OF MONEY,,
2. North East,2. Adamawa,203. GANYE,2. RURAL,1224,20043,1,2. NO,2. NO,2. NO,2. NO,2. NO,2. NO,2. NO,2. NO,2. NO,2. NO,2,3,,2. NO,,,,,,,,,,,,,,,,,,,,,,,,
2. North East,2. Adamawa,203. GANYE,2. RURAL,1224,20044,6,1. YES,1. YES,2. NO,2. NO,1. YES,2. NO,2. NO,2. NO,1. YES,1. YES,2,2,,1. YES,0,0,0,0,0,0,1,1,0,1,0,0,0,0,0,0,0,0,0,0,1. INADEQUATE HOUSEHOLD FOOD STOCKS DUE TO DROUGHT/ POOR RAINS,,,
2. North East,2. Adamawa,203. GANYE,2. RURAL,1224,20045,2,2. NO,1. YES,1. YES,1. YES,1. YES,2. NO,2. NO,2. NO,2. NO,2. NO,2,,2,2. NO,,,,,,,,,,,,,,,,,,,,,,,,
2. North East,2. Adamawa,203. GANYE,2. RURAL,1224,20046,1701,1. YES,1. YES,2. NO,2. NO,2. NO,2. NO,1. YES,1. YES,1. YES,1. YES,2,3,2,1. YES,0,0,0,0,0,0,1,0,1,0,1,1,0,0,0,0,0,0,0,0,1. INADEQUATE HOUSEHOLD FOOD STOCKS DUE TO DROUGHT/ POOR RAINS,,,
2. North East,2. Adamawa,203. GANYE,2. RURAL,1224,20047,1,2. NO,2. NO,2. NO,1. YES,2. NO,1. YES,1. YES,2. NO,2. NO,2. NO,2,2,2,2. NO,,,,,,,,,,,,,,,,,,,,,,,,
2. North East,2. Adamawa,203. GANYE,2. RURAL,1224,20048,1,2. NO,1. YES,2. NO,2. NO,1. YES,2. NO,2. NO,2. NO,2. NO,2. NO,3,3,,1. YES,0,0,0,0,0,0,0,0,0,1,1,1,1,0,0,0,0,0,0,0,3. INADEQUATE HOUSEHOLD FOOD STOCKS DUE TO SMALL LAND SIZE,4. INADEQUATE HOUSEHOLD FOOD STOCKS DUE TO LACK OF FARM INPUTS,,
2. North East,2. Adamawa,203. GANYE,2. RURAL,1224,20049,15,2. NO,2. NO,1. YES,2. NO,2. NO,2. NO,2. NO,2. NO,2. NO,2. NO,3,3,,2. NO,,,,,,,,,,,,,,,,,,,,,,,,
2. North East,2. Adamawa,203. GANYE,2. RURAL,1224,20050,1,2. NO,2. NO,2. NO,2. NO,2. NO,2. NO,2. NO,2. NO,2. NO,2. NO,3,,,2. NO,,,,,,,,,,,,,,,,,,,,,,,,
2. North East,2. Adamawa,210. MADAGALI,2. RURAL,1300,20061,1,1. YES,1. YES,1. YES,1. YES,1. YES,1. YES,2. NO,2. NO,1. YES,2. NO,3,,,1. YES,0,0,0,0,0,0,0,0,0,1,1,0,0,0,0,0,0,0,0,0,1. INADEQUATE HOUSEHOLD FOOD STOCKS DUE TO DROUGHT/ POOR RAINS,12. LACK OF MONEY,,
2. North East,2. Adamawa,210. MADAGALI,2. RURAL,1300,20062,1,1. YES,1. YES,1. YES,1. YES,1. YES,1. YES,1. YES,1. YES,1. YES,2. NO,2,,,1. YES,0,0,0,0,0,0,0,0,0,1,1,1,0,0,0,0,0,0,0,0,1. INADEQUATE HOUSEHOLD FOOD STOCKS DUE TO DROUGHT/ POOR RAINS,5. FOOD IN THE MARKET WAS VERY EXPENSIVE,12. LACK OF MONEY,
2. North East,2. Adamawa,210. MADAGALI,2. RURAL,1300,20063,1,1. YES,1. YES,1. YES,1. YES,1. YES,1. YES,1. YES,1. YES,1. YES,2. NO,3,,,1. YES,0,0,0,0,0,0,0,0,0,1,1,0,0,0,0,0,0,0,0,0,1. INADEQUATE HOUSEHOLD FOOD STOCKS DUE TO DROUGHT/ POOR RAINS,5. FOOD IN THE MARKET WAS VERY EXPENSIVE,12. LACK OF MONEY,
2. North East,2. Adamawa,210. MADAGALI,2. RURAL,1300,20064,1,1. YES,1. YES,1. YES,1. YES,1. YES,1. YES,1. YES,1. YES,1. YES,1. YES,2,,,1. YES,0,0,0,0,0,1,0,0,0,0,0,0,0,0,0,0,0,0,0,0,5. FOOD IN THE MARKET WAS VERY EXPENSIVE,,,
2. North East,2. Adamawa,210. MADAGALI,2. RURAL,1300,20065,1,1. YES,1. YES,1. YES,1. YES,1. YES,1. YES,1. YES,1. YES,1. YES,1. YES,2,2,,2. NO,,,,,,,,,,,,,,,,,,,,,,,,
2. North East,2. Adamawa,210. MADAGALI,2. RURAL,1300,20066,10,1. YES,1. YES,1. YES,1. YES,1. YES,1. YES,1. YES,1. YES,1. YES,1. YES,2,2,,1. YES,0,0,0,0,0,0,0,0,0,1,0,0,0,0,0,0,0,0,0,0,12. LACK OF MONEY,,,
2. North East,2. Adamawa,210. MADAGALI,1. URBAN,0,20067,1,1. YES,1. YES,1. YES,1. YES,1. YES,1. YES,1. YES,2. NO,2. NO,1. YES,2,,,1. YES,0,0,0,0,0,0,0,0,0,0,0,0,0,1,1,1,1,0,0,0,4. INADEQUATE HOUSEHOLD FOOD STOCKS DUE TO LACK OF FARM INPUTS,3. INADEQUATE HOUSEHOLD FOOD STOCKS DUE TO SMALL LAND SIZE,,
2. North East,2. Adamawa,210. MADAGALI,2. RURAL,1300,20068,2,1. YES,1. YES,1. YES,1. YES,1. YES,1. YES,1. YES,2. NO,1. YES,2. NO,2,,,1. YES,0,0,0,1,1,0,0,0,0,0,0,0,0,0,1,1,0,0,0,0,4. INADEQUATE HOUSEHOLD FOOD STOCKS DUE TO LACK OF FARM INPUTS,5. FOOD IN THE MARKET WAS VERY EXPENSIVE,7. NO FOOD IN THE MARKET,
2. North East,2. Adamawa,210. MADAGALI,2. RURAL,1300,20069,1,1. YES,1. YES,1. YES,1. YES,1. YES,1. YES,1. YES,2. NO,1. YES,2. NO,2,3,,1. YES,0,0,0,1,1,0,0,0,0,0,0,0,0,0,1,1,0,0,0,0,4. INADEQUATE HOUSEHOLD FOOD STOCKS DUE TO LACK OF FARM INPUTS,5. FOOD IN THE MARKET WAS VERY EXPENSIVE,12. LACK OF MONEY,
2. North East,2. Adamawa,210. MADAGALI,2. RURAL,1300,20070,3,1. YES,1. YES,1. YES,1. YES,1. YES,1. YES,1. YES,2. NO,1. YES,2. NO,3,,3,1. YES,0,0,0,1,0,0,0,0,0,0,0,0,0,0,1,1,0,0,0,0,4. INADEQUATE HOUSEHOLD FOOD STOCKS DUE TO LACK OF FARM INPUTS,5. FOOD IN THE MARKET WAS VERY EXPENSIVE,12. LACK OF MONEY,
2. North East,2. Adamawa,207. HONG,2. RURAL,1302,20091,1,1. YES,2. NO,2. NO,2. NO,2. NO,2. NO,2. NO,2. NO,2. NO,2. NO,3,3,3,2. NO,,,,,,,,,,,,,,,,,,,,,,,,
2. North East,2. Adamawa,207. HONG,2. RURAL,1302,20092,1,2. NO,1. YES,1. YES,2. NO,2. NO,2. NO,2. NO,2. NO,2. NO,2. NO,2,2,,2. NO,,,,,,,,,,,,,,,,,,,,,,,,
2. North East,2. Adamawa,207. HONG,2. RURAL,1302,20093,5101,1. YES,1. YES,1. YES,2. NO,1. YES,1. YES,2. NO,2. NO,2. NO,2. NO,3,,,1. YES,0,0,0,1,1,0,0,0,0,0,0,0,0,0,0,0,0,0,0,0,1. INADEQUATE HOUSEHOLD FOOD STOCKS DUE TO DROUGHT/ POOR RAINS,2. INADEQUATE HOUSEHOLD FOOD STOCKS DUE TO CROP PEST DAMAGE,5. FOOD IN THE MARKET WAS VERY EXPENSIVE,
2. North East,2. Adamawa,207. HONG,2. RURAL,1302,20094,1,2. NO,2. NO,2. NO,2. NO,2. NO,2. NO,2. NO,2. NO,2. NO,2. NO,3,,,2. NO,,,,,,,,,,,,,,,,,,,,,,,,
2. North East,2. Adamawa,207. HONG,2. RURAL,1302,20095,1,1. YES,1. YES,1. YES,1. YES,1. YES,1. YES,1. YES,2. NO,1. YES,1. YES,2,2,,1. YES,0,0,0,1,0,0,0,0,0,0,0,0,0,0,0,0,0,0,0,0,4. INADEQUATE HOUSEHOLD FOOD STOCKS DUE TO LACK OF FARM INPUTS,5. FOOD IN THE MARKET WAS VERY EXPENSIVE,6. UNABLE TO REACH THE MARKET DUE TO HIGH TRANSPORTATION COSTS,
2. North East,2. Adamawa,207. HONG,2. RURAL,1302,20096,1,2. NO,1. YES,1. YES,1. YES,1. YES,2. NO,2. NO,2. NO,2. NO,2. NO,2,3,,2. NO,,,,,,,,,,,,,,,,,,,,,,,,
2. North East,2. Adamawa,207. HONG,2. RURAL,1302,20097,6,1. YES,1. YES,1. YES,2. NO,1. YES,1. YES,1. YES,2. NO,1. YES,2. NO,3,6,,1. YES,0,0,0,0,0,0,0,0,0,0,0,1,1,0,0,0,0,0,0,0,5. FOOD IN THE MARKET WAS VERY EXPENSIVE,12. LACK OF MONEY,,
2. North East,2. Adamawa,207. HONG,2. RURAL,1302,20098,1,2. NO,2. NO,2. NO,2. NO,2. NO,2. NO,2. NO,2. NO,2. NO,2. NO,3,3,,2. NO,,,,,,,,,,,,,,,,,,,,,,,,
2. North East,2. Adamawa,207. HONG,2. RURAL,1302,20099,1,2. NO,2. NO,2. NO,2. NO,2. NO,2. NO,2. NO,2. NO,2. NO,2. NO,3,,,2. NO,,,,,,,,,,,,,,,,,,,,,,,,
2. North East,2. Adamawa,207. HONG,2. RURAL,1302,20100,1,1. YES,1. YES,1. YES,2. NO,1. YES,2. NO,2. NO,2. NO,2. NO,2. NO,3,6,,2. NO,,,,,,,,,,,,,,,,,,,,,,,,
2. North East,2. Adamawa,205. GOMBI,2. RURAL,712,20101,1,1. YES,1. YES,1. YES,1. YES,1. YES,2. NO,2. NO,2. NO,2. NO,2. NO,3,,,2. NO,,,,,,,,,,,,,,,,,,,,,,,,
2. North East,2. Adamawa,205. GOMBI,2. RURAL,712,20102,1,1. YES,1. YES,1. YES,1. YES,1. YES,1. YES,2. NO,2. NO,2. NO,2. NO,3,5,,2. NO,,,,,,,,,,,,,,,,,,,,,,,,
2. North East,2. Adamawa,205. GOMBI,2. RURAL,712,20103,1,1. YES,1. YES,1. YES,1. YES,1. YES,1. YES,1. YES,1. YES,1. YES,2. NO,2,2,,1. YES,0,0,0,1,1,1,0,0,0,0,0,1,1,1,1,1,0,0,0,0,3. INADEQUATE HOUSEHOLD FOOD STOCKS DUE TO SMALL LAND SIZE,4. INADEQUATE HOUSEHOLD FOOD STOCKS DUE TO LACK OF FARM INPUTS,12. LACK OF MONEY,
2. North East,2. Adamawa,205. GOMBI,2. RURAL,712,20104,1,1. YES,1. YES,1. YES,1. YES,1. YES,1. YES,1. YES,2. NO,1. YES,1. YES,2,2,,1. YES,0,0,0,1,1,0,0,0,0,0,0,0,0,0,1,1,0,0,0,0,1. INADEQUATE HOUSEHOLD FOOD STOCKS DUE TO DROUGHT/ POOR RAINS,4. INADEQUATE HOUSEHOLD FOOD STOCKS DUE TO LACK OF FARM INPUTS,5. FOOD IN THE MARKET WAS VERY EXPENSIVE,
2. North East,2. Adamawa,205. GOMBI,2. RURAL,712,20106,2,1. YES,1. YES,1. YES,1. YES,1. YES,1. YES,1. YES,2. NO,1. YES,1. YES,3,,,1. YES,0,0,0,1,1,0,0,0,0,0,0,0,0,0,0,1,0,0,0,0,4. INADEQUATE HOUSEHOLD FOOD STOCKS DUE TO LACK OF FARM INPUTS,5. FOOD IN THE MARKET WAS VERY EXPENSIVE,12. LACK OF MONEY,
2. North East,2. Adamawa,205. GOMBI,2. RURAL,712,20107,1,1. YES,1. YES,1. YES,1. YES,1. YES,1. YES,1. YES,2. NO,1. YES,2. NO,2,2,,1. YES,0,0,0,0,0,0,0,0,0,0,0,0,0,1,1,1,0,0,0,0,12. LACK OF MONEY,4. INADEQUATE HOUSEHOLD FOOD STOCKS DUE TO LACK OF FARM INPUTS,5. FOOD IN THE MARKET WAS VERY EXPENSIVE,
2. North East,2. Adamawa,205. GOMBI,2. RURAL,712,20108,1,1. YES,1. YES,1. YES,1. YES,1. YES,1. YES,1. YES,2. NO,1. YES,1. YES,2,3,,1. YES,0,0,0,1,1,0,0,0,0,0,0,1,1,1,1,1,0,0,0,0,1. INADEQUATE HOUSEHOLD FOOD STOCKS DUE TO DROUGHT/ POOR RAINS,4. INADEQUATE HOUSEHOLD FOOD STOCKS DUE TO LACK OF FARM INPUTS,5. FOOD IN THE MARKET WAS VERY EXPENSIVE,
2. North East,2. Adamawa,205. GOMBI,2. RURAL,712,20110,1,1. YES,2. NO,2. NO,2. NO,2. NO,2. NO,2. NO,2. NO,2. NO,2. NO,3,,,2. NO,,,,,,,,,,,,,,,,,,,,,,,,
2. North East,2. Adamawa,204. GIREI,2. RURAL,144,29001,1,2. NO,2. NO,2. NO,2. NO,2. NO,2. NO,2. NO,2. NO,2. NO,2. NO,3,3,3,2. NO,,,,,,,,,,,,,,,,,,,,,,,,
2. North East,2. Adamawa,204. GIREI,2. RURAL,144,29002,1,2. NO,2. NO,2. NO,2. NO,2. NO,2. NO,2. NO,2. NO,2. NO,2. NO,2,3,4,2. NO,,,,,,,,,,,,,,,,,,,,,,,,
2. North East,2. Adamawa,204. GIREI,2. RURAL,144,29003,1,1. YES,1. YES,2. NO,2. NO,1. YES,1. YES,1. YES,2. NO,2. NO,2. NO,2,,2,1. YES,0,0,0,0,0,0,0,0,1,1,1,0,1,0,0,0,0,0,0,0,1. INADEQUATE HOUSEHOLD FOOD STOCKS DUE TO DROUGHT/ POOR RAINS,,,
2. North East,2. Adamawa,204. GIREI,2. RURAL,144,29004,1,2. NO,2. NO,1. YES,2. NO,1. YES,2. NO,2. NO,2. NO,1. YES,1. YES,2,3,,1. YES,0,0,0,0,0,0,0,0,0,0,0,0,0,1,1,0,0,0,0,0,5. FOOD IN THE MARKET WAS VERY EXPENSIVE,,,
2. North East,2. Adamawa,204. GIREI,2. RURAL,144,29005,1,1. YES,1. YES,1. YES,2. NO,1. YES,1. YES,2. NO,2. NO,1. YES,1. YES,2,,,1. YES,0,0,0,0,0,0,0,0,0,0,0,1,1,1,1,0,0,0,0,0,5. FOOD IN THE MARKET WAS VERY EXPENSIVE,12. LACK OF MONEY,,
2. North East,2. Adamawa,204. GIREI,2. RURAL,144,29006,1,1. YES,1. YES,1. YES,1. YES,1. YES,1. YES,1. YES,1. YES,1. YES,2. NO,3,3,4,1. YES,1,0,0,0,0,0,0,0,0,0,0,0,0,0,0,0,0,0,0,0,3. INADEQUATE HOUSEHOLD FOOD STOCKS DUE TO SMALL LAND SIZE,12. LACK OF MONEY,,
2. North East,2. Adamawa,204. GIREI,2. RURAL,144,29007,2,1. YES,1. YES,1. YES,1. YES,1. YES,1. YES,1. YES,2. NO,1. YES,2. NO,3,3,4,1. YES,0,0,0,0,0,0,0,0,0,0,1,1,1,1,1,1,0,0,0,0,5. FOOD IN THE MARKET WAS VERY EXPENSIVE,3. INADEQUATE HOUSEHOLD FOOD STOCKS DUE TO SMALL LAND SIZE,,
2. North East,2. Adamawa,204. GIREI,2. RURAL,144,29008,1,2. NO,2. NO,2. NO,2. NO,2. NO,2. NO,2. NO,2. NO,2. NO,2. NO,2,3,,2. NO,,,,,,,,,,,,,,,,,,,,,,,,
2. North East,2. Adamawa,204. GIREI,2. RURAL,144,29009,3,1. YES,1. YES,1. YES,1. YES,1. YES,1. YES,1. YES,2. NO,1. YES,2. NO,3,3,,1. YES,0,0,0,0,0,0,0,0,0,0,1,1,1,1,1,1,0,0,0,0,12. LACK OF MONEY,,,
2. North East,2. Adamawa,204. GIREI,2. RURAL,144,29010,1,1. YES,1. YES,2. NO,2. NO,2. NO,2. NO,2. NO,2. NO,2. NO,2. NO,2,3,,1. YES,0,0,0,0,0,0,0,0,0,0,0,0,0,1,1,0,0,0,0,0,5. FOOD IN THE MARKET WAS VERY EXPENSIVE,12. LACK OF MONEY,,
2. North East,2. Adamawa,205. GOMBI,2. RURAL,206,29013,1,2. NO,2. NO,2. NO,2. NO,2. NO,2. NO,2. NO,2. NO,2. NO,2. NO,3,,,2. NO,,,,,,,,,,,,,,,,,,,,,,,,
2. North East,2. Adamawa,205. GOMBI,2. RURAL,206,29014,1,1. YES,1. YES,1. YES,2. NO,1. YES,1. YES,2. NO,2. NO,2. NO,1. YES,2,3,4,1. YES,0,0,0,0,0,0,0,0,0,0,0,0,0,0,1,1,0,0,0,0,5. FOOD IN THE MARKET WAS VERY EXPENSIVE,12. LACK OF MONEY,,
2. North East,2. Adamawa,205. GOMBI,2. RURAL,206,29017,5101,2. NO,1. YES,1. YES,2. NO,1. YES,2. NO,2. NO,2. NO,1. YES,1. YES,2,,,1. YES,0,0,0,0,0,0,0,0,0,0,0,0,1,1,1,0,0,0,0,0,2. INADEQUATE HOUSEHOLD FOOD STOCKS DUE TO CROP PEST DAMAGE,5. FOOD IN THE MARKET WAS VERY EXPENSIVE,,
2. North East,2. Adamawa,205. GOMBI,2. RURAL,206,29018,1,1. YES,1. YES,2. NO,2. NO,1. YES,2. NO,2. NO,1. YES,2. NO,1. YES,2,,,1. YES,0,0,0,0,0,1,1,0,0,0,1,0,0,0,0,0,0,0,0,0,2. INADEQUATE HOUSEHOLD FOOD STOCKS DUE TO CROP PEST DAMAGE,,,
2. North East,2. Adamawa,205. GOMBI,2. RURAL,206,29019,1,1. YES,2. NO,1. YES,2. NO,1. YES,1. YES,2. NO,2. NO,2. NO,1. YES,2,2,,1. YES,0,0,0,0,1,1,0,0,0,0,0,0,0,0,0,0,0,0,0,0,1. INADEQUATE HOUSEHOLD FOOD STOCKS DUE TO DROUGHT/ POOR RAINS,,,
2. North East,2. Adamawa,207. HONG,2. RURAL,0,29020,1,1. YES,1. YES,1. YES,1. YES,1. YES,1. YES,1. YES,2. NO,1. YES,2. NO,1,,,1. YES,0,0,0,0,0,0,0,0,0,0,0,0,0,0,1,1,1,1,0,0,1. INADEQUATE HOUSEHOLD FOOD STOCKS DUE TO DROUGHT/ POOR RAINS,4. INADEQUATE HOUSEHOLD FOOD STOCKS DUE TO LACK OF FARM INPUTS,12. LACK OF MONEY,
2. North East,2. Adamawa,205. GOMBI,2. RURAL,206,29021,1,1. YES,1. YES,1. YES,1. YES,2. NO,2. NO,2. NO,2. NO,2. NO,2. NO,3,3,,2. NO,,,,,,,,,,,,,,,,,,,,,,,,
2. North East,2. Adamawa,205. GOMBI,2. RURAL,206,29022,1,1. YES,1. YES,2. NO,2. NO,2. NO,2. NO,2. NO,2. NO,1. YES,2. NO,3,3,,1. YES,0,0,0,0,0,0,0,0,0,0,1,1,1,0,0,0,0,0,0,0,4. INADEQUATE HOUSEHOLD FOOD STOCKS DUE TO LACK OF FARM INPUTS,,,
2. North East,2. Adamawa,205. GOMBI,2. RURAL,206,29023,1,2. NO,1. YES,2. NO,2. NO,2. NO,2. NO,2. NO,2. NO,2. NO,2. NO,3,,,1. YES,0,0,0,1,0,0,0,0,0,0,1,1,1,0,0,0,0,0,0,0,1. INADEQUATE HOUSEHOLD FOOD STOCKS DUE TO DROUGHT/ POOR RAINS,,,
2. North East,2. Adamawa,205. GOMBI,2. RURAL,206,29024,1,2. NO,2. NO,2. NO,2. NO,2. NO,2. NO,2. NO,2. NO,2. NO,2. NO,3,,,2. NO,,,,,,,,,,,,,,,,,,,,,,,,
2. North East,2. Adamawa,207. HONG,2. RURAL,158,29025,1,1. YES,1. YES,1. YES,1. YES,1. YES,2. NO,2. NO,2. NO,2. NO,2. NO,3,3,,1. YES,0,0,0,1,1,0,0,0,0,0,0,0,0,0,0,0,0,0,0,0,4. INADEQUATE HOUSEHOLD FOOD STOCKS DUE TO LACK OF FARM INPUTS,5. FOOD IN THE MARKET WAS VERY EXPENSIVE,12. LACK OF MONEY,
2. North East,2. Adamawa,207. HONG,2. RURAL,0,29026,1,1. YES,2. NO,2. NO,2. NO,1. YES,1. YES,2. NO,2. NO,2. NO,2. NO,3,,,2. NO,,,,,,,,,,,,,,,,,,,,,,,,
2. North East,2. Adamawa,207. HONG,2. RURAL,158,29028,1,1. YES,1. YES,1. YES,1. YES,1. YES,1. YES,1. YES,2. NO,2. NO,2. NO,2,,,1. YES,0,0,0,1,1,0,0,0,0,0,0,0,0,1,1,1,0,0,0,0,5. FOOD IN THE MARKET WAS VERY EXPENSIVE,12. LACK OF MONEY,,
2. North East,2. Adamawa,207. HONG,2. RURAL,158,29029,1,1. YES,1. YES,1. YES,1. YES,1. YES,1. YES,2. NO,2. NO,1. YES,2. NO,3,,,1. YES,0,0,0,0,0,0,0,0,0,1,1,0,0,0,0,0,0,0,0,0,1. INADEQUATE HOUSEHOLD FOOD STOCKS DUE TO DROUGHT/ POOR RAINS,5. FOOD IN THE MARKET WAS VERY EXPENSIVE,12. LACK OF MONEY,
2. North East,2. Adamawa,207. HONG,2. RURAL,158,29031,1,2. NO,2. NO,2. NO,2. NO,2. NO,2. NO,2. NO,2. NO,2. NO,2. NO,3,,,2. NO,,,,,,,,,,,,,,,,,,,,,,,,
2. North East,2. Adamawa,207. HONG,2. RURAL,158,29032,2,2. NO,2. NO,1. YES,2. NO,1. YES,2. NO,2. NO,2. NO,2. NO,2. NO,3,3,,2. NO,,,,,,,,,,,,,,,,,,,,,,,,
2. North East,2. Adamawa,207. HONG,2. RURAL,158,29033,4,2. NO,2. NO,2. NO,2. NO,2. NO,2. NO,2. NO,2. NO,2. NO,2. NO,3,,,2. NO,,,,,,,,,,,,,,,,,,,,,,,,
2. North East,2. Adamawa,207. HONG,2. RURAL,158,29034,1,2. NO,2. NO,2. NO,2. NO,2. NO,2. NO,2. NO,2. NO,2. NO,2. NO,3,3,,2. NO,,,,,,,,,,,,,,,,,,,,,,,,
2. North East,2. Adamawa,207. HONG,2. RURAL,158,29035,1,1. YES,1. YES,1. YES,2. NO,1. YES,1. YES,2. NO,2. NO,2. NO,2. NO,3,5,,1. YES,0,0,0,0,0,0,0,0,0,1,1,0,0,0,0,0,0,0,0,0,5. FOOD IN THE MARKET WAS VERY EXPENSIVE,6. UNABLE TO REACH THE MARKET DUE TO HIGH TRANSPORTATION COSTS,12. LACK OF MONEY,
2. North East,2. Adamawa,207. HONG,2. RURAL,158,29036,1,2. NO,2. NO,2. NO,2. NO,2. NO,2. NO,2. NO,2. NO,2. NO,2. NO,3,3,3,2. NO,,,,,,,,,,,,,,,,,,,,,,,,
2. North East,2. Adamawa,208. JADA,2. RURAL,300,29037,2,1. YES,1. YES,2. NO,2. NO,1. YES,2. NO,2. NO,2. NO,2. NO,1. YES,2,3,,1. YES,0,0,0,0,0,0,0,0,0,0,0,0,1,1,1,0,0,0,0,0,5. FOOD IN THE MARKET WAS VERY EXPENSIVE,12. LACK OF MONEY,,
2. North East,2. Adamawa,208. JADA,2. RURAL,300,29038,1,2. NO,2. NO,2. NO,2. NO,2. NO,2. NO,2. NO,2. NO,2. NO,2. NO,2,3,,2. NO,,,,,,,,,,,,,,,,,,,,,,,,
2. North East,2. Adamawa,208. JADA,2. RURAL,300,29039,1,2. NO,2. NO,2. NO,2. NO,2. NO,2. NO,2. NO,2. NO,2. NO,2. NO,2,2,4,2. NO,,,,,,,,,,,,,,,,,,,,,,,,
2. North East,2. Adamawa,208. JADA,2. RURAL,300,29041,2,1. YES,2. NO,1. YES,2. NO,2. NO,2. NO,2. NO,2. NO,2. NO,2. NO,2,2,2,1. YES,0,0,0,0,0,0,1,1,0,0,1,0,0,0,0,0,0,0,0,0,2. INADEQUATE HOUSEHOLD FOOD STOCKS DUE TO CROP PEST DAMAGE,1. INADEQUATE HOUSEHOLD FOOD STOCKS DUE TO DROUGHT/ POOR RAINS,,
2. North East,2. Adamawa,208. JADA,2. RURAL,300,29042,1,1. YES,1. YES,2. NO,2. NO,1. YES,1. YES,1. YES,2. NO,1. YES,2. NO,3,,4,1. YES,0,0,0,0,0,0,0,0,0,0,1,1,1,1,0,0,0,0,0,0,4. INADEQUATE HOUSEHOLD FOOD STOCKS DUE TO LACK OF FARM INPUTS,5. FOOD IN THE MARKET WAS VERY EXPENSIVE,,
2. North East,2. Adamawa,208. JADA,2. RURAL,300,29044,1,1. YES,1. YES,1. YES,1. YES,1. YES,1. YES,2. NO,2. NO,1. YES,2. NO,3,3,,1. YES,0,0,0,0,0,0,0,0,0,0,0,1,1,1,1,0,0,0,0,0,12. LACK OF MONEY,,,
2. North East,2. Adamawa,208. JADA,2. RURAL,300,29045,11,1. YES,1. YES,1. YES,1. YES,2. NO,2. NO,1. YES,1. YES,2. NO,2. NO,3,3,,1. YES,0,0,0,0,0,0,0,0,0,0,1,1,1,1,0,0,0,0,0,0,4. INADEQUATE HOUSEHOLD FOOD STOCKS DUE TO LACK OF FARM INPUTS,5. FOOD IN THE MARKET WAS VERY EXPENSIVE,,
2. North East,2. Adamawa,208. JADA,2. RURAL,300,29046,5,1. YES,1. YES,1. YES,1. YES,1. YES,2. NO,2. NO,1. YES,1. YES,2. NO,3,2,,2. NO,,,,,,,,,,,,,,,,,,,,,,,,
2. North East,2. Adamawa,208. JADA,2. RURAL,300,29047,1,2. NO,2. NO,2. NO,2. NO,2. NO,2. NO,2. NO,2. NO,2. NO,2. NO,2,3,4,2. NO,,,,,,,,,,,,,,,,,,,,,,,,
2. North East,2. Adamawa,208. JADA,2. RURAL,300,29048,6,2. NO,1. YES,1. YES,2. NO,2. NO,2. NO,1. YES,2. NO,2. NO,2. NO,3,3,,2. NO,,,,,,,,,,,,,,,,,,,,,,,,
2. North East,2. Adamawa,209. LARMURDE,2. RURAL,10,29050,2,2. NO,1. YES,1. YES,2. NO,2. NO,2. NO,2. NO,2. NO,1. YES,2. NO,2,3,4,1. YES,0,0,0,0,0,0,0,0,0,0,0,0,0,1,1,1,0,0,0,0,5. FOOD IN THE MARKET WAS VERY EXPENSIVE,12. LACK OF MONEY,,
2. North East,2. Adamawa,209. LARMURDE,2. RURAL,10,29051,1,2. NO,1. YES,1. YES,2. NO,2. NO,2. NO,2. NO,2. NO,2. NO,2. NO,2,,,2. NO,,,,,,,,,,,,,,,,,,,,,,,,
2. North East,2. Adamawa,209. LARMURDE,2. RURAL,10,29052,2,2. NO,1. YES,1. YES,2. NO,2. NO,2. NO,2. NO,2. NO,2. NO,1. YES,2,3,3,2. NO,,,,,,,,,,,,,,,,,,,,,,,,
2. North East,2. Adamawa,209. LARMURDE,2. RURAL,10,29053,1,2. NO,2. NO,2. NO,2. NO,1. YES,1. YES,2. NO,1. YES,1. YES,1. YES,2,,,1. YES,0,0,0,0,0,0,0,0,0,0,0,0,1,1,0,0,0,0,0,0,1. INADEQUATE HOUSEHOLD FOOD STOCKS DUE TO DROUGHT/ POOR RAINS,,,
2. North East,2. Adamawa,209. LARMURDE,2. RURAL,10,29054,1,2. NO,1. YES,1. YES,1. YES,2. NO,2. NO,2. NO,1. YES,1. YES,2. NO,2,2,2,1. YES,0,0,0,0,0,0,0,0,0,0,0,0,0,0,1,1,0,0,0,0,1. INADEQUATE HOUSEHOLD FOOD STOCKS DUE TO DROUGHT/ POOR RAINS,,,
2. North East,2. Adamawa,209. LARMURDE,2. RURAL,10,29055,1,1. YES,1. YES,1. YES,1. YES,1. YES,1. YES,1. YES,1. YES,1. YES,1. YES,2,2,2,1. YES,0,0,0,0,1,0,1,1,1,0,1,0,0,1,0,0,0,0,0,0,3. INADEQUATE HOUSEHOLD FOOD STOCKS DUE TO SMALL LAND SIZE,1. INADEQUATE HOUSEHOLD FOOD STOCKS DUE TO DROUGHT/ POOR RAINS,,
2. North East,2. Adamawa,209. LARMURDE,2. RURAL,10,29056,1,1. YES,1. YES,1. YES,1. YES,1. YES,1. YES,1. YES,1. YES,1. YES,2. NO,3,3,3,1. YES,1,0,0,0,0,0,0,0,0,0,0,0,0,0,0,0,0,0,0,0,4. INADEQUATE HOUSEHOLD FOOD STOCKS DUE TO LACK OF FARM INPUTS,,,
2. North East,2. Adamawa,209. LARMURDE,2. RURAL,10,29057,1,1. YES,1. YES,1. YES,1. YES,1. YES,1. YES,1. YES,1. YES,1. YES,2. NO,3,3,3,1. YES,0,0,0,0,0,0,0,0,0,0,0,1,1,1,1,1,0,0,0,0,5. FOOD IN THE MARKET WAS VERY EXPENSIVE,12. LACK OF MONEY,,
2. North East,2. Adamawa,209. LARMURDE,2. RURAL,10,29058,1,2. NO,2. NO,2. NO,2. NO,2. NO,2. NO,2. NO,1. YES,2. NO,2. NO,3,3,,2. NO,,,,,,,,,,,,,,,,,,,,,,,,
2. North East,2. Adamawa,209. LARMURDE,2. RURAL,10,29060,1,2. NO,2. NO,1. YES,2. NO,1. YES,1. YES,2. NO,2. NO,2. NO,1. YES,2,3,,1. YES,0,0,0,0,0,0,0,0,0,0,0,0,0,1,1,0,0,0,0,0,5. FOOD IN THE MARKET WAS VERY EXPENSIVE,12. LACK OF MONEY,,
2. North East,2. Adamawa,210. MADAGALI,2. RURAL,924,29061,5104,1. YES,1. YES,1. YES,1. YES,1. YES,1. YES,1. YES,2. NO,1. YES,2. NO,3,5,3,1. YES,0,0,0,0,0,0,0,0,0,1,1,1,0,0,0,0,0,0,0,0,1. INADEQUATE HOUSEHOLD FOOD STOCKS DUE TO DROUGHT/ POOR RAINS,5. FOOD IN THE MARKET WAS VERY EXPENSIVE,12. LACK OF MONEY,
2. North East,2. Adamawa,210. MADAGALI,2. RURAL,924,29062,1,1. YES,1. YES,1. YES,1. YES,1. YES,1. YES,1. YES,2. NO,1. YES,2. NO,3,5,,1. YES,0,0,0,0,0,0,0,0,1,1,1,0,0,0,0,0,0,0,0,0,1. INADEQUATE HOUSEHOLD FOOD STOCKS DUE TO DROUGHT/ POOR RAINS,5. FOOD IN THE MARKET WAS VERY EXPENSIVE,12. LACK OF MONEY,
2. North East,2. Adamawa,210. MADAGALI,2. RURAL,924,29063,1,1. YES,1. YES,1. YES,2. NO,1. YES,1. YES,1. YES,2. NO,2. NO,2. NO,3,,,1. YES,0,0,0,0,0,0,0,0,1,1,1,0,0,0,0,0,0,0,0,0,1. INADEQUATE HOUSEHOLD FOOD STOCKS DUE TO DROUGHT/ POOR RAINS,5. FOOD IN THE MARKET WAS VERY EXPENSIVE,12. LACK OF MONEY,
2. North East,2. Adamawa,210. MADAGALI,2. RURAL,924,29064,1,1. YES,1. YES,1. YES,2. NO,1. YES,1. YES,1. YES,2. NO,1. YES,2. NO,3,,,1. YES,0,0,0,0,0,0,0,0,0,1,1,0,0,0,0,0,0,0,0,0,1. INADEQUATE HOUSEHOLD FOOD STOCKS DUE TO DROUGHT/ POOR RAINS,5. FOOD IN THE MARKET WAS VERY EXPENSIVE,12. LACK OF MONEY,
2. North East,2. Adamawa,210. MADAGALI,2. RURAL,924,29065,1,2. NO,2. NO,2. NO,2. NO,2. NO,2. NO,2. NO,2. NO,2. NO,2. NO,3,3,,2. NO,,,,,,,,,,,,,,,,,,,,,,,,
2. North East,2. Adamawa,210. MADAGALI,2. RURAL,924,29066,1,2. NO,2. NO,2. NO,2. NO,2. NO,2. NO,2. NO,2. NO,2. NO,2. NO,3,,,2. NO,,,,,,,,,,,,,,,,,,,,,,,,
2. North East,2. Adamawa,210. MADAGALI,2. RURAL,924,29068,1,2. NO,2. NO,2. NO,2. NO,2. NO,2. NO,2. NO,2. NO,2. NO,2. NO,3,3,,2. NO,,,,,,,,,,,,,,,,,,,,,,,,
2. North East,2. Adamawa,210. MADAGALI,2. RURAL,924,29070,1,1. YES,1. YES,1. YES,1. YES,1. YES,1. YES,1. YES,2. NO,2. NO,2. NO,2,,,1. YES,0,0,0,1,1,0,0,0,0,0,0,0,0,0,1,1,0,0,0,0,4. INADEQUATE HOUSEHOLD FOOD STOCKS DUE TO LACK OF FARM INPUTS,10. INADEQUATE FOOD STOCK FROM FARM DUE TO CONFLICT/SECURITY,,
2. North East,2. Adamawa,210. MADAGALI,2. RURAL,924,29071,2,2. NO,1. YES,1. YES,1. YES,2. NO,2. NO,1. YES,2. NO,2. NO,2. NO,3,3,3,1. YES,0,0,0,1,1,0,0,0,0,0,0,0,0,0,0,1,0,0,0,0,4. INADEQUATE HOUSEHOLD FOOD STOCKS DUE TO LACK OF FARM INPUTS,10. INADEQUATE FOOD STOCK FROM FARM DUE TO CONFLICT/SECURITY,,
2. North East,2. Adamawa,210. MADAGALI,2. RURAL,924,29072,1,1. YES,1. YES,1. YES,1. YES,1. YES,1. YES,1. YES,2. NO,2. NO,2. NO,2,2,,1. YES,0,0,0,1,1,0,0,0,0,0,0,0,0,0,1,1,0,0,0,0,4. INADEQUATE HOUSEHOLD FOOD STOCKS DUE TO LACK OF FARM INPUTS,5. FOOD IN THE MARKET WAS VERY EXPENSIVE,11. UNABLE TO REACH THE MARKET DUE TO CONFLICT/SECURITY,
2. North East,2. Adamawa,211. MAIHA,2. RURAL,344,29073,1,1. YES,1. YES,1. YES,1. YES,1. YES,1. YES,1. YES,1. YES,1. YES,1. YES,3,3,,1. YES,0,0,0,0,0,0,0,0,0,0,0,0,0,1,1,1,0,0,0,0,1. INADEQUATE HOUSEHOLD FOOD STOCKS DUE TO DROUGHT/ POOR RAINS,7. NO FOOD IN THE MARKET,12. LACK OF MONEY,
2. North East,2. Adamawa,211. MAIHA,2. RURAL,344,29074,1,1. YES,1. YES,1. YES,2. NO,2. NO,2. NO,2. NO,2. NO,2. NO,2. NO,3,3,3,2. NO,,,,,,,,,,,,,,,,,,,,,,,,
2. North East,2. Adamawa,211. MAIHA,2. RURAL,344,29076,1,1. YES,1. YES,1. YES,1. YES,1. YES,1. YES,1. YES,1. YES,1. YES,1. YES,2,3,3,1. YES,0,0,0,0,0,0,0,0,0,0,0,0,0,1,1,1,0,0,0,0,1. INADEQUATE HOUSEHOLD FOOD STOCKS DUE TO DROUGHT/ POOR RAINS,4. INADEQUATE HOUSEHOLD FOOD STOCKS DUE TO LACK OF FARM INPUTS,12. LACK OF MONEY,
2. North East,2. Adamawa,211. MAIHA,2. RURAL,344,29077,1,1. YES,1. YES,1. YES,1. YES,1. YES,1. YES,1. YES,1. YES,1. YES,1. YES,3,3,3,1. YES,0,0,0,0,0,0,0,0,0,0,0,0,0,1,1,1,0,0,0,0,1. INADEQUATE HOUSEHOLD FOOD STOCKS DUE TO DROUGHT/ POOR RAINS,3. INADEQUATE HOUSEHOLD FOOD STOCKS DUE TO SMALL LAND SIZE,12. LACK OF MONEY,
2. North East,2. Adamawa,211. MAIHA,2. RURAL,344,29078,1,1. YES,1. YES,1. YES,1. YES,1. YES,1. YES,1. YES,2. NO,1. YES,2. NO,3,3,3,1. YES,0,0,0,1,0,0,0,0,0,0,0,0,0,0,0,1,0,0,0,0,12. LACK OF MONEY,4. INADEQUATE HOUSEHOLD FOOD STOCKS DUE TO LACK OF FARM INPUTS,5. FOOD IN THE MARKET WAS VERY EXPENSIVE,
2. North East,2. Adamawa,211. MAIHA,2. RURAL,344,29079,2,2. NO,2. NO,2. NO,2. NO,2. NO,2. NO,2. NO,2. NO,2. NO,2. NO,3,,,2. NO,,,,,,,,,,,,,,,,,,,,,,,,
2. North East,2. Adamawa,211. MAIHA,2. RURAL,344,29080,1,2. NO,2. NO,2. NO,2. NO,2. NO,2. NO,2. NO,2. NO,2. NO,2. NO,3,3,3,2. NO,,,,,,,,,,,,,,,,,,,,,,,,
2. North East,2. Adamawa,211. MAIHA,2. RURAL,344,29082,1,1. YES,1. YES,1. YES,1. YES,1. YES,1. YES,1. YES,2. NO,1. YES,2. NO,3,3,3,1. YES,0,0,0,1,0,0,0,0,0,0,0,0,0,0,1,1,0,0,0,0,4. INADEQUATE HOUSEHOLD FOOD STOCKS DUE TO LACK OF FARM INPUTS,12. LACK OF MONEY,5. FOOD IN THE MARKET WAS VERY EXPENSIVE,
2. North East,2. Adamawa,211. MAIHA,2. RURAL,344,29083,1,2. NO,2. NO,2. NO,2. NO,2. NO,2. NO,2. NO,2. NO,2. NO,2. NO,3,3,,2. NO,,,,,,,,,,,,,,,,,,,,,,,,
2. North East,2. Adamawa,211. MAIHA,2. RURAL,344,29084,1,2. NO,2. NO,2. NO,2. NO,2. NO,2. NO,2. NO,2. NO,2. NO,2. NO,3,,,2. NO,,,,,,,,,,,,,,,,,,,,,,,,
2. North East,2. Adamawa,211. MAIHA,2. RURAL,532,29085,1,1. YES,1. YES,1. YES,1. YES,1. YES,1. YES,1. YES,1. YES,1. YES,1. YES,2,3,,1. YES,0,0,0,0,0,0,0,0,0,0,0,0,0,0,1,0,0,0,0,0,1. INADEQUATE HOUSEHOLD FOOD STOCKS DUE TO DROUGHT/ POOR RAINS,12. LACK OF MONEY,3. INADEQUATE HOUSEHOLD FOOD STOCKS DUE TO SMALL LAND SIZE,
2. North East,2. Adamawa,211. MAIHA,2. RURAL,532,29086,1,1. YES,2. NO,2. NO,2. NO,2. NO,2. NO,2. NO,2. NO,2. NO,2. NO,2,2,,2. NO,,,,,,,,,,,,,,,,,,,,,,,,
2. North East,2. Adamawa,211. MAIHA,2. RURAL,532,29087,2,1. YES,1. YES,1. YES,1. YES,1. YES,1. YES,1. YES,2. NO,1. YES,2. NO,3,3,,1. YES,0,0,0,1,1,0,0,0,0,0,0,0,0,0,1,1,0,0,0,0,4. INADEQUATE HOUSEHOLD FOOD STOCKS DUE TO LACK OF FARM INPUTS,7. NO FOOD IN THE MARKET,5. FOOD IN THE MARKET WAS VERY EXPENSIVE,
2. North East,2. Adamawa,211. MAIHA,2. RURAL,532,29089,1,1. YES,1. YES,1. YES,2. NO,1. YES,1. YES,1. YES,2. NO,1. YES,2. NO,3,3,3,1. YES,0,0,0,1,1,0,0,0,0,0,0,0,0,0,1,1,0,0,0,0,4. INADEQUATE HOUSEHOLD FOOD STOCKS DUE TO LACK OF FARM INPUTS,5. FOOD IN THE MARKET WAS VERY EXPENSIVE,12. LACK OF MONEY,
2. North East,2. Adamawa,211. MAIHA,2. RURAL,532,29090,1,1. YES,1. YES,1. YES,1. YES,1. YES,2. NO,2. NO,2. NO,1. YES,2. NO,3,3,3,1. YES,0,0,0,1,0,0,0,0,0,0,0,0,0,0,0,1,0,0,0,0,4. INADEQUATE HOUSEHOLD FOOD STOCKS DUE TO LACK OF FARM INPUTS,12. LACK OF MONEY,5. FOOD IN THE MARKET WAS VERY EXPENSIVE,
2. North East,2. Adamawa,211. MAIHA,2. RURAL,532,29091,1,1. YES,1. YES,1. YES,1. YES,1. YES,1. YES,1. YES,1. YES,1. YES,2. NO,2,3,,1. YES,0,0,0,0,0,0,0,0,0,0,0,0,1,1,1,0,0,0,0,0,1. INADEQUATE HOUSEHOLD FOOD STOCKS DUE TO DROUGHT/ POOR RAINS,10. INADEQUATE FOOD STOCK FROM FARM DUE TO CONFLICT/SECURITY,12. LACK OF MONEY,
2. North East,2. Adamawa,211. MAIHA,2. RURAL,532,29092,1,2. NO,1. YES,1. YES,2. NO,2. NO,2. NO,2. NO,2. NO,2. NO,2. NO,3,3,3,2. NO,,,,,,,,,,,,,,,,,,,,,,,,
2. North East,2. Adamawa,211. MAIHA,2. RURAL,532,29094,1,1. YES,1. YES,1. YES,1. YES,1. YES,1. YES,1. YES,1. YES,1. YES,1. YES,2,,,1. YES,0,0,0,0,0,0,0,0,0,0,0,0,0,1,1,0,0,0,0,0,1. INADEQUATE HOUSEHOLD FOOD STOCKS DUE TO DROUGHT/ POOR RAINS,12. LACK OF MONEY,2. INADEQUATE HOUSEHOLD FOOD STOCKS DUE TO CROP PEST DAMAGE,
2. North East,2. Adamawa,211. MAIHA,2. RURAL,532,29095,1,2. NO,2. NO,2. NO,2. NO,2. NO,2. NO,2. NO,2. NO,2. NO,2. NO,3,3,,2. NO,,,,,,,,,,,,,,,,,,,,,,,,
2. North East,2. Adamawa,211. MAIHA,2. RURAL,532,29096,1,2. NO,2. NO,2. NO,2. NO,2. NO,2. NO,2. NO,2. NO,2. NO,2. NO,3,3,3,2. NO,,,,,,,,,,,,,,,,,,,,,,,,
2. North East,2. Adamawa,211. MAIHA,2. RURAL,668,29097,1,2. NO,2. NO,1. YES,2. NO,1. YES,1. YES,2. NO,2. NO,2. NO,2. NO,2,2,,2. NO,,,,,,,,,,,,,,,,,,,,,,,,
2. North East,2. Adamawa,211. MAIHA,2. RURAL,668,29099,1,1. YES,1. YES,1. YES,1. YES,1. YES,1. YES,1. YES,2. NO,2. NO,1. YES,2,3,,1. YES,0,0,0,1,1,0,0,0,0,0,0,0,0,0,1,1,0,0,0,0,4. INADEQUATE HOUSEHOLD FOOD STOCKS DUE TO LACK OF FARM INPUTS,12. LACK OF MONEY,5. FOOD IN THE MARKET WAS VERY EXPENSIVE,
2. North East,2. Adamawa,211. MAIHA,2. RURAL,668,29100,1,1. YES,1. YES,1. YES,1. YES,1. YES,1. YES,1. YES,2. NO,2. NO,2. NO,3,3,,1. YES,0,0,0,1,1,0,0,0,0,0,0,0,0,0,1,1,0,0,0,0,4. INADEQUATE HOUSEHOLD FOOD STOCKS DUE TO LACK OF FARM INPUTS,5. FOOD IN THE MARKET WAS VERY EXPENSIVE,12. LACK OF MONEY,
2. North East,2. Adamawa,211. MAIHA,2. RURAL,668,29101,1,1. YES,1. YES,1. YES,1. YES,1. YES,1. YES,1. YES,1. YES,1. YES,1. YES,3,3,3,1. YES,0,0,0,0,0,0,0,0,0,0,0,0,0,1,1,0,0,0,0,0,1. INADEQUATE HOUSEHOLD FOOD STOCKS DUE TO DROUGHT/ POOR RAINS,7. NO FOOD IN THE MARKET,12. LACK OF MONEY,
2. North East,2. Adamawa,211. MAIHA,2. RURAL,668,29102,1,2. NO,2. NO,2. NO,2. NO,2. NO,2. NO,2. NO,2. NO,2. NO,2. NO,2,3,,2. NO,,,,,,,,,,,,,,,,,,,,,,,,
2. North East,2. Adamawa,211. MAIHA,2. RURAL,668,29103,1,1. YES,1. YES,1. YES,2. NO,1. YES,2. NO,1. YES,2. NO,2. NO,2. NO,3,3,,1. YES,0,0,0,1,0,0,0,0,0,0,0,0,0,0,0,1,0,0,0,0,4. INADEQUATE HOUSEHOLD FOOD STOCKS DUE TO LACK OF FARM INPUTS,5. FOOD IN THE MARKET WAS VERY EXPENSIVE,12. LACK OF MONEY,
2. North East,2. Adamawa,211. MAIHA,2. RURAL,668,29104,2,1. YES,1. YES,1. YES,1. YES,1. YES,1. YES,1. YES,1. YES,1. YES,1. YES,2,3,2,1. YES,0,0,0,0,0,0,0,0,0,0,0,0,0,1,1,0,0,0,0,0,1. INADEQUATE HOUSEHOLD FOOD STOCKS DUE TO DROUGHT/ POOR RAINS,5. FOOD IN THE MARKET WAS VERY EXPENSIVE,12. LACK OF MONEY,
2. North East,2. Adamawa,211. MAIHA,2. RURAL,668,29105,1,2. NO,2. NO,2. NO,2. NO,2. NO,2. NO,2. NO,2. NO,2. NO,2. NO,3,3,3,2. NO,,,,,,,,,,,,,,,,,,,,,,,,
2. North East,2. Adamawa,211. MAIHA,2. RURAL,668,29107,1,1. YES,1. YES,1. YES,1. YES,1. YES,1. YES,1. YES,1. YES,1. YES,1. YES,2,,,1. YES,0,0,0,0,0,0,0,0,0,0,0,0,0,0,1,1,0,0,0,0,1. INADEQUATE HOUSEHOLD FOOD STOCKS DUE TO DROUGHT/ POOR RAINS,7. NO FOOD IN THE MARKET,12. LACK OF MONEY,
2. North East,2. Adamawa,211. MAIHA,2. RURAL,668,29108,1,2. NO,2. NO,2. NO,2. NO,2. NO,2. NO,2. NO,2. NO,2. NO,2. NO,3,3,,2. NO,,,,,,,,,,,,,,,,,,,,,,,,
2. North East,2. Adamawa,212. MAYO BELWA,2. RURAL,100,29109,1,1. YES,1. YES,1. YES,1. YES,1. YES,1. YES,2. NO,2. NO,1. YES,2. NO,3,3,,2. NO,,,,,,,,,,,,,,,,,,,,,,,,
2. North East,2. Adamawa,212. MAYO BELWA,2. RURAL,100,29110,1,1. YES,1. YES,1. YES,2. NO,1. YES,2. NO,2. NO,2. NO,2. NO,2. NO,2,,,2. NO,,,,,,,,,,,,,,,,,,,,,,,,
2. North East,2. Adamawa,212. MAYO BELWA,2. RURAL,100,29111,1,2. NO,2. NO,2. NO,2. NO,2. NO,2. NO,2. NO,2. NO,2. NO,2. NO,2,,,2. NO,,,,,,,,,,,,,,,,,,,,,,,,
2. North East,2. Adamawa,212. MAYO BELWA,2. RURAL,100,29112,1,1. YES,1. YES,1. YES,2. NO,1. YES,1. YES,1. YES,1. YES,2. NO,2. NO,3,3,,1. YES,0,0,0,0,0,0,0,0,0,0,0,1,1,1,1,0,0,0,0,0,4. INADEQUATE HOUSEHOLD FOOD STOCKS DUE TO LACK OF FARM INPUTS,,,
2. North East,2. Adamawa,212. MAYO BELWA,2. RURAL,100,29113,1,1. YES,1. YES,2. NO,1. YES,1. YES,2. NO,2. NO,2. NO,1. YES,1. YES,2,,,2. NO,,,,,,,,,,,,,,,,,,,,,,,,
2. North East,2. Adamawa,212. MAYO BELWA,2. RURAL,100,29115,1,2. NO,2. NO,2. NO,2. NO,2. NO,2. NO,2. NO,2. NO,2. NO,2. NO,2,2,,2. NO,,,,,,,,,,,,,,,,,,,,,,,,
2. North East,2. Adamawa,212. MAYO BELWA,2. RURAL,100,29116,2,2. NO,1. YES,1. YES,2. NO,2. NO,2. NO,2. NO,2. NO,2. NO,2. NO,2,,,2. NO,,,,,,,,,,,,,,,,,,,,,,,,
2. North East,2. Adamawa,212. MAYO BELWA,2. RURAL,100,29118,1,2. NO,2. NO,2. NO,2. NO,2. NO,2. NO,2. NO,2. NO,2. NO,2. NO,3,3,3,2. NO,,,,,,,,,,,,,,,,,,,,,,,,
2. North East,2. Adamawa,212. MAYO BELWA,2. RURAL,100,29119,2,1. YES,1. YES,1. YES,1. YES,1. YES,1. YES,2. NO,2. NO,1. YES,2. NO,3,,,1. YES,0,0,0,0,0,0,0,0,0,0,0,1,1,1,1,0,0,0,0,0,4. INADEQUATE HOUSEHOLD FOOD STOCKS DUE TO LACK OF FARM INPUTS,12. LACK OF MONEY,,
2. North East,2. Adamawa,212. MAYO BELWA,2. RURAL,100,29120,1601,2. NO,1. YES,1. YES,2. NO,2. NO,2. NO,2. NO,2. NO,2. NO,2. NO,2,,,1. YES,0,0,0,0,0,0,0,0,0,0,0,0,0,1,1,0,0,0,0,0,5. FOOD IN THE MARKET WAS VERY EXPENSIVE,12. LACK OF MONEY,,
4. South East,4. Anambra,408. DUNUKOFIA,2. RURAL,0,29121,2,1. YES,1. YES,1. YES,1. YES,1. YES,1. YES,2. NO,2. NO,1. YES,1. YES,2,2,,2. NO,,,,,,,,,,,,,,,,,,,,,,,,
2. North East,2. Adamawa,212. MAYO BELWA,2. RURAL,1254,29122,2,2. NO,1. YES,1. YES,2. NO,2. NO,2. NO,2. NO,2. NO,2. NO,2. NO,2,3,,1. YES,0,0,0,0,0,0,0,0,0,0,0,0,0,1,1,0,0,0,0,0,5. FOOD IN THE MARKET WAS VERY EXPENSIVE,12. LACK OF MONEY,,
2. North East,2. Adamawa,212. MAYO BELWA,2. RURAL,1254,29123,1,2. NO,2. NO,2. NO,2. NO,2. NO,1. YES,2. NO,2. NO,2. NO,2. NO,2,3,,2. NO,,,,,,,,,,,,,,,,,,,,,,,,
2. North East,2. Adamawa,212. MAYO BELWA,2. RURAL,1254,29124,1,2. NO,1. YES,2. NO,2. NO,2. NO,2. NO,2. NO,2. NO,2. NO,2. NO,2,3,,2. NO,,,,,,,,,,,,,,,,,,,,,,,,
2. North East,2. Adamawa,212. MAYO BELWA,2. RURAL,1254,29126,1,2. NO,2. NO,2. NO,2. NO,2. NO,2. NO,2. NO,2. NO,2. NO,2. NO,2,2,2,2. NO,,,,,,,,,,,,,,,,,,,,,,,,
2. North East,2. Adamawa,212. MAYO BELWA,2. RURAL,1254,29127,1,2. NO,2. NO,2. NO,2. NO,2. NO,2. NO,2. NO,2. NO,2. NO,2. NO,2,2,,2. NO,,,,,,,,,,,,,,,,,,,,,,,,
2. North East,2. Adamawa,212. MAYO BELWA,2. RURAL,1254,29128,1,2. NO,2. NO,1. YES,2. NO,1. YES,2. NO,2. NO,2. NO,2. NO,2. NO,2,,,2. NO,,,,,,,,,,,,,,,,,,,,,,,,
2. North East,2. Adamawa,212. MAYO BELWA,2. RURAL,1254,29130,1,1. YES,1. YES,1. YES,2. NO,1. YES,1. YES,1. YES,2. NO,2. NO,2. NO,3,3,3,2. NO,,,,,,,,,,,,,,,,,,,,,,,,
2. North East,2. Adamawa,212. MAYO BELWA,2. RURAL,1254,29131,1,1. YES,1. YES,1. YES,1. YES,1. YES,1. YES,1. YES,2. NO,1. YES,2. NO,3,3,,1. YES,0,0,0,0,0,0,0,0,0,1,1,1,1,1,1,0,0,0,0,0,3. INADEQUATE HOUSEHOLD FOOD STOCKS DUE TO SMALL LAND SIZE,4. INADEQUATE HOUSEHOLD FOOD STOCKS DUE TO LACK OF FARM INPUTS,12. LACK OF MONEY,
2. North East,2. Adamawa,212. MAYO BELWA,2. RURAL,1254,29132,2,1. YES,1. YES,1. YES,1. YES,1. YES,1. YES,2. NO,2. NO,1. YES,2. NO,3,3,3,2. NO,,,,,,,,,,,,,,,,,,,,,,,,
2. North East,2. Adamawa,213. MICHIKA,1. URBAN,1010,29133,1,1. YES,1. YES,1. YES,1. YES,1. YES,1. YES,1. YES,1. YES,1. YES,1. YES,3,3,3,1. YES,0,0,0,0,0,0,0,0,0,0,0,1,1,0,0,0,0,0,0,0,1. INADEQUATE HOUSEHOLD FOOD STOCKS DUE TO DROUGHT/ POOR RAINS,12. LACK OF MONEY,,
2. North East,2. Adamawa,213. MICHIKA,1. URBAN,1010,29134,1,2. NO,2. NO,2. NO,2. NO,2. NO,2. NO,2. NO,2. NO,2. NO,2. NO,3,,,2. NO,,,,,,,,,,,,,,,,,,,,,,,,
2. North East,2. Adamawa,213. MICHIKA,1. URBAN,1010,29135,1,1. YES,1. YES,1. YES,1. YES,1. YES,1. YES,1. YES,1. YES,1. YES,2. NO,2,3,2,1. YES,0,0,0,0,0,0,0,0,0,0,0,0,0,1,1,0,0,0,0,0,1. INADEQUATE HOUSEHOLD FOOD STOCKS DUE TO DROUGHT/ POOR RAINS,4. INADEQUATE HOUSEHOLD FOOD STOCKS DUE TO LACK OF FARM INPUTS,12. LACK OF MONEY,
2. North East,2. Adamawa,213. MICHIKA,1. URBAN,1010,29136,1,1. YES,1. YES,1. YES,1. YES,1. YES,1. YES,1. YES,2. NO,1. YES,2. NO,3,3,3,1. YES,0,0,0,1,0,0,0,0,0,0,0,0,0,0,0,1,0,0,0,0,5. FOOD IN THE MARKET WAS VERY EXPENSIVE,12. LACK OF MONEY,7. NO FOOD IN THE MARKET,
2. North East,2. Adamawa,213. MICHIKA,1. URBAN,1010,29138,2,1. YES,1. YES,1. YES,1. YES,1. YES,1. YES,1. YES,1. YES,1. YES,2. NO,3,3,3,1. YES,0,0,0,0,0,0,0,0,0,0,0,0,0,1,1,0,0,0,0,0,1. INADEQUATE HOUSEHOLD FOOD STOCKS DUE TO DROUGHT/ POOR RAINS,5. FOOD IN THE MARKET WAS VERY EXPENSIVE,12. LACK OF MONEY,
2. North East,2. Adamawa,213. MICHIKA,1. URBAN,1010,29139,2,1. YES,1. YES,1. YES,1. YES,1. YES,1. YES,1. YES,2. NO,1. YES,2. NO,3,3,3,1. YES,0,0,0,1,1,0,0,0,0,0,0,0,0,0,1,1,0,0,0,0,3. INADEQUATE HOUSEHOLD FOOD STOCKS DUE TO SMALL LAND SIZE,5. FOOD IN THE MARKET WAS VERY EXPENSIVE,4. INADEQUATE HOUSEHOLD FOOD STOCKS DUE TO LACK OF FARM INPUTS,
2. North East,2. Adamawa,213. MICHIKA,1. URBAN,1010,29140,1,2. NO,2. NO,2. NO,2. NO,2. NO,2. NO,2. NO,2. NO,2. NO,2. NO,3,,,2. NO,,,,,,,,,,,,,,,,,,,,,,,,
2. North East,2. Adamawa,213. MICHIKA,1. URBAN,1010,29142,1,1. YES,1. YES,1. YES,1. YES,1. YES,1. YES,1. YES,2. NO,1. YES,2. NO,3,3,,1. YES,0,0,0,1,1,0,0,0,0,0,0,0,0,0,1,1,0,0,0,0,4. INADEQUATE HOUSEHOLD FOOD STOCKS DUE TO LACK OF FARM INPUTS,12. LACK OF MONEY,5. FOOD IN THE MARKET WAS VERY EXPENSIVE,
2. North East,2. Adamawa,213. MICHIKA,1. URBAN,1010,29143,1,2. NO,2. NO,2. NO,2. NO,2. NO,2. NO,2. NO,2. NO,2. NO,2. NO,2,2,,2. NO,,,,,,,,,,,,,,,,,,,,,,,,
2. North East,2. Adamawa,213. MICHIKA,1. URBAN,1010,29144,1,1. YES,1. YES,1. YES,2. NO,1. YES,2. NO,2. NO,2. NO,2. NO,2. NO,3,,,1. YES,0,0,0,1,0,0,0,0,0,0,0,0,0,0,0,1,0,0,0,0,5. FOOD IN THE MARKET WAS VERY EXPENSIVE,12. LACK OF MONEY,7. NO FOOD IN THE MARKET,
2. North East,2. Adamawa,213. MICHIKA,2. RURAL,1282,29147,1,1. YES,1. YES,1. YES,1. YES,1. YES,1. YES,1. YES,1. YES,1. YES,2. NO,2,3,2,1. YES,0,0,0,0,0,0,0,0,0,0,0,0,0,1,1,1,0,0,0,0,1. INADEQUATE HOUSEHOLD FOOD STOCKS DUE TO DROUGHT/ POOR RAINS,5. FOOD IN THE MARKET WAS VERY EXPENSIVE,12. LACK OF MONEY,
2. North East,2. Adamawa,213. MICHIKA,2. RURAL,1282,29148,1,1. YES,1. YES,1. YES,1. YES,1. YES,1. YES,1. YES,1. YES,1. YES,2. NO,3,3,,1. YES,0,0,0,0,0,0,0,0,0,0,1,1,1,1,0,0,0,0,0,0,1. INADEQUATE HOUSEHOLD FOOD STOCKS DUE TO DROUGHT/ POOR RAINS,5. FOOD IN THE MARKET WAS VERY EXPENSIVE,12. LACK OF MONEY,
2. North East,2. Adamawa,213. MICHIKA,2. RURAL,1282,29149,2,1. YES,1. YES,1. YES,1. YES,1. YES,1. YES,1. YES,1. YES,1. YES,2. NO,2,3,2,1. YES,0,0,0,0,0,0,0,0,0,0,1,1,1,1,1,0,0,0,0,0,1. INADEQUATE HOUSEHOLD FOOD STOCKS DUE TO DROUGHT/ POOR RAINS,12. LACK OF MONEY,5. FOOD IN THE MARKET WAS VERY EXPENSIVE,
2. North East,2. Adamawa,213. MICHIKA,2. RURAL,1282,29150,1,2. NO,2. NO,2. NO,2. NO,2. NO,2. NO,2. NO,2. NO,2. NO,2. NO,3,3,,2. NO,,,,,,,,,,,,,,,,,,,,,,,,
2. North East,2. Adamawa,213. MICHIKA,2. RURAL,1282,29151,1,1. YES,1. YES,1. YES,1. YES,1. YES,1. YES,1. YES,1. YES,1. YES,1. YES,2,,,2. NO,,,,,,,,,,,,,,,,,,,,,,,,
2. North East,2. Adamawa,213. MICHIKA,2. RURAL,1282,29152,1,2. NO,2. NO,2. NO,2. NO,2. NO,2. NO,2. NO,2. NO,2. NO,2. NO,3,3,,2. NO,,,,,,,,,,,,,,,,,,,,,,,,
2. North East,2. Adamawa,213. MICHIKA,2. RURAL,1282,29153,1,2. NO,2. NO,2. NO,2. NO,2. NO,2. NO,2. NO,2. NO,2. NO,2. NO,3,3,,2. NO,,,,,,,,,,,,,,,,,,,,,,,,
2. North East,2. Adamawa,213. MICHIKA,2. RURAL,1282,29154,2,1. YES,1. YES,1. YES,1. YES,1. YES,1. YES,1. YES,2. NO,1. YES,2. NO,2,3,,1. YES,0,0,0,1,1,0,0,0,0,0,0,0,0,0,0,1,0,0,0,0,4. INADEQUATE HOUSEHOLD FOOD STOCKS DUE TO LACK OF FARM INPUTS,5. FOOD IN THE MARKET WAS VERY EXPENSIVE,12. LACK OF MONEY,
2. North East,2. Adamawa,213. MICHIKA,2. RURAL,1282,29155,1,1. YES,1. YES,1. YES,1. YES,1. YES,1. YES,1. YES,2. NO,2. NO,2. NO,2,3,3,1. YES,0,0,0,1,1,0,0,0,0,0,0,0,0,0,1,1,0,0,0,0,4. INADEQUATE HOUSEHOLD FOOD STOCKS DUE TO LACK OF FARM INPUTS,5. FOOD IN THE MARKET WAS VERY EXPENSIVE,12. LACK OF MONEY,
2. North East,2. Adamawa,213. MICHIKA,2. RURAL,1282,29156,2,1. YES,1. YES,1. YES,1. YES,2. NO,1. YES,1. YES,2. NO,2. NO,2. NO,2,,,1. YES,0,0,0,1,1,0,0,0,0,0,0,0,0,0,0,1,0,0,0,0,5. FOOD IN THE MARKET WAS VERY EXPENSIVE,4. INADEQUATE HOUSEHOLD FOOD STOCKS DUE TO LACK OF FARM INPUTS,12. LACK OF MONEY,
2. North East,2. Adamawa,213. MICHIKA,2. RURAL,1406,29158,1,2. NO,2. NO,2. NO,2. NO,2. NO,2. NO,2. NO,2. NO,2. NO,2. NO,3,,,2. NO,,,,,,,,,,,,,,,,,,,,,,,,
2. North East,2. Adamawa,213. MICHIKA,2. RURAL,1406,29160,1,2. NO,2. NO,2. NO,2. NO,2. NO,2. NO,2. NO,2. NO,2. NO,2. NO,3,,,2. NO,,,,,,,,,,,,,,,,,,,,,,,,
2. North East,2. Adamawa,213. MICHIKA,2. RURAL,1406,29161,102,2. NO,2. NO,2. NO,2. NO,2. NO,2. NO,2. NO,2. NO,2. NO,2. NO,3,3,3,2. NO,,,,,,,,,,,,,,,,,,,,,,,,
2. North East,2. Adamawa,213. MICHIKA,2. RURAL,1406,29162,1,1. YES,1. YES,1. YES,1. YES,1. YES,1. YES,1. YES,2. NO,2. NO,2. NO,3,3,,1. YES,0,0,0,1,0,0,0,0,0,0,0,0,0,0,1,1,0,0,0,0,4. INADEQUATE HOUSEHOLD FOOD STOCKS DUE TO LACK OF FARM INPUTS,5. FOOD IN THE MARKET WAS VERY EXPENSIVE,12. LACK OF MONEY,
2. North East,2. Adamawa,213. MICHIKA,2. RURAL,1406,29163,1,1. YES,1. YES,1. YES,1. YES,1. YES,1. YES,1. YES,1. YES,1. YES,1. YES,3,,,1. YES,0,0,0,0,0,0,0,0,0,0,0,0,0,1,1,1,0,0,0,0,1. INADEQUATE HOUSEHOLD FOOD STOCKS DUE TO DROUGHT/ POOR RAINS,5. FOOD IN THE MARKET WAS VERY EXPENSIVE,12. LACK OF MONEY,
2. North East,2. Adamawa,213. MICHIKA,2. RURAL,1406,29164,2,1. YES,1. YES,1. YES,1. YES,1. YES,1. YES,1. YES,1. YES,1. YES,1. YES,2,,2,1. YES,0,0,0,0,0,0,0,0,0,0,0,0,1,1,1,1,0,0,0,0,4. INADEQUATE HOUSEHOLD FOOD STOCKS DUE TO LACK OF FARM INPUTS,5. FOOD IN THE MARKET WAS VERY EXPENSIVE,12. LACK OF MONEY,
2. North East,2. Adamawa,213. MICHIKA,2. RURAL,1406,29165,2,1. YES,1. YES,1. YES,1. YES,1. YES,1. YES,1. YES,1. YES,1. YES,1. YES,2,,,1. YES,0,0,0,0,0,0,0,0,0,0,0,0,0,1,1,1,0,0,0,0,1. INADEQUATE HOUSEHOLD FOOD STOCKS DUE TO DROUGHT/ POOR RAINS,5. FOOD IN THE MARKET WAS VERY EXPENSIVE,12. LACK OF MONEY,
2. North East,2. Adamawa,213. MICHIKA,2. RURAL,1406,29166,1,1. YES,1. YES,1. YES,1. YES,1. YES,1. YES,1. YES,1. YES,1. YES,1. YES,2,3,2,1. YES,0,0,0,0,0,0,0,0,0,0,0,0,0,1,1,1,0,0,0,0,1. INADEQUATE HOUSEHOLD FOOD STOCKS DUE TO DROUGHT/ POOR RAINS,3. INADEQUATE HOUSEHOLD FOOD STOCKS DUE TO SMALL LAND SIZE,5. FOOD IN THE MARKET WAS VERY EXPENSIVE,
2. North East,2. Adamawa,213. MICHIKA,2. RURAL,1406,29167,1,1. YES,1. YES,1. YES,1. YES,1. YES,1. YES,1. YES,2. NO,2. NO,2. NO,3,,,1. YES,0,0,0,1,0,0,0,0,0,0,0,0,0,0,0,1,0,0,0,0,4. INADEQUATE HOUSEHOLD FOOD STOCKS DUE TO LACK OF FARM INPUTS,12. LACK OF MONEY,,
2. North East,2. Adamawa,213. MICHIKA,2. RURAL,1406,29168,1,2. NO,2. NO,2. NO,2. NO,2. NO,2. NO,2. NO,2. NO,2. NO,2. NO,3,3,,2. NO,,,,,,,,,,,,,,,,,,,,,,,,
2. North East,2. Adamawa,215. MUBI SOUTH,2. RURAL,814,29169,1,1. YES,1. YES,1. YES,1. YES,1. YES,1. YES,1. YES,1. YES,1. YES,1. YES,3,3,,1. YES,0,0,0,0,0,0,0,0,0,0,0,0,1,1,0,0,0,0,0,0,2. INADEQUATE HOUSEHOLD FOOD STOCKS DUE TO CROP PEST DAMAGE,5. FOOD IN THE MARKET WAS VERY EXPENSIVE,12. LACK OF MONEY,
2. North East,2. Adamawa,215. MUBI SOUTH,2. RURAL,814,29170,1,1. YES,1. YES,1. YES,1. YES,1. YES,1. YES,1. YES,1. YES,1. YES,2. NO,2,2,,2. NO,,,,,,,,,,,,,,,,,,,,,,,,
2. North East,2. Adamawa,215. MUBI SOUTH,2. RURAL,814,29171,1,2. NO,2. NO,2. NO,2. NO,2. NO,2. NO,2. NO,2. NO,2. NO,2. NO,3,3,,2. NO,,,,,,,,,,,,,,,,,,,,,,,,
2. North East,2. Adamawa,215. MUBI SOUTH,2. RURAL,814,29172,1,1. YES,1. YES,1. YES,1. YES,1. YES,1. YES,1. YES,2. NO,1. YES,1. YES,2,2,,2. NO,,,,,,,,,,,,,,,,,,,,,,,,
2. North East,2. Adamawa,215. MUBI SOUTH,2. RURAL,814,29173,1,2. NO,2. NO,2. NO,2. NO,2. NO,2. NO,2. NO,2. NO,2. NO,2. NO,3,,,2. NO,,,,,,,,,,,,,,,,,,,,,,,,
2. North East,2. Adamawa,215. MUBI SOUTH,2. RURAL,814,29174,1,1. YES,1. YES,1. YES,1. YES,1. YES,1. YES,1. YES,2. NO,1. YES,2. NO,3,3,,1. YES,0,0,0,1,0,0,0,0,0,0,0,0,0,0,0,1,0,0,0,0,4. INADEQUATE HOUSEHOLD FOOD STOCKS DUE TO LACK OF FARM INPUTS,5. FOOD IN THE MARKET WAS VERY EXPENSIVE,12. LACK OF MONEY,
2. North East,2. Adamawa,215. MUBI SOUTH,2. RURAL,814,29175,1,1. YES,1. YES,1. YES,1. YES,1. YES,1. YES,1. YES,1. YES,1. YES,1. YES,3,5,3,1. YES,0,0,0,0,0,0,0,0,0,0,0,0,1,1,0,0,0,0,0,0,1. INADEQUATE HOUSEHOLD FOOD STOCKS DUE TO DROUGHT/ POOR RAINS,5. FOOD IN THE MARKET WAS VERY EXPENSIVE,12. LACK OF MONEY,
2. North East,2. Adamawa,215. MUBI SOUTH,2. RURAL,814,29176,1,1. YES,1. YES,1. YES,1. YES,1. YES,1. YES,1. YES,1. YES,1. YES,1. YES,3,3,,1. YES,0,0,0,0,0,0,0,0,0,0,0,0,1,1,1,0,0,0,0,0,1. INADEQUATE HOUSEHOLD FOOD STOCKS DUE TO DROUGHT/ POOR RAINS,12. LACK OF MONEY,5. FOOD IN THE MARKET WAS VERY EXPENSIVE,
2. North East,2. Adamawa,215. MUBI SOUTH,2. RURAL,814,29178,1,1. YES,1. YES,1. YES,1. YES,1. YES,1. YES,1. YES,2. NO,1. YES,2. NO,3,3,3,1. YES,0,0,0,1,0,0,0,0,0,0,0,0,0,0,0,1,0,0,0,0,4. INADEQUATE HOUSEHOLD FOOD STOCKS DUE TO LACK OF FARM INPUTS,5. FOOD IN THE MARKET WAS VERY EXPENSIVE,12. LACK OF MONEY,
2. North East,2. Adamawa,215. MUBI SOUTH,2. RURAL,814,29179,1,1. YES,1. YES,1. YES,1. YES,1. YES,1. YES,1. YES,2. NO,1. YES,2. NO,3,3,,1. YES,0,0,0,1,0,0,0,0,0,0,0,0,0,0,1,1,0,0,0,0,4. INADEQUATE HOUSEHOLD FOOD STOCKS DUE TO LACK OF FARM INPUTS,12. LACK OF MONEY,7. NO FOOD IN THE MARKET,
2. North East,2. Adamawa,218. SONG,2. RURAL,1624,29181,2,2. NO,2. NO,2. NO,2. NO,2. NO,2. NO,2. NO,2. NO,2. NO,2. NO,2,2,,2. NO,,,,,,,,,,,,,,,,,,,,,,,,
2. North East,2. Adamawa,218. SONG,2. RURAL,0,29182,1,2. NO,2. NO,2. NO,2. NO,2. NO,2. NO,2. NO,2. NO,2. NO,2. NO,3,3,,2. NO,,,,,,,,,,,,,,,,,,,,,,,,
2. North East,2. Adamawa,218. SONG,2. RURAL,1624,29183,1,2. NO,2. NO,2. NO,2. NO,2. NO,2. NO,2. NO,2. NO,2. NO,2. NO,3,3,,2. NO,,,,,,,,,,,,,,,,,,,,,,,,
2. North East,2. Adamawa,218. SONG,2. RURAL,1624,29185,701,2. NO,2. NO,2. NO,2. NO,2. NO,2. NO,2. NO,2. NO,2. NO,2. NO,2,2,2,2. NO,,,,,,,,,,,,,,,,,,,,,,,,
2. North East,2. Adamawa,218. SONG,2. RURAL,1624,29186,2,1. YES,1. YES,1. YES,1. YES,1. YES,1. YES,1. YES,1. YES,1. YES,1. YES,3,3,3,1. YES,0,0,0,0,0,0,0,0,0,0,0,1,1,1,1,1,0,0,0,0,12. LACK OF MONEY,,,
2. North East,2. Adamawa,218. SONG,2. RURAL,1624,29187,2,1. YES,1. YES,1. YES,1. YES,1. YES,1. YES,1. YES,1. YES,1. YES,2. NO,3,3,,1. YES,0,0,0,0,0,0,0,0,0,0,0,1,1,1,1,1,0,0,0,0,12. LACK OF MONEY,,,
2. North East,2. Adamawa,207. HONG,2. RURAL,0,29188,1,1. YES,1. YES,1. YES,1. YES,1. YES,1. YES,2. NO,2. NO,2. NO,2. NO,3,3,,1. YES,0,0,0,0,0,0,0,0,0,0,0,0,0,0,1,1,0,0,0,0,4. INADEQUATE HOUSEHOLD FOOD STOCKS DUE TO LACK OF FARM INPUTS,12. LACK OF MONEY,1. INADEQUATE HOUSEHOLD FOOD STOCKS DUE TO DROUGHT/ POOR RAINS,
2. North East,2. Adamawa,218. SONG,2. RURAL,1624,29189,1,2. NO,1. YES,2. NO,2. NO,2. NO,2. NO,2. NO,2. NO,2. NO,2. NO,3,,,2. NO,,,,,,,,,,,,,,,,,,,,,,,,
2. North East,2. Adamawa,218. SONG,2. RURAL,1624,29191,2,2. NO,2. NO,1. YES,2. NO,1. YES,1. YES,2. NO,2. NO,1. YES,1. YES,2,3,,1. YES,0,0,0,0,0,0,0,0,0,0,0,0,1,1,1,0,0,0,0,0,5. FOOD IN THE MARKET WAS VERY EXPENSIVE,12. LACK OF MONEY,,
2. North East,2. Adamawa,218. SONG,2. RURAL,1624,29192,1,2. NO,2. NO,2. NO,2. NO,2. NO,2. NO,2. NO,2. NO,2. NO,2. NO,3,,,2. NO,,,,,,,,,,,,,,,,,,,,,,,,
2. North East,2. Adamawa,219. TOUNGO,2. RURAL,124,29193,1,2. NO,2. NO,2. NO,2. NO,2. NO,2. NO,2. NO,2. NO,2. NO,2. NO,2,5,,2. NO,,,,,,,,,,,,,,,,,,,,,,,,
2. North East,2. Adamawa,219. TOUNGO,2. RURAL,124,29194,1,2. NO,2. NO,2. NO,2. NO,2. NO,2. NO,2. NO,2. NO,2. NO,2. NO,3,6,3,2. NO,,,,,,,,,,,,,,,,,,,,,,,,
2. North East,2. Adamawa,219. TOUNGO,2. RURAL,124,29195,1,2. NO,1. YES,2. NO,2. NO,2. NO,2. NO,2. NO,2. NO,2. NO,2. NO,2,3,4,2. NO,,,,,,,,,,,,,,,,,,,,,,,,
2. North East,2. Adamawa,219. TOUNGO,2. RURAL,124,29196,7,2. NO,1. YES,2. NO,2. NO,2. NO,2. NO,2. NO,2. NO,2. NO,2. NO,2,3,3,2. NO,,,,,,,,,,,,,,,,,,,,,,,,
2. North East,2. Adamawa,219. TOUNGO,2. RURAL,124,29198,1,2. NO,1. YES,2. NO,2. NO,2. NO,2. NO,2. NO,2. NO,2. NO,2. NO,2,3,,2. NO,,,,,,,,,,,,,,,,,,,,,,,,
2. North East,2. Adamawa,219. TOUNGO,2. RURAL,124,29199,1,2. NO,1. YES,1. YES,2. NO,1. YES,1. YES,2. NO,2. NO,1. YES,1. YES,2,3,3,1. YES,0,0,0,0,0,0,0,0,0,0,0,1,1,1,0,0,0,0,0,0,1. INADEQUATE HOUSEHOLD FOOD STOCKS DUE TO DROUGHT/ POOR RAINS,4. INADEQUATE HOUSEHOLD FOOD STOCKS DUE TO LACK OF FARM INPUTS,,
2. North East,2. Adamawa,219. TOUNGO,2. RURAL,124,29200,1,1. YES,2. NO,2. NO,1. YES,2. NO,2. NO,2. NO,2. NO,1. YES,2. NO,2,2,2,1. YES,0,0,0,0,0,1,1,1,0,0,0,0,0,0,0,0,0,0,0,0,1. INADEQUATE HOUSEHOLD FOOD STOCKS DUE TO DROUGHT/ POOR RAINS,,,
2. North East,2. Adamawa,219. TOUNGO,2. RURAL,124,29202,1,1. YES,1. YES,1. YES,2. NO,2. NO,2. NO,2. NO,2. NO,2. NO,2. NO,3,3,,1. YES,0,0,0,0,0,0,0,0,0,0,1,1,1,1,0,0,0,0,0,0,4. INADEQUATE HOUSEHOLD FOOD STOCKS DUE TO LACK OF FARM INPUTS,3. INADEQUATE HOUSEHOLD FOOD STOCKS DUE TO SMALL LAND SIZE,,
2. North East,2. Adamawa,219. TOUNGO,2. RURAL,124,29203,4,2. NO,2. NO,2. NO,2. NO,2. NO,2. NO,2. NO,2. NO,2. NO,2. NO,3,3,,2. NO,,,,,,,,,,,,,,,,,,,,,,,,
2. North East,2. Adamawa,219. TOUNGO,2. RURAL,124,29204,1,2. NO,2. NO,2. NO,2. NO,2. NO,2. NO,2. NO,2. NO,2. NO,2. NO,2,2,,2. NO,,,,,,,,,,,,,,,,,,,,,,,,
2. North East,2. Adamawa,220. YOLA NORTH,2. RURAL,112,29206,4,1. YES,2. NO,2. NO,2. NO,2. NO,1. YES,2. NO,2. NO,2. NO,2. NO,3,5,,2. NO,,,,,,,,,,,,,,,,,,,,,,,,
2. North East,2. Adamawa,220. YOLA NORTH,2. RURAL,112,29208,2,1. YES,1. YES,1. YES,1. YES,1. YES,1. YES,1. YES,2. NO,2. NO,2. NO,2,3,,1. YES,0,0,0,0,0,0,1,1,0,0,0,1,1,0,0,0,0,0,0,0,1. INADEQUATE HOUSEHOLD FOOD STOCKS DUE TO DROUGHT/ POOR RAINS,5. FOOD IN THE MARKET WAS VERY EXPENSIVE,,
2. North East,2. Adamawa,220. YOLA NORTH,2. RURAL,112,29209,1,1. YES,1. YES,1. YES,1. YES,1. YES,2. NO,1. YES,2. NO,1. YES,1. YES,2,3,,1. YES,0,0,0,0,0,0,0,0,0,0,0,1,1,1,0,0,0,0,0,0,5. FOOD IN THE MARKET WAS VERY EXPENSIVE,,,
2. North East,2. Adamawa,220. YOLA NORTH,2. RURAL,112,29210,1,2. NO,2. NO,2. NO,2. NO,2. NO,2. NO,2. NO,2. NO,2. NO,2. NO,3,,,2. NO,,,,,,,,,,,,,,,,,,,,,,,,
2. North East,2. Adamawa,220. YOLA NORTH,2. RURAL,112,29211,5101,1. YES,1. YES,1. YES,1. YES,1. YES,2. NO,2. NO,2. NO,1. YES,2. NO,2,3,,1. YES,0,0,0,0,0,0,0,0,0,0,0,0,1,1,0,0,0,0,0,0,5. FOOD IN THE MARKET WAS VERY EXPENSIVE,6. UNABLE TO REACH THE MARKET DUE TO HIGH TRANSPORTATION COSTS,11. UNABLE TO REACH THE MARKET DUE TO CONFLICT/SECURITY,
2. North East,2. Adamawa,220. YOLA NORTH,2. RURAL,112,29212,5101,1. YES,2. NO,1. YES,2. NO,1. YES,2. NO,2. NO,2. NO,1. YES,1. YES,2,3,,2. NO,,,,,,,,,,,,,,,,,,,,,,,,
2. North East,2. Adamawa,220. YOLA NORTH,2. RURAL,112,29213,1,1. YES,1. YES,1. YES,2. NO,2. NO,1. YES,1. YES,1. YES,1. YES,2. NO,2,2,,1. YES,0,0,0,0,1,1,0,0,1,0,0,0,0,0,0,0,0,0,0,0,1. INADEQUATE HOUSEHOLD FOOD STOCKS DUE TO DROUGHT/ POOR RAINS,4. INADEQUATE HOUSEHOLD FOOD STOCKS DUE TO LACK OF FARM INPUTS,3. INADEQUATE HOUSEHOLD FOOD STOCKS DUE TO SMALL LAND SIZE,
2. North East,2. Adamawa,220. YOLA NORTH,2. RURAL,112,29214,1,2. NO,2. NO,2. NO,2. NO,2. NO,2. NO,2. NO,2. NO,2. NO,2. NO,2,2,3,2. NO,,,,,,,,,,,,,,,,,,,,,,,,
2. North East,2. Adamawa,220. YOLA NORTH,2. RURAL,112,29215,1,1. YES,1. YES,1. YES,2. NO,2. NO,1. YES,1. YES,1. YES,1. YES,2. NO,2,3,,1. YES,0,0,0,0,0,0,0,0,0,0,0,0,0,1,1,1,0,0,0,0,12. LACK OF MONEY,,,
2. North East,2. Adamawa,220. YOLA NORTH,2. RURAL,112,29216,1,2. NO,1. YES,1. YES,2. NO,2. NO,2. NO,2. NO,1. YES,1. YES,2. NO,2,2,,1. YES,0,0,0,1,0,0,1,1,0,0,0,0,0,0,0,0,0,0,0,0,1. INADEQUATE HOUSEHOLD FOOD STOCKS DUE TO DROUGHT/ POOR RAINS,,,
2. North East,2. Adamawa,221. YOLA SOUTH,1. URBAN,750,29217,1,2. NO,2. NO,2. NO,2. NO,2. NO,2. NO,2. NO,2. NO,2. NO,2. NO,3,2,,2. NO,,,,,,,,,,,,,,,,,,,,,,,,
2. North East,2. Adamawa,221. YOLA SOUTH,1. URBAN,750,29218,1,1. YES,1. YES,1. YES,2. NO,1. YES,1. YES,2. NO,2. NO,1. YES,1. YES,2,3,,2. NO,,,,,,,,,,,,,,,,,,,,,,,,
2. North East,2. Adamawa,221. YOLA SOUTH,1. URBAN,750,29219,1,2. NO,2. NO,2. NO,2. NO,2. NO,2. NO,2. NO,2. NO,2. NO,2. NO,3,,,2. NO,,,,,,,,,,,,,,,,,,,,,,,,
2. North East,2. Adamawa,221. YOLA SOUTH,1. URBAN,750,29220,1,1. YES,1. YES,1. YES,1. YES,1. YES,1. YES,1. YES,1. YES,1. YES,1. YES,2,3,3,1. YES,1,0,0,0,0,0,0,0,0,0,0,0,0,0,0,0,0,0,0,0,4. INADEQUATE HOUSEHOLD FOOD STOCKS DUE TO LACK OF FARM INPUTS,,,
2. North East,2. Adamawa,221. YOLA SOUTH,1. URBAN,750,29221,1,1. YES,1. YES,1. YES,1. YES,1. YES,1. YES,1. YES,1. YES,1. YES,1. YES,2,3,3,1. YES,0,0,0,1,1,1,1,1,1,0,0,0,0,0,0,0,0,0,0,0,5. FOOD IN THE MARKET WAS VERY EXPENSIVE,12. LACK OF MONEY,,
2. North East,2. Adamawa,221. YOLA SOUTH,1. URBAN,750,29223,1,1. YES,1. YES,1. YES,2. NO,1. YES,1. YES,2. NO,2. NO,1. YES,1. YES,2,3,3,1. YES,0,0,0,0,0,0,0,0,0,0,0,0,1,1,1,0,0,0,0,0,5. FOOD IN THE MARKET WAS VERY EXPENSIVE,12. LACK OF MONEY,,
2. North East,2. Adamawa,221. YOLA SOUTH,1. URBAN,750,29224,1,1. YES,1. YES,1. YES,1. YES,1. YES,2. NO,2. NO,2. NO,1. YES,1. YES,2,3,,1. YES,0,0,0,0,0,0,0,0,0,0,0,0,0,1,1,0,0,0,0,0,5. FOOD IN THE MARKET WAS VERY EXPENSIVE,12. LACK OF MONEY,,
2. North East,2. Adamawa,221. YOLA SOUTH,1. URBAN,750,29226,1,1. YES,1. YES,1. YES,1. YES,1. YES,1. YES,1. YES,1. YES,1. YES,2. NO,3,3,,1. YES,0,0,0,0,0,0,0,0,0,1,1,1,1,1,1,1,0,0,0,0,5. FOOD IN THE MARKET WAS VERY EXPENSIVE,,,
2. North East,2. Adamawa,221. YOLA SOUTH,1. URBAN,750,29227,1,2. NO,1. YES,2. NO,2. NO,2. NO,2. NO,1. YES,2. NO,2. NO,2. NO,2,,,2. NO,,,,,,,,,,,,,,,,,,,,,,,,
2. North East,2. Adamawa,221. YOLA SOUTH,1. URBAN,750,29228,2,1. YES,1. YES,1. YES,1. YES,1. YES,1. YES,1. YES,1. YES,1. YES,1. YES,3,3,,1. YES,1,0,0,0,0,0,0,0,0,0,0,0,0,0,0,0,0,0,0,0,4. INADEQUATE HOUSEHOLD FOOD STOCKS DUE TO LACK OF FARM INPUTS,12. LACK OF MONEY,,
5. South South,3. Akwa Ibom,316. ITU,2. RURAL,874,30021,4,2. NO,2. NO,2. NO,2. NO,2. NO,2. NO,2. NO,2. NO,2. NO,2. NO,3,,,2. NO,,,,,,,,,,,,,,,,,,,,,,,,
5. South South,3. Akwa Ibom,316. ITU,2. RURAL,874,30022,1,1. YES,1. YES,1. YES,1. YES,1. YES,1. YES,1. YES,2. NO,2. NO,2. NO,3,,,1. YES,0,0,0,0,0,0,0,0,0,0,1,0,0,0,0,0,0,0,0,0,12. LACK OF MONEY,13. LACK OF ACCESS TO MONEY AT THE BANK DUE TO NAIRA REDESIGN,5. FOOD IN THE MARKET WAS VERY EXPENSIVE,
5. South South,3. Akwa Ibom,316. ITU,2. RURAL,874,30023,1,1. YES,1. YES,1. YES,1. YES,1. YES,1. YES,1. YES,2. NO,1. YES,2. NO,3,4,,1. YES,0,0,0,0,0,0,0,0,0,0,1,0,0,0,0,0,0,0,0,0,12. LACK OF MONEY,13. LACK OF ACCESS TO MONEY AT THE BANK DUE TO NAIRA REDESIGN,5. FOOD IN THE MARKET WAS VERY EXPENSIVE,
5. South South,3. Akwa Ibom,316. ITU,2. RURAL,874,30024,2,2. NO,2. NO,2. NO,2. NO,2. NO,2. NO,2. NO,2. NO,2. NO,2. NO,3,,5,2. NO,,,,,,,,,,,,,,,,,,,,,,,,
5. South South,3. Akwa Ibom,316. ITU,2. RURAL,874,30025,3,1. YES,1. YES,1. YES,1. YES,1. YES,1. YES,1. YES,2. NO,2. NO,2. NO,2,,,1. YES,0,0,0,0,0,0,0,1,1,1,1,0,0,0,0,0,0,0,0,0,12. LACK OF MONEY,,,
5. South South,3. Akwa Ibom,316. ITU,2. RURAL,874,30026,2,1. YES,2. NO,2. NO,1. YES,1. YES,2. NO,2. NO,2. NO,1. YES,2. NO,3,3,3,1. YES,0,0,0,0,0,0,0,0,1,1,1,1,0,0,0,0,0,0,0,0,12. LACK OF MONEY,,,
5. South South,3. Akwa Ibom,316. ITU,2. RURAL,874,30027,2,1. YES,1. YES,1. YES,1. YES,1. YES,2. NO,2. NO,2. NO,1. YES,2. NO,3,4,,1. YES,0,0,0,0,0,0,0,0,0,0,1,0,0,0,0,0,0,0,0,0,12. LACK OF MONEY,13. LACK OF ACCESS TO MONEY AT THE BANK DUE TO NAIRA REDESIGN,5. FOOD IN THE MARKET WAS VERY EXPENSIVE,
5. South South,3. Akwa Ibom,305. ESSIEN UDIM,2. RURAL,0,30028,2,1. YES,1. YES,1. YES,1. YES,1. YES,1. YES,1. YES,2. NO,1. YES,2. NO,2,,2,1. YES,0,0,0,0,0,0,0,0,0,0,0,1,0,0,0,0,0,0,0,0,5. FOOD IN THE MARKET WAS VERY EXPENSIVE,12. LACK OF MONEY,,
1. North Central,37. FCT,3706. ABUJA MUNICIPAL,2. RURAL,0,30029,1,1. YES,1. YES,1. YES,1. YES,1. YES,1. YES,1. YES,1. YES,1. YES,1. YES,1,1,,1. YES,1,0,0,0,0,0,0,0,0,0,0,0,0,0,0,0,0,0,0,0,5. FOOD IN THE MARKET WAS VERY EXPENSIVE,6. UNABLE TO REACH THE MARKET DUE TO HIGH TRANSPORTATION COSTS,12. LACK OF MONEY,
5. South South,3. Akwa Ibom,316. ITU,2. RURAL,874,30030,1,1. YES,1. YES,1. YES,1. YES,1. YES,1. YES,1. YES,2. NO,1. YES,2. NO,2,,,1. YES,0,0,0,0,0,0,0,1,1,1,1,1,0,0,0,0,0,0,0,0,12. LACK OF MONEY,,,
5. South South,3. Akwa Ibom,331. UYO,1. URBAN,0,30041,1,1. YES,1. YES,2. NO,2. NO,2. NO,2. NO,2. NO,2. NO,2. NO,2. NO,2,,,2. NO,,,,,,,,,,,,,,,,,,,,,,,,
5. South South,3. Akwa Ibom,307. ETINAN,1. URBAN,634,30042,1,1. YES,1. YES,1. YES,1. YES,1. YES,1. YES,1. YES,1. YES,1. YES,1. YES,2,,,1. YES,0,0,0,0,0,0,0,0,1,1,1,0,1,0,0,0,0,0,0,0,5. FOOD IN THE MARKET WAS VERY EXPENSIVE,12. LACK OF MONEY,,
5. South South,3. Akwa Ibom,307. ETINAN,1. URBAN,634,30043,3,2. NO,1. YES,1. YES,2. NO,2. NO,2. NO,2. NO,2. NO,2. NO,2. NO,2,,,2. NO,,,,,,,,,,,,,,,,,,,,,,,,
5. South South,3. Akwa Ibom,307. ETINAN,1. URBAN,634,30044,2,1. YES,1. YES,1. YES,1. YES,1. YES,1. YES,1. YES,2. NO,1. YES,1. YES,2,2,3,1. YES,0,0,0,0,0,0,0,0,0,1,1,0,1,1,0,0,0,0,0,0,5. FOOD IN THE MARKET WAS VERY EXPENSIVE,12. LACK OF MONEY,,
5. South South,3. Akwa Ibom,307. ETINAN,1. URBAN,634,30045,102,2. NO,1. YES,2. NO,2. NO,2. NO,2. NO,2. NO,2. NO,2. NO,2. NO,3,,,2. NO,,,,,,,,,,,,,,,,,,,,,,,,
5. South South,3. Akwa Ibom,307. ETINAN,1. URBAN,634,30046,5101,1. YES,1. YES,1. YES,1. YES,1. YES,1. YES,1. YES,1. YES,1. YES,1. YES,2,2,,1. YES,0,0,0,0,0,0,0,0,1,0,1,0,1,1,0,0,0,0,0,0,1. INADEQUATE HOUSEHOLD FOOD STOCKS DUE TO DROUGHT/ POOR RAINS,5. FOOD IN THE MARKET WAS VERY EXPENSIVE,12. LACK OF MONEY,
5. South South,3. Akwa Ibom,307. ETINAN,1. URBAN,634,30047,2,2. NO,1. YES,1. YES,1. YES,1. YES,2. NO,2. NO,2. NO,2. NO,2. NO,2,,,2. NO,,,,,,,,,,,,,,,,,,,,,,,,
5. South South,3. Akwa Ibom,307. ETINAN,1. URBAN,634,30048,1,1. YES,1. YES,1. YES,1. YES,1. YES,2. NO,2. NO,2. NO,2. NO,2. NO,2,,,2. NO,,,,,,,,,,,,,,,,,,,,,,,,
5. South South,3. Akwa Ibom,307. ETINAN,1. URBAN,634,30049,3,1. YES,2. NO,2. NO,2. NO,1. YES,1. YES,2. NO,2. NO,2. NO,2. NO,3,4,,2. NO,,,,,,,,,,,,,,,,,,,,,,,,
5. South South,12. Edo,1202. EGOR,1. URBAN,0,30050,1,2. NO,2. NO,2. NO,2. NO,2. NO,2. NO,2. NO,2. NO,2. NO,2. NO,3,,,2. NO,,,,,,,,,,,,,,,,,,,,,,,,
5. South South,3. Akwa Ibom,318. MKPAT ENIN,2. RURAL,1136,30081,1,1. YES,1. YES,1. YES,1. YES,1. YES,1. YES,1. YES,1. YES,1. YES,1. YES,2,2,,2. NO,,,,,,,,,,,,,,,,,,,,,,,,
5. South South,3. Akwa Ibom,318. MKPAT ENIN,2. RURAL,1136,30084,4,1. YES,1. YES,1. YES,2. NO,1. YES,2. NO,2. NO,2. NO,2. NO,2. NO,2,,,1. YES,0,0,0,0,0,0,0,0,0,1,1,1,0,0,0,0,0,0,0,0,13. LACK OF ACCESS TO MONEY AT THE BANK DUE TO NAIRA REDESIGN,12. LACK OF MONEY,,
5. South South,3. Akwa Ibom,318. MKPAT ENIN,2. RURAL,1136,30085,2,2. NO,1. YES,1. YES,2. NO,1. YES,2. NO,2. NO,2. NO,2. NO,2. NO,3,3,,2. NO,,,,,,,,,,,,,,,,,,,,,,,,
5. South South,3. Akwa Ibom,318. MKPAT ENIN,2. RURAL,1136,30086,1,1. YES,1. YES,1. YES,1. YES,1. YES,2. NO,2. NO,2. NO,2. NO,2. NO,2,3,3,1. YES,0,0,0,0,0,0,0,0,0,1,0,0,0,0,0,0,0,0,0,0,13. LACK OF ACCESS TO MONEY AT THE BANK DUE TO NAIRA REDESIGN,,,
5. South South,3. Akwa Ibom,318. MKPAT ENIN,2. RURAL,1136,30087,3,1. YES,1. YES,1. YES,1. YES,1. YES,1. YES,2. NO,2. NO,2. NO,2. NO,3,,,1. YES,0,0,0,0,0,0,0,0,0,1,0,0,0,0,0,0,0,0,0,0,13. LACK OF ACCESS TO MONEY AT THE BANK DUE TO NAIRA REDESIGN,,,
5. South South,3. Akwa Ibom,318. MKPAT ENIN,2. RURAL,1136,30088,1,1. YES,1. YES,1. YES,1. YES,2. NO,2. NO,1. YES,2. NO,2. NO,2. NO,2,,,1. YES,0,0,0,0,0,0,0,0,0,0,1,1,1,0,0,0,0,0,0,0,12. LACK OF MONEY,7. NO FOOD IN THE MARKET,13. LACK OF ACCESS TO MONEY AT THE BANK DUE TO NAIRA REDESIGN,
5. South South,3. Akwa Ibom,318. MKPAT ENIN,2. RURAL,0,30089,3,1. YES,1. YES,1. YES,1. YES,1. YES,2. NO,2. NO,2. NO,1. YES,2. NO,2,2,,1. YES,0,0,0,0,0,0,0,1,1,1,1,1,1,1,1,1,0,0,0,0,12. LACK OF MONEY,13. LACK OF ACCESS TO MONEY AT THE BANK DUE TO NAIRA REDESIGN,5. FOOD IN THE MARKET WAS VERY EXPENSIVE,
5. South South,3. Akwa Ibom,318. MKPAT ENIN,2. RURAL,1136,30090,2,1. YES,1. YES,1. YES,1. YES,1. YES,1. YES,2. NO,2. NO,2. NO,2. NO,2,,,2. NO,,,,,,,,,,,,,,,,,,,,,,,,
5. South South,3. Akwa Ibom,313. IKOT ABASI,2. RURAL,70,30091,2,1. YES,1. YES,1. YES,1. YES,1. YES,1. YES,1. YES,2. NO,1. YES,2. NO,2,3,,1. YES,0,0,0,0,0,0,0,0,1,1,1,1,1,1,1,1,0,0,0,0,5. FOOD IN THE MARKET WAS VERY EXPENSIVE,,,
5. South South,3. Akwa Ibom,313. IKOT ABASI,2. RURAL,70,30093,1,1. YES,1. YES,1. YES,1. YES,1. YES,1. YES,1. YES,2. NO,1. YES,2. NO,2,2,,1. YES,0,0,0,0,0,0,0,0,0,1,1,1,1,1,1,0,0,0,0,0,5. FOOD IN THE MARKET WAS VERY EXPENSIVE,12. LACK OF MONEY,,
5. South South,3. Akwa Ibom,313. IKOT ABASI,2. RURAL,70,30094,3,1. YES,1. YES,1. YES,1. YES,1. YES,1. YES,1. YES,2. NO,1. YES,1. YES,2,2,3,1. YES,0,0,0,0,0,0,1,1,1,0,0,1,1,1,1,0,0,0,0,0,12. LACK OF MONEY,5. FOOD IN THE MARKET WAS VERY EXPENSIVE,,
5. South South,32. Rivers,3222. PORT HARCOURT,2. RURAL,0,30096,1,1. YES,1. YES,1. YES,1. YES,1. YES,2. NO,2. NO,2. NO,1. YES,2. NO,2,3,4,1. YES,0,0,0,0,0,0,0,0,0,1,0,0,0,0,0,0,0,0,0,0,12. LACK OF MONEY,,,
5. South South,3. Akwa Ibom,313. IKOT ABASI,2. RURAL,70,30097,4,1. YES,1. YES,1. YES,2. NO,1. YES,2. NO,2. NO,2. NO,1. YES,2. NO,2,3,5,1. YES,0,0,0,0,0,0,0,0,0,1,1,0,0,1,1,0,0,0,0,0,12. LACK OF MONEY,13. LACK OF ACCESS TO MONEY AT THE BANK DUE TO NAIRA REDESIGN,5. FOOD IN THE MARKET WAS VERY EXPENSIVE,
5. South South,3. Akwa Ibom,313. IKOT ABASI,2. RURAL,70,30098,2,1. YES,1. YES,1. YES,1. YES,1. YES,1. YES,1. YES,2. NO,2. NO,2. NO,3,3,,2. NO,,,,,,,,,,,,,,,,,,,,,,,,
5. South South,3. Akwa Ibom,313. IKOT ABASI,2. RURAL,70,30099,1,1. YES,1. YES,1. YES,1. YES,1. YES,1. YES,1. YES,2. NO,1. YES,2. NO,2,1,3,1. YES,0,0,0,0,0,0,0,0,0,0,0,0,1,1,1,0,0,0,0,0,5. FOOD IN THE MARKET WAS VERY EXPENSIVE,6. UNABLE TO REACH THE MARKET DUE TO HIGH TRANSPORTATION COSTS,,
5. South South,3. Akwa Ibom,313. IKOT ABASI,2. RURAL,70,30100,2,1. YES,1. YES,1. YES,2. NO,1. YES,2. NO,1. YES,2. NO,1. YES,2. NO,2,3,,1. YES,1,0,0,0,0,0,0,0,0,0,0,0,0,0,0,0,0,0,0,0,5. FOOD IN THE MARKET WAS VERY EXPENSIVE,12. LACK OF MONEY,,
5. South South,3. Akwa Ibom,301. ABAK,1. URBAN,1198,30101,1,1. YES,1. YES,1. YES,1. YES,1. YES,2. NO,2. NO,2. NO,2. NO,2. NO,2,2,,2. NO,,,,,,,,,,,,,,,,,,,,,,,,
5. South South,3. Akwa Ibom,301. ABAK,1. URBAN,0,30102,2,1. YES,1. YES,1. YES,2. NO,1. YES,2. NO,2. NO,2. NO,2. NO,1. YES,3,3,3,2. NO,,,,,,,,,,,,,,,,,,,,,,,,
5. South South,3. Akwa Ibom,301. ABAK,1. URBAN,1198,30103,1,2. NO,2. NO,2. NO,2. NO,2. NO,2. NO,2. NO,2. NO,2. NO,2. NO,3,,,2. NO,,,,,,,,,,,,,,,,,,,,,,,,
5. South South,3. Akwa Ibom,301. ABAK,1. URBAN,1198,30104,2,1. YES,1. YES,1. YES,1. YES,1. YES,2. NO,2. NO,2. NO,1. YES,2. NO,2,,,1. YES,0,0,0,0,0,0,1,1,1,1,1,1,0,0,0,0,0,0,0,0,13. LACK OF ACCESS TO MONEY AT THE BANK DUE TO NAIRA REDESIGN,12. LACK OF MONEY,,
5. South South,3. Akwa Ibom,301. ABAK,1. URBAN,1198,30105,1,1. YES,1. YES,1. YES,2. NO,1. YES,2. NO,2. NO,2. NO,2. NO,2. NO,3,3,,2. NO,,,,,,,,,,,,,,,,,,,,,,,,
5. South South,3. Akwa Ibom,301. ABAK,1. URBAN,1198,30106,2,1. YES,1. YES,1. YES,1. YES,2. NO,2. NO,2. NO,2. NO,1. YES,2. NO,2,2,,2. NO,,,,,,,,,,,,,,,,,,,,,,,,
5. South South,3. Akwa Ibom,301. ABAK,1. URBAN,1198,30107,8,1. YES,1. YES,1. YES,1. YES,1. YES,2. NO,2. NO,2. NO,2. NO,2. NO,2,,,2. NO,,,,,,,,,,,,,,,,,,,,,,,,
5. South South,3. Akwa Ibom,301. ABAK,1. URBAN,1198,30108,3,1. YES,1. YES,1. YES,1. YES,1. YES,2. NO,2. NO,2. NO,2. NO,1. YES,2,2,,1. YES,0,0,0,0,0,0,0,0,1,0,0,1,0,0,0,0,0,0,0,0,12. LACK OF MONEY,,,
5. South South,3. Akwa Ibom,301. ABAK,1. URBAN,1198,30109,1,2. NO,2. NO,2. NO,2. NO,2. NO,2. NO,2. NO,2. NO,2. NO,2. NO,3,,,2. NO,,,,,,,,,,,,,,,,,,,,,,,,
5. South South,3. Akwa Ibom,301. ABAK,1. URBAN,1198,30110,1,2. NO,1. YES,1. YES,1. YES,1. YES,2. NO,2. NO,2. NO,2. NO,2. NO,2,,,2. NO,,,,,,,,,,,,,,,,,,,,,,,,
5. South South,3. Akwa Ibom,305. ESSIEN UDIM,2. RURAL,1542,30121,2,1. YES,1. YES,1. YES,2. NO,1. YES,1. YES,2. NO,2. NO,2. NO,2. NO,3,,,2. NO,,,,,,,,,,,,,,,,,,,,,,,,
5. South South,3. Akwa Ibom,305. ESSIEN UDIM,2. RURAL,1542,30122,2,1. YES,1. YES,1. YES,1. YES,1. YES,1. YES,1. YES,2. NO,1. YES,2. NO,2,3,,2. NO,,,,,,,,,,,,,,,,,,,,,,,,
5. South South,3. Akwa Ibom,305. ESSIEN UDIM,2. RURAL,1542,30123,2,2. NO,2. NO,2. NO,2. NO,2. NO,2. NO,2. NO,2. NO,2. NO,2. NO,3,4,,2. NO,,,,,,,,,,,,,,,,,,,,,,,,
5. South South,3. Akwa Ibom,305. ESSIEN UDIM,2. RURAL,1542,30124,5101,2. NO,2. NO,1. YES,2. NO,2. NO,1. YES,1. YES,2. NO,1. YES,2. NO,2,,,2. NO,,,,,,,,,,,,,,,,,,,,,,,,
5. South South,3. Akwa Ibom,305. ESSIEN UDIM,2. RURAL,1542,30125,1,1. YES,1. YES,1. YES,1. YES,1. YES,1. YES,1. YES,1. YES,1. YES,2. NO,3,4,,1. YES,0,0,0,0,0,0,0,0,0,1,1,1,1,1,0,0,0,0,0,0,12. LACK OF MONEY,13. LACK OF ACCESS TO MONEY AT THE BANK DUE TO NAIRA REDESIGN,,
5. South South,3. Akwa Ibom,305. ESSIEN UDIM,2. RURAL,1542,30126,2,2. NO,1. YES,1. YES,1. YES,1. YES,1. YES,1. YES,2. NO,1. YES,2. NO,2,3,,1. YES,0,0,0,0,0,0,0,0,1,1,1,1,1,1,1,0,0,0,0,0,5. FOOD IN THE MARKET WAS VERY EXPENSIVE,6. UNABLE TO REACH THE MARKET DUE TO HIGH TRANSPORTATION COSTS,13. LACK OF ACCESS TO MONEY AT THE BANK DUE TO NAIRA REDESIGN,
5. South South,3. Akwa Ibom,305. ESSIEN UDIM,2. RURAL,1542,30127,6,1. YES,1. YES,1. YES,1. YES,1. YES,1. YES,1. YES,2. NO,2. NO,2. NO,3,4,,1. YES,0,0,0,0,1,0,0,0,0,0,0,1,1,1,1,0,0,0,0,0,5. FOOD IN THE MARKET WAS VERY EXPENSIVE,6. UNABLE TO REACH THE MARKET DUE TO HIGH TRANSPORTATION COSTS,,
5. South South,3. Akwa Ibom,305. ESSIEN UDIM,2. RURAL,1542,30128,1,1. YES,1. YES,1. YES,1. YES,1. YES,1. YES,2. NO,2. NO,1. YES,2. NO,3,,4,1. YES,0,0,0,0,0,0,0,0,0,0,0,1,1,1,0,0,0,0,0,0,5. FOOD IN THE MARKET WAS VERY EXPENSIVE,13. LACK OF ACCESS TO MONEY AT THE BANK DUE TO NAIRA REDESIGN,12. LACK OF MONEY,
5. South South,3. Akwa Ibom,305. ESSIEN UDIM,2. RURAL,1542,30129,2,2. NO,2. NO,2. NO,2. NO,2. NO,2. NO,2. NO,2. NO,2. NO,2. NO,4,,,2. NO,,,,,,,,,,,,,,,,,,,,,,,,
5. South South,3. Akwa Ibom,305. ESSIEN UDIM,2. RURAL,1542,30130,2,2. NO,2. NO,1. YES,2. NO,1. YES,1. YES,2. NO,2. NO,2. NO,2. NO,4,,,2. NO,,,,,,,,,,,,,,,,,,,,,,,,
5. South South,3. Akwa Ibom,312. IKONO,2. RURAL,20,30131,6,1. YES,1. YES,1. YES,1. YES,1. YES,1. YES,1. YES,2. NO,1. YES,1. YES,2,3,5,1. YES,1,0,0,0,0,0,0,0,0,0,0,0,0,0,0,0,0,0,0,0,12. LACK OF MONEY,5. FOOD IN THE MARKET WAS VERY EXPENSIVE,,
5. South South,3. Akwa Ibom,312. IKONO,2. RURAL,20,30132,1,1. YES,1. YES,1. YES,1. YES,1. YES,1. YES,1. YES,1. YES,1. YES,2. NO,2,,,1. YES,0,0,0,0,0,0,0,0,0,0,1,1,0,0,0,0,0,0,0,0,5. FOOD IN THE MARKET WAS VERY EXPENSIVE,13. LACK OF ACCESS TO MONEY AT THE BANK DUE TO NAIRA REDESIGN,12. LACK OF MONEY,
5. South South,3. Akwa Ibom,312. IKONO,2. RURAL,20,30133,1,1. YES,1. YES,1. YES,1. YES,1. YES,1. YES,2. NO,2. NO,1. YES,2. NO,3,3,,1. YES,0,0,0,0,0,0,0,0,0,0,1,1,0,0,0,0,0,0,0,0,5. FOOD IN THE MARKET WAS VERY EXPENSIVE,13. LACK OF ACCESS TO MONEY AT THE BANK DUE TO NAIRA REDESIGN,12. LACK OF MONEY,
5. South South,3. Akwa Ibom,312. IKONO,2. RURAL,20,30134,2,2. NO,1. YES,1. YES,1. YES,1. YES,1. YES,1. YES,1. YES,1. YES,2. NO,2,,,1. YES,0,0,0,0,0,0,0,0,0,0,1,1,0,0,0,0,0,0,0,0,12. LACK OF MONEY,,,
5. South South,3. Akwa Ibom,312. IKONO,2. RURAL,20,30135,1,1. YES,1. YES,1. YES,1. YES,1. YES,1. YES,2. NO,2. NO,1. YES,2. NO,3,,,1. YES,0,0,0,0,0,0,0,0,0,0,1,0,0,0,0,0,0,0,0,0,12. LACK OF MONEY,5. FOOD IN THE MARKET WAS VERY EXPENSIVE,13. LACK OF ACCESS TO MONEY AT THE BANK DUE TO NAIRA REDESIGN,
5. South South,3. Akwa Ibom,312. IKONO,2. RURAL,20,30137,1,1. YES,1. YES,1. YES,1. YES,1. YES,1. YES,1. YES,1. YES,2. NO,2. NO,2,,,1. YES,1,0,0,0,0,0,0,0,0,0,0,0,0,0,0,0,0,0,0,0,5. FOOD IN THE MARKET WAS VERY EXPENSIVE,12. LACK OF MONEY,,
5. South South,3. Akwa Ibom,312. IKONO,2. RURAL,20,30138,5,2. NO,1. YES,1. YES,1. YES,1. YES,1. YES,1. YES,1. YES,1. YES,2. NO,2,2,,1. YES,0,0,0,0,0,0,0,0,0,0,0,1,1,0,0,0,0,0,0,0,12. LACK OF MONEY,,,
5. South South,3. Akwa Ibom,312. IKONO,2. RURAL,20,30139,6,1. YES,1. YES,1. YES,1. YES,1. YES,1. YES,1. YES,1. YES,1. YES,2. NO,2,3,3,1. YES,0,0,0,0,0,0,0,0,0,0,1,1,1,0,0,0,0,0,0,0,12. LACK OF MONEY,,,
5. South South,3. Akwa Ibom,312. IKONO,2. RURAL,20,30140,2,2. NO,1. YES,1. YES,2. NO,2. NO,2. NO,2. NO,2. NO,2. NO,2. NO,3,3,,2. NO,,,,,,,,,,,,,,,,,,,,,,,,
5. South South,3. Akwa Ibom,302. EASTERN OBOLO,2. RURAL,302,39001,1,2. NO,1. YES,1. YES,2. NO,1. YES,2. NO,2. NO,2. NO,2. NO,2. NO,3,,,2. NO,,,,,,,,,,,,,,,,,,,,,,,,
5. South South,3. Akwa Ibom,302. EASTERN OBOLO,2. RURAL,302,39002,1,1. YES,1. YES,1. YES,1. YES,1. YES,1. YES,1. YES,2. NO,1. YES,2. NO,2,2,,1. YES,0,0,0,0,0,0,0,1,1,1,1,1,1,1,0,0,0,0,0,0,5. FOOD IN THE MARKET WAS VERY EXPENSIVE,12. LACK OF MONEY,,
5. South South,3. Akwa Ibom,302. EASTERN OBOLO,2. RURAL,302,39003,2,1. YES,1. YES,1. YES,1. YES,1. YES,1. YES,1. YES,1. YES,1. YES,1. YES,1,,,1. YES,0,0,0,0,0,0,0,0,1,1,1,1,1,1,1,0,0,0,0,0,5. FOOD IN THE MARKET WAS VERY EXPENSIVE,,,
5. South South,3. Akwa Ibom,302. EASTERN OBOLO,2. RURAL,302,39004,1,1. YES,1. YES,1. YES,1. YES,1. YES,1. YES,1. YES,1. YES,1. YES,1. YES,1,2,,1. YES,0,0,0,0,0,0,0,0,0,0,0,0,0,1,1,0,0,0,0,0,12. LACK OF MONEY,8. FLOODS/WATER LOGGING,13. LACK OF ACCESS TO MONEY AT THE BANK DUE TO NAIRA REDESIGN,
5. South South,3. Akwa Ibom,302. EASTERN OBOLO,2. RURAL,302,39005,1,1. YES,2. NO,1. YES,1. YES,1. YES,2. NO,2. NO,2. NO,2. NO,2. NO,2,,,1. YES,0,0,0,0,0,0,0,0,0,1,1,0,1,0,0,0,0,0,0,0,5. FOOD IN THE MARKET WAS VERY EXPENSIVE,12. LACK OF MONEY,13. LACK OF ACCESS TO MONEY AT THE BANK DUE TO NAIRA REDESIGN,
5. South South,3. Akwa Ibom,302. EASTERN OBOLO,2. RURAL,302,39006,1,1. YES,1. YES,1. YES,1. YES,2. NO,1. YES,1. YES,1. YES,2. NO,1. YES,1,,,1. YES,1,0,0,0,0,0,0,0,0,0,0,0,0,0,0,0,0,0,0,0,12. LACK OF MONEY,5. FOOD IN THE MARKET WAS VERY EXPENSIVE,3. INADEQUATE HOUSEHOLD FOOD STOCKS DUE TO SMALL LAND SIZE,
5. South South,3. Akwa Ibom,302. EASTERN OBOLO,2. RURAL,302,39007,3,1. YES,1. YES,1. YES,2. NO,1. YES,2. NO,2. NO,2. NO,1. YES,2. NO,3,3,,1. YES,0,0,0,1,0,1,1,0,0,1,0,0,0,0,0,0,0,0,0,0,12. LACK OF MONEY,13. LACK OF ACCESS TO MONEY AT THE BANK DUE TO NAIRA REDESIGN,5. FOOD IN THE MARKET WAS VERY EXPENSIVE,
5. South South,3. Akwa Ibom,302. EASTERN OBOLO,2. RURAL,302,39008,701,1. YES,1. YES,1. YES,1. YES,1. YES,1. YES,1. YES,1. YES,1. YES,1. YES,2,2,,1. YES,0,0,0,0,0,0,0,0,1,1,1,1,1,1,1,0,0,0,0,0,12. LACK OF MONEY,5. FOOD IN THE MARKET WAS VERY EXPENSIVE,,
5. South South,3. Akwa Ibom,302. EASTERN OBOLO,2. RURAL,302,39009,1,1. YES,1. YES,1. YES,1. YES,1. YES,1. YES,1. YES,2. NO,1. YES,2. NO,3,3,4,2. NO,,,,,,,,,,,,,,,,,,,,,,,,
5. South South,3. Akwa Ibom,302. EASTERN OBOLO,2. RURAL,302,39010,1,2. NO,1. YES,1. YES,2. NO,1. YES,2. NO,2. NO,2. NO,2. NO,2. NO,3,,,2. NO,,,,,,,,,,,,,,,,,,,,,,,,
5. South South,3. Akwa Ibom,305. ESSIEN UDIM,2. RURAL,1164,39012,1,2. NO,2. NO,2. NO,2. NO,2. NO,2. NO,2. NO,2. NO,2. NO,2. NO,3,3,3,2. NO,,,,,,,,,,,,,,,,,,,,,,,,
5. South South,3. Akwa Ibom,305. ESSIEN UDIM,2. RURAL,1164,39013,1,1. YES,1. YES,1. YES,1. YES,1. YES,1. YES,1. YES,2. NO,2. NO,2. NO,2,,,1. YES,0,0,0,0,1,0,0,0,1,1,0,0,0,0,0,0,0,0,0,0,5. FOOD IN THE MARKET WAS VERY EXPENSIVE,12. LACK OF MONEY,,
5. South South,3. Akwa Ibom,301. ABAK,2. RURAL,0,39014,2,1. YES,1. YES,1. YES,1. YES,1. YES,1. YES,1. YES,2. NO,1. YES,2. NO,2,,4,1. YES,0,0,0,0,0,0,0,0,0,1,1,1,0,0,0,0,0,0,0,0,5. FOOD IN THE MARKET WAS VERY EXPENSIVE,12. LACK OF MONEY,13. LACK OF ACCESS TO MONEY AT THE BANK DUE TO NAIRA REDESIGN,
5. South South,3. Akwa Ibom,305. ESSIEN UDIM,2. RURAL,1164,39017,2,2. NO,1. YES,1. YES,1. YES,1. YES,2. NO,2. NO,2. NO,2. NO,2. NO,3,3,,1. YES,0,0,0,0,0,0,0,0,0,0,0,1,1,1,0,0,0,0,0,0,13. LACK OF ACCESS TO MONEY AT THE BANK DUE TO NAIRA REDESIGN,5. FOOD IN THE MARKET WAS VERY EXPENSIVE,,
5. South South,3. Akwa Ibom,305. ESSIEN UDIM,2. RURAL,1164,39018,2,1. YES,1. YES,1. YES,1. YES,1. YES,1. YES,1. YES,2. NO,1. YES,2. NO,2,3,5,2. NO,,,,,,,,,,,,,,,,,,,,,,,,
5. South South,3. Akwa Ibom,305. ESSIEN UDIM,2. RURAL,1164,39021,1,2. NO,1. YES,1. YES,1. YES,1. YES,2. NO,1. YES,2. NO,1. YES,2. NO,2,3,4,1. YES,0,0,0,0,0,0,0,0,0,1,1,1,0,0,0,0,0,0,0,0,5. FOOD IN THE MARKET WAS VERY EXPENSIVE,12. LACK OF MONEY,13. LACK OF ACCESS TO MONEY AT THE BANK DUE TO NAIRA REDESIGN,
5. South South,3. Akwa Ibom,331. UYO,2. RURAL,0,39022,2,1. YES,1. YES,1. YES,1. YES,1. YES,1. YES,1. YES,2. NO,2. NO,1. YES,2,,,1. YES,1,0,0,0,0,0,0,0,0,0,0,0,0,0,0,0,0,0,0,0,12. LACK OF MONEY,5. FOOD IN THE MARKET WAS VERY EXPENSIVE,,
5. South South,3. Akwa Ibom,308. IBONO,2. RURAL,102,39023,2,1. YES,1. YES,1. YES,1. YES,1. YES,1. YES,1. YES,2. NO,2. NO,2. NO,2,3,,1. YES,0,0,0,0,0,0,1,1,1,1,1,1,0,0,0,0,0,0,0,0,13. LACK OF ACCESS TO MONEY AT THE BANK DUE TO NAIRA REDESIGN,12. LACK OF MONEY,6. UNABLE TO REACH THE MARKET DUE TO HIGH TRANSPORTATION COSTS,
5. South South,3. Akwa Ibom,308. IBONO,2. RURAL,102,39024,1,2. NO,2. NO,2. NO,2. NO,2. NO,2. NO,2. NO,2. NO,2. NO,2. NO,3,,,2. NO,,,,,,,,,,,,,,,,,,,,,,,,
5. South South,3. Akwa Ibom,308. IBONO,2. RURAL,102,39025,1,2. NO,2. NO,2. NO,2. NO,2. NO,2. NO,2. NO,2. NO,2. NO,2. NO,3,,,2. NO,,,,,,,,,,,,,,,,,,,,,,,,
5. South South,3. Akwa Ibom,308. IBONO,2. RURAL,102,39026,2,1. YES,1. YES,1. YES,1. YES,1. YES,1. YES,1. YES,2. NO,1. YES,2. NO,3,4,4,2. NO,,,,,,,,,,,,,,,,,,,,,,,,
5. South South,3. Akwa Ibom,308. IBONO,2. RURAL,102,39030,1,1. YES,1. YES,1. YES,1. YES,1. YES,1. YES,2. NO,2. NO,1. YES,2. NO,3,5,,1. YES,0,0,0,0,0,0,0,0,0,0,0,0,0,0,0,1,0,0,0,0,10. INADEQUATE FOOD STOCK FROM FARM DUE TO CONFLICT/SECURITY,,,
5. South South,3. Akwa Ibom,308. IBONO,2. RURAL,102,39031,1,1. YES,2. NO,1. YES,1. YES,1. YES,2. NO,1. YES,2. NO,1. YES,2. NO,3,4,,1. YES,0,0,0,0,0,0,0,0,0,1,0,0,0,0,0,0,0,0,0,0,13. LACK OF ACCESS TO MONEY AT THE BANK DUE TO NAIRA REDESIGN,,,
5. South South,3. Akwa Ibom,331. UYO,2. RURAL,0,39032,2,1. YES,1. YES,1. YES,1. YES,1. YES,2. NO,2. NO,2. NO,1. YES,2. NO,2,3,3,1. YES,0,0,0,0,0,0,0,0,0,1,1,1,0,0,0,0,0,0,0,0,12. LACK OF MONEY,5. FOOD IN THE MARKET WAS VERY EXPENSIVE,96. OTHER (SPECIFY),DEATH AND BURIAL OF THE SPOUSE IN MARCH 2023
5. South South,3. Akwa Ibom,308. IBONO,2. RURAL,102,39033,1,1. YES,1. YES,1. YES,1. YES,1. YES,1. YES,1. YES,2. NO,1. YES,2. NO,2,3,,1. YES,0,0,0,0,0,0,0,0,1,1,1,0,1,0,0,0,0,0,0,0,12. LACK OF MONEY,5. FOOD IN THE MARKET WAS VERY EXPENSIVE,,
5. South South,3. Akwa Ibom,309. IBESIKPO ASUTAN,2. RURAL,698,39036,1,1. YES,1. YES,1. YES,1. YES,1. YES,1. YES,1. YES,2. NO,2. NO,2. NO,3,,,1. YES,0,0,0,0,0,0,0,0,0,0,1,0,0,1,0,1,0,0,0,0,12. LACK OF MONEY,,,
5. South South,3. Akwa Ibom,309. IBESIKPO ASUTAN,2. RURAL,698,39037,1,1. YES,1. YES,1. YES,2. NO,2. NO,2. NO,1. YES,2. NO,2. NO,2. NO,3,,,2. NO,,,,,,,,,,,,,,,,,,,,,,,,
5. South South,3. Akwa Ibom,309. IBESIKPO ASUTAN,2. RURAL,0,39039,1,1. YES,1. YES,1. YES,1. YES,1. YES,1. YES,1. YES,2. NO,1. YES,2. NO,3,4,3,1. YES,0,0,0,0,0,0,0,0,0,0,1,0,0,0,0,0,0,0,0,0,13. LACK OF ACCESS TO MONEY AT THE BANK DUE TO NAIRA REDESIGN,5. FOOD IN THE MARKET WAS VERY EXPENSIVE,12. LACK OF MONEY,
5. South South,3. Akwa Ibom,309. IBESIKPO ASUTAN,2. RURAL,698,39040,1,1. YES,1. YES,2. NO,1. YES,1. YES,2. NO,2. NO,2. NO,1. YES,2. NO,3,3,,2. NO,,,,,,,,,,,,,,,,,,,,,,,,
5. South South,3. Akwa Ibom,309. IBESIKPO ASUTAN,2. RURAL,698,39041,1,2. NO,2. NO,2. NO,2. NO,1. YES,2. NO,2. NO,2. NO,2. NO,2. NO,3,,,2. NO,,,,,,,,,,,,,,,,,,,,,,,,
5. South South,3. Akwa Ibom,309. IBESIKPO ASUTAN,2. RURAL,698,39042,1,1. YES,1. YES,1. YES,2. NO,1. YES,2. NO,2. NO,2. NO,1. YES,2. NO,3,3,,1. YES,1,0,0,0,0,0,0,0,0,0,0,0,0,0,0,0,0,0,0,0,3. INADEQUATE HOUSEHOLD FOOD STOCKS DUE TO SMALL LAND SIZE,,,
5. South South,3. Akwa Ibom,309. IBESIKPO ASUTAN,2. RURAL,698,39043,4,1. YES,1. YES,1. YES,1. YES,1. YES,1. YES,1. YES,2. NO,1. YES,2. NO,2,3,5,2. NO,,,,,,,,,,,,,,,,,,,,,,,,
5. South South,3. Akwa Ibom,309. IBESIKPO ASUTAN,2. RURAL,698,39044,1,2. NO,2. NO,1. YES,2. NO,1. YES,2. NO,2. NO,2. NO,2. NO,2. NO,2,,,2. NO,,,,,,,,,,,,,,,,,,,,,,,,
5. South South,3. Akwa Ibom,309. IBESIKPO ASUTAN,2. RURAL,698,39045,1,2. NO,2. NO,1. YES,1. YES,1. YES,1. YES,2. NO,2. NO,2. NO,2. NO,2,2,2,1. YES,0,0,0,0,0,0,0,0,0,1,1,0,0,1,0,0,0,0,0,0,12. LACK OF MONEY,13. LACK OF ACCESS TO MONEY AT THE BANK DUE TO NAIRA REDESIGN,,
5. South South,3. Akwa Ibom,331. UYO,2. RURAL,0,39048,5102,1. YES,1. YES,2. NO,1. YES,1. YES,2. NO,1. YES,2. NO,2. NO,2. NO,3,3,,1. YES,0,0,0,0,0,0,0,0,0,1,1,1,0,0,0,0,0,0,0,0,13. LACK OF ACCESS TO MONEY AT THE BANK DUE TO NAIRA REDESIGN,5. FOOD IN THE MARKET WAS VERY EXPENSIVE,,
5. South South,3. Akwa Ibom,316. ITU,2. RURAL,910,39051,2,2. NO,2. NO,2. NO,2. NO,2. NO,2. NO,2. NO,2. NO,2. NO,2. NO,3,3,4,2. NO,,,,,,,,,,,,,,,,,,,,,,,,
5. South South,3. Akwa Ibom,316. ITU,2. RURAL,910,39052,6,2. NO,2. NO,2. NO,2. NO,2. NO,2. NO,2. NO,2. NO,2. NO,2. NO,3,4,6,2. NO,,,,,,,,,,,,,,,,,,,,,,,,
5. South South,3. Akwa Ibom,316. ITU,2. RURAL,910,39053,2,2. NO,2. NO,2. NO,2. NO,2. NO,2. NO,2. NO,2. NO,2. NO,2. NO,3,5,4,2. NO,,,,,,,,,,,,,,,,,,,,,,,,
5. South South,3. Akwa Ibom,316. ITU,2. RURAL,910,39056,1,1. YES,1. YES,1. YES,1. YES,1. YES,1. YES,1. YES,2. NO,1. YES,2. NO,3,4,,1. YES,0,0,0,0,0,0,0,0,0,0,1,0,0,0,0,0,0,0,0,0,12. LACK OF MONEY,13. LACK OF ACCESS TO MONEY AT THE BANK DUE TO NAIRA REDESIGN,5. FOOD IN THE MARKET WAS VERY EXPENSIVE,
5. South South,3. Akwa Ibom,316. ITU,2. RURAL,910,39057,1,1. YES,1. YES,1. YES,1. YES,1. YES,1. YES,1. YES,2. NO,1. YES,2. NO,3,4,,1. YES,0,0,0,0,0,0,0,0,0,0,1,0,0,0,0,0,0,0,0,0,12. LACK OF MONEY,13. LACK OF ACCESS TO MONEY AT THE BANK DUE TO NAIRA REDESIGN,5. FOOD IN THE MARKET WAS VERY EXPENSIVE,
5. South South,3. Akwa Ibom,316. ITU,2. RURAL,910,39058,1,1. YES,1. YES,1. YES,1. YES,1. YES,1. YES,1. YES,1. YES,1. YES,2. NO,2,2,,1. YES,0,0,0,0,0,0,0,1,1,1,1,1,0,0,0,0,0,0,0,0,12. LACK OF MONEY,,,
5. South South,3. Akwa Ibom,317. MBO,2. RURAL,586,39059,2,1. YES,1. YES,1. YES,1. YES,1. YES,1. YES,1. YES,2. NO,1. YES,2. NO,3,3,,1. YES,0,0,0,0,0,0,0,0,0,0,1,0,0,0,0,0,0,0,0,0,12. LACK OF MONEY,5. FOOD IN THE MARKET WAS VERY EXPENSIVE,13. LACK OF ACCESS TO MONEY AT THE BANK DUE TO NAIRA REDESIGN,
5. South South,3. Akwa Ibom,317. MBO,2. RURAL,586,39061,2,1. YES,1. YES,1. YES,1. YES,1. YES,1. YES,1. YES,2. NO,1. YES,2. NO,3,,,1. YES,0,0,0,0,0,0,0,0,0,0,1,0,0,0,0,0,0,0,0,0,12. LACK OF MONEY,5. FOOD IN THE MARKET WAS VERY EXPENSIVE,13. LACK OF ACCESS TO MONEY AT THE BANK DUE TO NAIRA REDESIGN,
5. South South,3. Akwa Ibom,317. MBO,2. RURAL,586,39062,1,1. YES,1. YES,1. YES,1. YES,1. YES,1. YES,1. YES,2. NO,1. YES,2. NO,3,4,,1. YES,0,0,0,0,0,0,0,0,0,0,1,0,0,0,0,0,0,0,0,0,12. LACK OF MONEY,5. FOOD IN THE MARKET WAS VERY EXPENSIVE,13. LACK OF ACCESS TO MONEY AT THE BANK DUE TO NAIRA REDESIGN,
5. South South,3. Akwa Ibom,317. MBO,2. RURAL,586,39064,1,1. YES,2. NO,2. NO,1. YES,1. YES,1. YES,1. YES,2. NO,1. YES,2. NO,2,,3,1. YES,0,0,0,0,0,0,0,0,1,1,1,0,0,0,0,0,0,0,0,0,12. LACK OF MONEY,,,
5. South South,3. Akwa Ibom,317. MBO,2. RURAL,586,39066,9,1. YES,1. YES,1. YES,1. YES,1. YES,1. YES,1. YES,2. NO,2. NO,2. NO,2,,,1. YES,0,0,0,0,0,0,0,0,1,1,1,0,0,0,0,0,0,0,0,0,12. LACK OF MONEY,,,
5. South South,3. Akwa Ibom,325. ORON,1. URBAN,0,39068,2,1. YES,1. YES,2. NO,2. NO,2. NO,2. NO,2. NO,2. NO,2. NO,2. NO,3,3,,2. NO,,,,,,,,,,,,,,,,,,,,,,,,
5. South South,3. Akwa Ibom,317. MBO,2. RURAL,586,39069,1,2. NO,1. YES,2. NO,2. NO,1. YES,1. YES,2. NO,2. NO,2. NO,2. NO,3,,,1. YES,0,0,0,0,0,0,0,0,1,1,1,0,0,0,0,0,0,0,0,0,12. LACK OF MONEY,,,
5. South South,3. Akwa Ibom,325. ORON,2. RURAL,0,39070,6,1. YES,1. YES,1. YES,1. YES,1. YES,1. YES,1. YES,1. YES,1. YES,1. YES,2,,2,1. YES,0,0,0,0,0,0,0,0,0,0,1,1,1,1,1,1,0,0,0,0,12. LACK OF MONEY,,,
5. South South,3. Akwa Ibom,318. MKPAT ENIN,2. RURAL,56,39071,2,1. YES,1. YES,1. YES,1. YES,1. YES,1. YES,1. YES,2. NO,2. NO,1. YES,2,,,1. YES,0,0,0,0,0,0,0,0,0,1,1,0,1,1,0,0,0,0,0,0,12. LACK OF MONEY,5. FOOD IN THE MARKET WAS VERY EXPENSIVE,,
5. South South,3. Akwa Ibom,318. MKPAT ENIN,2. RURAL,56,39072,2,1. YES,1. YES,1. YES,1. YES,1. YES,2. NO,2. NO,2. NO,1. YES,2. NO,2,,2,1. YES,0,0,0,0,0,0,0,0,0,1,1,0,1,1,0,0,0,0,0,0,5. FOOD IN THE MARKET WAS VERY EXPENSIVE,12. LACK OF MONEY,,
5. South South,3. Akwa Ibom,318. MKPAT ENIN,2. RURAL,56,39074,1,1. YES,1. YES,1. YES,1. YES,1. YES,1. YES,1. YES,2. NO,2. NO,2. NO,2,,3,2. NO,,,,,,,,,,,,,,,,,,,,,,,,
5. South South,3. Akwa Ibom,318. MKPAT ENIN,2. RURAL,56,39077,1,1. YES,1. YES,1. YES,1. YES,1. YES,1. YES,1. YES,2. NO,2. NO,2. NO,2,,,1. YES,1,0,0,0,0,0,0,0,0,0,0,0,0,0,0,0,0,0,0,0,3. INADEQUATE HOUSEHOLD FOOD STOCKS DUE TO SMALL LAND SIZE,12. LACK OF MONEY,,
5. South South,3. Akwa Ibom,318. MKPAT ENIN,2. RURAL,56,39079,1,1. YES,1. YES,1. YES,1. YES,1. YES,2. NO,1. YES,2. NO,2. NO,2. NO,2,3,,1. YES,1,0,0,0,0,0,0,0,0,0,0,0,0,0,0,0,0,0,0,0,5. FOOD IN THE MARKET WAS VERY EXPENSIVE,12. LACK OF MONEY,,
5. South South,3. Akwa Ibom,318. MKPAT ENIN,2. RURAL,56,39080,1,1. YES,1. YES,1. YES,1. YES,1. YES,1. YES,1. YES,1. YES,1. YES,1. YES,2,,2,1. YES,0,0,0,0,0,0,0,1,1,0,0,0,1,1,0,0,0,0,0,0,5. FOOD IN THE MARKET WAS VERY EXPENSIVE,12. LACK OF MONEY,,
5. South South,3. Akwa Ibom,318. MKPAT ENIN,2. RURAL,56,39081,1,1. YES,1. YES,1. YES,2. NO,1. YES,2. NO,2. NO,2. NO,2. NO,2. NO,3,,,2. NO,,,,,,,,,,,,,,,,,,,,,,,,
5. South South,3. Akwa Ibom,318. MKPAT ENIN,2. RURAL,56,39082,1,1. YES,1. YES,1. YES,2. NO,2. NO,2. NO,2. NO,2. NO,2. NO,2. NO,3,3,,1. YES,0,0,0,0,0,0,0,0,0,1,1,0,0,0,0,0,0,0,0,0,13. LACK OF ACCESS TO MONEY AT THE BANK DUE TO NAIRA REDESIGN,,,
5. South South,3. Akwa Ibom,304. ESIT EKET,2. RURAL,10,39083,1,1. YES,1. YES,1. YES,1. YES,1. YES,1. YES,1. YES,1. YES,2. NO,1. YES,2,,,1. YES,0,0,0,0,0,0,0,0,1,1,0,0,0,1,0,0,0,0,0,0,12. LACK OF MONEY,1. INADEQUATE HOUSEHOLD FOOD STOCKS DUE TO DROUGHT/ POOR RAINS,,
5. South South,3. Akwa Ibom,304. ESIT EKET,2. RURAL,10,39084,2,2. NO,2. NO,2. NO,2. NO,2. NO,2. NO,2. NO,2. NO,2. NO,2. NO,3,5,,2. NO,,,,,,,,,,,,,,,,,,,,,,,,
5. South South,3. Akwa Ibom,304. ESIT EKET,2. RURAL,10,39087,2,2. NO,2. NO,2. NO,2. NO,2. NO,2. NO,2. NO,2. NO,2. NO,2. NO,3,,,2. NO,,,,,,,,,,,,,,,,,,,,,,,,
5. South South,3. Akwa Ibom,304. ESIT EKET,2. RURAL,10,39088,1,2. NO,1. YES,1. YES,2. NO,2. NO,2. NO,2. NO,2. NO,2. NO,2. NO,2,3,,2. NO,,,,,,,,,,,,,,,,,,,,,,,,
5. South South,3. Akwa Ibom,304. ESIT EKET,2. RURAL,10,39089,2,1. YES,1. YES,1. YES,2. NO,2. NO,2. NO,2. NO,2. NO,2. NO,2. NO,3,,,2. NO,,,,,,,,,,,,,,,,,,,,,,,,
5. South South,3. Akwa Ibom,304. ESIT EKET,2. RURAL,10,39090,2,1. YES,1. YES,1. YES,2. NO,1. YES,2. NO,2. NO,2. NO,1. YES,2. NO,2,3,3,2. NO,,,,,,,,,,,,,,,,,,,,,,,,
5. South South,3. Akwa Ibom,304. ESIT EKET,2. RURAL,10,39091,1,1. YES,1. YES,1. YES,2. NO,2. NO,2. NO,2. NO,2. NO,1. YES,2. NO,2,3,4,1. YES,0,0,0,0,0,0,0,1,1,1,1,1,0,0,0,1,0,0,0,0,13. LACK OF ACCESS TO MONEY AT THE BANK DUE TO NAIRA REDESIGN,12. LACK OF MONEY,,
5. South South,3. Akwa Ibom,304. ESIT EKET,2. RURAL,10,39092,1,2. NO,2. NO,1. YES,2. NO,1. YES,2. NO,2. NO,2. NO,1. YES,2. NO,2,3,,2. NO,,,,,,,,,,,,,,,,,,,,,,,,
5. South South,3. Akwa Ibom,304. ESIT EKET,2. RURAL,10,39093,1,1. YES,1. YES,1. YES,1. YES,1. YES,2. NO,2. NO,2. NO,1. YES,2. NO,2,3,5,1. YES,0,0,0,0,0,0,0,1,1,1,1,1,0,0,0,0,0,0,0,0,13. LACK OF ACCESS TO MONEY AT THE BANK DUE TO NAIRA REDESIGN,12. LACK OF MONEY,,
5. South South,3. Akwa Ibom,304. ESIT EKET,2. RURAL,10,39094,2,1. YES,1. YES,1. YES,1. YES,1. YES,1. YES,1. YES,1. YES,1. YES,1. YES,1,,,1. YES,1,0,0,0,0,0,0,0,0,0,0,0,0,0,0,0,0,0,0,0,12. LACK OF MONEY,,,
5. South South,3. Akwa Ibom,304. ESIT EKET,2. RURAL,184,39096,1,1. YES,1. YES,1. YES,1. YES,1. YES,1. YES,1. YES,1. YES,1. YES,1. YES,2,3,,1. YES,0,0,0,0,0,0,0,0,1,1,1,1,1,1,1,0,0,0,0,0,12. LACK OF MONEY,,,
5. South South,3. Akwa Ibom,331. UYO,2. RURAL,0,39100,1,1. YES,1. YES,1. YES,1. YES,1. YES,1. YES,1. YES,2. NO,2. NO,2. NO,2,,,1. YES,1,0,0,0,0,0,0,0,0,0,0,0,0,0,0,0,0,0,0,0,5. FOOD IN THE MARKET WAS VERY EXPENSIVE,,,
5. South South,3. Akwa Ibom,304. ESIT EKET,2. RURAL,184,39101,2,1. YES,1. YES,2. NO,1. YES,1. YES,1. YES,1. YES,1. YES,2. NO,2. NO,2,5,2,1. YES,0,0,0,0,0,0,0,0,0,1,1,1,0,0,0,0,0,0,0,0,5. FOOD IN THE MARKET WAS VERY EXPENSIVE,12. LACK OF MONEY,13. LACK OF ACCESS TO MONEY AT THE BANK DUE TO NAIRA REDESIGN,
5. South South,3. Akwa Ibom,304. ESIT EKET,2. RURAL,184,39102,10,1. YES,1. YES,1. YES,1. YES,1. YES,1. YES,1. YES,2. NO,2. NO,2. NO,2,,,1. YES,0,0,0,0,0,0,0,0,0,1,1,0,0,0,0,0,0,0,0,0,12. LACK OF MONEY,13. LACK OF ACCESS TO MONEY AT THE BANK DUE TO NAIRA REDESIGN,,
5. South South,3. Akwa Ibom,304. ESIT EKET,2. RURAL,184,39103,1,2. NO,1. YES,1. YES,2. NO,2. NO,2. NO,2. NO,2. NO,2. NO,2. NO,3,3,,2. NO,,,,,,,,,,,,,,,,,,,,,,,,
5. South South,3. Akwa Ibom,304. ESIT EKET,2. RURAL,184,39104,5101,2. NO,2. NO,1. YES,1. YES,2. NO,1. YES,2. NO,2. NO,2. NO,2. NO,2,,,2. NO,,,,,,,,,,,,,,,,,,,,,,,,
5. South South,3. Akwa Ibom,304. ESIT EKET,2. RURAL,184,39105,1,1. YES,1. YES,1. YES,1. YES,1. YES,1. YES,1. YES,1. YES,1. YES,1. YES,1,,,1. YES,1,0,0,0,0,0,0,0,0,0,0,0,0,0,0,0,0,0,0,0,12. LACK OF MONEY,3. INADEQUATE HOUSEHOLD FOOD STOCKS DUE TO SMALL LAND SIZE,,
5. South South,3. Akwa Ibom,304. ESIT EKET,2. RURAL,184,39106,3,1. YES,1. YES,1. YES,2. NO,1. YES,2. NO,2. NO,2. NO,2. NO,2. NO,3,,,2. NO,,,,,,,,,,,,,,,,,,,,,,,,
5. South South,3. Akwa Ibom,320. NSIT IBOM,2. RURAL,266,39107,5101,1. YES,1. YES,1. YES,1. YES,1. YES,2. NO,2. NO,2. NO,1. YES,2. NO,2,3,,1. YES,0,0,0,0,0,0,0,1,1,1,1,0,0,0,0,0,0,0,0,0,12. LACK OF MONEY,,,
5. South South,3. Akwa Ibom,320. NSIT IBOM,2. RURAL,266,39108,2,1. YES,1. YES,1. YES,1. YES,1. YES,1. YES,1. YES,2. NO,2. NO,2. NO,3,,,1. YES,0,0,0,0,0,0,0,0,0,0,1,0,0,0,0,0,0,0,0,0,12. LACK OF MONEY,13. LACK OF ACCESS TO MONEY AT THE BANK DUE TO NAIRA REDESIGN,5. FOOD IN THE MARKET WAS VERY EXPENSIVE,
5. South South,3. Akwa Ibom,320. NSIT IBOM,2. RURAL,266,39110,1,1. YES,1. YES,1. YES,1. YES,1. YES,1. YES,1. YES,1. YES,1. YES,1. YES,3,,,1. YES,0,0,0,0,0,0,0,0,0,0,1,0,0,0,0,0,0,0,0,0,12. LACK OF MONEY,13. LACK OF ACCESS TO MONEY AT THE BANK DUE TO NAIRA REDESIGN,5. FOOD IN THE MARKET WAS VERY EXPENSIVE,
5. South South,3. Akwa Ibom,320. NSIT IBOM,2. RURAL,266,39111,1,2. NO,1. YES,1. YES,2. NO,1. YES,2. NO,2. NO,2. NO,1. YES,2. NO,2,3,3,2. NO,,,,,,,,,,,,,,,,,,,,,,,,
5. South South,3. Akwa Ibom,331. UYO,2. RURAL,0,39112,1,2. NO,1. YES,2. NO,2. NO,2. NO,2. NO,2. NO,2. NO,2. NO,2. NO,3,3,,2. NO,,,,,,,,,,,,,,,,,,,,,,,,
5. South South,3. Akwa Ibom,320. NSIT IBOM,2. RURAL,266,39114,1,1. YES,1. YES,1. YES,1. YES,1. YES,1. YES,1. YES,1. YES,2. NO,2. NO,3,4,,1. YES,0,0,0,0,0,0,0,0,0,0,1,0,0,0,0,0,0,0,0,0,12. LACK OF MONEY,5. FOOD IN THE MARKET WAS VERY EXPENSIVE,13. LACK OF ACCESS TO MONEY AT THE BANK DUE TO NAIRA REDESIGN,
5. South South,3. Akwa Ibom,320. NSIT IBOM,2. RURAL,266,39115,1,1. YES,1. YES,1. YES,1. YES,1. YES,1. YES,1. YES,1. YES,1. YES,2. NO,2,2,,1. YES,0,0,0,0,0,0,0,1,1,1,1,1,0,0,0,0,0,0,0,0,12. LACK OF MONEY,,,
5. South South,3. Akwa Ibom,320. NSIT IBOM,2. RURAL,266,39116,1301,2. NO,1. YES,1. YES,1. YES,1. YES,2. NO,1. YES,2. NO,1. YES,2. NO,2,3,,2. NO,,,,,,,,,,,,,,,,,,,,,,,,
5. South South,3. Akwa Ibom,320. NSIT IBOM,2. RURAL,266,39118,1,2. NO,2. NO,2. NO,2. NO,2. NO,2. NO,2. NO,2. NO,2. NO,2. NO,3,3,,2. NO,,,,,,,,,,,,,,,,,,,,,,,,
5. South South,3. Akwa Ibom,323. OKOBO,2. RURAL,488,39119,1,1. YES,1. YES,1. YES,1. YES,1. YES,2. NO,2. NO,2. NO,2. NO,2. NO,2,,,2. NO,,,,,,,,,,,,,,,,,,,,,,,,
5. South South,3. Akwa Ibom,323. OKOBO,2. RURAL,488,39120,2,2. NO,2. NO,2. NO,2. NO,2. NO,2. NO,2. NO,2. NO,2. NO,2. NO,3,,,2. NO,,,,,,,,,,,,,,,,,,,,,,,,
5. South South,3. Akwa Ibom,323. OKOBO,2. RURAL,488,39121,1,1. YES,1. YES,1. YES,1. YES,1. YES,1. YES,1. YES,1. YES,1. YES,1. YES,2,2,,1. YES,1,0,0,0,0,0,0,0,0,0,0,0,0,0,0,0,0,0,0,0,12. LACK OF MONEY,,,
5. South South,3. Akwa Ibom,323. OKOBO,2. RURAL,488,39123,1,1. YES,1. YES,1. YES,1. YES,1. YES,1. YES,1. YES,2. NO,2. NO,1. YES,3,,,1. YES,0,0,0,0,0,0,0,0,0,0,1,0,0,0,0,0,0,0,0,0,12. LACK OF MONEY,5. FOOD IN THE MARKET WAS VERY EXPENSIVE,13. LACK OF ACCESS TO MONEY AT THE BANK DUE TO NAIRA REDESIGN,
5. South South,3. Akwa Ibom,323. OKOBO,2. RURAL,488,39125,1,1. YES,1. YES,1. YES,1. YES,1. YES,1. YES,2. NO,2. NO,2. NO,2. NO,2,,,1. YES,0,0,0,0,0,0,0,0,1,1,1,0,0,0,0,0,0,0,0,0,12. LACK OF MONEY,,,
5. South South,3. Akwa Ibom,323. OKOBO,2. RURAL,488,39126,2,1. YES,1. YES,1. YES,1. YES,1. YES,1. YES,1. YES,2. NO,2. NO,2. NO,3,,,1. YES,0,0,0,0,0,0,0,0,0,0,1,0,0,0,0,0,0,0,0,0,12. LACK OF MONEY,5. FOOD IN THE MARKET WAS VERY EXPENSIVE,13. LACK OF ACCESS TO MONEY AT THE BANK DUE TO NAIRA REDESIGN,
5. South South,3. Akwa Ibom,323. OKOBO,2. RURAL,488,39127,2,2. NO,2. NO,2. NO,2. NO,2. NO,2. NO,2. NO,2. NO,2. NO,2. NO,3,3,,2. NO,,,,,,,,,,,,,,,,,,,,,,,,
5. South South,3. Akwa Ibom,323. OKOBO,2. RURAL,488,39128,2,1. YES,1. YES,1. YES,1. YES,1. YES,1. YES,1. YES,2. NO,1. YES,2. NO,3,4,4,1. YES,0,0,0,0,0,0,0,0,0,0,1,0,0,0,0,0,0,0,0,0,12. LACK OF MONEY,5. FOOD IN THE MARKET WAS VERY EXPENSIVE,13. LACK OF ACCESS TO MONEY AT THE BANK DUE TO NAIRA REDESIGN,
5. South South,3. Akwa Ibom,331. UYO,2. RURAL,0,39130,1,2. NO,1. YES,1. YES,2. NO,2. NO,2. NO,2. NO,2. NO,2. NO,2. NO,2,3,,2. NO,,,,,,,,,,,,,,,,,,,,,,,,
5. South South,3. Akwa Ibom,326. ORUK ANAM,2. RURAL,502,39132,2,1. YES,1. YES,1. YES,1. YES,1. YES,1. YES,1. YES,1. YES,1. YES,2. NO,2,2,3,1. YES,0,0,0,0,0,0,0,0,0,1,1,0,0,0,0,0,0,0,0,0,12. LACK OF MONEY,,,
5. South South,3. Akwa Ibom,326. ORUK ANAM,2. RURAL,502,39133,3,1. YES,1. YES,1. YES,1. YES,1. YES,2. NO,1. YES,2. NO,1. YES,2. NO,2,3,4,1. YES,0,0,0,0,0,0,0,0,0,0,1,1,1,1,1,1,0,0,0,0,6. UNABLE TO REACH THE MARKET DUE TO HIGH TRANSPORTATION COSTS,12. LACK OF MONEY,,
5. South South,3. Akwa Ibom,326. ORUK ANAM,2. RURAL,502,39135,1,1. YES,1. YES,1. YES,1. YES,1. YES,1. YES,1. YES,1. YES,2. NO,2. NO,3,,,1. YES,0,0,0,0,0,0,0,0,0,0,1,1,0,0,0,0,0,0,0,0,13. LACK OF ACCESS TO MONEY AT THE BANK DUE TO NAIRA REDESIGN,12. LACK OF MONEY,5. FOOD IN THE MARKET WAS VERY EXPENSIVE,
5. South South,3. Akwa Ibom,326. ORUK ANAM,2. RURAL,502,39136,1,1. YES,1. YES,1. YES,1. YES,1. YES,1. YES,1. YES,1. YES,1. YES,2. NO,2,,3,1. YES,0,0,0,0,0,0,0,0,0,1,1,1,0,0,0,0,0,0,0,0,12. LACK OF MONEY,,,
5. South South,3. Akwa Ibom,326. ORUK ANAM,2. RURAL,502,39137,1,1. YES,1. YES,2. NO,1. YES,1. YES,2. NO,2. NO,2. NO,2. NO,2. NO,2,,,2. NO,,,,,,,,,,,,,,,,,,,,,,,,
5. South South,3. Akwa Ibom,326. ORUK ANAM,2. RURAL,502,39138,1,1. YES,1. YES,1. YES,1. YES,1. YES,1. YES,1. YES,1. YES,1. YES,1. YES,3,3,,1. YES,0,0,0,0,0,0,0,0,0,0,1,0,0,0,0,0,0,0,0,0,12. LACK OF MONEY,5. FOOD IN THE MARKET WAS VERY EXPENSIVE,13. LACK OF ACCESS TO MONEY AT THE BANK DUE TO NAIRA REDESIGN,
5. South South,3. Akwa Ibom,326. ORUK ANAM,2. RURAL,502,39139,1,2. NO,1. YES,1. YES,1. YES,2. NO,1. YES,2. NO,2. NO,1. YES,2. NO,2,3,,1. YES,0,0,0,0,0,0,0,0,1,1,1,0,0,0,0,0,0,0,0,0,12. LACK OF MONEY,,,
5. South South,3. Akwa Ibom,326. ORUK ANAM,2. RURAL,502,39140,2,1. YES,1. YES,1. YES,1. YES,1. YES,1. YES,1. YES,2. NO,1. YES,2. NO,2,,,1. YES,0,0,0,0,0,0,0,0,1,1,1,0,1,1,1,1,0,0,0,0,5. FOOD IN THE MARKET WAS VERY EXPENSIVE,6. UNABLE TO REACH THE MARKET DUE TO HIGH TRANSPORTATION COSTS,12. LACK OF MONEY,
5. South South,3. Akwa Ibom,324. ONNA,2. RURAL,0,39141,101,2. NO,2. NO,2. NO,2. NO,2. NO,2. NO,2. NO,2. NO,2. NO,2. NO,3,,5,2. NO,,,,,,,,,,,,,,,,,,,,,,,,
5. South South,3. Akwa Ibom,326. ORUK ANAM,2. RURAL,502,39142,1,1. YES,1. YES,1. YES,1. YES,2. NO,1. YES,2. NO,2. NO,2. NO,2. NO,3,3,,1. YES,0,0,0,0,0,0,0,0,0,0,1,1,0,0,0,0,0,0,0,0,12. LACK OF MONEY,13. LACK OF ACCESS TO MONEY AT THE BANK DUE TO NAIRA REDESIGN,5. FOOD IN THE MARKET WAS VERY EXPENSIVE,
5. South South,3. Akwa Ibom,327. UDUNG UKOT,2. RURAL,0,39143,2,2. NO,2. NO,2. NO,2. NO,2. NO,2. NO,2. NO,2. NO,2. NO,2. NO,2,,,2. NO,,,,,,,,,,,,,,,,,,,,,,,,
5. South South,3. Akwa Ibom,327. UDUNG UKOT,2. RURAL,196,39144,1,1. YES,1. YES,1. YES,1. YES,1. YES,1. YES,1. YES,2. NO,1. YES,2. NO,3,,,1. YES,0,0,0,0,0,0,0,0,0,0,1,0,0,0,0,0,0,0,0,0,12. LACK OF MONEY,5. FOOD IN THE MARKET WAS VERY EXPENSIVE,13. LACK OF ACCESS TO MONEY AT THE BANK DUE TO NAIRA REDESIGN,
5. South South,3. Akwa Ibom,327. UDUNG UKOT,2. RURAL,196,39146,2,2. NO,2. NO,2. NO,2. NO,2. NO,2. NO,2. NO,2. NO,2. NO,2. NO,3,,,2. NO,,,,,,,,,,,,,,,,,,,,,,,,
5. South South,3. Akwa Ibom,327. UDUNG UKOT,2. RURAL,196,39147,1,2. NO,2. NO,2. NO,2. NO,2. NO,2. NO,2. NO,2. NO,2. NO,2. NO,4,,,2. NO,,,,,,,,,,,,,,,,,,,,,,,,
5. South South,3. Akwa Ibom,327. UDUNG UKOT,2. RURAL,196,39149,1,1. YES,1. YES,1. YES,1. YES,1. YES,1. YES,1. YES,1. YES,1. YES,2. NO,3,3,4,1. YES,0,0,0,0,0,0,0,0,0,0,1,0,0,0,0,0,0,0,0,0,12. LACK OF MONEY,5. FOOD IN THE MARKET WAS VERY EXPENSIVE,13. LACK OF ACCESS TO MONEY AT THE BANK DUE TO NAIRA REDESIGN,
5. South South,3. Akwa Ibom,327. UDUNG UKOT,2. RURAL,196,39150,10,1. YES,1. YES,1. YES,1. YES,1. YES,1. YES,1. YES,1. YES,1. YES,2. NO,2,,,1. YES,0,0,0,0,0,0,0,0,1,1,1,0,0,0,0,0,0,0,0,0,12. LACK OF MONEY,,,
5. South South,3. Akwa Ibom,327. UDUNG UKOT,2. RURAL,196,39151,1,1. YES,1. YES,1. YES,1. YES,1. YES,1. YES,1. YES,2. NO,1. YES,1. YES,2,,4,1. YES,1,0,0,0,0,0,0,0,0,0,0,0,0,0,0,0,0,0,0,0,12. LACK OF MONEY,6. UNABLE TO REACH THE MARKET DUE TO HIGH TRANSPORTATION COSTS,,
5. South South,3. Akwa Ibom,327. UDUNG UKOT,2. RURAL,196,39152,2,1. YES,1. YES,1. YES,1. YES,1. YES,1. YES,1. YES,1. YES,1. YES,2. NO,3,3,,2. NO,,,,,,,,,,,,,,,,,,,,,,,,
5. South South,3. Akwa Ibom,327. UDUNG UKOT,2. RURAL,196,39153,2,1. YES,1. YES,1. YES,1. YES,1. YES,1. YES,1. YES,1. YES,1. YES,1. YES,3,,,2. NO,,,,,,,,,,,,,,,,,,,,,,,,
5. South South,3. Akwa Ibom,327. UDUNG UKOT,2. RURAL,196,39154,1403,1. YES,1. YES,1. YES,1. YES,1. YES,1. YES,1. YES,2. NO,1. YES,2. NO,3,3,4,1. YES,0,0,0,0,0,0,0,0,0,0,1,0,0,0,0,0,0,0,0,0,12. LACK OF MONEY,13. LACK OF ACCESS TO MONEY AT THE BANK DUE TO NAIRA REDESIGN,5. FOOD IN THE MARKET WAS VERY EXPENSIVE,
5. South South,3. Akwa Ibom,327. UDUNG UKOT,2. RURAL,246,39155,1,1. YES,1. YES,1. YES,1. YES,1. YES,1. YES,1. YES,1. YES,1. YES,1. YES,2,3,2,1. YES,0,0,0,0,0,0,0,1,1,1,1,0,0,0,0,0,0,0,0,0,12. LACK OF MONEY,,,
5. South South,3. Akwa Ibom,327. UDUNG UKOT,2. RURAL,246,39156,1,1. YES,1. YES,1. YES,1. YES,1. YES,1. YES,1. YES,2. NO,1. YES,2. NO,3,,5,1. YES,0,0,0,0,0,0,0,0,0,0,1,0,0,0,0,0,0,0,0,0,12. LACK OF MONEY,5. FOOD IN THE MARKET WAS VERY EXPENSIVE,13. LACK OF ACCESS TO MONEY AT THE BANK DUE TO NAIRA REDESIGN,
5. South South,3. Akwa Ibom,327. UDUNG UKOT,2. RURAL,246,39157,2,1. YES,1. YES,1. YES,1. YES,1. YES,2. NO,2. NO,2. NO,1. YES,2. NO,2,,,2. NO,,,,,,,,,,,,,,,,,,,,,,,,
5. South South,3. Akwa Ibom,327. UDUNG UKOT,2. RURAL,246,39158,1,1. YES,1. YES,1. YES,1. YES,1. YES,1. YES,1. YES,1. YES,2. NO,1. YES,1,,,1. YES,1,0,0,0,0,0,0,0,0,0,0,0,0,0,0,0,0,0,0,0,12. LACK OF MONEY,13. LACK OF ACCESS TO MONEY AT THE BANK DUE TO NAIRA REDESIGN,,
5. South South,3. Akwa Ibom,327. UDUNG UKOT,2. RURAL,246,39159,1,1. YES,1. YES,1. YES,1. YES,1. YES,1. YES,1. YES,1. YES,1. YES,1. YES,2,3,,1. YES,0,0,0,0,0,0,0,0,1,1,1,1,0,0,0,0,0,0,0,0,12. LACK OF MONEY,,,
5. South South,3. Akwa Ibom,327. UDUNG UKOT,2. RURAL,246,39160,1,1. YES,1. YES,1. YES,2. NO,1. YES,2. NO,2. NO,2. NO,1. YES,2. NO,3,3,3,1. YES,0,0,0,0,0,0,0,0,0,0,0,0,1,1,0,0,0,0,0,0,12. LACK OF MONEY,,,
5. South South,3. Akwa Ibom,327. UDUNG UKOT,2. RURAL,246,39162,7,1. YES,1. YES,1. YES,1. YES,1. YES,1. YES,2. NO,2. NO,1. YES,2. NO,3,3,,1. YES,0,0,0,0,0,0,0,0,0,1,1,0,0,1,1,1,0,0,0,0,5. FOOD IN THE MARKET WAS VERY EXPENSIVE,6. UNABLE TO REACH THE MARKET DUE TO HIGH TRANSPORTATION COSTS,,
5. South South,3. Akwa Ibom,327. UDUNG UKOT,2. RURAL,246,39165,2,1. YES,1. YES,1. YES,1. YES,1. YES,1. YES,1. YES,1. YES,1. YES,1. YES,2,2,3,1. YES,1,0,0,0,0,0,0,0,0,0,0,0,0,0,0,0,0,0,0,0,5. FOOD IN THE MARKET WAS VERY EXPENSIVE,12. LACK OF MONEY,,
5. South South,3. Akwa Ibom,327. UDUNG UKOT,2. RURAL,246,39166,1,1. YES,1. YES,1. YES,1. YES,1. YES,1. YES,1. YES,1. YES,1. YES,2. NO,3,4,,1. YES,0,0,0,0,0,0,0,0,0,0,1,0,0,0,0,0,0,0,0,0,12. LACK OF MONEY,5. FOOD IN THE MARKET WAS VERY EXPENSIVE,13. LACK OF ACCESS TO MONEY AT THE BANK DUE TO NAIRA REDESIGN,
5. South South,3. Akwa Ibom,329. URUAN,2. RURAL,608,39167,1,1. YES,1. YES,1. YES,1. YES,1. YES,2. NO,2. NO,2. NO,1. YES,2. NO,2,3,,2. NO,,,,,,,,,,,,,,,,,,,,,,,,
5. South South,3. Akwa Ibom,329. URUAN,2. RURAL,608,39168,1,1. YES,1. YES,1. YES,1. YES,1. YES,2. NO,2. NO,2. NO,1. YES,2. NO,2,3,3,1. YES,0,0,0,0,0,0,0,0,1,1,1,1,0,0,0,0,0,0,0,0,12. LACK OF MONEY,13. LACK OF ACCESS TO MONEY AT THE BANK DUE TO NAIRA REDESIGN,,
5. South South,3. Akwa Ibom,329. URUAN,2. RURAL,608,39169,1,1. YES,1. YES,1. YES,1. YES,1. YES,1. YES,1. YES,1. YES,1. YES,2. NO,2,2,,1. YES,0,0,0,1,1,1,1,1,1,1,0,0,0,0,0,0,0,0,0,0,13. LACK OF ACCESS TO MONEY AT THE BANK DUE TO NAIRA REDESIGN,3. INADEQUATE HOUSEHOLD FOOD STOCKS DUE TO SMALL LAND SIZE,,
5. South South,3. Akwa Ibom,329. URUAN,2. RURAL,608,39170,1,2. NO,2. NO,2. NO,2. NO,1. YES,2. NO,2. NO,2. NO,2. NO,2. NO,2,3,,2. NO,,,,,,,,,,,,,,,,,,,,,,,,
5. South South,3. Akwa Ibom,329. URUAN,2. RURAL,608,39171,2,1. YES,1. YES,1. YES,1. YES,1. YES,2. NO,1. YES,2. NO,1. YES,2. NO,3,4,4,2. NO,,,,,,,,,,,,,,,,,,,,,,,,
5. South South,3. Akwa Ibom,329. URUAN,2. RURAL,608,39174,2,1. YES,1. YES,1. YES,2. NO,2. NO,2. NO,2. NO,2. NO,1. YES,2. NO,3,4,,2. NO,,,,,,,,,,,,,,,,,,,,,,,,
5. South South,3. Akwa Ibom,329. URUAN,2. RURAL,608,39175,2,2. NO,1. YES,2. NO,2. NO,1. YES,2. NO,2. NO,2. NO,1. YES,2. NO,3,3,4,2. NO,,,,,,,,,,,,,,,,,,,,,,,,
5. South South,3. Akwa Ibom,329. URUAN,2. RURAL,608,39176,1,1. YES,1. YES,1. YES,1. YES,1. YES,2. NO,2. NO,2. NO,1. YES,2. NO,2,4,5,1. YES,0,0,0,0,0,0,0,0,0,0,0,0,0,1,1,1,0,0,0,0,3. INADEQUATE HOUSEHOLD FOOD STOCKS DUE TO SMALL LAND SIZE,12. LACK OF MONEY,,
5. South South,3. Akwa Ibom,329. URUAN,2. RURAL,608,39177,2,1. YES,1. YES,1. YES,1. YES,1. YES,1. YES,2. NO,2. NO,2. NO,2. NO,2,3,,2. NO,,,,,,,,,,,,,,,,,,,,,,,,
5. South South,3. Akwa Ibom,316. ITU,2. RURAL,910,39186,1,1. YES,2. NO,1. YES,1. YES,1. YES,2. NO,2. NO,1. YES,1. YES,2. NO,2,,,1. YES,0,0,0,0,0,0,0,1,1,1,1,0,0,0,0,0,0,0,0,0,12. LACK OF MONEY,,,
5. South South,3. Akwa Ibom,317. MBO,2. RURAL,586,39187,7,2. NO,1. YES,2. NO,2. NO,2. NO,2. NO,2. NO,2. NO,1. YES,2. NO,3,3,5,2. NO,,,,,,,,,,,,,,,,,,,,,,,,
5. South South,3. Akwa Ibom,317. MBO,2. RURAL,586,39188,1,2. NO,2. NO,2. NO,2. NO,2. NO,2. NO,2. NO,2. NO,2. NO,2. NO,3,,,2. NO,,,,,,,,,,,,,,,,,,,,,,,,
5. South South,3. Akwa Ibom,318. MKPAT ENIN,2. RURAL,56,39190,1,1. YES,1. YES,1. YES,1. YES,1. YES,1. YES,1. YES,2. NO,2. NO,1. YES,3,,,1. YES,0,0,0,1,0,0,0,0,0,0,0,0,0,0,0,0,0,0,0,0,12. LACK OF MONEY,,,
5. South South,3. Akwa Ibom,304. ESIT EKET,2. RURAL,184,39193,1,2. NO,2. NO,2. NO,2. NO,2. NO,2. NO,2. NO,2. NO,2. NO,2. NO,3,,,2. NO,,,,,,,,,,,,,,,,,,,,,,,,
5. South South,3. Akwa Ibom,323. OKOBO,2. RURAL,488,39198,1,1. YES,1. YES,1. YES,1. YES,1. YES,1. YES,1. YES,1. YES,1. YES,2. NO,3,4,,1. YES,0,0,0,0,0,0,0,0,0,0,1,0,0,0,0,0,0,0,0,0,12. LACK OF MONEY,5. FOOD IN THE MARKET WAS VERY EXPENSIVE,13. LACK OF ACCESS TO MONEY AT THE BANK DUE TO NAIRA REDESIGN,
4. South East,4. Anambra,417. ONITSHA NORTH,1. URBAN,678,40011,5,1. YES,2. NO,1. YES,1. YES,1. YES,2. NO,2. NO,2. NO,2. NO,2. NO,2,3,,2. NO,,,,,,,,,,,,,,,,,,,,,,,,
4. South East,4. Anambra,417. ONITSHA NORTH,1. URBAN,678,40012,2,2. NO,2. NO,2. NO,1. YES,1. YES,2. NO,1. YES,2. NO,2. NO,2. NO,3,,,2. NO,,,,,,,,,,,,,,,,,,,,,,,,
5. South South,12. Edo,1209. ETSAKO WEST,2. RURAL,0,40013,3,1. YES,1. YES,1. YES,2. NO,1. YES,1. YES,1. YES,2. NO,2. NO,2. NO,3,,,1. YES,0,0,0,0,0,0,0,0,0,0,0,1,1,1,0,0,0,0,0,0,12. LACK OF MONEY,13. LACK OF ACCESS TO MONEY AT THE BANK DUE TO NAIRA REDESIGN,,
4. South East,4. Anambra,417. ONITSHA NORTH,1. URBAN,678,40015,2,2. NO,2. NO,2. NO,2. NO,2. NO,2. NO,2. NO,2. NO,2. NO,2. NO,3,,,2. NO,,,,,,,,,,,,,,,,,,,,,,,,
4. South East,4. Anambra,417. ONITSHA NORTH,1. URBAN,678,40016,1,2. NO,2. NO,2. NO,2. NO,2. NO,2. NO,2. NO,2. NO,2. NO,2. NO,3,,,2. NO,,,,,,,,,,,,,,,,,,,,,,,,
4. South East,4. Anambra,417. ONITSHA NORTH,1. URBAN,678,40017,1,1. YES,1. YES,1. YES,1. YES,1. YES,2. NO,1. YES,2. NO,1. YES,2. NO,2,,,2. NO,,,,,,,,,,,,,,,,,,,,,,,,
4. South East,4. Anambra,417. ONITSHA NORTH,1. URBAN,678,40018,1,2. NO,1. YES,2. NO,2. NO,1. YES,2. NO,2. NO,2. NO,2. NO,2. NO,3,3,,2. NO,,,,,,,,,,,,,,,,,,,,,,,,
4. South East,4. Anambra,417. ONITSHA NORTH,1. URBAN,678,40019,5,2. NO,2. NO,2. NO,2. NO,2. NO,2. NO,2. NO,2. NO,2. NO,2. NO,2,3,,2. NO,,,,,,,,,,,,,,,,,,,,,,,,
4. South East,4. Anambra,417. ONITSHA NORTH,1. URBAN,678,40020,1,2. NO,1. YES,1. YES,2. NO,2. NO,2. NO,2. NO,2. NO,2. NO,2. NO,3,,,2. NO,,,,,,,,,,,,,,,,,,,,,,,,
4. South East,4. Anambra,421. OYI,1. URBAN,800,40171,3,2. NO,1. YES,2. NO,2. NO,1. YES,1. YES,1. YES,2. NO,2. NO,2. NO,3,3,,2. NO,,,,,,,,,,,,,,,,,,,,,,,,
4. South East,4. Anambra,421. OYI,1. URBAN,800,40172,7,2. NO,2. NO,2. NO,1. YES,1. YES,2. NO,2. NO,2. NO,2. NO,2. NO,2,3,,2. NO,,,,,,,,,,,,,,,,,,,,,,,,
4. South East,4. Anambra,421. OYI,1. URBAN,0,40173,2,2. NO,2. NO,2. NO,2. NO,2. NO,2. NO,2. NO,2. NO,2. NO,2. NO,3,,,2. NO,,,,,,,,,,,,,,,,,,,,,,,,
4. South East,4. Anambra,421. OYI,1. URBAN,800,40174,1,1. YES,1. YES,1. YES,1. YES,1. YES,2. NO,2. NO,2. NO,1. YES,2. NO,2,3,3,2. NO,,,,,,,,,,,,,,,,,,,,,,,,
4. South East,4. Anambra,421. OYI,1. URBAN,0,40176,2,2. NO,2. NO,2. NO,2. NO,2. NO,1. YES,2. NO,2. NO,2. NO,2. NO,3,3,,2. NO,,,,,,,,,,,,,,,,,,,,,,,,
4. South East,4. Anambra,421. OYI,1. URBAN,800,40177,3,1. YES,2. NO,1. YES,1. YES,1. YES,2. NO,2. NO,2. NO,2. NO,2. NO,2,3,,2. NO,,,,,,,,,,,,,,,,,,,,,,,,
4. South East,4. Anambra,421. OYI,1. URBAN,800,40178,4,1. YES,1. YES,1. YES,2. NO,1. YES,2. NO,1. YES,2. NO,1. YES,2. NO,2,3,3,2. NO,,,,,,,,,,,,,,,,,,,,,,,,
4. South East,4. Anambra,421. OYI,1. URBAN,800,40180,101,1. YES,1. YES,1. YES,1. YES,1. YES,1. YES,1. YES,2. NO,1. YES,2. NO,2,3,,2. NO,,,,,,,,,,,,,,,,,,,,,,,,
4. South East,4. Anambra,402. ANAMBRA EAST,2. RURAL,1080,40202,2,2. NO,1. YES,1. YES,2. NO,1. YES,2. NO,1. YES,2. NO,2. NO,2. NO,3,,3,2. NO,,,,,,,,,,,,,,,,,,,,,,,,
4. South East,4. Anambra,402. ANAMBRA EAST,2. RURAL,1080,40203,1,1. YES,2. NO,1. YES,1. YES,1. YES,2. NO,2. NO,2. NO,2. NO,1. YES,2,,,1. YES,0,0,0,0,0,0,0,0,0,0,0,0,1,0,0,0,0,0,0,0,12. LACK OF MONEY,,,
4. South East,4. Anambra,402. ANAMBRA EAST,2. RURAL,1080,40206,2,1. YES,1. YES,1. YES,1. YES,1. YES,2. NO,1. YES,2. NO,1. YES,2. NO,3,2,,2. NO,,,,,,,,,,,,,,,,,,,,,,,,
4. South East,4. Anambra,402. ANAMBRA EAST,2. RURAL,1080,40207,1,2. NO,2. NO,2. NO,2. NO,1. YES,1. YES,2. NO,2. NO,2. NO,2. NO,2,,,2. NO,,,,,,,,,,,,,,,,,,,,,,,,
4. South East,4. Anambra,402. ANAMBRA EAST,2. RURAL,1080,40208,2,2. NO,2. NO,2. NO,2. NO,2. NO,2. NO,2. NO,2. NO,2. NO,2. NO,3,3,,2. NO,,,,,,,,,,,,,,,,,,,,,,,,
4. South East,4. Anambra,402. ANAMBRA EAST,2. RURAL,1080,40209,2,1. YES,2. NO,1. YES,1. YES,2. NO,2. NO,2. NO,2. NO,2. NO,2. NO,2,,,2. NO,,,,,,,,,,,,,,,,,,,,,,,,
4. South East,4. Anambra,406. AWKA SOUTH,1. URBAN,0,40210,2,1. YES,1. YES,1. YES,1. YES,2. NO,2. NO,2. NO,2. NO,2. NO,2. NO,3,,,2. NO,,,,,,,,,,,,,,,,,,,,,,,,
4. South East,4. Anambra,402. ANAMBRA EAST,2. RURAL,874,49001,2,2. NO,2. NO,2. NO,1. YES,1. YES,1. YES,2. NO,2. NO,2. NO,2. NO,2,,,2. NO,,,,,,,,,,,,,,,,,,,,,,,,
4. South East,4. Anambra,402. ANAMBRA EAST,2. RURAL,874,49003,1301,1. YES,1. YES,1. YES,1. YES,1. YES,1. YES,2. NO,2. NO,1. YES,1. YES,1,,,1. YES,0,0,0,0,0,0,0,0,1,1,0,0,0,0,0,0,0,0,0,0,13. LACK OF ACCESS TO MONEY AT THE BANK DUE TO NAIRA REDESIGN,,,
4. South East,4. Anambra,402. ANAMBRA EAST,2. RURAL,874,49004,1,1. YES,1. YES,1. YES,2. NO,1. YES,2. NO,2. NO,2. NO,1. YES,2. NO,2,3,3,1. YES,0,0,0,1,0,0,0,0,0,0,0,0,0,0,0,0,0,0,0,0,8. FLOODS/WATER LOGGING,13. LACK OF ACCESS TO MONEY AT THE BANK DUE TO NAIRA REDESIGN,3. INADEQUATE HOUSEHOLD FOOD STOCKS DUE TO SMALL LAND SIZE,
4. South East,4. Anambra,402. ANAMBRA EAST,2. RURAL,874,49005,8,1. YES,1. YES,1. YES,1. YES,1. YES,2. NO,1. YES,2. NO,2. NO,2. NO,2,3,,2. NO,,,,,,,,,,,,,,,,,,,,,,,,
4. South East,4. Anambra,402. ANAMBRA EAST,2. RURAL,874,49006,1,2. NO,1. YES,2. NO,1. YES,1. YES,2. NO,2. NO,2. NO,2. NO,2. NO,2,,,1. YES,0,0,0,0,0,0,0,0,0,1,0,0,0,0,0,0,0,0,0,0,12. LACK OF MONEY,,,
4. South East,4. Anambra,402. ANAMBRA EAST,2. RURAL,874,49007,2,1. YES,1. YES,1. YES,1. YES,1. YES,1. YES,1. YES,1. YES,2. NO,2. NO,2,,,1. YES,0,0,0,0,0,0,0,0,1,1,0,0,0,0,0,0,0,0,0,0,12. LACK OF MONEY,13. LACK OF ACCESS TO MONEY AT THE BANK DUE TO NAIRA REDESIGN,,
4. South East,4. Anambra,402. ANAMBRA EAST,2. RURAL,874,49008,1,2. NO,2. NO,1. YES,2. NO,1. YES,2. NO,2. NO,2. NO,2. NO,2. NO,2,2,,2. NO,,,,,,,,,,,,,,,,,,,,,,,,
4. South East,4. Anambra,402. ANAMBRA EAST,2. RURAL,874,49010,5101,1. YES,1. YES,1. YES,1. YES,1. YES,2. NO,2. NO,2. NO,1. YES,2. NO,3,3,2,2. NO,,,,,,,,,,,,,,,,,,,,,,,,
4. South East,14. Enugu,1405. ENUGU SOUTH,2. RURAL,0,49011,1,1. YES,1. YES,1. YES,2. NO,1. YES,1. YES,1. YES,2. NO,2. NO,2. NO,3,,,1. YES,1,0,0,0,0,0,0,0,0,0,0,0,0,0,0,0,0,0,0,0,5. FOOD IN THE MARKET WAS VERY EXPENSIVE,12. LACK OF MONEY,,
4. South East,4. Anambra,405. AWKA NORTH,2. RURAL,716,49013,2,2. NO,2. NO,2. NO,1. YES,1. YES,2. NO,2. NO,2. NO,2. NO,2. NO,3,,,2. NO,,,,,,,,,,,,,,,,,,,,,,,,
4. South East,14. Enugu,1405. ENUGU SOUTH,1. URBAN,0,49015,1,2. NO,2. NO,2. NO,2. NO,2. NO,2. NO,2. NO,2. NO,2. NO,2. NO,3,,,2. NO,,,,,,,,,,,,,,,,,,,,,,,,
4. South East,4. Anambra,405. AWKA NORTH,2. RURAL,716,49017,2,1. YES,1. YES,1. YES,2. NO,2. NO,2. NO,1. YES,2. NO,2. NO,2. NO,3,,,2. NO,,,,,,,,,,,,,,,,,,,,,,,,
4. South East,4. Anambra,405. AWKA NORTH,2. RURAL,0,49018,2,2. NO,2. NO,1. YES,1. YES,1. YES,2. NO,1. YES,2. NO,2. NO,2. NO,2,2,,2. NO,,,,,,,,,,,,,,,,,,,,,,,,
4. South East,4. Anambra,405. AWKA NORTH,2. RURAL,716,49019,2,2. NO,2. NO,1. YES,2. NO,1. YES,2. NO,2. NO,2. NO,2. NO,2. NO,2,3,,2. NO,,,,,,,,,,,,,,,,,,,,,,,,
4. South East,14. Enugu,1413. NSUKKA,2. RURAL,0,49020,5101,1. YES,1. YES,1. YES,1. YES,1. YES,1. YES,1. YES,2. NO,1. YES,1. YES,3,,5,1. YES,0,0,0,0,0,0,0,0,1,1,0,0,1,1,0,0,0,0,0,0,5. FOOD IN THE MARKET WAS VERY EXPENSIVE,13. LACK OF ACCESS TO MONEY AT THE BANK DUE TO NAIRA REDESIGN,,
4. South East,4. Anambra,405. AWKA NORTH,2. RURAL,716,49023,2,1. YES,1. YES,1. YES,1. YES,1. YES,2. NO,1. YES,2. NO,1. YES,2. NO,2,3,,2. NO,,,,,,,,,,,,,,,,,,,,,,,,
4. South East,4. Anambra,405. AWKA NORTH,2. RURAL,716,49024,1,1. YES,1. YES,1. YES,1. YES,1. YES,1. YES,2. NO,2. NO,2. NO,1. YES,2,3,3,1. YES,0,0,0,0,0,0,0,0,1,1,0,0,0,0,0,0,0,0,0,0,12. LACK OF MONEY,13. LACK OF ACCESS TO MONEY AT THE BANK DUE TO NAIRA REDESIGN,,
4. South East,4. Anambra,408. DUNUKOFIA,2. RURAL,0,49025,2,2. NO,2. NO,1. YES,2. NO,2. NO,1. YES,2. NO,2. NO,2. NO,2. NO,3,,3,2. NO,,,,,,,,,,,,,,,,,,,,,,,,
4. South East,4. Anambra,408. DUNUKOFIA,2. RURAL,630,49026,1,2. NO,1. YES,1. YES,1. YES,1. YES,2. NO,2. NO,2. NO,2. NO,2. NO,2,,,2. NO,,,,,,,,,,,,,,,,,,,,,,,,
4. South East,4. Anambra,408. DUNUKOFIA,2. RURAL,630,49027,2101,1. YES,1. YES,1. YES,2. NO,1. YES,2. NO,2. NO,2. NO,1. YES,2. NO,2,3,,2. NO,,,,,,,,,,,,,,,,,,,,,,,,
4. South East,4. Anambra,408. DUNUKOFIA,2. RURAL,630,49030,5101,1. YES,1. YES,1. YES,1. YES,1. YES,2. NO,2. NO,2. NO,1. YES,2. NO,2,,,1. YES,0,0,0,0,0,0,0,0,1,1,0,0,0,0,0,0,0,0,0,0,4. INADEQUATE HOUSEHOLD FOOD STOCKS DUE TO LACK OF FARM INPUTS,5. FOOD IN THE MARKET WAS VERY EXPENSIVE,13. LACK OF ACCESS TO MONEY AT THE BANK DUE TO NAIRA REDESIGN,
4. South East,4. Anambra,408. DUNUKOFIA,2. RURAL,630,49034,2,1. YES,1. YES,1. YES,1. YES,1. YES,1. YES,1. YES,2. NO,2. NO,1. YES,2,3,,2. NO,,,,,,,,,,,,,,,,,,,,,,,,
4. South East,4. Anambra,408. DUNUKOFIA,2. RURAL,630,49035,2,1. YES,1. YES,2. NO,2. NO,1. YES,2. NO,2. NO,2. NO,2. NO,2. NO,3,3,3,2. NO,,,,,,,,,,,,,,,,,,,,,,,,
4. South East,4. Anambra,408. DUNUKOFIA,2. RURAL,630,49036,1,1. YES,1. YES,1. YES,1. YES,1. YES,1. YES,1. YES,2. NO,2. NO,1. YES,2,,,1. YES,0,0,0,0,0,0,0,0,0,0,0,0,1,0,1,0,0,0,0,0,5. FOOD IN THE MARKET WAS VERY EXPENSIVE,12. LACK OF MONEY,,
4. South East,4. Anambra,412. EKWUSIGO,1. URBAN,1562,49037,2,1. YES,1. YES,2. NO,2. NO,1. YES,2. NO,2. NO,2. NO,2. NO,2. NO,3,3,4,2. NO,,,,,,,,,,,,,,,,,,,,,,,,
4. South East,4. Anambra,412. EKWUSIGO,1. URBAN,1562,49038,1,1. YES,2. NO,1. YES,1. YES,1. YES,1. YES,1. YES,2. NO,1. YES,2. NO,2,3,3,2. NO,,,,,,,,,,,,,,,,,,,,,,,,
4. South East,4. Anambra,412. EKWUSIGO,1. URBAN,1562,49039,4,1. YES,1. YES,1. YES,1. YES,1. YES,1. YES,1. YES,2. NO,2. NO,1. YES,2,,,2. NO,,,,,,,,,,,,,,,,,,,,,,,,
4. South East,4. Anambra,412. EKWUSIGO,1. URBAN,1562,49040,2,1. YES,1. YES,1. YES,1. YES,1. YES,1. YES,1. YES,1. YES,2. NO,2. NO,3,,,2. NO,,,,,,,,,,,,,,,,,,,,,,,,
4. South East,4. Anambra,412. EKWUSIGO,1. URBAN,1562,49042,1,1. YES,1. YES,1. YES,1. YES,1. YES,2. NO,1. YES,2. NO,1. YES,1. YES,2,,,2. NO,,,,,,,,,,,,,,,,,,,,,,,,
4. South East,4. Anambra,412. EKWUSIGO,1. URBAN,1562,49043,2,1. YES,1. YES,1. YES,1. YES,1. YES,1. YES,1. YES,1. YES,2. NO,2. NO,3,3,3,2. NO,,,,,,,,,,,,,,,,,,,,,,,,
4. South East,4. Anambra,412. EKWUSIGO,1. URBAN,1562,49044,7,2. NO,2. NO,2. NO,2. NO,2. NO,2. NO,2. NO,2. NO,2. NO,2. NO,3,3,,2. NO,,,,,,,,,,,,,,,,,,,,,,,,
4. South East,4. Anambra,412. EKWUSIGO,1. URBAN,1562,49045,2,1. YES,1. YES,1. YES,1. YES,2. NO,2. NO,1. YES,2. NO,1. YES,1. YES,3,,,2. NO,,,,,,,,,,,,,,,,,,,,,,,,
4. South East,4. Anambra,412. EKWUSIGO,1. URBAN,1562,49046,1,1. YES,1. YES,1. YES,1. YES,1. YES,2. NO,2. NO,2. NO,2. NO,2. NO,3,,,2. NO,,,,,,,,,,,,,,,,,,,,,,,,
4. South East,4. Anambra,416. OGBARA,1. URBAN,372,49049,5,1. YES,1. YES,1. YES,1. YES,2. NO,1. YES,2. NO,2. NO,2. NO,2. NO,2,,,1. YES,0,0,0,0,0,0,0,0,0,0,0,0,1,0,0,0,0,0,0,0,12. LACK OF MONEY,,,
4. South East,4. Anambra,416. OGBARA,1. URBAN,372,49051,1,1. YES,1. YES,1. YES,1. YES,1. YES,2. NO,1. YES,2. NO,2. NO,2. NO,3,,,2. NO,,,,,,,,,,,,,,,,,,,,,,,,
4. South East,4. Anambra,416. OGBARA,1. URBAN,372,49052,2,1. YES,1. YES,1. YES,2. NO,1. YES,2. NO,2. NO,2. NO,2. NO,2. NO,3,,,2. NO,,,,,,,,,,,,,,,,,,,,,,,,
4. South East,4. Anambra,416. OGBARA,1. URBAN,0,49054,1,1. YES,1. YES,2. NO,1. YES,2. NO,2. NO,1. YES,2. NO,1. YES,2. NO,3,3,,2. NO,,,,,,,,,,,,,,,,,,,,,,,,
4. South East,4. Anambra,416. OGBARA,1. URBAN,372,49055,4,1. YES,1. YES,1. YES,1. YES,1. YES,2. NO,1. YES,2. NO,1. YES,2. NO,3,,,2. NO,,,,,,,,,,,,,,,,,,,,,,,,
4. South East,4. Anambra,416. OGBARA,1. URBAN,372,49057,3,1. YES,1. YES,1. YES,1. YES,2. NO,1. YES,1. YES,2. NO,1. YES,2. NO,2,,,2. NO,,,,,,,,,,,,,,,,,,,,,,,,
4. South East,4. Anambra,416. OGBARA,1. URBAN,372,49058,1,1. YES,1. YES,1. YES,1. YES,1. YES,1. YES,2. NO,2. NO,2. NO,2. NO,2,,,2. NO,,,,,,,,,,,,,,,,,,,,,,,,
4. South East,4. Anambra,416. OGBARA,1. URBAN,372,49060,1,1. YES,1. YES,1. YES,1. YES,1. YES,2. NO,2. NO,2. NO,2. NO,2. NO,2,3,,2. NO,,,,,,,,,,,,,,,,,,,,,,,,
4. South East,4. Anambra,416. OGBARA,1. URBAN,730,49063,2,1. YES,1. YES,1. YES,1. YES,1. YES,1. YES,1. YES,2. NO,2. NO,2. NO,3,3,,2. NO,,,,,,,,,,,,,,,,,,,,,,,,
4. South East,4. Anambra,416. OGBARA,1. URBAN,730,49064,1,1. YES,1. YES,1. YES,2. NO,1. YES,2. NO,2. NO,2. NO,1. YES,2. NO,3,,3,2. NO,,,,,,,,,,,,,,,,,,,,,,,,
4. South East,4. Anambra,416. OGBARA,1. URBAN,0,49065,2,1. YES,2. NO,1. YES,1. YES,1. YES,2. NO,2. NO,2. NO,1. YES,2. NO,2,3,,2. NO,,,,,,,,,,,,,,,,,,,,,,,,
4. South East,4. Anambra,416. OGBARA,1. URBAN,730,49066,2,1. YES,1. YES,1. YES,1. YES,1. YES,2. NO,2. NO,2. NO,1. YES,2. NO,2,3,3,2. NO,,,,,,,,,,,,,,,,,,,,,,,,
4. South East,4. Anambra,416. OGBARA,1. URBAN,730,49068,1,1. YES,1. YES,1. YES,1. YES,1. YES,2. NO,2. NO,2. NO,1. YES,2. NO,2,,3,2. NO,,,,,,,,,,,,,,,,,,,,,,,,
4. South East,4. Anambra,416. OGBARA,1. URBAN,730,49069,1,1. YES,2. NO,2. NO,1. YES,2. NO,1. YES,2. NO,2. NO,2. NO,2. NO,2,2,,2. NO,,,,,,,,,,,,,,,,,,,,,,,,
4. South East,4. Anambra,416. OGBARA,1. URBAN,730,49070,2,1. YES,1. YES,1. YES,1. YES,1. YES,2. NO,1. YES,2. NO,1. YES,2. NO,2,2,3,1. YES,0,0,0,0,0,0,0,0,1,0,0,0,0,0,0,0,0,0,0,0,13. LACK OF ACCESS TO MONEY AT THE BANK DUE TO NAIRA REDESIGN,12. LACK OF MONEY,,
4. South East,4. Anambra,416. OGBARA,1. URBAN,730,49071,1,2. NO,1. YES,2. NO,2. NO,1. YES,2. NO,1. YES,2. NO,1. YES,2. NO,3,3,,2. NO,,,,,,,,,,,,,,,,,,,,,,,,
4. South East,4. Anambra,417. ONITSHA NORTH,1. URBAN,114,49073,1303,2. NO,2. NO,2. NO,2. NO,2. NO,2. NO,2. NO,2. NO,2. NO,2. NO,2,,3,2. NO,,,,,,,,,,,,,,,,,,,,,,,,
4. South East,4. Anambra,417. ONITSHA NORTH,1. URBAN,114,49076,3,1. YES,1. YES,1. YES,2. NO,1. YES,2. NO,2. NO,2. NO,2. NO,2. NO,3,,,2. NO,,,,,,,,,,,,,,,,,,,,,,,,
4. South East,4. Anambra,417. ONITSHA NORTH,1. URBAN,114,49077,1,2. NO,2. NO,1. YES,1. YES,1. YES,1. YES,1. YES,2. NO,1. YES,2. NO,3,,,2. NO,,,,,,,,,,,,,,,,,,,,,,,,
4. South East,4. Anambra,417. ONITSHA NORTH,1. URBAN,114,49079,2,2. NO,2. NO,1. YES,1. YES,1. YES,2. NO,2. NO,2. NO,2. NO,2. NO,2,,,1. YES,0,0,0,0,0,0,0,0,0,1,0,0,0,0,0,0,0,0,0,0,13. LACK OF ACCESS TO MONEY AT THE BANK DUE TO NAIRA REDESIGN,,,
4. South East,4. Anambra,417. ONITSHA NORTH,1. URBAN,114,49080,5,1. YES,1. YES,1. YES,1. YES,2. NO,2. NO,1. YES,2. NO,1. YES,2. NO,2,,,2. NO,,,,,,,,,,,,,,,,,,,,,,,,
4. South East,4. Anambra,417. ONITSHA NORTH,1. URBAN,114,49081,6,2. NO,1. YES,1. YES,2. NO,2. NO,2. NO,2. NO,2. NO,2. NO,2. NO,3,,,2. NO,,,,,,,,,,,,,,,,,,,,,,,,
4. South East,4. Anambra,417. ONITSHA NORTH,1. URBAN,114,49082,2,1. YES,1. YES,1. YES,1. YES,2. NO,2. NO,1. YES,2. NO,1. YES,2. NO,2,3,,2. NO,,,,,,,,,,,,,,,,,,,,,,,,
4. South East,4. Anambra,417. ONITSHA NORTH,1. URBAN,114,49083,2,1. YES,1. YES,1. YES,2. NO,1. YES,2. NO,2. NO,2. NO,2. NO,2. NO,3,3,,2. NO,,,,,,,,,,,,,,,,,,,,,,,,
4. South East,4. Anambra,419. ORUMBA NORTH,1. URBAN,1006,49085,2,1. YES,1. YES,1. YES,1. YES,1. YES,1. YES,1. YES,2. NO,2. NO,1. YES,2,2,,2. NO,,,,,,,,,,,,,,,,,,,,,,,,
4. South East,4. Anambra,419. ORUMBA NORTH,1. URBAN,1006,49086,1,1. YES,1. YES,1. YES,1. YES,1. YES,2. NO,1. YES,2. NO,2. NO,2. NO,2,,,2. NO,,,,,,,,,,,,,,,,,,,,,,,,
4. South East,4. Anambra,419. ORUMBA NORTH,1. URBAN,1006,49088,2,2. NO,2. NO,1. YES,2. NO,2. NO,1. YES,2. NO,2. NO,2. NO,2. NO,3,3,,2. NO,,,,,,,,,,,,,,,,,,,,,,,,
4. South East,4. Anambra,419. ORUMBA NORTH,1. URBAN,1006,49089,2,1. YES,1. YES,1. YES,2. NO,2. NO,2. NO,1. YES,1. YES,1. YES,2. NO,2,3,3,2. NO,,,,,,,,,,,,,,,,,,,,,,,,
4. South East,4. Anambra,419. ORUMBA NORTH,1. URBAN,1006,49090,2,1. YES,1. YES,1. YES,1. YES,1. YES,2. NO,1. YES,2. NO,1. YES,2. NO,3,3,,2. NO,,,,,,,,,,,,,,,,,,,,,,,,
4. South East,4. Anambra,419. ORUMBA NORTH,1. URBAN,1006,49091,2,2. NO,2. NO,1. YES,2. NO,2. NO,2. NO,2. NO,2. NO,2. NO,2. NO,2,3,,2. NO,,,,,,,,,,,,,,,,,,,,,,,,
4. South East,4. Anambra,419. ORUMBA NORTH,1. URBAN,1006,49093,1,2. NO,2. NO,2. NO,2. NO,2. NO,2. NO,2. NO,2. NO,2. NO,2. NO,3,,,2. NO,,,,,,,,,,,,,,,,,,,,,,,,
4. South East,4. Anambra,419. ORUMBA NORTH,1. URBAN,1006,49094,2,2. NO,2. NO,2. NO,2. NO,2. NO,1. YES,2. NO,2. NO,2. NO,2. NO,3,3,4,2. NO,,,,,,,,,,,,,,,,,,,,,,,,
4. South East,4. Anambra,419. ORUMBA NORTH,1. URBAN,1006,49095,5101,1. YES,1. YES,1. YES,1. YES,1. YES,1. YES,1. YES,2. NO,2. NO,2. NO,2,,,2. NO,,,,,,,,,,,,,,,,,,,,,,,,
4. South East,4. Anambra,420. ORUMBA SOUTH,1. URBAN,1296,49097,1,1. YES,1. YES,1. YES,1. YES,1. YES,2. NO,2. NO,2. NO,1. YES,2. NO,3,3,,2. NO,,,,,,,,,,,,,,,,,,,,,,,,
4. South East,4. Anambra,420. ORUMBA SOUTH,1. URBAN,1296,49098,1,1. YES,2. NO,1. YES,1. YES,1. YES,1. YES,2. NO,2. NO,2. NO,1. YES,2,,,2. NO,,,,,,,,,,,,,,,,,,,,,,,,
4. South East,4. Anambra,420. ORUMBA SOUTH,1. URBAN,1296,49100,4,1. YES,1. YES,2. NO,2. NO,1. YES,1. YES,2. NO,2. NO,2. NO,2. NO,3,,,2. NO,,,,,,,,,,,,,,,,,,,,,,,,
4. South East,4. Anambra,420. ORUMBA SOUTH,1. URBAN,1296,49101,4,1. YES,1. YES,1. YES,1. YES,1. YES,2. NO,1. YES,2. NO,1. YES,2. NO,2,3,,2. NO,,,,,,,,,,,,,,,,,,,,,,,,
4. South East,4. Anambra,420. ORUMBA SOUTH,1. URBAN,1296,49102,2101,1. YES,1. YES,1. YES,2. NO,1. YES,2. NO,2. NO,2. NO,2. NO,2. NO,3,,4,2. NO,,,,,,,,,,,,,,,,,,,,,,,,
4. South East,4. Anambra,420. ORUMBA SOUTH,1. URBAN,1296,49103,2,1. YES,1. YES,1. YES,2. NO,1. YES,2. NO,1. YES,2. NO,1. YES,2. NO,2,3,,2. NO,,,,,,,,,,,,,,,,,,,,,,,,
4. South East,4. Anambra,420. ORUMBA SOUTH,1. URBAN,1296,49104,1,2. NO,1. YES,2. NO,2. NO,1. YES,2. NO,2. NO,2. NO,2. NO,2. NO,3,3,,2. NO,,,,,,,,,,,,,,,,,,,,,,,,
4. South East,4. Anambra,420. ORUMBA SOUTH,1. URBAN,1296,49105,9,2. NO,2. NO,2. NO,2. NO,2. NO,2. NO,2. NO,2. NO,2. NO,2. NO,3,,,2. NO,,,,,,,,,,,,,,,,,,,,,,,,
4. South East,4. Anambra,420. ORUMBA SOUTH,1. URBAN,1296,49106,2,2. NO,2. NO,2. NO,2. NO,2. NO,2. NO,2. NO,2. NO,2. NO,2. NO,3,,,2. NO,,,,,,,,,,,,,,,,,,,,,,,,
4. South East,4. Anambra,420. ORUMBA SOUTH,1. URBAN,1296,49108,2,1. YES,1. YES,1. YES,1. YES,1. YES,2. NO,1. YES,2. NO,1. YES,2. NO,2,3,,2. NO,,,,,,,,,,,,,,,,,,,,,,,,
4. South East,4. Anambra,405. AWKA NORTH,2. RURAL,716,49111,3,1. YES,2. NO,2. NO,2. NO,1. YES,2. NO,2. NO,2. NO,2. NO,2. NO,3,3,,2. NO,,,,,,,,,,,,,,,,,,,,,,,,
4. South East,4. Anambra,405. AWKA NORTH,2. RURAL,716,49112,2,2. NO,2. NO,2. NO,2. NO,2. NO,2. NO,2. NO,2. NO,2. NO,2. NO,3,,,2. NO,,,,,,,,,,,,,,,,,,,,,,,,
4. South East,4. Anambra,408. DUNUKOFIA,2. RURAL,630,49113,1,1. YES,1. YES,1. YES,1. YES,1. YES,2. NO,2. NO,2. NO,1. YES,2. NO,3,3,,2. NO,,,,,,,,,,,,,,,,,,,,,,,,
4. South East,4. Anambra,408. DUNUKOFIA,2. RURAL,630,49114,2,2. NO,2. NO,2. NO,2. NO,1. YES,2. NO,1. YES,2. NO,2. NO,2. NO,2,3,,2. NO,,,,,,,,,,,,,,,,,,,,,,,,
4. South East,4. Anambra,416. OGBARA,1. URBAN,372,49117,1,2. NO,2. NO,2. NO,2. NO,1. YES,2. NO,2. NO,2. NO,2. NO,2. NO,3,3,,2. NO,,,,,,,,,,,,,,,,,,,,,,,,
4. South East,4. Anambra,417. ONITSHA NORTH,1. URBAN,114,49122,2,1. YES,2. NO,1. YES,1. YES,1. YES,2. NO,2. NO,2. NO,1. YES,2. NO,2,3,3,2. NO,,,,,,,,,,,,,,,,,,,,,,,,
4. South East,4. Anambra,419. ORUMBA NORTH,1. URBAN,1006,49124,1301,1. YES,1. YES,1. YES,2. NO,1. YES,2. NO,1. YES,2. NO,2. NO,2. NO,3,,,2. NO,,,,,,,,,,,,,,,,,,,,,,,,
4. South East,4. Anambra,407. AYAMELUM,1. URBAN,680,49126,5,1. YES,1. YES,1. YES,2. NO,1. YES,1. YES,1. YES,1. YES,2. NO,2. NO,2,,,1. YES,0,0,0,1,1,0,0,0,0,0,0,0,0,0,0,0,0,0,0,0,10. INADEQUATE FOOD STOCK FROM FARM DUE TO CONFLICT/SECURITY,11. UNABLE TO REACH THE MARKET DUE TO CONFLICT/SECURITY,12. LACK OF MONEY,
4. South East,4. Anambra,407. AYAMELUM,1. URBAN,680,49129,2,2. NO,2. NO,2. NO,1. YES,2. NO,2. NO,1. YES,2. NO,2. NO,2. NO,3,3,3,2. NO,,,,,,,,,,,,,,,,,,,,,,,,
4. South East,4. Anambra,407. AYAMELUM,1. URBAN,680,49130,1,1. YES,1. YES,1. YES,1. YES,1. YES,2. NO,1. YES,2. NO,1. YES,2. NO,3,3,,2. NO,,,,,,,,,,,,,,,,,,,,,,,,
4. South East,4. Anambra,407. AYAMELUM,1. URBAN,680,49131,1,1. YES,1. YES,1. YES,2. NO,1. YES,2. NO,1. YES,2. NO,1. YES,2. NO,3,3,3,2. NO,,,,,,,,,,,,,,,,,,,,,,,,
4. South East,4. Anambra,407. AYAMELUM,1. URBAN,680,49132,4,2. NO,1. YES,2. NO,2. NO,2. NO,1. YES,2. NO,2. NO,2. NO,2. NO,3,3,3,2. NO,,,,,,,,,,,,,,,,,,,,,,,,
4. South East,4. Anambra,407. AYAMELUM,1. URBAN,680,49133,2,2. NO,2. NO,2. NO,1. YES,2. NO,1. YES,1. YES,2. NO,2. NO,2. NO,2,3,4,2. NO,,,,,,,,,,,,,,,,,,,,,,,,
4. South East,4. Anambra,407. AYAMELUM,1. URBAN,680,49134,1301,1. YES,1. YES,1. YES,2. NO,1. YES,2. NO,2. NO,2. NO,2. NO,2. NO,2,,3,2. NO,,,,,,,,,,,,,,,,,,,,,,,,
4. South East,4. Anambra,407. AYAMELUM,1. URBAN,680,49135,1,1. YES,1. YES,1. YES,1. YES,1. YES,2. NO,2. NO,2. NO,1. YES,2. NO,3,,,2. NO,,,,,,,,,,,,,,,,,,,,,,,,
4. South East,4. Anambra,407. AYAMELUM,1. URBAN,680,49136,2,1. YES,1. YES,1. YES,1. YES,1. YES,1. YES,2. NO,2. NO,1. YES,2. NO,2,3,3,2. NO,,,,,,,,,,,,,,,,,,,,,,,,
4. South East,4. Anambra,407. AYAMELUM,1. URBAN,680,49137,2,1. YES,1. YES,1. YES,1. YES,1. YES,2. NO,2. NO,2. NO,1. YES,1. YES,2,3,3,1. YES,0,0,0,0,0,0,0,0,0,1,0,0,0,0,0,0,0,0,0,0,13. LACK OF ACCESS TO MONEY AT THE BANK DUE TO NAIRA REDESIGN,,,
2. North East,5. Bauchi,506. DASS,2. RURAL,830,50001,4,2. NO,1. YES,1. YES,2. NO,1. YES,1. YES,2. NO,2. NO,2. NO,2. NO,3,,,2. NO,,,,,,,,,,,,,,,,,,,,,,,,
2. North East,5. Bauchi,506. DASS,2. RURAL,830,50002,2,1. YES,1. YES,1. YES,2. NO,2. NO,1. YES,1. YES,2. NO,2. NO,2. NO,3,5,5,2. NO,,,,,,,,,,,,,,,,,,,,,,,,
2. North East,5. Bauchi,506. DASS,2. RURAL,830,50003,2,2. NO,1. YES,2. NO,2. NO,1. YES,1. YES,2. NO,2. NO,2. NO,2. NO,3,4,6,1. YES,0,0,0,0,0,0,0,0,0,0,1,1,1,1,0,0,0,0,0,0,5. FOOD IN THE MARKET WAS VERY EXPENSIVE,12. LACK OF MONEY,13. LACK OF ACCESS TO MONEY AT THE BANK DUE TO NAIRA REDESIGN,
2. North East,5. Bauchi,506. DASS,2. RURAL,830,50004,2,2. NO,1. YES,1. YES,2. NO,2. NO,2. NO,2. NO,2. NO,2. NO,2. NO,3,,4,2. NO,,,,,,,,,,,,,,,,,,,,,,,,
2. North East,5. Bauchi,506. DASS,2. RURAL,830,50005,1,1. YES,1. YES,1. YES,1. YES,1. YES,1. YES,1. YES,2. NO,2. NO,1. YES,3,5,5,1. YES,0,0,0,1,0,0,0,0,0,0,0,0,0,0,0,0,0,0,0,0,2. INADEQUATE HOUSEHOLD FOOD STOCKS DUE TO CROP PEST DAMAGE,12. LACK OF MONEY,,
2. North East,5. Bauchi,506. DASS,2. RURAL,830,50006,2,1. YES,1. YES,1. YES,2. NO,1. YES,2. NO,2. NO,2. NO,1. YES,1. YES,3,4,4,1. YES,0,0,0,1,0,0,0,0,0,0,0,0,0,0,0,0,0,0,0,0,4. INADEQUATE HOUSEHOLD FOOD STOCKS DUE TO LACK OF FARM INPUTS,,,
2. North East,5. Bauchi,506. DASS,2. RURAL,830,50007,1,2. NO,2. NO,1. YES,2. NO,2. NO,2. NO,2. NO,2. NO,2. NO,2. NO,3,4,,2. NO,,,,,,,,,,,,,,,,,,,,,,,,
2. North East,5. Bauchi,506. DASS,2. RURAL,830,50008,3,2. NO,1. YES,1. YES,2. NO,2. NO,2. NO,2. NO,2. NO,2. NO,1. YES,3,4,5,1. YES,0,0,0,0,0,0,0,0,0,0,0,1,1,1,1,0,0,0,0,0,12. LACK OF MONEY,5. FOOD IN THE MARKET WAS VERY EXPENSIVE,4. INADEQUATE HOUSEHOLD FOOD STOCKS DUE TO LACK OF FARM INPUTS,
2. North East,5. Bauchi,506. DASS,2. RURAL,830,50009,1,2. NO,2. NO,2. NO,2. NO,2. NO,2. NO,2. NO,2. NO,2. NO,2. NO,3,4,,2. NO,,,,,,,,,,,,,,,,,,,,,,,,
2. North East,5. Bauchi,502. BAUCHI,2. RURAL,3878,50031,1,1. YES,1. YES,1. YES,1. YES,1. YES,1. YES,1. YES,2. NO,1. YES,2. NO,3,5,5,1. YES,0,0,0,1,1,0,0,0,0,0,0,0,0,0,1,0,0,0,0,0,4. INADEQUATE HOUSEHOLD FOOD STOCKS DUE TO LACK OF FARM INPUTS,5. FOOD IN THE MARKET WAS VERY EXPENSIVE,12. LACK OF MONEY,
2. North East,5. Bauchi,502. BAUCHI,2. RURAL,3878,50032,3,1. YES,1. YES,1. YES,1. YES,1. YES,1. YES,1. YES,2. NO,1. YES,2. NO,3,,5,2. NO,,,,,,,,,,,,,,,,,,,,,,,,
2. North East,5. Bauchi,502. BAUCHI,2. RURAL,3878,50033,1,1. YES,1. YES,1. YES,1. YES,1. YES,2. NO,2. NO,2. NO,2. NO,2. NO,3,,,2. NO,,,,,,,,,,,,,,,,,,,,,,,,
2. North East,5. Bauchi,502. BAUCHI,2. RURAL,3878,50034,1,1. YES,1. YES,1. YES,1. YES,1. YES,1. YES,1. YES,2. NO,1. YES,2. NO,3,4,,1. YES,0,0,0,0,0,0,0,1,1,1,1,1,1,1,1,1,0,0,0,0,4. INADEQUATE HOUSEHOLD FOOD STOCKS DUE TO LACK OF FARM INPUTS,5. FOOD IN THE MARKET WAS VERY EXPENSIVE,6. UNABLE TO REACH THE MARKET DUE TO HIGH TRANSPORTATION COSTS,
2. North East,5. Bauchi,502. BAUCHI,2. RURAL,3878,50035,1,1. YES,1. YES,1. YES,1. YES,1. YES,2. NO,2. NO,2. NO,2. NO,1. YES,3,4,6,1. YES,0,0,0,1,0,0,0,0,0,0,0,1,1,0,0,0,0,0,0,0,5. FOOD IN THE MARKET WAS VERY EXPENSIVE,4. INADEQUATE HOUSEHOLD FOOD STOCKS DUE TO LACK OF FARM INPUTS,12. LACK OF MONEY,
2. North East,5. Bauchi,502. BAUCHI,2. RURAL,3878,50036,5,2. NO,2. NO,2. NO,2. NO,1. YES,1. YES,2. NO,2. NO,2. NO,1. YES,3,,5,1. YES,0,0,1,1,0,0,0,0,0,0,0,0,0,0,1,0,0,0,0,0,5. FOOD IN THE MARKET WAS VERY EXPENSIVE,1. INADEQUATE HOUSEHOLD FOOD STOCKS DUE TO DROUGHT/ POOR RAINS,12. LACK OF MONEY,
2. North East,5. Bauchi,502. BAUCHI,2. RURAL,0,50037,2,2. NO,1. YES,2. NO,1. YES,2. NO,1. YES,1. YES,2. NO,2. NO,2. NO,3,4,5,2. NO,,,,,,,,,,,,,,,,,,,,,,,,
2. North East,5. Bauchi,502. BAUCHI,2. RURAL,3878,50038,1,1. YES,1. YES,1. YES,1. YES,1. YES,1. YES,1. YES,2. NO,1. YES,1. YES,2,3,4,1. YES,0,0,0,0,0,0,0,0,1,1,1,1,1,1,1,0,0,0,0,0,4. INADEQUATE HOUSEHOLD FOOD STOCKS DUE TO LACK OF FARM INPUTS,5. FOOD IN THE MARKET WAS VERY EXPENSIVE,12. LACK OF MONEY,
2. North East,5. Bauchi,502. BAUCHI,2. RURAL,3878,50039,1,1. YES,1. YES,2. NO,2. NO,1. YES,2. NO,2. NO,2. NO,2. NO,2. NO,3,4,5,1. YES,0,0,0,1,0,0,0,0,0,0,0,1,1,1,0,0,0,0,0,0,5. FOOD IN THE MARKET WAS VERY EXPENSIVE,4. INADEQUATE HOUSEHOLD FOOD STOCKS DUE TO LACK OF FARM INPUTS,12. LACK OF MONEY,
2. North East,5. Bauchi,502. BAUCHI,2. RURAL,3878,50040,1,1. YES,1. YES,1. YES,1. YES,1. YES,1. YES,2. NO,2. NO,1. YES,1. YES,3,5,7,1. YES,0,0,1,1,0,0,0,0,0,0,0,0,0,0,0,0,0,0,0,0,5. FOOD IN THE MARKET WAS VERY EXPENSIVE,12. LACK OF MONEY,4. INADEQUATE HOUSEHOLD FOOD STOCKS DUE TO LACK OF FARM INPUTS,
2. North East,5. Bauchi,513. KIRFI,2. RURAL,348,50051,1,1. YES,2. NO,1. YES,2. NO,1. YES,2. NO,2. NO,2. NO,2. NO,1. YES,3,4,,2. NO,,,,,,,,,,,,,,,,,,,,,,,,
2. North East,5. Bauchi,513. KIRFI,2. RURAL,348,50052,2,1. YES,1. YES,1. YES,2. NO,2. NO,1. YES,1. YES,2. NO,2. NO,1. YES,3,,,1. YES,0,0,0,1,1,0,0,0,0,0,0,0,0,0,1,0,0,0,0,0,2. INADEQUATE HOUSEHOLD FOOD STOCKS DUE TO CROP PEST DAMAGE,3. INADEQUATE HOUSEHOLD FOOD STOCKS DUE TO SMALL LAND SIZE,4. INADEQUATE HOUSEHOLD FOOD STOCKS DUE TO LACK OF FARM INPUTS,
2. North East,5. Bauchi,513. KIRFI,2. RURAL,348,50053,1,1. YES,1. YES,2. NO,2. NO,1. YES,2. NO,2. NO,2. NO,2. NO,2. NO,3,4,6,2. NO,,,,,,,,,,,,,,,,,,,,,,,,
2. North East,5. Bauchi,513. KIRFI,2. RURAL,348,50054,1,1. YES,1. YES,1. YES,2. NO,1. YES,2. NO,2. NO,2. NO,2. NO,2. NO,3,4,5,2. NO,,,,,,,,,,,,,,,,,,,,,,,,
2. North East,5. Bauchi,513. KIRFI,2. RURAL,348,50055,2,1. YES,1. YES,1. YES,1. YES,1. YES,1. YES,1. YES,2. NO,1. YES,2. NO,2,3,,1. YES,0,0,0,0,0,0,0,0,0,0,0,0,0,1,1,1,0,0,0,0,1. INADEQUATE HOUSEHOLD FOOD STOCKS DUE TO DROUGHT/ POOR RAINS,4. INADEQUATE HOUSEHOLD FOOD STOCKS DUE TO LACK OF FARM INPUTS,6. UNABLE TO REACH THE MARKET DUE TO HIGH TRANSPORTATION COSTS,
2. North East,5. Bauchi,513. KIRFI,2. RURAL,348,50056,1,1. YES,1. YES,1. YES,2. NO,1. YES,2. NO,1. YES,2. NO,2. NO,2. NO,3,3,,1. YES,0,0,0,1,1,0,0,0,0,0,0,0,0,0,0,0,0,0,0,0,2. INADEQUATE HOUSEHOLD FOOD STOCKS DUE TO CROP PEST DAMAGE,4. INADEQUATE HOUSEHOLD FOOD STOCKS DUE TO LACK OF FARM INPUTS,12. LACK OF MONEY,
2. North East,5. Bauchi,513. KIRFI,2. RURAL,348,50057,1,1. YES,1. YES,1. YES,2. NO,1. YES,1. YES,2. NO,2. NO,2. NO,1. YES,3,4,6,1. YES,0,0,0,0,0,0,0,0,0,0,1,1,1,1,1,0,0,0,0,0,5. FOOD IN THE MARKET WAS VERY EXPENSIVE,12. LACK OF MONEY,4. INADEQUATE HOUSEHOLD FOOD STOCKS DUE TO LACK OF FARM INPUTS,
2. North East,5. Bauchi,513. KIRFI,2. RURAL,348,50058,1,1. YES,1. YES,1. YES,2. NO,1. YES,1. YES,2. NO,2. NO,2. NO,2. NO,3,4,,1. YES,0,0,0,1,1,0,0,0,0,0,0,0,0,0,1,0,0,0,0,0,4. INADEQUATE HOUSEHOLD FOOD STOCKS DUE TO LACK OF FARM INPUTS,2. INADEQUATE HOUSEHOLD FOOD STOCKS DUE TO CROP PEST DAMAGE,,
2. North East,5. Bauchi,513. KIRFI,2. RURAL,348,50059,2,1. YES,1. YES,1. YES,1. YES,1. YES,1. YES,1. YES,2. NO,1. YES,2. NO,2,3,,1. YES,0,0,0,0,0,0,1,1,1,1,1,1,1,1,1,1,0,0,0,0,1. INADEQUATE HOUSEHOLD FOOD STOCKS DUE TO DROUGHT/ POOR RAINS,4. INADEQUATE HOUSEHOLD FOOD STOCKS DUE TO LACK OF FARM INPUTS,6. UNABLE TO REACH THE MARKET DUE TO HIGH TRANSPORTATION COSTS,
2. North East,5. Bauchi,513. KIRFI,2. RURAL,348,50060,5,1. YES,1. YES,1. YES,1. YES,1. YES,1. YES,1. YES,2. NO,1. YES,2. NO,3,4,5,1. YES,0,0,0,0,0,0,0,0,1,1,1,1,1,1,1,1,0,0,0,0,1. INADEQUATE HOUSEHOLD FOOD STOCKS DUE TO DROUGHT/ POOR RAINS,4. INADEQUATE HOUSEHOLD FOOD STOCKS DUE TO LACK OF FARM INPUTS,6. UNABLE TO REACH THE MARKET DUE TO HIGH TRANSPORTATION COSTS,
2. North East,5. Bauchi,509. GUNJUWA,2. RURAL,984,50091,1,2. NO,1. YES,1. YES,2. NO,2. NO,2. NO,2. NO,2. NO,2. NO,2. NO,3,5,4,2. NO,,,,,,,,,,,,,,,,,,,,,,,,
2. North East,5. Bauchi,509. GUNJUWA,2. RURAL,984,50092,1,1. YES,1. YES,1. YES,2. NO,1. YES,2. NO,2. NO,2. NO,2. NO,2. NO,3,4,5,2. NO,,,,,,,,,,,,,,,,,,,,,,,,
2. North East,5. Bauchi,509. GUNJUWA,2. RURAL,984,50093,3,1. YES,1. YES,1. YES,2. NO,1. YES,1. YES,2. NO,2. NO,2. NO,1. YES,3,4,4,2. NO,,,,,,,,,,,,,,,,,,,,,,,,
2. North East,5. Bauchi,509. GUNJUWA,2. RURAL,984,50094,1,1. YES,1. YES,1. YES,2. NO,1. YES,1. YES,2. NO,2. NO,2. NO,2. NO,3,,,1. YES,0,0,0,1,1,0,0,0,0,0,0,1,1,1,0,0,0,0,0,0,4. INADEQUATE HOUSEHOLD FOOD STOCKS DUE TO LACK OF FARM INPUTS,5. FOOD IN THE MARKET WAS VERY EXPENSIVE,12. LACK OF MONEY,
2. North East,5. Bauchi,509. GUNJUWA,2. RURAL,984,50095,1,1. YES,1. YES,1. YES,2. NO,1. YES,2. NO,1. YES,2. NO,2. NO,1. YES,3,,5,2. NO,,,,,,,,,,,,,,,,,,,,,,,,
2. North East,5. Bauchi,509. GUNJUWA,2. RURAL,984,50096,4,1. YES,1. YES,1. YES,1. YES,1. YES,1. YES,2. NO,2. NO,2. NO,2. NO,3,,,2. NO,,,,,,,,,,,,,,,,,,,,,,,,
2. North East,5. Bauchi,509. GUNJUWA,2. RURAL,984,50097,5,1. YES,1. YES,1. YES,2. NO,1. YES,2. NO,2. NO,2. NO,2. NO,2. NO,3,4,4,1. YES,0,0,0,0,0,0,0,0,0,1,1,1,1,0,0,0,0,0,0,0,4. INADEQUATE HOUSEHOLD FOOD STOCKS DUE TO LACK OF FARM INPUTS,5. FOOD IN THE MARKET WAS VERY EXPENSIVE,,
2. North East,5. Bauchi,509. GUNJUWA,2. RURAL,984,50098,4,1. YES,1. YES,1. YES,1. YES,1. YES,1. YES,1. YES,2. NO,2. NO,1. YES,3,5,,2. NO,,,,,,,,,,,,,,,,,,,,,,,,
2. North East,5. Bauchi,509. GUNJUWA,2. RURAL,984,50099,1,1. YES,1. YES,1. YES,2. NO,1. YES,1. YES,2. NO,2. NO,2. NO,2. NO,3,4,4,2. NO,,,,,,,,,,,,,,,,,,,,,,,,
2. North East,5. Bauchi,509. GUNJUWA,2. RURAL,984,50100,1,1. YES,1. YES,1. YES,1. YES,1. YES,2. NO,2. NO,2. NO,2. NO,2. NO,3,4,,1. YES,0,0,0,0,0,0,0,0,0,0,0,1,1,1,0,0,0,0,0,0,4. INADEQUATE HOUSEHOLD FOOD STOCKS DUE TO LACK OF FARM INPUTS,12. LACK OF MONEY,5. FOOD IN THE MARKET WAS VERY EXPENSIVE,
2. North East,5. Bauchi,518. TORO,2. RURAL,1588,50131,1,1. YES,1. YES,1. YES,2. NO,1. YES,2. NO,2. NO,2. NO,2. NO,2. NO,3,4,6,2. NO,,,,,,,,,,,,,,,,,,,,,,,,
2. North East,5. Bauchi,518. TORO,2. RURAL,1588,50132,1,1. YES,1. YES,1. YES,1. YES,1. YES,2. NO,2. NO,2. NO,2. NO,2. NO,3,4,,2. NO,,,,,,,,,,,,,,,,,,,,,,,,
2. North East,5. Bauchi,518. TORO,2. RURAL,1588,50133,1,1. YES,1. YES,1. YES,1. YES,2. NO,2. NO,2. NO,2. NO,2. NO,2. NO,3,4,,2. NO,,,,,,,,,,,,,,,,,,,,,,,,
2. North East,5. Bauchi,518. TORO,2. RURAL,1588,50134,101,1. YES,1. YES,1. YES,1. YES,1. YES,2. NO,2. NO,2. NO,2. NO,2. NO,3,4,,2. NO,,,,,,,,,,,,,,,,,,,,,,,,
2. North East,5. Bauchi,518. TORO,2. RURAL,1588,50135,1,1. YES,1. YES,1. YES,1. YES,1. YES,2. NO,2. NO,2. NO,2. NO,2. NO,3,5,5,2. NO,,,,,,,,,,,,,,,,,,,,,,,,
2. North East,5. Bauchi,518. TORO,2. RURAL,1588,50136,1,2. NO,1. YES,1. YES,2. NO,1. YES,2. NO,2. NO,2. NO,1. YES,2. NO,3,3,4,2. NO,,,,,,,,,,,,,,,,,,,,,,,,
2. North East,5. Bauchi,518. TORO,2. RURAL,1588,50137,3,1. YES,1. YES,1. YES,1. YES,1. YES,2. NO,2. NO,2. NO,2. NO,2. NO,3,4,,2. NO,,,,,,,,,,,,,,,,,,,,,,,,
2. North East,5. Bauchi,518. TORO,2. RURAL,1588,50138,1,1. YES,1. YES,1. YES,1. YES,1. YES,2. NO,2. NO,2. NO,2. NO,2. NO,3,4,6,2. NO,,,,,,,,,,,,,,,,,,,,,,,,
2. North East,5. Bauchi,518. TORO,2. RURAL,1588,50139,1,2. NO,1. YES,1. YES,2. NO,2. NO,2. NO,2. NO,2. NO,2. NO,2. NO,3,5,,2. NO,,,,,,,,,,,,,,,,,,,,,,,,
1. North Central,31. Plateau,3105. JOS NORTH,1. URBAN,0,50140,1,1. YES,1. YES,1. YES,1. YES,1. YES,1. YES,1. YES,1. YES,1. YES,1. YES,2,2,3,1. YES,0,0,0,0,0,0,0,0,0,0,0,1,0,0,0,0,0,0,0,0,4. INADEQUATE HOUSEHOLD FOOD STOCKS DUE TO LACK OF FARM INPUTS,1. INADEQUATE HOUSEHOLD FOOD STOCKS DUE TO DROUGHT/ POOR RAINS,,
2. North East,5. Bauchi,518. TORO,2. RURAL,1304,50151,5101,1. YES,1. YES,1. YES,1. YES,1. YES,1. YES,2. NO,2. NO,1. YES,1. YES,3,3,4,1. YES,0,0,0,0,0,0,1,1,1,1,1,1,1,1,1,1,0,0,0,0,4. INADEQUATE HOUSEHOLD FOOD STOCKS DUE TO LACK OF FARM INPUTS,5. FOOD IN THE MARKET WAS VERY EXPENSIVE,12. LACK OF MONEY,
2. North East,5. Bauchi,518. TORO,2. RURAL,1304,50152,1,1. YES,1. YES,1. YES,2. NO,1. YES,1. YES,1. YES,2. NO,1. YES,1. YES,3,5,5,1. YES,0,0,0,1,1,0,0,0,0,0,0,0,0,0,1,0,0,0,0,0,4. INADEQUATE HOUSEHOLD FOOD STOCKS DUE TO LACK OF FARM INPUTS,5. FOOD IN THE MARKET WAS VERY EXPENSIVE,12. LACK OF MONEY,
2. North East,5. Bauchi,518. TORO,2. RURAL,1304,50153,1,1. YES,1. YES,1. YES,1. YES,1. YES,1. YES,1. YES,1. YES,2. NO,2. NO,3,5,,1. YES,0,0,0,0,0,0,0,0,0,1,1,1,1,1,1,0,0,0,0,0,2. INADEQUATE HOUSEHOLD FOOD STOCKS DUE TO CROP PEST DAMAGE,4. INADEQUATE HOUSEHOLD FOOD STOCKS DUE TO LACK OF FARM INPUTS,5. FOOD IN THE MARKET WAS VERY EXPENSIVE,
2. North East,5. Bauchi,518. TORO,2. RURAL,1304,50154,5,1. YES,1. YES,1. YES,1. YES,1. YES,1. YES,1. YES,2. NO,1. YES,2. NO,3,3,4,1. YES,1,0,0,0,0,0,0,0,0,0,0,0,0,0,0,0,0,0,0,0,1. INADEQUATE HOUSEHOLD FOOD STOCKS DUE TO DROUGHT/ POOR RAINS,5. FOOD IN THE MARKET WAS VERY EXPENSIVE,12. LACK OF MONEY,
2. North East,5. Bauchi,518. TORO,2. RURAL,1304,50155,1,1. YES,1. YES,1. YES,1. YES,1. YES,1. YES,2. NO,2. NO,2. NO,2. NO,3,4,,2. NO,,,,,,,,,,,,,,,,,,,,,,,,
2. North East,5. Bauchi,518. TORO,2. RURAL,1304,50156,1,1. YES,1. YES,1. YES,2. NO,1. YES,1. YES,2. NO,2. NO,2. NO,1. YES,3,,,1. YES,0,0,0,0,0,1,0,0,0,0,1,1,0,0,0,0,0,0,0,0,5. FOOD IN THE MARKET WAS VERY EXPENSIVE,12. LACK OF MONEY,,
2. North East,5. Bauchi,518. TORO,2. RURAL,1304,50157,1,1. YES,1. YES,1. YES,2. NO,1. YES,1. YES,1. YES,2. NO,2. NO,2. NO,3,5,5,2. NO,,,,,,,,,,,,,,,,,,,,,,,,
2. North East,5. Bauchi,518. TORO,2. RURAL,1304,50158,1,1. YES,1. YES,1. YES,1. YES,1. YES,2. NO,2. NO,2. NO,2. NO,2. NO,3,4,,2. NO,,,,,,,,,,,,,,,,,,,,,,,,
2. North East,5. Bauchi,518. TORO,2. RURAL,1304,50159,1,2. NO,1. YES,1. YES,2. NO,1. YES,2. NO,2. NO,2. NO,1. YES,2. NO,3,4,5,2. NO,,,,,,,,,,,,,,,,,,,,,,,,
2. North East,5. Bauchi,518. TORO,2. RURAL,1304,50160,1,1. YES,1. YES,1. YES,1. YES,1. YES,2. NO,2. NO,2. NO,2. NO,2. NO,3,,,2. NO,,,,,,,,,,,,,,,,,,,,,,,,
2. North East,5. Bauchi,520. ZAKI,2. RURAL,1756,50161,1,2. NO,2. NO,2. NO,2. NO,2. NO,2. NO,2. NO,2. NO,2. NO,2. NO,3,4,4,2. NO,,,,,,,,,,,,,,,,,,,,,,,,
2. North East,5. Bauchi,520. ZAKI,2. RURAL,1756,50162,1,2. NO,2. NO,2. NO,2. NO,2. NO,2. NO,2. NO,2. NO,2. NO,2. NO,2,3,4,2. NO,,,,,,,,,,,,,,,,,,,,,,,,
2. North East,5. Bauchi,520. ZAKI,2. RURAL,1756,50163,1,2. NO,2. NO,2. NO,2. NO,2. NO,2. NO,2. NO,2. NO,2. NO,2. NO,3,,,2. NO,,,,,,,,,,,,,,,,,,,,,,,,
2. North East,5. Bauchi,520. ZAKI,2. RURAL,1756,50164,1,1. YES,2. NO,2. NO,2. NO,1. YES,1. YES,2. NO,2. NO,2. NO,2. NO,3,4,5,2. NO,,,,,,,,,,,,,,,,,,,,,,,,
2. North East,5. Bauchi,520. ZAKI,2. RURAL,1756,50165,2,2. NO,2. NO,2. NO,2. NO,2. NO,2. NO,2. NO,2. NO,2. NO,2. NO,4,,,2. NO,,,,,,,,,,,,,,,,,,,,,,,,
2. North East,5. Bauchi,520. ZAKI,2. RURAL,1756,50166,1,2. NO,2. NO,2. NO,2. NO,2. NO,2. NO,2. NO,2. NO,2. NO,2. NO,3,4,6,2. NO,,,,,,,,,,,,,,,,,,,,,,,,
2. North East,5. Bauchi,520. ZAKI,2. RURAL,1756,50167,1,2. NO,2. NO,2. NO,2. NO,2. NO,2. NO,2. NO,2. NO,2. NO,2. NO,3,3,4,2. NO,,,,,,,,,,,,,,,,,,,,,,,,
2. North East,5. Bauchi,520. ZAKI,2. RURAL,1756,50168,1,2. NO,2. NO,2. NO,2. NO,2. NO,2. NO,2. NO,2. NO,2. NO,2. NO,3,3,4,2. NO,,,,,,,,,,,,,,,,,,,,,,,,
2. North East,5. Bauchi,520. ZAKI,2. RURAL,1756,50169,1,2. NO,2. NO,2. NO,2. NO,2. NO,2. NO,2. NO,2. NO,2. NO,2. NO,3,4,5,2. NO,,,,,,,,,,,,,,,,,,,,,,,,
2. North East,5. Bauchi,520. ZAKI,2. RURAL,1756,50170,1,2. NO,2. NO,2. NO,2. NO,2. NO,2. NO,2. NO,2. NO,2. NO,2. NO,3,3,4,2. NO,,,,,,,,,,,,,,,,,,,,,,,,
2. North East,5. Bauchi,502. BAUCHI,1. URBAN,562,59002,1,1. YES,2. NO,1. YES,2. NO,2. NO,1. YES,2. NO,2. NO,2. NO,2. NO,3,,,2. NO,,,,,,,,,,,,,,,,,,,,,,,,
2. North East,5. Bauchi,502. BAUCHI,1. URBAN,562,59003,202,1. YES,1. YES,1. YES,1. YES,1. YES,1. YES,1. YES,1. YES,1. YES,1. YES,2,,,1. YES,0,0,0,0,1,0,0,0,0,0,0,0,0,1,1,1,0,0,0,0,1. INADEQUATE HOUSEHOLD FOOD STOCKS DUE TO DROUGHT/ POOR RAINS,,,
2. North East,5. Bauchi,502. BAUCHI,1. URBAN,562,59004,2,2. NO,2. NO,1. YES,2. NO,2. NO,2. NO,2. NO,2. NO,2. NO,2. NO,2,2,3,2. NO,,,,,,,,,,,,,,,,,,,,,,,,
2. North East,5. Bauchi,502. BAUCHI,1. URBAN,562,59005,10,1. YES,1. YES,1. YES,2. NO,1. YES,2. NO,2. NO,2. NO,2. NO,2. NO,3,,4,2. NO,,,,,,,,,,,,,,,,,,,,,,,,
2. North East,5. Bauchi,502. BAUCHI,1. URBAN,562,59006,1,2. NO,2. NO,2. NO,2. NO,2. NO,2. NO,2. NO,2. NO,2. NO,2. NO,3,3,,2. NO,,,,,,,,,,,,,,,,,,,,,,,,
2. North East,5. Bauchi,502. BAUCHI,1. URBAN,562,59007,1,2. NO,2. NO,2. NO,2. NO,2. NO,2. NO,2. NO,2. NO,2. NO,2. NO,3,,,2. NO,,,,,,,,,,,,,,,,,,,,,,,,
2. North East,5. Bauchi,502. BAUCHI,1. URBAN,562,59009,1,2. NO,2. NO,2. NO,2. NO,2. NO,2. NO,2. NO,2. NO,2. NO,2. NO,3,4,,2. NO,,,,,,,,,,,,,,,,,,,,,,,,
2. North East,5. Bauchi,502. BAUCHI,1. URBAN,562,59010,1,1. YES,1. YES,1. YES,2. NO,1. YES,1. YES,2. NO,2. NO,2. NO,2. NO,3,4,,2. NO,,,,,,,,,,,,,,,,,,,,,,,,
2. North East,5. Bauchi,502. BAUCHI,1. URBAN,562,59011,1,1. YES,2. NO,2. NO,2. NO,2. NO,2. NO,2. NO,2. NO,2. NO,2. NO,3,,,2. NO,,,,,,,,,,,,,,,,,,,,,,,,
2. North East,5. Bauchi,502. BAUCHI,1. URBAN,562,59012,1,1. YES,1. YES,1. YES,1. YES,1. YES,2. NO,2. NO,2. NO,2. NO,2. NO,3,,5,1. YES,0,0,0,0,0,0,0,0,0,0,0,1,1,1,1,0,0,0,0,0,3. INADEQUATE HOUSEHOLD FOOD STOCKS DUE TO SMALL LAND SIZE,4. INADEQUATE HOUSEHOLD FOOD STOCKS DUE TO LACK OF FARM INPUTS,12. LACK OF MONEY,
3. North West,18. Kaduna,1807. JEMA A,2. RURAL,0,59013,1,1. YES,1. YES,2. NO,2. NO,2. NO,2. NO,2. NO,2. NO,2. NO,2. NO,1,2,2,2. NO,,,,,,,,,,,,,,,,,,,,,,,,
2. North East,5. Bauchi,503. BOGORO,2. RURAL,246,59014,2,1. YES,1. YES,1. YES,2. NO,2. NO,1. YES,2. NO,2. NO,2. NO,2. NO,3,4,,2. NO,,,,,,,,,,,,,,,,,,,,,,,,
2. North East,5. Bauchi,503. BOGORO,2. RURAL,246,59015,1,2. NO,2. NO,1. YES,2. NO,1. YES,2. NO,2. NO,2. NO,2. NO,2. NO,3,,,2. NO,,,,,,,,,,,,,,,,,,,,,,,,
2. North East,5. Bauchi,503. BOGORO,2. RURAL,246,59016,2,2. NO,2. NO,2. NO,2. NO,2. NO,2. NO,2. NO,2. NO,2. NO,2. NO,3,5,5,2. NO,,,,,,,,,,,,,,,,,,,,,,,,
2. North East,5. Bauchi,503. BOGORO,2. RURAL,246,59017,2,1. YES,1. YES,1. YES,1. YES,1. YES,1. YES,2. NO,2. NO,2. NO,2. NO,3,4,,1. YES,0,0,0,1,0,0,0,0,0,0,0,0,1,1,0,0,0,0,0,0,4. INADEQUATE HOUSEHOLD FOOD STOCKS DUE TO LACK OF FARM INPUTS,5. FOOD IN THE MARKET WAS VERY EXPENSIVE,12. LACK OF MONEY,
2. North East,5. Bauchi,503. BOGORO,2. RURAL,246,59018,1,1. YES,1. YES,1. YES,2. NO,1. YES,1. YES,2. NO,2. NO,2. NO,2. NO,3,4,6,2. NO,,,,,,,,,,,,,,,,,,,,,,,,
2. North East,5. Bauchi,503. BOGORO,2. RURAL,246,59021,2,1. YES,1. YES,1. YES,2. NO,1. YES,1. YES,2. NO,2. NO,2. NO,2. NO,3,4,6,2. NO,,,,,,,,,,,,,,,,,,,,,,,,
2. North East,5. Bauchi,503. BOGORO,2. RURAL,246,59022,9,1. YES,1. YES,2. NO,1. YES,2. NO,1. YES,1. YES,2. NO,2. NO,1. YES,3,3,,1. YES,0,0,0,1,1,0,0,0,0,0,0,0,0,0,0,0,0,0,0,0,3. INADEQUATE HOUSEHOLD FOOD STOCKS DUE TO SMALL LAND SIZE,,,
2. North East,5. Bauchi,503. BOGORO,2. RURAL,246,59023,1,2. NO,2. NO,1. YES,2. NO,2. NO,1. YES,2. NO,2. NO,2. NO,2. NO,3,4,5,2. NO,,,,,,,,,,,,,,,,,,,,,,,,
2. North East,5. Bauchi,503. BOGORO,2. RURAL,246,59024,2,1. YES,1. YES,1. YES,1. YES,1. YES,2. NO,2. NO,2. NO,2. NO,2. NO,3,,,2. NO,,,,,,,,,,,,,,,,,,,,,,,,
2. North East,5. Bauchi,504. DAMBAM,2. RURAL,406,59025,1,1. YES,1. YES,1. YES,2. NO,1. YES,2. NO,2. NO,2. NO,2. NO,2. NO,3,3,4,2. NO,,,,,,,,,,,,,,,,,,,,,,,,
2. North East,5. Bauchi,504. DAMBAM,2. RURAL,406,59026,1,2. NO,2. NO,2. NO,2. NO,2. NO,2. NO,2. NO,2. NO,2. NO,2. NO,3,3,4,2. NO,,,,,,,,,,,,,,,,,,,,,,,,
2. North East,5. Bauchi,504. DAMBAM,2. RURAL,406,59027,1,1. YES,1. YES,1. YES,1. YES,1. YES,1. YES,2. NO,2. NO,2. NO,1. YES,3,3,4,1. YES,0,0,0,1,1,0,0,0,0,0,1,1,0,0,0,0,0,0,0,0,12. LACK OF MONEY,,,
2. North East,5. Bauchi,504. DAMBAM,2. RURAL,406,59028,1,2. NO,1. YES,1. YES,2. NO,1. YES,2. NO,2. NO,2. NO,2. NO,1. YES,3,3,4,1. YES,0,0,0,1,1,0,0,0,0,0,1,1,0,0,0,0,0,0,0,0,12. LACK OF MONEY,,,
2. North East,5. Bauchi,504. DAMBAM,2. RURAL,406,59030,1,1. YES,1. YES,1. YES,2. NO,1. YES,1. YES,2. NO,2. NO,1. YES,2. NO,3,4,5,1. YES,0,0,0,1,1,0,0,0,0,0,0,0,1,1,1,0,0,0,0,0,4. INADEQUATE HOUSEHOLD FOOD STOCKS DUE TO LACK OF FARM INPUTS,5. FOOD IN THE MARKET WAS VERY EXPENSIVE,,
2. North East,5. Bauchi,504. DAMBAM,2. RURAL,406,59031,3,1. YES,1. YES,1. YES,2. NO,2. NO,1. YES,2. NO,2. NO,2. NO,2. NO,3,4,5,1. YES,0,0,0,1,1,0,0,0,0,0,0,0,1,1,1,0,0,0,0,0,4. INADEQUATE HOUSEHOLD FOOD STOCKS DUE TO LACK OF FARM INPUTS,12. LACK OF MONEY,,
2. North East,5. Bauchi,504. DAMBAM,2. RURAL,406,59032,1,2. NO,2. NO,2. NO,2. NO,2. NO,2. NO,2. NO,2. NO,2. NO,2. NO,3,3,4,2. NO,,,,,,,,,,,,,,,,,,,,,,,,
2. North East,5. Bauchi,504. DAMBAM,2. RURAL,406,59034,1,2. NO,2. NO,2. NO,2. NO,2. NO,2. NO,2. NO,2. NO,2. NO,2. NO,3,3,4,2. NO,,,,,,,,,,,,,,,,,,,,,,,,
2. North East,5. Bauchi,504. DAMBAM,2. RURAL,406,59035,1,1. YES,1. YES,1. YES,2. NO,1. YES,1. YES,2. NO,2. NO,1. YES,2. NO,3,4,5,1. YES,0,0,0,1,1,0,0,0,0,0,0,0,1,1,1,0,0,0,0,0,1. INADEQUATE HOUSEHOLD FOOD STOCKS DUE TO DROUGHT/ POOR RAINS,4. INADEQUATE HOUSEHOLD FOOD STOCKS DUE TO LACK OF FARM INPUTS,,
2. North East,5. Bauchi,504. DAMBAM,2. RURAL,406,59036,1,2. NO,2. NO,2. NO,2. NO,2. NO,2. NO,2. NO,2. NO,2. NO,2. NO,3,3,,2. NO,,,,,,,,,,,,,,,,,,,,,,,,
2. North East,5. Bauchi,504. DAMBAM,2. RURAL,1162,59037,1,1. YES,1. YES,1. YES,1. YES,1. YES,1. YES,2. NO,2. NO,1. YES,2. NO,3,4,5,1. YES,0,0,0,1,0,0,0,0,0,0,0,0,0,1,1,0,0,0,0,0,4. INADEQUATE HOUSEHOLD FOOD STOCKS DUE TO LACK OF FARM INPUTS,5. FOOD IN THE MARKET WAS VERY EXPENSIVE,,
2. North East,5. Bauchi,504. DAMBAM,2. RURAL,1162,59039,1,2. NO,2. NO,2. NO,2. NO,2. NO,2. NO,2. NO,2. NO,2. NO,2. NO,3,3,4,2. NO,,,,,,,,,,,,,,,,,,,,,,,,
2. North East,5. Bauchi,504. DAMBAM,2. RURAL,1162,59040,1,1. YES,1. YES,1. YES,2. NO,1. YES,1. YES,2. NO,2. NO,2. NO,2. NO,3,,5,1. YES,0,0,0,1,0,0,0,0,0,0,0,0,0,1,1,0,0,0,0,0,4. INADEQUATE HOUSEHOLD FOOD STOCKS DUE TO LACK OF FARM INPUTS,12. LACK OF MONEY,,
2. North East,5. Bauchi,504. DAMBAM,2. RURAL,1162,59041,1,2. NO,2. NO,2. NO,2. NO,2. NO,2. NO,2. NO,2. NO,2. NO,2. NO,3,3,4,1. YES,0,0,0,1,1,0,0,0,0,0,1,1,1,0,0,0,0,0,0,0,12. LACK OF MONEY,,,
2. North East,5. Bauchi,504. DAMBAM,2. RURAL,1162,59042,1,2. NO,2. NO,2. NO,2. NO,2. NO,2. NO,2. NO,2. NO,2. NO,2. NO,3,3,,2. NO,,,,,,,,,,,,,,,,,,,,,,,,
2. North East,5. Bauchi,504. DAMBAM,2. RURAL,1162,59043,1,1. YES,1. YES,1. YES,2. NO,1. YES,1. YES,2. NO,2. NO,2. NO,2. NO,3,4,5,1. YES,0,0,0,1,0,0,0,0,0,0,0,0,1,1,1,0,0,0,0,0,4. INADEQUATE HOUSEHOLD FOOD STOCKS DUE TO LACK OF FARM INPUTS,5. FOOD IN THE MARKET WAS VERY EXPENSIVE,,
2. North East,5. Bauchi,504. DAMBAM,2. RURAL,1162,59044,2,1. YES,1. YES,1. YES,2. NO,1. YES,2. NO,2. NO,2. NO,2. NO,2. NO,3,4,5,1. YES,0,0,0,1,0,0,0,0,0,0,0,0,0,1,1,0,0,0,0,0,4. INADEQUATE HOUSEHOLD FOOD STOCKS DUE TO LACK OF FARM INPUTS,5. FOOD IN THE MARKET WAS VERY EXPENSIVE,,
2. North East,5. Bauchi,504. DAMBAM,2. RURAL,1162,59046,1,1. YES,1. YES,1. YES,2. NO,2. NO,2. NO,2. NO,2. NO,2. NO,1. YES,3,,4,1. YES,0,0,0,1,1,0,0,0,0,0,1,1,0,0,0,0,0,0,0,0,12. LACK OF MONEY,,,
2. North East,5. Bauchi,504. DAMBAM,2. RURAL,1162,59047,1,2. NO,2. NO,2. NO,2. NO,2. NO,2. NO,2. NO,2. NO,2. NO,2. NO,3,3,4,2. NO,,,,,,,,,,,,,,,,,,,,,,,,
2. North East,5. Bauchi,504. DAMBAM,2. RURAL,1162,59048,1,1. YES,1. YES,1. YES,2. NO,1. YES,1. YES,2. NO,2. NO,1. YES,1. YES,3,,,1. YES,0,0,0,1,1,0,0,0,0,0,1,1,0,0,0,0,0,0,0,0,12. LACK OF MONEY,,,
2. North East,5. Bauchi,505. DARAZO,2. RURAL,1292,59049,1,2. NO,2. NO,2. NO,2. NO,2. NO,2. NO,2. NO,2. NO,2. NO,2. NO,3,3,4,2. NO,,,,,,,,,,,,,,,,,,,,,,,,
2. North East,5. Bauchi,505. DARAZO,2. RURAL,1292,59050,1,2. NO,2. NO,2. NO,2. NO,2. NO,2. NO,2. NO,2. NO,2. NO,2. NO,2,2,,2. NO,,,,,,,,,,,,,,,,,,,,,,,,
2. North East,5. Bauchi,505. DARAZO,2. RURAL,1292,59052,1,2. NO,2. NO,2. NO,2. NO,2. NO,2. NO,2. NO,2. NO,2. NO,2. NO,2,2,,2. NO,,,,,,,,,,,,,,,,,,,,,,,,
2. North East,5. Bauchi,505. DARAZO,2. RURAL,1292,59053,101,1. YES,1. YES,1. YES,2. NO,1. YES,1. YES,2. NO,2. NO,2. NO,2. NO,3,4,5,1. YES,0,0,0,1,1,0,0,0,0,0,1,0,0,0,0,0,0,0,0,0,4. INADEQUATE HOUSEHOLD FOOD STOCKS DUE TO LACK OF FARM INPUTS,12. LACK OF MONEY,,
2. North East,5. Bauchi,505. DARAZO,2. RURAL,1292,59054,1,1. YES,1. YES,1. YES,2. NO,1. YES,1. YES,2. NO,2. NO,2. NO,1. YES,3,3,4,1. YES,0,0,0,1,1,0,0,0,0,0,1,1,0,0,0,0,0,0,0,0,12. LACK OF MONEY,,,
2. North East,5. Bauchi,505. DARAZO,2. RURAL,1292,59056,2,2. NO,2. NO,2. NO,2. NO,2. NO,2. NO,2. NO,2. NO,2. NO,2. NO,2,,,2. NO,,,,,,,,,,,,,,,,,,,,,,,,
2. North East,5. Bauchi,505. DARAZO,2. RURAL,1292,59057,1,1. YES,1. YES,1. YES,2. NO,1. YES,1. YES,2. NO,2. NO,2. NO,2. NO,3,4,5,1. YES,0,0,0,1,0,1,0,0,0,0,1,1,0,0,0,0,0,0,0,0,4. INADEQUATE HOUSEHOLD FOOD STOCKS DUE TO LACK OF FARM INPUTS,12. LACK OF MONEY,,
2. North East,5. Bauchi,505. DARAZO,2. RURAL,1292,59058,1,2. NO,2. NO,2. NO,2. NO,2. NO,2. NO,2. NO,2. NO,2. NO,2. NO,2,2,3,2. NO,,,,,,,,,,,,,,,,,,,,,,,,
2. North East,5. Bauchi,505. DARAZO,2. RURAL,1292,59059,1,1. YES,1. YES,1. YES,2. NO,1. YES,1. YES,2. NO,2. NO,2. NO,2. NO,3,4,5,1. YES,0,0,0,1,1,0,0,0,0,0,1,0,0,0,0,0,0,0,0,0,4. INADEQUATE HOUSEHOLD FOOD STOCKS DUE TO LACK OF FARM INPUTS,5. FOOD IN THE MARKET WAS VERY EXPENSIVE,,
2. North East,5. Bauchi,505. DARAZO,2. RURAL,1292,59060,1,2. NO,2. NO,2. NO,2. NO,2. NO,2. NO,2. NO,2. NO,2. NO,2. NO,3,3,4,2. NO,,,,,,,,,,,,,,,,,,,,,,,,
2. North East,5. Bauchi,505. DARAZO,2. RURAL,1716,59062,1,1. YES,1. YES,1. YES,2. NO,1. YES,1. YES,2. NO,2. NO,2. NO,2. NO,3,4,5,1. YES,0,0,0,1,0,1,0,0,0,0,1,0,0,0,0,0,0,0,0,0,4. INADEQUATE HOUSEHOLD FOOD STOCKS DUE TO LACK OF FARM INPUTS,3. INADEQUATE HOUSEHOLD FOOD STOCKS DUE TO SMALL LAND SIZE,12. LACK OF MONEY,
2. North East,5. Bauchi,505. DARAZO,2. RURAL,1716,59063,1,1. YES,1. YES,1. YES,2. NO,1. YES,1. YES,2. NO,2. NO,2. NO,2. NO,3,4,5,1. YES,0,0,0,1,1,0,0,0,0,0,1,1,0,0,0,0,0,0,0,0,4. INADEQUATE HOUSEHOLD FOOD STOCKS DUE TO LACK OF FARM INPUTS,5. FOOD IN THE MARKET WAS VERY EXPENSIVE,,
2. North East,5. Bauchi,505. DARAZO,2. RURAL,1716,59064,1301,1. YES,1. YES,1. YES,1. YES,1. YES,1. YES,2. NO,2. NO,2. NO,2. NO,3,4,5,1. YES,0,0,0,1,0,1,0,0,0,0,1,0,0,0,0,0,0,0,0,0,4. INADEQUATE HOUSEHOLD FOOD STOCKS DUE TO LACK OF FARM INPUTS,12. LACK OF MONEY,,
2. North East,5. Bauchi,505. DARAZO,2. RURAL,1716,59066,1,2. NO,2. NO,2. NO,2. NO,2. NO,2. NO,2. NO,2. NO,2. NO,2. NO,3,3,4,2. NO,,,,,,,,,,,,,,,,,,,,,,,,
2. North East,5. Bauchi,505. DARAZO,2. RURAL,1716,59067,1,2. NO,2. NO,2. NO,2. NO,2. NO,2. NO,2. NO,2. NO,2. NO,2. NO,3,,,2. NO,,,,,,,,,,,,,,,,,,,,,,,,
2. North East,5. Bauchi,505. DARAZO,2. RURAL,1716,59068,1,2. NO,2. NO,2. NO,2. NO,2. NO,2. NO,2. NO,2. NO,2. NO,2. NO,3,3,,2. NO,,,,,,,,,,,,,,,,,,,,,,,,
2. North East,5. Bauchi,505. DARAZO,2. RURAL,1716,59069,1,2. NO,2. NO,2. NO,2. NO,2. NO,2. NO,2. NO,2. NO,2. NO,2. NO,2,2,3,2. NO,,,,,,,,,,,,,,,,,,,,,,,,
2. North East,5. Bauchi,505. DARAZO,2. RURAL,1716,59070,1,2. NO,2. NO,2. NO,2. NO,2. NO,2. NO,2. NO,2. NO,2. NO,2. NO,2,2,3,2. NO,,,,,,,,,,,,,,,,,,,,,,,,
2. North East,5. Bauchi,505. DARAZO,2. RURAL,1716,59071,1,2. NO,2. NO,2. NO,2. NO,2. NO,2. NO,2. NO,2. NO,2. NO,2. NO,2,2,,2. NO,,,,,,,,,,,,,,,,,,,,,,,,
2. North East,5. Bauchi,505. DARAZO,2. RURAL,1716,59072,1,2. NO,2. NO,2. NO,2. NO,2. NO,2. NO,2. NO,2. NO,2. NO,2. NO,3,3,,2. NO,,,,,,,,,,,,,,,,,,,,,,,,
2. North East,5. Bauchi,506. DASS,2. RURAL,696,59073,1,1. YES,1. YES,1. YES,1. YES,1. YES,2. NO,2. NO,2. NO,1. YES,2. NO,3,5,5,1. YES,0,0,0,1,1,0,0,0,0,0,0,0,0,0,0,0,0,0,0,0,2. INADEQUATE HOUSEHOLD FOOD STOCKS DUE TO CROP PEST DAMAGE,,,
2. North East,5. Bauchi,506. DASS,2. RURAL,696,59075,2,1. YES,1. YES,1. YES,1. YES,1. YES,1. YES,1. YES,2. NO,1. YES,2. NO,3,3,5,1. YES,0,0,0,0,0,0,1,1,1,1,1,1,1,1,1,1,0,0,0,0,1. INADEQUATE HOUSEHOLD FOOD STOCKS DUE TO DROUGHT/ POOR RAINS,4. INADEQUATE HOUSEHOLD FOOD STOCKS DUE TO LACK OF FARM INPUTS,6. UNABLE TO REACH THE MARKET DUE TO HIGH TRANSPORTATION COSTS,
2. North East,5. Bauchi,506. DASS,2. RURAL,696,59076,1,1. YES,1. YES,1. YES,2. NO,2. NO,1. YES,2. NO,2. NO,2. NO,2. NO,3,5,6,1. YES,0,0,0,1,1,1,0,0,0,0,1,1,1,1,1,1,0,0,0,0,5. FOOD IN THE MARKET WAS VERY EXPENSIVE,4. INADEQUATE HOUSEHOLD FOOD STOCKS DUE TO LACK OF FARM INPUTS,,
2. North East,5. Bauchi,506. DASS,2. RURAL,696,59077,2,1. YES,1. YES,1. YES,2. NO,1. YES,1. YES,1. YES,2. NO,1. YES,2. NO,3,3,5,1. YES,0,0,0,1,1,0,0,0,0,0,0,0,0,0,0,0,0,0,0,0,2. INADEQUATE HOUSEHOLD FOOD STOCKS DUE TO CROP PEST DAMAGE,,,
2. North East,5. Bauchi,506. DASS,2. RURAL,696,59078,1,1. YES,1. YES,1. YES,1. YES,1. YES,2. NO,1. YES,1. YES,1. YES,2. NO,2,3,5,1. YES,0,0,0,0,0,0,0,0,1,1,1,1,1,1,1,1,0,0,0,0,4. INADEQUATE HOUSEHOLD FOOD STOCKS DUE TO LACK OF FARM INPUTS,5. FOOD IN THE MARKET WAS VERY EXPENSIVE,6. UNABLE TO REACH THE MARKET DUE TO HIGH TRANSPORTATION COSTS,
2. North East,5. Bauchi,506. DASS,2. RURAL,696,59079,1,2. NO,2. NO,1. YES,2. NO,1. YES,1. YES,2. NO,2. NO,2. NO,2. NO,3,5,6,2. NO,,,,,,,,,,,,,,,,,,,,,,,,
2. North East,5. Bauchi,506. DASS,2. RURAL,696,59080,1,1. YES,1. YES,1. YES,2. NO,1. YES,2. NO,1. YES,2. NO,1. YES,2. NO,3,3,3,1. YES,0,0,0,1,1,0,0,0,0,0,0,0,0,0,0,0,0,0,0,0,4. INADEQUATE HOUSEHOLD FOOD STOCKS DUE TO LACK OF FARM INPUTS,,,
2. North East,5. Bauchi,506. DASS,2. RURAL,696,59081,2,1. YES,1. YES,1. YES,1. YES,1. YES,2. NO,2. NO,2. NO,1. YES,2. NO,2,3,,1. YES,0,0,0,0,0,0,0,0,0,0,0,1,1,1,1,1,0,0,0,0,5. FOOD IN THE MARKET WAS VERY EXPENSIVE,6. UNABLE TO REACH THE MARKET DUE TO HIGH TRANSPORTATION COSTS,13. LACK OF ACCESS TO MONEY AT THE BANK DUE TO NAIRA REDESIGN,
2. North East,5. Bauchi,506. DASS,2. RURAL,696,59083,11,2. NO,1. YES,1. YES,2. NO,1. YES,2. NO,2. NO,2. NO,2. NO,1. YES,3,,6,1. YES,0,0,0,1,1,1,0,0,0,0,0,0,1,1,1,0,0,0,0,0,4. INADEQUATE HOUSEHOLD FOOD STOCKS DUE TO LACK OF FARM INPUTS,5. FOOD IN THE MARKET WAS VERY EXPENSIVE,12. LACK OF MONEY,
2. North East,5. Bauchi,506. DASS,2. RURAL,696,59084,1,1. YES,1. YES,1. YES,2. NO,2. NO,1. YES,2. NO,2. NO,2. NO,1. YES,3,,,2. NO,,,,,,,,,,,,,,,,,,,,,,,,
2. North East,5. Bauchi,507. GAMAWA,2. RURAL,230,59085,1,2. NO,2. NO,2. NO,2. NO,2. NO,2. NO,2. NO,2. NO,2. NO,2. NO,3,4,,2. NO,,,,,,,,,,,,,,,,,,,,,,,,
2. North East,5. Bauchi,507. GAMAWA,2. RURAL,230,59086,1,2. NO,2. NO,2. NO,2. NO,2. NO,2. NO,2. NO,2. NO,2. NO,2. NO,3,3,4,2. NO,,,,,,,,,,,,,,,,,,,,,,,,
2. North East,5. Bauchi,507. GAMAWA,2. RURAL,230,59087,1,1. YES,1. YES,1. YES,2. NO,1. YES,1. YES,2. NO,2. NO,2. NO,2. NO,3,4,5,1. YES,1,0,0,0,0,0,0,0,0,0,0,0,0,0,0,0,0,0,0,0,4. INADEQUATE HOUSEHOLD FOOD STOCKS DUE TO LACK OF FARM INPUTS,12. LACK OF MONEY,,
2. North East,5. Bauchi,507. GAMAWA,2. RURAL,230,59088,1,1. YES,1. YES,2. NO,2. NO,2. NO,1. YES,2. NO,2. NO,2. NO,1. YES,3,3,4,2. NO,,,,,,,,,,,,,,,,,,,,,,,,
2. North East,5. Bauchi,507. GAMAWA,2. RURAL,230,59089,1,2. NO,2. NO,2. NO,2. NO,2. NO,2. NO,2. NO,2. NO,2. NO,2. NO,3,,4,2. NO,,,,,,,,,,,,,,,,,,,,,,,,
2. North East,5. Bauchi,507. GAMAWA,2. RURAL,230,59090,1,2. NO,2. NO,2. NO,2. NO,2. NO,2. NO,2. NO,2. NO,2. NO,2. NO,3,,4,2. NO,,,,,,,,,,,,,,,,,,,,,,,,
2. North East,5. Bauchi,507. GAMAWA,2. RURAL,230,59092,1,2. NO,2. NO,1. YES,2. NO,1. YES,1. YES,2. NO,2. NO,2. NO,1. YES,3,3,,2. NO,,,,,,,,,,,,,,,,,,,,,,,,
2. North East,5. Bauchi,507. GAMAWA,2. RURAL,230,59093,1,2. NO,1. YES,1. YES,2. NO,1. YES,2. NO,2. NO,2. NO,2. NO,2. NO,3,4,5,2. NO,,,,,,,,,,,,,,,,,,,,,,,,
2. North East,5. Bauchi,507. GAMAWA,2. RURAL,230,59094,2,1. YES,1. YES,1. YES,1. YES,1. YES,1. YES,2. NO,2. NO,2. NO,2. NO,3,3,,2. NO,,,,,,,,,,,,,,,,,,,,,,,,
2. North East,5. Bauchi,507. GAMAWA,2. RURAL,230,59095,1,2. NO,2. NO,2. NO,2. NO,2. NO,2. NO,2. NO,2. NO,2. NO,2. NO,3,4,5,2. NO,,,,,,,,,,,,,,,,,,,,,,,,
2. North East,5. Bauchi,508. GIADE,2. RURAL,1064,59097,1,2. NO,2. NO,2. NO,2. NO,2. NO,2. NO,2. NO,2. NO,2. NO,2. NO,3,3,4,2. NO,,,,,,,,,,,,,,,,,,,,,,,,
2. North East,5. Bauchi,508. GIADE,2. RURAL,1064,59098,1,2. NO,2. NO,2. NO,2. NO,2. NO,2. NO,2. NO,2. NO,2. NO,2. NO,3,3,4,2. NO,,,,,,,,,,,,,,,,,,,,,,,,
2. North East,5. Bauchi,508. GIADE,2. RURAL,1064,59099,1,1. YES,1. YES,1. YES,1. YES,1. YES,1. YES,1. YES,2. NO,2. NO,1. YES,3,3,4,1. YES,0,0,0,1,0,1,0,0,0,0,1,1,0,0,0,0,0,0,0,0,12. LACK OF MONEY,,,
2. North East,5. Bauchi,508. GIADE,2. RURAL,1064,59101,1,1. YES,1. YES,1. YES,2. NO,1. YES,1. YES,2. NO,2. NO,2. NO,2. NO,3,,4,2. NO,,,,,,,,,,,,,,,,,,,,,,,,
2. North East,5. Bauchi,508. GIADE,2. RURAL,1064,59102,1,1. YES,1. YES,1. YES,2. NO,1. YES,1. YES,2. NO,2. NO,1. YES,2. NO,3,4,5,1. YES,0,0,0,1,0,1,0,0,0,0,1,1,0,0,0,0,0,0,0,0,4. INADEQUATE HOUSEHOLD FOOD STOCKS DUE TO LACK OF FARM INPUTS,12. LACK OF MONEY,,
2. North East,5. Bauchi,508. GIADE,2. RURAL,1064,59103,1,2. NO,2. NO,2. NO,2. NO,2. NO,2. NO,2. NO,2. NO,2. NO,2. NO,3,3,,2. NO,,,,,,,,,,,,,,,,,,,,,,,,
2. North East,5. Bauchi,508. GIADE,2. RURAL,1064,59104,1,1. YES,1. YES,1. YES,1. YES,2. NO,1. YES,1. YES,2. NO,2. NO,1. YES,3,3,4,1. YES,0,0,0,1,0,0,1,0,0,0,1,1,0,0,0,0,0,0,0,0,12. LACK OF MONEY,,,
2. North East,5. Bauchi,508. GIADE,2. RURAL,1064,59105,1,1. YES,1. YES,1. YES,2. NO,1. YES,1. YES,2. NO,2. NO,2. NO,1. YES,3,3,4,2. NO,,,,,,,,,,,,,,,,,,,,,,,,
2. North East,5. Bauchi,508. GIADE,2. RURAL,1064,59106,1,2. NO,2. NO,2. NO,2. NO,2. NO,2. NO,2. NO,2. NO,2. NO,2. NO,3,,,2. NO,,,,,,,,,,,,,,,,,,,,,,,,
2. North East,5. Bauchi,508. GIADE,2. RURAL,1064,59108,1,1. YES,1. YES,1. YES,1. YES,1. YES,2. NO,2. NO,2. NO,2. NO,2. NO,3,4,5,1. YES,0,0,0,1,0,1,0,0,0,0,1,0,0,0,0,0,0,0,0,0,4. INADEQUATE HOUSEHOLD FOOD STOCKS DUE TO LACK OF FARM INPUTS,5. FOOD IN THE MARKET WAS VERY EXPENSIVE,,
2. North East,5. Bauchi,509. GUNJUWA,2. RURAL,2196,59110,1,1. YES,1. YES,1. YES,2. NO,1. YES,1. YES,2. NO,2. NO,2. NO,2. NO,3,4,5,1. YES,0,0,0,0,1,0,0,0,0,0,0,1,1,1,1,1,0,0,0,0,4. INADEQUATE HOUSEHOLD FOOD STOCKS DUE TO LACK OF FARM INPUTS,12. LACK OF MONEY,,
2. North East,5. Bauchi,509. GUNJUWA,2. RURAL,2196,59111,1,2. NO,2. NO,2. NO,2. NO,2. NO,2. NO,2. NO,2. NO,2. NO,2. NO,2,2,3,2. NO,,,,,,,,,,,,,,,,,,,,,,,,
2. North East,5. Bauchi,509. GUNJUWA,2. RURAL,2196,59112,1,1. YES,1. YES,1. YES,2. NO,1. YES,1. YES,2. NO,2. NO,2. NO,1. YES,3,3,4,1. YES,0,0,0,0,1,0,1,0,0,0,1,1,0,0,0,0,0,0,0,0,12. LACK OF MONEY,5. FOOD IN THE MARKET WAS VERY EXPENSIVE,,
2. North East,5. Bauchi,509. GUNJUWA,2. RURAL,2196,59113,1,1. YES,1. YES,1. YES,2. NO,1. YES,1. YES,2. NO,2. NO,2. NO,2. NO,3,4,5,1. YES,0,0,0,0,1,0,0,0,0,0,0,0,0,1,1,1,0,0,0,0,4. INADEQUATE HOUSEHOLD FOOD STOCKS DUE TO LACK OF FARM INPUTS,12. LACK OF MONEY,5. FOOD IN THE MARKET WAS VERY EXPENSIVE,
2. North East,5. Bauchi,509. GUNJUWA,2. RURAL,2196,59115,1,2. NO,2. NO,2. NO,2. NO,2. NO,2. NO,2. NO,2. NO,2. NO,2. NO,2,2,3,2. NO,,,,,,,,,,,,,,,,,,,,,,,,
2. North East,5. Bauchi,509. GUNJUWA,2. RURAL,2196,59116,1,1. YES,1. YES,1. YES,2. NO,1. YES,1. YES,2. NO,2. NO,2. NO,2. NO,3,,5,1. YES,0,0,0,0,1,0,0,0,0,0,0,0,0,1,1,1,0,0,0,0,5. FOOD IN THE MARKET WAS VERY EXPENSIVE,4. INADEQUATE HOUSEHOLD FOOD STOCKS DUE TO LACK OF FARM INPUTS,,
2. North East,5. Bauchi,509. GUNJUWA,2. RURAL,2196,59117,1,1. YES,1. YES,1. YES,2. NO,1. YES,1. YES,2. NO,2. NO,2. NO,2. NO,3,4,5,1. YES,0,0,0,0,1,0,0,0,0,0,0,0,0,1,1,1,0,0,0,0,4. INADEQUATE HOUSEHOLD FOOD STOCKS DUE TO LACK OF FARM INPUTS,12. LACK OF MONEY,,
2. North East,5. Bauchi,509. GUNJUWA,2. RURAL,2196,59118,1,2. NO,2. NO,2. NO,2. NO,2. NO,2. NO,2. NO,2. NO,2. NO,2. NO,3,3,4,2. NO,,,,,,,,,,,,,,,,,,,,,,,,
2. North East,5. Bauchi,509. GUNJUWA,2. RURAL,2196,59119,1,2. NO,2. NO,2. NO,2. NO,2. NO,2. NO,2. NO,2. NO,2. NO,2. NO,2,2,4,2. NO,,,,,,,,,,,,,,,,,,,,,,,,
2. North East,5. Bauchi,509. GUNJUWA,2. RURAL,2196,59120,1,2. NO,2. NO,2. NO,2. NO,2. NO,2. NO,2. NO,2. NO,2. NO,2. NO,3,3,4,2. NO,,,,,,,,,,,,,,,,,,,,,,,,
2. North East,5. Bauchi,511. JAMARE,2. RURAL,796,59121,1,2. NO,2. NO,2. NO,2. NO,2. NO,2. NO,2. NO,2. NO,2. NO,2. NO,3,3,4,2. NO,,,,,,,,,,,,,,,,,,,,,,,,
2. North East,5. Bauchi,511. JAMARE,2. RURAL,796,59122,1,1. YES,1. YES,2. NO,1. YES,1. YES,1. YES,2. NO,2. NO,2. NO,2. NO,3,3,4,1. YES,0,0,0,1,0,0,0,0,0,0,1,1,0,0,0,0,0,0,0,0,4. INADEQUATE HOUSEHOLD FOOD STOCKS DUE TO LACK OF FARM INPUTS,5. FOOD IN THE MARKET WAS VERY EXPENSIVE,,
2. North East,5. Bauchi,511. JAMARE,2. RURAL,796,59124,1,2. NO,2. NO,2. NO,2. NO,2. NO,2. NO,2. NO,2. NO,2. NO,2. NO,3,3,,2. NO,,,,,,,,,,,,,,,,,,,,,,,,
2. North East,5. Bauchi,511. JAMARE,2. RURAL,796,59125,1,1. YES,1. YES,1. YES,1. YES,1. YES,2. NO,2. NO,2. NO,2. NO,2. NO,3,4,5,1. YES,0,0,0,1,1,0,0,0,0,0,0,0,1,1,1,0,0,0,0,0,4. INADEQUATE HOUSEHOLD FOOD STOCKS DUE TO LACK OF FARM INPUTS,12. LACK OF MONEY,,
2. North East,5. Bauchi,511. JAMARE,2. RURAL,796,59127,1,2. NO,2. NO,2. NO,2. NO,2. NO,2. NO,2. NO,2. NO,2. NO,2. NO,3,3,4,2. NO,,,,,,,,,,,,,,,,,,,,,,,,
2. North East,5. Bauchi,511. JAMARE,2. RURAL,796,59128,3,1. YES,1. YES,1. YES,1. YES,1. YES,1. YES,2. NO,2. NO,2. NO,2. NO,3,4,5,1. YES,0,0,0,1,1,0,0,0,0,0,0,0,1,1,1,0,0,0,0,0,4. INADEQUATE HOUSEHOLD FOOD STOCKS DUE TO LACK OF FARM INPUTS,12. LACK OF MONEY,,
2. North East,5. Bauchi,511. JAMARE,2. RURAL,796,59129,1,1. YES,2. NO,1. YES,2. NO,1. YES,1. YES,2. NO,2. NO,1. YES,1. YES,3,4,,2. NO,,,,,,,,,,,,,,,,,,,,,,,,
2. North East,5. Bauchi,511. JAMARE,2. RURAL,796,59130,1,2. NO,2. NO,2. NO,2. NO,2. NO,2. NO,2. NO,2. NO,2. NO,2. NO,3,3,,2. NO,,,,,,,,,,,,,,,,,,,,,,,,
2. North East,5. Bauchi,511. JAMARE,2. RURAL,796,59132,1,2. NO,2. NO,2. NO,2. NO,2. NO,2. NO,2. NO,2. NO,2. NO,2. NO,3,3,4,2. NO,,,,,,,,,,,,,,,,,,,,,,,,
2. North East,5. Bauchi,514. MISAU,2. RURAL,1964,59133,1,2. NO,2. NO,2. NO,2. NO,2. NO,2. NO,2. NO,2. NO,2. NO,2. NO,3,3,4,2. NO,,,,,,,,,,,,,,,,,,,,,,,,
3. North West,18. Kaduna,1806. JABA,2. RURAL,0,59135,5,1. YES,1. YES,2. NO,1. YES,1. YES,1. YES,2. NO,2. NO,2. NO,2. NO,3,,,1. YES,0,0,0,0,0,0,0,0,1,0,0,0,1,1,1,1,0,0,0,0,1. INADEQUATE HOUSEHOLD FOOD STOCKS DUE TO DROUGHT/ POOR RAINS,4. INADEQUATE HOUSEHOLD FOOD STOCKS DUE TO LACK OF FARM INPUTS,5. FOOD IN THE MARKET WAS VERY EXPENSIVE,
2. North East,5. Bauchi,514. MISAU,2. RURAL,1964,59136,1,2. NO,2. NO,2. NO,2. NO,2. NO,2. NO,2. NO,2. NO,2. NO,2. NO,3,3,4,2. NO,,,,,,,,,,,,,,,,,,,,,,,,
2. North East,5. Bauchi,514. MISAU,2. RURAL,1964,59137,1,1. YES,1. YES,1. YES,2. NO,1. YES,1. YES,2. NO,2. NO,1. YES,1. YES,3,3,4,1. YES,0,0,0,1,1,0,0,0,0,0,1,1,0,0,0,0,0,0,0,0,12. LACK OF MONEY,,,
2. North East,2. Adamawa,215. MUBI SOUTH,2. RURAL,0,59138,1,1. YES,1. YES,1. YES,1. YES,1. YES,1. YES,1. YES,1. YES,1. YES,1. YES,1,2,3,1. YES,0,0,0,0,0,0,0,0,0,0,0,0,0,1,1,1,1,0,0,0,3. INADEQUATE HOUSEHOLD FOOD STOCKS DUE TO SMALL LAND SIZE,4. INADEQUATE HOUSEHOLD FOOD STOCKS DUE TO LACK OF FARM INPUTS,12. LACK OF MONEY,
2. North East,5. Bauchi,514. MISAU,2. RURAL,1964,59140,2,1. YES,1. YES,1. YES,2. NO,1. YES,1. YES,2. NO,2. NO,2. NO,2. NO,3,4,5,1. YES,0,0,0,1,1,0,0,0,0,0,0,1,0,0,0,0,0,0,0,0,3. INADEQUATE HOUSEHOLD FOOD STOCKS DUE TO SMALL LAND SIZE,4. INADEQUATE HOUSEHOLD FOOD STOCKS DUE TO LACK OF FARM INPUTS,5. FOOD IN THE MARKET WAS VERY EXPENSIVE,
2. North East,5. Bauchi,514. MISAU,2. RURAL,1964,59142,1,1. YES,2. NO,1. YES,2. NO,2. NO,1. YES,2. NO,2. NO,2. NO,1. YES,3,3,,1. YES,0,0,0,1,1,0,0,0,0,0,1,1,1,0,0,0,0,0,0,0,12. LACK OF MONEY,,,
2. North East,5. Bauchi,514. MISAU,2. RURAL,1964,59143,1,1. YES,1. YES,1. YES,2. NO,1. YES,1. YES,2. NO,2. NO,2. NO,2. NO,3,4,5,1. YES,0,0,0,1,1,0,0,0,0,0,1,0,0,0,0,0,0,0,0,0,4. INADEQUATE HOUSEHOLD FOOD STOCKS DUE TO LACK OF FARM INPUTS,5. FOOD IN THE MARKET WAS VERY EXPENSIVE,,
2. North East,5. Bauchi,514. MISAU,2. RURAL,1964,59144,1,1. YES,1. YES,1. YES,2. NO,1. YES,1. YES,2. NO,2. NO,2. NO,1. YES,3,3,,1. YES,0,0,0,1,1,0,0,0,0,0,1,1,0,0,0,0,0,0,0,0,12. LACK OF MONEY,,,
2. North East,5. Bauchi,516. SHIRA,2. RURAL,134,59145,1,1. YES,1. YES,1. YES,2. NO,1. YES,1. YES,2. NO,2. NO,2. NO,2. NO,3,4,,1. YES,0,0,0,1,0,0,0,0,0,0,0,0,1,1,1,0,0,0,0,0,4. INADEQUATE HOUSEHOLD FOOD STOCKS DUE TO LACK OF FARM INPUTS,12. LACK OF MONEY,,
2. North East,5. Bauchi,516. SHIRA,2. RURAL,134,59147,1,2. NO,2. NO,2. NO,2. NO,2. NO,2. NO,2. NO,2. NO,2. NO,2. NO,3,3,4,2. NO,,,,,,,,,,,,,,,,,,,,,,,,
2. North East,5. Bauchi,516. SHIRA,2. RURAL,134,59148,1,1. YES,1. YES,1. YES,2. NO,1. YES,1. YES,2. NO,2. NO,2. NO,1. YES,3,3,,1. YES,0,0,0,1,1,1,1,0,0,0,1,1,1,1,1,1,0,0,0,0,12. LACK OF MONEY,,,
2. North East,5. Bauchi,516. SHIRA,2. RURAL,134,59149,1,1. YES,1. YES,1. YES,2. NO,1. YES,1. YES,2. NO,2. NO,2. NO,2. NO,3,4,5,1. YES,0,0,0,1,0,1,0,0,0,0,1,0,0,0,0,0,0,0,0,0,4. INADEQUATE HOUSEHOLD FOOD STOCKS DUE TO LACK OF FARM INPUTS,5. FOOD IN THE MARKET WAS VERY EXPENSIVE,12. LACK OF MONEY,
2. North East,5. Bauchi,516. SHIRA,2. RURAL,134,59150,1,1. YES,1. YES,1. YES,2. NO,2. NO,1. YES,2. NO,2. NO,2. NO,1. YES,3,3,4,1. YES,0,0,0,1,1,1,0,0,0,0,1,1,1,1,1,1,0,0,0,0,12. LACK OF MONEY,,,
2. North East,5. Bauchi,516. SHIRA,2. RURAL,134,59151,1,1. YES,1. YES,1. YES,2. NO,2. NO,1. YES,2. NO,2. NO,2. NO,1. YES,3,3,4,1. YES,0,0,0,1,0,0,0,0,0,0,1,1,0,0,0,0,0,0,0,0,12. LACK OF MONEY,,,
2. North East,5. Bauchi,516. SHIRA,2. RURAL,134,59153,1,2. NO,2. NO,2. NO,2. NO,2. NO,2. NO,2. NO,2. NO,2. NO,2. NO,3,3,5,2. NO,,,,,,,,,,,,,,,,,,,,,,,,
2. North East,5. Bauchi,516. SHIRA,2. RURAL,134,59154,1,2. NO,2. NO,2. NO,2. NO,2. NO,2. NO,2. NO,2. NO,2. NO,2. NO,3,3,,2. NO,,,,,,,,,,,,,,,,,,,,,,,,
2. North East,5. Bauchi,516. SHIRA,2. RURAL,134,59155,1303,1. YES,1. YES,1. YES,2. NO,2. NO,1. YES,2. NO,2. NO,2. NO,2. NO,3,4,,1. YES,0,0,0,1,1,0,0,0,0,0,1,0,0,0,0,0,0,0,0,0,4. INADEQUATE HOUSEHOLD FOOD STOCKS DUE TO LACK OF FARM INPUTS,5. FOOD IN THE MARKET WAS VERY EXPENSIVE,12. LACK OF MONEY,
2. North East,5. Bauchi,516. SHIRA,2. RURAL,134,59156,1,1. YES,1. YES,1. YES,2. NO,1. YES,1. YES,2. NO,2. NO,2. NO,1. YES,3,3,4,1. YES,0,0,0,1,1,0,0,0,0,1,1,1,0,0,0,0,0,0,0,0,12. LACK OF MONEY,,,
2. North East,5. Bauchi,517. TAFAWA BALEWA,2. RURAL,1424,59157,2,1. YES,1. YES,1. YES,2. NO,1. YES,2. NO,1. YES,2. NO,2. NO,2. NO,3,4,5,1. YES,1,0,0,0,0,0,0,0,0,0,0,0,0,0,0,0,0,0,0,0,4. INADEQUATE HOUSEHOLD FOOD STOCKS DUE TO LACK OF FARM INPUTS,5. FOOD IN THE MARKET WAS VERY EXPENSIVE,13. LACK OF ACCESS TO MONEY AT THE BANK DUE TO NAIRA REDESIGN,
2. North East,5. Bauchi,517. TAFAWA BALEWA,2. RURAL,1424,59158,2,1. YES,1. YES,1. YES,1. YES,1. YES,2. NO,2. NO,2. NO,1. YES,2. NO,3,4,5,1. YES,0,0,0,0,0,0,0,1,1,1,1,1,1,1,1,1,0,0,0,0,13. LACK OF ACCESS TO MONEY AT THE BANK DUE TO NAIRA REDESIGN,6. UNABLE TO REACH THE MARKET DUE TO HIGH TRANSPORTATION COSTS,4. INADEQUATE HOUSEHOLD FOOD STOCKS DUE TO LACK OF FARM INPUTS,
2. North East,5. Bauchi,517. TAFAWA BALEWA,2. RURAL,1424,59159,1,1. YES,1. YES,1. YES,1. YES,1. YES,2. NO,2. NO,2. NO,2. NO,2. NO,3,5,5,2. NO,,,,,,,,,,,,,,,,,,,,,,,,
2. North East,5. Bauchi,517. TAFAWA BALEWA,2. RURAL,1424,59160,2,1. YES,1. YES,1. YES,1. YES,1. YES,1. YES,2. NO,2. NO,1. YES,2. NO,3,4,5,1. YES,1,0,0,0,0,0,0,0,0,0,0,0,0,0,0,0,0,0,0,0,4. INADEQUATE HOUSEHOLD FOOD STOCKS DUE TO LACK OF FARM INPUTS,6. UNABLE TO REACH THE MARKET DUE TO HIGH TRANSPORTATION COSTS,5. FOOD IN THE MARKET WAS VERY EXPENSIVE,
2. North East,5. Bauchi,517. TAFAWA BALEWA,2. RURAL,1424,59161,1,1. YES,1. YES,1. YES,1. YES,1. YES,2. NO,1. YES,2. NO,1. YES,1. YES,3,5,5,1. YES,0,0,0,1,0,0,0,0,0,0,0,0,0,0,1,0,0,0,0,0,1. INADEQUATE HOUSEHOLD FOOD STOCKS DUE TO DROUGHT/ POOR RAINS,3. INADEQUATE HOUSEHOLD FOOD STOCKS DUE TO SMALL LAND SIZE,5. FOOD IN THE MARKET WAS VERY EXPENSIVE,
2. North East,5. Bauchi,517. TAFAWA BALEWA,2. RURAL,1424,59162,1,1. YES,1. YES,1. YES,2. NO,2. NO,2. NO,2. NO,2. NO,2. NO,2. NO,3,4,,2. NO,,,,,,,,,,,,,,,,,,,,,,,,
2. North East,5. Bauchi,517. TAFAWA BALEWA,2. RURAL,1424,59163,1,1. YES,1. YES,1. YES,1. YES,1. YES,1. YES,2. NO,2. NO,1. YES,2. NO,3,5,5,1. YES,0,0,0,1,1,0,0,0,0,0,0,0,0,0,0,1,0,0,0,0,4. INADEQUATE HOUSEHOLD FOOD STOCKS DUE TO LACK OF FARM INPUTS,1. INADEQUATE HOUSEHOLD FOOD STOCKS DUE TO DROUGHT/ POOR RAINS,5. FOOD IN THE MARKET WAS VERY EXPENSIVE,
2. North East,5. Bauchi,517. TAFAWA BALEWA,2. RURAL,1424,59164,1,1. YES,1. YES,1. YES,2. NO,1. YES,1. YES,2. NO,2. NO,2. NO,2. NO,3,4,6,2. NO,,,,,,,,,,,,,,,,,,,,,,,,
2. North East,5. Bauchi,517. TAFAWA BALEWA,2. RURAL,1424,59165,1,1. YES,1. YES,1. YES,1. YES,1. YES,2. NO,2. NO,2. NO,2. NO,2. NO,3,4,,1. YES,0,0,0,0,0,0,0,0,0,0,0,0,0,1,1,1,0,0,0,0,4. INADEQUATE HOUSEHOLD FOOD STOCKS DUE TO LACK OF FARM INPUTS,5. FOOD IN THE MARKET WAS VERY EXPENSIVE,12. LACK OF MONEY,
2. North East,5. Bauchi,517. TAFAWA BALEWA,2. RURAL,1424,59168,1,1. YES,1. YES,1. YES,2. NO,1. YES,2. NO,1. YES,2. NO,2. NO,2. NO,3,5,5,1. YES,0,0,0,1,0,0,0,0,0,0,0,0,0,0,1,1,0,0,0,0,2. INADEQUATE HOUSEHOLD FOOD STOCKS DUE TO CROP PEST DAMAGE,5. FOOD IN THE MARKET WAS VERY EXPENSIVE,4. INADEQUATE HOUSEHOLD FOOD STOCKS DUE TO LACK OF FARM INPUTS,
2. North East,5. Bauchi,518. TORO,2. RURAL,1788,59169,5102,1. YES,1. YES,1. YES,1. YES,1. YES,1. YES,1. YES,2. NO,1. YES,1. YES,3,3,,1. YES,0,0,0,0,0,0,0,0,1,1,1,1,1,1,1,1,0,0,0,0,1. INADEQUATE HOUSEHOLD FOOD STOCKS DUE TO DROUGHT/ POOR RAINS,13. LACK OF ACCESS TO MONEY AT THE BANK DUE TO NAIRA REDESIGN,,
2. North East,5. Bauchi,518. TORO,2. RURAL,1788,59170,1,1. YES,1. YES,1. YES,2. NO,2. NO,2. NO,2. NO,2. NO,2. NO,2. NO,3,4,4,2. NO,,,,,,,,,,,,,,,,,,,,,,,,
2. North East,5. Bauchi,518. TORO,2. RURAL,1788,59171,5101,1. YES,1. YES,1. YES,1. YES,1. YES,2. NO,2. NO,2. NO,2. NO,2. NO,3,,4,1. YES,0,0,0,0,0,0,0,0,1,1,0,0,0,0,0,0,0,0,0,0,4. INADEQUATE HOUSEHOLD FOOD STOCKS DUE TO LACK OF FARM INPUTS,1. INADEQUATE HOUSEHOLD FOOD STOCKS DUE TO DROUGHT/ POOR RAINS,13. LACK OF ACCESS TO MONEY AT THE BANK DUE TO NAIRA REDESIGN,
2. North East,5. Bauchi,518. TORO,2. RURAL,1788,59172,1,1. YES,1. YES,1. YES,1. YES,1. YES,2. NO,2. NO,2. NO,2. NO,2. NO,3,,4,2. NO,,,,,,,,,,,,,,,,,,,,,,,,
2. North East,5. Bauchi,518. TORO,2. RURAL,1788,59173,4,1. YES,2. NO,2. NO,2. NO,2. NO,2. NO,1. YES,2. NO,1. YES,2. NO,3,5,5,2. NO,,,,,,,,,,,,,,,,,,,,,,,,
2. North East,5. Bauchi,518. TORO,2. RURAL,1788,59174,1,1. YES,1. YES,1. YES,2. NO,2. NO,2. NO,2. NO,2. NO,2. NO,2. NO,3,4,4,2. NO,,,,,,,,,,,,,,,,,,,,,,,,
2. North East,5. Bauchi,518. TORO,2. RURAL,1788,59175,1,1. YES,1. YES,1. YES,2. NO,1. YES,1. YES,1. YES,2. NO,1. YES,2. NO,3,3,,2. NO,,,,,,,,,,,,,,,,,,,,,,,,
2. North East,5. Bauchi,518. TORO,2. RURAL,1788,59176,1,1. YES,1. YES,1. YES,1. YES,1. YES,2. NO,1. YES,2. NO,1. YES,2. NO,3,3,4,1. YES,1,0,0,0,0,0,0,0,0,0,0,0,0,0,0,0,0,0,0,0,1. INADEQUATE HOUSEHOLD FOOD STOCKS DUE TO DROUGHT/ POOR RAINS,4. INADEQUATE HOUSEHOLD FOOD STOCKS DUE TO LACK OF FARM INPUTS,12. LACK OF MONEY,
2. North East,5. Bauchi,518. TORO,2. RURAL,1788,59179,1,1. YES,1. YES,1. YES,2. NO,2. NO,1. YES,2. NO,2. NO,2. NO,2. NO,3,4,5,2. NO,,,,,,,,,,,,,,,,,,,,,,,,
2. North East,5. Bauchi,518. TORO,2. RURAL,1788,59180,1,2. NO,1. YES,1. YES,1. YES,2. NO,2. NO,2. NO,2. NO,1. YES,2. NO,3,4,5,2. NO,,,,,,,,,,,,,,,,,,,,,,,,
2. North East,5. Bauchi,518. TORO,2. RURAL,2802,59182,1,1. YES,1. YES,1. YES,1. YES,1. YES,2. NO,2. NO,2. NO,2. NO,2. NO,3,4,5,2. NO,,,,,,,,,,,,,,,,,,,,,,,,
2. North East,5. Bauchi,518. TORO,2. RURAL,2802,59184,1,1. YES,1. YES,1. YES,2. NO,2. NO,2. NO,2. NO,2. NO,2. NO,2. NO,3,4,4,2. NO,,,,,,,,,,,,,,,,,,,,,,,,
2. North East,5. Bauchi,518. TORO,2. RURAL,2802,59185,1,2. NO,2. NO,2. NO,2. NO,2. NO,2. NO,2. NO,2. NO,2. NO,2. NO,3,3,4,2. NO,,,,,,,,,,,,,,,,,,,,,,,,
2. North East,5. Bauchi,518. TORO,2. RURAL,2802,59186,1,1. YES,1. YES,2. NO,2. NO,2. NO,2. NO,2. NO,2. NO,2. NO,2. NO,3,4,,2. NO,,,,,,,,,,,,,,,,,,,,,,,,
2. North East,5. Bauchi,518. TORO,2. RURAL,2802,59187,1,2. NO,2. NO,1. YES,2. NO,1. YES,2. NO,1. YES,2. NO,2. NO,1. YES,3,,,2. NO,,,,,,,,,,,,,,,,,,,,,,,,
2. North East,5. Bauchi,518. TORO,2. RURAL,2802,59188,3,1. YES,1. YES,2. NO,2. NO,1. YES,2. NO,1. YES,2. NO,2. NO,1. YES,3,,,2. NO,,,,,,,,,,,,,,,,,,,,,,,,
2. North East,5. Bauchi,518. TORO,2. RURAL,2802,59189,1,2. NO,2. NO,1. YES,2. NO,1. YES,2. NO,2. NO,2. NO,2. NO,2. NO,3,4,,2. NO,,,,,,,,,,,,,,,,,,,,,,,,
2. North East,5. Bauchi,518. TORO,2. RURAL,2802,59190,1,1. YES,1. YES,1. YES,2. NO,1. YES,2. NO,2. NO,2. NO,2. NO,2. NO,3,4,5,2. NO,,,,,,,,,,,,,,,,,,,,,,,,
2. North East,5. Bauchi,518. TORO,2. RURAL,2802,59191,1,1. YES,1. YES,1. YES,2. NO,1. YES,2. NO,2. NO,2. NO,2. NO,2. NO,3,5,6,2. NO,,,,,,,,,,,,,,,,,,,,,,,,
2. North East,5. Bauchi,518. TORO,2. RURAL,2802,59192,2,1. YES,1. YES,1. YES,2. NO,2. NO,2. NO,2. NO,2. NO,2. NO,2. NO,3,,,2. NO,,,,,,,,,,,,,,,,,,,,,,,,
2. North East,5. Bauchi,511. JAMARE,2. RURAL,796,59212,1,1. YES,1. YES,2. NO,2. NO,1. YES,1. YES,2. NO,2. NO,2. NO,1. YES,3,4,4,1. YES,0,0,0,1,1,0,0,0,0,0,1,1,1,0,0,0,0,0,0,0,1. INADEQUATE HOUSEHOLD FOOD STOCKS DUE TO DROUGHT/ POOR RAINS,,,
2. North East,5. Bauchi,514. MISAU,2. RURAL,1964,59214,1,1. YES,1. YES,1. YES,1. YES,1. YES,1. YES,2. NO,2. NO,2. NO,2. NO,3,,4,1. YES,0,0,0,1,0,1,0,0,0,0,1,0,0,0,0,0,0,0,0,0,3. INADEQUATE HOUSEHOLD FOOD STOCKS DUE TO SMALL LAND SIZE,4. INADEQUATE HOUSEHOLD FOOD STOCKS DUE TO LACK OF FARM INPUTS,12. LACK OF MONEY,
5. South South,6. Bayelsa,602. EKEREMOR,2. RURAL,0,60001,1,1. YES,1. YES,1. YES,2. NO,1. YES,2. NO,2. NO,2. NO,2. NO,2. NO,2,,,2. NO,,,,,,,,,,,,,,,,,,,,,,,,
5. South South,6. Bayelsa,602. EKEREMOR,2. RURAL,1356,60002,2,2. NO,1. YES,1. YES,2. NO,1. YES,2. NO,2. NO,2. NO,2. NO,2. NO,3,3,3,1. YES,0,0,0,0,0,1,0,0,1,0,0,0,1,0,0,0,0,0,0,0,8. FLOODS/WATER LOGGING,12. LACK OF MONEY,,
5. South South,6. Bayelsa,602. EKEREMOR,2. RURAL,0,60004,1,1. YES,1. YES,1. YES,1. YES,1. YES,1. YES,2. NO,2. NO,2. NO,2. NO,3,,,1. YES,0,0,0,0,0,1,0,0,1,0,0,0,0,1,0,0,0,0,0,0,8. FLOODS/WATER LOGGING,5. FOOD IN THE MARKET WAS VERY EXPENSIVE,,
5. South South,6. Bayelsa,602. EKEREMOR,2. RURAL,1356,60005,6,2. NO,2. NO,2. NO,2. NO,2. NO,2. NO,2. NO,2. NO,2. NO,2. NO,3,,3,2. NO,,,,,,,,,,,,,,,,,,,,,,,,
5. South South,6. Bayelsa,602. EKEREMOR,2. RURAL,0,60006,6,1. YES,2. NO,1. YES,2. NO,2. NO,2. NO,1. YES,2. NO,2. NO,2. NO,3,,,2. NO,,,,,,,,,,,,,,,,,,,,,,,,
5. South South,6. Bayelsa,602. EKEREMOR,2. RURAL,0,60008,2,1. YES,1. YES,1. YES,1. YES,2. NO,2. NO,2. NO,2. NO,2. NO,2. NO,2,,,2. NO,,,,,,,,,,,,,,,,,,,,,,,,
5. South South,6. Bayelsa,602. EKEREMOR,2. RURAL,1356,60009,1,1. YES,1. YES,1. YES,1. YES,1. YES,1. YES,1. YES,1. YES,1. YES,1. YES,3,,,1. YES,1,0,0,0,0,0,0,0,0,0,0,0,0,0,0,0,0,0,0,0,12. LACK OF MONEY,,,
5. South South,6. Bayelsa,602. EKEREMOR,2. RURAL,1356,60010,5101,1. YES,1. YES,1. YES,1. YES,1. YES,2. NO,1. YES,2. NO,1. YES,1. YES,2,,,1. YES,0,0,0,1,0,1,1,0,1,0,0,0,1,0,0,0,0,0,0,0,3. INADEQUATE HOUSEHOLD FOOD STOCKS DUE TO SMALL LAND SIZE,,,
5. South South,6. Bayelsa,607. SOUTHERN IJAW,2. RURAL,1892,60031,2,2. NO,1. YES,1. YES,2. NO,1. YES,2. NO,2. NO,2. NO,2. NO,2. NO,2,3,,2. NO,,,,,,,,,,,,,,,,,,,,,,,,
5. South South,6. Bayelsa,608. YENEGOA,1. URBAN,0,60032,1,2. NO,2. NO,2. NO,2. NO,2. NO,2. NO,2. NO,2. NO,2. NO,2. NO,3,,3,2. NO,,,,,,,,,,,,,,,,,,,,,,,,
5. South South,6. Bayelsa,608. YENEGOA,1. URBAN,0,60033,2,2. NO,2. NO,2. NO,2. NO,2. NO,2. NO,2. NO,2. NO,2. NO,2. NO,3,3,,2. NO,,,,,,,,,,,,,,,,,,,,,,,,
5. South South,6. Bayelsa,607. SOUTHERN IJAW,2. RURAL,1892,60034,1,2. NO,2. NO,2. NO,2. NO,2. NO,2. NO,2. NO,2. NO,2. NO,2. NO,2,3,3,2. NO,,,,,,,,,,,,,,,,,,,,,,,,
5. South South,6. Bayelsa,607. SOUTHERN IJAW,2. RURAL,1892,60035,1301,2. NO,2. NO,2. NO,2. NO,2. NO,2. NO,2. NO,2. NO,2. NO,2. NO,3,3,,2. NO,,,,,,,,,,,,,,,,,,,,,,,,
5. South South,6. Bayelsa,607. SOUTHERN IJAW,2. RURAL,1892,60037,1,2. NO,2. NO,2. NO,2. NO,2. NO,2. NO,2. NO,2. NO,2. NO,2. NO,3,,,2. NO,,,,,,,,,,,,,,,,,,,,,,,,
5. South South,6. Bayelsa,607. SOUTHERN IJAW,2. RURAL,1892,60038,2,1. YES,1. YES,1. YES,1. YES,1. YES,1. YES,2. NO,2. NO,1. YES,2. NO,2,,,1. YES,0,0,0,0,0,1,0,0,1,1,0,0,1,0,0,0,0,0,0,0,12. LACK OF MONEY,13. LACK OF ACCESS TO MONEY AT THE BANK DUE TO NAIRA REDESIGN,8. FLOODS/WATER LOGGING,
5. South South,6. Bayelsa,607. SOUTHERN IJAW,2. RURAL,1892,60039,5101,1. YES,1. YES,1. YES,2. NO,1. YES,2. NO,2. NO,2. NO,1. YES,2. NO,2,3,,1. YES,0,0,0,0,0,1,0,0,1,1,0,0,1,0,0,0,0,0,0,0,12. LACK OF MONEY,8. FLOODS/WATER LOGGING,13. LACK OF ACCESS TO MONEY AT THE BANK DUE TO NAIRA REDESIGN,
5. South South,6. Bayelsa,607. SOUTHERN IJAW,2. RURAL,1892,60040,1,1. YES,1. YES,1. YES,1. YES,1. YES,1. YES,2. NO,1. YES,1. YES,2. NO,2,3,,1. YES,0,0,0,0,0,1,0,0,1,1,0,0,1,0,0,0,0,0,0,0,5. FOOD IN THE MARKET WAS VERY EXPENSIVE,12. LACK OF MONEY,13. LACK OF ACCESS TO MONEY AT THE BANK DUE TO NAIRA REDESIGN,
5. South South,6. Bayelsa,601. BRASS,2. RURAL,640,60041,1,2. NO,2. NO,2. NO,2. NO,2. NO,2. NO,2. NO,2. NO,2. NO,2. NO,3,3,,2. NO,,,,,,,,,,,,,,,,,,,,,,,,
5. South South,6. Bayelsa,601. BRASS,2. RURAL,640,60042,5101,1. YES,1. YES,1. YES,2. NO,1. YES,2. NO,2. NO,2. NO,2. NO,2. NO,3,3,,2. NO,,,,,,,,,,,,,,,,,,,,,,,,
5. South South,6. Bayelsa,601. BRASS,2. RURAL,640,60043,2,2. NO,1. YES,1. YES,2. NO,2. NO,2. NO,2. NO,2. NO,1. YES,2. NO,2,3,3,1. YES,0,0,0,1,0,0,1,0,0,0,0,0,0,1,0,0,0,0,0,0,5. FOOD IN THE MARKET WAS VERY EXPENSIVE,,,
5. South South,6. Bayelsa,601. BRASS,2. RURAL,640,60044,1,1. YES,1. YES,1. YES,2. NO,2. NO,1. YES,1. YES,1. YES,2. NO,1. YES,3,3,3,2. NO,,,,,,,,,,,,,,,,,,,,,,,,
5. South South,6. Bayelsa,601. BRASS,2. RURAL,640,60045,1,1. YES,1. YES,1. YES,2. NO,2. NO,2. NO,2. NO,2. NO,2. NO,2. NO,3,,,2. NO,,,,,,,,,,,,,,,,,,,,,,,,
5. South South,6. Bayelsa,601. BRASS,2. RURAL,640,60047,5101,1. YES,1. YES,1. YES,1. YES,1. YES,2. NO,2. NO,2. NO,1. YES,2. NO,2,3,3,2. NO,,,,,,,,,,,,,,,,,,,,,,,,
5. South South,6. Bayelsa,601. BRASS,2. RURAL,640,60048,2,1. YES,1. YES,1. YES,2. NO,1. YES,2. NO,2. NO,2. NO,2. NO,2. NO,3,4,4,1. YES,0,0,0,0,0,0,1,0,1,1,1,1,1,1,1,1,0,0,0,0,12. LACK OF MONEY,13. LACK OF ACCESS TO MONEY AT THE BANK DUE TO NAIRA REDESIGN,6. UNABLE TO REACH THE MARKET DUE TO HIGH TRANSPORTATION COSTS,
5. South South,6. Bayelsa,601. BRASS,2. RURAL,640,60049,1,1. YES,1. YES,1. YES,1. YES,1. YES,1. YES,2. NO,2. NO,1. YES,2. NO,2,3,,1. YES,0,0,0,0,0,0,1,1,0,0,0,0,0,0,0,0,0,0,0,0,6. UNABLE TO REACH THE MARKET DUE TO HIGH TRANSPORTATION COSTS,12. LACK OF MONEY,,
5. South South,6. Bayelsa,601. BRASS,2. RURAL,640,60050,1,1. YES,1. YES,1. YES,1. YES,1. YES,1. YES,2. NO,2. NO,2. NO,2. NO,2,3,3,1. YES,0,0,0,0,0,1,0,0,1,1,1,1,1,1,1,1,0,0,0,0,12. LACK OF MONEY,13. LACK OF ACCESS TO MONEY AT THE BANK DUE TO NAIRA REDESIGN,7. NO FOOD IN THE MARKET,
5. South South,6. Bayelsa,605. OGBIA,2. RURAL,162,60051,2,2. NO,2. NO,2. NO,2. NO,2. NO,2. NO,2. NO,2. NO,2. NO,2. NO,3,3,,2. NO,,,,,,,,,,,,,,,,,,,,,,,,
5. South South,6. Bayelsa,605. OGBIA,2. RURAL,162,60052,2,1. YES,1. YES,1. YES,1. YES,1. YES,2. NO,2. NO,2. NO,2. NO,2. NO,3,3,3,2. NO,,,,,,,,,,,,,,,,,,,,,,,,
5. South South,3. Akwa Ibom,324. ONNA,2. RURAL,0,60053,2,1. YES,1. YES,1. YES,1. YES,1. YES,1. YES,1. YES,2. NO,1. YES,2. NO,2,3,5,1. YES,1,0,0,0,0,0,0,0,0,0,0,0,0,0,0,0,0,0,0,0,12. LACK OF MONEY,5. FOOD IN THE MARKET WAS VERY EXPENSIVE,6. UNABLE TO REACH THE MARKET DUE TO HIGH TRANSPORTATION COSTS,
5. South South,3. Akwa Ibom,313. IKOT ABASI,2. RURAL,0,60054,9,1. YES,1. YES,1. YES,1. YES,1. YES,2. NO,2. NO,2. NO,2. NO,2. NO,2,,,1. YES,0,0,0,0,1,1,0,0,0,1,0,0,0,1,1,0,0,0,0,0,7. NO FOOD IN THE MARKET,12. LACK OF MONEY,13. LACK OF ACCESS TO MONEY AT THE BANK DUE TO NAIRA REDESIGN,
5. South South,6. Bayelsa,605. OGBIA,2. RURAL,162,60055,2,1. YES,1. YES,1. YES,1. YES,1. YES,1. YES,2. NO,2. NO,1. YES,2. NO,2,2,,1. YES,0,0,0,0,0,1,0,0,1,0,0,0,0,0,0,0,0,0,0,0,8. FLOODS/WATER LOGGING,13. LACK OF ACCESS TO MONEY AT THE BANK DUE TO NAIRA REDESIGN,6. UNABLE TO REACH THE MARKET DUE TO HIGH TRANSPORTATION COSTS,
5. South South,6. Bayelsa,605. OGBIA,2. RURAL,0,60056,1,2. NO,2. NO,2. NO,2. NO,2. NO,2. NO,2. NO,2. NO,2. NO,2. NO,2,3,,2. NO,,,,,,,,,,,,,,,,,,,,,,,,
5. South South,6. Bayelsa,605. OGBIA,2. RURAL,0,60057,1,2. NO,2. NO,2. NO,2. NO,2. NO,2. NO,2. NO,2. NO,2. NO,2. NO,3,,,2. NO,,,,,,,,,,,,,,,,,,,,,,,,
5. South South,6. Bayelsa,605. OGBIA,2. RURAL,0,60058,1,1. YES,1. YES,1. YES,1. YES,1. YES,2. NO,2. NO,2. NO,1. YES,2. NO,3,3,3,1. YES,0,0,0,0,1,1,0,0,1,1,0,0,1,0,0,0,0,0,0,0,12. LACK OF MONEY,8. FLOODS/WATER LOGGING,13. LACK OF ACCESS TO MONEY AT THE BANK DUE TO NAIRA REDESIGN,
5. South South,6. Bayelsa,605. OGBIA,2. RURAL,162,60059,1,1. YES,1. YES,1. YES,2. NO,1. YES,1. YES,2. NO,2. NO,2. NO,1. YES,3,,,1. YES,0,0,0,0,0,1,0,0,0,1,0,0,0,0,0,0,0,0,0,0,12. LACK OF MONEY,,,
5. South South,6. Bayelsa,608. YENEGOA,1. URBAN,0,60060,2,1. YES,1. YES,1. YES,1. YES,1. YES,2. NO,2. NO,2. NO,2. NO,1. YES,3,,,1. YES,0,0,0,0,0,0,0,0,0,0,0,0,0,1,1,1,0,0,0,0,5. FOOD IN THE MARKET WAS VERY EXPENSIVE,6. UNABLE TO REACH THE MARKET DUE TO HIGH TRANSPORTATION COSTS,,
5. South South,6. Bayelsa,601. BRASS,2. RURAL,16,69001,1,1. YES,1. YES,1. YES,1. YES,2. NO,2. NO,2. NO,2. NO,2. NO,2. NO,2,3,3,2. NO,,,,,,,,,,,,,,,,,,,,,,,,
5. South South,6. Bayelsa,601. BRASS,2. RURAL,16,69004,2,1. YES,1. YES,1. YES,1. YES,1. YES,1. YES,1. YES,2. NO,1. YES,2. NO,2,3,3,1. YES,0,0,0,0,0,0,0,0,1,0,0,0,0,0,0,0,0,0,0,0,12. LACK OF MONEY,,,
5. South South,6. Bayelsa,601. BRASS,2. RURAL,16,69005,2,1. YES,1. YES,1. YES,1. YES,1. YES,1. YES,2. NO,2. NO,1. YES,2. NO,3,3,,1. YES,0,0,0,0,0,0,0,1,1,1,1,1,1,1,1,1,0,0,0,0,6. UNABLE TO REACH THE MARKET DUE TO HIGH TRANSPORTATION COSTS,5. FOOD IN THE MARKET WAS VERY EXPENSIVE,13. LACK OF ACCESS TO MONEY AT THE BANK DUE TO NAIRA REDESIGN,
5. South South,6. Bayelsa,601. BRASS,2. RURAL,16,69006,1,1. YES,1. YES,1. YES,1. YES,1. YES,2. NO,1. YES,2. NO,1. YES,2. NO,3,3,,2. NO,,,,,,,,,,,,,,,,,,,,,,,,
5. South South,6. Bayelsa,601. BRASS,2. RURAL,16,69007,2,1. YES,1. YES,1. YES,2. NO,1. YES,2. NO,2. NO,2. NO,2. NO,2. NO,3,3,,1. YES,0,0,0,0,0,0,0,0,1,1,1,0,1,1,1,1,0,0,0,0,12. LACK OF MONEY,13. LACK OF ACCESS TO MONEY AT THE BANK DUE TO NAIRA REDESIGN,5. FOOD IN THE MARKET WAS VERY EXPENSIVE,
5. South South,6. Bayelsa,601. BRASS,2. RURAL,16,69009,1,1. YES,1. YES,1. YES,1. YES,2. NO,2. NO,2. NO,2. NO,2. NO,2. NO,2,,,2. NO,,,,,,,,,,,,,,,,,,,,,,,,
5. South South,6. Bayelsa,601. BRASS,2. RURAL,16,69010,1,1. YES,1. YES,1. YES,2. NO,1. YES,2. NO,2. NO,2. NO,2. NO,2. NO,3,,,1. YES,0,0,0,0,0,0,0,0,1,1,1,0,1,1,1,1,0,0,0,0,5. FOOD IN THE MARKET WAS VERY EXPENSIVE,12. LACK OF MONEY,13. LACK OF ACCESS TO MONEY AT THE BANK DUE TO NAIRA REDESIGN,
5. South South,6. Bayelsa,601. BRASS,2. RURAL,16,69012,1,1. YES,1. YES,1. YES,2. NO,1. YES,1. YES,2. NO,2. NO,2. NO,2. NO,2,,,2. NO,,,,,,,,,,,,,,,,,,,,,,,,
5. South South,6. Bayelsa,604. NEMBE,1. URBAN,858,69013,1,1. YES,1. YES,1. YES,2. NO,1. YES,2. NO,1. YES,2. NO,2. NO,2. NO,2,2,,2. NO,,,,,,,,,,,,,,,,,,,,,,,,
5. South South,6. Bayelsa,604. NEMBE,1. URBAN,0,69014,1,2. NO,2. NO,2. NO,2. NO,2. NO,2. NO,2. NO,2. NO,2. NO,2. NO,2,,,2. NO,,,,,,,,,,,,,,,,,,,,,,,,
5. South South,6. Bayelsa,604. NEMBE,1. URBAN,858,69016,1301,2. NO,2. NO,2. NO,2. NO,2. NO,2. NO,2. NO,2. NO,2. NO,2. NO,2,3,3,2. NO,,,,,,,,,,,,,,,,,,,,,,,,
5. South South,6. Bayelsa,604. NEMBE,1. URBAN,858,69017,5101,2. NO,2. NO,2. NO,2. NO,2. NO,2. NO,2. NO,2. NO,2. NO,2. NO,3,3,,2. NO,,,,,,,,,,,,,,,,,,,,,,,,
5. South South,6. Bayelsa,604. NEMBE,1. URBAN,858,69020,2,1. YES,1. YES,1. YES,1. YES,1. YES,1. YES,2. NO,2. NO,1. YES,2. NO,2,3,3,1. YES,0,0,0,0,0,1,0,0,1,1,1,0,1,0,0,0,0,0,0,0,5. FOOD IN THE MARKET WAS VERY EXPENSIVE,12. LACK OF MONEY,13. LACK OF ACCESS TO MONEY AT THE BANK DUE TO NAIRA REDESIGN,
5. South South,6. Bayelsa,604. NEMBE,1. URBAN,858,69021,1,1. YES,1. YES,1. YES,1. YES,1. YES,1. YES,1. YES,1. YES,1. YES,1. YES,3,2,,1. YES,0,0,0,1,0,0,1,0,0,0,0,0,1,0,0,0,0,0,0,0,5. FOOD IN THE MARKET WAS VERY EXPENSIVE,12. LACK OF MONEY,,
5. South South,6. Bayelsa,604. NEMBE,1. URBAN,858,69022,1,2. NO,2. NO,2. NO,2. NO,2. NO,2. NO,2. NO,2. NO,2. NO,2. NO,3,,,2. NO,,,,,,,,,,,,,,,,,,,,,,,,
5. South South,6. Bayelsa,604. NEMBE,1. URBAN,858,69023,1,1. YES,1. YES,1. YES,2. NO,2. NO,2. NO,2. NO,2. NO,2. NO,2. NO,2,2,,2. NO,,,,,,,,,,,,,,,,,,,,,,,,
5. South South,6. Bayelsa,606. SAGBAMA,2. RURAL,790,69025,4,2. NO,2. NO,2. NO,2. NO,2. NO,2. NO,2. NO,2. NO,2. NO,2. NO,3,,,2. NO,,,,,,,,,,,,,,,,,,,,,,,,
5. South South,6. Bayelsa,606. SAGBAMA,2. RURAL,790,69026,2,2. NO,1. YES,2. NO,2. NO,2. NO,2. NO,2. NO,2. NO,2. NO,2. NO,2,3,3,2. NO,,,,,,,,,,,,,,,,,,,,,,,,
5. South South,6. Bayelsa,606. SAGBAMA,2. RURAL,790,69027,1,1. YES,2. NO,1. YES,2. NO,2. NO,2. NO,2. NO,2. NO,2. NO,2. NO,3,3,3,2. NO,,,,,,,,,,,,,,,,,,,,,,,,
5. South South,6. Bayelsa,606. SAGBAMA,2. RURAL,790,69028,1,2. NO,2. NO,2. NO,2. NO,2. NO,2. NO,2. NO,2. NO,2. NO,2. NO,2,3,3,2. NO,,,,,,,,,,,,,,,,,,,,,,,,
5. South South,6. Bayelsa,606. SAGBAMA,2. RURAL,790,69029,1,2. NO,2. NO,2. NO,2. NO,2. NO,2. NO,2. NO,2. NO,2. NO,2. NO,3,4,,2. NO,,,,,,,,,,,,,,,,,,,,,,,,
5. South South,6. Bayelsa,606. SAGBAMA,2. RURAL,790,69030,2,1. YES,1. YES,1. YES,1. YES,1. YES,1. YES,1. YES,2. NO,1. YES,2. NO,2,3,3,1. YES,0,0,0,0,0,1,0,0,1,1,1,0,1,0,0,0,0,0,0,0,13. LACK OF ACCESS TO MONEY AT THE BANK DUE TO NAIRA REDESIGN,12. LACK OF MONEY,8. FLOODS/WATER LOGGING,
5. South South,6. Bayelsa,606. SAGBAMA,2. RURAL,790,69031,2,1. YES,1. YES,1. YES,1. YES,1. YES,2. NO,2. NO,2. NO,1. YES,2. NO,2,2,3,1. YES,0,0,0,0,0,1,0,0,1,1,0,0,1,0,0,0,0,0,0,0,13. LACK OF ACCESS TO MONEY AT THE BANK DUE TO NAIRA REDESIGN,8. FLOODS/WATER LOGGING,12. LACK OF MONEY,
5. South South,6. Bayelsa,606. SAGBAMA,2. RURAL,790,69033,2,1. YES,1. YES,1. YES,1. YES,1. YES,1. YES,1. YES,2. NO,1. YES,2. NO,2,3,3,1. YES,0,0,0,0,1,1,0,0,1,1,0,0,1,0,0,0,0,0,0,0,12. LACK OF MONEY,8. FLOODS/WATER LOGGING,13. LACK OF ACCESS TO MONEY AT THE BANK DUE TO NAIRA REDESIGN,
5. South South,6. Bayelsa,606. SAGBAMA,2. RURAL,790,69034,1,2. NO,1. YES,2. NO,2. NO,2. NO,2. NO,2. NO,2. NO,2. NO,2. NO,3,3,,2. NO,,,,,,,,,,,,,,,,,,,,,,,,
5. South South,6. Bayelsa,606. SAGBAMA,2. RURAL,790,69036,2,2. NO,2. NO,2. NO,2. NO,2. NO,2. NO,2. NO,2. NO,2. NO,2. NO,3,3,,2. NO,,,,,,,,,,,,,,,,,,,,,,,,
5. South South,6. Bayelsa,608. YENEGOA,2. RURAL,1288,69037,1,2. NO,2. NO,2. NO,2. NO,2. NO,2. NO,2. NO,2. NO,2. NO,2. NO,2,3,3,2. NO,,,,,,,,,,,,,,,,,,,,,,,,
5. South South,6. Bayelsa,608. YENEGOA,2. RURAL,1288,69038,2,1. YES,2. NO,2. NO,2. NO,1. YES,2. NO,2. NO,2. NO,2. NO,2. NO,3,3,,2. NO,,,,,,,,,,,,,,,,,,,,,,,,
5. South South,6. Bayelsa,608. YENEGOA,2. RURAL,1288,69040,2,2. NO,2. NO,2. NO,2. NO,2. NO,2. NO,2. NO,2. NO,2. NO,2. NO,3,3,3,2. NO,,,,,,,,,,,,,,,,,,,,,,,,
5. South South,6. Bayelsa,608. YENEGOA,2. RURAL,1288,69041,1,2. NO,2. NO,2. NO,2. NO,2. NO,2. NO,2. NO,2. NO,2. NO,2. NO,3,,,2. NO,,,,,,,,,,,,,,,,,,,,,,,,
5. South South,6. Bayelsa,608. YENEGOA,2. RURAL,1288,69042,1,1. YES,1. YES,1. YES,1. YES,2. NO,1. YES,2. NO,2. NO,2. NO,2. NO,2,3,4,2. NO,,,,,,,,,,,,,,,,,,,,,,,,
5. South South,6. Bayelsa,603. KOLOKUMA,2. RURAL,0,69043,5101,2. NO,2. NO,2. NO,2. NO,2. NO,2. NO,2. NO,2. NO,2. NO,2. NO,3,,,2. NO,,,,,,,,,,,,,,,,,,,,,,,,
5. South South,6. Bayelsa,608. YENEGOA,2. RURAL,1288,69045,1,1. YES,1. YES,1. YES,2. NO,1. YES,1. YES,2. NO,2. NO,1. YES,2. NO,3,,,2. NO,,,,,,,,,,,,,,,,,,,,,,,,
5. South South,6. Bayelsa,608. YENEGOA,2. RURAL,1288,69046,1,1. YES,1. YES,1. YES,1. YES,1. YES,1. YES,1. YES,1. YES,1. YES,1. YES,2,2,,1. YES,0,0,0,0,1,1,0,0,1,1,0,0,1,0,0,0,0,0,0,0,12. LACK OF MONEY,8. FLOODS/WATER LOGGING,13. LACK OF ACCESS TO MONEY AT THE BANK DUE TO NAIRA REDESIGN,
5. South South,6. Bayelsa,608. YENEGOA,2. RURAL,1288,69047,5101,1. YES,1. YES,1. YES,1. YES,1. YES,2. NO,2. NO,2. NO,1. YES,2. NO,2,3,3,1. YES,0,0,0,0,1,1,0,0,1,1,1,1,0,0,0,0,0,0,0,0,12. LACK OF MONEY,8. FLOODS/WATER LOGGING,13. LACK OF ACCESS TO MONEY AT THE BANK DUE TO NAIRA REDESIGN,
5. South South,6. Bayelsa,608. YENEGOA,2. RURAL,1288,69048,5,1. YES,1. YES,1. YES,2. NO,1. YES,1. YES,2. NO,2. NO,1. YES,2. NO,3,3,,1. YES,0,0,0,0,1,1,0,0,1,1,0,0,1,0,0,0,0,0,0,0,12. LACK OF MONEY,8. FLOODS/WATER LOGGING,13. LACK OF ACCESS TO MONEY AT THE BANK DUE TO NAIRA REDESIGN,
5. South South,6. Bayelsa,601. BRASS,2. RURAL,16,69049,1,1. YES,1. YES,1. YES,1. YES,1. YES,1. YES,1. YES,2. NO,2. NO,1. YES,2,,,2. NO,,,,,,,,,,,,,,,,,,,,,,,,
5. South South,6. Bayelsa,601. BRASS,2. RURAL,16,69050,1,1. YES,1. YES,1. YES,1. YES,1. YES,2. NO,2. NO,1. YES,2. NO,2. NO,3,2,3,2. NO,,,,,,,,,,,,,,,,,,,,,,,,
5. South South,6. Bayelsa,604. NEMBE,1. URBAN,858,69051,2,1. YES,1. YES,1. YES,1. YES,1. YES,1. YES,2. NO,1. YES,1. YES,1. YES,2,,2,1. YES,0,0,0,0,0,1,1,0,1,1,0,1,1,0,0,0,0,0,0,0,12. LACK OF MONEY,8. FLOODS/WATER LOGGING,13. LACK OF ACCESS TO MONEY AT THE BANK DUE TO NAIRA REDESIGN,
5. South South,6. Bayelsa,604. NEMBE,1. URBAN,858,69052,1,1. YES,1. YES,1. YES,2. NO,1. YES,2. NO,2. NO,2. NO,2. NO,2. NO,3,3,,1. YES,0,0,0,0,0,1,0,0,1,1,0,0,1,0,0,0,0,0,0,0,12. LACK OF MONEY,13. LACK OF ACCESS TO MONEY AT THE BANK DUE TO NAIRA REDESIGN,8. FLOODS/WATER LOGGING,
1. North Central,7. Benue,708. GWER WEST,2. RURAL,754,70011,1,1. YES,1. YES,1. YES,2. NO,1. YES,1. YES,2. NO,2. NO,2. NO,1. YES,3,3,,1. YES,0,0,0,0,0,0,0,0,1,1,1,1,1,0,0,0,0,0,0,0,10. INADEQUATE FOOD STOCK FROM FARM DUE TO CONFLICT/SECURITY,5. FOOD IN THE MARKET WAS VERY EXPENSIVE,,
1. North Central,7. Benue,708. GWER WEST,2. RURAL,754,70012,1,2. NO,2. NO,1. YES,2. NO,2. NO,2. NO,2. NO,2. NO,2. NO,2. NO,2,,,2. NO,,,,,,,,,,,,,,,,,,,,,,,,
1. North Central,7. Benue,708. GWER WEST,2. RURAL,754,70013,2,1. YES,1. YES,1. YES,2. NO,1. YES,1. YES,2. NO,2. NO,2. NO,1. YES,3,3,,1. YES,0,0,0,0,0,0,0,0,1,1,1,1,0,0,0,0,0,0,0,0,10. INADEQUATE FOOD STOCK FROM FARM DUE TO CONFLICT/SECURITY,5. FOOD IN THE MARKET WAS VERY EXPENSIVE,,
1. North Central,7. Benue,708. GWER WEST,2. RURAL,754,70015,1,2. NO,1. YES,1. YES,2. NO,1. YES,1. YES,2. NO,2. NO,2. NO,2. NO,3,3,4,1. YES,0,0,0,0,0,0,0,0,1,1,1,0,0,0,0,0,0,0,0,0,10. INADEQUATE FOOD STOCK FROM FARM DUE TO CONFLICT/SECURITY,5. FOOD IN THE MARKET WAS VERY EXPENSIVE,,
1. North Central,7. Benue,708. GWER WEST,2. RURAL,754,70016,3,1. YES,1. YES,1. YES,2. NO,1. YES,1. YES,2. NO,2. NO,2. NO,2. NO,3,3,,2. NO,,,,,,,,,,,,,,,,,,,,,,,,
1. North Central,7. Benue,708. GWER WEST,2. RURAL,754,70017,1,1. YES,1. YES,1. YES,2. NO,1. YES,1. YES,1. YES,1. YES,2. NO,2. NO,3,,,2. NO,,,,,,,,,,,,,,,,,,,,,,,,
1. North Central,7. Benue,707. GWER,2. RURAL,0,70018,1,1. YES,1. YES,1. YES,1. YES,1. YES,2. NO,1. YES,1. YES,1. YES,1. YES,2,2,,1. YES,1,0,0,0,0,0,0,0,0,0,0,0,0,0,0,0,0,0,0,0,10. INADEQUATE FOOD STOCK FROM FARM DUE TO CONFLICT/SECURITY,6. UNABLE TO REACH THE MARKET DUE TO HIGH TRANSPORTATION COSTS,12. LACK OF MONEY,
1. North Central,7. Benue,708. GWER WEST,2. RURAL,754,70019,1,1. YES,1. YES,1. YES,1. YES,1. YES,1. YES,2. NO,2. NO,2. NO,2. NO,3,,,2. NO,,,,,,,,,,,,,,,,,,,,,,,,
1. North Central,7. Benue,708. GWER WEST,2. RURAL,754,70020,1,1. YES,1. YES,1. YES,1. YES,1. YES,2. NO,2. NO,2. NO,2. NO,2. NO,2,2,,2. NO,,,,,,,,,,,,,,,,,,,,,,,,
1. North Central,7. Benue,711. KWANDE,2. RURAL,2532,70062,14,1. YES,1. YES,1. YES,1. YES,1. YES,2. NO,2. NO,2. NO,1. YES,2. NO,2,2,2,2. NO,,,,,,,,,,,,,,,,,,,,,,,,
1. North Central,7. Benue,711. KWANDE,2. RURAL,2532,70063,3,1. YES,1. YES,1. YES,1. YES,1. YES,2. NO,2. NO,2. NO,1. YES,2. NO,2,2,3,2. NO,,,,,,,,,,,,,,,,,,,,,,,,
1. North Central,7. Benue,711. KWANDE,2. RURAL,2532,70064,1,1. YES,1. YES,1. YES,2. NO,1. YES,2. NO,2. NO,2. NO,2. NO,2. NO,2,2,3,2. NO,,,,,,,,,,,,,,,,,,,,,,,,
1. North Central,7. Benue,711. KWANDE,2. RURAL,2532,70066,1,2. NO,1. YES,1. YES,1. YES,1. YES,1. YES,2. NO,2. NO,2. NO,2. NO,3,4,,2. NO,,,,,,,,,,,,,,,,,,,,,,,,
1. North Central,7. Benue,711. KWANDE,2. RURAL,2532,70067,1,1. YES,1. YES,1. YES,2. NO,1. YES,2. NO,2. NO,2. NO,2. NO,2. NO,3,4,,2. NO,,,,,,,,,,,,,,,,,,,,,,,,
1. North Central,7. Benue,711. KWANDE,2. RURAL,2532,70068,2,1. YES,1. YES,1. YES,2. NO,1. YES,2. NO,1. YES,2. NO,2. NO,2. NO,3,4,,2. NO,,,,,,,,,,,,,,,,,,,,,,,,
1. North Central,7. Benue,711. KWANDE,2. RURAL,2532,70069,5,1. YES,1. YES,1. YES,2. NO,1. YES,1. YES,2. NO,2. NO,2. NO,2. NO,2,3,,2. NO,,,,,,,,,,,,,,,,,,,,,,,,
1. North Central,7. Benue,711. KWANDE,2. RURAL,2532,70070,1,1. YES,1. YES,1. YES,2. NO,1. YES,1. YES,2. NO,2. NO,2. NO,2. NO,2,3,,2. NO,,,,,,,,,,,,,,,,,,,,,,,,
1. North Central,7. Benue,709. KATSINA ALA,2. RURAL,1226,70071,1,1. YES,1. YES,1. YES,1. YES,1. YES,1. YES,2. NO,2. NO,2. NO,1. YES,3,,,1. YES,0,0,0,0,0,0,0,0,1,1,1,0,0,0,0,0,0,0,0,0,12. LACK OF MONEY,6. UNABLE TO REACH THE MARKET DUE TO HIGH TRANSPORTATION COSTS,13. LACK OF ACCESS TO MONEY AT THE BANK DUE TO NAIRA REDESIGN,
1. North Central,7. Benue,709. KATSINA ALA,2. RURAL,1226,70072,1,1. YES,1. YES,1. YES,1. YES,1. YES,1. YES,2. NO,2. NO,2. NO,2. NO,2,,,1. YES,0,0,0,0,0,0,0,0,0,0,0,0,0,1,1,1,0,0,0,0,10. INADEQUATE FOOD STOCK FROM FARM DUE TO CONFLICT/SECURITY,12. LACK OF MONEY,,
1. North Central,7. Benue,709. KATSINA ALA,2. RURAL,1226,70073,1,1. YES,1. YES,1. YES,1. YES,1. YES,2. NO,2. NO,2. NO,2. NO,1. YES,3,,,1. YES,0,0,0,0,0,0,0,0,0,0,0,0,1,1,0,0,0,0,0,0,10. INADEQUATE FOOD STOCK FROM FARM DUE TO CONFLICT/SECURITY,,,
1. North Central,7. Benue,709. KATSINA ALA,2. RURAL,1226,70074,2,1. YES,1. YES,2. NO,2. NO,1. YES,1. YES,2. NO,2. NO,1. YES,1. YES,2,,,1. YES,0,0,0,0,1,1,1,1,1,1,1,1,1,1,1,0,0,0,0,0,11. UNABLE TO REACH THE MARKET DUE TO CONFLICT/SECURITY,,,
1. North Central,7. Benue,709. KATSINA ALA,2. RURAL,1226,70075,2,2. NO,2. NO,1. YES,2. NO,2. NO,2. NO,2. NO,2. NO,2. NO,2. NO,3,,,1. YES,0,0,0,0,0,0,0,0,1,1,1,0,0,0,0,0,0,0,0,0,12. LACK OF MONEY,10. INADEQUATE FOOD STOCK FROM FARM DUE TO CONFLICT/SECURITY,,
1. North Central,7. Benue,709. KATSINA ALA,2. RURAL,1226,70076,2,1. YES,1. YES,1. YES,1. YES,1. YES,2. NO,2. NO,2. NO,2. NO,2. NO,3,,,2. NO,,,,,,,,,,,,,,,,,,,,,,,,
1. North Central,7. Benue,709. KATSINA ALA,2. RURAL,1226,70077,2,1. YES,1. YES,1. YES,1. YES,1. YES,1. YES,1. YES,1. YES,2. NO,1. YES,2,,,1. YES,0,0,0,1,1,1,1,1,1,1,1,0,0,0,0,0,0,0,0,0,11. UNABLE TO REACH THE MARKET DUE TO CONFLICT/SECURITY,10. INADEQUATE FOOD STOCK FROM FARM DUE TO CONFLICT/SECURITY,,
1. North Central,7. Benue,709. KATSINA ALA,2. RURAL,1226,70078,2,1. YES,1. YES,1. YES,1. YES,1. YES,1. YES,1. YES,2. NO,2. NO,2. NO,3,3,,1. YES,0,0,0,0,0,0,0,0,1,1,1,0,0,0,0,0,0,0,0,0,10. INADEQUATE FOOD STOCK FROM FARM DUE TO CONFLICT/SECURITY,12. LACK OF MONEY,,
1. North Central,7. Benue,709. KATSINA ALA,2. RURAL,1226,70079,1,1. YES,1. YES,1. YES,1. YES,1. YES,1. YES,2. NO,2. NO,1. YES,2. NO,2,2,3,1. YES,1,0,0,0,0,0,0,0,0,0,0,0,0,0,0,0,0,0,0,0,10. INADEQUATE FOOD STOCK FROM FARM DUE TO CONFLICT/SECURITY,,,
1. North Central,7. Benue,709. KATSINA ALA,2. RURAL,1226,70080,3,1. YES,1. YES,1. YES,1. YES,1. YES,1. YES,1. YES,2. NO,2. NO,2. NO,2,,,1. YES,1,0,0,0,0,0,0,0,0,0,0,0,0,0,0,0,0,0,0,0,10. INADEQUATE FOOD STOCK FROM FARM DUE TO CONFLICT/SECURITY,11. UNABLE TO REACH THE MARKET DUE TO CONFLICT/SECURITY,12. LACK OF MONEY,
1. North Central,7. Benue,718. OKPOKWU,2. RURAL,1640,70121,1,2. NO,2. NO,2. NO,2. NO,2. NO,2. NO,2. NO,2. NO,2. NO,2. NO,3,,,2. NO,,,,,,,,,,,,,,,,,,,,,,,,
1. North Central,7. Benue,718. OKPOKWU,2. RURAL,1640,70122,5103,1. YES,1. YES,1. YES,2. NO,1. YES,1. YES,1. YES,1. YES,1. YES,2. NO,3,4,,2. NO,,,,,,,,,,,,,,,,,,,,,,,,
1. North Central,7. Benue,718. OKPOKWU,2. RURAL,1640,70123,3,1. YES,2. NO,2. NO,2. NO,2. NO,2. NO,2. NO,2. NO,2. NO,2. NO,3,,,2. NO,,,,,,,,,,,,,,,,,,,,,,,,
1. North Central,7. Benue,718. OKPOKWU,2. RURAL,1640,70124,2,2. NO,1. YES,2. NO,2. NO,2. NO,2. NO,2. NO,2. NO,2. NO,2. NO,3,4,,2. NO,,,,,,,,,,,,,,,,,,,,,,,,
1. North Central,7. Benue,718. OKPOKWU,2. RURAL,1640,70125,1,2. NO,2. NO,2. NO,2. NO,1. YES,2. NO,2. NO,2. NO,2. NO,2. NO,3,3,,2. NO,,,,,,,,,,,,,,,,,,,,,,,,
1. North Central,7. Benue,718. OKPOKWU,2. RURAL,1640,70126,2,2. NO,1. YES,2. NO,2. NO,2. NO,2. NO,2. NO,2. NO,2. NO,2. NO,3,4,5,2. NO,,,,,,,,,,,,,,,,,,,,,,,,
1. North Central,7. Benue,718. OKPOKWU,2. RURAL,1640,70127,2,2. NO,1. YES,2. NO,2. NO,1. YES,2. NO,2. NO,2. NO,2. NO,2. NO,3,5,,2. NO,,,,,,,,,,,,,,,,,,,,,,,,
1. North Central,7. Benue,718. OKPOKWU,2. RURAL,1640,70128,1,2. NO,2. NO,2. NO,2. NO,2. NO,2. NO,2. NO,2. NO,2. NO,2. NO,3,,,2. NO,,,,,,,,,,,,,,,,,,,,,,,,
1. North Central,7. Benue,718. OKPOKWU,2. RURAL,1640,70129,5101,2. NO,2. NO,1. YES,2. NO,2. NO,2. NO,2. NO,2. NO,2. NO,1. YES,2,,,1. YES,0,0,0,0,0,0,0,0,1,1,0,1,0,0,0,0,0,0,0,0,5. FOOD IN THE MARKET WAS VERY EXPENSIVE,,,
1. North Central,7. Benue,718. OKPOKWU,2. RURAL,1640,70130,8,2. NO,2. NO,2. NO,2. NO,2. NO,2. NO,2. NO,2. NO,2. NO,2. NO,3,3,3,2. NO,,,,,,,,,,,,,,,,,,,,,,,,
1. North Central,7. Benue,715. OGBADIBO,2. RURAL,780,70131,1,2. NO,2. NO,2. NO,2. NO,2. NO,2. NO,2. NO,2. NO,2. NO,2. NO,3,3,,2. NO,,,,,,,,,,,,,,,,,,,,,,,,
1. North Central,7. Benue,715. OGBADIBO,2. RURAL,780,70132,2,2. NO,1. YES,1. YES,2. NO,2. NO,2. NO,2. NO,2. NO,2. NO,2. NO,3,3,3,2. NO,,,,,,,,,,,,,,,,,,,,,,,,
1. North Central,7. Benue,715. OGBADIBO,2. RURAL,780,70133,1,2. NO,2. NO,2. NO,2. NO,2. NO,2. NO,2. NO,2. NO,2. NO,2. NO,3,,,2. NO,,,,,,,,,,,,,,,,,,,,,,,,
1. North Central,7. Benue,715. OGBADIBO,2. RURAL,780,70134,1,2. NO,2. NO,2. NO,2. NO,2. NO,2. NO,2. NO,2. NO,2. NO,2. NO,3,3,,2. NO,,,,,,,,,,,,,,,,,,,,,,,,
1. North Central,7. Benue,715. OGBADIBO,2. RURAL,780,70135,1,2. NO,2. NO,2. NO,2. NO,2. NO,2. NO,2. NO,2. NO,2. NO,2. NO,3,,,2. NO,,,,,,,,,,,,,,,,,,,,,,,,
1. North Central,7. Benue,715. OGBADIBO,2. RURAL,780,70136,3,2. NO,1. YES,2. NO,2. NO,2. NO,2. NO,2. NO,2. NO,2. NO,2. NO,3,,5,2. NO,,,,,,,,,,,,,,,,,,,,,,,,
1. North Central,7. Benue,715. OGBADIBO,2. RURAL,780,70137,1,2. NO,2. NO,2. NO,2. NO,2. NO,1. YES,2. NO,2. NO,2. NO,2. NO,3,3,3,2. NO,,,,,,,,,,,,,,,,,,,,,,,,
1. North Central,7. Benue,715. OGBADIBO,2. RURAL,780,70139,1,2. NO,2. NO,2. NO,2. NO,2. NO,2. NO,2. NO,2. NO,2. NO,2. NO,3,3,,2. NO,,,,,,,,,,,,,,,,,,,,,,,,
1. North Central,7. Benue,715. OGBADIBO,2. RURAL,780,70140,1,2. NO,1. YES,1. YES,2. NO,2. NO,2. NO,2. NO,2. NO,2. NO,2. NO,3,,,2. NO,,,,,,,,,,,,,,,,,,,,,,,,
1. North Central,7. Benue,713. MARKURDI,2. RURAL,304,70151,7,1. YES,2. NO,1. YES,2. NO,2. NO,1. YES,2. NO,2. NO,2. NO,2. NO,2,,,2. NO,,,,,,,,,,,,,,,,,,,,,,,,
1. North Central,25. Nasarawa,2503. DOMA,2. RURAL,0,70152,2,2. NO,2. NO,2. NO,2. NO,2. NO,2. NO,2. NO,2. NO,2. NO,2. NO,3,3,3,2. NO,,,,,,,,,,,,,,,,,,,,,,,,
1. North Central,7. Benue,713. MARKURDI,2. RURAL,304,70153,1,2. NO,2. NO,2. NO,2. NO,2. NO,2. NO,2. NO,2. NO,2. NO,2. NO,3,3,,2. NO,,,,,,,,,,,,,,,,,,,,,,,,
1. North Central,7. Benue,713. MARKURDI,2. RURAL,304,70154,7,2. NO,2. NO,2. NO,2. NO,2. NO,2. NO,2. NO,2. NO,2. NO,2. NO,3,3,,2. NO,,,,,,,,,,,,,,,,,,,,,,,,
1. North Central,7. Benue,713. MARKURDI,2. RURAL,304,70155,1,1. YES,1. YES,1. YES,1. YES,1. YES,1. YES,2. NO,2. NO,1. YES,1. YES,2,2,2,2. NO,,,,,,,,,,,,,,,,,,,,,,,,
1. North Central,7. Benue,713. MARKURDI,2. RURAL,304,70156,4,1. YES,1. YES,1. YES,2. NO,2. NO,1. YES,2. NO,2. NO,2. NO,2. NO,2,,,2. NO,,,,,,,,,,,,,,,,,,,,,,,,
1. North Central,7. Benue,713. MARKURDI,2. RURAL,304,70157,703,2. NO,2. NO,2. NO,2. NO,2. NO,2. NO,2. NO,2. NO,2. NO,2. NO,3,,,2. NO,,,,,,,,,,,,,,,,,,,,,,,,
1. North Central,7. Benue,713. MARKURDI,2. RURAL,304,70158,3,2. NO,2. NO,2. NO,2. NO,2. NO,2. NO,2. NO,2. NO,2. NO,2. NO,2,2,6,2. NO,,,,,,,,,,,,,,,,,,,,,,,,
1. North Central,7. Benue,713. MARKURDI,2. RURAL,304,70159,1001,2. NO,1. YES,1. YES,2. NO,2. NO,2. NO,1. YES,2. NO,2. NO,2. NO,3,,,2. NO,,,,,,,,,,,,,,,,,,,,,,,,
1. North Central,7. Benue,713. MARKURDI,2. RURAL,304,70160,6,2. NO,2. NO,1. YES,2. NO,2. NO,2. NO,2. NO,2. NO,2. NO,2. NO,3,4,,2. NO,,,,,,,,,,,,,,,,,,,,,,,,
1. North Central,7. Benue,701. ADOR,2. RURAL,104,79002,1,2. NO,1. YES,2. NO,2. NO,2. NO,2. NO,2. NO,2. NO,2. NO,2. NO,3,4,,2. NO,,,,,,,,,,,,,,,,,,,,,,,,
1. North Central,7. Benue,701. ADOR,2. RURAL,104,79004,1,1. YES,1. YES,1. YES,1. YES,1. YES,1. YES,2. NO,2. NO,2. NO,2. NO,2,,3,1. YES,0,0,0,0,0,0,0,0,0,0,0,1,1,0,0,0,0,0,0,0,3. INADEQUATE HOUSEHOLD FOOD STOCKS DUE TO SMALL LAND SIZE,2. INADEQUATE HOUSEHOLD FOOD STOCKS DUE TO CROP PEST DAMAGE,,
1. North Central,7. Benue,701. ADOR,2. RURAL,104,79005,1,2. NO,2. NO,2. NO,2. NO,2. NO,2. NO,2. NO,2. NO,2. NO,2. NO,3,,,2. NO,,,,,,,,,,,,,,,,,,,,,,,,
1. North Central,7. Benue,701. ADOR,2. RURAL,104,79006,1,2. NO,1. YES,2. NO,2. NO,2. NO,2. NO,2. NO,2. NO,2. NO,2. NO,3,4,,2. NO,,,,,,,,,,,,,,,,,,,,,,,,
1. North Central,7. Benue,701. ADOR,2. RURAL,104,79007,1,2. NO,1. YES,1. YES,1. YES,1. YES,2. NO,2. NO,2. NO,2. NO,2. NO,3,3,,2. NO,,,,,,,,,,,,,,,,,,,,,,,,
1. North Central,7. Benue,701. ADOR,2. RURAL,104,79009,1,1. YES,1. YES,1. YES,1. YES,1. YES,2. NO,2. NO,2. NO,2. NO,1. YES,2,2,,1. YES,0,0,0,0,0,0,0,0,0,0,0,0,0,0,1,0,0,0,0,0,10. INADEQUATE FOOD STOCK FROM FARM DUE TO CONFLICT/SECURITY,12. LACK OF MONEY,,
1. North Central,7. Benue,701. ADOR,2. RURAL,104,79010,2,2. NO,2. NO,1. YES,2. NO,2. NO,2. NO,2. NO,2. NO,2. NO,1. YES,2,4,,2. NO,,,,,,,,,,,,,,,,,,,,,,,,
1. North Central,7. Benue,701. ADOR,2. RURAL,104,79011,1,2. NO,1. YES,2. NO,2. NO,2. NO,2. NO,2. NO,2. NO,2. NO,2. NO,3,4,5,2. NO,,,,,,,,,,,,,,,,,,,,,,,,
1. North Central,7. Benue,701. ADOR,2. RURAL,104,79012,1,1. YES,2. NO,2. NO,2. NO,2. NO,2. NO,2. NO,2. NO,2. NO,2. NO,3,3,3,2. NO,,,,,,,,,,,,,,,,,,,,,,,,
1. North Central,7. Benue,702. AGATU,2. RURAL,954,79014,1,2. NO,2. NO,1. YES,2. NO,2. NO,1. YES,2. NO,2. NO,2. NO,2. NO,3,,,2. NO,,,,,,,,,,,,,,,,,,,,,,,,
1. North Central,7. Benue,702. AGATU,2. RURAL,954,79015,1,2. NO,2. NO,2. NO,2. NO,1. YES,2. NO,2. NO,2. NO,2. NO,2. NO,3,,,2. NO,,,,,,,,,,,,,,,,,,,,,,,,
1. North Central,7. Benue,702. AGATU,2. RURAL,954,79016,1,1. YES,1. YES,1. YES,2. NO,1. YES,2. NO,2. NO,2. NO,2. NO,1. YES,3,3,4,2. NO,,,,,,,,,,,,,,,,,,,,,,,,
1. North Central,7. Benue,702. AGATU,2. RURAL,954,79017,1,1. YES,1. YES,1. YES,1. YES,1. YES,1. YES,2. NO,2. NO,2. NO,2. NO,3,,,1. YES,1,0,0,0,0,0,0,0,0,0,0,0,0,0,0,0,0,0,0,0,5. FOOD IN THE MARKET WAS VERY EXPENSIVE,12. LACK OF MONEY,13. LACK OF ACCESS TO MONEY AT THE BANK DUE TO NAIRA REDESIGN,
1. North Central,7. Benue,702. AGATU,2. RURAL,954,79018,1,2. NO,2. NO,2. NO,2. NO,2. NO,2. NO,2. NO,2. NO,2. NO,2. NO,3,3,,2. NO,,,,,,,,,,,,,,,,,,,,,,,,
1. North Central,7. Benue,702. AGATU,2. RURAL,954,79019,2,2. NO,2. NO,2. NO,2. NO,2. NO,2. NO,2. NO,2. NO,2. NO,2. NO,3,3,,2. NO,,,,,,,,,,,,,,,,,,,,,,,,
1. North Central,7. Benue,702. AGATU,2. RURAL,954,79020,1,2. NO,1. YES,2. NO,2. NO,2. NO,2. NO,2. NO,2. NO,2. NO,2. NO,3,,5,2. NO,,,,,,,,,,,,,,,,,,,,,,,,
1. North Central,7. Benue,702. AGATU,2. RURAL,954,79021,1,2. NO,1. YES,1. YES,1. YES,1. YES,1. YES,2. NO,2. NO,2. NO,1. YES,3,4,,1. YES,1,0,0,0,0,0,0,0,0,0,0,0,0,0,0,0,0,0,0,0,13. LACK OF ACCESS TO MONEY AT THE BANK DUE TO NAIRA REDESIGN,1. INADEQUATE HOUSEHOLD FOOD STOCKS DUE TO DROUGHT/ POOR RAINS,10. INADEQUATE FOOD STOCK FROM FARM DUE TO CONFLICT/SECURITY,
1. North Central,7. Benue,702. AGATU,2. RURAL,954,79023,1,2. NO,1. YES,2. NO,2. NO,2. NO,2. NO,2. NO,2. NO,2. NO,2. NO,3,5,6,2. NO,,,,,,,,,,,,,,,,,,,,,,,,
1. North Central,7. Benue,702. AGATU,2. RURAL,954,79024,2,2. NO,1. YES,2. NO,2. NO,2. NO,2. NO,2. NO,2. NO,2. NO,2. NO,3,4,,2. NO,,,,,,,,,,,,,,,,,,,,,,,,
1. North Central,7. Benue,704. BURUKU,2. RURAL,10,79025,1,1. YES,1. YES,1. YES,2. NO,2. NO,2. NO,2. NO,2. NO,2. NO,2. NO,3,3,,2. NO,,,,,,,,,,,,,,,,,,,,,,,,
1. North Central,7. Benue,704. BURUKU,2. RURAL,10,79026,2,2. NO,2. NO,2. NO,2. NO,2. NO,2. NO,2. NO,2. NO,2. NO,2. NO,3,3,3,2. NO,,,,,,,,,,,,,,,,,,,,,,,,
1. North Central,7. Benue,704. BURUKU,2. RURAL,10,79028,2,2. NO,2. NO,2. NO,2. NO,2. NO,2. NO,2. NO,2. NO,2. NO,2. NO,3,3,,2. NO,,,,,,,,,,,,,,,,,,,,,,,,
1. North Central,7. Benue,704. BURUKU,2. RURAL,10,79029,1,2. NO,1. YES,1. YES,2. NO,2. NO,2. NO,2. NO,2. NO,2. NO,2. NO,3,,,2. NO,,,,,,,,,,,,,,,,,,,,,,,,
1. North Central,7. Benue,704. BURUKU,2. RURAL,10,79030,3,1. YES,1. YES,1. YES,2. NO,2. NO,1. YES,2. NO,2. NO,2. NO,2. NO,2,2,,2. NO,,,,,,,,,,,,,,,,,,,,,,,,
1. North Central,7. Benue,704. BURUKU,2. RURAL,10,79032,1,2. NO,1. YES,1. YES,2. NO,2. NO,2. NO,2. NO,2. NO,2. NO,2. NO,3,3,4,2. NO,,,,,,,,,,,,,,,,,,,,,,,,
1. North Central,7. Benue,704. BURUKU,2. RURAL,10,79033,1,2. NO,2. NO,2. NO,2. NO,2. NO,2. NO,2. NO,2. NO,2. NO,2. NO,2,,,2. NO,,,,,,,,,,,,,,,,,,,,,,,,
1. North Central,7. Benue,704. BURUKU,2. RURAL,10,79034,1,2. NO,2. NO,1. YES,1. YES,1. YES,2. NO,2. NO,2. NO,2. NO,2. NO,2,,6,2. NO,,,,,,,,,,,,,,,,,,,,,,,,
1. North Central,7. Benue,704. BURUKU,2. RURAL,10,79035,1,1. YES,1. YES,1. YES,1. YES,1. YES,2. NO,2. NO,2. NO,2. NO,2. NO,3,,,2. NO,,,,,,,,,,,,,,,,,,,,,,,,
1. North Central,7. Benue,704. BURUKU,2. RURAL,10,79036,1,1. YES,1. YES,1. YES,1. YES,1. YES,2. NO,2. NO,2. NO,2. NO,2. NO,2,,,2. NO,,,,,,,,,,,,,,,,,,,,,,,,
1. North Central,7. Benue,705. GBOKO,1. URBAN,3834,79038,2,2. NO,2. NO,2. NO,2. NO,2. NO,2. NO,2. NO,2. NO,2. NO,2. NO,3,3,4,2. NO,,,,,,,,,,,,,,,,,,,,,,,,
1. North Central,7. Benue,705. GBOKO,1. URBAN,3834,79039,1,1. YES,1. YES,1. YES,2. NO,1. YES,2. NO,2. NO,2. NO,2. NO,2. NO,3,3,,2. NO,,,,,,,,,,,,,,,,,,,,,,,,
1. North Central,7. Benue,705. GBOKO,1. URBAN,3834,79040,1,2. NO,2. NO,2. NO,2. NO,2. NO,2. NO,2. NO,2. NO,2. NO,2. NO,3,3,,2. NO,,,,,,,,,,,,,,,,,,,,,,,,
1. North Central,7. Benue,705. GBOKO,1. URBAN,3834,79041,1,1. YES,1. YES,1. YES,1. YES,1. YES,1. YES,2. NO,2. NO,2. NO,2. NO,3,,,2. NO,,,,,,,,,,,,,,,,,,,,,,,,
1. North Central,7. Benue,705. GBOKO,1. URBAN,3834,79042,1,1. YES,1. YES,1. YES,1. YES,1. YES,2. NO,2. NO,2. NO,2. NO,2. NO,3,3,,1. YES,0,0,0,0,0,0,0,0,0,0,0,0,0,1,1,0,0,0,0,0,4. INADEQUATE HOUSEHOLD FOOD STOCKS DUE TO LACK OF FARM INPUTS,5. FOOD IN THE MARKET WAS VERY EXPENSIVE,,
1. North Central,7. Benue,705. GBOKO,1. URBAN,3834,79043,1,1. YES,1. YES,1. YES,1. YES,1. YES,2. NO,2. NO,2. NO,2. NO,2. NO,2,3,,1. YES,0,0,0,0,0,0,0,0,0,0,0,0,1,1,0,0,0,0,0,0,4. INADEQUATE HOUSEHOLD FOOD STOCKS DUE TO LACK OF FARM INPUTS,,,
1. North Central,7. Benue,705. GBOKO,2. RURAL,0,79045,5101,2. NO,2. NO,2. NO,2. NO,2. NO,2. NO,2. NO,2. NO,2. NO,2. NO,3,3,4,1. YES,0,0,0,0,0,0,0,0,0,0,0,0,0,0,1,0,0,0,0,0,3. INADEQUATE HOUSEHOLD FOOD STOCKS DUE TO SMALL LAND SIZE,5. FOOD IN THE MARKET WAS VERY EXPENSIVE,,
1. North Central,7. Benue,705. GBOKO,1. URBAN,3834,79046,1,2. NO,1. YES,2. NO,2. NO,2. NO,2. NO,2. NO,2. NO,2. NO,2. NO,2,,,2. NO,,,,,,,,,,,,,,,,,,,,,,,,
1. North Central,7. Benue,705. GBOKO,1. URBAN,3834,79047,2,1. YES,1. YES,1. YES,1. YES,1. YES,2. NO,1. YES,2. NO,1. YES,2. NO,2,2,3,2. NO,,,,,,,,,,,,,,,,,,,,,,,,
6. South West,24. Lagos,2408. ETI OSA,1. URBAN,0,79051,2,2. NO,2. NO,2. NO,2. NO,2. NO,2. NO,2. NO,2. NO,2. NO,2. NO,2,3,,2. NO,,,,,,,,,,,,,,,,,,,,,,,,
1. North Central,22. Kogi,2207. IDAH,1. URBAN,0,79052,1,1. YES,1. YES,2. NO,2. NO,2. NO,2. NO,2. NO,2. NO,2. NO,2. NO,3,4,,2. NO,,,,,,,,,,,,,,,,,,,,,,,,
1. North Central,7. Benue,713. MARKURDI,1. URBAN,694,79053,2,1. YES,1. YES,1. YES,2. NO,2. NO,2. NO,2. NO,2. NO,1. YES,2. NO,2,2,6,2. NO,,,,,,,,,,,,,,,,,,,,,,,,
1. North Central,7. Benue,713. MARKURDI,1. URBAN,694,79054,2,1. YES,2. NO,2. NO,2. NO,2. NO,2. NO,2. NO,2. NO,2. NO,2. NO,3,3,3,2. NO,,,,,,,,,,,,,,,,,,,,,,,,
1. North Central,7. Benue,713. MARKURDI,1. URBAN,694,79055,5102,2. NO,2. NO,2. NO,2. NO,2. NO,2. NO,2. NO,2. NO,2. NO,2. NO,3,3,4,2. NO,,,,,,,,,,,,,,,,,,,,,,,,
1. North Central,7. Benue,713. MARKURDI,1. URBAN,694,79056,1,1. YES,2. NO,1. YES,2. NO,2. NO,2. NO,2. NO,2. NO,2. NO,2. NO,3,5,,2. NO,,,,,,,,,,,,,,,,,,,,,,,,
1. North Central,7. Benue,713. MARKURDI,1. URBAN,694,79057,2,1. YES,1. YES,1. YES,2. NO,1. YES,2. NO,2. NO,2. NO,2. NO,2. NO,3,,,2. NO,,,,,,,,,,,,,,,,,,,,,,,,
1. North Central,7. Benue,713. MARKURDI,1. URBAN,694,79058,1,2. NO,1. YES,2. NO,2. NO,2. NO,2. NO,2. NO,2. NO,2. NO,2. NO,3,4,5,2. NO,,,,,,,,,,,,,,,,,,,,,,,,
1. North Central,7. Benue,713. MARKURDI,1. URBAN,694,79059,1,2. NO,2. NO,2. NO,2. NO,2. NO,2. NO,2. NO,2. NO,2. NO,2. NO,3,3,,2. NO,,,,,,,,,,,,,,,,,,,,,,,,
1. North Central,7. Benue,713. MARKURDI,1. URBAN,694,79060,5107,2. NO,2. NO,2. NO,1. YES,1. YES,2. NO,1. YES,2. NO,2. NO,2. NO,3,,3,2. NO,,,,,,,,,,,,,,,,,,,,,,,,
1. North Central,7. Benue,716. OHIMINI,2. RURAL,458,79061,1,1. YES,1. YES,1. YES,2. NO,1. YES,2. NO,2. NO,2. NO,2. NO,1. YES,4,,,1. YES,0,0,0,0,0,0,0,1,1,0,0,0,0,0,0,0,0,0,0,0,13. LACK OF ACCESS TO MONEY AT THE BANK DUE TO NAIRA REDESIGN,12. LACK OF MONEY,,
1. North Central,7. Benue,716. OHIMINI,2. RURAL,458,79062,1,2. NO,2. NO,2. NO,2. NO,2. NO,2. NO,2. NO,2. NO,2. NO,2. NO,3,4,,2. NO,,,,,,,,,,,,,,,,,,,,,,,,
1. North Central,7. Benue,716. OHIMINI,2. RURAL,458,79064,2,2. NO,1. YES,2. NO,2. NO,2. NO,2. NO,2. NO,2. NO,2. NO,2. NO,3,4,5,2. NO,,,,,,,,,,,,,,,,,,,,,,,,
1. North Central,7. Benue,716. OHIMINI,2. RURAL,458,79065,1,1. YES,1. YES,1. YES,2. NO,2. NO,2. NO,2. NO,2. NO,2. NO,2. NO,3,3,,2. NO,,,,,,,,,,,,,,,,,,,,,,,,
1. North Central,7. Benue,716. OHIMINI,2. RURAL,458,79067,1,2. NO,1. YES,2. NO,2. NO,2. NO,2. NO,2. NO,2. NO,2. NO,2. NO,3,3,,2. NO,,,,,,,,,,,,,,,,,,,,,,,,
1. North Central,7. Benue,716. OHIMINI,2. RURAL,458,79068,2,2. NO,2. NO,2. NO,2. NO,2. NO,2. NO,2. NO,2. NO,2. NO,2. NO,3,,,2. NO,,,,,,,,,,,,,,,,,,,,,,,,
1. North Central,7. Benue,716. OHIMINI,2. RURAL,458,79069,2,2. NO,2. NO,2. NO,2. NO,2. NO,2. NO,2. NO,2. NO,2. NO,2. NO,3,4,6,2. NO,,,,,,,,,,,,,,,,,,,,,,,,
1. North Central,7. Benue,716. OHIMINI,2. RURAL,458,79070,7,1. YES,1. YES,1. YES,1. YES,1. YES,1. YES,1. YES,2. NO,2. NO,1. YES,3,,,1. YES,1,0,0,0,0,0,0,0,0,0,0,0,0,0,0,0,0,0,0,0,5. FOOD IN THE MARKET WAS VERY EXPENSIVE,4. INADEQUATE HOUSEHOLD FOOD STOCKS DUE TO LACK OF FARM INPUTS,,
1. North Central,7. Benue,716. OHIMINI,2. RURAL,458,79072,1,2. NO,2. NO,2. NO,2. NO,2. NO,2. NO,2. NO,2. NO,2. NO,1. YES,3,,,2. NO,,,,,,,,,,,,,,,,,,,,,,,,
1. North Central,7. Benue,717. OJU,2. RURAL,478,79073,1,2. NO,1. YES,2. NO,2. NO,2. NO,2. NO,2. NO,2. NO,2. NO,2. NO,3,,,2. NO,,,,,,,,,,,,,,,,,,,,,,,,
1. North Central,7. Benue,717. OJU,2. RURAL,478,79074,1,2. NO,2. NO,2. NO,2. NO,2. NO,2. NO,2. NO,2. NO,2. NO,2. NO,3,3,3,2. NO,,,,,,,,,,,,,,,,,,,,,,,,
1. North Central,7. Benue,717. OJU,2. RURAL,478,79075,1,2. NO,1. YES,2. NO,2. NO,2. NO,2. NO,2. NO,2. NO,2. NO,2. NO,3,4,,2. NO,,,,,,,,,,,,,,,,,,,,,,,,
1. North Central,7. Benue,717. OJU,2. RURAL,478,79077,1,2. NO,2. NO,2. NO,2. NO,2. NO,2. NO,2. NO,2. NO,2. NO,2. NO,3,3,,2. NO,,,,,,,,,,,,,,,,,,,,,,,,
1. North Central,7. Benue,717. OJU,2. RURAL,478,79078,1,1. YES,2. NO,1. YES,2. NO,2. NO,2. NO,2. NO,2. NO,2. NO,2. NO,2,,3,2. NO,,,,,,,,,,,,,,,,,,,,,,,,
1. North Central,7. Benue,717. OJU,2. RURAL,478,79080,1,2. NO,1. YES,2. NO,2. NO,2. NO,2. NO,2. NO,2. NO,2. NO,2. NO,3,,,2. NO,,,,,,,,,,,,,,,,,,,,,,,,
1. North Central,7. Benue,717. OJU,2. RURAL,478,79081,1,2. NO,2. NO,1. YES,2. NO,1. YES,2. NO,2. NO,2. NO,2. NO,2. NO,3,4,,2. NO,,,,,,,,,,,,,,,,,,,,,,,,
1. North Central,7. Benue,717. OJU,2. RURAL,478,79082,1,2. NO,1. YES,1. YES,2. NO,2. NO,2. NO,2. NO,2. NO,2. NO,2. NO,2,,,2. NO,,,,,,,,,,,,,,,,,,,,,,,,
1. North Central,7. Benue,717. OJU,2. RURAL,478,79083,1,2. NO,2. NO,2. NO,2. NO,2. NO,2. NO,2. NO,2. NO,2. NO,2. NO,3,3,3,2. NO,,,,,,,,,,,,,,,,,,,,,,,,
1. North Central,7. Benue,717. OJU,2. RURAL,478,79084,1,1. YES,1. YES,1. YES,2. NO,1. YES,1. YES,2. NO,2. NO,2. NO,1. YES,2,2,,1. YES,1,0,0,0,0,0,0,0,0,0,0,0,0,0,0,0,0,0,0,0,5. FOOD IN THE MARKET WAS VERY EXPENSIVE,12. LACK OF MONEY,,
1. North Central,7. Benue,718. OKPOKWU,2. RURAL,504,79085,5101,1. YES,1. YES,2. NO,2. NO,2. NO,2. NO,2. NO,2. NO,2. NO,1. YES,3,,,1. YES,0,0,0,0,0,0,0,0,0,0,1,1,1,1,0,0,0,0,0,0,13. LACK OF ACCESS TO MONEY AT THE BANK DUE TO NAIRA REDESIGN,,,
1. North Central,7. Benue,718. OKPOKWU,2. RURAL,504,79087,1,2. NO,2. NO,2. NO,2. NO,2. NO,2. NO,2. NO,2. NO,2. NO,2. NO,3,3,,2. NO,,,,,,,,,,,,,,,,,,,,,,,,
1. North Central,7. Benue,718. OKPOKWU,2. RURAL,504,79088,1,2. NO,2. NO,2. NO,2. NO,2. NO,2. NO,2. NO,2. NO,2. NO,2. NO,3,,,2. NO,,,,,,,,,,,,,,,,,,,,,,,,
1. North Central,7. Benue,718. OKPOKWU,2. RURAL,504,79090,5101,1. YES,1. YES,1. YES,1. YES,1. YES,2. NO,1. YES,2. NO,1. YES,1. YES,3,3,3,1. YES,1,0,0,0,0,0,0,0,0,0,0,0,0,0,0,0,0,0,0,0,5. FOOD IN THE MARKET WAS VERY EXPENSIVE,,,
1. North Central,7. Benue,718. OKPOKWU,2. RURAL,504,79091,1,2. NO,2. NO,2. NO,2. NO,2. NO,2. NO,2. NO,2. NO,2. NO,2. NO,3,3,,2. NO,,,,,,,,,,,,,,,,,,,,,,,,
1. North Central,7. Benue,718. OKPOKWU,2. RURAL,504,79092,2,1. YES,1. YES,1. YES,1. YES,1. YES,1. YES,2. NO,2. NO,2. NO,1. YES,2,4,5,1. YES,0,0,0,1,1,1,0,1,1,0,1,1,1,0,0,0,0,0,0,0,5. FOOD IN THE MARKET WAS VERY EXPENSIVE,6. UNABLE TO REACH THE MARKET DUE TO HIGH TRANSPORTATION COSTS,12. LACK OF MONEY,
1. North Central,7. Benue,718. OKPOKWU,2. RURAL,504,79093,2,2. NO,1. YES,2. NO,2. NO,2. NO,2. NO,2. NO,2. NO,2. NO,2. NO,3,,,2. NO,,,,,,,,,,,,,,,,,,,,,,,,
1. North Central,7. Benue,718. OKPOKWU,2. RURAL,504,79094,2,1. YES,1. YES,1. YES,1. YES,1. YES,1. YES,2. NO,2. NO,1. YES,2. NO,2,4,4,1. YES,1,0,0,0,0,0,0,0,0,0,0,0,0,0,0,0,0,0,0,0,5. FOOD IN THE MARKET WAS VERY EXPENSIVE,3. INADEQUATE HOUSEHOLD FOOD STOCKS DUE TO SMALL LAND SIZE,1. INADEQUATE HOUSEHOLD FOOD STOCKS DUE TO DROUGHT/ POOR RAINS,
1. North Central,7. Benue,718. OKPOKWU,2. RURAL,504,79095,1,2. NO,2. NO,2. NO,2. NO,2. NO,2. NO,2. NO,2. NO,2. NO,2. NO,3,5,6,2. NO,,,,,,,,,,,,,,,,,,,,,,,,
1. North Central,7. Benue,718. OKPOKWU,2. RURAL,504,79096,1,2. NO,2. NO,2. NO,2. NO,2. NO,2. NO,2. NO,2. NO,2. NO,2. NO,4,3,,2. NO,,,,,,,,,,,,,,,,,,,,,,,,
1. North Central,7. Benue,718. OKPOKWU,2. RURAL,1228,79097,2,2. NO,1. YES,2. NO,2. NO,2. NO,2. NO,2. NO,2. NO,2. NO,2. NO,3,4,5,2. NO,,,,,,,,,,,,,,,,,,,,,,,,
1. North Central,7. Benue,718. OKPOKWU,2. RURAL,1228,79098,1,1. YES,2. NO,2. NO,2. NO,2. NO,2. NO,2. NO,2. NO,2. NO,2. NO,3,,,2. NO,,,,,,,,,,,,,,,,,,,,,,,,
1. North Central,7. Benue,718. OKPOKWU,2. RURAL,1228,79099,1,1. YES,1. YES,1. YES,1. YES,1. YES,1. YES,1. YES,1. YES,2. NO,1. YES,2,3,,2. NO,,,,,,,,,,,,,,,,,,,,,,,,
1. North Central,7. Benue,718. OKPOKWU,2. RURAL,1228,79101,1,2. NO,2. NO,2. NO,2. NO,2. NO,2. NO,2. NO,2. NO,2. NO,2. NO,3,3,4,2. NO,,,,,,,,,,,,,,,,,,,,,,,,
1. North Central,7. Benue,718. OKPOKWU,2. RURAL,1228,79102,1,1. YES,1. YES,1. YES,1. YES,1. YES,1. YES,1. YES,2. NO,2. NO,1. YES,2,,,1. YES,1,0,0,0,0,0,0,0,0,0,0,0,0,0,0,0,0,0,0,0,1. INADEQUATE HOUSEHOLD FOOD STOCKS DUE TO DROUGHT/ POOR RAINS,5. FOOD IN THE MARKET WAS VERY EXPENSIVE,13. LACK OF ACCESS TO MONEY AT THE BANK DUE TO NAIRA REDESIGN,
1. North Central,7. Benue,718. OKPOKWU,2. RURAL,1228,79104,1,1. YES,1. YES,1. YES,1. YES,1. YES,1. YES,1. YES,1. YES,1. YES,1. YES,2,,4,1. YES,1,0,0,0,0,0,0,0,0,0,0,0,0,0,0,0,0,0,0,0,5. FOOD IN THE MARKET WAS VERY EXPENSIVE,1. INADEQUATE HOUSEHOLD FOOD STOCKS DUE TO DROUGHT/ POOR RAINS,,
1. North Central,7. Benue,718. OKPOKWU,2. RURAL,1228,79105,1,2. NO,1. YES,2. NO,2. NO,2. NO,2. NO,2. NO,2. NO,2. NO,2. NO,3,,,2. NO,,,,,,,,,,,,,,,,,,,,,,,,
1. North Central,7. Benue,718. OKPOKWU,2. RURAL,1228,79106,2,2. NO,1. YES,2. NO,2. NO,2. NO,2. NO,2. NO,2. NO,2. NO,2. NO,3,,,2. NO,,,,,,,,,,,,,,,,,,,,,,,,
1. North Central,7. Benue,718. OKPOKWU,2. RURAL,1228,79108,3,2. NO,2. NO,2. NO,2. NO,2. NO,2. NO,2. NO,2. NO,2. NO,2. NO,3,3,,2. NO,,,,,,,,,,,,,,,,,,,,,,,,
1. North Central,7. Benue,719. OTUKPO,2. RURAL,270,79109,2,2. NO,2. NO,2. NO,2. NO,1. YES,2. NO,2. NO,2. NO,2. NO,2. NO,3,5,,2. NO,,,,,,,,,,,,,,,,,,,,,,,,
1. North Central,7. Benue,719. OTUKPO,2. RURAL,270,79110,101,1. YES,1. YES,1. YES,1. YES,1. YES,1. YES,2. NO,2. NO,2. NO,1. YES,2,,,2. NO,,,,,,,,,,,,,,,,,,,,,,,,
1. North Central,7. Benue,719. OTUKPO,2. RURAL,270,79111,4,1. YES,1. YES,1. YES,1. YES,1. YES,1. YES,1. YES,1. YES,1. YES,1. YES,2,4,5,1. YES,1,0,0,0,0,0,0,0,0,0,0,0,0,0,0,0,0,0,0,0,10. INADEQUATE FOOD STOCK FROM FARM DUE TO CONFLICT/SECURITY,5. FOOD IN THE MARKET WAS VERY EXPENSIVE,13. LACK OF ACCESS TO MONEY AT THE BANK DUE TO NAIRA REDESIGN,
1. North Central,7. Benue,719. OTUKPO,2. RURAL,270,79112,1,2. NO,2. NO,2. NO,2. NO,1. YES,2. NO,2. NO,2. NO,2. NO,2. NO,3,5,,2. NO,,,,,,,,,,,,,,,,,,,,,,,,
1. North Central,7. Benue,719. OTUKPO,2. RURAL,270,79113,6,2. NO,2. NO,2. NO,2. NO,1. YES,2. NO,2. NO,2. NO,2. NO,2. NO,3,,,2. NO,,,,,,,,,,,,,,,,,,,,,,,,
1. North Central,7. Benue,719. OTUKPO,2. RURAL,270,79114,1,1. YES,1. YES,1. YES,1. YES,1. YES,1. YES,1. YES,2. NO,2. NO,1. YES,2,,,1. YES,1,0,0,0,0,0,0,0,0,0,0,0,0,0,0,0,0,0,0,0,5. FOOD IN THE MARKET WAS VERY EXPENSIVE,12. LACK OF MONEY,13. LACK OF ACCESS TO MONEY AT THE BANK DUE TO NAIRA REDESIGN,
1. North Central,7. Benue,719. OTUKPO,2. RURAL,270,79116,1,2. NO,2. NO,2. NO,2. NO,2. NO,2. NO,2. NO,2. NO,2. NO,2. NO,3,3,,2. NO,,,,,,,,,,,,,,,,,,,,,,,,
1. North Central,7. Benue,719. OTUKPO,2. RURAL,270,79117,1,2. NO,2. NO,1. YES,2. NO,2. NO,1. YES,2. NO,2. NO,2. NO,2. NO,3,3,,1. YES,0,0,0,0,0,0,0,0,0,0,0,1,0,0,0,0,0,0,0,0,5. FOOD IN THE MARKET WAS VERY EXPENSIVE,12. LACK OF MONEY,,
1. North Central,7. Benue,719. OTUKPO,2. RURAL,270,79119,1,1. YES,1. YES,1. YES,2. NO,2. NO,2. NO,2. NO,2. NO,2. NO,2. NO,3,3,3,2. NO,,,,,,,,,,,,,,,,,,,,,,,,
1. North Central,7. Benue,719. OTUKPO,2. RURAL,270,79120,8,1. YES,1. YES,1. YES,1. YES,1. YES,1. YES,2. NO,2. NO,2. NO,1. YES,2,3,,1. YES,1,0,0,0,0,0,0,0,0,0,0,0,0,0,0,0,0,0,0,0,5. FOOD IN THE MARKET WAS VERY EXPENSIVE,12. LACK OF MONEY,13. LACK OF ACCESS TO MONEY AT THE BANK DUE TO NAIRA REDESIGN,
1. North Central,7. Benue,721. UKUM,2. RURAL,2400,79121,1,1. YES,1. YES,1. YES,1. YES,1. YES,2. NO,2. NO,2. NO,2. NO,2. NO,3,,,2. NO,,,,,,,,,,,,,,,,,,,,,,,,
1. North Central,7. Benue,721. UKUM,2. RURAL,2400,79122,1,2. NO,2. NO,2. NO,2. NO,2. NO,2. NO,2. NO,2. NO,2. NO,2. NO,3,4,4,2. NO,,,,,,,,,,,,,,,,,,,,,,,,
1. North Central,7. Benue,721. UKUM,2. RURAL,2400,79123,1,1. YES,2. NO,1. YES,1. YES,1. YES,2. NO,2. NO,2. NO,1. YES,2. NO,2,2,,2. NO,,,,,,,,,,,,,,,,,,,,,,,,
1. North Central,7. Benue,721. UKUM,2. RURAL,2400,79124,2,2. NO,2. NO,2. NO,2. NO,2. NO,2. NO,2. NO,2. NO,2. NO,2. NO,3,3,,2. NO,,,,,,,,,,,,,,,,,,,,,,,,
1. North Central,7. Benue,721. UKUM,2. RURAL,2400,79125,1,1. YES,1. YES,1. YES,1. YES,2. NO,1. YES,2. NO,2. NO,1. YES,2. NO,2,2,,2. NO,,,,,,,,,,,,,,,,,,,,,,,,
1. North Central,7. Benue,721. UKUM,2. RURAL,2400,79127,1,1. YES,1. YES,1. YES,1. YES,2. NO,2. NO,2. NO,2. NO,2. NO,2. NO,2,2,,2. NO,,,,,,,,,,,,,,,,,,,,,,,,
1. North Central,7. Benue,721. UKUM,2. RURAL,2400,79128,1,1. YES,1. YES,1. YES,1. YES,1. YES,1. YES,1. YES,2. NO,2. NO,2. NO,3,4,,2. NO,,,,,,,,,,,,,,,,,,,,,,,,
1. North Central,7. Benue,721. UKUM,2. RURAL,2400,79129,1,1. YES,1. YES,1. YES,1. YES,1. YES,2. NO,2. NO,2. NO,1. YES,2. NO,3,4,,2. NO,,,,,,,,,,,,,,,,,,,,,,,,
1. North Central,7. Benue,721. UKUM,2. RURAL,2400,79131,1,2. NO,2. NO,2. NO,2. NO,2. NO,2. NO,2. NO,2. NO,2. NO,2. NO,3,,,2. NO,,,,,,,,,,,,,,,,,,,,,,,,
1. North Central,7. Benue,721. UKUM,2. RURAL,2400,79132,1,1. YES,2. NO,1. YES,2. NO,1. YES,2. NO,2. NO,2. NO,2. NO,2. NO,3,3,,2. NO,,,,,,,,,,,,,,,,,,,,,,,,
1. North Central,7. Benue,723. VANDEIKYA,2. RURAL,1088,79133,1,1. YES,1. YES,2. NO,2. NO,2. NO,2. NO,2. NO,2. NO,2. NO,2. NO,2,2,,2. NO,,,,,,,,,,,,,,,,,,,,,,,,
1. North Central,7. Benue,723. VANDEIKYA,2. RURAL,1088,79134,1,2. NO,2. NO,2. NO,2. NO,2. NO,2. NO,2. NO,2. NO,2. NO,2. NO,3,3,4,2. NO,,,,,,,,,,,,,,,,,,,,,,,,
1. North Central,7. Benue,723. VANDEIKYA,2. RURAL,1088,79136,3,1. YES,1. YES,1. YES,2. NO,2. NO,2. NO,2. NO,2. NO,2. NO,2. NO,2,2,,2. NO,,,,,,,,,,,,,,,,,,,,,,,,
1. North Central,7. Benue,723. VANDEIKYA,2. RURAL,1088,79137,1,2. NO,2. NO,2. NO,2. NO,1. YES,2. NO,2. NO,2. NO,2. NO,2. NO,2,,2,2. NO,,,,,,,,,,,,,,,,,,,,,,,,
1. North Central,7. Benue,723. VANDEIKYA,2. RURAL,1088,79138,4,1. YES,1. YES,1. YES,2. NO,1. YES,2. NO,2. NO,2. NO,2. NO,2. NO,3,4,6,2. NO,,,,,,,,,,,,,,,,,,,,,,,,
1. North Central,7. Benue,723. VANDEIKYA,2. RURAL,1088,79139,6,1. YES,2. NO,2. NO,2. NO,2. NO,2. NO,2. NO,2. NO,2. NO,2. NO,3,3,,2. NO,,,,,,,,,,,,,,,,,,,,,,,,
1. North Central,7. Benue,723. VANDEIKYA,2. RURAL,1088,79140,1,1. YES,1. YES,1. YES,2. NO,1. YES,1. YES,2. NO,2. NO,2. NO,2. NO,2,,,2. NO,,,,,,,,,,,,,,,,,,,,,,,,
1. North Central,7. Benue,723. VANDEIKYA,2. RURAL,1088,79141,1,2. NO,2. NO,2. NO,2. NO,2. NO,2. NO,2. NO,2. NO,2. NO,2. NO,3,3,,2. NO,,,,,,,,,,,,,,,,,,,,,,,,
1. North Central,7. Benue,723. VANDEIKYA,2. RURAL,1088,79142,1,1. YES,1. YES,1. YES,2. NO,1. YES,2. NO,2. NO,2. NO,2. NO,2. NO,3,,,2. NO,,,,,,,,,,,,,,,,,,,,,,,,
1. North Central,7. Benue,723. VANDEIKYA,2. RURAL,1088,79143,1,1. YES,1. YES,1. YES,2. NO,1. YES,1. YES,2. NO,2. NO,2. NO,2. NO,3,3,4,2. NO,,,,,,,,,,,,,,,,,,,,,,,,
2. North East,8. Borno,821. MAIDUGURI,1. URBAN,1448,80011,2,1. YES,1. YES,1. YES,1. YES,1. YES,1. YES,1. YES,2. NO,2. NO,2. NO,3,3,,1. YES,0,0,0,0,0,0,0,0,0,0,0,0,0,0,0,1,0,0,0,0,1. INADEQUATE HOUSEHOLD FOOD STOCKS DUE TO DROUGHT/ POOR RAINS,,,
2. North East,8. Borno,821. MAIDUGURI,1. URBAN,1448,80012,6,1. YES,1. YES,1. YES,1. YES,1. YES,1. YES,1. YES,1. YES,1. YES,1. YES,2,2,,1. YES,0,0,0,0,0,0,0,0,0,0,0,0,0,0,0,1,0,0,0,0,3. INADEQUATE HOUSEHOLD FOOD STOCKS DUE TO SMALL LAND SIZE,12. LACK OF MONEY,5. FOOD IN THE MARKET WAS VERY EXPENSIVE,
2. North East,8. Borno,821. MAIDUGURI,1. URBAN,1448,80013,4,2. NO,2. NO,2. NO,2. NO,2. NO,2. NO,2. NO,2. NO,2. NO,2. NO,3,3,,1. YES,0,0,0,0,0,0,0,0,0,0,0,0,0,1,0,1,0,0,0,0,5. FOOD IN THE MARKET WAS VERY EXPENSIVE,12. LACK OF MONEY,,
2. North East,8. Borno,821. MAIDUGURI,1. URBAN,1448,80015,1,1. YES,1. YES,1. YES,1. YES,1. YES,1. YES,1. YES,1. YES,1. YES,1. YES,2,2,2,1. YES,0,0,0,0,0,0,0,0,0,0,1,1,1,1,1,1,0,0,0,0,1. INADEQUATE HOUSEHOLD FOOD STOCKS DUE TO DROUGHT/ POOR RAINS,12. LACK OF MONEY,5. FOOD IN THE MARKET WAS VERY EXPENSIVE,
2. North East,8. Borno,821. MAIDUGURI,1. URBAN,1448,80016,3,1. YES,1. YES,1. YES,1. YES,1. YES,1. YES,1. YES,1. YES,1. YES,2. NO,2,2,2,1. YES,0,0,0,0,0,0,0,0,0,0,1,0,0,0,0,1,0,0,0,0,1. INADEQUATE HOUSEHOLD FOOD STOCKS DUE TO DROUGHT/ POOR RAINS,12. LACK OF MONEY,5. FOOD IN THE MARKET WAS VERY EXPENSIVE,
2. North East,8. Borno,821. MAIDUGURI,1. URBAN,1448,80017,1,1. YES,1. YES,1. YES,2. NO,1. YES,1. YES,2. NO,2. NO,1. YES,2. NO,3,3,3,2. NO,,,,,,,,,,,,,,,,,,,,,,,,
2. North East,8. Borno,821. MAIDUGURI,1. URBAN,1448,80018,2,1. YES,1. YES,1. YES,1. YES,1. YES,1. YES,1. YES,1. YES,1. YES,1. YES,2,2,2,1. YES,0,0,0,0,0,0,0,0,0,0,0,0,0,1,1,1,0,0,0,0,12. LACK OF MONEY,5. FOOD IN THE MARKET WAS VERY EXPENSIVE,,
2. North East,8. Borno,821. MAIDUGURI,1. URBAN,1448,80019,4,1. YES,1. YES,1. YES,1. YES,1. YES,1. YES,1. YES,1. YES,1. YES,1. YES,2,2,2,1. YES,0,0,0,1,0,0,0,0,0,0,0,0,0,0,1,1,0,0,0,0,5. FOOD IN THE MARKET WAS VERY EXPENSIVE,12. LACK OF MONEY,,
2. North East,8. Borno,821. MAIDUGURI,1. URBAN,1448,80020,2,1. YES,1. YES,1. YES,1. YES,1. YES,1. YES,1. YES,1. YES,1. YES,1. YES,2,2,,1. YES,0,0,0,1,1,0,0,0,0,0,0,0,0,0,0,1,0,0,0,0,12. LACK OF MONEY,5. FOOD IN THE MARKET WAS VERY EXPENSIVE,4. INADEQUATE HOUSEHOLD FOOD STOCKS DUE TO LACK OF FARM INPUTS,
2. North East,8. Borno,805. BIU,2. RURAL,46,80091,2,2. NO,1. YES,2. NO,2. NO,1. YES,2. NO,2. NO,2. NO,2. NO,2. NO,3,3,3,1. YES,0,0,0,0,0,0,1,0,0,0,0,0,0,0,0,1,0,0,0,0,5. FOOD IN THE MARKET WAS VERY EXPENSIVE,12. LACK OF MONEY,1. INADEQUATE HOUSEHOLD FOOD STOCKS DUE TO DROUGHT/ POOR RAINS,
2. North East,8. Borno,805. BIU,2. RURAL,46,80092,1,1. YES,1. YES,1. YES,1. YES,1. YES,1. YES,2. NO,2. NO,2. NO,2. NO,2,2,2,1. YES,0,0,0,0,0,0,0,0,0,0,0,0,0,1,1,1,0,0,0,0,1. INADEQUATE HOUSEHOLD FOOD STOCKS DUE TO DROUGHT/ POOR RAINS,12. LACK OF MONEY,5. FOOD IN THE MARKET WAS VERY EXPENSIVE,
2. North East,8. Borno,805. BIU,2. RURAL,0,80093,5101,1. YES,1. YES,1. YES,2. NO,1. YES,2. NO,2. NO,2. NO,2. NO,2. NO,3,,4,1. YES,0,0,0,0,0,0,0,0,0,0,0,0,0,0,0,1,0,0,0,0,12. LACK OF MONEY,5. FOOD IN THE MARKET WAS VERY EXPENSIVE,1. INADEQUATE HOUSEHOLD FOOD STOCKS DUE TO DROUGHT/ POOR RAINS,
2. North East,8. Borno,805. BIU,2. RURAL,46,80095,2,1. YES,1. YES,1. YES,2. NO,2. NO,2. NO,2. NO,2. NO,2. NO,2. NO,3,3,3,1. YES,0,0,0,0,0,0,0,0,0,0,0,1,1,1,1,1,0,0,0,0,1. INADEQUATE HOUSEHOLD FOOD STOCKS DUE TO DROUGHT/ POOR RAINS,12. LACK OF MONEY,10. INADEQUATE FOOD STOCK FROM FARM DUE TO CONFLICT/SECURITY,
2. North East,8. Borno,805. BIU,2. RURAL,46,80097,2,1. YES,1. YES,1. YES,2. NO,2. NO,2. NO,2. NO,2. NO,2. NO,2. NO,3,3,3,1. YES,0,0,0,0,0,0,0,0,0,0,0,0,0,0,1,1,0,0,0,0,5. FOOD IN THE MARKET WAS VERY EXPENSIVE,12. LACK OF MONEY,6. UNABLE TO REACH THE MARKET DUE TO HIGH TRANSPORTATION COSTS,
2. North East,8. Borno,805. BIU,2. RURAL,46,80098,1,1. YES,1. YES,1. YES,2. NO,2. NO,2. NO,2. NO,2. NO,2. NO,2. NO,3,4,4,2. NO,,,,,,,,,,,,,,,,,,,,,,,,
2. North East,8. Borno,805. BIU,2. RURAL,46,80099,1301,1. YES,1. YES,1. YES,2. NO,1. YES,2. NO,2. NO,2. NO,2. NO,2. NO,3,3,3,1. YES,0,0,0,0,0,0,0,0,1,0,0,0,1,1,1,1,0,0,0,0,12. LACK OF MONEY,6. UNABLE TO REACH THE MARKET DUE TO HIGH TRANSPORTATION COSTS,5. FOOD IN THE MARKET WAS VERY EXPENSIVE,
2. North East,8. Borno,805. BIU,2. RURAL,46,80100,2,1. YES,2. NO,1. YES,2. NO,1. YES,2. NO,2. NO,2. NO,2. NO,2. NO,3,3,,2. NO,,,,,,,,,,,,,,,,,,,,,,,,
2. North East,8. Borno,827. SHANI,2. RURAL,804,80102,2,1. YES,1. YES,1. YES,2. NO,1. YES,2. NO,2. NO,2. NO,2. NO,2. NO,3,3,,1. YES,0,0,0,0,0,0,0,0,0,0,0,0,0,0,0,1,0,0,0,0,1. INADEQUATE HOUSEHOLD FOOD STOCKS DUE TO DROUGHT/ POOR RAINS,5. FOOD IN THE MARKET WAS VERY EXPENSIVE,12. LACK OF MONEY,
2. North East,8. Borno,827. SHANI,2. RURAL,804,80103,1,1. YES,1. YES,1. YES,2. NO,2. NO,2. NO,2. NO,2. NO,2. NO,2. NO,3,4,4,1. YES,0,0,0,0,0,0,0,0,0,0,0,0,0,0,0,1,0,0,0,0,1. INADEQUATE HOUSEHOLD FOOD STOCKS DUE TO DROUGHT/ POOR RAINS,5. FOOD IN THE MARKET WAS VERY EXPENSIVE,12. LACK OF MONEY,
2. North East,8. Borno,827. SHANI,2. RURAL,804,80104,2,1. YES,1. YES,1. YES,2. NO,1. YES,2. NO,2. NO,2. NO,2. NO,2. NO,3,3,3,1. YES,0,0,0,0,0,0,0,0,0,0,0,0,0,0,1,1,0,0,0,0,1. INADEQUATE HOUSEHOLD FOOD STOCKS DUE TO DROUGHT/ POOR RAINS,5. FOOD IN THE MARKET WAS VERY EXPENSIVE,12. LACK OF MONEY,
2. North East,8. Borno,827. SHANI,2. RURAL,804,80105,1,1. YES,1. YES,1. YES,1. YES,1. YES,1. YES,1. YES,1. YES,1. YES,1. YES,3,4,4,1. YES,0,0,0,0,0,0,0,0,0,0,0,0,0,0,1,1,0,0,0,0,12. LACK OF MONEY,5. FOOD IN THE MARKET WAS VERY EXPENSIVE,1. INADEQUATE HOUSEHOLD FOOD STOCKS DUE TO DROUGHT/ POOR RAINS,
2. North East,8. Borno,827. SHANI,2. RURAL,804,80106,6,1. YES,1. YES,1. YES,1. YES,1. YES,1. YES,2. NO,2. NO,2. NO,1. YES,2,,,1. YES,0,0,0,0,1,1,0,0,0,0,0,0,0,0,1,1,1,0,0,0,4. INADEQUATE HOUSEHOLD FOOD STOCKS DUE TO LACK OF FARM INPUTS,5. FOOD IN THE MARKET WAS VERY EXPENSIVE,12. LACK OF MONEY,
2. North East,8. Borno,827. SHANI,2. RURAL,804,80107,2,1. YES,1. YES,1. YES,1. YES,1. YES,2. NO,2. NO,2. NO,2. NO,2. NO,3,3,3,1. YES,0,0,0,0,0,0,0,0,0,0,0,0,0,0,1,1,0,0,0,0,1. INADEQUATE HOUSEHOLD FOOD STOCKS DUE TO DROUGHT/ POOR RAINS,5. FOOD IN THE MARKET WAS VERY EXPENSIVE,12. LACK OF MONEY,
2. North East,8. Borno,827. SHANI,2. RURAL,804,80108,1,1. YES,1. YES,1. YES,2. NO,1. YES,1. YES,2. NO,2. NO,2. NO,2. NO,3,3,4,1. YES,0,0,0,0,1,0,0,0,0,0,0,0,0,0,0,0,0,0,0,0,5. FOOD IN THE MARKET WAS VERY EXPENSIVE,12. LACK OF MONEY,,
2. North East,8. Borno,827. SHANI,2. RURAL,804,80109,2,1. YES,1. YES,1. YES,2. NO,1. YES,2. NO,2. NO,2. NO,1. YES,2. NO,3,3,,2. NO,,,,,,,,,,,,,,,,,,,,,,,,
2. North East,8. Borno,827. SHANI,2. RURAL,804,80110,2,1. YES,1. YES,1. YES,1. YES,1. YES,1. YES,1. YES,1. YES,1. YES,1. YES,3,3,,1. YES,0,0,0,0,0,0,0,0,0,0,0,0,0,0,1,1,0,0,0,0,1. INADEQUATE HOUSEHOLD FOOD STOCKS DUE TO DROUGHT/ POOR RAINS,5. FOOD IN THE MARKET WAS VERY EXPENSIVE,12. LACK OF MONEY,
2. North East,8. Borno,821. MAIDUGURI,1. URBAN,12,89001,1,1. YES,1. YES,1. YES,1. YES,1. YES,1. YES,1. YES,2. NO,2. NO,2. NO,2,2,2,1. YES,0,0,0,1,0,0,0,1,0,0,0,0,0,0,0,1,0,0,0,0,5. FOOD IN THE MARKET WAS VERY EXPENSIVE,12. LACK OF MONEY,,
2. North East,8. Borno,805. BIU,1. URBAN,0,89002,2,1. YES,1. YES,1. YES,1. YES,1. YES,1. YES,2. NO,2. NO,1. YES,1. YES,2,2,,1. YES,0,0,0,0,0,0,0,0,0,0,0,0,0,0,0,1,1,0,0,0,5. FOOD IN THE MARKET WAS VERY EXPENSIVE,12. LACK OF MONEY,,
2. North East,8. Borno,821. MAIDUGURI,1. URBAN,12,89003,2,1. YES,1. YES,1. YES,2. NO,1. YES,1. YES,1. YES,2. NO,1. YES,1. YES,3,3,3,1. YES,0,0,0,0,0,0,0,0,0,0,0,0,0,1,1,1,0,0,0,0,12. LACK OF MONEY,5. FOOD IN THE MARKET WAS VERY EXPENSIVE,1. INADEQUATE HOUSEHOLD FOOD STOCKS DUE TO DROUGHT/ POOR RAINS,
2. North East,8. Borno,821. MAIDUGURI,1. URBAN,12,89004,2,1. YES,1. YES,1. YES,2. NO,1. YES,1. YES,1. YES,1. YES,1. YES,1. YES,2,2,2,1. YES,0,0,0,0,0,0,0,0,0,0,0,0,0,0,1,1,0,0,0,0,12. LACK OF MONEY,5. FOOD IN THE MARKET WAS VERY EXPENSIVE,1. INADEQUATE HOUSEHOLD FOOD STOCKS DUE TO DROUGHT/ POOR RAINS,
2. North East,8. Borno,821. MAIDUGURI,1. URBAN,12,89005,2,1. YES,1. YES,1. YES,1. YES,1. YES,1. YES,1. YES,1. YES,1. YES,1. YES,2,2,,1. YES,0,0,0,0,0,0,0,0,0,0,0,0,0,0,0,1,0,0,0,0,3. INADEQUATE HOUSEHOLD FOOD STOCKS DUE TO SMALL LAND SIZE,12. LACK OF MONEY,5. FOOD IN THE MARKET WAS VERY EXPENSIVE,
2. North East,8. Borno,821. MAIDUGURI,1. URBAN,12,89006,2,1. YES,1. YES,1. YES,1. YES,1. YES,1. YES,1. YES,1. YES,1. YES,2. NO,2,2,3,1. YES,1,0,0,0,0,0,0,0,0,0,0,0,0,0,0,0,0,0,0,0,5. FOOD IN THE MARKET WAS VERY EXPENSIVE,12. LACK OF MONEY,3. INADEQUATE HOUSEHOLD FOOD STOCKS DUE TO SMALL LAND SIZE,
2. North East,8. Borno,821. MAIDUGURI,1. URBAN,12,89007,2,1. YES,1. YES,1. YES,1. YES,1. YES,2. NO,1. YES,2. NO,1. YES,2. NO,1,1,1,1. YES,0,0,0,0,0,0,0,0,0,0,0,0,0,0,1,1,0,0,0,0,5. FOOD IN THE MARKET WAS VERY EXPENSIVE,12. LACK OF MONEY,3. INADEQUATE HOUSEHOLD FOOD STOCKS DUE TO SMALL LAND SIZE,
2. North East,8. Borno,821. MAIDUGURI,1. URBAN,12,89009,4,1. YES,2. NO,2. NO,2. NO,1. YES,1. YES,2. NO,2. NO,1. YES,2. NO,3,3,4,2. NO,,,,,,,,,,,,,,,,,,,,,,,,
2. North East,8. Borno,821. MAIDUGURI,1. URBAN,12,89010,2,1. YES,1. YES,1. YES,1. YES,1. YES,1. YES,1. YES,1. YES,1. YES,2. NO,2,2,2,1. YES,0,0,0,0,0,0,0,0,0,0,0,0,0,0,1,1,0,0,0,0,5. FOOD IN THE MARKET WAS VERY EXPENSIVE,12. LACK OF MONEY,4. INADEQUATE HOUSEHOLD FOOD STOCKS DUE TO LACK OF FARM INPUTS,
2. North East,8. Borno,821. MAIDUGURI,1. URBAN,12,89011,5101,1. YES,1. YES,1. YES,1. YES,1. YES,1. YES,1. YES,1. YES,1. YES,2. NO,2,2,2,1. YES,0,0,0,0,0,0,0,0,0,0,0,0,0,0,1,1,0,0,0,0,5. FOOD IN THE MARKET WAS VERY EXPENSIVE,12. LACK OF MONEY,1. INADEQUATE HOUSEHOLD FOOD STOCKS DUE TO DROUGHT/ POOR RAINS,
2. North East,8. Borno,821. MAIDUGURI,1. URBAN,1628,89015,2,1. YES,1. YES,1. YES,1. YES,1. YES,1. YES,2. NO,1. YES,1. YES,1. YES,3,3,3,1. YES,1,0,0,0,0,0,0,0,0,0,0,0,0,0,0,0,0,0,0,0,5. FOOD IN THE MARKET WAS VERY EXPENSIVE,12. LACK OF MONEY,1. INADEQUATE HOUSEHOLD FOOD STOCKS DUE TO DROUGHT/ POOR RAINS,
2. North East,8. Borno,821. MAIDUGURI,1. URBAN,1628,89016,5,1. YES,1. YES,1. YES,1. YES,1. YES,1. YES,1. YES,2. NO,1. YES,2. NO,2,3,,2. NO,,,,,,,,,,,,,,,,,,,,,,,,
2. North East,8. Borno,821. MAIDUGURI,1. URBAN,1628,89017,2,1. YES,1. YES,1. YES,1. YES,1. YES,1. YES,1. YES,1. YES,1. YES,2. NO,2,2,2,1. YES,0,0,0,1,1,1,1,1,0,0,0,0,0,0,1,1,0,0,0,0,5. FOOD IN THE MARKET WAS VERY EXPENSIVE,4. INADEQUATE HOUSEHOLD FOOD STOCKS DUE TO LACK OF FARM INPUTS,12. LACK OF MONEY,
2. North East,8. Borno,821. MAIDUGURI,1. URBAN,1628,89019,1,2. NO,1. YES,1. YES,1. YES,1. YES,1. YES,1. YES,2. NO,1. YES,2. NO,3,3,,2. NO,,,,,,,,,,,,,,,,,,,,,,,,
2. North East,8. Borno,821. MAIDUGURI,1. URBAN,1628,89020,3,1. YES,1. YES,1. YES,1. YES,1. YES,1. YES,1. YES,2. NO,1. YES,1. YES,2,2,,1. YES,0,0,0,0,0,0,0,0,1,0,0,0,0,0,0,1,0,0,0,0,5. FOOD IN THE MARKET WAS VERY EXPENSIVE,12. LACK OF MONEY,6. UNABLE TO REACH THE MARKET DUE TO HIGH TRANSPORTATION COSTS,
2. North East,35. Yobe,3503. DAMATURU,1. URBAN,0,89021,1,1. YES,1. YES,1. YES,1. YES,1. YES,1. YES,1. YES,2. NO,1. YES,1. YES,2,2,,1. YES,0,0,0,0,0,0,0,0,0,0,0,0,0,0,1,1,1,1,0,0,4. INADEQUATE HOUSEHOLD FOOD STOCKS DUE TO LACK OF FARM INPUTS,5. FOOD IN THE MARKET WAS VERY EXPENSIVE,12. LACK OF MONEY,
2. North East,8. Borno,821. MAIDUGURI,1. URBAN,1628,89022,5101,1. YES,1. YES,1. YES,1. YES,1. YES,1. YES,1. YES,2. NO,1. YES,1. YES,3,3,3,1. YES,0,0,0,0,0,0,0,0,0,0,0,0,0,0,0,1,0,0,0,0,12. LACK OF MONEY,5. FOOD IN THE MARKET WAS VERY EXPENSIVE,,
2. North East,8. Borno,821. MAIDUGURI,1. URBAN,1628,89023,4,1. YES,1. YES,1. YES,1. YES,1. YES,1. YES,1. YES,1. YES,1. YES,2. NO,2,2,,1. YES,0,0,0,0,0,0,0,0,0,0,1,1,1,1,1,1,0,0,0,0,12. LACK OF MONEY,5. FOOD IN THE MARKET WAS VERY EXPENSIVE,,
2. North East,8. Borno,821. MAIDUGURI,1. URBAN,1628,89024,2,1. YES,1. YES,1. YES,2. NO,2. NO,2. NO,2. NO,2. NO,2. NO,2. NO,2,3,3,1. YES,1,0,0,0,0,0,0,0,0,0,0,0,0,0,0,0,0,0,0,0,1. INADEQUATE HOUSEHOLD FOOD STOCKS DUE TO DROUGHT/ POOR RAINS,5. FOOD IN THE MARKET WAS VERY EXPENSIVE,12. LACK OF MONEY,
2. North East,8. Borno,821. MAIDUGURI,1. URBAN,1628,89028,2,1. YES,1. YES,1. YES,1. YES,1. YES,1. YES,1. YES,2. NO,1. YES,2. NO,2,3,3,1. YES,0,0,0,0,1,0,0,0,0,0,0,0,0,0,1,1,0,0,0,0,12. LACK OF MONEY,1. INADEQUATE HOUSEHOLD FOOD STOCKS DUE TO DROUGHT/ POOR RAINS,96. OTHER (SPECIFY),LACK  GOOD  JOB
5. South South,9. Cross River,908. CALABAR MUNICIPAL,1. URBAN,278,90001,1,1. YES,1. YES,1. YES,1. YES,1. YES,1. YES,1. YES,2. NO,1. YES,2. NO,2,2,,2. NO,,,,,,,,,,,,,,,,,,,,,,,,
5. South South,9. Cross River,902. AKAMKPA,1. URBAN,0,90002,9,1. YES,1. YES,1. YES,1. YES,1. YES,2. NO,2. NO,2. NO,1. YES,2. NO,3,,,1. YES,0,0,0,0,0,0,0,1,1,0,0,0,0,0,0,0,0,0,0,0,5. FOOD IN THE MARKET WAS VERY EXPENSIVE,12. LACK OF MONEY,,
5. South South,9. Cross River,908. CALABAR MUNICIPAL,1. URBAN,278,90003,3,1. YES,1. YES,1. YES,1. YES,1. YES,1. YES,1. YES,1. YES,1. YES,2. NO,2,,,1. YES,0,0,0,0,0,0,0,0,0,1,0,1,0,1,1,0,0,0,0,0,12. LACK OF MONEY,,,
5. South South,9. Cross River,908. CALABAR MUNICIPAL,1. URBAN,278,90004,2,1. YES,1. YES,1. YES,1. YES,1. YES,1. YES,1. YES,1. YES,1. YES,2. NO,2,2,,2. NO,,,,,,,,,,,,,,,,,,,,,,,,
5. South South,9. Cross River,908. CALABAR MUNICIPAL,1. URBAN,278,90005,4,1. YES,1. YES,1. YES,1. YES,1. YES,1. YES,1. YES,1. YES,1. YES,2. NO,2,,,1. YES,0,0,0,0,0,0,0,0,0,1,0,0,0,0,0,0,0,0,0,0,12. LACK OF MONEY,,,
5. South South,9. Cross River,908. CALABAR MUNICIPAL,1. URBAN,0,90006,1,1. YES,1. YES,1. YES,1. YES,1. YES,1. YES,1. YES,1. YES,1. YES,1. YES,2,2,,1. YES,0,0,0,0,0,0,0,0,1,1,1,0,0,0,0,0,0,0,0,0,5. FOOD IN THE MARKET WAS VERY EXPENSIVE,,,
5. South South,3. Akwa Ibom,312. IKONO,2. RURAL,0,90007,2,2. NO,2. NO,2. NO,2. NO,2. NO,2. NO,2. NO,2. NO,1. YES,1. YES,3,3,,2. NO,,,,,,,,,,,,,,,,,,,,,,,,
5. South South,9. Cross River,908. CALABAR MUNICIPAL,1. URBAN,278,90009,1,1. YES,1. YES,1. YES,1. YES,1. YES,1. YES,2. NO,2. NO,1. YES,2. NO,3,,,1. YES,0,0,0,0,0,0,0,0,1,1,0,0,0,0,0,0,0,0,0,0,5. FOOD IN THE MARKET WAS VERY EXPENSIVE,12. LACK OF MONEY,,
5. South South,9. Cross River,908. CALABAR MUNICIPAL,1. URBAN,278,90010,2,2. NO,2. NO,2. NO,2. NO,2. NO,2. NO,2. NO,2. NO,2. NO,2. NO,3,3,,2. NO,,,,,,,,,,,,,,,,,,,,,,,,
5. South South,9. Cross River,915. ODUKPANI,1. URBAN,1390,90021,7,1. YES,1. YES,1. YES,1. YES,1. YES,2. NO,2. NO,2. NO,2. NO,2. NO,3,,,1. YES,0,0,0,0,0,0,0,0,0,0,1,1,0,0,0,0,0,0,0,0,5. FOOD IN THE MARKET WAS VERY EXPENSIVE,,,
5. South South,9. Cross River,915. ODUKPANI,1. URBAN,1390,90022,1,1. YES,1. YES,1. YES,1. YES,1. YES,1. YES,1. YES,1. YES,1. YES,1. YES,2,,,2. NO,,,,,,,,,,,,,,,,,,,,,,,,
5. South South,9. Cross River,915. ODUKPANI,1. URBAN,1390,90025,1,1. YES,1. YES,1. YES,1. YES,1. YES,1. YES,1. YES,1. YES,1. YES,2. NO,2,,,1. YES,0,0,0,1,0,0,0,0,0,0,1,1,1,1,1,1,0,0,0,0,12. LACK OF MONEY,5. FOOD IN THE MARKET WAS VERY EXPENSIVE,,
5. South South,9. Cross River,915. ODUKPANI,1. URBAN,1390,90027,1,1. YES,2. NO,2. NO,2. NO,2. NO,2. NO,2. NO,2. NO,2. NO,2. NO,2,,,2. NO,,,,,,,,,,,,,,,,,,,,,,,,
5. South South,9. Cross River,915. ODUKPANI,1. URBAN,1390,90028,2,1. YES,1. YES,1. YES,1. YES,1. YES,1. YES,1. YES,1. YES,1. YES,2. NO,2,2,,1. YES,0,0,0,0,0,0,0,0,0,0,0,0,0,1,1,0,0,0,0,0,5. FOOD IN THE MARKET WAS VERY EXPENSIVE,12. LACK OF MONEY,,
5. South South,9. Cross River,915. ODUKPANI,1. URBAN,1390,90029,1,1. YES,1. YES,1. YES,1. YES,1. YES,1. YES,1. YES,2. NO,1. YES,1. YES,2,3,3,1. YES,0,0,0,0,0,0,0,0,0,0,0,0,1,1,1,0,0,0,0,0,5. FOOD IN THE MARKET WAS VERY EXPENSIVE,12. LACK OF MONEY,,
5. South South,9. Cross River,915. ODUKPANI,1. URBAN,1390,90030,1,1. YES,1. YES,1. YES,1. YES,1. YES,1. YES,2. NO,2. NO,2. NO,2. NO,3,,,1. YES,0,0,0,0,0,0,0,0,0,0,0,0,1,1,1,0,0,0,0,0,5. FOOD IN THE MARKET WAS VERY EXPENSIVE,12. LACK OF MONEY,,
5. South South,9. Cross River,901. ABI,2. RURAL,398,90041,5101,1. YES,1. YES,1. YES,1. YES,1. YES,1. YES,1. YES,1. YES,1. YES,1. YES,2,2,,1. YES,0,0,0,0,0,0,0,0,0,1,1,1,0,0,0,0,0,0,0,0,12. LACK OF MONEY,,,
5. South South,9. Cross River,901. ABI,2. RURAL,0,90042,2,1. YES,1. YES,1. YES,1. YES,1. YES,1. YES,2. NO,2. NO,2. NO,1. YES,2,,,1. YES,1,0,0,0,0,0,0,0,0,0,0,0,0,0,0,0,0,0,0,0,5. FOOD IN THE MARKET WAS VERY EXPENSIVE,12. LACK OF MONEY,,
5. South South,9. Cross River,901. ABI,2. RURAL,0,90043,2,1. YES,1. YES,1. YES,1. YES,1. YES,1. YES,1. YES,2. NO,1. YES,2. NO,2,2,,2. NO,,,,,,,,,,,,,,,,,,,,,,,,
5. South South,9. Cross River,901. ABI,2. RURAL,398,90044,5102,1. YES,1. YES,1. YES,1. YES,1. YES,2. NO,2. NO,2. NO,1. YES,2. NO,3,3,4,1. YES,0,0,0,0,0,0,0,0,1,1,0,0,0,0,0,0,0,0,0,0,1. INADEQUATE HOUSEHOLD FOOD STOCKS DUE TO DROUGHT/ POOR RAINS,5. FOOD IN THE MARKET WAS VERY EXPENSIVE,,
5. South South,9. Cross River,901. ABI,2. RURAL,398,90046,1,1. YES,1. YES,1. YES,1. YES,1. YES,1. YES,1. YES,1. YES,1. YES,1. YES,2,2,,2. NO,,,,,,,,,,,,,,,,,,,,,,,,
5. South South,9. Cross River,901. ABI,2. RURAL,398,90047,1,1. YES,1. YES,1. YES,1. YES,1. YES,1. YES,1. YES,1. YES,1. YES,2. NO,2,2,,2. NO,,,,,,,,,,,,,,,,,,,,,,,,
5. South South,9. Cross River,901. ABI,2. RURAL,398,90048,2,1. YES,1. YES,1. YES,1. YES,1. YES,1. YES,2. NO,2. NO,1. YES,2. NO,3,,4,1. YES,0,0,0,0,0,0,0,0,0,0,0,1,1,0,0,0,0,0,0,0,12. LACK OF MONEY,5. FOOD IN THE MARKET WAS VERY EXPENSIVE,,
5. South South,9. Cross River,918. YALA,2. RURAL,834,90091,6,1. YES,1. YES,1. YES,1. YES,1. YES,1. YES,1. YES,1. YES,1. YES,1. YES,2,,,1. YES,0,0,0,0,0,0,0,0,1,1,1,1,1,0,0,0,0,0,0,0,12. LACK OF MONEY,,,
5. South South,9. Cross River,918. YALA,2. RURAL,834,90092,2,1. YES,1. YES,1. YES,1. YES,1. YES,2. NO,2. NO,2. NO,1. YES,2. NO,3,,3,2. NO,,,,,,,,,,,,,,,,,,,,,,,,
5. South South,9. Cross River,918. YALA,2. RURAL,834,90093,1,1. YES,1. YES,1. YES,1. YES,1. YES,1. YES,1. YES,1. YES,1. YES,1. YES,2,2,,2. NO,,,,,,,,,,,,,,,,,,,,,,,,
5. South South,9. Cross River,918. YALA,2. RURAL,834,90094,2,1. YES,1. YES,1. YES,1. YES,1. YES,1. YES,1. YES,1. YES,1. YES,1. YES,2,2,,2. NO,,,,,,,,,,,,,,,,,,,,,,,,
5. South South,9. Cross River,918. YALA,2. RURAL,834,90095,1,1. YES,1. YES,1. YES,1. YES,1. YES,1. YES,1. YES,2. NO,1. YES,2. NO,2,2,,1. YES,0,0,0,1,0,0,0,0,0,0,0,0,0,0,1,1,0,0,0,0,10. INADEQUATE FOOD STOCK FROM FARM DUE TO CONFLICT/SECURITY,11. UNABLE TO REACH THE MARKET DUE TO CONFLICT/SECURITY,,
5. South South,9. Cross River,918. YALA,2. RURAL,834,90096,7,1. YES,1. YES,1. YES,1. YES,1. YES,2. NO,1. YES,2. NO,2. NO,2. NO,3,,,1. YES,0,0,0,0,0,0,1,1,1,0,0,0,0,0,0,0,0,0,0,0,1. INADEQUATE HOUSEHOLD FOOD STOCKS DUE TO DROUGHT/ POOR RAINS,10. INADEQUATE FOOD STOCK FROM FARM DUE TO CONFLICT/SECURITY,,
5. South South,9. Cross River,918. YALA,2. RURAL,834,90097,1,1. YES,1. YES,1. YES,1. YES,1. YES,2. NO,1. YES,2. NO,1. YES,2. NO,2,2,,1. YES,0,0,0,0,0,0,0,0,0,0,0,0,0,0,1,1,0,0,0,0,10. INADEQUATE FOOD STOCK FROM FARM DUE TO CONFLICT/SECURITY,5. FOOD IN THE MARKET WAS VERY EXPENSIVE,,
5. South South,9. Cross River,918. YALA,2. RURAL,0,90098,5101,1. YES,1. YES,1. YES,1. YES,1. YES,1. YES,2. NO,2. NO,2. NO,2. NO,3,,,1. YES,0,0,0,0,0,0,1,1,1,0,0,0,0,0,0,0,0,0,0,0,10. INADEQUATE FOOD STOCK FROM FARM DUE TO CONFLICT/SECURITY,11. UNABLE TO REACH THE MARKET DUE TO CONFLICT/SECURITY,,
5. South South,9. Cross River,918. YALA,2. RURAL,834,90099,1,1. YES,1. YES,1. YES,1. YES,1. YES,1. YES,1. YES,2. NO,1. YES,2. NO,2,,,1. YES,0,0,0,0,0,0,0,0,0,0,0,0,0,0,0,1,0,0,0,0,10. INADEQUATE FOOD STOCK FROM FARM DUE TO CONFLICT/SECURITY,5. FOOD IN THE MARKET WAS VERY EXPENSIVE,,
5. South South,9. Cross River,918. YALA,2. RURAL,834,90100,1,1. YES,1. YES,1. YES,1. YES,1. YES,2. NO,2. NO,2. NO,1. YES,2. NO,3,3,,1. YES,0,0,0,0,0,0,0,1,1,1,0,0,0,0,0,0,0,0,0,0,10. INADEQUATE FOOD STOCK FROM FARM DUE TO CONFLICT/SECURITY,11. UNABLE TO REACH THE MARKET DUE TO CONFLICT/SECURITY,,
5. South South,9. Cross River,905. BEKWARRA,2. RURAL,2128,99001,1,1. YES,1. YES,1. YES,1. YES,1. YES,1. YES,2. NO,2. NO,1. YES,2. NO,3,,,2. NO,,,,,,,,,,,,,,,,,,,,,,,,
5. South South,9. Cross River,905. BEKWARRA,2. RURAL,2128,99002,1,1. YES,1. YES,1. YES,1. YES,1. YES,1. YES,1. YES,2. NO,1. YES,1. YES,2,,,1. YES,0,0,0,0,1,1,1,1,1,1,0,0,0,0,0,0,0,0,0,0,5. FOOD IN THE MARKET WAS VERY EXPENSIVE,1. INADEQUATE HOUSEHOLD FOOD STOCKS DUE TO DROUGHT/ POOR RAINS,,
5. South South,9. Cross River,905. BEKWARRA,2. RURAL,2128,99003,1,1. YES,1. YES,1. YES,1. YES,1. YES,2. NO,1. YES,1. YES,1. YES,2. NO,2,2,2,2. NO,,,,,,,,,,,,,,,,,,,,,,,,
5. South South,9. Cross River,905. BEKWARRA,2. RURAL,2128,99004,1,1. YES,1. YES,1. YES,1. YES,1. YES,1. YES,1. YES,1. YES,1. YES,1. YES,2,2,,2. NO,,,,,,,,,,,,,,,,,,,,,,,,
1. North Central,37. FCT,3706. ABUJA MUNICIPAL,2. RURAL,0,99005,1302,1. YES,1. YES,1. YES,1. YES,1. YES,1. YES,1. YES,2. NO,1. YES,1. YES,2,2,2,1. YES,0,0,0,0,0,0,0,0,0,0,0,0,1,1,1,1,1,1,0,0,12. LACK OF MONEY,5. FOOD IN THE MARKET WAS VERY EXPENSIVE,,
1. North Central,25. Nasarawa,2504. KARU,2. RURAL,0,99006,1,1. YES,1. YES,1. YES,1. YES,1. YES,1. YES,2. NO,2. NO,1. YES,2. NO,2,3,3,2. NO,,,,,,,,,,,,,,,,,,,,,,,,
5. South South,9. Cross River,905. BEKWARRA,2. RURAL,2128,99008,2,1. YES,2. NO,1. YES,1. YES,1. YES,1. YES,1. YES,1. YES,1. YES,2. NO,3,,,2. NO,,,,,,,,,,,,,,,,,,,,,,,,
5. South South,9. Cross River,905. BEKWARRA,2. RURAL,2128,99010,1,1. YES,1. YES,1. YES,1. YES,1. YES,1. YES,1. YES,1. YES,1. YES,1. YES,2,,,1. YES,0,0,0,0,0,0,0,0,1,1,1,1,0,0,0,0,0,0,0,0,12. LACK OF MONEY,,,
5. South South,9. Cross River,905. BEKWARRA,2. RURAL,2128,99011,1,1. YES,1. YES,1. YES,1. YES,1. YES,1. YES,1. YES,1. YES,1. YES,2. NO,2,,,2. NO,,,,,,,,,,,,,,,,,,,,,,,,
5. South South,9. Cross River,915. ODUKPANI,1. URBAN,0,99013,1,1. YES,1. YES,1. YES,1. YES,1. YES,1. YES,2. NO,2. NO,1. YES,2. NO,3,,3,1. YES,0,0,0,0,0,0,0,1,1,1,0,0,0,0,0,0,0,0,0,0,5. FOOD IN THE MARKET WAS VERY EXPENSIVE,12. LACK OF MONEY,,
5. South South,9. Cross River,908. CALABAR MUNICIPAL,1. URBAN,78,99014,2,1. YES,1. YES,1. YES,1. YES,1. YES,1. YES,1. YES,1. YES,2. NO,2. NO,3,,,1. YES,0,0,0,0,0,0,0,0,0,1,1,0,0,0,0,0,0,0,0,0,1. INADEQUATE HOUSEHOLD FOOD STOCKS DUE TO DROUGHT/ POOR RAINS,2. INADEQUATE HOUSEHOLD FOOD STOCKS DUE TO CROP PEST DAMAGE,12. LACK OF MONEY,
5. South South,9. Cross River,908. CALABAR MUNICIPAL,1. URBAN,78,99015,1,1. YES,1. YES,1. YES,1. YES,1. YES,1. YES,1. YES,1. YES,1. YES,2. NO,2,,,1. YES,0,0,0,0,0,0,0,0,0,0,0,0,1,0,0,0,0,0,0,0,12. LACK OF MONEY,,,
5. South South,9. Cross River,908. CALABAR MUNICIPAL,1. URBAN,78,99016,2,1. YES,1. YES,1. YES,1. YES,1. YES,1. YES,1. YES,2. NO,1. YES,2. NO,3,4,4,1. YES,0,0,0,0,0,0,0,0,0,0,0,0,1,0,1,0,0,0,0,0,12. LACK OF MONEY,5. FOOD IN THE MARKET WAS VERY EXPENSIVE,6. UNABLE TO REACH THE MARKET DUE TO HIGH TRANSPORTATION COSTS,
5. South South,9. Cross River,908. CALABAR MUNICIPAL,1. URBAN,78,99017,4,1. YES,1. YES,1. YES,1. YES,1. YES,1. YES,1. YES,1. YES,1. YES,2. NO,2,,,1. YES,0,0,0,0,0,0,0,0,0,1,1,1,0,0,0,0,0,0,0,0,12. LACK OF MONEY,,,
5. South South,9. Cross River,908. CALABAR MUNICIPAL,1. URBAN,78,99019,2,1. YES,1. YES,1. YES,1. YES,1. YES,1. YES,2. NO,2. NO,1. YES,2. NO,3,3,,1. YES,0,0,0,0,0,0,0,1,1,0,0,0,0,0,0,0,0,0,0,0,5. FOOD IN THE MARKET WAS VERY EXPENSIVE,12. LACK OF MONEY,,
5. South South,9. Cross River,908. CALABAR MUNICIPAL,1. URBAN,78,99020,1,2. NO,2. NO,2. NO,2. NO,1. YES,2. NO,2. NO,2. NO,2. NO,2. NO,3,3,3,2. NO,,,,,,,,,,,,,,,,,,,,,,,,
5. South South,9. Cross River,908. CALABAR MUNICIPAL,1. URBAN,78,99021,1,1. YES,1. YES,1. YES,1. YES,1. YES,2. NO,2. NO,2. NO,1. YES,2. NO,3,,,1. YES,0,0,0,0,0,0,0,0,0,1,1,0,0,0,0,0,0,0,0,0,5. FOOD IN THE MARKET WAS VERY EXPENSIVE,12. LACK OF MONEY,,
5. South South,9. Cross River,908. CALABAR MUNICIPAL,1. URBAN,78,99023,1,1. YES,1. YES,1. YES,1. YES,1. YES,1. YES,1. YES,1. YES,1. YES,1. YES,2,2,2,1. YES,0,0,0,0,0,0,0,0,1,1,1,1,1,0,0,0,0,0,0,0,12. LACK OF MONEY,,,
5. South South,9. Cross River,909. CALABAR SOUTH,1. URBAN,506,99026,1,1. YES,1. YES,1. YES,1. YES,1. YES,1. YES,1. YES,2. NO,1. YES,1. YES,2,,,1. YES,0,0,0,0,0,0,0,1,1,1,1,1,1,1,1,1,1,0,0,0,12. LACK OF MONEY,,,
5. South South,9. Cross River,909. CALABAR SOUTH,1. URBAN,506,99027,2,1. YES,1. YES,1. YES,1. YES,1. YES,1. YES,2. NO,2. NO,1. YES,2. NO,3,3,,1. YES,0,0,0,0,0,0,0,0,0,0,0,1,1,0,0,0,0,0,0,0,5. FOOD IN THE MARKET WAS VERY EXPENSIVE,,,
5. South South,9. Cross River,909. CALABAR SOUTH,1. URBAN,506,99029,5101,1. YES,1. YES,1. YES,1. YES,1. YES,1. YES,1. YES,2. NO,1. YES,2. NO,2,,,1. YES,1,0,0,0,0,0,0,0,0,0,0,0,0,0,0,0,0,0,0,0,12. LACK OF MONEY,,,
5. South South,9. Cross River,909. CALABAR SOUTH,1. URBAN,506,99030,2,1. YES,1. YES,1. YES,1. YES,1. YES,1. YES,1. YES,1. YES,1. YES,2. NO,3,,,2. NO,,,,,,,,,,,,,,,,,,,,,,,,
5. South South,9. Cross River,909. CALABAR SOUTH,1. URBAN,506,99031,1,1. YES,1. YES,1. YES,1. YES,1. YES,1. YES,1. YES,1. YES,1. YES,1. YES,2,,,1. YES,0,0,0,0,0,0,0,0,0,0,0,0,0,0,1,1,0,0,0,0,5. FOOD IN THE MARKET WAS VERY EXPENSIVE,,,
5. South South,9. Cross River,909. CALABAR SOUTH,1. URBAN,506,99032,1,1. YES,1. YES,1. YES,1. YES,1. YES,1. YES,1. YES,1. YES,1. YES,1. YES,2,2,,1. YES,0,0,0,0,0,0,0,0,0,1,1,1,0,0,0,0,0,0,0,0,12. LACK OF MONEY,,,
5. South South,9. Cross River,909. CALABAR SOUTH,1. URBAN,506,99033,1,2. NO,2. NO,2. NO,2. NO,2. NO,2. NO,2. NO,2. NO,2. NO,2. NO,3,3,5,2. NO,,,,,,,,,,,,,,,,,,,,,,,,
5. South South,9. Cross River,909. CALABAR SOUTH,1. URBAN,506,99034,2,2. NO,2. NO,2. NO,2. NO,2. NO,2. NO,2. NO,2. NO,2. NO,2. NO,3,3,1,2. NO,,,,,,,,,,,,,,,,,,,,,,,,
5. South South,9. Cross River,909. CALABAR SOUTH,1. URBAN,506,99035,1,1. YES,1. YES,1. YES,1. YES,1. YES,1. YES,1. YES,2. NO,1. YES,2. NO,2,,,1. YES,0,0,0,0,0,0,0,1,1,1,1,1,0,0,0,0,0,0,0,0,12. LACK OF MONEY,,,
5. South South,9. Cross River,909. CALABAR SOUTH,1. URBAN,506,99036,1,1. YES,1. YES,1. YES,1. YES,1. YES,1. YES,1. YES,1. YES,1. YES,1. YES,2,2,1,1. YES,0,0,0,0,0,0,0,0,1,1,1,0,0,0,0,0,0,0,0,0,12. LACK OF MONEY,,,
5. South South,9. Cross River,910. ETUNG,2. RURAL,370,99037,2,1. YES,1. YES,1. YES,1. YES,1. YES,1. YES,1. YES,1. YES,1. YES,1. YES,2,1,1,2. NO,,,,,,,,,,,,,,,,,,,,,,,,
5. South South,9. Cross River,910. ETUNG,2. RURAL,370,99038,5102,1. YES,1. YES,1. YES,1. YES,1. YES,1. YES,1. YES,1. YES,1. YES,1. YES,1,2,,1. YES,1,0,0,0,0,0,0,0,0,0,0,0,0,0,0,0,0,0,0,0,12. LACK OF MONEY,5. FOOD IN THE MARKET WAS VERY EXPENSIVE,,
5. South South,9. Cross River,910. ETUNG,2. RURAL,370,99040,1,1. YES,1. YES,1. YES,1. YES,1. YES,2. NO,2. NO,2. NO,1. YES,2. NO,3,,,2. NO,,,,,,,,,,,,,,,,,,,,,,,,
5. South South,9. Cross River,910. ETUNG,2. RURAL,370,99041,1,1. YES,1. YES,1. YES,1. YES,1. YES,1. YES,1. YES,1. YES,1. YES,2. NO,2,2,,2. NO,,,,,,,,,,,,,,,,,,,,,,,,
5. South South,9. Cross River,910. ETUNG,2. RURAL,370,99043,2,1. YES,1. YES,1. YES,1. YES,1. YES,2. NO,2. NO,2. NO,1. YES,2. NO,3,3,3,2. NO,,,,,,,,,,,,,,,,,,,,,,,,
5. South South,9. Cross River,910. ETUNG,2. RURAL,370,99044,1,1. YES,1. YES,1. YES,1. YES,1. YES,2. NO,2. NO,2. NO,2. NO,2. NO,2,2,,2. NO,,,,,,,,,,,,,,,,,,,,,,,,
5. South South,9. Cross River,910. ETUNG,2. RURAL,370,99045,6,1. YES,1. YES,1. YES,1. YES,1. YES,2. NO,2. NO,2. NO,1. YES,2. NO,3,3,4,2. NO,,,,,,,,,,,,,,,,,,,,,,,,
5. South South,9. Cross River,910. ETUNG,2. RURAL,370,99046,2101,1. YES,1. YES,1. YES,1. YES,1. YES,1. YES,1. YES,1. YES,1. YES,1. YES,3,,,1. YES,0,0,0,0,0,0,0,0,1,1,1,1,0,0,0,0,0,0,0,0,12. LACK OF MONEY,,,
5. South South,9. Cross River,910. ETUNG,2. RURAL,370,99048,1,1. YES,1. YES,1. YES,1. YES,1. YES,2. NO,2. NO,2. NO,1. YES,2. NO,3,3,,2. NO,,,,,,,,,,,,,,,,,,,,,,,,
5. South South,9. Cross River,910. ETUNG,2. RURAL,730,99051,1,1. YES,1. YES,1. YES,1. YES,1. YES,2. NO,2. NO,2. NO,1. YES,2. NO,3,3,,1. YES,0,0,0,0,0,0,0,0,1,1,1,0,0,0,0,0,0,0,0,0,5. FOOD IN THE MARKET WAS VERY EXPENSIVE,12. LACK OF MONEY,,
5. South South,9. Cross River,910. ETUNG,2. RURAL,730,99052,1,1. YES,1. YES,1. YES,1. YES,1. YES,1. YES,1. YES,1. YES,1. YES,1. YES,1,,,1. YES,0,0,0,0,0,0,0,0,1,1,1,0,0,0,1,1,0,0,0,0,12. LACK OF MONEY,,,
5. South South,9. Cross River,910. ETUNG,2. RURAL,730,99053,1,1. YES,1. YES,1. YES,1. YES,1. YES,2. NO,2. NO,2. NO,1. YES,2. NO,3,3,,2. NO,,,,,,,,,,,,,,,,,,,,,,,,
5. South South,9. Cross River,910. ETUNG,2. RURAL,730,99054,1,1. YES,1. YES,1. YES,1. YES,1. YES,1. YES,1. YES,2. NO,1. YES,2. NO,2,2,,1. YES,0,0,0,0,0,0,0,0,0,1,1,1,0,0,0,0,0,0,0,0,12. LACK OF MONEY,,,
5. South South,9. Cross River,910. ETUNG,2. RURAL,730,99055,1,1. YES,1. YES,1. YES,1. YES,1. YES,1. YES,1. YES,1. YES,1. YES,1. YES,2,2,,2. NO,,,,,,,,,,,,,,,,,,,,,,,,
5. South South,9. Cross River,910. ETUNG,2. RURAL,730,99056,1,1. YES,1. YES,1. YES,1. YES,1. YES,1. YES,1. YES,1. YES,1. YES,2. NO,2,2,2,2. NO,,,,,,,,,,,,,,,,,,,,,,,,
5. South South,9. Cross River,910. ETUNG,2. RURAL,730,99058,2,1. YES,1. YES,1. YES,1. YES,1. YES,2. NO,2. NO,2. NO,1. YES,2. NO,3,3,,1. YES,0,0,0,0,0,0,0,1,1,1,0,0,0,0,0,0,0,0,0,0,1. INADEQUATE HOUSEHOLD FOOD STOCKS DUE TO DROUGHT/ POOR RAINS,5. FOOD IN THE MARKET WAS VERY EXPENSIVE,,
5. South South,9. Cross River,910. ETUNG,2. RURAL,730,99059,1,1. YES,1. YES,1. YES,1. YES,1. YES,1. YES,1. YES,1. YES,1. YES,1. YES,2,,,1. YES,0,0,0,0,0,0,0,0,1,1,1,1,1,1,1,1,0,0,0,0,12. LACK OF MONEY,,,
5. South South,9. Cross River,913. OBUBRA,2. RURAL,1510,99061,1,1. YES,1. YES,1. YES,1. YES,1. YES,1. YES,2. NO,2. NO,1. YES,2. NO,3,,,2. NO,,,,,,,,,,,,,,,,,,,,,,,,
5. South South,9. Cross River,913. OBUBRA,2. RURAL,1510,99062,2,1. YES,1. YES,1. YES,1. YES,1. YES,2. NO,2. NO,2. NO,1. YES,2. NO,3,3,,1. YES,1,0,0,0,0,0,0,0,0,0,0,0,0,0,0,0,0,0,0,0,12. LACK OF MONEY,,,
5. South South,9. Cross River,913. OBUBRA,2. RURAL,1510,99064,1,1. YES,1. YES,1. YES,1. YES,1. YES,2. NO,2. NO,2. NO,1. YES,2. NO,3,,,2. NO,,,,,,,,,,,,,,,,,,,,,,,,
5. South South,9. Cross River,913. OBUBRA,2. RURAL,1510,99065,1,1. YES,1. YES,1. YES,1. YES,1. YES,1. YES,1. YES,1. YES,1. YES,1. YES,2,,,2. NO,,,,,,,,,,,,,,,,,,,,,,,,
5. South South,9. Cross River,913. OBUBRA,2. RURAL,1510,99066,5101,1. YES,1. YES,1. YES,1. YES,1. YES,1. YES,1. YES,1. YES,1. YES,2. NO,2,,,1. YES,0,0,0,0,0,0,0,0,1,1,1,1,0,0,0,0,0,0,0,0,12. LACK OF MONEY,,,
5. South South,9. Cross River,913. OBUBRA,2. RURAL,1510,99068,1,1. YES,1. YES,1. YES,1. YES,1. YES,1. YES,1. YES,1. YES,1. YES,1. YES,2,,2,2. NO,,,,,,,,,,,,,,,,,,,,,,,,
5. South South,9. Cross River,913. OBUBRA,2. RURAL,1510,99070,1,1. YES,1. YES,1. YES,1. YES,1. YES,1. YES,1. YES,1. YES,1. YES,2. NO,2,2,,2. NO,,,,,,,,,,,,,,,,,,,,,,,,
5. South South,9. Cross River,913. OBUBRA,2. RURAL,1510,99071,3,1. YES,1. YES,1. YES,1. YES,1. YES,1. YES,1. YES,2. NO,1. YES,2. NO,2,2,,2. NO,,,,,,,,,,,,,,,,,,,,,,,,
5. South South,9. Cross River,913. OBUBRA,2. RURAL,1510,99072,1,1. YES,1. YES,1. YES,1. YES,1. YES,1. YES,1. YES,1. YES,1. YES,2. NO,1,,,1. YES,1,0,0,0,0,0,0,0,0,0,0,0,0,0,0,0,0,0,0,0,12. LACK OF MONEY,,,
5. South South,9. Cross River,917. YAKURR UGEP NORTH,2. RURAL,2282,99074,1,1. YES,1. YES,1. YES,1. YES,1. YES,1. YES,1. YES,1. YES,1. YES,1. YES,3,3,3,1. YES,0,0,0,0,0,0,0,0,1,1,1,0,0,0,0,0,0,0,0,0,1. INADEQUATE HOUSEHOLD FOOD STOCKS DUE TO DROUGHT/ POOR RAINS,,,
5. South South,9. Cross River,917. YAKURR UGEP NORTH,2. RURAL,2282,99075,1,1. YES,1. YES,1. YES,1. YES,1. YES,2. NO,2. NO,2. NO,1. YES,2. NO,3,3,,1. YES,0,0,0,0,0,0,0,0,1,1,0,0,0,0,0,0,0,0,0,0,5. FOOD IN THE MARKET WAS VERY EXPENSIVE,11. UNABLE TO REACH THE MARKET DUE TO CONFLICT/SECURITY,,
5. South South,9. Cross River,917. YAKURR UGEP NORTH,2. RURAL,2282,99076,1,1. YES,1. YES,1. YES,1. YES,1. YES,1. YES,1. YES,1. YES,1. YES,2. NO,2,2,,1. YES,0,0,0,0,0,0,0,0,1,1,1,1,0,0,0,0,0,0,0,0,12. LACK OF MONEY,,,
5. South South,9. Cross River,917. YAKURR UGEP NORTH,2. RURAL,2282,99077,1,1. YES,1. YES,1. YES,1. YES,1. YES,1. YES,1. YES,1. YES,1. YES,2. NO,3,,,2. NO,,,,,,,,,,,,,,,,,,,,,,,,
5. South South,9. Cross River,917. YAKURR UGEP NORTH,2. RURAL,2282,99079,1,1. YES,1. YES,1. YES,1. YES,1. YES,1. YES,1. YES,1. YES,1. YES,2. NO,2,3,,2. NO,,,,,,,,,,,,,,,,,,,,,,,,
5. South South,9. Cross River,917. YAKURR UGEP NORTH,2. RURAL,2282,99080,1,1. YES,1. YES,1. YES,1. YES,1. YES,1. YES,1. YES,1. YES,1. YES,1. YES,2,2,,2. NO,,,,,,,,,,,,,,,,,,,,,,,,
5. South South,9. Cross River,917. YAKURR UGEP NORTH,2. RURAL,2282,99081,5101,1. YES,1. YES,1. YES,1. YES,1. YES,2. NO,2. NO,2. NO,1. YES,2. NO,3,,,2. NO,,,,,,,,,,,,,,,,,,,,,,,,
5. South South,9. Cross River,917. YAKURR UGEP NORTH,2. RURAL,2282,99082,4,1. YES,1. YES,1. YES,1. YES,1. YES,1. YES,1. YES,1. YES,1. YES,2. NO,2,,,2. NO,,,,,,,,,,,,,,,,,,,,,,,,
5. South South,9. Cross River,917. YAKURR UGEP NORTH,2. RURAL,2282,99083,1,1. YES,1. YES,1. YES,1. YES,1. YES,1. YES,1. YES,1. YES,1. YES,1. YES,2,,,2. NO,,,,,,,,,,,,,,,,,,,,,,,,
5. South South,9. Cross River,908. CALABAR MUNICIPAL,1. URBAN,78,99088,2,2. NO,2. NO,2. NO,2. NO,2. NO,1. YES,1. YES,2. NO,2. NO,2. NO,3,,3,2. NO,,,,,,,,,,,,,,,,,,,,,,,,
5. South South,9. Cross River,910. ETUNG,2. RURAL,730,99094,1,1. YES,1. YES,1. YES,1. YES,1. YES,1. YES,1. YES,1. YES,1. YES,1. YES,2,2,,2. NO,,,,,,,,,,,,,,,,,,,,,,,,
5. South South,9. Cross River,913. OBUBRA,2. RURAL,1510,99096,1,1. YES,1. YES,1. YES,1. YES,1. YES,1. YES,1. YES,1. YES,1. YES,2. NO,2,,,1. YES,0,0,0,1,1,1,0,0,0,0,0,0,0,0,0,1,0,0,0,0,12. LACK OF MONEY,10. INADEQUATE FOOD STOCK FROM FARM DUE TO CONFLICT/SECURITY,,
5. South South,9. Cross River,917. YAKURR UGEP NORTH,2. RURAL,2282,99098,1,1. YES,1. YES,1. YES,1. YES,1. YES,2. NO,2. NO,2. NO,2. NO,2. NO,3,,,2. NO,,,,,,,,,,,,,,,,,,,,,,,,
5. South South,10. Delta,1008. IKA SOUTH,2. RURAL,1314,100031,1,2. NO,2. NO,2. NO,2. NO,2. NO,2. NO,2. NO,2. NO,2. NO,2. NO,3,,3,2. NO,,,,,,,,,,,,,,,,,,,,,,,,
5. South South,10. Delta,1008. IKA SOUTH,2. RURAL,1314,100032,1,2. NO,1. YES,1. YES,2. NO,1. YES,2. NO,2. NO,2. NO,2. NO,2. NO,2,3,,2. NO,,,,,,,,,,,,,,,,,,,,,,,,
5. South South,10. Delta,1008. IKA SOUTH,2. RURAL,1314,100034,2,2. NO,1. YES,1. YES,2. NO,1. YES,2. NO,1. YES,2. NO,2. NO,2. NO,3,,,1. YES,0,0,0,0,0,0,0,0,0,0,0,0,1,1,1,1,0,0,0,0,5. FOOD IN THE MARKET WAS VERY EXPENSIVE,12. LACK OF MONEY,,
5. South South,10. Delta,1008. IKA SOUTH,2. RURAL,1314,100035,1,2. NO,2. NO,2. NO,2. NO,2. NO,2. NO,2. NO,2. NO,2. NO,2. NO,3,3,,2. NO,,,,,,,,,,,,,,,,,,,,,,,,
5. South South,10. Delta,1008. IKA SOUTH,2. RURAL,1314,100036,2,2. NO,2. NO,2. NO,2. NO,2. NO,2. NO,2. NO,2. NO,2. NO,2. NO,3,3,,2. NO,,,,,,,,,,,,,,,,,,,,,,,,
5. South South,10. Delta,1008. IKA SOUTH,2. RURAL,1314,100037,1,2. NO,2. NO,2. NO,2. NO,2. NO,2. NO,2. NO,2. NO,2. NO,2. NO,3,3,,2. NO,,,,,,,,,,,,,,,,,,,,,,,,
5. South South,10. Delta,1008. IKA SOUTH,2. RURAL,1314,100038,1,2. NO,2. NO,1. YES,2. NO,1. YES,2. NO,2. NO,2. NO,2. NO,2. NO,3,3,3,2. NO,,,,,,,,,,,,,,,,,,,,,,,,
5. South South,10. Delta,1008. IKA SOUTH,2. RURAL,1314,100039,1,2. NO,2. NO,2. NO,2. NO,2. NO,2. NO,2. NO,2. NO,2. NO,2. NO,3,,,2. NO,,,,,,,,,,,,,,,,,,,,,,,,
5. South South,10. Delta,1008. IKA SOUTH,2. RURAL,1314,100040,1,2. NO,2. NO,2. NO,2. NO,2. NO,2. NO,2. NO,2. NO,2. NO,2. NO,3,4,,2. NO,,,,,,,,,,,,,,,,,,,,,,,,
5. South South,10. Delta,1018. UDU,1. URBAN,634,100111,2,1. YES,1. YES,1. YES,2. NO,1. YES,2. NO,1. YES,2. NO,1. YES,2. NO,3,,,1. YES,0,0,0,0,0,0,0,0,1,1,1,0,0,0,0,0,0,0,0,0,12. LACK OF MONEY,5. FOOD IN THE MARKET WAS VERY EXPENSIVE,,
5. South South,10. Delta,1018. UDU,1. URBAN,634,100113,2,2. NO,2. NO,2. NO,2. NO,2. NO,2. NO,2. NO,2. NO,2. NO,2. NO,3,,,2. NO,,,,,,,,,,,,,,,,,,,,,,,,
5. South South,10. Delta,1018. UDU,1. URBAN,634,100115,1,1. YES,1. YES,1. YES,2. NO,1. YES,1. YES,2. NO,2. NO,2. NO,2. NO,2,,,1. YES,0,0,0,0,0,0,0,0,1,1,1,1,0,0,0,0,0,0,0,0,12. LACK OF MONEY,,,
5. South South,10. Delta,1018. UDU,1. URBAN,634,100117,2,1. YES,1. YES,1. YES,1. YES,1. YES,2. NO,2. NO,2. NO,2. NO,2. NO,2,,,2. NO,,,,,,,,,,,,,,,,,,,,,,,,
5. South South,10. Delta,1018. UDU,1. URBAN,634,100118,4,1. YES,1. YES,1. YES,1. YES,1. YES,1. YES,1. YES,2. NO,1. YES,2. NO,3,,,1. YES,0,0,0,0,0,0,0,0,1,1,1,1,1,1,1,1,0,0,0,0,12. LACK OF MONEY,,,
5. South South,10. Delta,1019. UGHELLI NORTH,1. URBAN,0,100119,1,2. NO,2. NO,2. NO,2. NO,2. NO,2. NO,2. NO,2. NO,2. NO,2. NO,3,,,2. NO,,,,,,,,,,,,,,,,,,,,,,,,
5. South South,10. Delta,1018. UDU,1. URBAN,634,100120,1,1. YES,1. YES,1. YES,1. YES,1. YES,2. NO,2. NO,2. NO,1. YES,2. NO,2,3,,2. NO,,,,,,,,,,,,,,,,,,,,,,,,
5. South South,10. Delta,1025. WARR  SOUTH,2. RURAL,1774,100131,7,2. NO,2. NO,1. YES,2. NO,2. NO,2. NO,2. NO,2. NO,2. NO,2. NO,2,,,2. NO,,,,,,,,,,,,,,,,,,,,,,,,
5. South South,10. Delta,1025. WARR  SOUTH,2. RURAL,1774,100132,8,1. YES,1. YES,1. YES,1. YES,1. YES,1. YES,1. YES,2. NO,2. NO,2. NO,3,,,2. NO,,,,,,,,,,,,,,,,,,,,,,,,
5. South South,10. Delta,1025. WARR  SOUTH,2. RURAL,1774,100133,1301,1. YES,1. YES,1. YES,1. YES,1. YES,1. YES,1. YES,2. NO,1. YES,2. NO,2,2,4,1. YES,0,0,0,0,0,0,0,0,1,1,0,0,0,0,0,0,0,0,0,0,5. FOOD IN THE MARKET WAS VERY EXPENSIVE,12. LACK OF MONEY,,
5. South South,10. Delta,1025. WARR  SOUTH,2. RURAL,1774,100134,6,1. YES,1. YES,1. YES,1. YES,1. YES,1. YES,1. YES,1. YES,2. NO,1. YES,2,,,1. YES,1,0,0,0,0,0,0,0,0,0,0,0,0,0,0,0,0,0,0,0,12. LACK OF MONEY,5. FOOD IN THE MARKET WAS VERY EXPENSIVE,,
5. South South,10. Delta,1025. WARR  SOUTH,2. RURAL,1774,100135,2,1. YES,1. YES,1. YES,1. YES,1. YES,2. NO,2. NO,2. NO,2. NO,2. NO,2,,,2. NO,,,,,,,,,,,,,,,,,,,,,,,,
5. South South,10. Delta,1025. WARR  SOUTH,2. RURAL,1774,100136,1,1. YES,1. YES,2. NO,2. NO,2. NO,2. NO,2. NO,2. NO,2. NO,2. NO,3,4,,1. YES,0,0,0,0,0,0,0,0,1,1,1,0,0,0,0,0,0,0,0,0,12. LACK OF MONEY,5. FOOD IN THE MARKET WAS VERY EXPENSIVE,,
5. South South,10. Delta,1025. WARR  SOUTH,2. RURAL,1774,100138,2,2. NO,1. YES,1. YES,2. NO,1. YES,2. NO,2. NO,2. NO,2. NO,2. NO,2,,,2. NO,,,,,,,,,,,,,,,,,,,,,,,,
5. South South,10. Delta,1002. ANIOCHA SOUTH,1. URBAN,114,109005,2,2. NO,2. NO,2. NO,2. NO,2. NO,2. NO,2. NO,2. NO,2. NO,2. NO,3,,,2. NO,,,,,,,,,,,,,,,,,,,,,,,,
5. South South,10. Delta,1002. ANIOCHA SOUTH,1. URBAN,114,109006,2,2. NO,2. NO,2. NO,2. NO,2. NO,2. NO,2. NO,2. NO,2. NO,2. NO,3,,4,2. NO,,,,,,,,,,,,,,,,,,,,,,,,
5. South South,10. Delta,1002. ANIOCHA SOUTH,1. URBAN,114,109007,2,1. YES,1. YES,1. YES,1. YES,1. YES,1. YES,1. YES,2. NO,2. NO,2. NO,2,2,,1. YES,0,0,0,0,0,0,0,0,1,1,1,1,1,1,1,0,0,0,0,0,5. FOOD IN THE MARKET WAS VERY EXPENSIVE,12. LACK OF MONEY,13. LACK OF ACCESS TO MONEY AT THE BANK DUE TO NAIRA REDESIGN,
5. South South,10. Delta,1002. ANIOCHA SOUTH,1. URBAN,114,109008,1,1. YES,2. NO,1. YES,1. YES,1. YES,1. YES,1. YES,1. YES,1. YES,1. YES,2,,,1. YES,0,0,0,0,0,0,0,0,1,1,0,0,0,0,0,0,0,0,0,0,12. LACK OF MONEY,5. FOOD IN THE MARKET WAS VERY EXPENSIVE,,
5. South South,10. Delta,1002. ANIOCHA SOUTH,1. URBAN,114,109009,1,2. NO,2. NO,2. NO,2. NO,2. NO,2. NO,2. NO,2. NO,2. NO,2. NO,3,3,,2. NO,,,,,,,,,,,,,,,,,,,,,,,,
5. South South,10. Delta,1002. ANIOCHA SOUTH,1. URBAN,114,109011,1,2. NO,2. NO,2. NO,2. NO,2. NO,2. NO,2. NO,2. NO,2. NO,2. NO,3,,,2. NO,,,,,,,,,,,,,,,,,,,,,,,,
5. South South,10. Delta,1002. ANIOCHA SOUTH,1. URBAN,114,109012,1,2. NO,2. NO,2. NO,2. NO,2. NO,2. NO,2. NO,2. NO,2. NO,2. NO,3,3,,2. NO,,,,,,,,,,,,,,,,,,,,,,,,
5. South South,10. Delta,1006. ETHIOPE WEST,2. RURAL,474,109013,1,2. NO,2. NO,2. NO,2. NO,2. NO,2. NO,2. NO,2. NO,2. NO,2. NO,3,3,,2. NO,,,,,,,,,,,,,,,,,,,,,,,,
5. South South,10. Delta,1006. ETHIOPE WEST,2. RURAL,474,109014,1,1. YES,1. YES,1. YES,2. NO,1. YES,1. YES,2. NO,2. NO,2. NO,2. NO,3,3,,1. YES,0,0,0,0,0,0,0,0,1,1,1,1,1,1,1,1,0,0,0,0,5. FOOD IN THE MARKET WAS VERY EXPENSIVE,6. UNABLE TO REACH THE MARKET DUE TO HIGH TRANSPORTATION COSTS,12. LACK OF MONEY,
5. South South,10. Delta,1006. ETHIOPE WEST,2. RURAL,474,109016,2,2. NO,2. NO,2. NO,2. NO,2. NO,2. NO,2. NO,2. NO,2. NO,2. NO,3,4,3,2. NO,,,,,,,,,,,,,,,,,,,,,,,,
5. South South,10. Delta,1006. ETHIOPE WEST,2. RURAL,474,109017,2,2. NO,2. NO,2. NO,2. NO,2. NO,2. NO,2. NO,2. NO,2. NO,2. NO,3,,,2. NO,,,,,,,,,,,,,,,,,,,,,,,,
5. South South,10. Delta,1006. ETHIOPE WEST,2. RURAL,474,109018,1,1. YES,2. NO,2. NO,2. NO,2. NO,2. NO,2. NO,2. NO,2. NO,2. NO,3,,,2. NO,,,,,,,,,,,,,,,,,,,,,,,,
5. South South,10. Delta,1006. ETHIOPE WEST,2. RURAL,474,109019,1,2. NO,2. NO,2. NO,2. NO,2. NO,2. NO,2. NO,2. NO,2. NO,2. NO,3,3,3,2. NO,,,,,,,,,,,,,,,,,,,,,,,,
5. South South,10. Delta,1006. ETHIOPE WEST,2. RURAL,474,109020,1,2. NO,2. NO,2. NO,2. NO,2. NO,2. NO,2. NO,2. NO,2. NO,2. NO,3,,,2. NO,,,,,,,,,,,,,,,,,,,,,,,,
5. South South,10. Delta,1006. ETHIOPE WEST,2. RURAL,474,109021,1,2. NO,2. NO,1. YES,1. YES,1. YES,2. NO,1. YES,2. NO,2. NO,2. NO,2,2,2,1. YES,0,0,0,0,0,0,0,0,1,1,1,1,1,1,1,1,0,0,0,0,5. FOOD IN THE MARKET WAS VERY EXPENSIVE,12. LACK OF MONEY,6. UNABLE TO REACH THE MARKET DUE TO HIGH TRANSPORTATION COSTS,
5. South South,10. Delta,1006. ETHIOPE WEST,2. RURAL,474,109022,1,2. NO,1. YES,2. NO,2. NO,2. NO,2. NO,2. NO,2. NO,2. NO,2. NO,3,,,2. NO,,,,,,,,,,,,,,,,,,,,,,,,
5. South South,10. Delta,1006. ETHIOPE WEST,2. RURAL,474,109023,1,2. NO,2. NO,2. NO,2. NO,2. NO,2. NO,2. NO,2. NO,2. NO,2. NO,3,,3,2. NO,,,,,,,,,,,,,,,,,,,,,,,,
5. South South,10. Delta,1006. ETHIOPE WEST,2. RURAL,1708,109025,1,2. NO,1. YES,1. YES,2. NO,2. NO,2. NO,2. NO,2. NO,2. NO,2. NO,3,3,,2. NO,,,,,,,,,,,,,,,,,,,,,,,,
5. South South,10. Delta,1006. ETHIOPE WEST,2. RURAL,1708,109026,1,1. YES,1. YES,1. YES,2. NO,1. YES,2. NO,2. NO,2. NO,2. NO,2. NO,3,,,2. NO,,,,,,,,,,,,,,,,,,,,,,,,
5. South South,10. Delta,1006. ETHIOPE WEST,2. RURAL,1708,109028,2,2. NO,2. NO,2. NO,2. NO,2. NO,2. NO,2. NO,2. NO,2. NO,2. NO,3,3,,2. NO,,,,,,,,,,,,,,,,,,,,,,,,
5. South South,10. Delta,1006. ETHIOPE WEST,2. RURAL,1708,109029,1,2. NO,2. NO,2. NO,2. NO,2. NO,2. NO,2. NO,2. NO,2. NO,2. NO,3,3,,2. NO,,,,,,,,,,,,,,,,,,,,,,,,
5. South South,10. Delta,1006. ETHIOPE WEST,2. RURAL,1708,109031,1,2. NO,2. NO,2. NO,2. NO,1. YES,2. NO,2. NO,2. NO,2. NO,2. NO,2,,,2. NO,,,,,,,,,,,,,,,,,,,,,,,,
5. South South,10. Delta,1006. ETHIOPE WEST,2. RURAL,1708,109032,1,1. YES,1. YES,1. YES,1. YES,1. YES,2. NO,2. NO,2. NO,2. NO,2. NO,3,3,3,1. YES,0,0,0,0,0,0,0,0,0,0,0,0,1,1,1,1,0,0,0,0,4. INADEQUATE HOUSEHOLD FOOD STOCKS DUE TO LACK OF FARM INPUTS,5. FOOD IN THE MARKET WAS VERY EXPENSIVE,8. FLOODS/WATER LOGGING,
5. South South,10. Delta,1006. ETHIOPE WEST,2. RURAL,1708,109033,2,2. NO,2. NO,2. NO,2. NO,2. NO,2. NO,2. NO,2. NO,2. NO,2. NO,3,3,,2. NO,,,,,,,,,,,,,,,,,,,,,,,,
5. South South,10. Delta,1006. ETHIOPE WEST,2. RURAL,1708,109034,1,2. NO,2. NO,2. NO,2. NO,2. NO,2. NO,2. NO,2. NO,2. NO,2. NO,3,,,2. NO,,,,,,,,,,,,,,,,,,,,,,,,
5. South South,10. Delta,1006. ETHIOPE WEST,2. RURAL,1708,109035,2,2. NO,2. NO,2. NO,2. NO,2. NO,2. NO,2. NO,2. NO,2. NO,2. NO,3,3,,2. NO,,,,,,,,,,,,,,,,,,,,,,,,
5. South South,10. Delta,1007. IKA NORTH EAST,1. URBAN,1026,109037,2,2. NO,2. NO,2. NO,2. NO,2. NO,2. NO,2. NO,2. NO,2. NO,2. NO,3,,,2. NO,,,,,,,,,,,,,,,,,,,,,,,,
5. South South,10. Delta,1007. IKA NORTH EAST,1. URBAN,1026,109038,1,2. NO,1. YES,1. YES,1. YES,1. YES,1. YES,1. YES,1. YES,1. YES,1. YES,3,3,,2. NO,,,,,,,,,,,,,,,,,,,,,,,,
5. South South,10. Delta,1007. IKA NORTH EAST,1. URBAN,1026,109040,1,2. NO,2. NO,2. NO,2. NO,1. YES,2. NO,2. NO,2. NO,2. NO,2. NO,3,,,2. NO,,,,,,,,,,,,,,,,,,,,,,,,
5. South South,10. Delta,1007. IKA NORTH EAST,1. URBAN,1026,109041,1301,2. NO,2. NO,2. NO,2. NO,2. NO,2. NO,2. NO,2. NO,2. NO,2. NO,2,3,,2. NO,,,,,,,,,,,,,,,,,,,,,,,,
5. South South,10. Delta,1007. IKA NORTH EAST,1. URBAN,1026,109042,1,2. NO,2. NO,2. NO,2. NO,2. NO,2. NO,2. NO,2. NO,2. NO,2. NO,3,,,2. NO,,,,,,,,,,,,,,,,,,,,,,,,
5. South South,10. Delta,1007. IKA NORTH EAST,1. URBAN,1026,109043,1,1. YES,1. YES,1. YES,1. YES,1. YES,1. YES,1. YES,2. NO,2. NO,2. NO,2,,,2. NO,,,,,,,,,,,,,,,,,,,,,,,,
5. South South,10. Delta,1007. IKA NORTH EAST,1. URBAN,1026,109046,1,2. NO,1. YES,1. YES,1. YES,1. YES,2. NO,1. YES,2. NO,2. NO,2. NO,2,2,2,1. YES,0,0,0,0,0,0,0,0,0,0,0,0,0,1,1,1,0,0,0,0,5. FOOD IN THE MARKET WAS VERY EXPENSIVE,12. LACK OF MONEY,,
5. South South,10. Delta,1007. IKA NORTH EAST,1. URBAN,1026,109047,2,2. NO,2. NO,2. NO,2. NO,2. NO,2. NO,2. NO,2. NO,2. NO,2. NO,3,3,,2. NO,,,,,,,,,,,,,,,,,,,,,,,,
5. South South,10. Delta,1012. NDOKWA WEST,2. RURAL,428,109048,2,1. YES,2. NO,1. YES,2. NO,1. YES,2. NO,2. NO,2. NO,2. NO,2. NO,2,3,,2. NO,,,,,,,,,,,,,,,,,,,,,,,,
5. South South,10. Delta,1012. NDOKWA WEST,2. RURAL,428,109049,1,2. NO,2. NO,1. YES,2. NO,1. YES,2. NO,2. NO,2. NO,2. NO,2. NO,3,,3,2. NO,,,,,,,,,,,,,,,,,,,,,,,,
5. South South,10. Delta,1012. NDOKWA WEST,2. RURAL,428,109052,2,2. NO,2. NO,2. NO,2. NO,2. NO,2. NO,2. NO,2. NO,2. NO,1. YES,3,4,4,2. NO,,,,,,,,,,,,,,,,,,,,,,,,
5. South South,10. Delta,1012. NDOKWA WEST,2. RURAL,428,109053,1,2. NO,2. NO,2. NO,2. NO,2. NO,2. NO,2. NO,2. NO,2. NO,2. NO,3,,,2. NO,,,,,,,,,,,,,,,,,,,,,,,,
5. South South,10. Delta,1012. NDOKWA WEST,1. URBAN,0,109054,1,2. NO,2. NO,1. YES,2. NO,2. NO,2. NO,2. NO,2. NO,2. NO,2. NO,2,,,2. NO,,,,,,,,,,,,,,,,,,,,,,,,
5. South South,10. Delta,1012. NDOKWA WEST,2. RURAL,428,109055,1,2. NO,2. NO,2. NO,2. NO,2. NO,2. NO,2. NO,2. NO,2. NO,2. NO,3,,,2. NO,,,,,,,,,,,,,,,,,,,,,,,,
5. South South,10. Delta,1012. NDOKWA WEST,2. RURAL,428,109056,1,2. NO,2. NO,2. NO,2. NO,2. NO,2. NO,2. NO,2. NO,2. NO,2. NO,3,3,5,2. NO,,,,,,,,,,,,,,,,,,,,,,,,
5. South South,10. Delta,1012. NDOKWA WEST,2. RURAL,428,109057,2,2. NO,2. NO,2. NO,2. NO,2. NO,2. NO,2. NO,2. NO,2. NO,2. NO,3,3,,2. NO,,,,,,,,,,,,,,,,,,,,,,,,
5. South South,10. Delta,1012. NDOKWA WEST,2. RURAL,428,109058,1,2. NO,2. NO,1. YES,2. NO,2. NO,2. NO,2. NO,2. NO,2. NO,2. NO,3,3,,2. NO,,,,,,,,,,,,,,,,,,,,,,,,
5. South South,10. Delta,1012. NDOKWA WEST,2. RURAL,0,109059,4,2. NO,2. NO,2. NO,2. NO,2. NO,2. NO,2. NO,2. NO,2. NO,2. NO,3,3,,2. NO,,,,,,,,,,,,,,,,,,,,,,,,
5. South South,10. Delta,1012. NDOKWA WEST,2. RURAL,1106,109060,2,2. NO,2. NO,2. NO,2. NO,2. NO,2. NO,2. NO,2. NO,2. NO,2. NO,3,4,4,2. NO,,,,,,,,,,,,,,,,,,,,,,,,
5. South South,10. Delta,1012. NDOKWA WEST,2. RURAL,1106,109061,1,2. NO,2. NO,2. NO,2. NO,2. NO,2. NO,2. NO,2. NO,2. NO,2. NO,3,3,,2. NO,,,,,,,,,,,,,,,,,,,,,,,,
5. South South,10. Delta,1012. NDOKWA WEST,2. RURAL,1106,109062,1,2. NO,2. NO,2. NO,2. NO,2. NO,2. NO,2. NO,2. NO,2. NO,2. NO,2,3,2,2. NO,,,,,,,,,,,,,,,,,,,,,,,,
5. South South,10. Delta,1012. NDOKWA WEST,2. RURAL,1106,109064,2,2. NO,2. NO,2. NO,2. NO,2. NO,2. NO,2. NO,2. NO,2. NO,2. NO,3,3,,2. NO,,,,,,,,,,,,,,,,,,,,,,,,
5. South South,10. Delta,1012. NDOKWA WEST,2. RURAL,0,109065,2,2. NO,2. NO,2. NO,1. YES,1. YES,1. YES,2. NO,2. NO,2. NO,1. YES,3,,,2. NO,,,,,,,,,,,,,,,,,,,,,,,,
5. South South,10. Delta,1012. NDOKWA WEST,2. RURAL,1106,109066,1,2. NO,1. YES,1. YES,2. NO,1. YES,2. NO,1. YES,2. NO,2. NO,2. NO,2,3,3,2. NO,,,,,,,,,,,,,,,,,,,,,,,,
5. South South,10. Delta,1012. NDOKWA WEST,2. RURAL,1106,109067,1,2. NO,2. NO,2. NO,2. NO,2. NO,2. NO,2. NO,2. NO,2. NO,2. NO,3,3,,2. NO,,,,,,,,,,,,,,,,,,,,,,,,
5. South South,10. Delta,1012. NDOKWA WEST,2. RURAL,1106,109068,1,2. NO,1. YES,2. NO,1. YES,1. YES,2. NO,2. NO,2. NO,1. YES,1. YES,3,3,2,2. NO,,,,,,,,,,,,,,,,,,,,,,,,
5. South South,10. Delta,1012. NDOKWA WEST,2. RURAL,1106,109069,1,2. NO,2. NO,2. NO,2. NO,2. NO,2. NO,2. NO,2. NO,2. NO,2. NO,3,4,4,2. NO,,,,,,,,,,,,,,,,,,,,,,,,
5. South South,10. Delta,1012. NDOKWA WEST,2. RURAL,1106,109071,1,2. NO,2. NO,2. NO,2. NO,2. NO,2. NO,2. NO,2. NO,2. NO,2. NO,3,3,,2. NO,,,,,,,,,,,,,,,,,,,,,,,,
5. South South,10. Delta,1013. OKPE,2. RURAL,88,109074,1,2. NO,2. NO,2. NO,2. NO,2. NO,2. NO,2. NO,2. NO,2. NO,2. NO,3,3,,2. NO,,,,,,,,,,,,,,,,,,,,,,,,
5. South South,10. Delta,1013. OKPE,2. RURAL,88,109076,1,1. YES,1. YES,1. YES,1. YES,1. YES,2. NO,2. NO,2. NO,1. YES,2. NO,3,3,8,2. NO,,,,,,,,,,,,,,,,,,,,,,,,
5. South South,10. Delta,1024. WARR  SOUTH WEST,2. RURAL,0,109077,1,1. YES,1. YES,1. YES,1. YES,1. YES,1. YES,2. NO,2. NO,2. NO,2. NO,2,,,2. NO,,,,,,,,,,,,,,,,,,,,,,,,
5. South South,10. Delta,1013. OKPE,2. RURAL,88,109078,2,1. YES,2. NO,2. NO,1. YES,1. YES,1. YES,1. YES,1. YES,2. NO,2. NO,3,,,1. YES,0,0,0,0,0,0,0,1,0,0,1,0,0,0,0,0,0,0,0,0,1. INADEQUATE HOUSEHOLD FOOD STOCKS DUE TO DROUGHT/ POOR RAINS,12. LACK OF MONEY,,
5. South South,10. Delta,1013. OKPE,2. RURAL,88,109080,5,2. NO,1. YES,2. NO,2. NO,1. YES,2. NO,2. NO,2. NO,1. YES,2. NO,3,,,2. NO,,,,,,,,,,,,,,,,,,,,,,,,
5. South South,10. Delta,1017. SAPELE,2. RURAL,0,109081,1,1. YES,1. YES,1. YES,1. YES,1. YES,1. YES,2. NO,2. NO,1. YES,2. NO,2,3,4,1. YES,0,0,0,0,0,0,0,0,0,0,0,0,0,0,0,1,1,0,0,0,12. LACK OF MONEY,,,
5. South South,10. Delta,1013. OKPE,2. RURAL,88,109082,5101,1. YES,1. YES,1. YES,1. YES,1. YES,2. NO,2. NO,2. NO,1. YES,2. NO,2,3,,2. NO,,,,,,,,,,,,,,,,,,,,,,,,
5. South South,10. Delta,1013. OKPE,2. RURAL,88,109083,5101,1. YES,1. YES,1. YES,1. YES,1. YES,1. YES,1. YES,2. NO,1. YES,2. NO,3,3,,1. YES,0,0,0,0,0,0,0,0,0,0,1,0,0,1,0,0,0,0,0,0,12. LACK OF MONEY,5. FOOD IN THE MARKET WAS VERY EXPENSIVE,,
5. South South,10. Delta,1013. OKPE,2. RURAL,410,109085,1,2. NO,2. NO,2. NO,2. NO,2. NO,2. NO,2. NO,2. NO,2. NO,2. NO,3,3,,2. NO,,,,,,,,,,,,,,,,,,,,,,,,
5. South South,10. Delta,1013. OKPE,2. RURAL,410,109087,1,2. NO,2. NO,2. NO,2. NO,2. NO,2. NO,2. NO,2. NO,2. NO,2. NO,3,,,2. NO,,,,,,,,,,,,,,,,,,,,,,,,
5. South South,10. Delta,1013. OKPE,2. RURAL,410,109088,1,2. NO,2. NO,2. NO,2. NO,2. NO,2. NO,2. NO,2. NO,2. NO,2. NO,3,3,3,2. NO,,,,,,,,,,,,,,,,,,,,,,,,
5. South South,10. Delta,1013. OKPE,2. RURAL,0,109089,1,1. YES,1. YES,1. YES,1. YES,1. YES,1. YES,1. YES,2. NO,2. NO,2. NO,2,,,1. YES,0,0,0,0,0,0,0,0,0,0,1,1,1,1,1,1,1,1,0,0,12. LACK OF MONEY,,,
5. South South,10. Delta,1013. OKPE,2. RURAL,410,109091,3,2. NO,2. NO,2. NO,2. NO,2. NO,2. NO,2. NO,2. NO,2. NO,2. NO,3,,,2. NO,,,,,,,,,,,,,,,,,,,,,,,,
5. South South,10. Delta,1013. OKPE,2. RURAL,410,109092,1,2. NO,1. YES,1. YES,1. YES,2. NO,2. NO,1. YES,1. YES,1. YES,2. NO,2,3,,1. YES,0,0,0,0,0,0,0,0,0,0,0,0,0,1,0,1,0,0,0,0,5. FOOD IN THE MARKET WAS VERY EXPENSIVE,,,
5. South South,10. Delta,1013. OKPE,2. RURAL,410,109093,1,2. NO,2. NO,2. NO,2. NO,2. NO,2. NO,2. NO,2. NO,2. NO,2. NO,3,,,2. NO,,,,,,,,,,,,,,,,,,,,,,,,
5. South South,10. Delta,1013. OKPE,2. RURAL,410,109095,1,2. NO,1. YES,2. NO,2. NO,2. NO,2. NO,2. NO,2. NO,2. NO,2. NO,3,3,3,2. NO,,,,,,,,,,,,,,,,,,,,,,,,
5. South South,10. Delta,1013. OKPE,2. RURAL,948,109099,2,1. YES,1. YES,1. YES,1. YES,1. YES,1. YES,1. YES,1. YES,1. YES,1. YES,1,3,,1. YES,1,0,0,0,0,0,0,0,0,0,0,0,0,0,0,0,0,0,0,0,12. LACK OF MONEY,5. FOOD IN THE MARKET WAS VERY EXPENSIVE,,
5. South South,10. Delta,1013. OKPE,2. RURAL,948,109100,2,1. YES,1. YES,1. YES,2. NO,1. YES,1. YES,1. YES,2. NO,2. NO,2. NO,3,3,4,1. YES,0,0,0,0,0,0,0,0,1,1,1,0,0,0,0,0,0,0,0,0,12. LACK OF MONEY,5. FOOD IN THE MARKET WAS VERY EXPENSIVE,,
5. South South,10. Delta,1013. OKPE,2. RURAL,948,109101,2,2. NO,1. YES,1. YES,1. YES,1. YES,2. NO,2. NO,2. NO,1. YES,2. NO,3,4,8,2. NO,,,,,,,,,,,,,,,,,,,,,,,,
5. South South,10. Delta,1013. OKPE,2. RURAL,948,109103,5103,1. YES,1. YES,1. YES,1. YES,1. YES,1. YES,1. YES,2. NO,1. YES,1. YES,2,3,3,1. YES,1,0,0,0,0,0,0,0,0,0,0,0,0,0,0,0,0,0,0,0,12. LACK OF MONEY,5. FOOD IN THE MARKET WAS VERY EXPENSIVE,,
5. South South,10. Delta,1013. OKPE,2. RURAL,948,109104,2,2. NO,1. YES,1. YES,1. YES,1. YES,2. NO,2. NO,2. NO,1. YES,2. NO,2,3,7,2. NO,,,,,,,,,,,,,,,,,,,,,,,,
5. South South,10. Delta,1013. OKPE,2. RURAL,948,109106,1,1. YES,1. YES,1. YES,1. YES,1. YES,1. YES,1. YES,2. NO,2. NO,2. NO,2,,,1. YES,1,0,0,0,0,0,0,0,0,0,0,0,0,0,0,0,0,0,0,0,5. FOOD IN THE MARKET WAS VERY EXPENSIVE,12. LACK OF MONEY,,
5. South South,10. Delta,1013. OKPE,2. RURAL,948,109107,1,1. YES,1. YES,1. YES,1. YES,1. YES,1. YES,1. YES,2. NO,1. YES,1. YES,2,2,,1. YES,1,0,0,0,0,0,0,0,0,0,0,0,0,0,0,0,0,0,0,0,12. LACK OF MONEY,,,
5. South South,10. Delta,1013. OKPE,2. RURAL,1054,109110,1,1. YES,1. YES,1. YES,1. YES,1. YES,2. NO,2. NO,2. NO,2. NO,2. NO,2,3,,1. YES,0,0,0,0,0,0,0,0,0,0,0,0,1,1,0,0,0,0,0,0,12. LACK OF MONEY,13. LACK OF ACCESS TO MONEY AT THE BANK DUE TO NAIRA REDESIGN,,
5. South South,10. Delta,1013. OKPE,2. RURAL,1054,109112,2,1. YES,1. YES,1. YES,2. NO,1. YES,1. YES,2. NO,2. NO,2. NO,2. NO,2,,,2. NO,,,,,,,,,,,,,,,,,,,,,,,,
5. South South,10. Delta,1013. OKPE,2. RURAL,1054,109114,1,1. YES,1. YES,1. YES,1. YES,1. YES,1. YES,2. NO,2. NO,2. NO,1. YES,2,,,1. YES,0,0,0,0,0,0,0,0,0,0,1,1,1,1,0,0,0,0,0,0,12. LACK OF MONEY,,,
5. South South,10. Delta,1013. OKPE,2. RURAL,1054,109115,2,1. YES,1. YES,1. YES,1. YES,1. YES,2. NO,1. YES,2. NO,1. YES,2. NO,2,3,,1. YES,0,0,0,0,0,0,0,1,1,0,0,0,0,0,0,0,0,0,0,0,5. FOOD IN THE MARKET WAS VERY EXPENSIVE,12. LACK OF MONEY,,
5. South South,10. Delta,1013. OKPE,2. RURAL,1054,109117,2,1. YES,1. YES,1. YES,1. YES,1. YES,1. YES,1. YES,2. NO,2. NO,2. NO,2,,,1. YES,0,0,0,0,0,0,0,0,0,0,1,1,0,0,0,0,0,0,0,0,12. LACK OF MONEY,,,
5. South South,10. Delta,1013. OKPE,2. RURAL,1054,109118,2,1. YES,1. YES,1. YES,1. YES,1. YES,1. YES,2. NO,2. NO,1. YES,2. NO,3,3,,1. YES,1,0,0,0,0,0,0,0,0,0,0,0,0,0,0,0,0,0,0,0,12. LACK OF MONEY,,,
5. South South,10. Delta,1013. OKPE,2. RURAL,1054,109119,2,1. YES,1. YES,1. YES,1. YES,1. YES,2. NO,2. NO,2. NO,2. NO,2. NO,2,4,,2. NO,,,,,,,,,,,,,,,,,,,,,,,,
5. South South,10. Delta,1022. UWIE,1. URBAN,30,109121,1,1. YES,1. YES,1. YES,2. NO,1. YES,1. YES,1. YES,2. NO,2. NO,2. NO,3,,,2. NO,,,,,,,,,,,,,,,,,,,,,,,,
5. South South,10. Delta,1022. UWIE,1. URBAN,30,109122,2,1. YES,1. YES,1. YES,1. YES,1. YES,2. NO,2. NO,2. NO,1. YES,2. NO,3,2,6,2. NO,,,,,,,,,,,,,,,,,,,,,,,,
5. South South,10. Delta,1022. UWIE,1. URBAN,30,109123,2,2. NO,1. YES,1. YES,2. NO,1. YES,2. NO,2. NO,2. NO,2. NO,2. NO,3,,,2. NO,,,,,,,,,,,,,,,,,,,,,,,,
5. South South,10. Delta,1022. UWIE,1. URBAN,30,109124,1,1. YES,1. YES,1. YES,1. YES,1. YES,2. NO,2. NO,2. NO,2. NO,2. NO,2,3,4,2. NO,,,,,,,,,,,,,,,,,,,,,,,,
5. South South,10. Delta,1022. UWIE,1. URBAN,30,109126,2,1. YES,1. YES,1. YES,1. YES,1. YES,1. YES,2. NO,2. NO,1. YES,2. NO,2,,,2. NO,,,,,,,,,,,,,,,,,,,,,,,,
5. South South,10. Delta,1022. UWIE,1. URBAN,30,109127,2,2. NO,2. NO,2. NO,2. NO,2. NO,2. NO,2. NO,2. NO,2. NO,2. NO,3,3,,2. NO,,,,,,,,,,,,,,,,,,,,,,,,
5. South South,10. Delta,1022. UWIE,1. URBAN,30,109128,2,1. YES,1. YES,1. YES,1. YES,1. YES,1. YES,1. YES,2. NO,2. NO,2. NO,2,3,,1. YES,0,0,0,0,0,1,1,1,1,0,0,0,0,0,0,0,0,0,0,0,12. LACK OF MONEY,,,
5. South South,10. Delta,1022. UWIE,1. URBAN,30,109129,1,1. YES,1. YES,1. YES,1. YES,1. YES,1. YES,1. YES,2. NO,2. NO,2. NO,2,,,1. YES,0,0,0,0,0,0,0,0,0,1,1,1,0,0,0,0,0,0,0,0,12. LACK OF MONEY,,,
5. South South,9. Cross River,909. CALABAR SOUTH,1. URBAN,0,109131,1,1. YES,1. YES,1. YES,1. YES,1. YES,1. YES,1. YES,1. YES,1. YES,2. NO,2,2,,1. YES,1,0,0,0,0,0,0,0,0,0,0,0,0,0,0,0,0,0,0,0,12. LACK OF MONEY,,,
5. South South,10. Delta,1022. UWIE,1. URBAN,386,109132,1,1. YES,1. YES,1. YES,2. NO,1. YES,1. YES,1. YES,2. NO,2. NO,2. NO,3,,5,2. NO,,,,,,,,,,,,,,,,,,,,,,,,
5. South South,10. Delta,1022. UWIE,1. URBAN,386,109133,2,1. YES,1. YES,1. YES,1. YES,1. YES,1. YES,1. YES,2. NO,1. YES,2. NO,3,4,3,1. YES,0,0,0,0,0,0,0,0,0,0,0,0,0,1,1,0,0,0,0,0,12. LACK OF MONEY,,,
5. South South,10. Delta,1020. UGHELLI SOUTH,1. URBAN,0,109134,6,1. YES,2. NO,1. YES,1. YES,1. YES,1. YES,1. YES,2. NO,2. NO,2. NO,2,2,,1. YES,0,0,0,0,0,0,0,0,0,0,0,1,1,1,1,1,1,0,0,0,12. LACK OF MONEY,,,
5. South South,10. Delta,1022. UWIE,1. URBAN,386,109135,2,2. NO,2. NO,2. NO,2. NO,2. NO,2. NO,2. NO,2. NO,2. NO,2. NO,3,3,3,2. NO,,,,,,,,,,,,,,,,,,,,,,,,
5. South South,10. Delta,1022. UWIE,1. URBAN,386,109136,2,1. YES,1. YES,1. YES,2. NO,1. YES,2. NO,2. NO,2. NO,1. YES,2. NO,2,,,2. NO,,,,,,,,,,,,,,,,,,,,,,,,
5. South South,10. Delta,1022. UWIE,1. URBAN,386,109137,2,1. YES,1. YES,1. YES,1. YES,1. YES,2. NO,2. NO,2. NO,2. NO,2. NO,2,,,2. NO,,,,,,,,,,,,,,,,,,,,,,,,
5. South South,10. Delta,1022. UWIE,1. URBAN,386,109139,2,1. YES,1. YES,1. YES,1. YES,1. YES,1. YES,1. YES,2. NO,1. YES,2. NO,3,4,,1. YES,1,0,0,0,0,0,0,0,0,0,0,0,0,0,0,0,0,0,0,0,12. LACK OF MONEY,5. FOOD IN THE MARKET WAS VERY EXPENSIVE,,
5. South South,10. Delta,1022. UWIE,1. URBAN,386,109141,2,2. NO,2. NO,1. YES,2. NO,2. NO,2. NO,2. NO,2. NO,2. NO,2. NO,2,,,2. NO,,,,,,,,,,,,,,,,,,,,,,,,
5. South South,10. Delta,1022. UWIE,1. URBAN,386,109142,1,1. YES,1. YES,1. YES,1. YES,1. YES,1. YES,2. NO,2. NO,1. YES,2. NO,2,2,,1. YES,1,0,0,0,0,0,0,0,0,0,0,0,0,0,0,0,0,0,0,0,5. FOOD IN THE MARKET WAS VERY EXPENSIVE,12. LACK OF MONEY,,
5. South South,10. Delta,1023. WARRI NORTH,2. RURAL,346,109145,2,1. YES,1. YES,1. YES,1. YES,1. YES,2. NO,2. NO,2. NO,1. YES,2. NO,2,2,,2. NO,,,,,,,,,,,,,,,,,,,,,,,,
5. South South,10. Delta,1025. WARR  SOUTH,2. RURAL,0,109147,1,1. YES,1. YES,1. YES,1. YES,1. YES,1. YES,2. NO,2. NO,2. NO,2. NO,2,,,1. YES,0,0,0,0,0,0,0,0,0,0,1,0,0,1,0,0,1,0,0,0,12. LACK OF MONEY,,,
5. South South,10. Delta,1023. WARRI NORTH,2. RURAL,346,109148,1,1. YES,1. YES,1. YES,1. YES,1. YES,1. YES,1. YES,2. NO,1. YES,2. NO,3,,,1. YES,1,0,0,0,0,0,0,0,0,0,0,0,0,0,0,0,0,0,0,0,12. LACK OF MONEY,,,
5. South South,10. Delta,1024. WARR  SOUTH WEST,2. RURAL,0,109149,1,1. YES,1. YES,1. YES,1. YES,1. YES,1. YES,2. NO,2. NO,2. NO,2. NO,2,,,2. NO,,,,,,,,,,,,,,,,,,,,,,,,
5. South South,10. Delta,1023. WARRI NORTH,2. RURAL,346,109150,2,1. YES,1. YES,1. YES,1. YES,1. YES,1. YES,1. YES,1. YES,2. NO,2. NO,2,3,,1. YES,1,0,0,0,0,0,0,0,0,0,0,0,0,0,0,0,0,0,0,0,12. LACK OF MONEY,,,
5. South South,10. Delta,1023. WARRI NORTH,2. RURAL,346,109151,5,1. YES,1. YES,1. YES,1. YES,1. YES,1. YES,1. YES,2. NO,1. YES,2. NO,2,3,3,1. YES,1,0,0,0,0,0,0,0,0,0,0,0,0,0,0,0,0,0,0,0,12. LACK OF MONEY,,,
5. South South,10. Delta,1023. WARRI NORTH,2. RURAL,346,109152,5101,2. NO,2. NO,2. NO,2. NO,2. NO,2. NO,2. NO,2. NO,2. NO,2. NO,2,2,3,2. NO,,,,,,,,,,,,,,,,,,,,,,,,
5. South South,10. Delta,1023. WARRI NORTH,2. RURAL,346,109153,1,1. YES,1. YES,1. YES,1. YES,1. YES,1. YES,1. YES,2. NO,2. NO,2. NO,3,,,1. YES,1,0,0,0,0,0,0,0,0,0,0,0,0,0,0,0,0,0,0,0,12. LACK OF MONEY,,,
5. South South,10. Delta,1023. WARRI NORTH,2. RURAL,346,109154,2,1. YES,1. YES,1. YES,1. YES,1. YES,2. NO,2. NO,2. NO,1. YES,2. NO,2,2,,2. NO,,,,,,,,,,,,,,,,,,,,,,,,
6. South West,27. Ogun,2707. IFO,2. RURAL,0,109155,1,2. NO,1. YES,1. YES,2. NO,1. YES,2. NO,2. NO,2. NO,2. NO,2. NO,3,,,2. NO,,,,,,,,,,,,,,,,,,,,,,,,
5. South South,10. Delta,1002. ANIOCHA SOUTH,1. URBAN,114,109156,2,2. NO,2. NO,2. NO,2. NO,2. NO,2. NO,2. NO,2. NO,2. NO,2. NO,3,3,3,2. NO,,,,,,,,,,,,,,,,,,,,,,,,
5. South South,10. Delta,1002. ANIOCHA SOUTH,1. URBAN,114,109157,1,2. NO,2. NO,2. NO,2. NO,2. NO,2. NO,2. NO,2. NO,2. NO,2. NO,3,,,2. NO,,,,,,,,,,,,,,,,,,,,,,,,
5. South South,10. Delta,1005. ETHIOPE EAST,2. RURAL,0,109166,1,1. YES,1. YES,1. YES,2. NO,1. YES,1. YES,1. YES,2. NO,2. NO,2. NO,,,,1. YES,0,0,0,0,0,0,0,0,0,0,0,1,1,0,0,0,0,0,0,0,12. LACK OF MONEY,,,
5. South South,10. Delta,1013. OKPE,2. RURAL,410,109169,4,2. NO,1. YES,1. YES,1. YES,2. NO,2. NO,2. NO,2. NO,2. NO,2. NO,3,2,,2. NO,,,,,,,,,,,,,,,,,,,,,,,,
5. South South,10. Delta,1013. OKPE,2. RURAL,948,109170,2,1. YES,1. YES,1. YES,2. NO,1. YES,2. NO,2. NO,2. NO,2. NO,2. NO,2,4,8,2. NO,,,,,,,,,,,,,,,,,,,,,,,,
5. South South,10. Delta,1013. OKPE,2. RURAL,948,109171,1,1. YES,1. YES,1. YES,1. YES,1. YES,1. YES,1. YES,2. NO,1. YES,1. YES,3,,,1. YES,1,0,0,0,0,0,0,0,0,0,0,0,0,0,0,0,0,0,0,0,12. LACK OF MONEY,5. FOOD IN THE MARKET WAS VERY EXPENSIVE,,
5. South South,10. Delta,1013. OKPE,2. RURAL,1054,109173,2,1. YES,1. YES,1. YES,2. NO,1. YES,1. YES,1. YES,2. NO,2. NO,2. NO,2,,,2. NO,,,,,,,,,,,,,,,,,,,,,,,,
5. South South,10. Delta,1022. UWIE,1. URBAN,386,109176,2,1. YES,1. YES,1. YES,1. YES,1. YES,1. YES,1. YES,2. NO,1. YES,2. NO,3,,,1. YES,0,0,0,0,0,0,0,0,1,1,1,0,0,0,0,0,0,0,0,0,12. LACK OF MONEY,,,
4. South East,11. Ebonyi,1104. EBONYI,1. URBAN,2028,110001,1,2. NO,2. NO,2. NO,2. NO,2. NO,2. NO,2. NO,2. NO,2. NO,2. NO,3,,,2. NO,,,,,,,,,,,,,,,,,,,,,,,,
4. South East,11. Ebonyi,1104. EBONYI,1. URBAN,2028,110002,1,1. YES,1. YES,1. YES,2. NO,1. YES,2. NO,2. NO,2. NO,2. NO,2. NO,3,,,1. YES,0,0,0,0,0,0,0,0,0,0,0,0,1,1,1,0,0,0,0,0,1. INADEQUATE HOUSEHOLD FOOD STOCKS DUE TO DROUGHT/ POOR RAINS,5. FOOD IN THE MARKET WAS VERY EXPENSIVE,12. LACK OF MONEY,
4. South East,11. Ebonyi,1104. EBONYI,1. URBAN,2028,110003,801,1. YES,1. YES,1. YES,1. YES,1. YES,2. NO,1. YES,2. NO,2. NO,2. NO,2,,6,2. NO,,,,,,,,,,,,,,,,,,,,,,,,
4. South East,11. Ebonyi,1104. EBONYI,1. URBAN,2028,110004,2,1. YES,2. NO,2. NO,2. NO,2. NO,2. NO,2. NO,2. NO,2. NO,2. NO,3,,,2. NO,,,,,,,,,,,,,,,,,,,,,,,,
4. South East,11. Ebonyi,1104. EBONYI,1. URBAN,2028,110005,2,2. NO,1. YES,1. YES,2. NO,1. YES,2. NO,2. NO,2. NO,2. NO,2. NO,3,,,2. NO,,,,,,,,,,,,,,,,,,,,,,,,
4. South East,11. Ebonyi,1104. EBONYI,1. URBAN,2028,110006,4,2. NO,2. NO,2. NO,2. NO,2. NO,2. NO,2. NO,2. NO,2. NO,2. NO,3,,4,2. NO,,,,,,,,,,,,,,,,,,,,,,,,
4. South East,11. Ebonyi,1104. EBONYI,1. URBAN,2028,110007,1,1. YES,1. YES,2. NO,2. NO,1. YES,2. NO,2. NO,2. NO,2. NO,2. NO,3,3,3,2. NO,,,,,,,,,,,,,,,,,,,,,,,,
4. South East,11. Ebonyi,1104. EBONYI,1. URBAN,2028,110008,2,2. NO,2. NO,2. NO,2. NO,2. NO,2. NO,2. NO,2. NO,2. NO,2. NO,3,4,,2. NO,,,,,,,,,,,,,,,,,,,,,,,,
4. South East,11. Ebonyi,1104. EBONYI,1. URBAN,2028,110009,2,1. YES,1. YES,1. YES,1. YES,1. YES,2. NO,1. YES,2. NO,2. NO,2. NO,2,2,2,2. NO,,,,,,,,,,,,,,,,,,,,,,,,
4. South East,11. Ebonyi,1104. EBONYI,1. URBAN,2028,110010,2,1. YES,1. YES,1. YES,2. NO,1. YES,1. YES,2. NO,2. NO,1. YES,2. NO,3,3,,2. NO,,,,,,,,,,,,,,,,,,,,,,,,
4. South East,11. Ebonyi,1112. OHAUKWU,2. RURAL,78,110021,4,1. YES,1. YES,1. YES,2. NO,1. YES,2. NO,2. NO,2. NO,2. NO,2. NO,3,3,,2. NO,,,,,,,,,,,,,,,,,,,,,,,,
4. South East,11. Ebonyi,1112. OHAUKWU,2. RURAL,78,110022,2,2. NO,2. NO,1. YES,2. NO,2. NO,2. NO,2. NO,2. NO,2. NO,2. NO,3,3,,2. NO,,,,,,,,,,,,,,,,,,,,,,,,
4. South East,11. Ebonyi,1112. OHAUKWU,2. RURAL,78,110023,2,2. NO,1. YES,1. YES,2. NO,1. YES,1. YES,1. YES,2. NO,2. NO,2. NO,3,3,4,2. NO,,,,,,,,,,,,,,,,,,,,,,,,
4. South East,11. Ebonyi,1112. OHAUKWU,2. RURAL,78,110024,1,1. YES,1. YES,1. YES,1. YES,1. YES,1. YES,1. YES,2. NO,1. YES,2. NO,3,3,,2. NO,,,,,,,,,,,,,,,,,,,,,,,,
4. South East,11. Ebonyi,1112. OHAUKWU,2. RURAL,78,110025,1,2. NO,2. NO,2. NO,2. NO,1. YES,2. NO,2. NO,2. NO,2. NO,2. NO,3,3,3,2. NO,,,,,,,,,,,,,,,,,,,,,,,,
4. South East,11. Ebonyi,1112. OHAUKWU,2. RURAL,78,110026,5101,1. YES,2. NO,1. YES,1. YES,1. YES,1. YES,2. NO,2. NO,1. YES,2. NO,3,,3,2. NO,,,,,,,,,,,,,,,,,,,,,,,,
4. South East,11. Ebonyi,1112. OHAUKWU,2. RURAL,78,110027,1,2. NO,1. YES,2. NO,2. NO,2. NO,2. NO,2. NO,2. NO,2. NO,2. NO,3,3,3,2. NO,,,,,,,,,,,,,,,,,,,,,,,,
4. South East,11. Ebonyi,1112. OHAUKWU,2. RURAL,78,110028,1,2. NO,1. YES,1. YES,2. NO,1. YES,2. NO,2. NO,2. NO,2. NO,2. NO,3,,,2. NO,,,,,,,,,,,,,,,,,,,,,,,,
4. South East,11. Ebonyi,1112. OHAUKWU,2. RURAL,78,110029,2,2. NO,1. YES,2. NO,2. NO,1. YES,2. NO,2. NO,2. NO,1. YES,2. NO,2,3,3,2. NO,,,,,,,,,,,,,,,,,,,,,,,,
4. South East,11. Ebonyi,1112. OHAUKWU,2. RURAL,78,110030,2,2. NO,2. NO,2. NO,2. NO,1. YES,2. NO,2. NO,2. NO,2. NO,2. NO,3,,4,2. NO,,,,,,,,,,,,,,,,,,,,,,,,
4. South East,11. Ebonyi,1104. EBONYI,2. RURAL,434,110081,1,1. YES,1. YES,1. YES,1. YES,1. YES,1. YES,1. YES,2. NO,1. YES,2. NO,3,3,,2. NO,,,,,,,,,,,,,,,,,,,,,,,,
4. South East,11. Ebonyi,1104. EBONYI,2. RURAL,434,110082,1,1. YES,1. YES,1. YES,1. YES,1. YES,2. NO,1. YES,2. NO,1. YES,2. NO,5,3,3,2. NO,,,,,,,,,,,,,,,,,,,,,,,,
4. South East,11. Ebonyi,1104. EBONYI,2. RURAL,434,110083,8,2. NO,1. YES,1. YES,2. NO,1. YES,2. NO,2. NO,2. NO,2. NO,2. NO,3,,,2. NO,,,,,,,,,,,,,,,,,,,,,,,,
4. South East,11. Ebonyi,1104. EBONYI,2. RURAL,434,110084,1,2. NO,2. NO,1. YES,2. NO,2. NO,2. NO,2. NO,2. NO,2. NO,2. NO,3,,,2. NO,,,,,,,,,,,,,,,,,,,,,,,,
4. South East,11. Ebonyi,1104. EBONYI,2. RURAL,434,110085,1,1. YES,1. YES,1. YES,1. YES,1. YES,2. NO,1. YES,2. NO,2. NO,2. NO,3,3,3,2. NO,,,,,,,,,,,,,,,,,,,,,,,,
4. South East,11. Ebonyi,1104. EBONYI,2. RURAL,434,110086,2,2. NO,2. NO,1. YES,2. NO,1. YES,2. NO,2. NO,2. NO,2. NO,2. NO,3,3,3,1. YES,0,0,0,1,0,0,0,1,0,0,0,0,0,0,0,0,0,0,0,0,1. INADEQUATE HOUSEHOLD FOOD STOCKS DUE TO DROUGHT/ POOR RAINS,5. FOOD IN THE MARKET WAS VERY EXPENSIVE,12. LACK OF MONEY,
4. South East,11. Ebonyi,1104. EBONYI,2. RURAL,434,110087,7,2. NO,1. YES,1. YES,2. NO,2. NO,2. NO,2. NO,2. NO,2. NO,2. NO,3,3,,2. NO,,,,,,,,,,,,,,,,,,,,,,,,
4. South East,11. Ebonyi,1104. EBONYI,2. RURAL,434,110088,3,1. YES,1. YES,1. YES,1. YES,1. YES,1. YES,1. YES,2. NO,2. NO,2. NO,3,,,1. YES,0,0,0,1,0,0,0,0,0,0,1,1,0,0,0,0,0,0,0,0,3. INADEQUATE HOUSEHOLD FOOD STOCKS DUE TO SMALL LAND SIZE,4. INADEQUATE HOUSEHOLD FOOD STOCKS DUE TO LACK OF FARM INPUTS,12. LACK OF MONEY,
4. South East,11. Ebonyi,1104. EBONYI,2. RURAL,434,110089,2,2. NO,2. NO,2. NO,2. NO,2. NO,2. NO,2. NO,2. NO,2. NO,2. NO,3,5,5,2. NO,,,,,,,,,,,,,,,,,,,,,,,,
4. South East,11. Ebonyi,1104. EBONYI,2. RURAL,434,110090,1,2. NO,2. NO,1. YES,2. NO,1. YES,2. NO,2. NO,2. NO,2. NO,2. NO,3,3,,2. NO,,,,,,,,,,,,,,,,,,,,,,,,
4. South East,11. Ebonyi,1113. ONICHA,2. RURAL,954,110111,2,1. YES,1. YES,1. YES,1. YES,1. YES,1. YES,1. YES,2. NO,1. YES,2. NO,3,,,2. NO,,,,,,,,,,,,,,,,,,,,,,,,
4. South East,11. Ebonyi,1113. ONICHA,2. RURAL,954,110112,1,2. NO,2. NO,2. NO,2. NO,2. NO,2. NO,2. NO,2. NO,2. NO,2. NO,3,3,,2. NO,,,,,,,,,,,,,,,,,,,,,,,,
4. South East,11. Ebonyi,1113. ONICHA,2. RURAL,954,110113,1,1. YES,1. YES,1. YES,1. YES,1. YES,2. NO,2. NO,2. NO,2. NO,2. NO,3,3,,2. NO,,,,,,,,,,,,,,,,,,,,,,,,
4. South East,11. Ebonyi,1113. ONICHA,2. RURAL,954,110114,1,2. NO,1. YES,1. YES,2. NO,2. NO,2. NO,2. NO,2. NO,2. NO,2. NO,3,,,2. NO,,,,,,,,,,,,,,,,,,,,,,,,
4. South East,11. Ebonyi,1113. ONICHA,2. RURAL,954,110115,2,1. YES,1. YES,1. YES,1. YES,1. YES,1. YES,1. YES,2. NO,2. NO,2. NO,3,,,2. NO,,,,,,,,,,,,,,,,,,,,,,,,
4. South East,11. Ebonyi,1113. ONICHA,2. RURAL,954,110116,3,1. YES,1. YES,1. YES,2. NO,2. NO,2. NO,1. YES,2. NO,2. NO,2. NO,3,4,,2. NO,,,,,,,,,,,,,,,,,,,,,,,,
4. South East,11. Ebonyi,1113. ONICHA,2. RURAL,954,110117,2,2. NO,2. NO,1. YES,2. NO,1. YES,2. NO,2. NO,2. NO,2. NO,2. NO,3,3,,2. NO,,,,,,,,,,,,,,,,,,,,,,,,
4. South East,11. Ebonyi,1113. ONICHA,2. RURAL,954,110118,2,1. YES,1. YES,2. NO,1. YES,2. NO,2. NO,2. NO,2. NO,2. NO,2. NO,3,,,1. YES,0,0,0,0,0,0,0,0,0,1,1,0,1,1,0,0,0,0,0,0,12. LACK OF MONEY,13. LACK OF ACCESS TO MONEY AT THE BANK DUE TO NAIRA REDESIGN,,
4. South East,11. Ebonyi,1113. ONICHA,2. RURAL,954,110119,2,2. NO,2. NO,2. NO,2. NO,2. NO,2. NO,2. NO,2. NO,2. NO,2. NO,3,,,2. NO,,,,,,,,,,,,,,,,,,,,,,,,
4. South East,11. Ebonyi,1113. ONICHA,2. RURAL,954,110120,1,2. NO,1. YES,2. NO,2. NO,2. NO,2. NO,2. NO,2. NO,2. NO,2. NO,3,3,,2. NO,,,,,,,,,,,,,,,,,,,,,,,,
4. South East,11. Ebonyi,1102. AFIKPO NORTH,2. RURAL,936,110121,2,2. NO,1. YES,1. YES,2. NO,2. NO,2. NO,2. NO,2. NO,2. NO,2. NO,3,,,1. YES,0,0,0,0,0,0,0,0,0,1,1,0,1,0,0,0,0,0,0,0,13. LACK OF ACCESS TO MONEY AT THE BANK DUE TO NAIRA REDESIGN,12. LACK OF MONEY,5. FOOD IN THE MARKET WAS VERY EXPENSIVE,
4. South East,11. Ebonyi,1102. AFIKPO NORTH,2. RURAL,936,110122,5,2. NO,1. YES,1. YES,2. NO,1. YES,2. NO,2. NO,2. NO,2. NO,2. NO,3,3,5,1. YES,0,0,0,0,0,0,0,0,0,1,1,0,1,1,0,0,0,0,0,0,13. LACK OF ACCESS TO MONEY AT THE BANK DUE TO NAIRA REDESIGN,12. LACK OF MONEY,6. UNABLE TO REACH THE MARKET DUE TO HIGH TRANSPORTATION COSTS,
4. South East,11. Ebonyi,1102. AFIKPO NORTH,2. RURAL,936,110123,1,2. NO,2. NO,2. NO,2. NO,1. YES,2. NO,2. NO,2. NO,2. NO,2. NO,3,3,,2. NO,,,,,,,,,,,,,,,,,,,,,,,,
4. South East,11. Ebonyi,1102. AFIKPO NORTH,2. RURAL,936,110124,1,2. NO,1. YES,1. YES,2. NO,2. NO,2. NO,2. NO,2. NO,2. NO,2. NO,3,3,,2. NO,,,,,,,,,,,,,,,,,,,,,,,,
4. South East,11. Ebonyi,1102. AFIKPO NORTH,2. RURAL,936,110125,5102,1. YES,1. YES,1. YES,1. YES,1. YES,1. YES,1. YES,1. YES,1. YES,1. YES,3,4,5,1. YES,0,0,0,0,0,0,0,0,0,1,0,0,1,0,0,0,0,0,0,0,5. FOOD IN THE MARKET WAS VERY EXPENSIVE,12. LACK OF MONEY,,
4. South East,11. Ebonyi,1102. AFIKPO NORTH,2. RURAL,936,110126,6,1. YES,1. YES,1. YES,2. NO,1. YES,1. YES,2. NO,2. NO,2. NO,2. NO,3,3,,2. NO,,,,,,,,,,,,,,,,,,,,,,,,
4. South East,11. Ebonyi,1102. AFIKPO NORTH,2. RURAL,936,110127,1,2. NO,2. NO,2. NO,2. NO,1. YES,2. NO,2. NO,2. NO,2. NO,2. NO,3,3,,2. NO,,,,,,,,,,,,,,,,,,,,,,,,
4. South East,11. Ebonyi,1102. AFIKPO NORTH,2. RURAL,936,110128,2,2. NO,1. YES,2. NO,2. NO,2. NO,1. YES,2. NO,2. NO,2. NO,2. NO,3,,,1. YES,0,0,0,0,0,0,0,0,0,1,0,0,1,0,0,0,0,0,0,0,5. FOOD IN THE MARKET WAS VERY EXPENSIVE,12. LACK OF MONEY,,
4. South East,11. Ebonyi,1102. AFIKPO NORTH,2. RURAL,936,110129,1,1. YES,1. YES,1. YES,1. YES,1. YES,1. YES,1. YES,2. NO,1. YES,2. NO,3,4,4,2. NO,,,,,,,,,,,,,,,,,,,,,,,,
4. South East,11. Ebonyi,1102. AFIKPO NORTH,2. RURAL,936,110130,1,1. YES,1. YES,1. YES,2. NO,2. NO,2. NO,2. NO,2. NO,2. NO,2. NO,3,,,1. YES,0,0,0,0,0,0,0,0,0,1,1,0,1,1,0,0,0,0,0,0,13. LACK OF ACCESS TO MONEY AT THE BANK DUE TO NAIRA REDESIGN,5. FOOD IN THE MARKET WAS VERY EXPENSIVE,6. UNABLE TO REACH THE MARKET DUE TO HIGH TRANSPORTATION COSTS,
4. South East,11. Ebonyi,1101. ABAKALIKI,2. RURAL,154,110131,1,1. YES,1. YES,1. YES,1. YES,1. YES,1. YES,1. YES,2. NO,1. YES,1. YES,2,3,,2. NO,,,,,,,,,,,,,,,,,,,,,,,,
4. South East,11. Ebonyi,1101. ABAKALIKI,2. RURAL,154,110132,901,1. YES,1. YES,1. YES,2. NO,1. YES,2. NO,2. NO,2. NO,2. NO,2. NO,2,,,1. YES,0,0,0,0,0,0,0,0,0,0,0,0,0,0,1,0,0,0,0,0,5. FOOD IN THE MARKET WAS VERY EXPENSIVE,12. LACK OF MONEY,,
4. South East,11. Ebonyi,1101. ABAKALIKI,2. RURAL,154,110133,1,2. NO,1. YES,1. YES,2. NO,2. NO,2. NO,2. NO,2. NO,2. NO,2. NO,2,2,2,2. NO,,,,,,,,,,,,,,,,,,,,,,,,
4. South East,11. Ebonyi,1101. ABAKALIKI,2. RURAL,154,110134,7,1. YES,1. YES,1. YES,2. NO,1. YES,2. NO,1. YES,2. NO,2. NO,2. NO,3,,,2. NO,,,,,,,,,,,,,,,,,,,,,,,,
4. South East,11. Ebonyi,1101. ABAKALIKI,2. RURAL,154,110135,1,1. YES,1. YES,1. YES,2. NO,1. YES,2. NO,2. NO,2. NO,2. NO,2. NO,1,,,2. NO,,,,,,,,,,,,,,,,,,,,,,,,
4. South East,11. Ebonyi,1101. ABAKALIKI,2. RURAL,154,110136,2,1. YES,1. YES,1. YES,1. YES,1. YES,1. YES,1. YES,1. YES,1. YES,1. YES,3,,,1. YES,0,0,0,0,0,1,0,0,0,0,1,0,0,0,0,0,0,0,0,0,2. INADEQUATE HOUSEHOLD FOOD STOCKS DUE TO CROP PEST DAMAGE,,,
4. South East,11. Ebonyi,1101. ABAKALIKI,2. RURAL,154,110137,6,1. YES,1. YES,1. YES,1. YES,1. YES,1. YES,1. YES,2. NO,2. NO,2. NO,2,,,2. NO,,,,,,,,,,,,,,,,,,,,,,,,
4. South East,11. Ebonyi,1101. ABAKALIKI,2. RURAL,154,110138,10,2. NO,1. YES,2. NO,2. NO,1. YES,2. NO,2. NO,2. NO,2. NO,2. NO,2,3,,2. NO,,,,,,,,,,,,,,,,,,,,,,,,
4. South East,11. Ebonyi,1101. ABAKALIKI,2. RURAL,154,110139,1,1. YES,1. YES,1. YES,2. NO,1. YES,2. NO,2. NO,2. NO,2. NO,2. NO,3,3,,2. NO,,,,,,,,,,,,,,,,,,,,,,,,
4. South East,11. Ebonyi,1101. ABAKALIKI,2. RURAL,154,110140,7,1. YES,1. YES,1. YES,1. YES,1. YES,1. YES,1. YES,2. NO,1. YES,2. NO,2,3,,1. YES,0,0,1,1,1,1,0,0,0,0,0,0,1,1,1,0,0,0,0,0,4. INADEQUATE HOUSEHOLD FOOD STOCKS DUE TO LACK OF FARM INPUTS,5. FOOD IN THE MARKET WAS VERY EXPENSIVE,12. LACK OF MONEY,
4. South East,11. Ebonyi,1104. EBONYI,2. RURAL,914,119001,1,1. YES,1. YES,1. YES,1. YES,1. YES,1. YES,1. YES,2. NO,1. YES,1. YES,3,3,3,2. NO,,,,,,,,,,,,,,,,,,,,,,,,
4. South East,11. Ebonyi,1104. EBONYI,2. RURAL,914,119002,2,1. YES,1. YES,1. YES,2. NO,1. YES,2. NO,2. NO,2. NO,2. NO,2. NO,3,4,5,1. YES,0,0,0,0,0,0,0,1,1,1,0,0,0,0,0,0,0,0,0,0,4. INADEQUATE HOUSEHOLD FOOD STOCKS DUE TO LACK OF FARM INPUTS,12. LACK OF MONEY,,
4. South East,11. Ebonyi,1104. EBONYI,2. RURAL,914,119003,2,2. NO,1. YES,1. YES,2. NO,1. YES,2. NO,2. NO,2. NO,2. NO,2. NO,3,4,4,2. NO,,,,,,,,,,,,,,,,,,,,,,,,
4. South East,11. Ebonyi,1104. EBONYI,2. RURAL,914,119005,2,2. NO,2. NO,1. YES,2. NO,2. NO,1. YES,2. NO,2. NO,2. NO,2. NO,3,3,3,2. NO,,,,,,,,,,,,,,,,,,,,,,,,
4. South East,11. Ebonyi,1104. EBONYI,2. RURAL,914,119006,3,2. NO,2. NO,1. YES,2. NO,1. YES,2. NO,2. NO,2. NO,2. NO,2. NO,3,3,,2. NO,,,,,,,,,,,,,,,,,,,,,,,,
4. South East,11. Ebonyi,1104. EBONYI,2. RURAL,914,119008,1,1. YES,1. YES,1. YES,1. YES,1. YES,1. YES,1. YES,2. NO,2. NO,1. YES,3,,,2. NO,,,,,,,,,,,,,,,,,,,,,,,,
4. South East,11. Ebonyi,1104. EBONYI,2. RURAL,914,119010,1,1. YES,1. YES,1. YES,2. NO,2. NO,2. NO,2. NO,2. NO,2. NO,2. NO,3,3,,2. NO,,,,,,,,,,,,,,,,,,,,,,,,
4. South East,11. Ebonyi,1104. EBONYI,2. RURAL,914,119011,1,1. YES,1. YES,1. YES,1. YES,1. YES,1. YES,1. YES,2. NO,1. YES,2. NO,3,3,,2. NO,,,,,,,,,,,,,,,,,,,,,,,,
4. South East,11. Ebonyi,1104. EBONYI,2. RURAL,914,119012,5101,2. NO,1. YES,1. YES,2. NO,2. NO,2. NO,2. NO,2. NO,2. NO,2. NO,2,3,3,2. NO,,,,,,,,,,,,,,,,,,,,,,,,
4. South East,11. Ebonyi,1104. EBONYI,2. RURAL,1610,119013,2,1. YES,1. YES,2. NO,2. NO,1. YES,2. NO,2. NO,2. NO,1. YES,2. NO,3,3,,2. NO,,,,,,,,,,,,,,,,,,,,,,,,
4. South East,11. Ebonyi,1104. EBONYI,2. RURAL,1610,119014,2,1. YES,1. YES,1. YES,2. NO,1. YES,2. NO,2. NO,2. NO,2. NO,2. NO,2,2,,2. NO,,,,,,,,,,,,,,,,,,,,,,,,
4. South East,11. Ebonyi,1104. EBONYI,2. RURAL,1610,119015,2,2. NO,1. YES,1. YES,2. NO,1. YES,2. NO,2. NO,2. NO,2. NO,2. NO,2,3,,2. NO,,,,,,,,,,,,,,,,,,,,,,,,
4. South East,11. Ebonyi,1104. EBONYI,2. RURAL,1610,119016,102,2. NO,1. YES,1. YES,1. YES,1. YES,2. NO,2. NO,2. NO,2. NO,2. NO,3,4,,2. NO,,,,,,,,,,,,,,,,,,,,,,,,
4. South East,11. Ebonyi,1104. EBONYI,2. RURAL,1610,119017,2,1. YES,1. YES,1. YES,1. YES,1. YES,2. NO,1. YES,2. NO,1. YES,2. NO,2,3,2,2. NO,,,,,,,,,,,,,,,,,,,,,,,,
4. South East,11. Ebonyi,1104. EBONYI,2. RURAL,1610,119019,2,1. YES,1. YES,1. YES,2. NO,1. YES,2. NO,2. NO,2. NO,2. NO,2. NO,3,3,,2. NO,,,,,,,,,,,,,,,,,,,,,,,,
4. South East,11. Ebonyi,1104. EBONYI,2. RURAL,1610,119020,1,2. NO,2. NO,2. NO,2. NO,2. NO,2. NO,2. NO,2. NO,2. NO,2. NO,3,,,2. NO,,,,,,,,,,,,,,,,,,,,,,,,
4. South East,11. Ebonyi,1104. EBONYI,2. RURAL,1610,119021,3,2. NO,1. YES,1. YES,2. NO,2. NO,2. NO,2. NO,2. NO,2. NO,2. NO,3,4,,2. NO,,,,,,,,,,,,,,,,,,,,,,,,
4. South East,11. Ebonyi,1104. EBONYI,2. RURAL,1610,119022,2,1. YES,1. YES,1. YES,2. NO,1. YES,2. NO,2. NO,2. NO,2. NO,2. NO,3,3,3,2. NO,,,,,,,,,,,,,,,,,,,,,,,,
4. South East,11. Ebonyi,1104. EBONYI,2. RURAL,1610,119023,5102,1. YES,1. YES,1. YES,2. NO,1. YES,2. NO,1. YES,2. NO,1. YES,2. NO,3,,3,2. NO,,,,,,,,,,,,,,,,,,,,,,,,
4. South East,11. Ebonyi,1105. EZZA NORTH,2. RURAL,1092,119025,2,2. NO,1. YES,1. YES,2. NO,2. NO,2. NO,2. NO,2. NO,2. NO,2. NO,3,4,,1. YES,0,0,0,0,0,0,0,0,0,0,0,1,0,0,1,0,0,0,0,0,4. INADEQUATE HOUSEHOLD FOOD STOCKS DUE TO LACK OF FARM INPUTS,12. LACK OF MONEY,,
4. South East,11. Ebonyi,1105. EZZA NORTH,2. RURAL,1092,119026,1,1. YES,1. YES,1. YES,2. NO,1. YES,1. YES,2. NO,2. NO,1. YES,2. NO,3,,,2. NO,,,,,,,,,,,,,,,,,,,,,,,,
4. South East,11. Ebonyi,1105. EZZA NORTH,2. RURAL,1092,119027,1,2. NO,1. YES,1. YES,2. NO,2. NO,2. NO,2. NO,2. NO,2. NO,2. NO,3,3,,2. NO,,,,,,,,,,,,,,,,,,,,,,,,
4. South East,11. Ebonyi,1105. EZZA NORTH,2. RURAL,1092,119028,2,2. NO,1. YES,1. YES,2. NO,1. YES,1. YES,2. NO,2. NO,2. NO,2. NO,3,4,,2. NO,,,,,,,,,,,,,,,,,,,,,,,,
4. South East,11. Ebonyi,1105. EZZA NORTH,2. RURAL,1092,119029,5101,1. YES,1. YES,1. YES,1. YES,1. YES,1. YES,1. YES,1. YES,1. YES,1. YES,3,,,1. YES,0,0,0,0,0,0,0,0,1,1,1,0,0,0,0,0,0,0,0,0,3. INADEQUATE HOUSEHOLD FOOD STOCKS DUE TO SMALL LAND SIZE,12. LACK OF MONEY,,
4. South East,11. Ebonyi,1105. EZZA NORTH,2. RURAL,1092,119030,2,1. YES,1. YES,1. YES,2. NO,1. YES,2. NO,2. NO,2. NO,2. NO,2. NO,3,3,,2. NO,,,,,,,,,,,,,,,,,,,,,,,,
4. South East,11. Ebonyi,1105. EZZA NORTH,2. RURAL,1092,119031,1,2. NO,1. YES,1. YES,2. NO,1. YES,2. NO,2. NO,2. NO,2. NO,2. NO,3,3,,2. NO,,,,,,,,,,,,,,,,,,,,,,,,
4. South East,11. Ebonyi,1105. EZZA NORTH,2. RURAL,1092,119032,2,1. YES,1. YES,1. YES,2. NO,2. NO,2. NO,2. NO,2. NO,2. NO,2. NO,3,3,,2. NO,,,,,,,,,,,,,,,,,,,,,,,,
4. South East,11. Ebonyi,1105. EZZA NORTH,2. RURAL,1092,119033,1,2. NO,2. NO,2. NO,2. NO,2. NO,2. NO,2. NO,2. NO,2. NO,2. NO,3,3,,2. NO,,,,,,,,,,,,,,,,,,,,,,,,
4. South East,11. Ebonyi,1105. EZZA NORTH,2. RURAL,1092,119034,2,1. YES,1. YES,1. YES,1. YES,1. YES,1. YES,1. YES,2. NO,2. NO,2. NO,3,3,,2. NO,,,,,,,,,,,,,,,,,,,,,,,,
4. South East,11. Ebonyi,1106. EZZA SOUTH,2. RURAL,1366,119035,1,2. NO,1. YES,1. YES,2. NO,2. NO,2. NO,2. NO,2. NO,2. NO,2. NO,3,,,2. NO,,,,,,,,,,,,,,,,,,,,,,,,
4. South East,11. Ebonyi,1106. EZZA SOUTH,2. RURAL,1366,119036,1,2. NO,1. YES,1. YES,2. NO,1. YES,2. NO,2. NO,2. NO,2. NO,2. NO,3,,,2. NO,,,,,,,,,,,,,,,,,,,,,,,,
4. South East,11. Ebonyi,1106. EZZA SOUTH,2. RURAL,1366,119037,1,2. NO,2. NO,2. NO,2. NO,2. NO,2. NO,2. NO,2. NO,2. NO,2. NO,3,3,,1. YES,0,0,0,0,0,0,0,0,0,1,0,0,0,0,0,0,0,0,0,0,13. LACK OF ACCESS TO MONEY AT THE BANK DUE TO NAIRA REDESIGN,,,
4. South East,11. Ebonyi,1106. EZZA SOUTH,2. RURAL,1366,119038,1,2. NO,1. YES,1. YES,2. NO,2. NO,2. NO,2. NO,2. NO,2. NO,2. NO,3,3,,2. NO,,,,,,,,,,,,,,,,,,,,,,,,
4. South East,11. Ebonyi,1106. EZZA SOUTH,2. RURAL,1366,119040,1,2. NO,1. YES,1. YES,2. NO,1. YES,2. NO,2. NO,2. NO,2. NO,2. NO,3,3,,2. NO,,,,,,,,,,,,,,,,,,,,,,,,
4. South East,11. Ebonyi,1106. EZZA SOUTH,2. RURAL,1366,119041,1,2. NO,1. YES,1. YES,2. NO,2. NO,2. NO,2. NO,2. NO,2. NO,2. NO,3,,,2. NO,,,,,,,,,,,,,,,,,,,,,,,,
4. South East,11. Ebonyi,1106. EZZA SOUTH,2. RURAL,1366,119043,1,2. NO,2. NO,2. NO,2. NO,2. NO,2. NO,2. NO,2. NO,2. NO,2. NO,3,,,2. NO,,,,,,,,,,,,,,,,,,,,,,,,
4. South East,11. Ebonyi,1106. EZZA SOUTH,2. RURAL,1366,119044,1,1. YES,1. YES,1. YES,1. YES,1. YES,1. YES,1. YES,2. NO,2. NO,2. NO,3,,,2. NO,,,,,,,,,,,,,,,,,,,,,,,,
4. South East,11. Ebonyi,1106. EZZA SOUTH,2. RURAL,1366,119045,3,1. YES,1. YES,1. YES,1. YES,1. YES,1. YES,1. YES,2. NO,1. YES,1. YES,3,3,3,2. NO,,,,,,,,,,,,,,,,,,,,,,,,
4. South East,11. Ebonyi,1106. EZZA SOUTH,2. RURAL,1366,119046,1,1. YES,1. YES,1. YES,2. NO,1. YES,1. YES,2. NO,2. NO,2. NO,2. NO,3,,,2. NO,,,,,,,,,,,,,,,,,,,,,,,,
4. South East,11. Ebonyi,1109. IVO,2. RURAL,1556,119047,3,2. NO,1. YES,1. YES,2. NO,2. NO,2. NO,2. NO,2. NO,2. NO,2. NO,3,,,2. NO,,,,,,,,,,,,,,,,,,,,,,,,
4. South East,11. Ebonyi,1109. IVO,2. RURAL,1556,119048,1,2. NO,2. NO,2. NO,2. NO,2. NO,2. NO,2. NO,2. NO,2. NO,2. NO,3,,,2. NO,,,,,,,,,,,,,,,,,,,,,,,,
4. South East,11. Ebonyi,1109. IVO,2. RURAL,1556,119049,2,2. NO,2. NO,1. YES,2. NO,1. YES,2. NO,2. NO,2. NO,1. YES,2. NO,3,3,3,2. NO,,,,,,,,,,,,,,,,,,,,,,,,
4. South East,11. Ebonyi,1109. IVO,2. RURAL,1556,119050,2,2. NO,2. NO,1. YES,2. NO,1. YES,2. NO,2. NO,2. NO,1. YES,2. NO,3,3,3,2. NO,,,,,,,,,,,,,,,,,,,,,,,,
4. South East,11. Ebonyi,1109. IVO,2. RURAL,1556,119052,1,1. YES,1. YES,1. YES,2. NO,1. YES,1. YES,1. YES,2. NO,1. YES,2. NO,3,3,3,2. NO,,,,,,,,,,,,,,,,,,,,,,,,
4. South East,11. Ebonyi,1109. IVO,2. RURAL,1556,119053,1,2. NO,2. NO,2. NO,2. NO,2. NO,2. NO,2. NO,2. NO,2. NO,2. NO,3,3,,2. NO,,,,,,,,,,,,,,,,,,,,,,,,
4. South East,11. Ebonyi,1109. IVO,2. RURAL,1556,119054,1,1. YES,1. YES,1. YES,1. YES,1. YES,1. YES,1. YES,2. NO,1. YES,2. NO,3,3,,2. NO,,,,,,,,,,,,,,,,,,,,,,,,
4. South East,11. Ebonyi,1109. IVO,2. RURAL,1556,119057,8,1. YES,1. YES,1. YES,2. NO,2. NO,1. YES,1. YES,2. NO,2. NO,2. NO,3,,,2. NO,,,,,,,,,,,,,,,,,,,,,,,,
4. South East,11. Ebonyi,1109. IVO,2. RURAL,1556,119058,2,2. NO,2. NO,2. NO,2. NO,2. NO,2. NO,2. NO,2. NO,2. NO,2. NO,3,3,4,2. NO,,,,,,,,,,,,,,,,,,,,,,,,
5. South South,12. Edo,1211. IKPOBA OKHA,1. URBAN,2856,120001,1,2. NO,2. NO,2. NO,2. NO,1. YES,1. YES,2. NO,2. NO,2. NO,2. NO,3,3,,2. NO,,,,,,,,,,,,,,,,,,,,,,,,
5. South South,12. Edo,1211. IKPOBA OKHA,1. URBAN,2856,120002,2,1. YES,1. YES,1. YES,2. NO,1. YES,1. YES,2. NO,2. NO,2. NO,2. NO,3,3,,1. YES,1,0,0,0,0,0,0,0,0,0,0,0,0,0,0,0,0,0,0,0,5. FOOD IN THE MARKET WAS VERY EXPENSIVE,12. LACK OF MONEY,,
5. South South,12. Edo,1211. IKPOBA OKHA,1. URBAN,2856,120003,1,1. YES,1. YES,1. YES,2. NO,1. YES,2. NO,2. NO,2. NO,2. NO,2. NO,3,3,,1. YES,1,0,0,0,0,0,0,0,0,0,0,0,0,0,0,0,0,0,0,0,5. FOOD IN THE MARKET WAS VERY EXPENSIVE,,,
5. South South,12. Edo,1211. IKPOBA OKHA,1. URBAN,2856,120004,1,1. YES,2. NO,2. NO,2. NO,2. NO,2. NO,2. NO,2. NO,2. NO,2. NO,3,3,,2. NO,,,,,,,,,,,,,,,,,,,,,,,,
5. South South,12. Edo,1211. IKPOBA OKHA,1. URBAN,2856,120005,2,1. YES,1. YES,1. YES,1. YES,1. YES,2. NO,2. NO,2. NO,2. NO,2. NO,3,,,1. YES,1,0,0,0,0,0,0,0,0,0,0,0,0,0,0,0,0,0,0,0,5. FOOD IN THE MARKET WAS VERY EXPENSIVE,12. LACK OF MONEY,,
5. South South,12. Edo,1211. IKPOBA OKHA,1. URBAN,2856,120006,1,1. YES,1. YES,1. YES,1. YES,1. YES,1. YES,2. NO,2. NO,1. YES,2. NO,3,3,,1. YES,0,0,0,0,0,0,0,0,0,0,0,0,0,0,1,1,0,0,0,0,5. FOOD IN THE MARKET WAS VERY EXPENSIVE,12. LACK OF MONEY,,
5. South South,12. Edo,1211. IKPOBA OKHA,1. URBAN,2856,120007,4,2. NO,2. NO,2. NO,2. NO,2. NO,2. NO,2. NO,2. NO,2. NO,2. NO,3,,5,2. NO,,,,,,,,,,,,,,,,,,,,,,,,
5. South South,12. Edo,1211. IKPOBA OKHA,1. URBAN,2856,120010,5102,1. YES,1. YES,1. YES,2. NO,1. YES,1. YES,1. YES,2. NO,2. NO,2. NO,3,,,1. YES,1,0,0,0,0,0,0,0,0,0,0,0,0,0,0,0,0,0,0,0,12. LACK OF MONEY,13. LACK OF ACCESS TO MONEY AT THE BANK DUE TO NAIRA REDESIGN,,
5. South South,12. Edo,1208. ETSAKO EAST,2. RURAL,526,120041,2,1. YES,2. NO,1. YES,2. NO,1. YES,1. YES,1. YES,1. YES,1. YES,2. NO,3,,,1. YES,1,0,0,0,0,0,0,0,0,0,0,0,0,0,0,0,0,0,0,0,1. INADEQUATE HOUSEHOLD FOOD STOCKS DUE TO DROUGHT/ POOR RAINS,12. LACK OF MONEY,,
5. South South,12. Edo,1208. ETSAKO EAST,2. RURAL,526,120042,5,1. YES,1. YES,1. YES,1. YES,1. YES,1. YES,1. YES,2. NO,1. YES,1. YES,3,3,3,1. YES,0,0,0,0,1,1,1,1,1,0,0,0,0,0,0,0,0,0,0,0,1. INADEQUATE HOUSEHOLD FOOD STOCKS DUE TO DROUGHT/ POOR RAINS,12. LACK OF MONEY,,
5. South South,12. Edo,1208. ETSAKO EAST,2. RURAL,526,120043,2,1. YES,1. YES,1. YES,2. NO,2. NO,2. NO,1. YES,2. NO,1. YES,2. NO,3,5,,1. YES,0,0,0,0,0,0,1,1,1,1,1,1,1,1,1,0,0,0,0,0,1. INADEQUATE HOUSEHOLD FOOD STOCKS DUE TO DROUGHT/ POOR RAINS,12. LACK OF MONEY,,
5. South South,12. Edo,1208. ETSAKO EAST,2. RURAL,526,120044,5101,1. YES,1. YES,1. YES,1. YES,1. YES,2. NO,2. NO,2. NO,1. YES,2. NO,3,3,,1. YES,1,0,0,0,0,0,0,0,0,0,0,0,0,0,0,0,0,0,0,0,12. LACK OF MONEY,,,
5. South South,12. Edo,1208. ETSAKO EAST,2. RURAL,526,120045,2,2. NO,2. NO,2. NO,2. NO,2. NO,2. NO,2. NO,2. NO,2. NO,2. NO,3,3,,2. NO,,,,,,,,,,,,,,,,,,,,,,,,
5. South South,12. Edo,1208. ETSAKO EAST,2. RURAL,526,120046,5102,1. YES,1. YES,1. YES,1. YES,1. YES,1. YES,1. YES,2. NO,1. YES,1. YES,3,5,5,2. NO,,,,,,,,,,,,,,,,,,,,,,,,
5. South South,12. Edo,1208. ETSAKO EAST,2. RURAL,526,120047,5,1. YES,1. YES,1. YES,1. YES,1. YES,1. YES,1. YES,2. NO,1. YES,1. YES,3,,3,1. YES,0,0,0,0,1,1,1,1,1,0,0,1,0,0,0,0,0,0,0,0,1. INADEQUATE HOUSEHOLD FOOD STOCKS DUE TO DROUGHT/ POOR RAINS,12. LACK OF MONEY,,
5. South South,12. Edo,1208. ETSAKO EAST,2. RURAL,526,120048,1,2. NO,1. YES,2. NO,2. NO,2. NO,2. NO,2. NO,2. NO,2. NO,2. NO,3,3,,2. NO,,,,,,,,,,,,,,,,,,,,,,,,
5. South South,12. Edo,1208. ETSAKO EAST,2. RURAL,526,120049,6,1. YES,1. YES,1. YES,1. YES,1. YES,1. YES,1. YES,2. NO,1. YES,1. YES,3,3,,1. YES,0,0,0,1,0,0,1,1,1,1,1,0,0,0,0,0,0,0,0,0,1. INADEQUATE HOUSEHOLD FOOD STOCKS DUE TO DROUGHT/ POOR RAINS,12. LACK OF MONEY,,
5. South South,12. Edo,1208. ETSAKO EAST,2. RURAL,526,120050,2,2. NO,2. NO,2. NO,2. NO,2. NO,2. NO,2. NO,2. NO,2. NO,2. NO,3,3,,2. NO,,,,,,,,,,,,,,,,,,,,,,,,
5. South South,12. Edo,1216. OWAN EAST,2. RURAL,618,120052,5101,1. YES,1. YES,1. YES,1. YES,1. YES,1. YES,1. YES,2. NO,1. YES,1. YES,3,3,,1. YES,0,0,0,1,1,1,1,1,1,1,1,0,0,0,0,0,0,0,0,0,1. INADEQUATE HOUSEHOLD FOOD STOCKS DUE TO DROUGHT/ POOR RAINS,12. LACK OF MONEY,,
5. South South,12. Edo,1216. OWAN EAST,2. RURAL,618,120053,5101,2. NO,2. NO,2. NO,2. NO,2. NO,2. NO,2. NO,2. NO,2. NO,2. NO,3,,,2. NO,,,,,,,,,,,,,,,,,,,,,,,,
5. South South,12. Edo,1216. OWAN EAST,2. RURAL,618,120054,7,1. YES,1. YES,1. YES,1. YES,1. YES,1. YES,1. YES,2. NO,1. YES,2. NO,3,4,,1. YES,0,0,0,0,0,0,0,1,1,1,1,0,0,0,0,0,0,0,0,0,5. FOOD IN THE MARKET WAS VERY EXPENSIVE,12. LACK OF MONEY,13. LACK OF ACCESS TO MONEY AT THE BANK DUE TO NAIRA REDESIGN,
5. South South,12. Edo,1216. OWAN EAST,2. RURAL,618,120055,7,1. YES,1. YES,1. YES,1. YES,1. YES,1. YES,1. YES,2. NO,1. YES,1. YES,3,3,3,2. NO,,,,,,,,,,,,,,,,,,,,,,,,
5. South South,12. Edo,1216. OWAN EAST,2. RURAL,618,120056,7,1. YES,1. YES,1. YES,1. YES,1. YES,1. YES,1. YES,1. YES,2. NO,2. NO,3,5,,2. NO,,,,,,,,,,,,,,,,,,,,,,,,
5. South South,12. Edo,1216. OWAN EAST,2. RURAL,618,120057,1,1. YES,1. YES,1. YES,1. YES,1. YES,1. YES,1. YES,2. NO,1. YES,1. YES,3,3,,1. YES,0,0,0,0,0,1,0,1,1,0,0,1,1,1,0,0,0,0,0,0,12. LACK OF MONEY,1. INADEQUATE HOUSEHOLD FOOD STOCKS DUE TO DROUGHT/ POOR RAINS,,
5. South South,12. Edo,1216. OWAN EAST,2. RURAL,618,120058,4,1. YES,1. YES,1. YES,1. YES,1. YES,2. NO,1. YES,2. NO,2. NO,2. NO,3,,,1. YES,1,0,0,0,0,0,0,0,0,0,0,0,0,0,0,0,0,0,0,0,5. FOOD IN THE MARKET WAS VERY EXPENSIVE,7. NO FOOD IN THE MARKET,12. LACK OF MONEY,
5. South South,12. Edo,1216. OWAN EAST,2. RURAL,618,120059,6,2. NO,2. NO,2. NO,2. NO,2. NO,2. NO,2. NO,2. NO,2. NO,2. NO,3,3,,2. NO,,,,,,,,,,,,,,,,,,,,,,,,
5. South South,12. Edo,1216. OWAN EAST,2. RURAL,0,120060,12,1. YES,1. YES,1. YES,1. YES,1. YES,1. YES,1. YES,2. NO,1. YES,1. YES,3,3,,1. YES,1,0,0,0,0,0,0,0,0,0,0,0,0,0,0,0,0,0,0,0,4. INADEQUATE HOUSEHOLD FOOD STOCKS DUE TO LACK OF FARM INPUTS,12. LACK OF MONEY,,
5. South South,10. Delta,1010. ISOKO SOUTH,2. RURAL,0,120091,2,1. YES,1. YES,1. YES,2. NO,1. YES,2. NO,1. YES,2. NO,2. NO,2. NO,2,,,2. NO,,,,,,,,,,,,,,,,,,,,,,,,
5. South South,10. Delta,1019. UGHELLI NORTH,1. URBAN,0,120092,1,1. YES,1. YES,1. YES,1. YES,1. YES,1. YES,1. YES,2. NO,1. YES,1. YES,2,2,,1. YES,1,0,0,0,0,0,0,0,0,0,0,0,0,0,0,0,0,0,0,0,12. LACK OF MONEY,,,
5. South South,12. Edo,1214. OVIA NORTH EAST,2. RURAL,452,120093,1,1. YES,1. YES,1. YES,2. NO,1. YES,2. NO,2. NO,2. NO,1. YES,2. NO,3,5,,1. YES,1,0,0,0,0,0,0,0,0,0,0,0,0,0,0,0,0,0,0,0,5. FOOD IN THE MARKET WAS VERY EXPENSIVE,,,
5. South South,12. Edo,1214. OVIA NORTH EAST,2. RURAL,452,120094,1,2. NO,2. NO,1. YES,2. NO,2. NO,2. NO,2. NO,2. NO,2. NO,2. NO,3,,,2. NO,,,,,,,,,,,,,,,,,,,,,,,,
5. South South,12. Edo,1214. OVIA NORTH EAST,2. RURAL,0,120096,5101,1. YES,1. YES,1. YES,2. NO,1. YES,1. YES,2. NO,2. NO,2. NO,2. NO,3,3,,1. YES,1,0,0,0,0,0,0,0,0,0,0,0,0,0,0,0,0,0,0,0,12. LACK OF MONEY,,,
5. South South,12. Edo,1214. OVIA NORTH EAST,2. RURAL,452,120099,1,1. YES,1. YES,1. YES,1. YES,1. YES,2. NO,2. NO,2. NO,2. NO,2. NO,3,,,1. YES,1,0,0,0,0,0,0,0,0,0,0,0,0,0,0,0,0,0,0,0,5. FOOD IN THE MARKET WAS VERY EXPENSIVE,4. INADEQUATE HOUSEHOLD FOOD STOCKS DUE TO LACK OF FARM INPUTS,,
5. South South,12. Edo,1214. OVIA NORTH EAST,2. RURAL,452,120100,1,1. YES,1. YES,2. NO,2. NO,2. NO,2. NO,2. NO,2. NO,2. NO,2. NO,3,,,2. NO,,,,,,,,,,,,,,,,,,,,,,,,
5. South South,12. Edo,1201. AKOKO EDO,2. RURAL,320,129001,2,1. YES,1. YES,1. YES,1. YES,1. YES,1. YES,1. YES,2. NO,1. YES,1. YES,3,3,,1. YES,0,0,0,0,0,0,0,1,1,1,0,0,0,0,0,0,0,0,0,0,1. INADEQUATE HOUSEHOLD FOOD STOCKS DUE TO DROUGHT/ POOR RAINS,5. FOOD IN THE MARKET WAS VERY EXPENSIVE,,
5. South South,12. Edo,1201. AKOKO EDO,2. RURAL,320,129002,1,1. YES,1. YES,1. YES,2. NO,2. NO,1. YES,1. YES,2. NO,1. YES,2. NO,3,,3,2. NO,,,,,,,,,,,,,,,,,,,,,,,,
5. South South,12. Edo,1201. AKOKO EDO,2. RURAL,320,129003,2,2. NO,2. NO,2. NO,1. YES,1. YES,2. NO,1. YES,2. NO,1. YES,1. YES,3,3,3,1. YES,0,0,0,0,0,0,0,0,1,0,0,0,0,0,0,0,0,0,0,0,12. LACK OF MONEY,,,
5. South South,12. Edo,1201. AKOKO EDO,2. RURAL,320,129005,5102,1. YES,1. YES,1. YES,1. YES,1. YES,1. YES,1. YES,2. NO,1. YES,2. NO,2,3,3,1. YES,0,0,0,0,0,0,0,0,1,1,1,1,1,0,0,0,0,0,0,0,12. LACK OF MONEY,,,
5. South South,12. Edo,1201. AKOKO EDO,2. RURAL,320,129006,2,1. YES,1. YES,1. YES,2. NO,1. YES,1. YES,1. YES,1. YES,1. YES,2. NO,3,,,1. YES,0,0,0,0,0,0,1,0,1,1,0,0,0,0,0,0,0,0,0,0,5. FOOD IN THE MARKET WAS VERY EXPENSIVE,12. LACK OF MONEY,,
5. South South,12. Edo,1201. AKOKO EDO,2. RURAL,320,129007,1,1. YES,1. YES,1. YES,1. YES,1. YES,1. YES,1. YES,2. NO,1. YES,1. YES,3,3,,1. YES,0,0,0,0,0,0,1,0,1,1,0,0,0,0,0,0,0,0,0,0,1. INADEQUATE HOUSEHOLD FOOD STOCKS DUE TO DROUGHT/ POOR RAINS,5. FOOD IN THE MARKET WAS VERY EXPENSIVE,12. LACK OF MONEY,
5. South South,12. Edo,1201. AKOKO EDO,2. RURAL,320,129009,2,1. YES,1. YES,1. YES,1. YES,1. YES,1. YES,1. YES,2. NO,2. NO,1. YES,2,,,1. YES,0,0,0,0,0,0,0,0,1,1,0,0,0,0,0,0,0,0,0,0,12. LACK OF MONEY,,,
5. South South,12. Edo,1201. AKOKO EDO,2. RURAL,320,129010,5,1. YES,1. YES,1. YES,1. YES,1. YES,1. YES,1. YES,2. NO,1. YES,2. NO,3,4,6,1. YES,1,0,0,0,0,0,0,0,0,0,0,0,0,0,0,0,0,0,0,0,1. INADEQUATE HOUSEHOLD FOOD STOCKS DUE TO DROUGHT/ POOR RAINS,5. FOOD IN THE MARKET WAS VERY EXPENSIVE,,
5. South South,12. Edo,1201. AKOKO EDO,2. RURAL,320,129011,1,1. YES,1. YES,1. YES,2. NO,1. YES,1. YES,1. YES,2. NO,2. NO,2. NO,3,,,1. YES,0,0,1,1,0,0,0,0,1,1,0,0,0,0,0,0,0,0,0,0,12. LACK OF MONEY,5. FOOD IN THE MARKET WAS VERY EXPENSIVE,,
5. South South,12. Edo,1201. AKOKO EDO,2. RURAL,320,129012,1,1. YES,1. YES,1. YES,1. YES,1. YES,1. YES,1. YES,2. NO,2. NO,1. YES,3,3,,1. YES,0,0,0,0,0,0,0,1,1,1,0,0,0,0,0,0,0,0,0,0,1. INADEQUATE HOUSEHOLD FOOD STOCKS DUE TO DROUGHT/ POOR RAINS,4. INADEQUATE HOUSEHOLD FOOD STOCKS DUE TO LACK OF FARM INPUTS,5. FOOD IN THE MARKET WAS VERY EXPENSIVE,
5. South South,12. Edo,1203. ESAN NORTH EAST,1. URBAN,334,129014,2,1. YES,1. YES,1. YES,2. NO,1. YES,1. YES,2. NO,2. NO,2. NO,2. NO,3,,,1. YES,1,0,0,0,0,0,0,0,0,0,0,0,0,0,0,0,0,0,0,0,5. FOOD IN THE MARKET WAS VERY EXPENSIVE,,,
5. South South,12. Edo,1203. ESAN NORTH EAST,1. URBAN,334,129015,5101,1. YES,1. YES,1. YES,1. YES,1. YES,2. NO,2. NO,2. NO,2. NO,2. NO,3,,,1. YES,1,0,0,0,0,0,0,0,0,0,0,0,0,0,0,0,0,0,0,0,12. LACK OF MONEY,,,
5. South South,12. Edo,1203. ESAN NORTH EAST,1. URBAN,334,129016,901,1. YES,1. YES,1. YES,2. NO,2. NO,2. NO,2. NO,1. YES,1. YES,2. NO,3,3,,2. NO,,,,,,,,,,,,,,,,,,,,,,,,
5. South South,12. Edo,1203. ESAN NORTH EAST,1. URBAN,334,129017,1,1. YES,1. YES,2. NO,2. NO,1. YES,2. NO,2. NO,2. NO,2. NO,2. NO,3,,,1. YES,1,0,0,0,0,0,0,0,0,0,0,0,0,0,0,0,0,0,0,0,5. FOOD IN THE MARKET WAS VERY EXPENSIVE,12. LACK OF MONEY,13. LACK OF ACCESS TO MONEY AT THE BANK DUE TO NAIRA REDESIGN,
5. South South,12. Edo,1203. ESAN NORTH EAST,1. URBAN,334,129020,1,1. YES,1. YES,2. NO,2. NO,2. NO,1. YES,1. YES,2. NO,1. YES,2. NO,3,4,4,1. YES,0,0,0,0,0,0,0,0,0,0,0,0,0,1,0,0,0,0,0,0,12. LACK OF MONEY,,,
5. South South,12. Edo,1203. ESAN NORTH EAST,1. URBAN,334,129021,2,1. YES,1. YES,1. YES,1. YES,1. YES,1. YES,1. YES,2. NO,1. YES,2. NO,3,5,,1. YES,1,0,0,0,0,0,0,0,0,0,0,0,0,0,0,0,0,0,0,0,5. FOOD IN THE MARKET WAS VERY EXPENSIVE,12. LACK OF MONEY,13. LACK OF ACCESS TO MONEY AT THE BANK DUE TO NAIRA REDESIGN,
5. South South,12. Edo,1203. ESAN NORTH EAST,1. URBAN,334,129022,1,1. YES,1. YES,1. YES,1. YES,1. YES,1. YES,1. YES,2. NO,1. YES,2. NO,3,,4,1. YES,0,0,0,0,0,0,0,0,0,0,0,0,0,1,1,0,0,0,0,0,12. LACK OF MONEY,8. FLOODS/WATER LOGGING,,
5. South South,12. Edo,1203. ESAN NORTH EAST,1. URBAN,334,129023,4,2. NO,2. NO,2. NO,2. NO,2. NO,2. NO,2. NO,2. NO,2. NO,2. NO,3,,,2. NO,,,,,,,,,,,,,,,,,,,,,,,,
5. South South,12. Edo,1203. ESAN NORTH EAST,1. URBAN,334,129024,1,2. NO,2. NO,2. NO,2. NO,2. NO,2. NO,2. NO,2. NO,2. NO,2. NO,3,,,2. NO,,,,,,,,,,,,,,,,,,,,,,,,
5. South South,12. Edo,1207. ETSAKO CENTRAL,1. URBAN,144,129025,2,1. YES,1. YES,1. YES,1. YES,1. YES,1. YES,1. YES,2. NO,1. YES,1. YES,3,3,4,1. YES,0,0,0,0,0,0,0,1,1,1,0,0,0,0,0,0,0,0,0,0,1. INADEQUATE HOUSEHOLD FOOD STOCKS DUE TO DROUGHT/ POOR RAINS,12. LACK OF MONEY,,
5. South South,12. Edo,1207. ETSAKO CENTRAL,1. URBAN,144,129026,1,1. YES,1. YES,1. YES,1. YES,1. YES,1. YES,1. YES,2. NO,1. YES,1. YES,3,,,1. YES,0,0,0,0,0,0,1,1,1,0,0,0,0,0,0,0,0,0,0,0,1. INADEQUATE HOUSEHOLD FOOD STOCKS DUE TO DROUGHT/ POOR RAINS,2. INADEQUATE HOUSEHOLD FOOD STOCKS DUE TO CROP PEST DAMAGE,12. LACK OF MONEY,
5. South South,12. Edo,1207. ETSAKO CENTRAL,1. URBAN,144,129027,4,1. YES,1. YES,1. YES,2. NO,1. YES,1. YES,2. NO,2. NO,2. NO,2. NO,3,,,1. YES,0,0,0,0,0,0,0,1,1,1,1,0,0,0,0,0,0,0,0,0,5. FOOD IN THE MARKET WAS VERY EXPENSIVE,12. LACK OF MONEY,,
5. South South,12. Edo,1207. ETSAKO CENTRAL,1. URBAN,144,129028,10,2. NO,1. YES,1. YES,2. NO,1. YES,2. NO,2. NO,2. NO,2. NO,2. NO,3,3,3,2. NO,,,,,,,,,,,,,,,,,,,,,,,,
5. South South,12. Edo,1207. ETSAKO CENTRAL,1. URBAN,144,129029,2,2. NO,2. NO,2. NO,2. NO,2. NO,2. NO,2. NO,2. NO,2. NO,2. NO,3,,,2. NO,,,,,,,,,,,,,,,,,,,,,,,,
5. South South,12. Edo,1207. ETSAKO CENTRAL,1. URBAN,144,129030,2,2. NO,2. NO,2. NO,2. NO,2. NO,2. NO,2. NO,2. NO,2. NO,2. NO,3,3,,2. NO,,,,,,,,,,,,,,,,,,,,,,,,
5. South South,12. Edo,1207. ETSAKO CENTRAL,1. URBAN,144,129031,1,1. YES,1. YES,1. YES,2. NO,1. YES,2. NO,2. NO,2. NO,2. NO,1. YES,2,,,2. NO,,,,,,,,,,,,,,,,,,,,,,,,
5. South South,12. Edo,1207. ETSAKO CENTRAL,1. URBAN,144,129032,2,1. YES,2. NO,2. NO,2. NO,1. YES,2. NO,2. NO,2. NO,2. NO,2. NO,3,4,5,1. YES,1,0,0,0,0,0,0,0,0,0,0,0,0,0,0,0,0,0,0,0,5. FOOD IN THE MARKET WAS VERY EXPENSIVE,1. INADEQUATE HOUSEHOLD FOOD STOCKS DUE TO DROUGHT/ POOR RAINS,,
5. South South,12. Edo,1207. ETSAKO CENTRAL,1. URBAN,144,129033,1301,1. YES,2. NO,2. NO,2. NO,1. YES,2. NO,1. YES,2. NO,2. NO,2. NO,3,,,1. YES,0,0,0,0,0,0,0,0,0,0,0,1,1,1,0,0,0,0,0,0,1. INADEQUATE HOUSEHOLD FOOD STOCKS DUE TO DROUGHT/ POOR RAINS,5. FOOD IN THE MARKET WAS VERY EXPENSIVE,,
5. South South,12. Edo,1207. ETSAKO CENTRAL,1. URBAN,144,129034,1,2. NO,2. NO,2. NO,2. NO,2. NO,2. NO,2. NO,2. NO,2. NO,2. NO,3,,,2. NO,,,,,,,,,,,,,,,,,,,,,,,,
5. South South,12. Edo,1208. ETSAKO EAST,2. RURAL,76,129038,3,2. NO,2. NO,2. NO,2. NO,1. YES,2. NO,2. NO,2. NO,2. NO,2. NO,3,3,,2. NO,,,,,,,,,,,,,,,,,,,,,,,,
5. South South,12. Edo,1208. ETSAKO EAST,2. RURAL,76,129039,5101,1. YES,1. YES,1. YES,1. YES,1. YES,1. YES,1. YES,2. NO,1. YES,1. YES,3,,,1. YES,0,0,0,0,1,1,1,1,1,0,0,0,0,0,0,0,0,0,0,0,1. INADEQUATE HOUSEHOLD FOOD STOCKS DUE TO DROUGHT/ POOR RAINS,12. LACK OF MONEY,,
5. South South,12. Edo,1208. ETSAKO EAST,2. RURAL,76,129040,1,1. YES,1. YES,1. YES,2. NO,1. YES,1. YES,2. NO,2. NO,1. YES,2. NO,4,5,,1. YES,1,0,0,0,0,0,0,0,0,0,0,0,0,0,0,0,0,0,0,0,1. INADEQUATE HOUSEHOLD FOOD STOCKS DUE TO DROUGHT/ POOR RAINS,5. FOOD IN THE MARKET WAS VERY EXPENSIVE,,
5. South South,12. Edo,1208. ETSAKO EAST,2. RURAL,76,129041,5106,1. YES,1. YES,1. YES,2. NO,1. YES,2. NO,2. NO,2. NO,2. NO,2. NO,3,3,3,2. NO,,,,,,,,,,,,,,,,,,,,,,,,
5. South South,12. Edo,1208. ETSAKO EAST,2. RURAL,76,129042,1,1. YES,1. YES,1. YES,1. YES,1. YES,1. YES,1. YES,2. NO,1. YES,1. YES,3,,3,1. YES,0,0,0,0,0,1,1,1,1,0,0,0,0,0,0,0,0,0,0,0,1. INADEQUATE HOUSEHOLD FOOD STOCKS DUE TO DROUGHT/ POOR RAINS,12. LACK OF MONEY,,
5. South South,12. Edo,1208. ETSAKO EAST,2. RURAL,76,129043,1,1. YES,1. YES,1. YES,2. NO,1. YES,2. NO,1. YES,2. NO,2. NO,2. NO,3,,,1. YES,1,0,0,0,0,0,0,0,0,0,0,0,0,0,0,0,0,0,0,0,1. INADEQUATE HOUSEHOLD FOOD STOCKS DUE TO DROUGHT/ POOR RAINS,5. FOOD IN THE MARKET WAS VERY EXPENSIVE,,
5. South South,12. Edo,1208. ETSAKO EAST,2. RURAL,76,129044,5101,1. YES,1. YES,1. YES,1. YES,1. YES,1. YES,2. NO,2. NO,2. NO,1. YES,3,,,1. YES,0,0,0,0,0,0,1,1,1,1,1,1,1,0,0,0,0,0,0,0,1. INADEQUATE HOUSEHOLD FOOD STOCKS DUE TO DROUGHT/ POOR RAINS,12. LACK OF MONEY,,
5. South South,12. Edo,1208. ETSAKO EAST,2. RURAL,76,129046,1,2. NO,2. NO,2. NO,2. NO,2. NO,2. NO,2. NO,2. NO,2. NO,2. NO,3,3,,2. NO,,,,,,,,,,,,,,,,,,,,,,,,
5. South South,12. Edo,1208. ETSAKO EAST,2. RURAL,76,129047,1,1. YES,1. YES,1. YES,1. YES,1. YES,1. YES,1. YES,1. YES,1. YES,1. YES,3,,,1. YES,0,0,0,0,0,1,1,1,1,1,1,1,0,0,0,0,0,0,0,0,1. INADEQUATE HOUSEHOLD FOOD STOCKS DUE TO DROUGHT/ POOR RAINS,12. LACK OF MONEY,,
5. South South,12. Edo,1208. ETSAKO EAST,2. RURAL,76,129048,3,1. YES,1. YES,1. YES,1. YES,1. YES,1. YES,1. YES,2. NO,1. YES,2. NO,3,4,,1. YES,0,0,0,1,0,0,0,1,1,1,0,0,0,0,0,0,0,0,0,0,1. INADEQUATE HOUSEHOLD FOOD STOCKS DUE TO DROUGHT/ POOR RAINS,5. FOOD IN THE MARKET WAS VERY EXPENSIVE,,
5. South South,12. Edo,1208. ETSAKO EAST,2. RURAL,630,129050,5101,1. YES,1. YES,1. YES,2. NO,2. NO,1. YES,2. NO,2. NO,2. NO,2. NO,3,4,5,1. YES,0,0,0,0,0,0,0,0,1,1,1,1,0,0,0,0,0,0,0,0,1. INADEQUATE HOUSEHOLD FOOD STOCKS DUE TO DROUGHT/ POOR RAINS,,,
5. South South,12. Edo,1208. ETSAKO EAST,2. RURAL,630,129051,1,1. YES,1. YES,1. YES,1. YES,1. YES,1. YES,1. YES,2. NO,1. YES,1. YES,3,3,,1. YES,0,0,0,0,0,1,0,1,1,0,1,1,0,0,0,0,0,0,0,0,1. INADEQUATE HOUSEHOLD FOOD STOCKS DUE TO DROUGHT/ POOR RAINS,12. LACK OF MONEY,,
5. South South,12. Edo,1208. ETSAKO EAST,2. RURAL,630,129052,2,1. YES,1. YES,1. YES,1. YES,1. YES,1. YES,1. YES,1. YES,2. NO,1. YES,3,3,,1. YES,1,0,0,0,0,0,0,0,0,0,0,0,0,0,0,0,0,0,0,0,12. LACK OF MONEY,4. INADEQUATE HOUSEHOLD FOOD STOCKS DUE TO LACK OF FARM INPUTS,,
5. South South,12. Edo,1208. ETSAKO EAST,2. RURAL,630,129053,1,1. YES,1. YES,1. YES,1. YES,1. YES,1. YES,1. YES,2. NO,1. YES,1. YES,3,,,1. YES,1,0,0,0,0,0,0,0,0,0,0,0,0,0,0,0,0,0,0,0,7. NO FOOD IN THE MARKET,12. LACK OF MONEY,,
5. South South,12. Edo,1208. ETSAKO EAST,2. RURAL,630,129054,1,1. YES,1. YES,1. YES,2. NO,1. YES,2. NO,2. NO,2. NO,2. NO,1. YES,3,3,3,2. NO,,,,,,,,,,,,,,,,,,,,,,,,
5. South South,12. Edo,1208. ETSAKO EAST,2. RURAL,630,129055,5101,1. YES,1. YES,1. YES,1. YES,1. YES,1. YES,1. YES,1. YES,2. NO,1. YES,3,3,,1. YES,1,0,0,0,0,0,0,0,0,0,0,0,0,0,0,0,0,0,0,0,7. NO FOOD IN THE MARKET,12. LACK OF MONEY,,
5. South South,12. Edo,1208. ETSAKO EAST,2. RURAL,630,129056,1,2. NO,1. YES,1. YES,2. NO,2. NO,2. NO,2. NO,2. NO,2. NO,2. NO,3,,,2. NO,,,,,,,,,,,,,,,,,,,,,,,,
5. South South,12. Edo,1208. ETSAKO EAST,2. RURAL,630,129057,1,2. NO,1. YES,2. NO,2. NO,2. NO,2. NO,2. NO,2. NO,2. NO,2. NO,2,,,2. NO,,,,,,,,,,,,,,,,,,,,,,,,
5. South South,12. Edo,1208. ETSAKO EAST,2. RURAL,630,129059,5101,1. YES,1. YES,1. YES,1. YES,1. YES,1. YES,1. YES,2. NO,1. YES,1. YES,3,3,,1. YES,0,0,0,0,1,1,1,1,1,1,1,0,0,0,0,0,0,0,0,0,12. LACK OF MONEY,2. INADEQUATE HOUSEHOLD FOOD STOCKS DUE TO CROP PEST DAMAGE,5. FOOD IN THE MARKET WAS VERY EXPENSIVE,
5. South South,12. Edo,1208. ETSAKO EAST,2. RURAL,630,129060,5101,2. NO,1. YES,1. YES,2. NO,2. NO,2. NO,2. NO,2. NO,2. NO,2. NO,3,3,3,2. NO,,,,,,,,,,,,,,,,,,,,,,,,
5. South South,12. Edo,1209. ETSAKO WEST,1. URBAN,226,129061,1,2. NO,2. NO,2. NO,2. NO,2. NO,2. NO,2. NO,2. NO,2. NO,2. NO,3,,,2. NO,,,,,,,,,,,,,,,,,,,,,,,,
5. South South,12. Edo,1209. ETSAKO WEST,1. URBAN,226,129062,2,2. NO,2. NO,2. NO,2. NO,2. NO,2. NO,2. NO,2. NO,2. NO,2. NO,3,3,,2. NO,,,,,,,,,,,,,,,,,,,,,,,,
5. South South,12. Edo,1209. ETSAKO WEST,1. URBAN,226,129063,1,1. YES,1. YES,1. YES,1. YES,1. YES,1. YES,1. YES,2. NO,1. YES,1. YES,3,3,,1. YES,1,0,0,0,0,0,0,0,0,0,0,0,0,0,0,0,0,0,0,0,12. LACK OF MONEY,,,
5. South South,12. Edo,1209. ETSAKO WEST,1. URBAN,226,129064,1,1. YES,1. YES,1. YES,1. YES,1. YES,1. YES,1. YES,2. NO,1. YES,1. YES,3,3,,1. YES,0,0,0,0,1,1,1,1,1,1,1,0,0,0,0,0,0,0,0,0,1. INADEQUATE HOUSEHOLD FOOD STOCKS DUE TO DROUGHT/ POOR RAINS,12. LACK OF MONEY,,
5. South South,12. Edo,1209. ETSAKO WEST,1. URBAN,226,129067,1,1. YES,1. YES,1. YES,1. YES,2. NO,1. YES,1. YES,1. YES,2. NO,2. NO,3,,4,1. YES,0,0,0,0,0,0,0,1,1,1,1,1,0,0,0,0,0,0,0,0,12. LACK OF MONEY,13. LACK OF ACCESS TO MONEY AT THE BANK DUE TO NAIRA REDESIGN,5. FOOD IN THE MARKET WAS VERY EXPENSIVE,
5. South South,12. Edo,1209. ETSAKO WEST,1. URBAN,226,129068,1,1. YES,1. YES,1. YES,2. NO,1. YES,2. NO,1. YES,2. NO,1. YES,2. NO,3,4,,2. NO,,,,,,,,,,,,,,,,,,,,,,,,
5. South South,12. Edo,1209. ETSAKO WEST,1. URBAN,226,129069,5101,2. NO,2. NO,2. NO,2. NO,2. NO,2. NO,2. NO,2. NO,2. NO,2. NO,3,,,2. NO,,,,,,,,,,,,,,,,,,,,,,,,
5. South South,12. Edo,1209. ETSAKO WEST,1. URBAN,226,129070,5102,1. YES,1. YES,1. YES,1. YES,1. YES,2. NO,2. NO,2. NO,1. YES,2. NO,3,3,,2. NO,,,,,,,,,,,,,,,,,,,,,,,,
5. South South,12. Edo,1209. ETSAKO WEST,1. URBAN,226,129072,2,1. YES,1. YES,1. YES,1. YES,2. NO,1. YES,1. YES,2. NO,2. NO,2. NO,3,3,4,1. YES,1,0,0,0,0,0,0,0,0,0,0,0,0,0,0,0,0,0,0,0,12. LACK OF MONEY,13. LACK OF ACCESS TO MONEY AT THE BANK DUE TO NAIRA REDESIGN,,
5. South South,12. Edo,1209. ETSAKO WEST,1. URBAN,566,129073,1,2. NO,2. NO,2. NO,2. NO,2. NO,2. NO,2. NO,2. NO,2. NO,2. NO,3,3,,2. NO,,,,,,,,,,,,,,,,,,,,,,,,
5. South South,12. Edo,1209. ETSAKO WEST,1. URBAN,566,129074,1,1. YES,1. YES,1. YES,2. NO,2. NO,2. NO,2. NO,2. NO,2. NO,2. NO,3,,,1. YES,0,0,0,0,0,0,0,1,1,1,1,0,0,0,0,0,0,0,0,0,6. UNABLE TO REACH THE MARKET DUE TO HIGH TRANSPORTATION COSTS,12. LACK OF MONEY,13. LACK OF ACCESS TO MONEY AT THE BANK DUE TO NAIRA REDESIGN,
5. South South,12. Edo,1209. ETSAKO WEST,1. URBAN,566,129076,1,1. YES,1. YES,1. YES,1. YES,1. YES,1. YES,1. YES,2. NO,1. YES,2. NO,3,4,5,1. YES,0,0,0,0,0,0,0,1,1,1,0,0,0,0,0,0,0,0,0,0,13. LACK OF ACCESS TO MONEY AT THE BANK DUE TO NAIRA REDESIGN,12. LACK OF MONEY,,
5. South South,12. Edo,1209. ETSAKO WEST,1. URBAN,566,129077,1,1. YES,1. YES,1. YES,2. NO,2. NO,2. NO,2. NO,2. NO,2. NO,2. NO,3,4,,2. NO,,,,,,,,,,,,,,,,,,,,,,,,
5. South South,12. Edo,1209. ETSAKO WEST,1. URBAN,566,129079,1,1. YES,1. YES,1. YES,1. YES,1. YES,1. YES,1. YES,2. NO,1. YES,1. YES,3,,,1. YES,0,0,0,0,1,1,1,1,1,1,0,0,0,0,0,0,0,0,0,0,1. INADEQUATE HOUSEHOLD FOOD STOCKS DUE TO DROUGHT/ POOR RAINS,12. LACK OF MONEY,,
5. South South,12. Edo,1209. ETSAKO WEST,1. URBAN,566,129080,5101,2. NO,1. YES,2. NO,2. NO,1. YES,2. NO,2. NO,2. NO,2. NO,2. NO,3,,,2. NO,,,,,,,,,,,,,,,,,,,,,,,,
5. South South,12. Edo,1209. ETSAKO WEST,1. URBAN,566,129081,2,1. YES,1. YES,1. YES,2. NO,1. YES,2. NO,2. NO,2. NO,2. NO,2. NO,3,3,,2. NO,,,,,,,,,,,,,,,,,,,,,,,,
5. South South,12. Edo,1209. ETSAKO WEST,1. URBAN,566,129083,2,1. YES,1. YES,2. NO,2. NO,1. YES,2. NO,2. NO,2. NO,2. NO,2. NO,3,3,,2. NO,,,,,,,,,,,,,,,,,,,,,,,,
5. South South,12. Edo,1209. ETSAKO WEST,1. URBAN,566,129084,1,2. NO,2. NO,2. NO,2. NO,2. NO,2. NO,2. NO,2. NO,2. NO,2. NO,3,3,,2. NO,,,,,,,,,,,,,,,,,,,,,,,,
6. South West,24. Lagos,2414. LAGOS ISLAND,1. URBAN,0,129086,1,2. NO,2. NO,2. NO,2. NO,2. NO,2. NO,2. NO,2. NO,2. NO,2. NO,3,3,,2. NO,,,,,,,,,,,,,,,,,,,,,,,,
5. South South,12. Edo,1211. IKPOBA OKHA,1. URBAN,446,129087,2,1. YES,1. YES,1. YES,1. YES,1. YES,2. NO,2. NO,2. NO,1. YES,2. NO,3,5,5,1. YES,1,0,0,0,0,0,0,0,0,0,0,0,0,0,0,0,0,0,0,0,5. FOOD IN THE MARKET WAS VERY EXPENSIVE,,,
5. South South,12. Edo,1211. IKPOBA OKHA,1. URBAN,446,129088,1,1. YES,2. NO,2. NO,2. NO,2. NO,1. YES,2. NO,2. NO,2. NO,2. NO,3,3,,2. NO,,,,,,,,,,,,,,,,,,,,,,,,
5. South South,12. Edo,1211. IKPOBA OKHA,1. URBAN,446,129089,5101,1. YES,1. YES,1. YES,1. YES,1. YES,2. NO,2. NO,2. NO,1. YES,2. NO,3,5,,1. YES,1,0,0,0,0,0,0,0,0,0,0,0,0,0,0,0,0,0,0,0,5. FOOD IN THE MARKET WAS VERY EXPENSIVE,,,
5. South South,12. Edo,1211. IKPOBA OKHA,1. URBAN,446,129090,2,1. YES,1. YES,1. YES,1. YES,1. YES,1. YES,2. NO,2. NO,1. YES,2. NO,3,,,1. YES,1,0,0,0,0,0,0,0,0,0,0,0,0,0,0,0,0,0,0,0,5. FOOD IN THE MARKET WAS VERY EXPENSIVE,12. LACK OF MONEY,,
5. South South,12. Edo,1211. IKPOBA OKHA,1. URBAN,446,129091,5101,2. NO,2. NO,2. NO,2. NO,2. NO,2. NO,2. NO,2. NO,2. NO,2. NO,3,,3,2. NO,,,,,,,,,,,,,,,,,,,,,,,,
5. South South,12. Edo,1211. IKPOBA OKHA,1. URBAN,446,129092,4,2. NO,2. NO,1. YES,1. YES,2. NO,2. NO,1. YES,2. NO,2. NO,2. NO,2,,,1. YES,1,0,0,0,0,0,0,0,0,0,0,0,0,0,0,0,0,0,0,0,12. LACK OF MONEY,,,
5. South South,12. Edo,1211. IKPOBA OKHA,1. URBAN,446,129094,2,1. YES,1. YES,1. YES,1. YES,1. YES,2. NO,2. NO,2. NO,1. YES,2. NO,3,5,3,1. YES,1,0,0,0,0,0,0,0,0,0,0,0,0,0,0,0,0,0,0,0,5. FOOD IN THE MARKET WAS VERY EXPENSIVE,,,
5. South South,12. Edo,1211. IKPOBA OKHA,1. URBAN,446,129095,1,1. YES,1. YES,1. YES,1. YES,1. YES,1. YES,1. YES,1. YES,1. YES,1. YES,2,,,1. YES,1,0,0,0,0,0,0,0,0,0,0,0,0,0,0,0,0,0,0,0,12. LACK OF MONEY,,,
5. South South,12. Edo,1211. IKPOBA OKHA,1. URBAN,446,129096,1,1. YES,1. YES,1. YES,1. YES,1. YES,1. YES,2. NO,2. NO,2. NO,2. NO,3,,,1. YES,1,0,0,0,0,0,0,0,0,0,0,0,0,0,0,0,0,0,0,0,5. FOOD IN THE MARKET WAS VERY EXPENSIVE,,,
5. South South,12. Edo,1211. IKPOBA OKHA,1. URBAN,1250,129098,1,1. YES,2. NO,2. NO,2. NO,2. NO,2. NO,2. NO,2. NO,2. NO,2. NO,3,3,,2. NO,,,,,,,,,,,,,,,,,,,,,,,,
5. South South,12. Edo,1218. UHUNMUONDE,1. URBAN,0,129099,2,1. YES,1. YES,1. YES,1. YES,1. YES,1. YES,1. YES,2. NO,1. YES,1. YES,2,3,3,1. YES,1,0,0,0,0,0,0,0,0,0,0,0,0,0,0,0,0,0,0,0,12. LACK OF MONEY,,,
5. South South,12. Edo,1211. IKPOBA OKHA,1. URBAN,1250,129101,2,1. YES,1. YES,1. YES,1. YES,1. YES,2. NO,2. NO,2. NO,1. YES,2. NO,3,5,,1. YES,1,0,0,0,0,0,0,0,0,0,0,0,0,0,0,0,0,0,0,0,5. FOOD IN THE MARKET WAS VERY EXPENSIVE,,,
5. South South,12. Edo,1211. IKPOBA OKHA,1. URBAN,1250,129104,1,2. NO,2. NO,2. NO,2. NO,2. NO,2. NO,2. NO,2. NO,2. NO,2. NO,3,4,,2. NO,,,,,,,,,,,,,,,,,,,,,,,,
5. South South,12. Edo,1211. IKPOBA OKHA,1. URBAN,1250,129106,2,2. NO,2. NO,2. NO,1. YES,1. YES,2. NO,2. NO,2. NO,2. NO,2. NO,2,3,,2. NO,,,,,,,,,,,,,,,,,,,,,,,,
5. South South,12. Edo,1212. OREDO,1. URBAN,2598,129109,5101,1. YES,1. YES,1. YES,2. NO,1. YES,2. NO,2. NO,2. NO,2. NO,2. NO,3,,,1. YES,1,0,0,0,0,0,0,0,0,0,0,0,0,0,0,0,0,0,0,0,5. FOOD IN THE MARKET WAS VERY EXPENSIVE,,,
5. South South,12. Edo,1212. OREDO,1. URBAN,2598,129110,2,2. NO,2. NO,1. YES,2. NO,2. NO,2. NO,2. NO,2. NO,2. NO,1. YES,2,,,2. NO,,,,,,,,,,,,,,,,,,,,,,,,
5. South South,12. Edo,1212. OREDO,1. URBAN,2598,129111,1,2. NO,1. YES,1. YES,1. YES,1. YES,2. NO,2. NO,2. NO,1. YES,2. NO,3,4,4,1. YES,0,0,0,0,0,0,0,0,1,1,0,0,0,0,0,0,0,0,0,0,12. LACK OF MONEY,,,
5. South South,12. Edo,1212. OREDO,1. URBAN,2598,129112,2,1. YES,1. YES,1. YES,1. YES,1. YES,2. NO,2. NO,2. NO,2. NO,2. NO,3,5,,1. YES,1,0,0,0,0,0,0,0,0,0,0,0,0,0,0,0,0,0,0,0,5. FOOD IN THE MARKET WAS VERY EXPENSIVE,,,
5. South South,12. Edo,1212. OREDO,1. URBAN,2598,129113,5101,2. NO,2. NO,2. NO,2. NO,2. NO,2. NO,2. NO,2. NO,2. NO,2. NO,3,,3,2. NO,,,,,,,,,,,,,,,,,,,,,,,,
5. South South,12. Edo,1212. OREDO,1. URBAN,2598,129114,1,1. YES,1. YES,1. YES,1. YES,1. YES,2. NO,2. NO,2. NO,2. NO,2. NO,3,3,3,2. NO,,,,,,,,,,,,,,,,,,,,,,,,
5. South South,12. Edo,1212. OREDO,1. URBAN,2598,129116,2,1. YES,1. YES,1. YES,1. YES,1. YES,1. YES,1. YES,2. NO,1. YES,1. YES,3,3,,1. YES,0,0,0,1,1,1,1,1,0,0,0,0,0,0,0,0,0,0,0,0,12. LACK OF MONEY,,,
5. South South,12. Edo,1212. OREDO,1. URBAN,2598,129117,1,2. NO,2. NO,2. NO,2. NO,2. NO,2. NO,2. NO,2. NO,2. NO,2. NO,3,3,,2. NO,,,,,,,,,,,,,,,,,,,,,,,,
5. South South,12. Edo,1212. OREDO,2. RURAL,0,129122,2,1. YES,1. YES,1. YES,1. YES,1. YES,1. YES,1. YES,2. NO,1. YES,1. YES,3,,4,1. YES,0,0,0,0,0,0,0,0,0,0,0,0,0,0,1,0,0,0,0,0,12. LACK OF MONEY,5. FOOD IN THE MARKET WAS VERY EXPENSIVE,,
5. South South,12. Edo,1215. OVIA SOUTH WEST,2. RURAL,810,129123,2,1. YES,1. YES,1. YES,1. YES,1. YES,1. YES,2. NO,2. NO,1. YES,2. NO,3,5,3,1. YES,1,0,0,0,0,0,0,0,0,0,0,0,0,0,0,0,0,0,0,0,5. FOOD IN THE MARKET WAS VERY EXPENSIVE,4. INADEQUATE HOUSEHOLD FOOD STOCKS DUE TO LACK OF FARM INPUTS,12. LACK OF MONEY,
5. South South,12. Edo,1215. OVIA SOUTH WEST,2. RURAL,810,129124,1,1. YES,1. YES,1. YES,1. YES,1. YES,1. YES,1. YES,2. NO,2. NO,1. YES,3,3,,1. YES,0,0,0,0,0,0,0,0,1,1,0,0,0,0,0,0,0,0,0,0,12. LACK OF MONEY,5. FOOD IN THE MARKET WAS VERY EXPENSIVE,,
5. South South,12. Edo,1215. OVIA SOUTH WEST,2. RURAL,810,129127,1,1. YES,1. YES,1. YES,1. YES,1. YES,1. YES,1. YES,2. NO,2. NO,2. NO,3,3,,1. YES,0,0,0,0,0,0,0,0,1,1,0,0,0,0,0,0,0,0,0,0,5. FOOD IN THE MARKET WAS VERY EXPENSIVE,12. LACK OF MONEY,,
5. South South,12. Edo,1215. OVIA SOUTH WEST,2. RURAL,810,129128,1,1. YES,1. YES,1. YES,1. YES,1. YES,1. YES,2. NO,2. NO,1. YES,2. NO,3,4,3,1. YES,1,0,0,0,0,0,0,0,0,0,0,0,0,0,0,0,0,0,0,0,5. FOOD IN THE MARKET WAS VERY EXPENSIVE,,,
5. South South,12. Edo,1215. OVIA SOUTH WEST,2. RURAL,810,129129,1,1. YES,1. YES,1. YES,2. NO,2. NO,2. NO,2. NO,2. NO,2. NO,2. NO,3,3,,1. YES,0,0,0,0,0,0,0,0,0,0,0,0,0,1,1,0,0,0,0,0,12. LACK OF MONEY,,,
5. South South,12. Edo,1215. OVIA SOUTH WEST,2. RURAL,810,129131,1,1. YES,1. YES,1. YES,2. NO,1. YES,1. YES,1. YES,2. NO,2. NO,2. NO,3,,,1. YES,1,0,0,0,0,0,0,0,0,0,0,0,0,0,0,0,0,0,0,0,5. FOOD IN THE MARKET WAS VERY EXPENSIVE,12. LACK OF MONEY,13. LACK OF ACCESS TO MONEY AT THE BANK DUE TO NAIRA REDESIGN,
5. South South,12. Edo,1215. OVIA SOUTH WEST,2. RURAL,810,129132,1,1. YES,1. YES,1. YES,1. YES,1. YES,1. YES,2. NO,2. NO,2. NO,2. NO,3,,,1. YES,0,0,0,0,0,0,0,0,0,0,0,0,0,0,1,0,0,0,0,0,12. LACK OF MONEY,,,
5. South South,12. Edo,1216. OWAN EAST,1. URBAN,694,129134,2,1. YES,1. YES,1. YES,1. YES,1. YES,1. YES,2. NO,2. NO,2. NO,2. NO,3,3,,2. NO,,,,,,,,,,,,,,,,,,,,,,,,
5. South South,12. Edo,1216. OWAN EAST,1. URBAN,694,129135,1,2. NO,2. NO,2. NO,2. NO,2. NO,2. NO,2. NO,2. NO,2. NO,2. NO,3,,3,2. NO,,,,,,,,,,,,,,,,,,,,,,,,
5. South South,12. Edo,1216. OWAN EAST,1. URBAN,694,129136,5101,2. NO,2. NO,2. NO,2. NO,2. NO,2. NO,2. NO,2. NO,2. NO,2. NO,3,5,,2. NO,,,,,,,,,,,,,,,,,,,,,,,,
5. South South,12. Edo,1216. OWAN EAST,1. URBAN,694,129137,1,1. YES,1. YES,1. YES,1. YES,1. YES,1. YES,1. YES,2. NO,1. YES,1. YES,3,3,,1. YES,0,0,0,1,1,1,1,0,1,1,0,0,0,0,0,0,0,0,0,0,1. INADEQUATE HOUSEHOLD FOOD STOCKS DUE TO DROUGHT/ POOR RAINS,12. LACK OF MONEY,,
5. South South,12. Edo,1216. OWAN EAST,1. URBAN,694,129139,3,1. YES,1. YES,1. YES,2. NO,1. YES,2. NO,2. NO,2. NO,2. NO,2. NO,3,4,5,1. YES,0,0,0,0,0,0,0,1,0,0,1,0,0,1,1,0,0,0,0,0,1. INADEQUATE HOUSEHOLD FOOD STOCKS DUE TO DROUGHT/ POOR RAINS,7. NO FOOD IN THE MARKET,,
5. South South,12. Edo,1216. OWAN EAST,1. URBAN,694,129141,1,2. NO,2. NO,2. NO,2. NO,2. NO,2. NO,2. NO,2. NO,2. NO,2. NO,3,3,,2. NO,,,,,,,,,,,,,,,,,,,,,,,,
5. South South,12. Edo,1216. OWAN EAST,1. URBAN,694,129142,1,2. NO,2. NO,2. NO,2. NO,2. NO,2. NO,2. NO,2. NO,2. NO,2. NO,3,,,2. NO,,,,,,,,,,,,,,,,,,,,,,,,
5. South South,12. Edo,1216. OWAN EAST,1. URBAN,694,129143,1,1. YES,1. YES,1. YES,1. YES,1. YES,1. YES,1. YES,2. NO,1. YES,1. YES,3,3,,1. YES,0,0,0,0,1,1,1,0,1,1,1,0,0,0,0,0,0,0,0,0,1. INADEQUATE HOUSEHOLD FOOD STOCKS DUE TO DROUGHT/ POOR RAINS,12. LACK OF MONEY,,
5. South South,12. Edo,1218. UHUNMUONDE,1. URBAN,196,129145,1,1. YES,1. YES,1. YES,2. NO,1. YES,1. YES,2. NO,2. NO,2. NO,2. NO,3,3,,1. YES,1,0,0,0,0,0,0,0,0,0,0,0,0,0,0,0,0,0,0,0,5. FOOD IN THE MARKET WAS VERY EXPENSIVE,12. LACK OF MONEY,13. LACK OF ACCESS TO MONEY AT THE BANK DUE TO NAIRA REDESIGN,
5. South South,12. Edo,1218. UHUNMUONDE,1. URBAN,196,129146,1,1. YES,1. YES,1. YES,1. YES,1. YES,1. YES,1. YES,2. NO,2. NO,2. NO,3,,,1. YES,0,0,0,0,0,0,0,0,0,1,1,1,1,1,0,0,0,0,0,0,12. LACK OF MONEY,13. LACK OF ACCESS TO MONEY AT THE BANK DUE TO NAIRA REDESIGN,,
5. South South,10. Delta,1007. IKA NORTH EAST,1. URBAN,0,129147,2,2. NO,2. NO,2. NO,2. NO,2. NO,2. NO,2. NO,2. NO,2. NO,2. NO,2,3,,2. NO,,,,,,,,,,,,,,,,,,,,,,,,
5. South South,12. Edo,1218. UHUNMUONDE,1. URBAN,0,129148,2,2. NO,2. NO,2. NO,2. NO,2. NO,2. NO,2. NO,2. NO,2. NO,2. NO,3,,3,2. NO,,,,,,,,,,,,,,,,,,,,,,,,
5. South South,12. Edo,1218. UHUNMUONDE,1. URBAN,196,129152,1,1. YES,1. YES,1. YES,1. YES,1. YES,1. YES,1. YES,2. NO,1. YES,1. YES,3,,,2. NO,,,,,,,,,,,,,,,,,,,,,,,,
5. South South,12. Edo,1218. UHUNMUONDE,1. URBAN,196,129153,1,1. YES,1. YES,1. YES,1. YES,1. YES,1. YES,1. YES,1. YES,1. YES,1. YES,3,3,4,2. NO,,,,,,,,,,,,,,,,,,,,,,,,
5. South South,12. Edo,1218. UHUNMUONDE,1. URBAN,196,129154,1,2. NO,2. NO,2. NO,2. NO,1. YES,2. NO,2. NO,2. NO,1. YES,2. NO,2,3,3,2. NO,,,,,,,,,,,,,,,,,,,,,,,,
5. South South,12. Edo,1218. UHUNMUONDE,1. URBAN,196,129156,1,1. YES,1. YES,1. YES,1. YES,1. YES,1. YES,1. YES,2. NO,2. NO,2. NO,3,,,1. YES,0,0,0,0,0,0,0,0,0,0,0,1,0,0,0,0,0,0,0,0,12. LACK OF MONEY,,,
5. South South,12. Edo,1209. ETSAKO WEST,1. URBAN,226,129168,1,1. YES,1. YES,1. YES,1. YES,1. YES,1. YES,1. YES,2. NO,1. YES,1. YES,3,3,,1. YES,0,0,0,0,0,1,1,1,1,1,1,0,0,0,0,0,0,0,0,0,1. INADEQUATE HOUSEHOLD FOOD STOCKS DUE TO DROUGHT/ POOR RAINS,12. LACK OF MONEY,,
5. South South,12. Edo,1209. ETSAKO WEST,1. URBAN,566,129170,3,1. YES,1. YES,1. YES,1. YES,1. YES,1. YES,1. YES,2. NO,1. YES,1. YES,3,,,1. YES,0,0,0,1,1,1,1,0,1,1,0,0,0,0,0,0,0,0,0,0,1. INADEQUATE HOUSEHOLD FOOD STOCKS DUE TO DROUGHT/ POOR RAINS,12. LACK OF MONEY,,
5. South South,12. Edo,1211. IKPOBA OKHA,1. URBAN,1250,129173,1,1. YES,2. NO,2. NO,2. NO,2. NO,2. NO,2. NO,2. NO,2. NO,2. NO,3,4,4,2. NO,,,,,,,,,,,,,,,,,,,,,,,,
5. South South,12. Edo,1211. IKPOBA OKHA,1. URBAN,1250,129174,5,1. YES,1. YES,1. YES,1. YES,1. YES,1. YES,1. YES,2. NO,2. NO,1. YES,2,2,2,2. NO,,,,,,,,,,,,,,,,,,,,,,,,
5. South South,12. Edo,1211. IKPOBA OKHA,1. URBAN,0,129176,1,1. YES,1. YES,1. YES,1. YES,1. YES,1. YES,1. YES,2. NO,1. YES,1. YES,3,,,1. YES,0,0,0,0,0,0,0,0,1,1,0,0,0,1,1,1,0,0,0,0,12. LACK OF MONEY,,,
5. South South,12. Edo,1216. OWAN EAST,1. URBAN,694,129180,1,1. YES,1. YES,1. YES,2. NO,1. YES,2. NO,2. NO,2. NO,2. NO,2. NO,3,4,,1. YES,0,0,0,0,0,0,1,1,1,1,1,0,0,0,0,0,0,0,0,0,1. INADEQUATE HOUSEHOLD FOOD STOCKS DUE TO DROUGHT/ POOR RAINS,13. LACK OF ACCESS TO MONEY AT THE BANK DUE TO NAIRA REDESIGN,,
5. South South,12. Edo,1218. UHUNMUONDE,1. URBAN,196,129182,4,1. YES,1. YES,1. YES,1. YES,1. YES,1. YES,2. NO,2. NO,2. NO,2. NO,3,,,1. YES,0,0,0,0,0,0,0,0,1,1,1,1,1,1,1,0,0,0,0,0,6. UNABLE TO REACH THE MARKET DUE TO HIGH TRANSPORTATION COSTS,5. FOOD IN THE MARKET WAS VERY EXPENSIVE,13. LACK OF ACCESS TO MONEY AT THE BANK DUE TO NAIRA REDESIGN,
6. South West,13. Ekiti,1307. GBOYIN,1. URBAN,268,130021,1,1. YES,1. YES,1. YES,2. NO,1. YES,1. YES,1. YES,1. YES,1. YES,1. YES,3,,,1. YES,0,0,0,1,0,0,1,0,0,1,0,0,0,0,0,0,0,0,0,0,5. FOOD IN THE MARKET WAS VERY EXPENSIVE,7. NO FOOD IN THE MARKET,12. LACK OF MONEY,
6. South West,13. Ekiti,1307. GBOYIN,2. RURAL,0,130023,2,2. NO,1. YES,2. NO,2. NO,1. YES,2. NO,1. YES,2. NO,1. YES,2. NO,3,3,5,2. NO,,,,,,,,,,,,,,,,,,,,,,,,
6. South West,24. Lagos,2403. ALIMOSHO,1. URBAN,0,130024,1,2. NO,2. NO,2. NO,2. NO,2. NO,2. NO,2. NO,2. NO,2. NO,2. NO,2,,,1. YES,0,0,0,0,0,0,0,0,1,1,0,0,0,0,0,0,0,0,0,0,12. LACK OF MONEY,5. FOOD IN THE MARKET WAS VERY EXPENSIVE,13. LACK OF ACCESS TO MONEY AT THE BANK DUE TO NAIRA REDESIGN,
6. South West,13. Ekiti,1307. GBOYIN,1. URBAN,268,130025,1,1. YES,2. NO,2. NO,2. NO,1. YES,2. NO,2. NO,2. NO,2. NO,2. NO,3,3,,2. NO,,,,,,,,,,,,,,,,,,,,,,,,
6. South West,13. Ekiti,1307. GBOYIN,1. URBAN,0,130026,1,2. NO,1. YES,2. NO,2. NO,2. NO,2. NO,2. NO,2. NO,2. NO,2. NO,3,3,,2. NO,,,,,,,,,,,,,,,,,,,,,,,,
6. South West,13. Ekiti,1307. GBOYIN,1. URBAN,268,130027,1,1. YES,1. YES,1. YES,1. YES,1. YES,1. YES,1. YES,1. YES,1. YES,1. YES,3,4,,2. NO,,,,,,,,,,,,,,,,,,,,,,,,
6. South West,13. Ekiti,1307. GBOYIN,1. URBAN,268,130029,2,1. YES,1. YES,2. NO,2. NO,2. NO,2. NO,2. NO,2. NO,2. NO,2. NO,3,,,2. NO,,,,,,,,,,,,,,,,,,,,,,,,
6. South West,13. Ekiti,1307. GBOYIN,1. URBAN,0,130030,1,1. YES,1. YES,2. NO,2. NO,1. YES,2. NO,2. NO,1. YES,1. YES,1. YES,3,,,1. YES,0,0,0,0,0,0,0,0,0,0,0,0,1,1,1,0,0,0,0,0,5. FOOD IN THE MARKET WAS VERY EXPENSIVE,12. LACK OF MONEY,,
6. South West,13. Ekiti,1303. EKITI EAST,1. URBAN,626,130032,1,1. YES,1. YES,1. YES,1. YES,1. YES,1. YES,1. YES,1. YES,1. YES,1. YES,2,3,,1. YES,1,0,0,0,0,0,0,0,0,0,0,0,0,0,0,0,0,0,0,0,5. FOOD IN THE MARKET WAS VERY EXPENSIVE,12. LACK OF MONEY,,
6. South West,13. Ekiti,1303. EKITI EAST,1. URBAN,626,130033,2,1. YES,2. NO,2. NO,2. NO,2. NO,2. NO,2. NO,2. NO,2. NO,2. NO,3,3,,2. NO,,,,,,,,,,,,,,,,,,,,,,,,
6. South West,13. Ekiti,1303. EKITI EAST,1. URBAN,626,130034,1,1. YES,1. YES,1. YES,1. YES,1. YES,1. YES,1. YES,1. YES,1. YES,1. YES,3,,,1. YES,0,0,0,0,0,0,0,0,0,0,0,0,1,1,1,1,0,0,0,0,5. FOOD IN THE MARKET WAS VERY EXPENSIVE,12. LACK OF MONEY,,
6. South West,13. Ekiti,1303. EKITI EAST,1. URBAN,0,130035,1,1. YES,1. YES,1. YES,1. YES,1. YES,1. YES,1. YES,2. NO,1. YES,1. YES,3,2,,1. YES,0,0,0,1,1,0,1,0,0,0,0,0,0,0,0,0,0,0,0,0,5. FOOD IN THE MARKET WAS VERY EXPENSIVE,12. LACK OF MONEY,,
6. South West,13. Ekiti,1303. EKITI EAST,1. URBAN,626,130036,1,1. YES,1. YES,1. YES,1. YES,1. YES,1. YES,1. YES,2. NO,1. YES,1. YES,2,3,,1. YES,0,0,0,1,1,1,1,1,0,1,0,0,1,0,0,1,0,0,0,0,5. FOOD IN THE MARKET WAS VERY EXPENSIVE,12. LACK OF MONEY,,
6. South West,13. Ekiti,1303. EKITI EAST,1. URBAN,626,130038,1,2. NO,2. NO,2. NO,2. NO,2. NO,2. NO,2. NO,2. NO,2. NO,2. NO,3,3,7,2. NO,,,,,,,,,,,,,,,,,,,,,,,,
6. South West,13. Ekiti,1303. EKITI EAST,1. URBAN,626,130039,1,2. NO,1. YES,2. NO,2. NO,1. YES,1. YES,2. NO,2. NO,1. YES,2. NO,3,,,2. NO,,,,,,,,,,,,,,,,,,,,,,,,
6. South West,13. Ekiti,1310. IKARE,1. URBAN,0,130040,3,1. YES,1. YES,1. YES,1. YES,1. YES,1. YES,1. YES,2. NO,1. YES,1. YES,2,,3,1. YES,0,0,0,0,0,0,1,1,0,1,1,0,0,1,0,0,0,0,0,0,5. FOOD IN THE MARKET WAS VERY EXPENSIVE,12. LACK OF MONEY,,
6. South West,13. Ekiti,1309. IJERO,2. RURAL,674,130051,1,1. YES,1. YES,1. YES,1. YES,1. YES,1. YES,1. YES,1. YES,1. YES,1. YES,2,2,,1. YES,0,0,0,0,1,0,0,1,0,0,1,0,0,0,1,0,0,0,0,0,1. INADEQUATE HOUSEHOLD FOOD STOCKS DUE TO DROUGHT/ POOR RAINS,5. FOOD IN THE MARKET WAS VERY EXPENSIVE,12. LACK OF MONEY,
6. South West,13. Ekiti,1309. IJERO,2. RURAL,674,130052,2,2. NO,1. YES,2. NO,2. NO,2. NO,2. NO,2. NO,2. NO,2. NO,2. NO,3,3,,2. NO,,,,,,,,,,,,,,,,,,,,,,,,
6. South West,13. Ekiti,1309. IJERO,2. RURAL,0,130053,4,1. YES,1. YES,1. YES,2. NO,2. NO,2. NO,2. NO,1. YES,2. NO,2. NO,3,,,2. NO,,,,,,,,,,,,,,,,,,,,,,,,
6. South West,13. Ekiti,1309. IJERO,2. RURAL,674,130054,1,2. NO,1. YES,2. NO,2. NO,2. NO,2. NO,2. NO,2. NO,2. NO,2. NO,3,,,2. NO,,,,,,,,,,,,,,,,,,,,,,,,
6. South West,13. Ekiti,1309. IJERO,2. RURAL,674,130055,2,1. YES,1. YES,2. NO,2. NO,1. YES,2. NO,2. NO,2. NO,2. NO,2. NO,3,,,2. NO,,,,,,,,,,,,,,,,,,,,,,,,
6. South West,13. Ekiti,1309. IJERO,2. RURAL,674,130056,2,1. YES,1. YES,1. YES,1. YES,1. YES,1. YES,1. YES,1. YES,1. YES,2. NO,3,,,1. YES,0,0,0,1,0,0,0,0,0,0,0,0,0,0,1,0,0,0,0,0,12. LACK OF MONEY,,,
6. South West,13. Ekiti,1309. IJERO,2. RURAL,674,130057,4,1. YES,1. YES,1. YES,1. YES,1. YES,1. YES,1. YES,1. YES,1. YES,1. YES,3,,,1. YES,0,0,0,0,0,0,0,0,0,0,0,0,1,1,1,1,0,0,0,0,5. FOOD IN THE MARKET WAS VERY EXPENSIVE,12. LACK OF MONEY,,
6. South West,13. Ekiti,1309. IJERO,1. URBAN,0,130059,7,1. YES,1. YES,1. YES,1. YES,1. YES,1. YES,1. YES,2. NO,1. YES,2. NO,3,3,,1. YES,0,0,0,0,0,0,0,0,1,1,1,1,1,1,1,1,0,0,0,0,1. INADEQUATE HOUSEHOLD FOOD STOCKS DUE TO DROUGHT/ POOR RAINS,,,
6. South West,13. Ekiti,1309. IJERO,2. RURAL,674,130060,2,1. YES,1. YES,1. YES,1. YES,1. YES,1. YES,1. YES,1. YES,1. YES,1. YES,3,3,,1. YES,0,0,0,0,0,0,0,0,0,0,0,1,1,1,1,1,0,0,0,0,5. FOOD IN THE MARKET WAS VERY EXPENSIVE,12. LACK OF MONEY,,
6. South West,13. Ekiti,1301. ADO EKITI,1. URBAN,0,139002,2,1. YES,1. YES,1. YES,1. YES,1. YES,1. YES,2. NO,2. NO,1. YES,1. YES,3,3,,1. YES,0,0,0,0,0,0,0,0,0,0,0,0,1,1,1,0,0,0,0,0,3. INADEQUATE HOUSEHOLD FOOD STOCKS DUE TO SMALL LAND SIZE,5. FOOD IN THE MARKET WAS VERY EXPENSIVE,12. LACK OF MONEY,
6. South West,13. Ekiti,1301. ADO EKITI,1. URBAN,688,139005,3,1. YES,1. YES,1. YES,1. YES,1. YES,1. YES,1. YES,2. NO,2. NO,2. NO,3,,3,1. YES,0,0,0,1,1,0,0,0,1,0,0,0,0,0,0,0,0,0,0,0,12. LACK OF MONEY,,,
6. South West,13. Ekiti,1301. ADO EKITI,1. URBAN,688,139007,1,1. YES,2. NO,1. YES,1. YES,1. YES,1. YES,1. YES,1. YES,1. YES,1. YES,3,,,1. YES,0,0,0,0,0,0,0,0,0,0,0,0,0,0,1,0,0,0,0,0,5. FOOD IN THE MARKET WAS VERY EXPENSIVE,12. LACK OF MONEY,,
6. South West,13. Ekiti,1301. ADO EKITI,1. URBAN,688,139008,1,2. NO,2. NO,2. NO,2. NO,1. YES,1. YES,2. NO,2. NO,1. YES,2. NO,2,3,3,1. YES,0,0,0,1,0,0,1,0,0,0,0,0,0,0,0,0,0,0,0,0,12. LACK OF MONEY,5. FOOD IN THE MARKET WAS VERY EXPENSIVE,,
6. South West,13. Ekiti,1301. ADO EKITI,1. URBAN,688,139009,1,2. NO,2. NO,2. NO,2. NO,2. NO,2. NO,2. NO,2. NO,2. NO,2. NO,3,,5,2. NO,,,,,,,,,,,,,,,,,,,,,,,,
6. South West,13. Ekiti,1301. ADO EKITI,1. URBAN,688,139010,1,2. NO,2. NO,1. YES,1. YES,1. YES,2. NO,2. NO,2. NO,2. NO,2. NO,2,3,,2. NO,,,,,,,,,,,,,,,,,,,,,,,,
6. South West,13. Ekiti,1301. ADO EKITI,1. URBAN,688,139011,4,1. YES,1. YES,1. YES,2. NO,1. YES,2. NO,2. NO,2. NO,1. YES,1. YES,3,,3,1. YES,0,0,1,0,0,0,1,0,0,0,0,1,0,0,0,0,0,0,0,0,5. FOOD IN THE MARKET WAS VERY EXPENSIVE,12. LACK OF MONEY,,
6. South West,13. Ekiti,1301. ADO EKITI,1. URBAN,688,139012,2,1. YES,2. NO,1. YES,1. YES,1. YES,2. NO,2. NO,2. NO,1. YES,2. NO,3,3,3,2. NO,,,,,,,,,,,,,,,,,,,,,,,,
6. South West,13. Ekiti,1303. EKITI EAST,1. URBAN,80,139013,2,1. YES,1. YES,1. YES,1. YES,1. YES,1. YES,1. YES,1. YES,2. NO,1. YES,3,4,6,1. YES,0,0,0,0,0,0,0,0,0,0,1,1,1,1,1,1,0,0,0,0,12. LACK OF MONEY,5. FOOD IN THE MARKET WAS VERY EXPENSIVE,2. INADEQUATE HOUSEHOLD FOOD STOCKS DUE TO CROP PEST DAMAGE,
6. South West,13. Ekiti,1303. EKITI EAST,1. URBAN,80,139015,1,1. YES,1. YES,1. YES,1. YES,1. YES,1. YES,2. NO,2. NO,1. YES,2. NO,3,4,5,2. NO,,,,,,,,,,,,,,,,,,,,,,,,
6. South West,13. Ekiti,1303. EKITI EAST,1. URBAN,80,139016,1,1. YES,1. YES,1. YES,1. YES,1. YES,1. YES,1. YES,2. NO,1. YES,2. NO,3,3,,1. YES,1,0,0,0,0,0,0,0,0,0,0,0,0,0,0,0,0,0,0,0,5. FOOD IN THE MARKET WAS VERY EXPENSIVE,12. LACK OF MONEY,,
6. South West,13. Ekiti,1303. EKITI EAST,1. URBAN,80,139018,2,1. YES,2. NO,1. YES,1. YES,1. YES,1. YES,1. YES,1. YES,1. YES,1. YES,3,,,1. YES,0,0,0,0,0,1,0,1,1,0,1,0,1,0,0,1,0,0,0,0,12. LACK OF MONEY,,,
6. South West,13. Ekiti,1303. EKITI EAST,1. URBAN,80,139020,2,1. YES,1. YES,1. YES,1. YES,1. YES,2. NO,2. NO,2. NO,1. YES,2. NO,3,3,,2. NO,,,,,,,,,,,,,,,,,,,,,,,,
6. South West,13. Ekiti,1303. EKITI EAST,1. URBAN,80,139021,1,2. NO,2. NO,1. YES,1. YES,1. YES,1. YES,1. YES,1. YES,2. NO,2. NO,3,,,2. NO,,,,,,,,,,,,,,,,,,,,,,,,
6. South West,13. Ekiti,1303. EKITI EAST,1. URBAN,80,139022,1,1. YES,1. YES,1. YES,1. YES,1. YES,1. YES,1. YES,1. YES,1. YES,1. YES,3,,,1. YES,0,0,0,0,0,0,0,0,0,0,0,1,1,1,1,1,0,0,0,0,12. LACK OF MONEY,5. FOOD IN THE MARKET WAS VERY EXPENSIVE,,
6. South West,13. Ekiti,1303. EKITI EAST,1. URBAN,80,139023,1,1. YES,2. NO,2. NO,2. NO,1. YES,2. NO,2. NO,2. NO,2. NO,2. NO,3,,,2. NO,,,,,,,,,,,,,,,,,,,,,,,,
6. South West,13. Ekiti,1303. EKITI EAST,1. URBAN,80,139024,2,2. NO,2. NO,2. NO,2. NO,2. NO,2. NO,2. NO,2. NO,2. NO,2. NO,3,4,,2. NO,,,,,,,,,,,,,,,,,,,,,,,,
6. South West,13. Ekiti,1306. EMURE,1. URBAN,140,139025,1,1. YES,1. YES,1. YES,1. YES,2. NO,2. NO,2. NO,2. NO,2. NO,2. NO,3,,,1. YES,0,0,0,0,0,0,0,0,1,0,1,0,0,0,0,0,0,0,0,0,12. LACK OF MONEY,,,
6. South West,13. Ekiti,1306. EMURE,1. URBAN,140,139026,2,1. YES,1. YES,1. YES,1. YES,1. YES,1. YES,1. YES,1. YES,1. YES,2. NO,3,5,6,2. NO,,,,,,,,,,,,,,,,,,,,,,,,
6. South West,13. Ekiti,1306. EMURE,1. URBAN,140,139027,1,1. YES,1. YES,1. YES,1. YES,1. YES,1. YES,1. YES,1. YES,1. YES,1. YES,2,,,1. YES,1,0,0,0,0,0,0,0,0,0,0,0,0,0,0,0,0,0,0,0,12. LACK OF MONEY,5. FOOD IN THE MARKET WAS VERY EXPENSIVE,,
6. South West,13. Ekiti,1306. EMURE,1. URBAN,140,139029,1,2. NO,2. NO,2. NO,2. NO,2. NO,2. NO,2. NO,2. NO,2. NO,2. NO,3,,,2. NO,,,,,,,,,,,,,,,,,,,,,,,,
6. South West,13. Ekiti,1306. EMURE,1. URBAN,0,139030,1,1. YES,1. YES,1. YES,1. YES,1. YES,1. YES,1. YES,2. NO,1. YES,2. NO,2,2,2,1. YES,0,0,0,0,0,1,0,1,0,1,0,0,0,0,0,0,0,0,0,0,12. LACK OF MONEY,,,
6. South West,13. Ekiti,1306. EMURE,1. URBAN,140,139031,1,1. YES,1. YES,1. YES,1. YES,1. YES,2. NO,2. NO,2. NO,1. YES,1. YES,3,3,,1. YES,0,0,0,0,1,0,1,0,1,1,0,0,0,0,0,0,0,0,0,0,3. INADEQUATE HOUSEHOLD FOOD STOCKS DUE TO SMALL LAND SIZE,4. INADEQUATE HOUSEHOLD FOOD STOCKS DUE TO LACK OF FARM INPUTS,1. INADEQUATE HOUSEHOLD FOOD STOCKS DUE TO DROUGHT/ POOR RAINS,
6. South West,13. Ekiti,1306. EMURE,1. URBAN,140,139032,2,1. YES,1. YES,1. YES,1. YES,1. YES,2. NO,2. NO,2. NO,2. NO,2. NO,3,,,1. YES,0,0,0,0,0,0,0,0,1,1,0,0,0,0,0,0,0,0,0,0,12. LACK OF MONEY,,,
6. South West,13. Ekiti,1306. EMURE,1. URBAN,140,139033,2,1. YES,1. YES,1. YES,1. YES,1. YES,1. YES,1. YES,1. YES,1. YES,1. YES,3,,,1. YES,0,0,0,0,0,0,0,0,1,1,1,1,1,1,1,1,0,0,0,0,5. FOOD IN THE MARKET WAS VERY EXPENSIVE,12. LACK OF MONEY,,
6. South West,13. Ekiti,1306. EMURE,1. URBAN,140,139034,1,1. YES,1. YES,1. YES,1. YES,1. YES,1. YES,1. YES,2. NO,1. YES,1. YES,2,3,3,1. YES,0,0,0,1,0,1,0,1,0,0,1,0,1,0,0,0,0,0,0,0,1. INADEQUATE HOUSEHOLD FOOD STOCKS DUE TO DROUGHT/ POOR RAINS,2. INADEQUATE HOUSEHOLD FOOD STOCKS DUE TO CROP PEST DAMAGE,5. FOOD IN THE MARKET WAS VERY EXPENSIVE,
6. South West,13. Ekiti,1306. EMURE,1. URBAN,140,139035,2,1. YES,1. YES,1. YES,2. NO,1. YES,1. YES,2. NO,2. NO,1. YES,2. NO,2,3,5,1. YES,0,0,0,0,0,0,0,0,1,1,1,1,1,0,0,0,0,0,0,0,5. FOOD IN THE MARKET WAS VERY EXPENSIVE,12. LACK OF MONEY,,
6. South West,13. Ekiti,1306. EMURE,1. URBAN,342,139036,1,1. YES,1. YES,1. YES,1. YES,1. YES,1. YES,1. YES,1. YES,1. YES,1. YES,3,5,8,1. YES,0,0,0,0,0,0,0,0,1,1,1,1,1,1,1,1,0,0,0,0,5. FOOD IN THE MARKET WAS VERY EXPENSIVE,12. LACK OF MONEY,,
6. South West,13. Ekiti,1306. EMURE,1. URBAN,342,139037,1,2. NO,1. YES,1. YES,2. NO,1. YES,1. YES,2. NO,2. NO,2. NO,2. NO,3,4,5,2. NO,,,,,,,,,,,,,,,,,,,,,,,,
6. South West,13. Ekiti,1306. EMURE,1. URBAN,342,139038,2,2. NO,2. NO,2. NO,2. NO,2. NO,2. NO,2. NO,2. NO,2. NO,2. NO,3,4,,2. NO,,,,,,,,,,,,,,,,,,,,,,,,
6. South West,13. Ekiti,1306. EMURE,1. URBAN,342,139039,1,2. NO,2. NO,2. NO,2. NO,1. YES,2. NO,2. NO,2. NO,1. YES,2. NO,3,,,2. NO,,,,,,,,,,,,,,,,,,,,,,,,
6. South West,13. Ekiti,1306. EMURE,1. URBAN,342,139041,2,1. YES,1. YES,1. YES,1. YES,1. YES,2. NO,1. YES,2. NO,1. YES,2. NO,3,3,,1. YES,0,0,0,0,1,0,1,0,1,1,0,0,0,0,0,0,0,0,0,0,12. LACK OF MONEY,,,
6. South West,13. Ekiti,1306. EMURE,1. URBAN,342,139042,1,1. YES,1. YES,1. YES,2. NO,1. YES,1. YES,1. YES,1. YES,2. NO,2. NO,2,,,1. YES,0,0,0,0,0,1,1,0,0,0,1,0,0,1,0,0,0,0,0,0,1. INADEQUATE HOUSEHOLD FOOD STOCKS DUE TO DROUGHT/ POOR RAINS,5. FOOD IN THE MARKET WAS VERY EXPENSIVE,12. LACK OF MONEY,
6. South West,13. Ekiti,1306. EMURE,1. URBAN,342,139043,1,1. YES,2. NO,1. YES,1. YES,1. YES,1. YES,1. YES,1. YES,1. YES,1. YES,3,2,3,1. YES,0,0,0,0,0,0,0,0,1,1,1,0,0,0,0,0,0,0,0,0,5. FOOD IN THE MARKET WAS VERY EXPENSIVE,12. LACK OF MONEY,,
6. South West,13. Ekiti,1306. EMURE,1. URBAN,342,139044,2,1. YES,1. YES,1. YES,1. YES,1. YES,1. YES,1. YES,1. YES,1. YES,1. YES,3,6,5,1. YES,0,0,0,1,1,1,0,1,1,1,1,0,1,1,1,0,0,0,0,0,12. LACK OF MONEY,5. FOOD IN THE MARKET WAS VERY EXPENSIVE,,
6. South West,13. Ekiti,1306. EMURE,1. URBAN,342,139046,1,1. YES,1. YES,2. NO,2. NO,2. NO,2. NO,2. NO,2. NO,2. NO,2. NO,3,3,4,2. NO,,,,,,,,,,,,,,,,,,,,,,,,
6. South West,13. Ekiti,1306. EMURE,1. URBAN,342,139047,1,2. NO,2. NO,2. NO,2. NO,2. NO,1. YES,2. NO,2. NO,2. NO,2. NO,3,4,4,2. NO,,,,,,,,,,,,,,,,,,,,,,,,
6. South West,13. Ekiti,1307. GBOYIN,1. URBAN,1002,139048,1,1. YES,1. YES,1. YES,1. YES,2. NO,2. NO,2. NO,2. NO,2. NO,2. NO,3,,,2. NO,,,,,,,,,,,,,,,,,,,,,,,,
6. South West,13. Ekiti,1307. GBOYIN,1. URBAN,1002,139049,1,1. YES,1. YES,1. YES,2. NO,1. YES,1. YES,1. YES,1. YES,1. YES,1. YES,3,,,1. YES,0,0,0,0,0,1,0,1,1,0,1,0,1,0,0,1,0,0,0,0,5. FOOD IN THE MARKET WAS VERY EXPENSIVE,12. LACK OF MONEY,,
6. South West,13. Ekiti,1307. GBOYIN,1. URBAN,1002,139050,1,1. YES,1. YES,1. YES,1. YES,1. YES,2. NO,1. YES,2. NO,1. YES,2. NO,3,,,1. YES,0,0,0,0,0,1,0,0,0,1,0,0,0,1,0,0,0,0,0,0,12. LACK OF MONEY,,,
6. South West,13. Ekiti,1307. GBOYIN,1. URBAN,1002,139052,1,1. YES,1. YES,1. YES,1. YES,1. YES,1. YES,1. YES,1. YES,1. YES,1. YES,3,5,,1. YES,0,0,0,0,0,0,0,0,0,0,0,1,1,1,1,1,0,0,0,0,5. FOOD IN THE MARKET WAS VERY EXPENSIVE,12. LACK OF MONEY,,
6. South West,13. Ekiti,1307. GBOYIN,1. URBAN,1002,139053,1801,2. NO,1. YES,2. NO,1. YES,1. YES,1. YES,2. NO,2. NO,2. NO,2. NO,3,,,2. NO,,,,,,,,,,,,,,,,,,,,,,,,
6. South West,13. Ekiti,1307. GBOYIN,1. URBAN,1002,139054,2,1. YES,2. NO,1. YES,1. YES,1. YES,1. YES,1. YES,1. YES,2. NO,1. YES,3,3,,2. NO,,,,,,,,,,,,,,,,,,,,,,,,
6. South West,13. Ekiti,1307. GBOYIN,1. URBAN,1002,139055,2,1. YES,1. YES,1. YES,1. YES,1. YES,1. YES,1. YES,1. YES,1. YES,1. YES,3,5,,1. YES,0,0,0,0,0,0,0,0,0,0,0,0,0,1,1,1,0,0,0,0,6. UNABLE TO REACH THE MARKET DUE TO HIGH TRANSPORTATION COSTS,12. LACK OF MONEY,,
6. South West,13. Ekiti,1307. GBOYIN,1. URBAN,1002,139057,1,1. YES,2. NO,1. YES,1. YES,1. YES,1. YES,2. NO,1. YES,1. YES,1. YES,3,,,1. YES,0,0,0,0,1,1,1,1,0,0,0,0,0,0,0,0,0,0,0,0,2. INADEQUATE HOUSEHOLD FOOD STOCKS DUE TO CROP PEST DAMAGE,3. INADEQUATE HOUSEHOLD FOOD STOCKS DUE TO SMALL LAND SIZE,5. FOOD IN THE MARKET WAS VERY EXPENSIVE,
6. South West,13. Ekiti,1307. GBOYIN,1. URBAN,1002,139058,1,2. NO,2. NO,2. NO,2. NO,2. NO,2. NO,2. NO,2. NO,2. NO,2. NO,3,4,,2. NO,,,,,,,,,,,,,,,,,,,,,,,,
6. South West,13. Ekiti,1307. GBOYIN,1. URBAN,1002,139059,1,1. YES,1. YES,1. YES,1. YES,1. YES,1. YES,1. YES,1. YES,1. YES,1. YES,3,5,,1. YES,1,0,0,0,0,0,0,0,0,0,0,0,0,0,0,0,0,0,0,0,12. LACK OF MONEY,5. FOOD IN THE MARKET WAS VERY EXPENSIVE,,
6. South West,13. Ekiti,1307. GBOYIN,1. URBAN,1178,139062,1,1. YES,1. YES,1. YES,1. YES,1. YES,1. YES,1. YES,1. YES,1. YES,1. YES,3,5,,1. YES,0,0,0,0,0,0,0,0,1,1,1,1,1,1,1,1,0,0,0,0,12. LACK OF MONEY,5. FOOD IN THE MARKET WAS VERY EXPENSIVE,,
6. South West,13. Ekiti,1307. GBOYIN,1. URBAN,1178,139063,2,1. YES,1. YES,1. YES,1. YES,1. YES,1. YES,1. YES,2. NO,1. YES,2. NO,2,3,4,1. YES,0,0,0,0,0,0,0,1,1,1,1,1,1,1,1,1,0,0,0,0,5. FOOD IN THE MARKET WAS VERY EXPENSIVE,12. LACK OF MONEY,,
6. South West,13. Ekiti,1307. GBOYIN,1. URBAN,1178,139064,1,1. YES,1. YES,2. NO,1. YES,2. NO,2. NO,2. NO,2. NO,2. NO,2. NO,3,,,2. NO,,,,,,,,,,,,,,,,,,,,,,,,
6. South West,13. Ekiti,1307. GBOYIN,1. URBAN,1178,139067,1,1. YES,1. YES,1. YES,1. YES,1. YES,1. YES,1. YES,2. NO,1. YES,2. NO,3,,,1. YES,0,0,0,0,0,0,0,0,1,0,1,1,0,0,0,0,0,0,0,0,12. LACK OF MONEY,,,
6. South West,13. Ekiti,1307. GBOYIN,1. URBAN,1178,139068,1,1. YES,1. YES,2. NO,1. YES,1. YES,1. YES,1. YES,2. NO,1. YES,1. YES,3,2,,1. YES,0,0,0,1,0,1,0,1,1,0,0,1,0,0,1,0,0,0,0,0,2. INADEQUATE HOUSEHOLD FOOD STOCKS DUE TO CROP PEST DAMAGE,5. FOOD IN THE MARKET WAS VERY EXPENSIVE,12. LACK OF MONEY,
6. South West,13. Ekiti,1307. GBOYIN,1. URBAN,1178,139070,1301,2. NO,2. NO,2. NO,2. NO,1. YES,1. YES,1. YES,1. YES,2. NO,1. YES,2,,,2. NO,,,,,,,,,,,,,,,,,,,,,,,,
6. South West,13. Ekiti,1307. GBOYIN,1. URBAN,1178,139071,1,2. NO,1. YES,2. NO,2. NO,2. NO,2. NO,2. NO,2. NO,2. NO,2. NO,3,3,,2. NO,,,,,,,,,,,,,,,,,,,,,,,,
6. South West,13. Ekiti,1308. IDO OSI,1. URBAN,842,139072,1,2. NO,1. YES,2. NO,2. NO,2. NO,2. NO,2. NO,2. NO,2. NO,2. NO,3,3,5,2. NO,,,,,,,,,,,,,,,,,,,,,,,,
6. South West,13. Ekiti,1308. IDO OSI,1. URBAN,842,139074,1,1. YES,1. YES,2. NO,2. NO,1. YES,1. YES,2. NO,2. NO,2. NO,2. NO,3,3,,2. NO,,,,,,,,,,,,,,,,,,,,,,,,
6. South West,13. Ekiti,1308. IDO OSI,1. URBAN,842,139075,2,1. YES,1. YES,1. YES,1. YES,1. YES,1. YES,1. YES,1. YES,1. YES,1. YES,3,3,,1. YES,0,0,0,0,1,0,0,1,0,1,0,0,0,1,0,0,0,0,0,0,5. FOOD IN THE MARKET WAS VERY EXPENSIVE,12. LACK OF MONEY,6. UNABLE TO REACH THE MARKET DUE TO HIGH TRANSPORTATION COSTS,
6. South West,13. Ekiti,1309. IJERO,1. URBAN,0,139076,1,1. YES,1. YES,1. YES,2. NO,1. YES,1. YES,1. YES,2. NO,2. NO,2. NO,3,,,2. NO,,,,,,,,,,,,,,,,,,,,,,,,
6. South West,13. Ekiti,1308. IDO OSI,1. URBAN,842,139078,1,1. YES,1. YES,2. NO,1. YES,1. YES,2. NO,2. NO,2. NO,1. YES,1. YES,3,2,2,1. YES,0,0,0,1,0,0,0,0,0,1,0,0,1,0,0,0,0,0,0,0,4. INADEQUATE HOUSEHOLD FOOD STOCKS DUE TO LACK OF FARM INPUTS,6. UNABLE TO REACH THE MARKET DUE TO HIGH TRANSPORTATION COSTS,,
6. South West,13. Ekiti,1308. IDO OSI,1. URBAN,842,139079,101,1. YES,1. YES,1. YES,1. YES,1. YES,1. YES,1. YES,2. NO,1. YES,1. YES,3,,,1. YES,0,0,0,0,0,0,0,0,1,1,1,1,0,1,1,1,0,0,0,0,5. FOOD IN THE MARKET WAS VERY EXPENSIVE,12. LACK OF MONEY,,
6. South West,13. Ekiti,1308. IDO OSI,1. URBAN,842,139080,1,1. YES,1. YES,1. YES,1. YES,1. YES,2. NO,1. YES,2. NO,2. NO,2. NO,3,3,4,2. NO,,,,,,,,,,,,,,,,,,,,,,,,
6. South West,13. Ekiti,1308. IDO OSI,1. URBAN,842,139082,1,1. YES,1. YES,1. YES,1. YES,1. YES,1. YES,1. YES,1. YES,1. YES,1. YES,3,,,1. YES,0,0,0,0,0,0,0,0,1,1,0,0,0,0,0,1,0,0,0,0,12. LACK OF MONEY,,,
6. South West,13. Ekiti,1308. IDO OSI,1. URBAN,842,139083,1,1. YES,1. YES,1. YES,1. YES,1. YES,1. YES,1. YES,2. NO,1. YES,1. YES,3,,,1. YES,0,0,0,0,0,0,0,0,0,0,0,0,1,1,1,1,0,0,0,0,12. LACK OF MONEY,5. FOOD IN THE MARKET WAS VERY EXPENSIVE,8. FLOODS/WATER LOGGING,
6. South West,13. Ekiti,1311. IKOLE,1. URBAN,1134,139084,1,1. YES,1. YES,1. YES,1. YES,1. YES,2. NO,1. YES,2. NO,1. YES,2. NO,3,4,,1. YES,0,0,0,0,0,0,0,0,1,1,1,1,1,1,1,1,0,0,0,0,5. FOOD IN THE MARKET WAS VERY EXPENSIVE,12. LACK OF MONEY,13. LACK OF ACCESS TO MONEY AT THE BANK DUE TO NAIRA REDESIGN,
6. South West,13. Ekiti,1311. IKOLE,1. URBAN,1134,139085,1,2. NO,2. NO,2. NO,2. NO,2. NO,2. NO,2. NO,2. NO,2. NO,2. NO,3,,,2. NO,,,,,,,,,,,,,,,,,,,,,,,,
6. South West,13. Ekiti,1311. IKOLE,1. URBAN,1134,139086,1,2. NO,1. YES,2. NO,2. NO,1. YES,1. YES,1. YES,1. YES,2. NO,1. YES,3,5,3,1. YES,0,0,0,0,0,1,1,0,1,0,0,1,0,0,0,1,0,0,0,0,10. INADEQUATE FOOD STOCK FROM FARM DUE TO CONFLICT/SECURITY,6. UNABLE TO REACH THE MARKET DUE TO HIGH TRANSPORTATION COSTS,12. LACK OF MONEY,
6. South West,13. Ekiti,1311. IKOLE,1. URBAN,1134,139087,1,1. YES,2. NO,2. NO,2. NO,1. YES,2. NO,2. NO,2. NO,2. NO,2. NO,3,,,2. NO,,,,,,,,,,,,,,,,,,,,,,,,
6. South West,13. Ekiti,1311. IKOLE,1. URBAN,1134,139089,1,2. NO,2. NO,2. NO,2. NO,2. NO,2. NO,2. NO,2. NO,1. YES,2. NO,3,,,2. NO,,,,,,,,,,,,,,,,,,,,,,,,
6. South West,13. Ekiti,1311. IKOLE,1. URBAN,1134,139090,1301,2. NO,1. YES,2. NO,1. YES,1. YES,1. YES,2. NO,1. YES,1. YES,1. YES,2,,,1. YES,0,0,0,0,1,0,1,0,0,0,1,0,1,1,0,1,0,0,0,0,5. FOOD IN THE MARKET WAS VERY EXPENSIVE,12. LACK OF MONEY,13. LACK OF ACCESS TO MONEY AT THE BANK DUE TO NAIRA REDESIGN,
6. South West,13. Ekiti,1311. IKOLE,1. URBAN,1134,139092,3,1. YES,1. YES,1. YES,1. YES,1. YES,1. YES,1. YES,1. YES,2. NO,1. YES,3,,,1. YES,0,0,0,0,0,0,0,0,0,0,0,1,1,1,1,1,0,0,0,0,12. LACK OF MONEY,5. FOOD IN THE MARKET WAS VERY EXPENSIVE,,
6. South West,24. Lagos,2410. IFAKO IJAIYE,1. URBAN,0,139094,2,1. YES,1. YES,1. YES,2. NO,1. YES,2. NO,2. NO,2. NO,2. NO,2. NO,3,,,1. YES,0,0,0,0,0,0,0,0,0,0,0,0,0,0,0,1,0,0,0,0,5. FOOD IN THE MARKET WAS VERY EXPENSIVE,,,
6. South West,13. Ekiti,1311. IKOLE,1. URBAN,1134,139095,2,1. YES,1. YES,1. YES,1. YES,1. YES,1. YES,1. YES,2. NO,1. YES,1. YES,3,4,,1. YES,1,0,0,0,0,0,0,0,0,0,0,0,0,0,0,0,0,0,0,0,5. FOOD IN THE MARKET WAS VERY EXPENSIVE,12. LACK OF MONEY,,
6. South West,13. Ekiti,1312. IIEJEMEJE,1. URBAN,24,139096,2,1. YES,1. YES,1. YES,1. YES,1. YES,1. YES,1. YES,1. YES,1. YES,2. NO,3,3,,1. YES,0,0,0,0,0,0,0,0,1,0,0,1,0,0,0,0,0,0,0,0,12. LACK OF MONEY,,,
6. South West,13. Ekiti,1312. IIEJEMEJE,1. URBAN,24,139098,1,2. NO,1. YES,1. YES,2. NO,2. NO,2. NO,2. NO,2. NO,2. NO,2. NO,3,3,,2. NO,,,,,,,,,,,,,,,,,,,,,,,,
6. South West,13. Ekiti,1312. IIEJEMEJE,1. URBAN,24,139099,1,1. YES,1. YES,1. YES,1. YES,1. YES,1. YES,1. YES,1. YES,1. YES,1. YES,3,3,,1. YES,0,0,0,0,0,1,0,1,0,1,0,0,0,1,0,0,0,0,0,0,5. FOOD IN THE MARKET WAS VERY EXPENSIVE,12. LACK OF MONEY,4. INADEQUATE HOUSEHOLD FOOD STOCKS DUE TO LACK OF FARM INPUTS,
6. South West,13. Ekiti,1312. IIEJEMEJE,1. URBAN,24,139102,2,1. YES,1. YES,1. YES,1. YES,1. YES,2. NO,1. YES,2. NO,1. YES,2. NO,3,,3,1. YES,0,0,0,0,0,0,0,0,1,1,0,0,0,0,0,0,0,0,0,0,12. LACK OF MONEY,,,
6. South West,13. Ekiti,1312. IIEJEMEJE,1. URBAN,24,139103,3,1. YES,1. YES,1. YES,1. YES,1. YES,1. YES,1. YES,1. YES,1. YES,1. YES,3,,,1. YES,0,0,0,0,0,0,0,0,0,0,0,0,1,1,1,1,0,0,0,0,1. INADEQUATE HOUSEHOLD FOOD STOCKS DUE TO DROUGHT/ POOR RAINS,,,
6. South West,13. Ekiti,1312. IIEJEMEJE,1. URBAN,24,139104,1,2. NO,1. YES,2. NO,2. NO,2. NO,2. NO,2. NO,2. NO,2. NO,2. NO,2,,5,2. NO,,,,,,,,,,,,,,,,,,,,,,,,
6. South West,13. Ekiti,1312. IIEJEMEJE,1. URBAN,24,139105,1,1. YES,1. YES,1. YES,1. YES,1. YES,1. YES,1. YES,1. YES,1. YES,1. YES,3,3,,2. NO,,,,,,,,,,,,,,,,,,,,,,,,
6. South West,13. Ekiti,1312. IIEJEMEJE,1. URBAN,24,139106,1,2. NO,2. NO,2. NO,2. NO,2. NO,2. NO,2. NO,2. NO,2. NO,2. NO,3,3,4,2. NO,,,,,,,,,,,,,,,,,,,,,,,,
6. South West,13. Ekiti,1312. IIEJEMEJE,1. URBAN,24,139107,1,1. YES,1. YES,1. YES,1. YES,1. YES,2. NO,1. YES,1. YES,1. YES,2. NO,3,,4,1. YES,0,0,0,1,0,0,1,0,1,0,0,0,0,0,0,0,0,0,0,0,2. INADEQUATE HOUSEHOLD FOOD STOCKS DUE TO CROP PEST DAMAGE,5. FOOD IN THE MARKET WAS VERY EXPENSIVE,12. LACK OF MONEY,
6. South West,13. Ekiti,1315. MOBA,1. URBAN,264,139108,1,1. YES,1. YES,1. YES,1. YES,1. YES,1. YES,1. YES,1. YES,1. YES,1. YES,2,,,1. YES,0,0,0,0,1,0,1,1,1,1,1,1,1,1,1,0,0,0,0,0,5. FOOD IN THE MARKET WAS VERY EXPENSIVE,12. LACK OF MONEY,13. LACK OF ACCESS TO MONEY AT THE BANK DUE TO NAIRA REDESIGN,
6. South West,13. Ekiti,1315. MOBA,1. URBAN,264,139109,1,2. NO,2. NO,1. YES,1. YES,2. NO,1. YES,1. YES,2. NO,1. YES,1. YES,3,3,,1. YES,0,0,0,0,1,0,0,1,0,1,0,0,1,0,0,0,0,0,0,0,5. FOOD IN THE MARKET WAS VERY EXPENSIVE,12. LACK OF MONEY,,
6. South West,13. Ekiti,1315. MOBA,1. URBAN,264,139111,106,2. NO,1. YES,2. NO,2. NO,2. NO,2. NO,2. NO,2. NO,2. NO,2. NO,3,3,,2. NO,,,,,,,,,,,,,,,,,,,,,,,,
6. South West,13. Ekiti,1315. MOBA,1. URBAN,264,139112,1,2. NO,1. YES,2. NO,2. NO,2. NO,2. NO,2. NO,2. NO,2. NO,2. NO,3,3,5,2. NO,,,,,,,,,,,,,,,,,,,,,,,,
6. South West,13. Ekiti,1315. MOBA,1. URBAN,264,139113,2,1. YES,1. YES,1. YES,1. YES,2. NO,2. NO,2. NO,2. NO,2. NO,2. NO,3,,,2. NO,,,,,,,,,,,,,,,,,,,,,,,,
6. South West,13. Ekiti,1315. MOBA,1. URBAN,264,139114,1,1. YES,1. YES,1. YES,1. YES,1. YES,1. YES,1. YES,2. NO,1. YES,2. NO,3,3,3,1. YES,0,0,0,0,0,0,0,0,1,1,0,0,0,0,0,0,0,0,0,0,12. LACK OF MONEY,,,
6. South West,13. Ekiti,1315. MOBA,1. URBAN,264,139115,2,1. YES,1. YES,1. YES,1. YES,1. YES,1. YES,1. YES,1. YES,1. YES,1. YES,3,3,4,2. NO,,,,,,,,,,,,,,,,,,,,,,,,
6. South West,13. Ekiti,1315. MOBA,1. URBAN,264,139116,2,1. YES,1. YES,1. YES,1. YES,1. YES,1. YES,1. YES,1. YES,1. YES,2. NO,3,4,,1. YES,0,0,0,0,0,0,0,0,0,0,0,0,1,1,1,1,0,0,0,0,12. LACK OF MONEY,5. FOOD IN THE MARKET WAS VERY EXPENSIVE,,
6. South West,13. Ekiti,1316. OYE,1. URBAN,1236,139119,1,1. YES,1. YES,1. YES,2. NO,1. YES,1. YES,1. YES,2. NO,1. YES,1. YES,3,3,3,1. YES,0,0,0,0,1,0,1,0,0,0,1,0,1,0,1,0,0,0,0,0,10. INADEQUATE FOOD STOCK FROM FARM DUE TO CONFLICT/SECURITY,5. FOOD IN THE MARKET WAS VERY EXPENSIVE,3. INADEQUATE HOUSEHOLD FOOD STOCKS DUE TO SMALL LAND SIZE,
6. South West,13. Ekiti,1316. OYE,1. URBAN,1236,139120,2,1. YES,1. YES,1. YES,2. NO,2. NO,2. NO,2. NO,2. NO,1. YES,2. NO,3,3,4,2. NO,,,,,,,,,,,,,,,,,,,,,,,,
6. South West,13. Ekiti,1316. OYE,1. URBAN,1236,139121,2,2. NO,1. YES,2. NO,2. NO,1. YES,2. NO,2. NO,2. NO,2. NO,2. NO,3,3,,2. NO,,,,,,,,,,,,,,,,,,,,,,,,
6. South West,13. Ekiti,1316. OYE,1. URBAN,1236,139123,2,1. YES,1. YES,1. YES,1. YES,1. YES,1. YES,1. YES,1. YES,1. YES,2. NO,3,2,3,1. YES,0,0,0,1,1,0,1,1,0,1,0,0,0,0,0,0,0,0,0,0,3. INADEQUATE HOUSEHOLD FOOD STOCKS DUE TO SMALL LAND SIZE,5. FOOD IN THE MARKET WAS VERY EXPENSIVE,12. LACK OF MONEY,
6. South West,13. Ekiti,1316. OYE,1. URBAN,1236,139124,6,1. YES,1. YES,1. YES,1. YES,1. YES,1. YES,1. YES,1. YES,1. YES,1. YES,3,4,5,2. NO,,,,,,,,,,,,,,,,,,,,,,,,
6. South West,13. Ekiti,1316. OYE,1. URBAN,1236,139125,1,2. NO,1. YES,2. NO,2. NO,2. NO,2. NO,2. NO,2. NO,2. NO,2. NO,3,3,5,2. NO,,,,,,,,,,,,,,,,,,,,,,,,
6. South West,13. Ekiti,1316. OYE,1. URBAN,1236,139130,301,1. YES,1. YES,1. YES,1. YES,1. YES,2. NO,2. NO,2. NO,2. NO,2. NO,3,,,2. NO,,,,,,,,,,,,,,,,,,,,,,,,
6. South West,13. Ekiti,1303. EKITI EAST,1. URBAN,80,139134,1,1. YES,1. YES,1. YES,1. YES,1. YES,1. YES,1. YES,2. NO,1. YES,2. NO,3,3,,1. YES,0,0,0,0,0,0,0,0,0,0,0,1,0,0,0,0,0,0,0,0,12. LACK OF MONEY,,,
6. South West,13. Ekiti,1312. IIEJEMEJE,1. URBAN,24,139144,1,1. YES,1. YES,1. YES,1. YES,1. YES,1. YES,1. YES,1. YES,1. YES,1. YES,2,3,,1. YES,0,0,0,0,1,1,0,1,0,1,1,0,1,0,0,0,0,0,0,0,5. FOOD IN THE MARKET WAS VERY EXPENSIVE,12. LACK OF MONEY,6. UNABLE TO REACH THE MARKET DUE TO HIGH TRANSPORTATION COSTS,
6. South West,13. Ekiti,1310. IKARE,1. URBAN,762,139145,1,1. YES,1. YES,1. YES,1. YES,1. YES,2. NO,1. YES,1. YES,1. YES,1. YES,3,3,,1. YES,0,0,0,0,0,0,0,0,0,0,0,1,1,1,1,1,0,0,0,0,12. LACK OF MONEY,,,
6. South West,13. Ekiti,1310. IKARE,1. URBAN,762,139146,2,1. YES,1. YES,1. YES,1. YES,1. YES,1. YES,1. YES,1. YES,2. NO,2. NO,2,,,1. YES,1,0,0,0,0,0,0,0,0,0,0,0,0,0,0,0,0,0,0,0,5. FOOD IN THE MARKET WAS VERY EXPENSIVE,12. LACK OF MONEY,,
6. South West,13. Ekiti,1310. IKARE,1. URBAN,762,139148,1,2. NO,2. NO,2. NO,2. NO,2. NO,2. NO,2. NO,2. NO,2. NO,2. NO,3,3,,2. NO,,,,,,,,,,,,,,,,,,,,,,,,
6. South West,13. Ekiti,1310. IKARE,1. URBAN,762,139149,1,1. YES,1. YES,1. YES,1. YES,1. YES,1. YES,1. YES,1. YES,1. YES,1. YES,3,5,,2. NO,,,,,,,,,,,,,,,,,,,,,,,,
6. South West,13. Ekiti,1310. IKARE,1. URBAN,762,139150,1,1. YES,1. YES,1. YES,2. NO,1. YES,2. NO,2. NO,2. NO,2. NO,2. NO,3,,,2. NO,,,,,,,,,,,,,,,,,,,,,,,,
6. South West,13. Ekiti,1310. IKARE,1. URBAN,762,139151,2,1. YES,1. YES,1. YES,1. YES,1. YES,2. NO,2. NO,2. NO,1. YES,2. NO,2,,4,1. YES,0,0,0,0,0,0,0,0,0,0,0,0,0,1,0,0,0,0,0,0,12. LACK OF MONEY,,,
6. South West,13. Ekiti,1310. IKARE,1. URBAN,762,139152,2,1. YES,1. YES,1. YES,2. NO,1. YES,2. NO,2. NO,2. NO,2. NO,2. NO,3,,4,2. NO,,,,,,,,,,,,,,,,,,,,,,,,
6. South West,13. Ekiti,1310. IKARE,1. URBAN,762,139153,2,2. NO,2. NO,1. YES,1. YES,1. YES,1. YES,1. YES,2. NO,1. YES,1. YES,2,,,1. YES,0,0,0,0,0,0,0,0,1,1,1,0,0,0,0,0,0,0,0,0,2. INADEQUATE HOUSEHOLD FOOD STOCKS DUE TO CROP PEST DAMAGE,1. INADEQUATE HOUSEHOLD FOOD STOCKS DUE TO DROUGHT/ POOR RAINS,5. FOOD IN THE MARKET WAS VERY EXPENSIVE,
6. South West,13. Ekiti,1310. IKARE,1. URBAN,762,139155,2,1. YES,2. NO,2. NO,2. NO,1. YES,1. YES,2. NO,2. NO,2. NO,1. YES,3,,,1. YES,0,0,0,0,0,0,0,0,0,0,1,1,1,1,1,1,0,0,0,0,12. LACK OF MONEY,5. FOOD IN THE MARKET WAS VERY EXPENSIVE,,
6. South West,13. Ekiti,1310. IKARE,1. URBAN,762,139156,5101,1. YES,1. YES,1. YES,1. YES,1. YES,2. NO,1. YES,1. YES,2. NO,2. NO,3,,,1. YES,0,0,0,0,0,1,0,0,1,0,0,1,0,0,0,0,0,0,0,0,5. FOOD IN THE MARKET WAS VERY EXPENSIVE,12. LACK OF MONEY,,
4. South East,14. Enugu,1401. ANINRI,2. RURAL,1116,140001,4,1. YES,1. YES,1. YES,1. YES,1. YES,1. YES,1. YES,1. YES,2. NO,1. YES,2,,,1. YES,1,0,0,0,0,0,0,0,0,0,0,0,0,0,0,0,0,0,0,0,5. FOOD IN THE MARKET WAS VERY EXPENSIVE,12. LACK OF MONEY,13. LACK OF ACCESS TO MONEY AT THE BANK DUE TO NAIRA REDESIGN,
4. South East,14. Enugu,1401. ANINRI,2. RURAL,1116,140003,2,1. YES,1. YES,1. YES,1. YES,1. YES,1. YES,1. YES,2. NO,1. YES,1. YES,3,4,,1. YES,1,0,0,0,0,0,0,0,0,0,0,0,0,0,0,0,0,0,0,0,12. LACK OF MONEY,,,
4. South East,14. Enugu,1401. ANINRI,2. RURAL,1116,140004,1,1. YES,1. YES,1. YES,1. YES,1. YES,2. NO,1. YES,2. NO,2. NO,2. NO,3,,,1. YES,1,0,0,0,0,0,0,0,0,0,0,0,0,0,0,0,0,0,0,0,5. FOOD IN THE MARKET WAS VERY EXPENSIVE,12. LACK OF MONEY,,
4. South East,14. Enugu,1401. ANINRI,2. RURAL,1116,140006,2,1. YES,1. YES,1. YES,1. YES,1. YES,1. YES,1. YES,1. YES,2. NO,1. YES,3,,,1. YES,1,0,0,0,0,0,0,0,0,0,0,0,0,0,0,0,0,0,0,0,5. FOOD IN THE MARKET WAS VERY EXPENSIVE,12. LACK OF MONEY,,
4. South East,14. Enugu,1401. ANINRI,2. RURAL,1116,140007,6,1. YES,1. YES,1. YES,1. YES,1. YES,1. YES,1. YES,2. NO,1. YES,2. NO,3,3,3,1. YES,1,0,0,0,0,0,0,0,0,0,0,0,0,0,0,0,0,0,0,0,12. LACK OF MONEY,5. FOOD IN THE MARKET WAS VERY EXPENSIVE,,
4. South East,14. Enugu,1401. ANINRI,2. RURAL,1116,140009,1301,1. YES,1. YES,1. YES,1. YES,1. YES,1. YES,1. YES,2. NO,1. YES,1. YES,3,,,1. YES,1,0,0,0,0,0,0,0,0,0,0,0,0,0,0,0,0,0,0,0,5. FOOD IN THE MARKET WAS VERY EXPENSIVE,12. LACK OF MONEY,4. INADEQUATE HOUSEHOLD FOOD STOCKS DUE TO LACK OF FARM INPUTS,
4. South East,14. Enugu,1401. ANINRI,2. RURAL,1116,140010,3,1. YES,1. YES,1. YES,1. YES,1. YES,1. YES,1. YES,2. NO,1. YES,1. YES,2,,,1. YES,1,0,0,0,0,0,0,0,0,0,0,0,0,0,0,0,0,0,0,0,5. FOOD IN THE MARKET WAS VERY EXPENSIVE,10. INADEQUATE FOOD STOCK FROM FARM DUE TO CONFLICT/SECURITY,12. LACK OF MONEY,
4. South East,14. Enugu,1408. IGBO EZE NORTH,2. RURAL,1996,140021,901,1. YES,1. YES,1. YES,1. YES,1. YES,1. YES,1. YES,2. NO,1. YES,1. YES,2,3,,1. YES,1,0,0,0,0,0,0,0,0,0,0,0,0,0,0,0,0,0,0,0,5. FOOD IN THE MARKET WAS VERY EXPENSIVE,12. LACK OF MONEY,4. INADEQUATE HOUSEHOLD FOOD STOCKS DUE TO LACK OF FARM INPUTS,
4. South East,14. Enugu,1408. IGBO EZE NORTH,2. RURAL,1996,140022,3,1. YES,1. YES,1. YES,1. YES,1. YES,1. YES,1. YES,2. NO,1. YES,1. YES,3,4,,1. YES,1,0,0,0,0,0,0,0,0,0,0,0,0,0,0,0,0,0,0,0,5. FOOD IN THE MARKET WAS VERY EXPENSIVE,6. UNABLE TO REACH THE MARKET DUE TO HIGH TRANSPORTATION COSTS,,
4. South East,14. Enugu,1408. IGBO EZE NORTH,2. RURAL,1996,140023,1,1. YES,1. YES,1. YES,1. YES,1. YES,1. YES,2. NO,2. NO,1. YES,2. NO,3,4,4,1. YES,1,0,0,0,0,0,0,0,0,0,0,0,0,0,0,0,0,0,0,0,12. LACK OF MONEY,13. LACK OF ACCESS TO MONEY AT THE BANK DUE TO NAIRA REDESIGN,,
4. South East,14. Enugu,1408. IGBO EZE NORTH,2. RURAL,1996,140024,2,1. YES,1. YES,1. YES,1. YES,1. YES,1. YES,1. YES,1. YES,2. NO,1. YES,3,,,1. YES,1,0,0,0,0,0,0,0,0,0,0,0,0,0,0,0,0,0,0,0,12. LACK OF MONEY,,,
4. South East,14. Enugu,1408. IGBO EZE NORTH,2. RURAL,1996,140025,3,1. YES,1. YES,1. YES,1. YES,1. YES,1. YES,1. YES,2. NO,1. YES,2. NO,3,3,2,1. YES,1,0,0,0,0,0,0,0,0,0,0,0,0,0,0,0,0,0,0,0,12. LACK OF MONEY,,,
4. South East,14. Enugu,1408. IGBO EZE NORTH,2. RURAL,1996,140026,2,1. YES,1. YES,1. YES,1. YES,1. YES,1. YES,1. YES,2. NO,1. YES,1. YES,2,3,,1. YES,1,0,0,0,0,0,0,0,0,0,0,0,0,0,0,0,0,0,0,0,12. LACK OF MONEY,5. FOOD IN THE MARKET WAS VERY EXPENSIVE,,
4. South East,14. Enugu,1408. IGBO EZE NORTH,2. RURAL,1996,140027,2,1. YES,1. YES,1. YES,1. YES,1. YES,1. YES,1. YES,2. NO,1. YES,2. NO,2,,,1. YES,1,0,0,0,0,0,0,0,0,0,0,0,0,0,0,0,0,0,0,0,5. FOOD IN THE MARKET WAS VERY EXPENSIVE,2. INADEQUATE HOUSEHOLD FOOD STOCKS DUE TO CROP PEST DAMAGE,12. LACK OF MONEY,
4. South East,14. Enugu,1408. IGBO EZE NORTH,2. RURAL,1996,140030,1,1. YES,1. YES,1. YES,1. YES,1. YES,1. YES,1. YES,2. NO,1. YES,2. NO,2,3,,1. YES,1,0,0,0,0,0,0,0,0,0,0,0,0,0,0,0,0,0,0,0,5. FOOD IN THE MARKET WAS VERY EXPENSIVE,12. LACK OF MONEY,,
4. South East,14. Enugu,1406. EZE AGU,2. RURAL,694,140062,1,2. NO,2. NO,2. NO,2. NO,2. NO,2. NO,2. NO,2. NO,2. NO,2. NO,3,3,,2. NO,,,,,,,,,,,,,,,,,,,,,,,,
4. South East,4. Anambra,406. AWKA SOUTH,2. RURAL,0,140063,2,1. YES,2. NO,1. YES,1. YES,1. YES,2. NO,2. NO,2. NO,2. NO,2. NO,2,,,2. NO,,,,,,,,,,,,,,,,,,,,,,,,
4. South East,14. Enugu,1406. EZE AGU,2. RURAL,694,140065,2,1. YES,1. YES,1. YES,1. YES,1. YES,1. YES,1. YES,2. NO,2. NO,2. NO,3,,,1. YES,1,0,0,0,0,0,0,0,0,0,0,0,0,0,0,0,0,0,0,0,5. FOOD IN THE MARKET WAS VERY EXPENSIVE,13. LACK OF ACCESS TO MONEY AT THE BANK DUE TO NAIRA REDESIGN,,
4. South East,14. Enugu,1406. EZE AGU,2. RURAL,694,140066,1,1. YES,1. YES,1. YES,1. YES,1. YES,1. YES,1. YES,2. NO,2. NO,2. NO,2,,,2. NO,,,,,,,,,,,,,,,,,,,,,,,,
4. South East,14. Enugu,1406. EZE AGU,2. RURAL,694,140067,2,1. YES,1. YES,1. YES,1. YES,1. YES,1. YES,1. YES,1. YES,2. NO,2. NO,2,,,1. YES,0,0,0,0,0,0,0,0,0,0,1,1,1,0,0,0,0,0,0,0,5. FOOD IN THE MARKET WAS VERY EXPENSIVE,7. NO FOOD IN THE MARKET,12. LACK OF MONEY,
4. South East,14. Enugu,1406. EZE AGU,2. RURAL,694,140068,2,2. NO,2. NO,1. YES,2. NO,2. NO,2. NO,2. NO,2. NO,2. NO,2. NO,3,,,2. NO,,,,,,,,,,,,,,,,,,,,,,,,
4. South East,14. Enugu,1406. EZE AGU,2. RURAL,694,140069,1,1. YES,1. YES,1. YES,1. YES,1. YES,1. YES,1. YES,2. NO,1. YES,2. NO,2,3,2,1. YES,1,0,0,0,0,0,0,0,0,0,0,0,0,0,0,0,0,0,0,0,12. LACK OF MONEY,5. FOOD IN THE MARKET WAS VERY EXPENSIVE,,
4. South East,14. Enugu,1406. EZE AGU,2. RURAL,694,140070,2,1. YES,1. YES,1. YES,1. YES,1. YES,1. YES,1. YES,2. NO,2. NO,2. NO,3,,,2. NO,,,,,,,,,,,,,,,,,,,,,,,,
4. South East,14. Enugu,1413. NSUKKA,2. RURAL,670,140072,1,1. YES,1. YES,1. YES,1. YES,1. YES,1. YES,1. YES,2. NO,1. YES,1. YES,3,4,,1. YES,1,0,0,0,0,0,0,0,0,0,0,0,0,0,0,0,0,0,0,0,5. FOOD IN THE MARKET WAS VERY EXPENSIVE,12. LACK OF MONEY,,
4. South East,14. Enugu,1413. NSUKKA,2. RURAL,0,140073,2,1. YES,1. YES,1. YES,1. YES,1. YES,1. YES,1. YES,2. NO,1. YES,2. NO,2,3,,1. YES,1,0,0,0,0,0,0,0,0,0,0,0,0,0,0,0,0,0,0,0,5. FOOD IN THE MARKET WAS VERY EXPENSIVE,12. LACK OF MONEY,13. LACK OF ACCESS TO MONEY AT THE BANK DUE TO NAIRA REDESIGN,
4. South East,14. Enugu,1413. NSUKKA,2. RURAL,670,140074,1,1. YES,1. YES,1. YES,1. YES,1. YES,2. NO,2. NO,2. NO,2. NO,2. NO,3,,,1. YES,1,0,0,0,0,0,0,0,0,0,0,0,0,0,0,0,0,0,0,0,5. FOOD IN THE MARKET WAS VERY EXPENSIVE,12. LACK OF MONEY,10. INADEQUATE FOOD STOCK FROM FARM DUE TO CONFLICT/SECURITY,
4. South East,14. Enugu,1413. NSUKKA,2. RURAL,670,140075,2,2. NO,2. NO,2. NO,2. NO,2. NO,2. NO,2. NO,2. NO,2. NO,2. NO,3,,,2. NO,,,,,,,,,,,,,,,,,,,,,,,,
4. South East,14. Enugu,1413. NSUKKA,2. RURAL,0,140076,2,1. YES,1. YES,1. YES,1. YES,1. YES,1. YES,2. NO,2. NO,2. NO,2. NO,2,3,,1. YES,1,0,0,0,0,0,0,0,0,0,0,0,0,0,0,0,0,0,0,0,4. INADEQUATE HOUSEHOLD FOOD STOCKS DUE TO LACK OF FARM INPUTS,12. LACK OF MONEY,5. FOOD IN THE MARKET WAS VERY EXPENSIVE,
4. South East,14. Enugu,1413. NSUKKA,2. RURAL,670,140078,1,1. YES,1. YES,1. YES,1. YES,1. YES,1. YES,1. YES,2. NO,1. YES,2. NO,2,3,3,1. YES,1,0,0,0,0,0,0,0,0,0,0,0,0,0,0,0,0,0,0,0,5. FOOD IN THE MARKET WAS VERY EXPENSIVE,12. LACK OF MONEY,,
4. South East,14. Enugu,1413. NSUKKA,2. RURAL,670,140079,2,1. YES,1. YES,1. YES,1. YES,1. YES,1. YES,1. YES,2. NO,1. YES,2. NO,2,3,,1. YES,1,0,0,0,0,0,0,0,0,0,0,0,0,0,0,0,0,0,0,0,12. LACK OF MONEY,5. FOOD IN THE MARKET WAS VERY EXPENSIVE,,
4. South East,14. Enugu,1413. NSUKKA,2. RURAL,670,140080,2,1. YES,1. YES,1. YES,1. YES,1. YES,1. YES,1. YES,2. NO,1. YES,2. NO,3,,,1. YES,1,0,0,0,0,0,0,0,0,0,0,0,0,0,0,0,0,0,0,0,5. FOOD IN THE MARKET WAS VERY EXPENSIVE,12. LACK OF MONEY,,
4. South East,14. Enugu,1410. ISI UZO,2. RURAL,236,140082,1,1. YES,1. YES,1. YES,1. YES,1. YES,1. YES,1. YES,1. YES,1. YES,1. YES,2,,,1. YES,1,0,0,0,0,0,0,0,0,0,0,0,0,0,0,0,0,0,0,0,1. INADEQUATE HOUSEHOLD FOOD STOCKS DUE TO DROUGHT/ POOR RAINS,3. INADEQUATE HOUSEHOLD FOOD STOCKS DUE TO SMALL LAND SIZE,5. FOOD IN THE MARKET WAS VERY EXPENSIVE,
4. South East,14. Enugu,1410. ISI UZO,2. RURAL,236,140083,1,1. YES,1. YES,1. YES,1. YES,1. YES,1. YES,2. NO,2. NO,2. NO,2. NO,2,,,2. NO,,,,,,,,,,,,,,,,,,,,,,,,
4. South East,14. Enugu,1410. ISI UZO,2. RURAL,236,140084,3,1. YES,1. YES,1. YES,1. YES,1. YES,1. YES,1. YES,2. NO,1. YES,1. YES,2,2,,1. YES,0,0,0,1,1,1,1,0,1,1,1,1,1,1,1,1,0,0,0,0,12. LACK OF MONEY,5. FOOD IN THE MARKET WAS VERY EXPENSIVE,4. INADEQUATE HOUSEHOLD FOOD STOCKS DUE TO LACK OF FARM INPUTS,
4. South East,14. Enugu,1410. ISI UZO,2. RURAL,236,140085,1,1. YES,1. YES,1. YES,1. YES,1. YES,1. YES,2. NO,2. NO,2. NO,1. YES,2,,,1. YES,0,0,0,1,0,0,1,0,1,1,1,1,1,1,1,1,0,0,0,0,12. LACK OF MONEY,5. FOOD IN THE MARKET WAS VERY EXPENSIVE,2. INADEQUATE HOUSEHOLD FOOD STOCKS DUE TO CROP PEST DAMAGE,
4. South East,14. Enugu,1410. ISI UZO,2. RURAL,236,140086,2,1. YES,2. NO,1. YES,1. YES,1. YES,1. YES,2. NO,2. NO,2. NO,2. NO,3,,,2. NO,,,,,,,,,,,,,,,,,,,,,,,,
4. South East,14. Enugu,1410. ISI UZO,2. RURAL,236,140087,2,1. YES,1. YES,1. YES,1. YES,1. YES,1. YES,1. YES,2. NO,2. NO,2. NO,3,3,,2. NO,,,,,,,,,,,,,,,,,,,,,,,,
4. South East,14. Enugu,1410. ISI UZO,2. RURAL,236,140089,1,1. YES,1. YES,1. YES,1. YES,1. YES,1. YES,1. YES,2. NO,1. YES,1. YES,2,,,1. YES,1,0,0,0,0,0,0,0,0,0,0,0,0,0,0,0,0,0,0,0,12. LACK OF MONEY,5. FOOD IN THE MARKET WAS VERY EXPENSIVE,,
4. South East,14. Enugu,1410. ISI UZO,2. RURAL,236,140090,1,1. YES,1. YES,1. YES,1. YES,1. YES,1. YES,1. YES,2. NO,1. YES,1. YES,2,2,,1. YES,1,0,0,0,0,0,0,0,0,0,0,0,0,0,0,0,0,0,0,0,12. LACK OF MONEY,5. FOOD IN THE MARKET WAS VERY EXPENSIVE,3. INADEQUATE HOUSEHOLD FOOD STOCKS DUE TO SMALL LAND SIZE,
4. South East,14. Enugu,1416. UDI,2. RURAL,2314,140121,3,1. YES,1. YES,1. YES,1. YES,1. YES,1. YES,1. YES,2. NO,2. NO,2. NO,3,,,1. YES,1,0,0,0,0,0,0,0,0,0,0,0,0,0,0,0,0,0,0,0,5. FOOD IN THE MARKET WAS VERY EXPENSIVE,6. UNABLE TO REACH THE MARKET DUE TO HIGH TRANSPORTATION COSTS,,
4. South East,14. Enugu,1416. UDI,2. RURAL,2314,140122,2,1. YES,1. YES,1. YES,1. YES,1. YES,1. YES,2. NO,2. NO,2. NO,2. NO,2,,,1. YES,0,0,0,0,0,0,0,0,0,0,0,0,0,1,1,0,0,0,0,0,5. FOOD IN THE MARKET WAS VERY EXPENSIVE,6. UNABLE TO REACH THE MARKET DUE TO HIGH TRANSPORTATION COSTS,,
4. South East,14. Enugu,1416. UDI,2. RURAL,2314,140123,1,1. YES,1. YES,1. YES,1. YES,1. YES,1. YES,1. YES,2. NO,2. NO,2. NO,2,,,1. YES,1,0,0,0,0,0,0,0,0,0,0,0,0,0,0,0,0,0,0,0,5. FOOD IN THE MARKET WAS VERY EXPENSIVE,12. LACK OF MONEY,,
4. South East,14. Enugu,1416. UDI,2. RURAL,2314,140124,2,1. YES,1. YES,1. YES,1. YES,1. YES,1. YES,1. YES,1. YES,1. YES,1. YES,3,3,,1. YES,0,0,0,0,0,0,0,0,0,0,0,0,1,1,1,1,0,0,0,0,5. FOOD IN THE MARKET WAS VERY EXPENSIVE,6. UNABLE TO REACH THE MARKET DUE TO HIGH TRANSPORTATION COSTS,,
4. South East,14. Enugu,1416. UDI,2. RURAL,2314,140125,2,1. YES,1. YES,1. YES,2. NO,1. YES,1. YES,1. YES,2. NO,2. NO,2. NO,3,,,1. YES,1,0,0,0,0,0,0,0,0,0,0,0,0,0,0,0,0,0,0,0,6. UNABLE TO REACH THE MARKET DUE TO HIGH TRANSPORTATION COSTS,12. LACK OF MONEY,,
4. South East,14. Enugu,1416. UDI,2. RURAL,2314,140126,1,1. YES,1. YES,1. YES,1. YES,1. YES,1. YES,1. YES,2. NO,2. NO,2. NO,2,,,1. YES,0,0,0,0,0,0,0,0,0,0,1,1,1,1,0,0,0,0,0,0,5. FOOD IN THE MARKET WAS VERY EXPENSIVE,12. LACK OF MONEY,,
4. South East,14. Enugu,1416. UDI,2. RURAL,2314,140127,1,1. YES,1. YES,1. YES,1. YES,1. YES,1. YES,1. YES,1. YES,1. YES,1. YES,3,,,1. YES,0,0,0,0,0,0,0,0,0,0,1,1,1,1,1,1,0,0,0,0,5. FOOD IN THE MARKET WAS VERY EXPENSIVE,6. UNABLE TO REACH THE MARKET DUE TO HIGH TRANSPORTATION COSTS,,
6. South West,24. Lagos,2417. OJO,2. RURAL,0,140128,2,2. NO,2. NO,2. NO,2. NO,2. NO,2. NO,2. NO,2. NO,2. NO,2. NO,2,,,2. NO,,,,,,,,,,,,,,,,,,,,,,,,
4. South East,14. Enugu,1416. UDI,2. RURAL,2314,140129,5,1. YES,1. YES,1. YES,1. YES,1. YES,1. YES,1. YES,2. NO,2. NO,2. NO,2,3,3,2. NO,,,,,,,,,,,,,,,,,,,,,,,,
4. South East,14. Enugu,1416. UDI,2. RURAL,2314,140130,2,1. YES,1. YES,1. YES,1. YES,1. YES,1. YES,1. YES,2. NO,1. YES,2. NO,3,3,,1. YES,0,0,0,0,0,0,0,0,1,1,1,1,1,1,1,1,0,0,0,0,5. FOOD IN THE MARKET WAS VERY EXPENSIVE,,,
4. South East,14. Enugu,1401. ANINRI,2. RURAL,386,149001,2,1. YES,1. YES,1. YES,1. YES,1. YES,1. YES,1. YES,2. NO,1. YES,1. YES,3,2,,1. YES,1,0,0,0,0,0,0,0,0,0,0,0,0,0,0,0,0,0,0,0,12. LACK OF MONEY,5. FOOD IN THE MARKET WAS VERY EXPENSIVE,,
4. South East,14. Enugu,1401. ANINRI,2. RURAL,386,149002,1,1. YES,1. YES,1. YES,1. YES,1. YES,1. YES,1. YES,2. NO,1. YES,2. NO,2,,,1. YES,1,0,0,0,0,0,0,0,0,0,0,0,0,0,0,0,0,0,0,0,5. FOOD IN THE MARKET WAS VERY EXPENSIVE,12. LACK OF MONEY,7. NO FOOD IN THE MARKET,
4. South East,14. Enugu,1401. ANINRI,2. RURAL,0,149003,5101,1. YES,1. YES,1. YES,1. YES,1. YES,1. YES,1. YES,2. NO,2. NO,2. NO,3,,,1. YES,1,0,0,0,0,0,0,0,0,0,0,0,0,0,0,0,0,0,0,0,12. LACK OF MONEY,13. LACK OF ACCESS TO MONEY AT THE BANK DUE TO NAIRA REDESIGN,,
4. South East,14. Enugu,1401. ANINRI,2. RURAL,386,149004,1,2. NO,2. NO,1. YES,2. NO,1. YES,2. NO,2. NO,2. NO,2. NO,2. NO,3,,,2. NO,,,,,,,,,,,,,,,,,,,,,,,,
4. South East,14. Enugu,1401. ANINRI,2. RURAL,386,149005,1,1. YES,1. YES,1. YES,2. NO,2. NO,2. NO,2. NO,2. NO,2. NO,2. NO,3,,,2. NO,,,,,,,,,,,,,,,,,,,,,,,,
4. South East,14. Enugu,1401. ANINRI,2. RURAL,386,149006,1,2. NO,1. YES,1. YES,1. YES,1. YES,1. YES,1. YES,2. NO,2. NO,2. NO,2,,,1. YES,1,0,0,0,0,0,0,0,0,0,0,0,0,0,0,0,0,0,0,0,12. LACK OF MONEY,5. FOOD IN THE MARKET WAS VERY EXPENSIVE,,
4. South East,14. Enugu,1401. ANINRI,2. RURAL,386,149007,1,1. YES,1. YES,1. YES,1. YES,1. YES,1. YES,1. YES,1. YES,1. YES,1. YES,2,,,1. YES,1,0,0,0,0,0,0,0,0,0,0,0,0,0,0,0,0,0,0,0,5. FOOD IN THE MARKET WAS VERY EXPENSIVE,12. LACK OF MONEY,10. INADEQUATE FOOD STOCK FROM FARM DUE TO CONFLICT/SECURITY,
4. South East,14. Enugu,1401. ANINRI,2. RURAL,386,149008,2,1. YES,1. YES,1. YES,1. YES,1. YES,1. YES,2. NO,2. NO,1. YES,2. NO,3,3,,1. YES,1,0,0,0,0,0,0,0,0,0,0,0,0,0,0,0,0,0,0,0,5. FOOD IN THE MARKET WAS VERY EXPENSIVE,4. INADEQUATE HOUSEHOLD FOOD STOCKS DUE TO LACK OF FARM INPUTS,,
4. South East,14. Enugu,1401. ANINRI,2. RURAL,386,149011,2,1. YES,1. YES,1. YES,1. YES,1. YES,1. YES,1. YES,1. YES,1. YES,1. YES,2,,,1. YES,1,0,0,0,0,0,0,0,0,0,0,0,0,0,0,0,0,0,0,0,5. FOOD IN THE MARKET WAS VERY EXPENSIVE,12. LACK OF MONEY,7. NO FOOD IN THE MARKET,
4. South East,14. Enugu,1401. ANINRI,2. RURAL,746,149013,1,1. YES,1. YES,1. YES,1. YES,1. YES,1. YES,1. YES,2. NO,1. YES,1. YES,2,2,,1. YES,1,0,0,0,0,0,0,0,0,0,0,0,0,0,0,0,0,0,0,0,12. LACK OF MONEY,5. FOOD IN THE MARKET WAS VERY EXPENSIVE,4. INADEQUATE HOUSEHOLD FOOD STOCKS DUE TO LACK OF FARM INPUTS,
4. South East,14. Enugu,1401. ANINRI,2. RURAL,746,149015,1,1. YES,1. YES,1. YES,1. YES,1. YES,1. YES,1. YES,2. NO,1. YES,1. YES,2,2,3,1. YES,1,0,0,0,0,0,0,0,0,0,0,0,0,0,0,0,0,0,0,0,12. LACK OF MONEY,5. FOOD IN THE MARKET WAS VERY EXPENSIVE,4. INADEQUATE HOUSEHOLD FOOD STOCKS DUE TO LACK OF FARM INPUTS,
4. South East,14. Enugu,1401. ANINRI,2. RURAL,746,149016,1,1. YES,1. YES,1. YES,1. YES,1. YES,1. YES,1. YES,1. YES,1. YES,1. YES,3,4,5,2. NO,,,,,,,,,,,,,,,,,,,,,,,,
4. South East,14. Enugu,1401. ANINRI,2. RURAL,746,149017,2,1. YES,1. YES,1. YES,1. YES,1. YES,1. YES,1. YES,2. NO,1. YES,1. YES,2,2,3,1. YES,0,0,0,0,1,0,1,1,0,1,0,0,1,1,1,0,0,0,0,0,12. LACK OF MONEY,5. FOOD IN THE MARKET WAS VERY EXPENSIVE,,
4. South East,14. Enugu,1401. ANINRI,2. RURAL,746,149018,1,1. YES,1. YES,1. YES,1. YES,1. YES,1. YES,1. YES,2. NO,2. NO,1. YES,2,,,1. YES,0,0,0,0,0,1,1,0,0,0,1,1,1,0,0,0,0,0,0,0,12. LACK OF MONEY,5. FOOD IN THE MARKET WAS VERY EXPENSIVE,1. INADEQUATE HOUSEHOLD FOOD STOCKS DUE TO DROUGHT/ POOR RAINS,
4. South East,14. Enugu,1401. ANINRI,2. RURAL,746,149019,1,1. YES,1. YES,1. YES,1. YES,1. YES,1. YES,1. YES,2. NO,1. YES,1. YES,3,3,,1. YES,0,0,0,0,0,1,0,0,0,0,1,1,0,0,0,0,0,0,0,0,1. INADEQUATE HOUSEHOLD FOOD STOCKS DUE TO DROUGHT/ POOR RAINS,5. FOOD IN THE MARKET WAS VERY EXPENSIVE,12. LACK OF MONEY,
4. South East,14. Enugu,1401. ANINRI,2. RURAL,746,149020,1,1. YES,1. YES,1. YES,1. YES,1. YES,1. YES,1. YES,1. YES,1. YES,1. YES,3,,,1. YES,0,0,0,0,0,0,1,0,0,0,0,0,0,0,0,0,0,0,0,0,1. INADEQUATE HOUSEHOLD FOOD STOCKS DUE TO DROUGHT/ POOR RAINS,5. FOOD IN THE MARKET WAS VERY EXPENSIVE,,
4. South East,14. Enugu,1401. ANINRI,2. RURAL,746,149021,4,1. YES,1. YES,1. YES,1. YES,1. YES,1. YES,1. YES,1. YES,1. YES,1. YES,2,4,,1. YES,0,0,0,0,0,0,0,0,0,0,1,1,1,1,0,0,0,0,0,0,12. LACK OF MONEY,5. FOOD IN THE MARKET WAS VERY EXPENSIVE,,
4. South East,14. Enugu,1401. ANINRI,2. RURAL,746,149022,2,1. YES,1. YES,1. YES,1. YES,1. YES,1. YES,1. YES,2. NO,1. YES,1. YES,2,2,,1. YES,0,0,0,1,0,0,1,0,1,1,1,1,1,1,1,0,0,0,0,0,12. LACK OF MONEY,5. FOOD IN THE MARKET WAS VERY EXPENSIVE,,
4. South East,14. Enugu,1401. ANINRI,2. RURAL,746,149023,1,1. YES,1. YES,1. YES,1. YES,1. YES,1. YES,1. YES,2. NO,1. YES,2. NO,3,3,,2. NO,,,,,,,,,,,,,,,,,,,,,,,,
4. South East,14. Enugu,1402. AWGU,2. RURAL,1686,149025,1,1. YES,1. YES,1. YES,1. YES,1. YES,1. YES,1. YES,1. YES,1. YES,1. YES,2,,,2. NO,,,,,,,,,,,,,,,,,,,,,,,,
4. South East,14. Enugu,1402. AWGU,2. RURAL,1686,149026,3,1. YES,1. YES,1. YES,1. YES,1. YES,1. YES,1. YES,2. NO,2. NO,1. YES,2,,,1. YES,0,0,0,1,1,1,1,0,1,1,1,1,1,1,1,1,0,0,0,0,12. LACK OF MONEY,5. FOOD IN THE MARKET WAS VERY EXPENSIVE,,
4. South East,14. Enugu,1402. AWGU,2. RURAL,1686,149028,1,1. YES,1. YES,1. YES,1. YES,1. YES,1. YES,2. NO,2. NO,1. YES,1. YES,2,3,,1. YES,0,0,0,0,0,0,1,0,1,1,1,0,1,1,1,0,0,0,0,0,12. LACK OF MONEY,5. FOOD IN THE MARKET WAS VERY EXPENSIVE,,
4. South East,14. Enugu,1402. AWGU,2. RURAL,1686,149029,1,1. YES,1. YES,1. YES,1. YES,1. YES,1. YES,1. YES,1. YES,1. YES,1. YES,3,,,1. YES,1,0,0,0,0,0,0,0,0,0,0,0,0,0,0,0,0,0,0,0,1. INADEQUATE HOUSEHOLD FOOD STOCKS DUE TO DROUGHT/ POOR RAINS,4. INADEQUATE HOUSEHOLD FOOD STOCKS DUE TO LACK OF FARM INPUTS,12. LACK OF MONEY,
4. South East,14. Enugu,1402. AWGU,2. RURAL,1686,149030,5101,1. YES,1. YES,1. YES,1. YES,1. YES,1. YES,2. NO,2. NO,2. NO,1. YES,2,3,,1. YES,0,0,0,0,0,0,0,0,0,0,0,0,1,1,0,0,0,0,0,0,5. FOOD IN THE MARKET WAS VERY EXPENSIVE,,,
4. South East,14. Enugu,1402. AWGU,2. RURAL,1686,149031,1,2. NO,1. YES,1. YES,2. NO,1. YES,1. YES,2. NO,2. NO,2. NO,2. NO,3,,,1. YES,0,0,0,0,0,0,0,0,0,0,0,0,0,1,1,0,0,0,0,0,1. INADEQUATE HOUSEHOLD FOOD STOCKS DUE TO DROUGHT/ POOR RAINS,4. INADEQUATE HOUSEHOLD FOOD STOCKS DUE TO LACK OF FARM INPUTS,,
4. South East,14. Enugu,1402. AWGU,2. RURAL,1686,149032,1,2. NO,1. YES,1. YES,1. YES,1. YES,1. YES,1. YES,2. NO,2. NO,1. YES,2,2,,1. YES,0,0,0,0,0,0,0,0,0,0,0,0,0,1,1,0,0,0,0,0,12. LACK OF MONEY,1. INADEQUATE HOUSEHOLD FOOD STOCKS DUE TO DROUGHT/ POOR RAINS,,
4. South East,14. Enugu,1403. ENUGU EAST,2. RURAL,0,149033,2,2. NO,2. NO,1. YES,2. NO,1. YES,2. NO,2. NO,2. NO,2. NO,2. NO,3,,,2. NO,,,,,,,,,,,,,,,,,,,,,,,,
4. South East,14. Enugu,1402. AWGU,2. RURAL,1686,149034,1,1. YES,1. YES,1. YES,1. YES,1. YES,1. YES,1. YES,2. NO,1. YES,2. NO,3,,,2. NO,,,,,,,,,,,,,,,,,,,,,,,,
4. South East,14. Enugu,1402. AWGU,2. RURAL,1686,149036,1,1. YES,1. YES,1. YES,1. YES,1. YES,1. YES,1. YES,1. YES,1. YES,1. YES,3,,,2. NO,,,,,,,,,,,,,,,,,,,,,,,,
4. South East,14. Enugu,1403. ENUGU EAST,1. URBAN,306,149037,1,1. YES,1. YES,1. YES,1. YES,1. YES,1. YES,1. YES,2. NO,1. YES,2. NO,2,3,3,2. NO,,,,,,,,,,,,,,,,,,,,,,,,
4. South East,14. Enugu,1403. ENUGU EAST,1. URBAN,306,149038,1,1. YES,1. YES,1. YES,1. YES,1. YES,1. YES,1. YES,2. NO,1. YES,2. NO,2,3,,1. YES,1,0,0,0,0,0,0,0,0,0,0,0,0,0,0,0,0,0,0,0,5. FOOD IN THE MARKET WAS VERY EXPENSIVE,12. LACK OF MONEY,,
4. South East,14. Enugu,1403. ENUGU EAST,1. URBAN,306,149039,2,1. YES,1. YES,1. YES,1. YES,1. YES,1. YES,1. YES,2. NO,1. YES,1. YES,2,,2,1. YES,0,0,0,0,0,0,0,1,1,1,1,1,1,1,1,1,0,0,0,0,12. LACK OF MONEY,5. FOOD IN THE MARKET WAS VERY EXPENSIVE,,
4. South East,14. Enugu,1403. ENUGU EAST,1. URBAN,306,149040,2,1. YES,1. YES,1. YES,1. YES,1. YES,1. YES,1. YES,2. NO,1. YES,2. NO,2,2,,1. YES,0,0,0,0,0,0,0,0,0,0,1,1,0,0,0,0,0,0,0,0,5. FOOD IN THE MARKET WAS VERY EXPENSIVE,4. INADEQUATE HOUSEHOLD FOOD STOCKS DUE TO LACK OF FARM INPUTS,12. LACK OF MONEY,
4. South East,14. Enugu,1403. ENUGU EAST,1. URBAN,306,149044,5,1. YES,1. YES,1. YES,1. YES,1. YES,1. YES,1. YES,2. NO,1. YES,2. NO,3,,,1. YES,0,0,0,0,0,0,0,0,1,0,0,0,0,1,1,1,0,0,0,0,5. FOOD IN THE MARKET WAS VERY EXPENSIVE,12. LACK OF MONEY,,
4. South East,14. Enugu,1403. ENUGU EAST,1. URBAN,306,149045,2,1. YES,1. YES,1. YES,1. YES,1. YES,1. YES,1. YES,2. NO,1. YES,2. NO,2,3,,1. YES,1,0,0,0,0,0,0,0,0,0,0,0,0,0,0,0,0,0,0,0,5. FOOD IN THE MARKET WAS VERY EXPENSIVE,12. LACK OF MONEY,,
4. South East,14. Enugu,1403. ENUGU EAST,1. URBAN,306,149046,2,1. YES,1. YES,1. YES,1. YES,1. YES,1. YES,1. YES,2. NO,1. YES,2. NO,3,3,,1. YES,0,0,0,0,0,0,0,0,0,0,0,0,0,1,1,1,1,0,0,0,5. FOOD IN THE MARKET WAS VERY EXPENSIVE,12. LACK OF MONEY,,
4. South East,14. Enugu,1403. ENUGU EAST,1. URBAN,306,149047,4,1. YES,1. YES,1. YES,1. YES,2. NO,1. YES,1. YES,2. NO,2. NO,2. NO,3,,,1. YES,0,0,0,0,0,0,0,1,0,0,1,0,0,0,0,0,0,0,0,0,5. FOOD IN THE MARKET WAS VERY EXPENSIVE,12. LACK OF MONEY,,
4. South East,14. Enugu,1403. ENUGU EAST,1. URBAN,306,149048,1,1. YES,1. YES,1. YES,1. YES,1. YES,1. YES,1. YES,1. YES,1. YES,1. YES,2,2,3,1. YES,0,0,0,0,0,0,0,0,0,0,0,1,1,1,1,0,0,0,0,0,1. INADEQUATE HOUSEHOLD FOOD STOCKS DUE TO DROUGHT/ POOR RAINS,5. FOOD IN THE MARKET WAS VERY EXPENSIVE,12. LACK OF MONEY,
4. South East,14. Enugu,1403. ENUGU EAST,2. RURAL,944,149049,2,1. YES,1. YES,1. YES,1. YES,1. YES,1. YES,1. YES,1. YES,1. YES,1. YES,3,3,,1. YES,0,0,0,0,0,0,0,0,0,0,0,0,1,1,1,1,0,0,0,0,1. INADEQUATE HOUSEHOLD FOOD STOCKS DUE TO DROUGHT/ POOR RAINS,5. FOOD IN THE MARKET WAS VERY EXPENSIVE,12. LACK OF MONEY,
4. South East,14. Enugu,1403. ENUGU EAST,2. RURAL,944,149051,1,2. NO,2. NO,2. NO,2. NO,2. NO,2. NO,2. NO,2. NO,2. NO,2. NO,3,,,1. YES,0,0,0,1,0,0,0,0,0,1,0,0,0,1,0,0,0,0,0,0,5. FOOD IN THE MARKET WAS VERY EXPENSIVE,12. LACK OF MONEY,,
4. South East,14. Enugu,1403. ENUGU EAST,2. RURAL,944,149052,1,1. YES,1. YES,1. YES,1. YES,1. YES,2. NO,2. NO,2. NO,2. NO,1. YES,2,,,1. YES,0,0,0,0,0,0,0,0,1,1,1,0,1,1,0,0,0,0,0,0,12. LACK OF MONEY,5. FOOD IN THE MARKET WAS VERY EXPENSIVE,,
4. South East,14. Enugu,1403. ENUGU EAST,2. RURAL,944,149053,2,1. YES,1. YES,1. YES,1. YES,1. YES,1. YES,1. YES,2. NO,1. YES,1. YES,2,2,2,1. YES,0,0,0,0,0,0,0,0,1,1,0,0,1,0,1,0,0,0,0,0,5. FOOD IN THE MARKET WAS VERY EXPENSIVE,12. LACK OF MONEY,,
4. South East,14. Enugu,1403. ENUGU EAST,2. RURAL,944,149054,1,1. YES,1. YES,1. YES,1. YES,1. YES,1. YES,1. YES,1. YES,1. YES,1. YES,2,2,,1. YES,0,0,0,0,0,0,0,0,0,0,0,1,1,1,1,0,0,0,0,0,1. INADEQUATE HOUSEHOLD FOOD STOCKS DUE TO DROUGHT/ POOR RAINS,5. FOOD IN THE MARKET WAS VERY EXPENSIVE,12. LACK OF MONEY,
4. South East,14. Enugu,1403. ENUGU EAST,2. RURAL,944,149055,2,1. YES,1. YES,1. YES,1. YES,1. YES,1. YES,1. YES,2. NO,1. YES,1. YES,2,2,,1. YES,1,0,0,0,0,0,0,0,0,0,0,0,0,0,0,0,0,0,0,0,5. FOOD IN THE MARKET WAS VERY EXPENSIVE,12. LACK OF MONEY,,
4. South East,14. Enugu,1403. ENUGU EAST,2. RURAL,944,149056,2,1. YES,1. YES,1. YES,1. YES,1. YES,2. NO,2. NO,2. NO,1. YES,1. YES,2,3,,1. YES,0,0,0,0,0,0,0,0,1,1,1,1,1,1,1,1,0,0,0,0,12. LACK OF MONEY,5. FOOD IN THE MARKET WAS VERY EXPENSIVE,,
4. South East,14. Enugu,1403. ENUGU EAST,2. RURAL,944,149057,1,2. NO,1. YES,1. YES,1. YES,1. YES,2. NO,2. NO,2. NO,2. NO,1. YES,2,,,2. NO,,,,,,,,,,,,,,,,,,,,,,,,
4. South East,14. Enugu,1403. ENUGU EAST,2. RURAL,944,149059,2,1. YES,1. YES,1. YES,1. YES,1. YES,1. YES,1. YES,2. NO,1. YES,1. YES,3,4,4,1. YES,0,0,0,0,0,0,0,0,0,0,1,1,1,0,0,0,0,0,0,0,5. FOOD IN THE MARKET WAS VERY EXPENSIVE,12. LACK OF MONEY,,
4. South East,14. Enugu,1403. ENUGU EAST,2. RURAL,944,149060,2,1. YES,1. YES,1. YES,1. YES,1. YES,1. YES,1. YES,2. NO,1. YES,2. NO,2,2,,1. YES,0,0,0,0,0,0,0,0,0,0,1,1,1,1,1,1,0,0,0,0,5. FOOD IN THE MARKET WAS VERY EXPENSIVE,12. LACK OF MONEY,13. LACK OF ACCESS TO MONEY AT THE BANK DUE TO NAIRA REDESIGN,
4. South East,14. Enugu,1403. ENUGU EAST,1. URBAN,1418,149061,1,2. NO,2. NO,2. NO,2. NO,2. NO,2. NO,2. NO,2. NO,2. NO,2. NO,3,3,,2. NO,,,,,,,,,,,,,,,,,,,,,,,,
4. South East,14. Enugu,1403. ENUGU EAST,1. URBAN,1418,149062,1,2. NO,2. NO,1. YES,2. NO,1. YES,1. YES,2. NO,2. NO,2. NO,2. NO,2,,,1. YES,0,0,0,0,0,0,1,0,0,0,0,0,0,0,0,0,0,0,0,0,12. LACK OF MONEY,,,
4. South East,14. Enugu,1403. ENUGU EAST,1. URBAN,1418,149063,1,1. YES,1. YES,1. YES,1. YES,1. YES,1. YES,2. NO,2. NO,2. NO,2. NO,2,,3,1. YES,0,0,0,0,0,0,0,0,0,0,0,0,0,0,1,0,0,0,0,0,12. LACK OF MONEY,5. FOOD IN THE MARKET WAS VERY EXPENSIVE,,
4. South East,14. Enugu,1403. ENUGU EAST,1. URBAN,1418,149065,1,1. YES,1. YES,1. YES,1. YES,1. YES,1. YES,1. YES,1. YES,1. YES,1. YES,2,,3,1. YES,0,0,0,0,0,0,0,0,0,0,0,0,0,0,1,0,0,0,0,0,5. FOOD IN THE MARKET WAS VERY EXPENSIVE,6. UNABLE TO REACH THE MARKET DUE TO HIGH TRANSPORTATION COSTS,12. LACK OF MONEY,
4. South East,14. Enugu,1403. ENUGU EAST,1. URBAN,1418,149068,1,2. NO,2. NO,1. YES,1. YES,2. NO,1. YES,2. NO,2. NO,2. NO,2. NO,3,4,,1. YES,0,0,0,0,0,0,0,0,0,0,0,0,0,0,1,1,0,0,0,0,5. FOOD IN THE MARKET WAS VERY EXPENSIVE,,,
4. South East,14. Enugu,1403. ENUGU EAST,1. URBAN,1418,149070,7,2. NO,2. NO,1. YES,1. YES,1. YES,2. NO,2. NO,2. NO,2. NO,2. NO,3,3,,2. NO,,,,,,,,,,,,,,,,,,,,,,,,
4. South East,14. Enugu,1403. ENUGU EAST,1. URBAN,1418,149072,4,1. YES,1. YES,1. YES,1. YES,1. YES,1. YES,1. YES,1. YES,1. YES,1. YES,2,,,1. YES,0,0,0,0,0,0,0,1,1,1,1,0,1,0,0,0,0,0,0,0,5. FOOD IN THE MARKET WAS VERY EXPENSIVE,12. LACK OF MONEY,13. LACK OF ACCESS TO MONEY AT THE BANK DUE TO NAIRA REDESIGN,
4. South East,14. Enugu,1405. ENUGU SOUTH,1. URBAN,846,149073,1,2. NO,2. NO,2. NO,2. NO,2. NO,2. NO,2. NO,2. NO,2. NO,2. NO,3,,,2. NO,,,,,,,,,,,,,,,,,,,,,,,,
4. South East,14. Enugu,1405. ENUGU SOUTH,1. URBAN,846,149074,2,1. YES,1. YES,1. YES,1. YES,1. YES,1. YES,1. YES,2. NO,1. YES,2. NO,2,3,,1. YES,0,0,0,0,0,0,0,0,0,0,0,1,1,1,1,0,0,0,0,0,5. FOOD IN THE MARKET WAS VERY EXPENSIVE,12. LACK OF MONEY,7. NO FOOD IN THE MARKET,
4. South East,14. Enugu,1405. ENUGU SOUTH,1. URBAN,846,149076,2,1. YES,1. YES,1. YES,1. YES,1. YES,1. YES,1. YES,2. NO,1. YES,1. YES,2,3,2,1. YES,1,0,0,0,0,0,0,0,0,0,0,0,0,0,0,0,0,0,0,0,12. LACK OF MONEY,5. FOOD IN THE MARKET WAS VERY EXPENSIVE,,
4. South East,14. Enugu,1405. ENUGU SOUTH,1. URBAN,846,149077,2,1. YES,1. YES,1. YES,1. YES,1. YES,1. YES,1. YES,2. NO,1. YES,1. YES,2,3,2,1. YES,1,0,0,0,0,0,0,0,0,0,0,0,0,0,0,0,0,0,0,0,5. FOOD IN THE MARKET WAS VERY EXPENSIVE,6. UNABLE TO REACH THE MARKET DUE TO HIGH TRANSPORTATION COSTS,12. LACK OF MONEY,
4. South East,14. Enugu,1405. ENUGU SOUTH,1. URBAN,846,149078,2,1. YES,1. YES,1. YES,1. YES,1. YES,1. YES,1. YES,1. YES,1. YES,1. YES,3,3,6,1. YES,1,0,0,0,0,0,0,0,0,0,0,0,0,0,0,0,0,0,0,0,13. LACK OF ACCESS TO MONEY AT THE BANK DUE TO NAIRA REDESIGN,7. NO FOOD IN THE MARKET,5. FOOD IN THE MARKET WAS VERY EXPENSIVE,
4. South East,14. Enugu,1405. ENUGU SOUTH,1. URBAN,846,149079,2,1. YES,1. YES,1. YES,1. YES,1. YES,1. YES,1. YES,2. NO,1. YES,1. YES,2,3,2,1. YES,1,0,0,0,0,0,0,0,0,0,0,0,0,0,0,0,0,0,0,0,5. FOOD IN THE MARKET WAS VERY EXPENSIVE,12. LACK OF MONEY,,
4. South East,14. Enugu,1405. ENUGU SOUTH,1. URBAN,846,149080,1,1. YES,1. YES,1. YES,1. YES,1. YES,2. NO,2. NO,2. NO,2. NO,2. NO,2,,,1. YES,0,0,0,0,0,0,0,0,0,0,1,1,1,1,1,0,0,0,0,0,5. FOOD IN THE MARKET WAS VERY EXPENSIVE,12. LACK OF MONEY,13. LACK OF ACCESS TO MONEY AT THE BANK DUE TO NAIRA REDESIGN,
4. South East,14. Enugu,1405. ENUGU SOUTH,1. URBAN,846,149082,2,1. YES,1. YES,1. YES,1. YES,1. YES,1. YES,2. NO,2. NO,2. NO,2. NO,3,4,,1. YES,1,0,0,0,0,0,0,0,0,0,0,0,0,0,0,0,0,0,0,0,5. FOOD IN THE MARKET WAS VERY EXPENSIVE,13. LACK OF ACCESS TO MONEY AT THE BANK DUE TO NAIRA REDESIGN,6. UNABLE TO REACH THE MARKET DUE TO HIGH TRANSPORTATION COSTS,
4. South East,14. Enugu,1405. ENUGU SOUTH,1. URBAN,846,149083,1,1. YES,1. YES,1. YES,2. NO,1. YES,2. NO,2. NO,2. NO,2. NO,2. NO,3,,,2. NO,,,,,,,,,,,,,,,,,,,,,,,,
4. South East,14. Enugu,1405. ENUGU SOUTH,1. URBAN,846,149084,1,1. YES,1. YES,1. YES,1. YES,1. YES,1. YES,1. YES,2. NO,2. NO,2. NO,2,,,1. YES,1,0,0,0,0,0,0,0,0,0,0,0,0,0,0,0,0,0,0,0,10. INADEQUATE FOOD STOCK FROM FARM DUE TO CONFLICT/SECURITY,5. FOOD IN THE MARKET WAS VERY EXPENSIVE,12. LACK OF MONEY,
4. South East,14. Enugu,1406. EZE AGU,2. RURAL,1002,149085,2,1. YES,1. YES,1. YES,2. NO,1. YES,1. YES,2. NO,2. NO,2. NO,2. NO,3,,,1. YES,1,0,0,0,0,0,0,0,0,0,0,0,0,0,0,0,0,0,0,0,13. LACK OF ACCESS TO MONEY AT THE BANK DUE TO NAIRA REDESIGN,12. LACK OF MONEY,,
4. South East,14. Enugu,1406. EZE AGU,2. RURAL,1002,149086,2,2. NO,1. YES,1. YES,1. YES,1. YES,1. YES,1. YES,2. NO,1. YES,1. YES,2,3,,2. NO,,,,,,,,,,,,,,,,,,,,,,,,
4. South East,14. Enugu,1406. EZE AGU,2. RURAL,1002,149087,1,1. YES,1. YES,1. YES,1. YES,1. YES,1. YES,2. NO,2. NO,1. YES,2. NO,2,3,,1. YES,0,0,0,0,0,0,0,0,0,0,1,1,1,1,0,0,0,0,0,0,5. FOOD IN THE MARKET WAS VERY EXPENSIVE,12. LACK OF MONEY,4. INADEQUATE HOUSEHOLD FOOD STOCKS DUE TO LACK OF FARM INPUTS,
4. South East,14. Enugu,1406. EZE AGU,2. RURAL,1002,149088,2,2. NO,2. NO,2. NO,2. NO,2. NO,2. NO,2. NO,2. NO,2. NO,2. NO,3,3,,2. NO,,,,,,,,,,,,,,,,,,,,,,,,
4. South East,14. Enugu,1406. EZE AGU,2. RURAL,1002,149089,2,1. YES,1. YES,1. YES,1. YES,1. YES,1. YES,1. YES,1. YES,1. YES,2. NO,2,,,1. YES,0,0,0,0,0,0,0,0,0,0,0,1,1,1,1,0,0,0,0,0,5. FOOD IN THE MARKET WAS VERY EXPENSIVE,7. NO FOOD IN THE MARKET,12. LACK OF MONEY,
4. South East,14. Enugu,1406. EZE AGU,2. RURAL,1002,149090,3,1. YES,1. YES,1. YES,1. YES,1. YES,1. YES,2. NO,2. NO,1. YES,2. NO,3,3,3,2. NO,,,,,,,,,,,,,,,,,,,,,,,,
4. South East,14. Enugu,1406. EZE AGU,2. RURAL,1002,149091,1,1. YES,1. YES,1. YES,1. YES,1. YES,1. YES,1. YES,2. NO,1. YES,1. YES,2,,2,1. YES,1,0,0,0,0,0,0,0,0,0,0,0,0,0,0,0,0,0,0,0,5. FOOD IN THE MARKET WAS VERY EXPENSIVE,12. LACK OF MONEY,,
4. South East,14. Enugu,1406. EZE AGU,2. RURAL,1002,149093,901,1. YES,1. YES,1. YES,1. YES,1. YES,1. YES,2. NO,2. NO,2. NO,2. NO,3,,,1. YES,1,0,0,0,0,0,0,0,0,0,0,0,0,0,0,0,0,0,0,0,5. FOOD IN THE MARKET WAS VERY EXPENSIVE,6. UNABLE TO REACH THE MARKET DUE TO HIGH TRANSPORTATION COSTS,13. LACK OF ACCESS TO MONEY AT THE BANK DUE TO NAIRA REDESIGN,
4. South East,14. Enugu,1406. EZE AGU,2. RURAL,1002,149094,1,1. YES,1. YES,1. YES,1. YES,1. YES,1. YES,1. YES,2. NO,1. YES,1. YES,2,3,2,1. YES,1,0,0,0,0,0,0,0,0,0,0,0,0,0,0,0,0,0,0,0,12. LACK OF MONEY,5. FOOD IN THE MARKET WAS VERY EXPENSIVE,,
4. South East,14. Enugu,1406. EZE AGU,2. RURAL,1002,149096,1,1. YES,1. YES,1. YES,1. YES,1. YES,1. YES,1. YES,2. NO,1. YES,1. YES,3,3,3,1. YES,0,0,0,0,0,0,0,0,0,0,0,0,1,1,1,0,0,0,0,0,12. LACK OF MONEY,5. FOOD IN THE MARKET WAS VERY EXPENSIVE,10. INADEQUATE FOOD STOCK FROM FARM DUE TO CONFLICT/SECURITY,
4. South East,14. Enugu,1411. NKANU EAST,2. RURAL,836,149097,2,1. YES,1. YES,1. YES,1. YES,1. YES,1. YES,2. NO,2. NO,2. NO,1. YES,2,,,1. YES,0,0,0,0,1,1,0,0,1,1,1,1,1,1,1,1,0,0,0,0,12. LACK OF MONEY,5. FOOD IN THE MARKET WAS VERY EXPENSIVE,,
4. South East,14. Enugu,1411. NKANU EAST,2. RURAL,836,149098,1,1. YES,1. YES,1. YES,1. YES,1. YES,1. YES,2. NO,2. NO,2. NO,1. YES,2,,,1. YES,0,0,0,1,1,1,0,0,1,1,1,0,1,1,0,1,0,0,0,0,12. LACK OF MONEY,5. FOOD IN THE MARKET WAS VERY EXPENSIVE,,
4. South East,14. Enugu,1411. NKANU EAST,2. RURAL,836,149099,1,1. YES,1. YES,1. YES,1. YES,1. YES,1. YES,1. YES,1. YES,1. YES,1. YES,2,,,1. YES,0,0,0,0,0,0,0,0,0,0,0,1,1,1,0,0,0,0,0,0,1. INADEQUATE HOUSEHOLD FOOD STOCKS DUE TO DROUGHT/ POOR RAINS,5. FOOD IN THE MARKET WAS VERY EXPENSIVE,12. LACK OF MONEY,
4. South East,14. Enugu,1411. NKANU EAST,2. RURAL,836,149102,1,1. YES,1. YES,1. YES,1. YES,1. YES,1. YES,2. NO,2. NO,1. YES,2. NO,3,3,3,1. YES,0,0,0,0,0,0,0,0,1,1,0,0,0,0,0,0,0,0,0,0,5. FOOD IN THE MARKET WAS VERY EXPENSIVE,12. LACK OF MONEY,,
4. South East,14. Enugu,1411. NKANU EAST,2. RURAL,836,149103,1,1. YES,1. YES,1. YES,1. YES,1. YES,1. YES,1. YES,1. YES,2. NO,2. NO,3,,,1. YES,0,0,0,0,0,0,0,0,0,0,0,0,0,0,1,1,0,0,0,0,4. INADEQUATE HOUSEHOLD FOOD STOCKS DUE TO LACK OF FARM INPUTS,5. FOOD IN THE MARKET WAS VERY EXPENSIVE,12. LACK OF MONEY,
4. South East,14. Enugu,1411. NKANU EAST,2. RURAL,836,149104,1,1. YES,1. YES,1. YES,1. YES,1. YES,1. YES,2. NO,2. NO,2. NO,1. YES,2,,,1. YES,0,0,0,0,0,0,0,0,1,1,1,1,1,1,1,1,0,0,0,0,5. FOOD IN THE MARKET WAS VERY EXPENSIVE,12. LACK OF MONEY,,
4. South East,14. Enugu,1411. NKANU EAST,2. RURAL,836,149105,5102,1. YES,1. YES,1. YES,1. YES,1. YES,1. YES,2. NO,2. NO,2. NO,1. YES,2,,,1. YES,0,0,0,0,0,0,0,0,1,1,1,1,1,1,1,1,0,0,0,0,12. LACK OF MONEY,5. FOOD IN THE MARKET WAS VERY EXPENSIVE,,
4. South East,14. Enugu,1411. NKANU EAST,2. RURAL,836,149107,1,1. YES,1. YES,1. YES,1. YES,1. YES,1. YES,2. NO,2. NO,2. NO,2. NO,2,,,1. YES,0,0,0,0,0,0,0,0,0,1,1,1,0,0,0,0,0,0,0,0,1. INADEQUATE HOUSEHOLD FOOD STOCKS DUE TO DROUGHT/ POOR RAINS,5. FOOD IN THE MARKET WAS VERY EXPENSIVE,12. LACK OF MONEY,
4. South East,14. Enugu,1411. NKANU EAST,2. RURAL,0,149108,1,2. NO,2. NO,2. NO,2. NO,2. NO,2. NO,2. NO,2. NO,2. NO,2. NO,3,,,2. NO,,,,,,,,,,,,,,,,,,,,,,,,
4. South East,14. Enugu,1411. NKANU EAST,2. RURAL,1414,149109,1,1. YES,1. YES,1. YES,1. YES,1. YES,1. YES,1. YES,2. NO,1. YES,1. YES,2,,3,1. YES,0,0,0,0,0,0,0,0,0,1,1,1,1,1,1,1,0,0,0,0,12. LACK OF MONEY,5. FOOD IN THE MARKET WAS VERY EXPENSIVE,1. INADEQUATE HOUSEHOLD FOOD STOCKS DUE TO DROUGHT/ POOR RAINS,
4. South East,14. Enugu,1411. NKANU EAST,2. RURAL,1414,149110,2,2. NO,1. YES,1. YES,1. YES,1. YES,1. YES,2. NO,2. NO,2. NO,2. NO,3,,,1. YES,0,0,0,1,0,0,0,0,0,0,0,0,0,0,0,0,0,0,0,0,5. FOOD IN THE MARKET WAS VERY EXPENSIVE,,,
4. South East,14. Enugu,1411. NKANU EAST,2. RURAL,1414,149111,1,1. YES,1. YES,1. YES,1. YES,1. YES,1. YES,1. YES,2. NO,2. NO,1. YES,2,,,1. YES,0,0,0,0,0,0,0,0,0,0,1,1,1,1,1,1,0,0,0,0,12. LACK OF MONEY,5. FOOD IN THE MARKET WAS VERY EXPENSIVE,,
4. South East,14. Enugu,1411. NKANU EAST,2. RURAL,1414,149112,1,1. YES,1. YES,1. YES,1. YES,2. NO,1. YES,2. NO,2. NO,2. NO,1. YES,2,,,1. YES,0,0,0,0,0,0,0,0,1,1,0,0,1,1,1,0,0,0,0,0,12. LACK OF MONEY,5. FOOD IN THE MARKET WAS VERY EXPENSIVE,1. INADEQUATE HOUSEHOLD FOOD STOCKS DUE TO DROUGHT/ POOR RAINS,
4. South East,14. Enugu,1411. NKANU EAST,2. RURAL,1414,149114,1,2. NO,2. NO,2. NO,2. NO,2. NO,2. NO,2. NO,2. NO,2. NO,2. NO,3,3,5,1. YES,0,0,0,0,0,0,0,0,0,0,0,1,1,0,0,1,0,0,0,0,1. INADEQUATE HOUSEHOLD FOOD STOCKS DUE TO DROUGHT/ POOR RAINS,4. INADEQUATE HOUSEHOLD FOOD STOCKS DUE TO LACK OF FARM INPUTS,12. LACK OF MONEY,
4. South East,14. Enugu,1411. NKANU EAST,2. RURAL,1414,149115,2,1. YES,1. YES,1. YES,1. YES,1. YES,2. NO,2. NO,2. NO,2. NO,2. NO,3,,,1. YES,0,0,0,0,0,1,0,0,1,0,0,1,1,0,0,0,0,0,0,0,5. FOOD IN THE MARKET WAS VERY EXPENSIVE,12. LACK OF MONEY,4. INADEQUATE HOUSEHOLD FOOD STOCKS DUE TO LACK OF FARM INPUTS,
4. South East,14. Enugu,1411. NKANU EAST,2. RURAL,1414,149116,1,1. YES,1. YES,1. YES,1. YES,1. YES,1. YES,1. YES,2. NO,2. NO,1. YES,2,,,1. YES,0,0,0,0,0,0,0,0,1,1,1,1,1,1,1,1,0,0,0,0,12. LACK OF MONEY,5. FOOD IN THE MARKET WAS VERY EXPENSIVE,1. INADEQUATE HOUSEHOLD FOOD STOCKS DUE TO DROUGHT/ POOR RAINS,
4. South East,14. Enugu,1411. NKANU EAST,2. RURAL,1414,149119,7,1. YES,1. YES,1. YES,1. YES,1. YES,1. YES,1. YES,2. NO,2. NO,2. NO,2,3,,1. YES,0,0,0,0,0,0,0,0,0,0,0,1,0,0,0,0,0,0,0,0,5. FOOD IN THE MARKET WAS VERY EXPENSIVE,12. LACK OF MONEY,,
4. South East,14. Enugu,1411. NKANU EAST,2. RURAL,1414,149120,1,1. YES,1. YES,1. YES,1. YES,1. YES,1. YES,2. NO,2. NO,2. NO,2. NO,3,3,,1. YES,0,0,0,0,0,1,1,1,1,1,0,0,0,0,0,0,0,0,0,0,4. INADEQUATE HOUSEHOLD FOOD STOCKS DUE TO LACK OF FARM INPUTS,5. FOOD IN THE MARKET WAS VERY EXPENSIVE,12. LACK OF MONEY,
4. South East,14. Enugu,1416. UDI,2. RURAL,1134,149122,2,2. NO,1. YES,1. YES,1. YES,1. YES,2. NO,1. YES,2. NO,1. YES,2. NO,3,,,1. YES,0,0,0,0,0,0,0,0,0,0,0,0,1,0,0,0,0,0,0,0,12. LACK OF MONEY,,,
4. South East,14. Enugu,1416. UDI,2. RURAL,1134,149123,1,1. YES,1. YES,1. YES,1. YES,1. YES,1. YES,2. NO,2. NO,2. NO,2. NO,3,3,,1. YES,1,0,0,0,0,0,0,0,0,0,0,0,0,0,0,0,0,0,0,0,13. LACK OF ACCESS TO MONEY AT THE BANK DUE TO NAIRA REDESIGN,11. UNABLE TO REACH THE MARKET DUE TO CONFLICT/SECURITY,,
4. South East,14. Enugu,1416. UDI,2. RURAL,1134,149125,2,1. YES,1. YES,1. YES,1. YES,1. YES,1. YES,1. YES,2. NO,1. YES,2. NO,2,,,1. YES,0,0,0,0,0,0,0,0,1,1,1,1,1,0,0,0,0,0,0,0,5. FOOD IN THE MARKET WAS VERY EXPENSIVE,12. LACK OF MONEY,,
4. South East,14. Enugu,1416. UDI,2. RURAL,1134,149126,1,1. YES,1. YES,1. YES,1. YES,1. YES,1. YES,1. YES,2. NO,2. NO,2. NO,2,,,1. YES,0,0,0,0,0,0,0,0,1,1,1,1,1,1,0,0,0,0,0,0,12. LACK OF MONEY,,,
4. South East,14. Enugu,1416. UDI,2. RURAL,1134,149127,2,1. YES,1. YES,1. YES,1. YES,1. YES,1. YES,1. YES,2. NO,1. YES,2. NO,2,3,,1. YES,1,0,0,0,0,0,0,0,0,0,0,0,0,0,0,0,0,0,0,0,5. FOOD IN THE MARKET WAS VERY EXPENSIVE,7. NO FOOD IN THE MARKET,,
4. South East,14. Enugu,1416. UDI,2. RURAL,1134,149128,2,1. YES,1. YES,1. YES,1. YES,1. YES,1. YES,1. YES,2. NO,2. NO,2. NO,2,,,1. YES,0,0,0,0,0,0,0,0,0,0,0,0,1,0,0,0,0,0,0,0,5. FOOD IN THE MARKET WAS VERY EXPENSIVE,,,
4. South East,14. Enugu,1416. UDI,2. RURAL,1134,149129,2,1. YES,1. YES,1. YES,1. YES,1. YES,1. YES,1. YES,2. NO,1. YES,2. NO,2,,,1. YES,1,0,0,0,0,0,0,0,0,0,0,0,0,0,0,0,0,0,0,0,12. LACK OF MONEY,5. FOOD IN THE MARKET WAS VERY EXPENSIVE,,
4. South East,14. Enugu,1416. UDI,2. RURAL,1134,149130,1,1. YES,1. YES,1. YES,1. YES,1. YES,1. YES,1. YES,2. NO,1. YES,2. NO,2,2,,1. YES,1,0,0,0,0,0,0,0,0,0,0,0,0,0,0,0,0,0,0,0,12. LACK OF MONEY,,,
4. South East,14. Enugu,1416. UDI,2. RURAL,1134,149132,1,1. YES,1. YES,1. YES,1. YES,1. YES,1. YES,1. YES,2. NO,1. YES,1. YES,3,3,5,1. YES,1,0,0,0,0,0,0,0,0,0,0,0,0,0,0,0,0,0,0,0,5. FOOD IN THE MARKET WAS VERY EXPENSIVE,6. UNABLE TO REACH THE MARKET DUE TO HIGH TRANSPORTATION COSTS,,
4. South East,14. Enugu,1417. UZO UWANI,2. RURAL,36,149133,2,1. YES,2. NO,2. NO,2. NO,2. NO,2. NO,2. NO,2. NO,2. NO,2. NO,3,4,,2. NO,,,,,,,,,,,,,,,,,,,,,,,,
4. South East,14. Enugu,1417. UZO UWANI,2. RURAL,36,149134,1,1. YES,1. YES,1. YES,1. YES,1. YES,1. YES,2. NO,2. NO,1. YES,2. NO,2,3,3,1. YES,1,0,0,0,0,0,0,0,0,0,0,0,0,0,0,0,0,0,0,0,4. INADEQUATE HOUSEHOLD FOOD STOCKS DUE TO LACK OF FARM INPUTS,12. LACK OF MONEY,5. FOOD IN THE MARKET WAS VERY EXPENSIVE,
4. South East,14. Enugu,1417. UZO UWANI,2. RURAL,36,149135,1,1. YES,1. YES,1. YES,2. NO,1. YES,2. NO,2. NO,2. NO,2. NO,2. NO,3,,,1. YES,0,0,0,1,1,1,1,0,1,0,1,1,1,0,0,0,0,0,0,0,8. FLOODS/WATER LOGGING,,,
4. South East,14. Enugu,1417. UZO UWANI,2. RURAL,36,149136,2,2. NO,1. YES,1. YES,2. NO,1. YES,1. YES,2. NO,2. NO,2. NO,2. NO,3,4,4,2. NO,,,,,,,,,,,,,,,,,,,,,,,,
4. South East,14. Enugu,1417. UZO UWANI,2. RURAL,36,149138,1,1. YES,1. YES,1. YES,1. YES,1. YES,1. YES,1. YES,2. NO,1. YES,2. NO,2,2,,1. YES,1,0,0,0,0,0,0,0,0,0,0,0,0,0,0,0,0,0,0,0,5. FOOD IN THE MARKET WAS VERY EXPENSIVE,12. LACK OF MONEY,8. FLOODS/WATER LOGGING,
4. South East,14. Enugu,1417. UZO UWANI,2. RURAL,36,149139,1,1. YES,1. YES,1. YES,2. NO,1. YES,1. YES,2. NO,2. NO,2. NO,2. NO,3,,,1. YES,1,0,0,0,0,0,0,0,0,0,0,0,0,0,0,0,0,0,0,0,5. FOOD IN THE MARKET WAS VERY EXPENSIVE,12. LACK OF MONEY,,
4. South East,14. Enugu,1417. UZO UWANI,2. RURAL,36,149140,1301,2. NO,1. YES,1. YES,2. NO,2. NO,2. NO,2. NO,2. NO,2. NO,2. NO,3,,4,2. NO,,,,,,,,,,,,,,,,,,,,,,,,
4. South East,14. Enugu,1417. UZO UWANI,2. RURAL,36,149142,5101,1. YES,1. YES,1. YES,2. NO,1. YES,1. YES,2. NO,2. NO,2. NO,2. NO,3,3,3,2. NO,,,,,,,,,,,,,,,,,,,,,,,,
4. South East,4. Anambra,405. AWKA NORTH,2. RURAL,0,149143,4,1. YES,2. NO,1. YES,1. YES,1. YES,2. NO,1. YES,2. NO,1. YES,2. NO,3,,,2. NO,,,,,,,,,,,,,,,,,,,,,,,,
4. South East,14. Enugu,1403. ENUGU EAST,1. URBAN,1418,149155,1,1. YES,1. YES,1. YES,1. YES,1. YES,1. YES,2. NO,2. NO,2. NO,2. NO,2,,,1. YES,0,0,0,0,0,0,1,1,0,0,0,0,1,0,1,0,0,0,0,0,12. LACK OF MONEY,5. FOOD IN THE MARKET WAS VERY EXPENSIVE,2. INADEQUATE HOUSEHOLD FOOD STOCKS DUE TO CROP PEST DAMAGE,
4. South East,14. Enugu,1403. ENUGU EAST,1. URBAN,1418,149156,5101,2. NO,2. NO,2. NO,2. NO,2. NO,2. NO,2. NO,2. NO,2. NO,2. NO,3,3,,2. NO,,,,,,,,,,,,,,,,,,,,,,,,
4. South East,14. Enugu,1411. NKANU EAST,2. RURAL,1414,149162,2,1. YES,1. YES,1. YES,1. YES,1. YES,1. YES,1. YES,2. NO,1. YES,1. YES,2,2,,1. YES,1,0,0,0,0,0,0,0,0,0,0,0,0,0,0,0,0,0,0,0,12. LACK OF MONEY,5. FOOD IN THE MARKET WAS VERY EXPENSIVE,4. INADEQUATE HOUSEHOLD FOOD STOCKS DUE TO LACK OF FARM INPUTS,
2. North East,15. Gombe,1506. GOMBE,1. URBAN,398,150001,1,1. YES,1. YES,1. YES,1. YES,1. YES,1. YES,1. YES,2. NO,1. YES,1. YES,3,4,5,1. YES,1,0,0,0,0,0,0,0,0,0,0,0,0,0,0,0,0,0,0,0,4. INADEQUATE HOUSEHOLD FOOD STOCKS DUE TO LACK OF FARM INPUTS,12. LACK OF MONEY,,
2. North East,15. Gombe,1506. GOMBE,1. URBAN,398,150002,1,1. YES,1. YES,1. YES,1. YES,1. YES,1. YES,1. YES,1. YES,1. YES,2. NO,3,3,,1. YES,0,0,0,1,1,1,0,0,0,0,0,0,0,1,1,1,0,0,0,0,5. FOOD IN THE MARKET WAS VERY EXPENSIVE,12. LACK OF MONEY,,
2. North East,15. Gombe,1506. GOMBE,1. URBAN,398,150003,6,1. YES,1. YES,1. YES,1. YES,1. YES,1. YES,1. YES,2. NO,1. YES,2. NO,3,4,,1. YES,0,0,0,0,0,0,0,0,0,0,0,0,0,0,1,1,0,0,0,0,12. LACK OF MONEY,,,
2. North East,15. Gombe,1506. GOMBE,1. URBAN,398,150004,1,1. YES,1. YES,1. YES,1. YES,1. YES,1. YES,2. NO,2. NO,2. NO,2. NO,3,4,,1. YES,0,0,0,1,1,1,1,0,0,0,1,1,1,1,1,1,0,0,0,0,12. LACK OF MONEY,5. FOOD IN THE MARKET WAS VERY EXPENSIVE,,
2. North East,15. Gombe,1506. GOMBE,1. URBAN,398,150005,1,1. YES,1. YES,1. YES,2. NO,1. YES,1. YES,2. NO,2. NO,2. NO,2. NO,3,,,1. YES,0,0,0,1,1,0,0,0,0,0,0,0,0,0,0,1,0,0,0,0,5. FOOD IN THE MARKET WAS VERY EXPENSIVE,12. LACK OF MONEY,,
2. North East,15. Gombe,1506. GOMBE,1. URBAN,398,150007,1,1. YES,1. YES,1. YES,2. NO,1. YES,1. YES,1. YES,2. NO,1. YES,2. NO,3,3,4,1. YES,0,0,0,1,1,1,0,0,0,0,0,1,1,1,1,0,0,0,0,0,1. INADEQUATE HOUSEHOLD FOOD STOCKS DUE TO DROUGHT/ POOR RAINS,12. LACK OF MONEY,5. FOOD IN THE MARKET WAS VERY EXPENSIVE,
2. North East,15. Gombe,1506. GOMBE,1. URBAN,398,150008,1,1. YES,1. YES,1. YES,1. YES,1. YES,1. YES,1. YES,2. NO,1. YES,1. YES,3,4,,1. YES,1,0,0,0,0,0,0,0,0,0,0,0,0,0,0,0,0,0,0,0,12. LACK OF MONEY,4. INADEQUATE HOUSEHOLD FOOD STOCKS DUE TO LACK OF FARM INPUTS,,
2. North East,15. Gombe,1506. GOMBE,1. URBAN,398,150010,1,2. NO,2. NO,2. NO,2. NO,2. NO,2. NO,2. NO,2. NO,2. NO,2. NO,3,,,2. NO,,,,,,,,,,,,,,,,,,,,,,,,
2. North East,15. Gombe,1508. KWAMI,2. RURAL,1682,150012,301,1. YES,1. YES,1. YES,1. YES,1. YES,1. YES,1. YES,2. NO,1. YES,1. YES,2,2,2,1. YES,0,0,0,0,0,0,0,0,0,0,0,0,1,1,0,0,0,0,0,0,1. INADEQUATE HOUSEHOLD FOOD STOCKS DUE TO DROUGHT/ POOR RAINS,5. FOOD IN THE MARKET WAS VERY EXPENSIVE,4. INADEQUATE HOUSEHOLD FOOD STOCKS DUE TO LACK OF FARM INPUTS,
2. North East,15. Gombe,1508. KWAMI,2. RURAL,1682,150013,1,2. NO,2. NO,2. NO,2. NO,2. NO,2. NO,2. NO,2. NO,2. NO,2. NO,3,3,,2. NO,,,,,,,,,,,,,,,,,,,,,,,,
2. North East,15. Gombe,1510. SHONGOM,2. RURAL,0,150014,2,1. YES,1. YES,1. YES,1. YES,1. YES,2. NO,2. NO,2. NO,1. YES,2. NO,3,4,,1. YES,0,0,0,0,0,0,0,0,0,0,1,1,1,1,1,1,0,0,0,0,5. FOOD IN THE MARKET WAS VERY EXPENSIVE,4. INADEQUATE HOUSEHOLD FOOD STOCKS DUE TO LACK OF FARM INPUTS,12. LACK OF MONEY,
2. North East,15. Gombe,1508. KWAMI,2. RURAL,1682,150015,1,2. NO,2. NO,2. NO,2. NO,2. NO,2. NO,2. NO,2. NO,2. NO,2. NO,3,3,3,2. NO,,,,,,,,,,,,,,,,,,,,,,,,
2. North East,15. Gombe,1508. KWAMI,2. RURAL,1682,150016,1,1. YES,1. YES,1. YES,1. YES,1. YES,1. YES,1. YES,1. YES,1. YES,1. YES,3,4,,2. NO,,,,,,,,,,,,,,,,,,,,,,,,
2. North East,15. Gombe,1508. KWAMI,2. RURAL,1682,150017,2,1. YES,1. YES,1. YES,1. YES,1. YES,1. YES,1. YES,2. NO,2. NO,2. NO,3,3,,1. YES,0,0,0,1,0,0,0,0,0,0,1,1,1,1,1,0,0,0,0,0,4. INADEQUATE HOUSEHOLD FOOD STOCKS DUE TO LACK OF FARM INPUTS,12. LACK OF MONEY,5. FOOD IN THE MARKET WAS VERY EXPENSIVE,
2. North East,15. Gombe,1508. KWAMI,2. RURAL,1682,150018,1,1. YES,1. YES,1. YES,1. YES,1. YES,1. YES,1. YES,1. YES,1. YES,1. YES,3,,,1. YES,0,0,0,1,1,0,0,0,0,1,1,1,1,1,0,0,0,0,0,0,1. INADEQUATE HOUSEHOLD FOOD STOCKS DUE TO DROUGHT/ POOR RAINS,5. FOOD IN THE MARKET WAS VERY EXPENSIVE,,
2. North East,15. Gombe,1508. KWAMI,2. RURAL,1682,150019,1,2. NO,1. YES,2. NO,1. YES,1. YES,1. YES,2. NO,2. NO,1. YES,2. NO,3,,5,1. YES,0,0,0,1,1,1,0,0,0,0,0,0,0,0,0,0,0,0,0,0,1. INADEQUATE HOUSEHOLD FOOD STOCKS DUE TO DROUGHT/ POOR RAINS,12. LACK OF MONEY,,
2. North East,15. Gombe,1508. KWAMI,2. RURAL,1682,150020,6,1. YES,1. YES,1. YES,1. YES,1. YES,1. YES,2. NO,2. NO,1. YES,1. YES,3,,5,1. YES,0,0,0,1,0,0,0,0,0,0,0,0,1,1,1,0,0,0,0,0,12. LACK OF MONEY,4. INADEQUATE HOUSEHOLD FOOD STOCKS DUE TO LACK OF FARM INPUTS,,
2. North East,15. Gombe,1511. YAMALTU DEBA,2. RURAL,1938,150021,1,1. YES,1. YES,1. YES,1. YES,1. YES,1. YES,1. YES,1. YES,1. YES,1. YES,3,4,6,1. YES,0,0,0,1,1,0,0,0,0,0,0,0,0,1,1,1,0,0,0,0,1. INADEQUATE HOUSEHOLD FOOD STOCKS DUE TO DROUGHT/ POOR RAINS,5. FOOD IN THE MARKET WAS VERY EXPENSIVE,13. LACK OF ACCESS TO MONEY AT THE BANK DUE TO NAIRA REDESIGN,
2. North East,15. Gombe,1511. YAMALTU DEBA,2. RURAL,1938,150022,1,2. NO,2. NO,2. NO,2. NO,2. NO,2. NO,2. NO,2. NO,2. NO,2. NO,3,3,3,2. NO,,,,,,,,,,,,,,,,,,,,,,,,
2. North East,15. Gombe,1511. YAMALTU DEBA,2. RURAL,1938,150023,1,2. NO,2. NO,2. NO,2. NO,2. NO,2. NO,2. NO,2. NO,2. NO,2. NO,3,3,3,2. NO,,,,,,,,,,,,,,,,,,,,,,,,
2. North East,15. Gombe,1511. YAMALTU DEBA,2. RURAL,1938,150024,1,1. YES,1. YES,1. YES,1. YES,1. YES,1. YES,1. YES,2. NO,1. YES,2. NO,3,3,6,1. YES,1,0,0,0,0,0,0,0,0,0,0,0,0,0,0,0,0,0,0,0,4. INADEQUATE HOUSEHOLD FOOD STOCKS DUE TO LACK OF FARM INPUTS,12. LACK OF MONEY,5. FOOD IN THE MARKET WAS VERY EXPENSIVE,
2. North East,15. Gombe,1511. YAMALTU DEBA,2. RURAL,1938,150025,2,1. YES,1. YES,1. YES,2. NO,2. NO,1. YES,2. NO,2. NO,1. YES,1. YES,3,4,6,1. YES,0,0,0,1,1,1,0,0,0,0,1,1,1,1,1,0,0,0,0,0,5. FOOD IN THE MARKET WAS VERY EXPENSIVE,,,
2. North East,15. Gombe,1511. YAMALTU DEBA,2. RURAL,1938,150026,8,1. YES,1. YES,1. YES,1. YES,1. YES,1. YES,1. YES,1. YES,1. YES,1. YES,3,4,5,1. YES,0,0,0,1,1,1,0,0,0,0,0,0,0,1,1,1,0,0,0,0,1. INADEQUATE HOUSEHOLD FOOD STOCKS DUE TO DROUGHT/ POOR RAINS,3. INADEQUATE HOUSEHOLD FOOD STOCKS DUE TO SMALL LAND SIZE,5. FOOD IN THE MARKET WAS VERY EXPENSIVE,
2. North East,15. Gombe,1511. YAMALTU DEBA,2. RURAL,1938,150027,2,1. YES,1. YES,1. YES,1. YES,1. YES,1. YES,1. YES,1. YES,1. YES,1. YES,3,3,3,1. YES,1,0,0,0,0,0,0,0,0,0,0,0,0,0,0,0,0,0,0,0,4. INADEQUATE HOUSEHOLD FOOD STOCKS DUE TO LACK OF FARM INPUTS,,,
2. North East,15. Gombe,1511. YAMALTU DEBA,2. RURAL,1938,150028,1,1. YES,1. YES,1. YES,1. YES,1. YES,1. YES,1. YES,2. NO,2. NO,2. NO,3,4,5,1. YES,0,0,0,1,0,0,0,0,0,0,0,0,0,0,1,1,0,0,0,0,4. INADEQUATE HOUSEHOLD FOOD STOCKS DUE TO LACK OF FARM INPUTS,,,
2. North East,15. Gombe,1511. YAMALTU DEBA,2. RURAL,1938,150029,2,1. YES,1. YES,1. YES,1. YES,1. YES,1. YES,1. YES,2. NO,1. YES,1. YES,3,4,6,2. NO,,,,,,,,,,,,,,,,,,,,,,,,
2. North East,15. Gombe,1511. YAMALTU DEBA,2. RURAL,1938,150030,2,1. YES,1. YES,1. YES,1. YES,1. YES,1. YES,1. YES,1. YES,1. YES,1. YES,3,3,,1. YES,1,0,0,0,0,0,0,0,0,0,0,0,0,0,0,0,0,0,0,0,4. INADEQUATE HOUSEHOLD FOOD STOCKS DUE TO LACK OF FARM INPUTS,12. LACK OF MONEY,,
2. North East,15. Gombe,1503. BILLIRI,2. RURAL,634,150061,1,2. NO,2. NO,1. YES,2. NO,2. NO,2. NO,2. NO,2. NO,2. NO,2. NO,3,,,2. NO,,,,,,,,,,,,,,,,,,,,,,,,
2. North East,15. Gombe,1503. BILLIRI,2. RURAL,634,150062,1,1. YES,1. YES,1. YES,1. YES,1. YES,1. YES,1. YES,1. YES,1. YES,1. YES,2,2,,1. YES,0,0,0,0,0,0,0,0,0,0,0,1,1,1,1,0,0,0,0,0,2. INADEQUATE HOUSEHOLD FOOD STOCKS DUE TO CROP PEST DAMAGE,,,
2. North East,15. Gombe,1503. BILLIRI,2. RURAL,634,150063,2,1. YES,1. YES,1. YES,1. YES,1. YES,1. YES,1. YES,2. NO,1. YES,1. YES,3,4,5,1. YES,1,0,0,0,0,0,0,0,0,0,0,0,0,0,0,0,0,0,0,0,12. LACK OF MONEY,4. INADEQUATE HOUSEHOLD FOOD STOCKS DUE TO LACK OF FARM INPUTS,,
2. North East,15. Gombe,1503. BILLIRI,2. RURAL,634,150064,5101,1. YES,1. YES,1. YES,1. YES,1. YES,1. YES,1. YES,1. YES,1. YES,1. YES,3,4,,1. YES,0,0,0,1,1,0,0,0,0,0,0,1,1,1,1,1,0,0,0,0,12. LACK OF MONEY,4. INADEQUATE HOUSEHOLD FOOD STOCKS DUE TO LACK OF FARM INPUTS,,
2. North East,15. Gombe,1503. BILLIRI,2. RURAL,634,150065,2,1. YES,1. YES,1. YES,1. YES,1. YES,1. YES,1. YES,1. YES,1. YES,1. YES,2,2,,2. NO,,,,,,,,,,,,,,,,,,,,,,,,
2. North East,15. Gombe,1503. BILLIRI,2. RURAL,634,150066,2,1. YES,1. YES,1. YES,1. YES,1. YES,1. YES,1. YES,1. YES,1. YES,1. YES,3,4,,1. YES,0,0,0,1,1,0,0,0,0,0,0,0,1,1,1,1,0,0,0,0,1. INADEQUATE HOUSEHOLD FOOD STOCKS DUE TO DROUGHT/ POOR RAINS,5. FOOD IN THE MARKET WAS VERY EXPENSIVE,,
2. North East,15. Gombe,1503. BILLIRI,2. RURAL,634,150067,1,1. YES,1. YES,1. YES,1. YES,1. YES,1. YES,2. NO,1. YES,1. YES,2. NO,2,2,,2. NO,,,,,,,,,,,,,,,,,,,,,,,,
2. North East,15. Gombe,1503. BILLIRI,2. RURAL,634,150068,1,2. NO,2. NO,2. NO,2. NO,2. NO,2. NO,2. NO,2. NO,2. NO,2. NO,3,4,,2. NO,,,,,,,,,,,,,,,,,,,,,,,,
2. North East,15. Gombe,1503. BILLIRI,2. RURAL,634,150069,1,2. NO,2. NO,1. YES,2. NO,2. NO,2. NO,2. NO,2. NO,2. NO,2. NO,3,4,,2. NO,,,,,,,,,,,,,,,,,,,,,,,,
2. North East,15. Gombe,1503. BILLIRI,2. RURAL,634,150070,1,1. YES,1. YES,1. YES,1. YES,1. YES,1. YES,1. YES,2. NO,1. YES,1. YES,3,,,1. YES,0,0,0,1,0,0,0,0,0,0,0,0,1,1,1,1,0,0,0,0,12. LACK OF MONEY,4. INADEQUATE HOUSEHOLD FOOD STOCKS DUE TO LACK OF FARM INPUTS,,
1. North Central,25. Nasarawa,2504. KARU,1. URBAN,0,150071,1,1. YES,1. YES,1. YES,2. NO,2. NO,2. NO,2. NO,2. NO,2. NO,2. NO,3,3,,2. NO,,,,,,,,,,,,,,,,,,,,,,,,
2. North East,15. Gombe,1501. AKKO,2. RURAL,0,150072,2,1. YES,1. YES,1. YES,1. YES,1. YES,1. YES,1. YES,2. NO,1. YES,1. YES,3,4,,1. YES,0,0,0,1,0,0,0,0,0,0,0,0,1,1,1,1,0,0,0,0,12. LACK OF MONEY,5. FOOD IN THE MARKET WAS VERY EXPENSIVE,4. INADEQUATE HOUSEHOLD FOOD STOCKS DUE TO LACK OF FARM INPUTS,
2. North East,34. Taraba,3415. YORRO,1. URBAN,0,150073,2,1. YES,1. YES,1. YES,1. YES,1. YES,1. YES,2. NO,2. NO,2. NO,2. NO,3,4,,2. NO,,,,,,,,,,,,,,,,,,,,,,,,
2. North East,15. Gombe,1506. GOMBE,1. URBAN,148,150075,1301,2. NO,2. NO,2. NO,2. NO,2. NO,2. NO,2. NO,2. NO,2. NO,2. NO,3,,,2. NO,,,,,,,,,,,,,,,,,,,,,,,,
2. North East,15. Gombe,1506. GOMBE,1. URBAN,148,150076,1,1. YES,1. YES,1. YES,1. YES,1. YES,1. YES,2. NO,2. NO,1. YES,2. NO,3,3,,2. NO,,,,,,,,,,,,,,,,,,,,,,,,
2. North East,15. Gombe,1506. GOMBE,1. URBAN,148,150077,8,1. YES,1. YES,1. YES,2. NO,1. YES,2. NO,2. NO,2. NO,2. NO,2. NO,3,3,,2. NO,,,,,,,,,,,,,,,,,,,,,,,,
2. North East,15. Gombe,1506. GOMBE,1. URBAN,148,150078,2,1. YES,1. YES,1. YES,1. YES,1. YES,1. YES,1. YES,2. NO,1. YES,1. YES,3,4,,1. YES,0,0,0,0,0,0,0,0,0,0,0,0,0,1,1,1,0,0,0,0,5. FOOD IN THE MARKET WAS VERY EXPENSIVE,12. LACK OF MONEY,,
2. North East,15. Gombe,1508. KWAMI,2. RURAL,0,150079,2,2. NO,1. YES,2. NO,2. NO,2. NO,2. NO,2. NO,2. NO,2. NO,2. NO,3,4,4,1. YES,0,0,0,1,1,0,0,0,0,0,0,0,0,0,0,0,0,0,0,0,1. INADEQUATE HOUSEHOLD FOOD STOCKS DUE TO DROUGHT/ POOR RAINS,2. INADEQUATE HOUSEHOLD FOOD STOCKS DUE TO CROP PEST DAMAGE,12. LACK OF MONEY,
2. North East,15. Gombe,1506. GOMBE,1. URBAN,148,150080,13,1. YES,1. YES,1. YES,2. NO,2. NO,2. NO,2. NO,2. NO,2. NO,2. NO,3,4,,2. NO,,,,,,,,,,,,,,,,,,,,,,,,
2. North East,15. Gombe,1502. BALANGA,2. RURAL,1386,159001,1,1. YES,1. YES,1. YES,1. YES,1. YES,1. YES,1. YES,2. NO,1. YES,1. YES,3,3,6,1. YES,0,0,0,1,1,1,1,0,0,0,0,1,1,1,1,1,0,0,0,0,1. INADEQUATE HOUSEHOLD FOOD STOCKS DUE TO DROUGHT/ POOR RAINS,,,
2. North East,15. Gombe,1502. BALANGA,2. RURAL,1386,159002,4,1. YES,1. YES,2. NO,1. YES,1. YES,1. YES,1. YES,1. YES,1. YES,1. YES,2,3,3,1. YES,0,0,0,0,0,0,0,0,0,1,1,0,0,0,0,0,0,0,0,0,1. INADEQUATE HOUSEHOLD FOOD STOCKS DUE TO DROUGHT/ POOR RAINS,,,
2. North East,15. Gombe,1502. BALANGA,2. RURAL,1386,159003,1,1. YES,1. YES,1. YES,1. YES,1. YES,1. YES,1. YES,2. NO,1. YES,2. NO,3,4,5,2. NO,,,,,,,,,,,,,,,,,,,,,,,,
2. North East,15. Gombe,1502. BALANGA,2. RURAL,1386,159004,1,1. YES,1. YES,1. YES,1. YES,1. YES,1. YES,1. YES,1. YES,1. YES,1. YES,2,3,5,2. NO,,,,,,,,,,,,,,,,,,,,,,,,
2. North East,15. Gombe,1502. BALANGA,2. RURAL,1386,159005,1,1. YES,1. YES,1. YES,1. YES,1. YES,1. YES,2. NO,2. NO,1. YES,2. NO,3,4,5,1. YES,0,0,0,1,1,0,0,0,0,0,0,0,0,0,1,1,0,0,0,0,2. INADEQUATE HOUSEHOLD FOOD STOCKS DUE TO CROP PEST DAMAGE,5. FOOD IN THE MARKET WAS VERY EXPENSIVE,12. LACK OF MONEY,
2. North East,15. Gombe,1502. BALANGA,2. RURAL,1386,159006,1,1. YES,1. YES,1. YES,1. YES,1. YES,1. YES,1. YES,2. NO,1. YES,1. YES,3,3,5,1. YES,0,0,0,1,0,0,0,0,0,0,0,0,1,1,1,1,0,0,0,0,12. LACK OF MONEY,4. INADEQUATE HOUSEHOLD FOOD STOCKS DUE TO LACK OF FARM INPUTS,,
2. North East,15. Gombe,1502. BALANGA,2. RURAL,1386,159007,1,1. YES,1. YES,1. YES,2. NO,2. NO,2. NO,2. NO,2. NO,2. NO,2. NO,3,,,1. YES,0,0,0,1,1,0,0,0,0,0,0,0,0,0,0,0,0,0,0,0,1. INADEQUATE HOUSEHOLD FOOD STOCKS DUE TO DROUGHT/ POOR RAINS,5. FOOD IN THE MARKET WAS VERY EXPENSIVE,,
2. North East,15. Gombe,1502. BALANGA,2. RURAL,1386,159010,2,1. YES,1. YES,1. YES,1. YES,1. YES,2. NO,1. YES,1. YES,1. YES,1. YES,2,2,2,1. YES,0,0,0,0,0,0,0,0,0,0,1,1,0,0,0,0,0,0,0,0,1. INADEQUATE HOUSEHOLD FOOD STOCKS DUE TO DROUGHT/ POOR RAINS,4. INADEQUATE HOUSEHOLD FOOD STOCKS DUE TO LACK OF FARM INPUTS,5. FOOD IN THE MARKET WAS VERY EXPENSIVE,
2. North East,15. Gombe,1502. BALANGA,2. RURAL,1386,159011,2,1. YES,1. YES,1. YES,1. YES,1. YES,1. YES,1. YES,1. YES,1. YES,1. YES,2,,,1. YES,1,0,0,0,0,0,0,0,0,0,0,0,0,0,0,0,0,0,0,0,5. FOOD IN THE MARKET WAS VERY EXPENSIVE,12. LACK OF MONEY,,
2. North East,15. Gombe,1502. BALANGA,2. RURAL,1386,159012,1,1. YES,1. YES,1. YES,1. YES,1. YES,1. YES,1. YES,2. NO,1. YES,1. YES,3,3,,1. YES,0,0,0,1,0,0,0,0,0,0,0,1,1,1,1,1,0,0,0,0,12. LACK OF MONEY,5. FOOD IN THE MARKET WAS VERY EXPENSIVE,4. INADEQUATE HOUSEHOLD FOOD STOCKS DUE TO LACK OF FARM INPUTS,
2. North East,15. Gombe,1503. BILLIRI,2. RURAL,864,159013,1,1. YES,1. YES,1. YES,1. YES,1. YES,1. YES,1. YES,1. YES,1. YES,1. YES,3,4,5,1. YES,0,0,0,1,1,0,0,0,0,1,1,1,1,1,0,0,0,0,0,0,1. INADEQUATE HOUSEHOLD FOOD STOCKS DUE TO DROUGHT/ POOR RAINS,5. FOOD IN THE MARKET WAS VERY EXPENSIVE,,
2. North East,15. Gombe,1503. BILLIRI,2. RURAL,864,159014,1,1. YES,1. YES,1. YES,1. YES,1. YES,1. YES,1. YES,1. YES,1. YES,1. YES,3,3,,1. YES,0,0,0,1,1,1,0,0,0,0,1,1,1,1,1,1,0,0,0,0,2. INADEQUATE HOUSEHOLD FOOD STOCKS DUE TO CROP PEST DAMAGE,,,
2. North East,15. Gombe,1503. BILLIRI,2. RURAL,864,159015,1,1. YES,1. YES,1. YES,1. YES,1. YES,1. YES,1. YES,2. NO,1. YES,2. NO,3,,,1. YES,0,0,0,0,0,0,0,0,0,0,0,0,1,1,1,1,0,0,0,0,5. FOOD IN THE MARKET WAS VERY EXPENSIVE,,,
2. North East,15. Gombe,1503. BILLIRI,2. RURAL,864,159016,1,1. YES,1. YES,1. YES,1. YES,1. YES,1. YES,1. YES,1. YES,1. YES,1. YES,3,3,,1. YES,0,0,0,1,1,0,0,0,0,0,1,1,1,1,1,1,0,0,0,0,1. INADEQUATE HOUSEHOLD FOOD STOCKS DUE TO DROUGHT/ POOR RAINS,5. FOOD IN THE MARKET WAS VERY EXPENSIVE,,
2. North East,15. Gombe,1503. BILLIRI,2. RURAL,864,159017,1,1. YES,1. YES,1. YES,1. YES,1. YES,2. NO,1. YES,1. YES,1. YES,1. YES,2,3,,1. YES,0,0,0,0,0,0,0,0,0,0,1,1,0,0,0,0,0,0,0,0,4. INADEQUATE HOUSEHOLD FOOD STOCKS DUE TO LACK OF FARM INPUTS,,,
2. North East,15. Gombe,1503. BILLIRI,2. RURAL,864,159018,2,2. NO,2. NO,2. NO,2. NO,2. NO,2. NO,2. NO,2. NO,2. NO,2. NO,3,3,,2. NO,,,,,,,,,,,,,,,,,,,,,,,,
2. North East,15. Gombe,1503. BILLIRI,2. RURAL,864,159019,2,1. YES,1. YES,1. YES,1. YES,1. YES,1. YES,1. YES,1. YES,1. YES,1. YES,2,3,3,2. NO,,,,,,,,,,,,,,,,,,,,,,,,
2. North East,15. Gombe,1503. BILLIRI,2. RURAL,864,159021,1,1. YES,1. YES,1. YES,1. YES,1. YES,1. YES,1. YES,2. NO,1. YES,1. YES,3,4,,1. YES,0,0,0,1,1,0,0,0,0,0,0,1,1,1,1,1,0,0,0,0,7. NO FOOD IN THE MARKET,4. INADEQUATE HOUSEHOLD FOOD STOCKS DUE TO LACK OF FARM INPUTS,,
2. North East,15. Gombe,1503. BILLIRI,2. RURAL,864,159022,2,1. YES,1. YES,1. YES,1. YES,1. YES,1. YES,1. YES,2. NO,1. YES,1. YES,3,3,5,1. YES,0,0,0,1,0,0,0,0,0,0,0,1,1,1,1,1,0,0,0,0,12. LACK OF MONEY,4. INADEQUATE HOUSEHOLD FOOD STOCKS DUE TO LACK OF FARM INPUTS,,
2. North East,15. Gombe,1503. BILLIRI,2. RURAL,864,159023,4,1. YES,1. YES,1. YES,1. YES,1. YES,1. YES,1. YES,1. YES,1. YES,1. YES,3,4,,1. YES,0,0,0,1,1,0,0,0,0,0,0,0,1,1,1,1,0,0,0,0,1. INADEQUATE HOUSEHOLD FOOD STOCKS DUE TO DROUGHT/ POOR RAINS,5. FOOD IN THE MARKET WAS VERY EXPENSIVE,,
2. North East,15. Gombe,1503. BILLIRI,2. RURAL,1076,159025,1,1. YES,1. YES,1. YES,2. NO,2. NO,2. NO,2. NO,2. NO,2. NO,2. NO,3,,,2. NO,,,,,,,,,,,,,,,,,,,,,,,,
2. North East,15. Gombe,1503. BILLIRI,2. RURAL,1076,159026,1,1. YES,1. YES,1. YES,1. YES,1. YES,1. YES,1. YES,1. YES,1. YES,1. YES,2,2,,1. YES,0,0,0,0,0,0,0,0,0,0,0,1,1,1,0,0,0,0,0,0,1. INADEQUATE HOUSEHOLD FOOD STOCKS DUE TO DROUGHT/ POOR RAINS,,,
2. North East,15. Gombe,1503. BILLIRI,2. RURAL,1076,159027,1,2. NO,2. NO,2. NO,1. YES,1. YES,1. YES,1. YES,1. YES,2. NO,2. NO,3,3,,1. YES,0,0,0,0,1,1,0,0,0,0,0,0,0,1,1,1,0,0,0,0,1. INADEQUATE HOUSEHOLD FOOD STOCKS DUE TO DROUGHT/ POOR RAINS,,,
2. North East,15. Gombe,1503. BILLIRI,2. RURAL,1076,159028,3,1. YES,1. YES,1. YES,1. YES,1. YES,1. YES,2. NO,2. NO,2. NO,1. YES,3,,,1. YES,0,0,0,1,1,0,0,0,0,0,0,0,0,0,1,1,0,0,0,0,1. INADEQUATE HOUSEHOLD FOOD STOCKS DUE TO DROUGHT/ POOR RAINS,5. FOOD IN THE MARKET WAS VERY EXPENSIVE,,
2. North East,15. Gombe,1503. BILLIRI,2. RURAL,1076,159029,1,1. YES,1. YES,1. YES,1. YES,1. YES,1. YES,1. YES,1. YES,1. YES,1. YES,2,2,,1. YES,0,0,0,0,0,0,0,0,0,0,0,0,1,1,1,1,0,0,0,0,3. INADEQUATE HOUSEHOLD FOOD STOCKS DUE TO SMALL LAND SIZE,5. FOOD IN THE MARKET WAS VERY EXPENSIVE,12. LACK OF MONEY,
2. North East,15. Gombe,1503. BILLIRI,2. RURAL,1076,159032,3,1. YES,1. YES,1. YES,1. YES,1. YES,1. YES,1. YES,1. YES,1. YES,1. YES,3,3,,1. YES,0,0,0,1,0,0,0,0,0,0,0,1,1,1,1,1,0,0,0,0,12. LACK OF MONEY,4. INADEQUATE HOUSEHOLD FOOD STOCKS DUE TO LACK OF FARM INPUTS,,
2. North East,15. Gombe,1503. BILLIRI,2. RURAL,1076,159033,1,2. NO,1. YES,1. YES,2. NO,2. NO,2. NO,2. NO,2. NO,2. NO,2. NO,3,4,6,2. NO,,,,,,,,,,,,,,,,,,,,,,,,
2. North East,15. Gombe,1503. BILLIRI,2. RURAL,1076,159034,1,2. NO,1. YES,2. NO,1. YES,1. YES,1. YES,1. YES,2. NO,2. NO,2. NO,3,4,,1. YES,0,0,0,1,1,1,0,0,0,0,0,0,1,1,1,1,0,0,0,0,3. INADEQUATE HOUSEHOLD FOOD STOCKS DUE TO SMALL LAND SIZE,,,
2. North East,15. Gombe,1503. BILLIRI,2. RURAL,1076,159035,101,1. YES,1. YES,1. YES,1. YES,1. YES,1. YES,1. YES,1. YES,1. YES,1. YES,3,,,1. YES,0,0,0,1,0,0,0,0,0,0,0,0,1,1,1,1,0,0,0,0,4. INADEQUATE HOUSEHOLD FOOD STOCKS DUE TO LACK OF FARM INPUTS,12. LACK OF MONEY,,
2. North East,15. Gombe,1506. GOMBE,1. URBAN,244,159036,2,1. YES,1. YES,1. YES,2. NO,1. YES,2. NO,2. NO,2. NO,1. YES,2. NO,3,4,4,1. YES,0,0,0,1,0,0,0,0,0,0,0,0,0,0,0,0,0,0,0,0,5. FOOD IN THE MARKET WAS VERY EXPENSIVE,,,
2. North East,15. Gombe,1506. GOMBE,1. URBAN,244,159037,1,2. NO,1. YES,1. YES,2. NO,2. NO,2. NO,2. NO,2. NO,2. NO,2. NO,3,4,4,2. NO,,,,,,,,,,,,,,,,,,,,,,,,
2. North East,15. Gombe,1506. GOMBE,1. URBAN,244,159038,2,1. YES,1. YES,1. YES,2. NO,1. YES,1. YES,1. YES,2. NO,1. YES,2. NO,3,4,5,2. NO,,,,,,,,,,,,,,,,,,,,,,,,
2. North East,15. Gombe,1506. GOMBE,1. URBAN,244,159039,1,1. YES,1. YES,1. YES,1. YES,1. YES,1. YES,1. YES,2. NO,1. YES,1. YES,3,3,,1. YES,0,0,0,1,1,0,0,0,0,0,0,0,0,1,1,1,0,0,0,0,5. FOOD IN THE MARKET WAS VERY EXPENSIVE,12. LACK OF MONEY,,
2. North East,15. Gombe,1506. GOMBE,1. URBAN,244,159040,1,1. YES,1. YES,1. YES,1. YES,1. YES,1. YES,1. YES,2. NO,1. YES,1. YES,3,4,5,1. YES,0,0,0,1,1,0,0,0,0,0,0,0,0,1,1,1,0,0,0,0,1. INADEQUATE HOUSEHOLD FOOD STOCKS DUE TO DROUGHT/ POOR RAINS,5. FOOD IN THE MARKET WAS VERY EXPENSIVE,12. LACK OF MONEY,
2. North East,15. Gombe,1506. GOMBE,1. URBAN,244,159042,9,2. NO,2. NO,2. NO,2. NO,2. NO,2. NO,2. NO,2. NO,2. NO,2. NO,3,3,,2. NO,,,,,,,,,,,,,,,,,,,,,,,,
2. North East,15. Gombe,1506. GOMBE,1. URBAN,244,159043,1,1. YES,2. NO,1. YES,2. NO,2. NO,2. NO,1. YES,2. NO,2. NO,2. NO,3,3,,2. NO,,,,,,,,,,,,,,,,,,,,,,,,
2. North East,15. Gombe,1506. GOMBE,1. URBAN,244,159045,1,1. YES,1. YES,1. YES,1. YES,1. YES,1. YES,1. YES,2. NO,2. NO,1. YES,3,,,1. YES,1,0,0,0,0,0,0,0,0,0,0,0,0,0,0,0,0,0,0,0,12. LACK OF MONEY,,,
2. North East,15. Gombe,1506. GOMBE,1. URBAN,244,159047,2,1. YES,1. YES,1. YES,1. YES,1. YES,1. YES,1. YES,1. YES,1. YES,1. YES,2,2,,2. NO,,,,,,,,,,,,,,,,,,,,,,,,
2. North East,15. Gombe,1506. GOMBE,1. URBAN,458,159048,2,2. NO,1. YES,2. NO,2. NO,1. YES,2. NO,2. NO,2. NO,2. NO,2. NO,3,3,5,2. NO,,,,,,,,,,,,,,,,,,,,,,,,
2. North East,15. Gombe,1506. GOMBE,1. URBAN,458,159049,2,1. YES,1. YES,1. YES,1. YES,1. YES,1. YES,1. YES,2. NO,1. YES,1. YES,3,3,,1. YES,1,0,0,0,0,0,0,0,0,0,0,0,0,0,0,0,0,0,0,0,1. INADEQUATE HOUSEHOLD FOOD STOCKS DUE TO DROUGHT/ POOR RAINS,5. FOOD IN THE MARKET WAS VERY EXPENSIVE,12. LACK OF MONEY,
2. North East,15. Gombe,1506. GOMBE,1. URBAN,458,159050,1,2. NO,2. NO,2. NO,2. NO,2. NO,2. NO,2. NO,2. NO,2. NO,2. NO,3,3,3,2. NO,,,,,,,,,,,,,,,,,,,,,,,,
2. North East,15. Gombe,1506. GOMBE,1. URBAN,458,159051,1,2. NO,1. YES,1. YES,2. NO,2. NO,2. NO,2. NO,2. NO,2. NO,2. NO,3,4,5,2. NO,,,,,,,,,,,,,,,,,,,,,,,,
2. North East,15. Gombe,1506. GOMBE,1. URBAN,458,159052,1,2. NO,1. YES,1. YES,2. NO,1. YES,2. NO,2. NO,2. NO,2. NO,2. NO,3,4,5,2. NO,,,,,,,,,,,,,,,,,,,,,,,,
2. North East,15. Gombe,1506. GOMBE,1. URBAN,458,159053,2,2. NO,2. NO,2. NO,2. NO,2. NO,2. NO,2. NO,2. NO,2. NO,2. NO,3,3,3,2. NO,,,,,,,,,,,,,,,,,,,,,,,,
2. North East,15. Gombe,1506. GOMBE,1. URBAN,458,159055,1,1. YES,1. YES,1. YES,1. YES,1. YES,1. YES,1. YES,2. NO,1. YES,1. YES,3,3,4,1. YES,0,0,0,1,1,1,0,0,0,0,0,0,0,1,1,1,0,0,0,0,5. FOOD IN THE MARKET WAS VERY EXPENSIVE,12. LACK OF MONEY,,
2. North East,15. Gombe,1506. GOMBE,1. URBAN,458,159056,2,1. YES,1. YES,1. YES,1. YES,1. YES,1. YES,1. YES,2. NO,1. YES,1. YES,3,3,,1. YES,0,0,0,0,0,0,0,0,0,0,0,0,0,1,1,1,0,0,0,0,5. FOOD IN THE MARKET WAS VERY EXPENSIVE,12. LACK OF MONEY,,
2. North East,15. Gombe,1506. GOMBE,1. URBAN,458,159057,1,1. YES,1. YES,1. YES,1. YES,1. YES,1. YES,1. YES,2. NO,1. YES,1. YES,3,4,5,1. YES,0,0,0,0,0,0,0,0,0,0,0,0,0,1,1,1,0,0,0,0,12. LACK OF MONEY,5. FOOD IN THE MARKET WAS VERY EXPENSIVE,,
2. North East,15. Gombe,1506. GOMBE,1. URBAN,458,159059,701,2. NO,2. NO,2. NO,2. NO,2. NO,2. NO,2. NO,2. NO,2. NO,2. NO,3,3,3,2. NO,,,,,,,,,,,,,,,,,,,,,,,,
2. North East,15. Gombe,1506. GOMBE,1. URBAN,1328,159060,1,1. YES,1. YES,1. YES,1. YES,1. YES,1. YES,2. NO,2. NO,1. YES,1. YES,3,3,4,1. YES,0,0,0,1,1,1,0,0,0,0,0,0,0,1,1,1,0,0,0,0,5. FOOD IN THE MARKET WAS VERY EXPENSIVE,12. LACK OF MONEY,,
2. North East,15. Gombe,1506. GOMBE,1. URBAN,1328,159061,2,2. NO,2. NO,2. NO,2. NO,2. NO,2. NO,2. NO,2. NO,2. NO,2. NO,3,3,,2. NO,,,,,,,,,,,,,,,,,,,,,,,,
3. North West,19. Kano,1928. MADOBI,1. URBAN,0,159062,1,2. NO,2. NO,2. NO,2. NO,2. NO,2. NO,2. NO,2. NO,2. NO,2. NO,3,,4,1. YES,0,0,0,0,0,0,0,0,0,0,0,0,0,0,0,1,0,0,0,0,12. LACK OF MONEY,,,
2. North East,15. Gombe,1506. GOMBE,1. URBAN,1328,159063,1,1. YES,1. YES,1. YES,1. YES,1. YES,1. YES,1. YES,2. NO,1. YES,1. YES,3,4,5,1. YES,1,0,0,0,0,0,0,0,0,0,0,0,0,0,0,0,0,0,0,0,12. LACK OF MONEY,5. FOOD IN THE MARKET WAS VERY EXPENSIVE,,
2. North East,15. Gombe,1506. GOMBE,1. URBAN,1328,159064,1,2. NO,2. NO,2. NO,2. NO,2. NO,2. NO,2. NO,2. NO,2. NO,2. NO,4,4,,2. NO,,,,,,,,,,,,,,,,,,,,,,,,
2. North East,15. Gombe,1506. GOMBE,1. URBAN,1328,159065,1,2. NO,1. YES,1. YES,2. NO,2. NO,2. NO,2. NO,2. NO,2. NO,2. NO,3,3,4,2. NO,,,,,,,,,,,,,,,,,,,,,,,,
2. North East,15. Gombe,1506. GOMBE,1. URBAN,1328,159066,502,1. YES,1. YES,1. YES,1. YES,1. YES,2. NO,1. YES,2. NO,2. NO,2. NO,3,,5,2. NO,,,,,,,,,,,,,,,,,,,,,,,,
2. North East,15. Gombe,1506. GOMBE,1. URBAN,1328,159067,2,1. YES,1. YES,1. YES,1. YES,1. YES,1. YES,1. YES,2. NO,1. YES,1. YES,3,,,1. YES,1,0,0,0,0,0,0,0,0,0,0,0,0,0,0,0,0,0,0,0,12. LACK OF MONEY,5. FOOD IN THE MARKET WAS VERY EXPENSIVE,,
2. North East,15. Gombe,1506. GOMBE,1. URBAN,1328,159068,1,1. YES,1. YES,1. YES,1. YES,1. YES,1. YES,1. YES,2. NO,1. YES,1. YES,3,3,4,1. YES,0,0,0,1,1,1,0,0,0,0,0,0,1,1,1,1,0,0,0,0,12. LACK OF MONEY,5. FOOD IN THE MARKET WAS VERY EXPENSIVE,,
2. North East,15. Gombe,1506. GOMBE,1. URBAN,1328,159071,1601,2. NO,2. NO,1. YES,2. NO,1. YES,2. NO,2. NO,2. NO,2. NO,2. NO,3,,,2. NO,,,,,,,,,,,,,,,,,,,,,,,,
2. North East,15. Gombe,1509. NAFADA,2. RURAL,388,159072,4,1. YES,1. YES,1. YES,1. YES,1. YES,1. YES,1. YES,1. YES,1. YES,1. YES,3,4,,1. YES,0,0,1,1,0,0,0,0,0,1,1,1,1,1,1,0,0,0,0,0,4. INADEQUATE HOUSEHOLD FOOD STOCKS DUE TO LACK OF FARM INPUTS,5. FOOD IN THE MARKET WAS VERY EXPENSIVE,2. INADEQUATE HOUSEHOLD FOOD STOCKS DUE TO CROP PEST DAMAGE,
2. North East,15. Gombe,1509. NAFADA,2. RURAL,388,159073,3,1. YES,1. YES,1. YES,1. YES,1. YES,1. YES,1. YES,2. NO,1. YES,1. YES,3,3,,2. NO,,,,,,,,,,,,,,,,,,,,,,,,
2. North East,15. Gombe,1509. NAFADA,2. RURAL,388,159074,2,1. YES,1. YES,1. YES,1. YES,1. YES,1. YES,1. YES,1. YES,1. YES,1. YES,3,,,1. YES,0,0,0,1,1,1,1,0,0,0,0,1,1,1,1,1,0,0,0,0,4. INADEQUATE HOUSEHOLD FOOD STOCKS DUE TO LACK OF FARM INPUTS,5. FOOD IN THE MARKET WAS VERY EXPENSIVE,12. LACK OF MONEY,
2. North East,15. Gombe,1509. NAFADA,2. RURAL,388,159076,1,2. NO,2. NO,2. NO,2. NO,2. NO,2. NO,2. NO,2. NO,2. NO,2. NO,3,3,3,1. YES,0,0,0,0,0,0,0,0,0,0,0,0,1,1,0,0,0,0,0,0,5. FOOD IN THE MARKET WAS VERY EXPENSIVE,,,
2. North East,15. Gombe,1509. NAFADA,2. RURAL,388,159078,5,1. YES,1. YES,1. YES,1. YES,1. YES,1. YES,1. YES,2. NO,1. YES,1. YES,3,5,6,1. YES,0,0,1,1,1,0,0,0,0,0,0,0,0,1,1,0,0,0,0,0,5. FOOD IN THE MARKET WAS VERY EXPENSIVE,4. INADEQUATE HOUSEHOLD FOOD STOCKS DUE TO LACK OF FARM INPUTS,2. INADEQUATE HOUSEHOLD FOOD STOCKS DUE TO CROP PEST DAMAGE,
2. North East,15. Gombe,1509. NAFADA,2. RURAL,388,159079,2,1. YES,1. YES,1. YES,1. YES,1. YES,1. YES,1. YES,2. NO,1. YES,1. YES,3,,,1. YES,0,0,1,1,0,0,0,0,0,0,0,0,1,1,1,0,0,0,0,0,12. LACK OF MONEY,5. FOOD IN THE MARKET WAS VERY EXPENSIVE,4. INADEQUATE HOUSEHOLD FOOD STOCKS DUE TO LACK OF FARM INPUTS,
2. North East,15. Gombe,1509. NAFADA,2. RURAL,388,159081,1,1. YES,1. YES,1. YES,1. YES,1. YES,1. YES,1. YES,1. YES,1. YES,1. YES,2,2,2,1. YES,0,0,0,0,0,0,0,0,0,0,0,0,1,1,0,0,0,0,0,0,5. FOOD IN THE MARKET WAS VERY EXPENSIVE,,,
2. North East,15. Gombe,1509. NAFADA,2. RURAL,388,159082,2,1. YES,1. YES,1. YES,1. YES,1. YES,1. YES,1. YES,2. NO,1. YES,1. YES,3,3,5,1. YES,0,0,1,1,1,0,0,0,0,0,1,1,1,1,1,0,0,0,0,0,12. LACK OF MONEY,4. INADEQUATE HOUSEHOLD FOOD STOCKS DUE TO LACK OF FARM INPUTS,5. FOOD IN THE MARKET WAS VERY EXPENSIVE,
2. North East,15. Gombe,1509. NAFADA,2. RURAL,388,159083,1,1. YES,1. YES,1. YES,1. YES,1. YES,2. NO,1. YES,2. NO,1. YES,1. YES,3,4,5,1. YES,0,0,1,1,1,0,0,0,0,0,0,0,1,1,1,0,0,0,0,0,4. INADEQUATE HOUSEHOLD FOOD STOCKS DUE TO LACK OF FARM INPUTS,5. FOOD IN THE MARKET WAS VERY EXPENSIVE,12. LACK OF MONEY,
2. North East,15. Gombe,1510. SHONGOM,2. RURAL,838,159084,5,1. YES,1. YES,1. YES,1. YES,1. YES,1. YES,1. YES,1. YES,1. YES,1. YES,2,,,1. YES,0,0,0,0,0,0,0,0,1,1,1,0,0,0,0,0,0,0,0,0,1. INADEQUATE HOUSEHOLD FOOD STOCKS DUE TO DROUGHT/ POOR RAINS,,,
2. North East,15. Gombe,1510. SHONGOM,2. RURAL,838,159085,2,1. YES,1. YES,1. YES,1. YES,1. YES,1. YES,1. YES,1. YES,1. YES,1. YES,3,3,,1. YES,0,0,0,1,0,0,0,0,0,0,0,1,1,1,1,1,0,0,0,0,12. LACK OF MONEY,5. FOOD IN THE MARKET WAS VERY EXPENSIVE,4. INADEQUATE HOUSEHOLD FOOD STOCKS DUE TO LACK OF FARM INPUTS,
2. North East,15. Gombe,1510. SHONGOM,2. RURAL,838,159086,1,2. NO,1. YES,1. YES,1. YES,1. YES,1. YES,1. YES,1. YES,1. YES,1. YES,3,4,5,1. YES,0,0,0,1,1,0,0,0,0,0,0,0,0,0,0,0,0,0,0,0,1. INADEQUATE HOUSEHOLD FOOD STOCKS DUE TO DROUGHT/ POOR RAINS,5. FOOD IN THE MARKET WAS VERY EXPENSIVE,,
2. North East,15. Gombe,1510. SHONGOM,2. RURAL,838,159087,1,2. NO,2. NO,2. NO,2. NO,2. NO,2. NO,2. NO,2. NO,2. NO,2. NO,2,,,2. NO,,,,,,,,,,,,,,,,,,,,,,,,
2. North East,15. Gombe,1510. SHONGOM,2. RURAL,838,159088,3,1. YES,1. YES,1. YES,1. YES,1. YES,1. YES,1. YES,1. YES,1. YES,1. YES,2,,,1. YES,0,0,0,0,0,0,0,0,0,1,1,1,0,0,0,0,0,0,0,0,1. INADEQUATE HOUSEHOLD FOOD STOCKS DUE TO DROUGHT/ POOR RAINS,3. INADEQUATE HOUSEHOLD FOOD STOCKS DUE TO SMALL LAND SIZE,5. FOOD IN THE MARKET WAS VERY EXPENSIVE,
2. North East,15. Gombe,1510. SHONGOM,2. RURAL,838,159089,1,1. YES,1. YES,2. NO,1. YES,2. NO,1. YES,1. YES,1. YES,2. NO,1. YES,3,4,,2. NO,,,,,,,,,,,,,,,,,,,,,,,,
2. North East,15. Gombe,1510. SHONGOM,2. RURAL,838,159090,1,1. YES,1. YES,1. YES,1. YES,1. YES,1. YES,1. YES,1. YES,1. YES,1. YES,3,4,,1. YES,0,0,0,1,1,0,0,0,0,0,0,0,1,1,1,1,0,0,0,0,1. INADEQUATE HOUSEHOLD FOOD STOCKS DUE TO DROUGHT/ POOR RAINS,5. FOOD IN THE MARKET WAS VERY EXPENSIVE,,
2. North East,15. Gombe,1510. SHONGOM,2. RURAL,838,159093,1,1. YES,1. YES,1. YES,1. YES,1. YES,1. YES,1. YES,1. YES,1. YES,1. YES,3,3,5,1. YES,1,0,0,0,0,0,0,0,0,0,0,0,0,0,0,0,0,0,0,0,12. LACK OF MONEY,,,
2. North East,15. Gombe,1510. SHONGOM,2. RURAL,838,159094,3,1. YES,1. YES,1. YES,1. YES,1. YES,1. YES,1. YES,1. YES,1. YES,1. YES,3,4,,1. YES,0,0,0,1,1,0,0,0,0,0,0,1,1,1,1,1,0,0,0,0,12. LACK OF MONEY,,,
2. North East,15. Gombe,1510. SHONGOM,2. RURAL,838,159095,1,1. YES,1. YES,1. YES,1. YES,1. YES,1. YES,1. YES,1. YES,1. YES,1. YES,3,3,3,2. NO,,,,,,,,,,,,,,,,,,,,,,,,
2. North East,15. Gombe,1511. YAMALTU DEBA,2. RURAL,1498,159096,1,1. YES,1. YES,1. YES,1. YES,1. YES,1. YES,1. YES,1. YES,1. YES,1. YES,3,3,4,1. YES,0,0,0,1,1,0,0,0,0,0,0,0,1,1,1,1,0,0,0,0,1. INADEQUATE HOUSEHOLD FOOD STOCKS DUE TO DROUGHT/ POOR RAINS,5. FOOD IN THE MARKET WAS VERY EXPENSIVE,,
2. North East,15. Gombe,1511. YAMALTU DEBA,2. RURAL,1498,159097,1,2. NO,2. NO,2. NO,2. NO,2. NO,2. NO,2. NO,2. NO,2. NO,2. NO,3,,3,2. NO,,,,,,,,,,,,,,,,,,,,,,,,
2. North East,15. Gombe,1511. YAMALTU DEBA,2. RURAL,1498,159098,1,1. YES,1. YES,1. YES,1. YES,1. YES,1. YES,1. YES,1. YES,1. YES,1. YES,3,4,6,1. YES,0,0,0,1,1,0,0,0,0,0,0,1,1,1,1,1,0,0,0,0,1. INADEQUATE HOUSEHOLD FOOD STOCKS DUE TO DROUGHT/ POOR RAINS,5. FOOD IN THE MARKET WAS VERY EXPENSIVE,,
2. North East,15. Gombe,1511. YAMALTU DEBA,2. RURAL,1498,159099,1,1. YES,1. YES,1. YES,1. YES,1. YES,1. YES,2. NO,2. NO,2. NO,2. NO,3,3,,2. NO,,,,,,,,,,,,,,,,,,,,,,,,
2. North East,15. Gombe,1511. YAMALTU DEBA,2. RURAL,1498,159100,2,1. YES,1. YES,1. YES,1. YES,1. YES,1. YES,1. YES,1. YES,1. YES,1. YES,3,5,,1. YES,0,0,0,1,1,0,0,0,0,0,0,1,1,1,1,1,0,0,0,0,1. INADEQUATE HOUSEHOLD FOOD STOCKS DUE TO DROUGHT/ POOR RAINS,5. FOOD IN THE MARKET WAS VERY EXPENSIVE,,
2. North East,15. Gombe,1511. YAMALTU DEBA,2. RURAL,1498,159101,1,1. YES,1. YES,1. YES,1. YES,1. YES,1. YES,1. YES,1. YES,1. YES,1. YES,3,4,,1. YES,0,0,0,1,0,0,0,0,0,0,0,0,1,1,1,1,0,0,0,0,12. LACK OF MONEY,5. FOOD IN THE MARKET WAS VERY EXPENSIVE,,
2. North East,15. Gombe,1511. YAMALTU DEBA,2. RURAL,1498,159102,1,2. NO,2. NO,2. NO,2. NO,2. NO,2. NO,2. NO,2. NO,2. NO,2. NO,3,,3,2. NO,,,,,,,,,,,,,,,,,,,,,,,,
2. North East,15. Gombe,1511. YAMALTU DEBA,2. RURAL,1498,159105,1,1. YES,1. YES,1. YES,1. YES,1. YES,1. YES,1. YES,2. NO,1. YES,2. NO,3,4,6,1. YES,0,0,0,1,1,0,0,0,0,0,0,0,0,0,0,1,0,0,0,0,5. FOOD IN THE MARKET WAS VERY EXPENSIVE,1. INADEQUATE HOUSEHOLD FOOD STOCKS DUE TO DROUGHT/ POOR RAINS,,
2. North East,15. Gombe,1511. YAMALTU DEBA,2. RURAL,1498,159106,1,1. YES,1. YES,1. YES,1. YES,1. YES,1. YES,1. YES,1. YES,1. YES,1. YES,3,3,3,1. YES,0,0,0,1,1,1,0,0,0,1,1,1,1,1,1,1,0,0,0,0,1. INADEQUATE HOUSEHOLD FOOD STOCKS DUE TO DROUGHT/ POOR RAINS,4. INADEQUATE HOUSEHOLD FOOD STOCKS DUE TO LACK OF FARM INPUTS,,
2. North East,15. Gombe,1511. YAMALTU DEBA,2. RURAL,1498,159107,5102,1. YES,1. YES,1. YES,1. YES,1. YES,1. YES,1. YES,2. NO,1. YES,2. NO,3,4,6,1. YES,0,0,0,1,0,0,0,0,0,0,0,0,0,0,1,1,0,0,0,0,12. LACK OF MONEY,4. INADEQUATE HOUSEHOLD FOOD STOCKS DUE TO LACK OF FARM INPUTS,,
2. North East,15. Gombe,1503. BILLIRI,2. RURAL,1076,159111,1,1. YES,1. YES,1. YES,1. YES,1. YES,2. NO,1. YES,2. NO,2. NO,1. YES,3,,4,1. YES,0,0,0,1,1,0,0,0,0,0,0,0,0,0,1,1,0,0,0,0,1. INADEQUATE HOUSEHOLD FOOD STOCKS DUE TO DROUGHT/ POOR RAINS,5. FOOD IN THE MARKET WAS VERY EXPENSIVE,,
2. North East,15. Gombe,1506. GOMBE,1. URBAN,244,159112,1,1. YES,1. YES,1. YES,1. YES,1. YES,1. YES,1. YES,2. NO,1. YES,1. YES,3,4,,1. YES,0,0,0,0,0,0,0,0,0,0,0,0,0,1,1,1,0,0,0,0,5. FOOD IN THE MARKET WAS VERY EXPENSIVE,12. LACK OF MONEY,,
2. North East,15. Gombe,1509. NAFADA,2. RURAL,388,159119,1,2. NO,2. NO,2. NO,2. NO,2. NO,2. NO,2. NO,2. NO,2. NO,2. NO,3,3,,2. NO,,,,,,,,,,,,,,,,,,,,,,,,
4. South East,16. Imo,1626. OWERRI WEST,2. RURAL,1546,160001,2,2. NO,1. YES,1. YES,1. YES,1. YES,1. YES,2. NO,2. NO,2. NO,2. NO,3,,,1. YES,0,0,0,0,0,0,0,0,0,1,1,0,1,0,1,0,0,0,0,0,12. LACK OF MONEY,13. LACK OF ACCESS TO MONEY AT THE BANK DUE TO NAIRA REDESIGN,,
4. South East,16. Imo,1626. OWERRI WEST,2. RURAL,1546,160002,1,1. YES,1. YES,1. YES,1. YES,1. YES,1. YES,1. YES,2. NO,1. YES,2. NO,2,2,,1. YES,0,0,0,0,0,0,0,0,1,1,1,1,0,0,0,0,0,0,0,0,5. FOOD IN THE MARKET WAS VERY EXPENSIVE,12. LACK OF MONEY,13. LACK OF ACCESS TO MONEY AT THE BANK DUE TO NAIRA REDESIGN,
4. South East,16. Imo,1626. OWERRI WEST,2. RURAL,1546,160003,2,1. YES,1. YES,1. YES,1. YES,1. YES,1. YES,1. YES,2. NO,1. YES,2. NO,2,2,,1. YES,0,0,0,0,0,0,0,1,1,1,1,1,1,1,1,1,0,0,0,0,4. INADEQUATE HOUSEHOLD FOOD STOCKS DUE TO LACK OF FARM INPUTS,5. FOOD IN THE MARKET WAS VERY EXPENSIVE,12. LACK OF MONEY,
4. South East,16. Imo,1626. OWERRI WEST,2. RURAL,1546,160004,2,1. YES,1. YES,1. YES,1. YES,1. YES,1. YES,1. YES,2. NO,1. YES,1. YES,2,,,1. YES,0,0,0,0,0,0,0,0,1,1,1,1,0,0,0,0,0,0,0,0,12. LACK OF MONEY,13. LACK OF ACCESS TO MONEY AT THE BANK DUE TO NAIRA REDESIGN,5. FOOD IN THE MARKET WAS VERY EXPENSIVE,
4. South East,16. Imo,1626. OWERRI WEST,2. RURAL,1546,160005,1,1. YES,1. YES,1. YES,1. YES,1. YES,2. NO,1. YES,2. NO,2. NO,2. NO,2,,,1. YES,0,0,0,0,0,0,0,0,0,0,0,1,1,1,1,1,0,0,0,0,5. FOOD IN THE MARKET WAS VERY EXPENSIVE,12. LACK OF MONEY,,
4. South East,16. Imo,1626. OWERRI WEST,2. RURAL,1546,160006,2,1. YES,1. YES,1. YES,1. YES,1. YES,1. YES,1. YES,2. NO,1. YES,2. NO,2,,,1. YES,0,0,0,0,0,0,0,0,1,1,1,1,0,0,0,0,0,0,0,0,12. LACK OF MONEY,13. LACK OF ACCESS TO MONEY AT THE BANK DUE TO NAIRA REDESIGN,5. FOOD IN THE MARKET WAS VERY EXPENSIVE,
4. South East,16. Imo,1626. OWERRI WEST,2. RURAL,1546,160007,5,1. YES,1. YES,1. YES,1. YES,1. YES,2. NO,2. NO,2. NO,1. YES,2. NO,2,,3,1. YES,0,0,0,0,0,0,0,0,0,1,1,0,1,0,0,0,0,0,0,0,12. LACK OF MONEY,13. LACK OF ACCESS TO MONEY AT THE BANK DUE TO NAIRA REDESIGN,,
4. South East,16. Imo,1626. OWERRI WEST,2. RURAL,1546,160008,2,1. YES,2. NO,1. YES,2. NO,2. NO,2. NO,1. YES,2. NO,2. NO,2. NO,2,2,,1. YES,0,0,0,0,0,0,0,1,1,1,1,1,0,0,0,0,0,0,0,0,12. LACK OF MONEY,13. LACK OF ACCESS TO MONEY AT THE BANK DUE TO NAIRA REDESIGN,,
4. South East,16. Imo,1626. OWERRI WEST,2. RURAL,1546,160009,1,1. YES,1. YES,1. YES,1. YES,1. YES,1. YES,1. YES,2. NO,1. YES,1. YES,2,,,1. YES,0,0,0,0,0,0,0,0,0,0,1,1,1,1,1,1,0,0,0,0,12. LACK OF MONEY,5. FOOD IN THE MARKET WAS VERY EXPENSIVE,,
4. South East,16. Imo,1620. ORLU,2. RURAL,0,160010,1,1. YES,1. YES,1. YES,1. YES,1. YES,1. YES,1. YES,2. NO,1. YES,1. YES,2,2,,1. YES,1,0,0,0,0,0,0,0,0,0,0,0,0,0,0,0,0,0,0,0,5. FOOD IN THE MARKET WAS VERY EXPENSIVE,12. LACK OF MONEY,,
4. South East,16. Imo,1622. ORU EAST,1. URBAN,136,160018,1301,1. YES,1. YES,1. YES,1. YES,1. YES,1. YES,1. YES,2. NO,2. NO,2. NO,3,,,2. NO,,,,,,,,,,,,,,,,,,,,,,,,
4. South East,16. Imo,1622. ORU EAST,1. URBAN,136,160019,4,2. NO,2. NO,2. NO,2. NO,2. NO,2. NO,2. NO,2. NO,2. NO,2. NO,3,3,,2. NO,,,,,,,,,,,,,,,,,,,,,,,,
4. South East,16. Imo,1622. ORU EAST,1. URBAN,136,160024,4,1. YES,1. YES,1. YES,1. YES,1. YES,1. YES,1. YES,2. NO,1. YES,2. NO,2,2,,1. YES,0,0,0,0,0,0,0,0,0,0,1,1,1,1,1,1,0,0,0,0,5. FOOD IN THE MARKET WAS VERY EXPENSIVE,12. LACK OF MONEY,,
4. South East,16. Imo,1622. ORU EAST,1. URBAN,136,160032,2,1. YES,1. YES,1. YES,1. YES,1. YES,1. YES,2. NO,2. NO,1. YES,2. NO,2,3,3,2. NO,,,,,,,,,,,,,,,,,,,,,,,,
4. South East,16. Imo,1622. ORU EAST,1. URBAN,136,160035,1,1. YES,1. YES,1. YES,1. YES,1. YES,2. NO,2. NO,2. NO,1. YES,2. NO,2,3,,1. YES,0,0,0,0,0,0,0,0,0,0,0,0,1,1,1,1,0,0,0,0,5. FOOD IN THE MARKET WAS VERY EXPENSIVE,12. LACK OF MONEY,,
4. South East,16. Imo,1622. ORU EAST,1. URBAN,136,160036,1302,1. YES,1. YES,1. YES,1. YES,1. YES,1. YES,1. YES,2. NO,1. YES,1. YES,2,3,3,2. NO,,,,,,,,,,,,,,,,,,,,,,,,
4. South East,16. Imo,1622. ORU EAST,1. URBAN,136,160041,2,1. YES,1. YES,1. YES,1. YES,1. YES,2. NO,1. YES,2. NO,1. YES,2. NO,2,3,,1. YES,0,0,0,0,0,0,0,0,0,0,0,0,1,1,1,1,0,0,0,0,12. LACK OF MONEY,96. OTHER (SPECIFY),,DUE TO FUEL SUBSIDY
4. South East,16. Imo,1613. NJABA,2. RURAL,440,160051,2,1. YES,1. YES,1. YES,1. YES,1. YES,1. YES,1. YES,2. NO,1. YES,2. NO,2,2,,1. YES,0,0,0,0,0,0,0,0,0,1,1,0,0,1,0,0,0,0,0,0,12. LACK OF MONEY,13. LACK OF ACCESS TO MONEY AT THE BANK DUE TO NAIRA REDESIGN,,
4. South East,16. Imo,1613. NJABA,2. RURAL,440,160053,1,1. YES,1. YES,1. YES,1. YES,1. YES,1. YES,1. YES,2. NO,1. YES,2. NO,2,,,1. YES,0,0,0,0,0,0,0,0,1,1,1,1,0,0,0,0,0,0,0,0,5. FOOD IN THE MARKET WAS VERY EXPENSIVE,12. LACK OF MONEY,13. LACK OF ACCESS TO MONEY AT THE BANK DUE TO NAIRA REDESIGN,
4. South East,16. Imo,1613. NJABA,2. RURAL,440,160054,1,1. YES,1. YES,1. YES,1. YES,1. YES,1. YES,1. YES,2. NO,1. YES,1. YES,2,2,,1. YES,0,0,0,0,0,1,1,1,1,1,1,1,1,1,1,1,0,0,0,0,5. FOOD IN THE MARKET WAS VERY EXPENSIVE,12. LACK OF MONEY,,
4. South East,16. Imo,1613. NJABA,2. RURAL,440,160055,2,1. YES,1. YES,1. YES,1. YES,1. YES,1. YES,1. YES,2. NO,1. YES,1. YES,2,3,3,1. YES,0,0,0,0,0,0,0,0,0,1,1,1,1,1,1,1,0,0,0,0,5. FOOD IN THE MARKET WAS VERY EXPENSIVE,12. LACK OF MONEY,,
4. South East,16. Imo,1613. NJABA,2. RURAL,440,160056,1,1. YES,1. YES,1. YES,2. NO,1. YES,1. YES,1. YES,2. NO,2. NO,1. YES,2,3,,1. YES,0,0,0,0,1,1,1,1,1,1,1,1,1,1,1,1,0,0,0,0,5. FOOD IN THE MARKET WAS VERY EXPENSIVE,12. LACK OF MONEY,,
4. South East,16. Imo,1613. NJABA,2. RURAL,440,160057,2,1. YES,1. YES,1. YES,1. YES,1. YES,1. YES,1. YES,2. NO,1. YES,2. NO,2,,,1. YES,0,0,0,0,0,0,0,0,1,1,1,1,0,0,0,0,0,0,0,0,5. FOOD IN THE MARKET WAS VERY EXPENSIVE,12. LACK OF MONEY,13. LACK OF ACCESS TO MONEY AT THE BANK DUE TO NAIRA REDESIGN,
4. South East,16. Imo,1613. NJABA,2. RURAL,440,160058,1301,1. YES,1. YES,1. YES,1. YES,1. YES,1. YES,1. YES,1. YES,1. YES,2. NO,2,2,,1. YES,0,0,0,0,0,0,0,0,1,1,1,1,0,0,0,0,0,0,0,0,5. FOOD IN THE MARKET WAS VERY EXPENSIVE,12. LACK OF MONEY,13. LACK OF ACCESS TO MONEY AT THE BANK DUE TO NAIRA REDESIGN,
4. South East,16. Imo,1613. NJABA,2. RURAL,440,160059,1306,1. YES,1. YES,1. YES,1. YES,1. YES,1. YES,1. YES,2. NO,1. YES,2. NO,2,2,,1. YES,0,0,0,0,0,1,1,1,0,0,1,1,1,1,0,0,0,0,0,0,12. LACK OF MONEY,13. LACK OF ACCESS TO MONEY AT THE BANK DUE TO NAIRA REDESIGN,,
4. South East,16. Imo,1613. NJABA,2. RURAL,440,160060,3,2. NO,2. NO,2. NO,2. NO,2. NO,2. NO,2. NO,2. NO,1. YES,1. YES,2,2,,1. YES,1,0,0,0,0,0,0,0,0,0,0,0,0,0,0,0,0,0,0,0,12. LACK OF MONEY,13. LACK OF ACCESS TO MONEY AT THE BANK DUE TO NAIRA REDESIGN,11. UNABLE TO REACH THE MARKET DUE TO CONFLICT/SECURITY,
4. South East,16. Imo,1605. IDEATO NORTH,2. RURAL,180,160144,1,1. YES,1. YES,1. YES,1. YES,1. YES,1. YES,1. YES,2. NO,1. YES,2. NO,3,,,1. YES,0,0,0,0,0,0,0,0,0,1,1,1,1,1,1,1,0,0,0,0,5. FOOD IN THE MARKET WAS VERY EXPENSIVE,7. NO FOOD IN THE MARKET,,
4. South East,16. Imo,1605. IDEATO NORTH,2. RURAL,180,160145,4,1. YES,1. YES,1. YES,1. YES,1. YES,1. YES,1. YES,2. NO,1. YES,2. NO,2,2,,1. YES,0,0,0,0,0,0,0,0,0,1,0,1,1,1,1,1,0,0,0,0,5. FOOD IN THE MARKET WAS VERY EXPENSIVE,12. LACK OF MONEY,,
4. South East,16. Imo,1605. IDEATO NORTH,2. RURAL,180,160146,2,1. YES,1. YES,1. YES,1. YES,1. YES,1. YES,1. YES,2. NO,2. NO,2. NO,2,,,1. YES,1,0,0,0,0,0,0,0,0,0,0,0,0,0,0,0,0,0,0,0,5. FOOD IN THE MARKET WAS VERY EXPENSIVE,12. LACK OF MONEY,,
4. South East,16. Imo,1605. IDEATO NORTH,2. RURAL,180,160147,2,2. NO,2. NO,2. NO,2. NO,2. NO,2. NO,2. NO,2. NO,2. NO,2. NO,3,3,,2. NO,,,,,,,,,,,,,,,,,,,,,,,,
4. South East,16. Imo,1605. IDEATO NORTH,2. RURAL,180,160148,5101,2. NO,2. NO,2. NO,2. NO,2. NO,2. NO,2. NO,2. NO,2. NO,2. NO,3,,,2. NO,,,,,,,,,,,,,,,,,,,,,,,,
4. South East,16. Imo,1605. IDEATO NORTH,2. RURAL,180,160149,2,1. YES,1. YES,1. YES,1. YES,1. YES,1. YES,1. YES,2. NO,2. NO,2. NO,2,,,2. NO,,,,,,,,,,,,,,,,,,,,,,,,
4. South East,16. Imo,1605. IDEATO NORTH,2. RURAL,180,160150,1,1. YES,1. YES,1. YES,1. YES,1. YES,2. NO,1. YES,2. NO,1. YES,2. NO,2,3,,1. YES,0,0,0,0,0,0,0,0,0,0,0,0,1,1,1,1,0,0,0,0,5. FOOD IN THE MARKET WAS VERY EXPENSIVE,12. LACK OF MONEY,,
4. South East,16. Imo,1605. IDEATO NORTH,2. RURAL,180,160151,2,1. YES,1. YES,1. YES,1. YES,1. YES,1. YES,1. YES,1. YES,1. YES,2. NO,2,,,2. NO,,,,,,,,,,,,,,,,,,,,,,,,
4. South East,16. Imo,1605. IDEATO NORTH,2. RURAL,180,160152,1,1. YES,1. YES,1. YES,1. YES,1. YES,2. NO,2. NO,2. NO,2. NO,2. NO,2,,,1. YES,1,0,0,0,0,0,0,0,0,0,0,0,0,0,0,0,0,0,0,0,5. FOOD IN THE MARKET WAS VERY EXPENSIVE,12. LACK OF MONEY,,
4. South East,16. Imo,1605. IDEATO NORTH,2. RURAL,180,160153,1,1. YES,1. YES,1. YES,2. NO,1. YES,2. NO,2. NO,2. NO,2. NO,2. NO,3,,,1. YES,1,0,0,0,0,0,0,0,0,0,0,0,0,0,0,0,0,0,0,0,12. LACK OF MONEY,5. FOOD IN THE MARKET WAS VERY EXPENSIVE,,
4. South East,16. Imo,1601. ABOH MBAISE,2. RURAL,2484,169001,6,1. YES,1. YES,2. NO,1. YES,1. YES,1. YES,2. NO,2. NO,2. NO,2. NO,2,2,,2. NO,,,,,,,,,,,,,,,,,,,,,,,,
4. South East,16. Imo,1601. ABOH MBAISE,2. RURAL,2484,169002,3,1. YES,1. YES,1. YES,1. YES,1. YES,1. YES,1. YES,2. NO,1. YES,2. NO,2,3,,1. YES,0,0,0,0,0,0,1,0,1,1,1,1,0,0,0,0,0,0,0,0,1. INADEQUATE HOUSEHOLD FOOD STOCKS DUE TO DROUGHT/ POOR RAINS,5. FOOD IN THE MARKET WAS VERY EXPENSIVE,12. LACK OF MONEY,
4. South East,16. Imo,1601. ABOH MBAISE,2. RURAL,2484,169003,2,1. YES,1. YES,1. YES,1. YES,1. YES,2. NO,1. YES,2. NO,1. YES,2. NO,2,,,1. YES,0,0,0,0,0,0,0,0,1,1,1,1,0,0,0,0,0,0,0,0,5. FOOD IN THE MARKET WAS VERY EXPENSIVE,13. LACK OF ACCESS TO MONEY AT THE BANK DUE TO NAIRA REDESIGN,,
4. South East,16. Imo,1601. ABOH MBAISE,2. RURAL,2484,169004,2,1. YES,1. YES,1. YES,1. YES,1. YES,1. YES,2. NO,2. NO,1. YES,2. NO,2,2,3,1. YES,0,0,0,1,0,1,0,0,0,1,1,0,0,0,0,0,0,0,0,0,5. FOOD IN THE MARKET WAS VERY EXPENSIVE,12. LACK OF MONEY,,
4. South East,16. Imo,1601. ABOH MBAISE,2. RURAL,2484,169007,2,1. YES,1. YES,1. YES,1. YES,1. YES,1. YES,2. NO,2. NO,1. YES,1. YES,2,2,,1. YES,0,0,0,0,0,0,0,0,1,1,1,1,0,0,0,0,0,0,0,0,12. LACK OF MONEY,13. LACK OF ACCESS TO MONEY AT THE BANK DUE TO NAIRA REDESIGN,,
4. South East,16. Imo,1601. ABOH MBAISE,2. RURAL,2484,169008,1,1. YES,1. YES,1. YES,1. YES,1. YES,1. YES,2. NO,2. NO,1. YES,1. YES,2,2,,1. YES,0,0,0,0,0,0,0,0,1,1,1,0,0,0,0,0,0,0,0,0,13. LACK OF ACCESS TO MONEY AT THE BANK DUE TO NAIRA REDESIGN,5. FOOD IN THE MARKET WAS VERY EXPENSIVE,12. LACK OF MONEY,
4. South East,16. Imo,1601. ABOH MBAISE,2. RURAL,2484,169009,1,1. YES,1. YES,1. YES,1. YES,1. YES,1. YES,2. NO,2. NO,2. NO,1. YES,2,,,1. YES,0,0,0,0,0,0,0,0,1,1,1,1,1,1,1,0,0,0,0,0,5. FOOD IN THE MARKET WAS VERY EXPENSIVE,7. NO FOOD IN THE MARKET,12. LACK OF MONEY,
4. South East,16. Imo,1601. ABOH MBAISE,2. RURAL,2484,169010,1,1. YES,1. YES,1. YES,1. YES,1. YES,1. YES,1. YES,2. NO,2. NO,1. YES,2,,,1. YES,0,0,0,1,1,1,1,0,0,0,0,0,0,0,0,0,0,0,0,0,12. LACK OF MONEY,7. NO FOOD IN THE MARKET,,
4. South East,16. Imo,1601. ABOH MBAISE,2. RURAL,2484,169011,1,1. YES,1. YES,1. YES,2. NO,1. YES,1. YES,1. YES,2. NO,2. NO,1. YES,2,,,1. YES,0,0,0,0,0,1,1,1,1,1,1,1,0,0,0,0,0,0,0,0,1. INADEQUATE HOUSEHOLD FOOD STOCKS DUE TO DROUGHT/ POOR RAINS,,,
4. South East,16. Imo,1601. ABOH MBAISE,2. RURAL,2484,169012,1,1. YES,1. YES,1. YES,1. YES,1. YES,1. YES,1. YES,2. NO,1. YES,1. YES,2,,3,1. YES,0,0,0,0,0,0,0,0,1,1,1,1,0,0,0,0,0,0,0,0,5. FOOD IN THE MARKET WAS VERY EXPENSIVE,13. LACK OF ACCESS TO MONEY AT THE BANK DUE TO NAIRA REDESIGN,12. LACK OF MONEY,
4. South East,16. Imo,1602. AHIAZU MBAISE,2. RURAL,234,169013,1,2. NO,2. NO,2. NO,2. NO,2. NO,2. NO,2. NO,2. NO,2. NO,2. NO,3,,,1. YES,0,0,0,0,1,0,0,0,0,1,1,0,0,0,0,0,0,0,0,0,1. INADEQUATE HOUSEHOLD FOOD STOCKS DUE TO DROUGHT/ POOR RAINS,12. LACK OF MONEY,,
4. South East,16. Imo,1602. AHIAZU MBAISE,2. RURAL,234,169014,2,1. YES,1. YES,1. YES,1. YES,1. YES,1. YES,1. YES,2. NO,1. YES,1. YES,2,2,,1. YES,0,0,0,0,0,0,0,0,1,1,1,1,0,0,0,0,0,0,0,0,5. FOOD IN THE MARKET WAS VERY EXPENSIVE,13. LACK OF ACCESS TO MONEY AT THE BANK DUE TO NAIRA REDESIGN,12. LACK OF MONEY,
4. South East,16. Imo,1602. AHIAZU MBAISE,2. RURAL,234,169016,1,1. YES,1. YES,1. YES,1. YES,1. YES,1. YES,1. YES,2. NO,2. NO,1. YES,2,,,1. YES,0,0,0,0,0,0,0,0,1,1,1,1,1,1,1,0,0,0,0,0,5. FOOD IN THE MARKET WAS VERY EXPENSIVE,12. LACK OF MONEY,,
4. South East,16. Imo,1602. AHIAZU MBAISE,2. RURAL,234,169017,1,1. YES,1. YES,2. NO,2. NO,1. YES,1. YES,2. NO,2. NO,2. NO,2. NO,3,,,1. YES,0,0,0,0,0,0,0,0,0,1,1,1,0,0,0,0,0,0,0,0,12. LACK OF MONEY,,,
4. South East,16. Imo,1602. AHIAZU MBAISE,2. RURAL,234,169018,501,1. YES,1. YES,1. YES,1. YES,1. YES,1. YES,1. YES,2. NO,1. YES,1. YES,2,,,1. YES,0,0,0,0,0,0,0,0,1,1,1,1,0,0,0,0,0,0,0,0,13. LACK OF ACCESS TO MONEY AT THE BANK DUE TO NAIRA REDESIGN,5. FOOD IN THE MARKET WAS VERY EXPENSIVE,12. LACK OF MONEY,
4. South East,16. Imo,1602. AHIAZU MBAISE,2. RURAL,234,169020,1,1. YES,1. YES,1. YES,1. YES,1. YES,1. YES,1. YES,2. NO,2. NO,2. NO,2,,,1. YES,0,0,0,0,0,0,0,1,1,1,1,1,1,0,0,0,0,0,0,0,5. FOOD IN THE MARKET WAS VERY EXPENSIVE,12. LACK OF MONEY,,
4. South East,16. Imo,1602. AHIAZU MBAISE,2. RURAL,234,169021,2,1. YES,1. YES,1. YES,1. YES,1. YES,1. YES,1. YES,2. NO,1. YES,2. NO,2,3,,1. YES,0,0,0,0,0,0,0,0,0,1,1,1,0,0,0,0,0,0,0,0,12. LACK OF MONEY,,,
4. South East,16. Imo,1602. AHIAZU MBAISE,2. RURAL,234,169022,1,1. YES,1. YES,1. YES,1. YES,1. YES,1. YES,1. YES,2. NO,1. YES,2. NO,2,2,,1. YES,0,0,0,0,0,0,0,0,0,1,1,1,0,0,0,0,0,0,0,0,1. INADEQUATE HOUSEHOLD FOOD STOCKS DUE TO DROUGHT/ POOR RAINS,,,
4. South East,16. Imo,1602. AHIAZU MBAISE,2. RURAL,234,169024,2,1. YES,1. YES,1. YES,2. NO,1. YES,1. YES,1. YES,2. NO,2. NO,2. NO,2,3,2,1. YES,0,0,0,0,0,0,0,1,1,1,1,1,1,1,0,0,0,0,0,0,5. FOOD IN THE MARKET WAS VERY EXPENSIVE,,,
4. South East,16. Imo,1607. IHITTE UBOMA,2. RURAL,574,169026,1,1. YES,1. YES,1. YES,1. YES,1. YES,1. YES,1. YES,1. YES,2. NO,1. YES,2,2,,1. YES,0,0,0,0,1,1,1,1,1,1,1,1,1,1,1,1,0,0,0,0,1. INADEQUATE HOUSEHOLD FOOD STOCKS DUE TO DROUGHT/ POOR RAINS,5. FOOD IN THE MARKET WAS VERY EXPENSIVE,,
4. South East,16. Imo,1607. IHITTE UBOMA,2. RURAL,574,169027,2,2. NO,2. NO,1. YES,2. NO,2. NO,2. NO,2. NO,2. NO,2. NO,2. NO,3,,,1. YES,0,0,0,0,0,0,0,0,0,1,1,0,0,0,0,0,0,0,0,0,12. LACK OF MONEY,,,
4. South East,16. Imo,1607. IHITTE UBOMA,2. RURAL,574,169028,2,1. YES,1. YES,1. YES,1. YES,1. YES,1. YES,1. YES,2. NO,1. YES,2. NO,2,3,3,1. YES,0,0,0,0,0,0,0,0,0,1,1,0,0,1,0,0,0,0,0,0,12. LACK OF MONEY,,,
4. South East,16. Imo,1607. IHITTE UBOMA,2. RURAL,574,169029,1,1. YES,1. YES,1. YES,1. YES,1. YES,1. YES,1. YES,2. NO,2. NO,1. YES,2,,,1. YES,1,0,0,0,0,0,0,0,0,0,0,0,0,0,0,0,0,0,0,0,5. FOOD IN THE MARKET WAS VERY EXPENSIVE,7. NO FOOD IN THE MARKET,12. LACK OF MONEY,
4. South East,16. Imo,1607. IHITTE UBOMA,2. RURAL,574,169030,1,1. YES,1. YES,1. YES,1. YES,1. YES,1. YES,2. NO,2. NO,1. YES,1. YES,2,3,,1. YES,0,0,0,0,0,0,0,0,0,1,1,1,0,0,0,0,0,0,0,0,12. LACK OF MONEY,,,
4. South East,16. Imo,1607. IHITTE UBOMA,2. RURAL,574,169032,5101,1. YES,1. YES,1. YES,1. YES,1. YES,1. YES,1. YES,2. NO,1. YES,1. YES,2,,3,1. YES,0,0,0,0,0,0,0,0,1,1,1,1,0,0,0,0,0,0,0,0,5. FOOD IN THE MARKET WAS VERY EXPENSIVE,12. LACK OF MONEY,13. LACK OF ACCESS TO MONEY AT THE BANK DUE TO NAIRA REDESIGN,
4. South East,16. Imo,1607. IHITTE UBOMA,2. RURAL,574,169033,2,1. YES,1. YES,1. YES,1. YES,1. YES,1. YES,1. YES,2. NO,1. YES,2. NO,2,3,3,1. YES,0,0,0,0,0,0,0,1,0,1,1,1,1,0,0,0,0,0,0,0,12. LACK OF MONEY,,,
4. South East,16. Imo,1607. IHITTE UBOMA,2. RURAL,574,169035,1,1. YES,1. YES,1. YES,1. YES,1. YES,1. YES,1. YES,1. YES,1. YES,1. YES,2,2,3,1. YES,0,0,0,0,0,0,0,0,1,1,1,1,0,0,0,0,0,0,0,0,5. FOOD IN THE MARKET WAS VERY EXPENSIVE,12. LACK OF MONEY,13. LACK OF ACCESS TO MONEY AT THE BANK DUE TO NAIRA REDESIGN,
4. South East,16. Imo,1607. IHITTE UBOMA,2. RURAL,574,169036,1,1. YES,1. YES,1. YES,1. YES,1. YES,1. YES,1. YES,1. YES,1. YES,1. YES,2,2,3,1. YES,0,0,0,0,0,0,0,0,1,1,1,1,0,0,0,0,0,0,0,0,12. LACK OF MONEY,13. LACK OF ACCESS TO MONEY AT THE BANK DUE TO NAIRA REDESIGN,5. FOOD IN THE MARKET WAS VERY EXPENSIVE,
4. South East,16. Imo,1608. IKEDURU,2. RURAL,1480,169038,2,1. YES,1. YES,1. YES,1. YES,1. YES,1. YES,1. YES,2. NO,2. NO,2. NO,3,3,,1. YES,0,0,0,0,0,0,0,0,0,0,0,0,0,1,1,0,0,0,0,0,5. FOOD IN THE MARKET WAS VERY EXPENSIVE,12. LACK OF MONEY,,
4. South East,16. Imo,1608. IKEDURU,2. RURAL,1480,169040,2,2. NO,1. YES,1. YES,2. NO,1. YES,1. YES,2. NO,2. NO,2. NO,1. YES,3,,,2. NO,,,,,,,,,,,,,,,,,,,,,,,,
4. South East,16. Imo,1608. IKEDURU,2. RURAL,1480,169041,2,2. NO,2. NO,2. NO,2. NO,2. NO,2. NO,2. NO,2. NO,2. NO,2. NO,3,3,3,2. NO,,,,,,,,,,,,,,,,,,,,,,,,
4. South East,16. Imo,1608. IKEDURU,2. RURAL,1480,169042,1,1. YES,1. YES,1. YES,1. YES,1. YES,1. YES,1. YES,2. NO,1. YES,2. NO,3,3,,1. YES,0,0,0,0,0,0,0,0,0,0,0,0,1,1,1,1,0,0,0,0,5. FOOD IN THE MARKET WAS VERY EXPENSIVE,12. LACK OF MONEY,,
4. South East,16. Imo,1608. IKEDURU,2. RURAL,1480,169043,5,2. NO,2. NO,2. NO,2. NO,2. NO,2. NO,2. NO,2. NO,2. NO,2. NO,3,3,,2. NO,,,,,,,,,,,,,,,,,,,,,,,,
4. South East,16. Imo,1608. IKEDURU,2. RURAL,1480,169044,2,1. YES,1. YES,1. YES,1. YES,1. YES,1. YES,1. YES,2. NO,2. NO,1. YES,2,,,1. YES,1,0,0,0,0,0,0,0,0,0,0,0,0,0,0,0,0,0,0,0,5. FOOD IN THE MARKET WAS VERY EXPENSIVE,12. LACK OF MONEY,,
4. South East,16. Imo,1608. IKEDURU,2. RURAL,1480,169045,1,2. NO,1. YES,1. YES,2. NO,1. YES,2. NO,2. NO,2. NO,2. NO,2. NO,3,3,,2. NO,,,,,,,,,,,,,,,,,,,,,,,,
4. South East,16. Imo,1608. IKEDURU,2. RURAL,1480,169046,2,2. NO,2. NO,2. NO,2. NO,2. NO,2. NO,2. NO,2. NO,2. NO,2. NO,3,,,2. NO,,,,,,,,,,,,,,,,,,,,,,,,
4. South East,16. Imo,1608. IKEDURU,2. RURAL,1480,169047,2,1. YES,1. YES,1. YES,1. YES,1. YES,1. YES,1. YES,2. NO,2. NO,2. NO,3,,,1. YES,0,0,0,0,0,0,0,0,0,0,0,0,0,1,1,0,0,0,0,0,5. FOOD IN THE MARKET WAS VERY EXPENSIVE,,,
4. South East,16. Imo,1608. IKEDURU,2. RURAL,1480,169048,1,2. NO,2. NO,2. NO,2. NO,2. NO,2. NO,2. NO,2. NO,2. NO,2. NO,3,,,2. NO,,,,,,,,,,,,,,,,,,,,,,,,
4. South East,16. Imo,1610. ISU,2. RURAL,66,169049,1,1. YES,1. YES,1. YES,2. NO,1. YES,1. YES,1. YES,2. NO,2. NO,2. NO,3,,,1. YES,0,0,0,0,0,0,0,0,0,1,0,0,1,1,1,0,0,0,0,0,5. FOOD IN THE MARKET WAS VERY EXPENSIVE,12. LACK OF MONEY,,
4. South East,16. Imo,1610. ISU,2. RURAL,66,169050,5101,2. NO,2. NO,2. NO,2. NO,2. NO,2. NO,2. NO,2. NO,2. NO,2. NO,3,3,,2. NO,,,,,,,,,,,,,,,,,,,,,,,,
4. South East,16. Imo,1610. ISU,2. RURAL,66,169051,3,1. YES,2. NO,1. YES,2. NO,2. NO,2. NO,2. NO,2. NO,2. NO,2. NO,2,3,5,1. YES,0,0,0,0,0,1,1,1,1,1,1,1,1,1,1,1,0,0,0,0,5. FOOD IN THE MARKET WAS VERY EXPENSIVE,,,
4. South East,16. Imo,1610. ISU,2. RURAL,66,169054,2,1. YES,1. YES,1. YES,1. YES,1. YES,1. YES,1. YES,2. NO,2. NO,1. YES,3,3,,1. YES,0,0,0,0,0,0,0,0,1,1,0,0,1,1,1,0,0,0,0,0,5. FOOD IN THE MARKET WAS VERY EXPENSIVE,,,
4. South East,16. Imo,1610. ISU,2. RURAL,66,169056,1,1. YES,1. YES,1. YES,1. YES,1. YES,1. YES,1. YES,2. NO,1. YES,2. NO,2,,,2. NO,,,,,,,,,,,,,,,,,,,,,,,,
4. South East,16. Imo,1610. ISU,2. RURAL,66,169057,1,1. YES,1. YES,1. YES,1. YES,1. YES,1. YES,2. NO,2. NO,2. NO,2. NO,3,,4,2. NO,,,,,,,,,,,,,,,,,,,,,,,,
4. South East,16. Imo,1610. ISU,2. RURAL,66,169058,1,2. NO,2. NO,2. NO,2. NO,2. NO,2. NO,2. NO,2. NO,2. NO,2. NO,3,,,2. NO,,,,,,,,,,,,,,,,,,,,,,,,
4. South East,16. Imo,1610. ISU,2. RURAL,66,169059,2,1. YES,1. YES,1. YES,1. YES,1. YES,1. YES,1. YES,2. NO,1. YES,1. YES,3,,,1. YES,0,0,0,0,0,0,0,0,1,1,1,1,1,1,1,1,0,0,0,0,5. FOOD IN THE MARKET WAS VERY EXPENSIVE,13. LACK OF ACCESS TO MONEY AT THE BANK DUE TO NAIRA REDESIGN,,
4. South East,16. Imo,1610. ISU,2. RURAL,66,169060,2,2. NO,2. NO,2. NO,2. NO,2. NO,2. NO,2. NO,2. NO,2. NO,2. NO,3,,,2. NO,,,,,,,,,,,,,,,,,,,,,,,,
4. South East,16. Imo,1610. ISU,2. RURAL,490,169061,3,1. YES,1. YES,1. YES,1. YES,1. YES,1. YES,2. NO,2. NO,1. YES,2. NO,3,3,4,2. NO,,,,,,,,,,,,,,,,,,,,,,,,
4. South East,16. Imo,1610. ISU,2. RURAL,490,169065,2,1. YES,1. YES,1. YES,2. NO,1. YES,1. YES,2. NO,2. NO,1. YES,2. NO,3,4,4,1. YES,0,0,0,0,0,0,0,0,0,1,1,1,1,1,1,1,0,0,0,0,5. FOOD IN THE MARKET WAS VERY EXPENSIVE,12. LACK OF MONEY,6. UNABLE TO REACH THE MARKET DUE TO HIGH TRANSPORTATION COSTS,
4. South East,16. Imo,1610. ISU,2. RURAL,490,169066,1,2. NO,2. NO,2. NO,2. NO,1. YES,2. NO,1. YES,2. NO,2. NO,2. NO,3,3,,2. NO,,,,,,,,,,,,,,,,,,,,,,,,
4. South East,16. Imo,1610. ISU,2. RURAL,490,169067,2,1. YES,1. YES,1. YES,1. YES,1. YES,1. YES,1. YES,2. NO,1. YES,2. NO,3,3,,2. NO,,,,,,,,,,,,,,,,,,,,,,,,
4. South East,16. Imo,1610. ISU,2. RURAL,490,169068,2,1. YES,1. YES,2. NO,2. NO,1. YES,1. YES,2. NO,2. NO,2. NO,1. YES,3,,,2. NO,,,,,,,,,,,,,,,,,,,,,,,,
4. South East,16. Imo,1610. ISU,2. RURAL,490,169069,2101,1. YES,2. NO,2. NO,2. NO,2. NO,2. NO,2. NO,2. NO,1. YES,2. NO,3,3,,2. NO,,,,,,,,,,,,,,,,,,,,,,,,
4. South East,16. Imo,1610. ISU,2. RURAL,490,169070,1,1. YES,1. YES,1. YES,2. NO,1. YES,1. YES,1. YES,2. NO,1. YES,1. YES,2,2,,1. YES,1,0,0,0,0,0,0,0,0,0,0,0,0,0,0,0,0,0,0,0,12. LACK OF MONEY,5. FOOD IN THE MARKET WAS VERY EXPENSIVE,,
4. South East,16. Imo,1610. ISU,2. RURAL,490,169071,1,1. YES,1. YES,1. YES,1. YES,1. YES,1. YES,1. YES,2. NO,1. YES,1. YES,2,,,1. YES,1,0,0,0,0,0,0,0,0,0,0,0,0,0,0,0,0,0,0,0,12. LACK OF MONEY,,,
4. South East,16. Imo,1610. ISU,2. RURAL,490,169072,2,1. YES,1. YES,1. YES,1. YES,1. YES,1. YES,1. YES,2. NO,1. YES,1. YES,2,2,,1. YES,1,0,0,0,0,0,0,0,0,0,0,0,0,0,0,0,0,0,0,0,12. LACK OF MONEY,,,
4. South East,16. Imo,1610. ISU,2. RURAL,776,169073,1,1. YES,1. YES,1. YES,1. YES,1. YES,1. YES,1. YES,2. NO,1. YES,1. YES,2,2,,1. YES,0,0,0,0,0,0,0,1,1,1,1,1,1,1,1,1,0,0,0,0,5. FOOD IN THE MARKET WAS VERY EXPENSIVE,12. LACK OF MONEY,,
4. South East,16. Imo,1610. ISU,2. RURAL,776,169075,2,1. YES,1. YES,1. YES,1. YES,1. YES,1. YES,1. YES,1. YES,1. YES,2. NO,2,,,1. YES,0,0,0,0,0,0,0,0,1,1,1,1,0,0,0,0,0,0,0,0,5. FOOD IN THE MARKET WAS VERY EXPENSIVE,12. LACK OF MONEY,13. LACK OF ACCESS TO MONEY AT THE BANK DUE TO NAIRA REDESIGN,
4. South East,16. Imo,1610. ISU,2. RURAL,776,169077,1,1. YES,1. YES,2. NO,1. YES,1. YES,1. YES,1. YES,2. NO,2. NO,2. NO,2,,,1. YES,0,0,0,0,0,0,1,0,1,1,1,0,0,0,0,0,0,0,0,0,12. LACK OF MONEY,13. LACK OF ACCESS TO MONEY AT THE BANK DUE TO NAIRA REDESIGN,,
4. South East,16. Imo,1610. ISU,2. RURAL,776,169078,101,1. YES,1. YES,1. YES,1. YES,1. YES,1. YES,1. YES,2. NO,1. YES,1. YES,2,2,,1. YES,0,0,0,0,0,0,0,0,1,1,1,1,0,0,0,0,0,0,0,0,12. LACK OF MONEY,13. LACK OF ACCESS TO MONEY AT THE BANK DUE TO NAIRA REDESIGN,5. FOOD IN THE MARKET WAS VERY EXPENSIVE,
4. South East,16. Imo,1610. ISU,2. RURAL,776,169079,2,1. YES,1. YES,1. YES,1. YES,1. YES,1. YES,1. YES,2. NO,2. NO,1. YES,2,,,2. NO,,,,,,,,,,,,,,,,,,,,,,,,
4. South East,16. Imo,1610. ISU,2. RURAL,776,169080,4,1. YES,1. YES,1. YES,1. YES,1. YES,1. YES,1. YES,2. NO,1. YES,1. YES,1,,2,1. YES,0,0,0,0,0,0,0,1,1,1,1,1,1,1,1,0,0,0,0,0,5. FOOD IN THE MARKET WAS VERY EXPENSIVE,12. LACK OF MONEY,,
4. South East,16. Imo,1610. ISU,2. RURAL,776,169083,1,1. YES,1. YES,1. YES,1. YES,1. YES,1. YES,1. YES,2. NO,1. YES,1. YES,2,,2,1. YES,0,0,0,0,0,0,1,1,1,1,1,1,1,1,0,0,0,0,0,0,7. NO FOOD IN THE MARKET,13. LACK OF ACCESS TO MONEY AT THE BANK DUE TO NAIRA REDESIGN,,
4. South East,16. Imo,1610. ISU,2. RURAL,776,169084,2,1. YES,1. YES,1. YES,1. YES,1. YES,1. YES,1. YES,2. NO,2. NO,2. NO,3,,,1. YES,1,0,0,0,0,0,0,0,0,0,0,0,0,0,0,0,0,0,0,0,12. LACK OF MONEY,,,
5. South South,32. Rivers,3222. PORT HARCOURT,2. RURAL,0,169085,1101,1. YES,1. YES,1. YES,1. YES,1. YES,2. NO,1. YES,2. NO,2. NO,2. NO,2,,,1. YES,0,0,0,0,0,0,0,0,0,1,0,0,0,0,0,0,0,0,0,0,13. LACK OF ACCESS TO MONEY AT THE BANK DUE TO NAIRA REDESIGN,,,
4. South East,16. Imo,1609. ISIALA MBANO,2. RURAL,0,169088,1,1. YES,1. YES,1. YES,1. YES,1. YES,1. YES,1. YES,1. YES,2. NO,2. NO,2,,,1. YES,0,0,0,0,0,0,0,0,1,1,0,1,0,0,1,0,1,0,0,0,13. LACK OF ACCESS TO MONEY AT THE BANK DUE TO NAIRA REDESIGN,12. LACK OF MONEY,,
4. South East,16. Imo,1611. MBAITOLI,2. RURAL,1878,169089,2,1. YES,1. YES,1. YES,1. YES,1. YES,1. YES,1. YES,2. NO,1. YES,1. YES,3,,3,1. YES,0,0,0,0,0,0,0,0,0,0,0,0,0,1,1,0,0,0,0,0,5. FOOD IN THE MARKET WAS VERY EXPENSIVE,11. UNABLE TO REACH THE MARKET DUE TO CONFLICT/SECURITY,12. LACK OF MONEY,
4. South East,16. Imo,1611. MBAITOLI,2. RURAL,1878,169091,2,2. NO,2. NO,2. NO,2. NO,2. NO,2. NO,2. NO,2. NO,2. NO,2. NO,3,,,2. NO,,,,,,,,,,,,,,,,,,,,,,,,
4. South East,16. Imo,1611. MBAITOLI,2. RURAL,1878,169092,2,2. NO,2. NO,2. NO,2. NO,2. NO,2. NO,2. NO,2. NO,2. NO,2. NO,3,4,,2. NO,,,,,,,,,,,,,,,,,,,,,,,,
4. South East,16. Imo,1611. MBAITOLI,2. RURAL,1878,169094,2,1. YES,1. YES,1. YES,1. YES,1. YES,1. YES,1. YES,1. YES,1. YES,1. YES,2,3,3,1. YES,1,0,0,0,0,0,0,0,0,0,0,0,0,0,0,0,0,0,0,0,12. LACK OF MONEY,5. FOOD IN THE MARKET WAS VERY EXPENSIVE,,
4. South East,16. Imo,1611. MBAITOLI,2. RURAL,1878,169095,2,2. NO,1. YES,1. YES,2. NO,1. YES,2. NO,2. NO,2. NO,2. NO,2. NO,3,3,4,2. NO,,,,,,,,,,,,,,,,,,,,,,,,
4. South East,16. Imo,1611. MBAITOLI,2. RURAL,1878,169096,2,2. NO,1. YES,1. YES,2. NO,1. YES,1. YES,1. YES,2. NO,1. YES,2. NO,3,3,,2. NO,,,,,,,,,,,,,,,,,,,,,,,,
4. South East,1. Abia,111. OSISIOMA,2. RURAL,0,169097,1,2. NO,2. NO,2. NO,2. NO,2. NO,2. NO,2. NO,2. NO,2. NO,2. NO,2,2,3,2. NO,,,,,,,,,,,,,,,,,,,,,,,,
4. South East,16. Imo,1615. NWANGELE,2. RURAL,220,169099,5102,1. YES,1. YES,1. YES,1. YES,1. YES,1. YES,1. YES,2. NO,1. YES,1. YES,3,3,3,1. YES,0,0,0,0,0,0,0,0,0,0,0,0,0,1,1,0,0,0,0,0,5. FOOD IN THE MARKET WAS VERY EXPENSIVE,12. LACK OF MONEY,,
4. South East,16. Imo,1615. NWANGELE,2. RURAL,220,169101,2,1. YES,1. YES,1. YES,1. YES,1. YES,1. YES,1. YES,2. NO,1. YES,1. YES,3,3,3,1. YES,0,0,0,0,0,0,0,0,0,0,0,1,1,1,1,1,0,0,0,0,5. FOOD IN THE MARKET WAS VERY EXPENSIVE,,,
5. South South,32. Rivers,3222. PORT HARCOURT,2. RURAL,0,169103,1401,1. YES,1. YES,2. NO,2. NO,2. NO,2. NO,2. NO,2. NO,2. NO,2. NO,3,4,,1. YES,0,0,0,0,0,0,0,1,1,1,1,1,1,1,1,1,1,1,0,0,5. FOOD IN THE MARKET WAS VERY EXPENSIVE,12. LACK OF MONEY,13. LACK OF ACCESS TO MONEY AT THE BANK DUE TO NAIRA REDESIGN,
4. South East,16. Imo,1615. NWANGELE,2. RURAL,220,169104,101,2. NO,2. NO,2. NO,2. NO,2. NO,1. YES,2. NO,2. NO,2. NO,2. NO,3,3,,2. NO,,,,,,,,,,,,,,,,,,,,,,,,
4. South East,16. Imo,1615. NWANGELE,2. RURAL,220,169105,1,2. NO,2. NO,2. NO,2. NO,2. NO,2. NO,2. NO,2. NO,2. NO,2. NO,3,,,2. NO,,,,,,,,,,,,,,,,,,,,,,,,
4. South East,16. Imo,1615. NWANGELE,2. RURAL,220,169107,2,2. NO,2. NO,2. NO,2. NO,2. NO,2. NO,2. NO,2. NO,2. NO,2. NO,3,,,2. NO,,,,,,,,,,,,,,,,,,,,,,,,
4. South East,16. Imo,1615. NWANGELE,2. RURAL,220,169108,1,2. NO,2. NO,1. YES,2. NO,2. NO,2. NO,2. NO,2. NO,2. NO,2. NO,3,,,2. NO,,,,,,,,,,,,,,,,,,,,,,,,
4. South East,16. Imo,1616. OBOWO,2. RURAL,902,169109,1,1. YES,1. YES,1. YES,1. YES,1. YES,1. YES,1. YES,2. NO,1. YES,2. NO,2,,,1. YES,0,0,0,0,0,0,0,0,0,1,1,1,1,1,1,1,0,0,0,0,5. FOOD IN THE MARKET WAS VERY EXPENSIVE,12. LACK OF MONEY,7. NO FOOD IN THE MARKET,
4. South East,16. Imo,1616. OBOWO,2. RURAL,902,169111,2,1. YES,2. NO,2. NO,2. NO,2. NO,2. NO,2. NO,2. NO,2. NO,2. NO,3,,,1. YES,0,0,0,0,0,0,0,0,0,1,1,0,0,0,1,0,0,0,0,0,12. LACK OF MONEY,,,
4. South East,16. Imo,1616. OBOWO,2. RURAL,902,169113,2,1. YES,1. YES,1. YES,1. YES,1. YES,1. YES,1. YES,2. NO,2. NO,1. YES,2,2,,1. YES,0,0,0,0,0,0,0,0,1,0,1,1,1,1,1,1,0,0,0,0,5. FOOD IN THE MARKET WAS VERY EXPENSIVE,7. NO FOOD IN THE MARKET,12. LACK OF MONEY,
4. South East,16. Imo,1616. OBOWO,2. RURAL,902,169114,2,1. YES,1. YES,1. YES,1. YES,1. YES,1. YES,1. YES,2. NO,2. NO,2. NO,3,3,,1. YES,0,0,0,0,0,0,0,0,0,1,1,1,0,0,0,0,0,0,0,0,12. LACK OF MONEY,,,
4. South East,16. Imo,1616. OBOWO,2. RURAL,902,169115,2,1. YES,1. YES,1. YES,1. YES,2. NO,1. YES,1. YES,2. NO,1. YES,2. NO,2,3,3,1. YES,0,0,0,0,0,0,0,0,0,1,1,0,0,1,0,0,0,0,0,0,12. LACK OF MONEY,13. LACK OF ACCESS TO MONEY AT THE BANK DUE TO NAIRA REDESIGN,,
4. South East,16. Imo,1616. OBOWO,2. RURAL,902,169116,1,1. YES,1. YES,1. YES,1. YES,1. YES,1. YES,1. YES,2. NO,1. YES,2. NO,2,,,1. YES,0,0,0,0,0,0,0,0,1,1,1,1,0,0,0,0,0,0,0,0,5. FOOD IN THE MARKET WAS VERY EXPENSIVE,12. LACK OF MONEY,13. LACK OF ACCESS TO MONEY AT THE BANK DUE TO NAIRA REDESIGN,
4. South East,16. Imo,1616. OBOWO,2. RURAL,902,169117,1,1. YES,1. YES,1. YES,1. YES,1. YES,1. YES,1. YES,2. NO,1. YES,1. YES,2,2,2,1. YES,0,0,0,0,0,0,0,0,1,1,1,1,1,1,1,1,0,0,0,0,7. NO FOOD IN THE MARKET,12. LACK OF MONEY,,
4. South East,16. Imo,1616. OBOWO,2. RURAL,902,169119,1,1. YES,1. YES,1. YES,1. YES,1. YES,1. YES,1. YES,2. NO,1. YES,2. NO,2,,,1. YES,0,0,0,0,0,0,0,0,1,1,1,1,0,0,0,0,0,0,0,0,5. FOOD IN THE MARKET WAS VERY EXPENSIVE,13. LACK OF ACCESS TO MONEY AT THE BANK DUE TO NAIRA REDESIGN,12. LACK OF MONEY,
4. South East,16. Imo,1616. OBOWO,2. RURAL,902,169120,5101,1. YES,1. YES,1. YES,1. YES,1. YES,1. YES,1. YES,2. NO,2. NO,2. NO,2,,,1. YES,0,0,0,0,0,0,0,0,1,1,1,1,1,1,1,1,0,0,0,0,12. LACK OF MONEY,7. NO FOOD IN THE MARKET,5. FOOD IN THE MARKET WAS VERY EXPENSIVE,
4. South East,16. Imo,1627. ONUIMO,2. RURAL,126,169121,2,2. NO,2. NO,2. NO,2. NO,2. NO,2. NO,2. NO,2. NO,2. NO,2. NO,3,,,2. NO,,,,,,,,,,,,,,,,,,,,,,,,
4. South East,16. Imo,1627. ONUIMO,2. RURAL,126,169122,2001,1. YES,2. NO,1. YES,1. YES,1. YES,1. YES,1. YES,2. NO,2. NO,2. NO,2,,,1. YES,0,0,0,0,0,0,0,0,0,0,0,1,1,1,0,0,0,0,0,0,13. LACK OF ACCESS TO MONEY AT THE BANK DUE TO NAIRA REDESIGN,6. UNABLE TO REACH THE MARKET DUE TO HIGH TRANSPORTATION COSTS,12. LACK OF MONEY,
4. South East,16. Imo,1627. ONUIMO,2. RURAL,126,169124,2,1. YES,1. YES,1. YES,1. YES,1. YES,1. YES,1. YES,2. NO,1. YES,1. YES,2,2,,2. NO,,,,,,,,,,,,,,,,,,,,,,,,
4. South East,16. Imo,1627. ONUIMO,2. RURAL,126,169125,2,1. YES,1. YES,1. YES,1. YES,1. YES,1. YES,2. NO,2. NO,1. YES,1. YES,2,3,5,1. YES,0,0,0,0,0,1,1,0,0,0,0,0,0,0,0,0,0,0,0,0,2. INADEQUATE HOUSEHOLD FOOD STOCKS DUE TO CROP PEST DAMAGE,4. INADEQUATE HOUSEHOLD FOOD STOCKS DUE TO LACK OF FARM INPUTS,12. LACK OF MONEY,
4. South East,16. Imo,1627. ONUIMO,2. RURAL,126,169126,1,1. YES,1. YES,1. YES,1. YES,1. YES,1. YES,1. YES,1. YES,2. NO,2. NO,2,,,1. YES,0,0,0,0,0,0,0,1,0,1,1,1,0,1,0,1,0,0,0,0,12. LACK OF MONEY,13. LACK OF ACCESS TO MONEY AT THE BANK DUE TO NAIRA REDESIGN,,
4. South East,16. Imo,1627. ONUIMO,2. RURAL,126,169127,5101,1. YES,1. YES,1. YES,1. YES,1. YES,1. YES,1. YES,2. NO,2. NO,1. YES,2,,,1. YES,1,0,0,0,0,0,0,0,0,0,0,0,0,0,0,0,0,0,0,0,5. FOOD IN THE MARKET WAS VERY EXPENSIVE,12. LACK OF MONEY,7. NO FOOD IN THE MARKET,
4. South East,16. Imo,1627. ONUIMO,2. RURAL,126,169128,1,1. YES,1. YES,1. YES,1. YES,1. YES,1. YES,1. YES,2. NO,1. YES,2. NO,3,,4,1. YES,1,0,0,0,0,0,0,0,0,0,0,0,0,0,0,0,0,0,0,0,12. LACK OF MONEY,5. FOOD IN THE MARKET WAS VERY EXPENSIVE,,
4. South East,16. Imo,1627. ONUIMO,2. RURAL,126,169129,1,1. YES,1. YES,1. YES,1. YES,1. YES,1. YES,1. YES,1. YES,1. YES,1. YES,2,1,2,1. YES,0,0,0,0,0,0,0,0,0,1,1,0,0,0,1,1,1,0,0,0,12. LACK OF MONEY,13. LACK OF ACCESS TO MONEY AT THE BANK DUE TO NAIRA REDESIGN,,
4. South East,16. Imo,1627. ONUIMO,2. RURAL,126,169130,2,1. YES,1. YES,1. YES,1. YES,1. YES,1. YES,1. YES,2. NO,1. YES,2. NO,2,,,1. YES,0,0,0,0,0,0,0,0,1,1,1,1,1,1,1,0,1,0,0,0,12. LACK OF MONEY,13. LACK OF ACCESS TO MONEY AT THE BANK DUE TO NAIRA REDESIGN,,
4. South East,16. Imo,1627. ONUIMO,2. RURAL,126,169131,1,2. NO,1. YES,1. YES,1. YES,1. YES,1. YES,1. YES,1. YES,1. YES,2. NO,3,3,,1. YES,1,0,0,0,0,0,0,0,0,0,0,0,0,0,0,0,0,0,0,0,12. LACK OF MONEY,,,
4. South East,16. Imo,1622. ORU EAST,2. RURAL,692,169133,1,1. YES,1. YES,1. YES,1. YES,1. YES,1. YES,1. YES,2. NO,1. YES,2. NO,2,2,,1. YES,0,0,0,0,0,0,0,0,1,1,1,1,0,0,0,0,0,0,0,0,5. FOOD IN THE MARKET WAS VERY EXPENSIVE,12. LACK OF MONEY,13. LACK OF ACCESS TO MONEY AT THE BANK DUE TO NAIRA REDESIGN,
4. South East,16. Imo,1622. ORU EAST,2. RURAL,692,169134,1,1. YES,1. YES,1. YES,1. YES,1. YES,1. YES,1. YES,2. NO,1. YES,1. YES,2,,,1. YES,0,0,0,0,0,0,0,0,1,1,1,1,0,0,0,0,0,0,0,0,5. FOOD IN THE MARKET WAS VERY EXPENSIVE,12. LACK OF MONEY,13. LACK OF ACCESS TO MONEY AT THE BANK DUE TO NAIRA REDESIGN,
4. South East,16. Imo,1622. ORU EAST,2. RURAL,692,169136,5101,1. YES,1. YES,1. YES,1. YES,1. YES,1. YES,1. YES,2. NO,1. YES,1. YES,2,2,,1. YES,0,0,0,0,0,0,0,0,1,1,1,1,0,0,0,0,0,0,0,0,5. FOOD IN THE MARKET WAS VERY EXPENSIVE,12. LACK OF MONEY,13. LACK OF ACCESS TO MONEY AT THE BANK DUE TO NAIRA REDESIGN,
4. South East,16. Imo,1622. ORU EAST,2. RURAL,692,169137,1,1. YES,1. YES,1. YES,1. YES,1. YES,1. YES,1. YES,2. NO,1. YES,1. YES,2,3,,1. YES,1,0,0,0,0,0,0,0,0,0,0,0,0,0,0,0,0,0,0,0,5. FOOD IN THE MARKET WAS VERY EXPENSIVE,12. LACK OF MONEY,,
4. South East,16. Imo,1622. ORU EAST,2. RURAL,692,169138,1,1. YES,1. YES,1. YES,1. YES,1. YES,1. YES,1. YES,2. NO,1. YES,1. YES,2,2,,1. YES,1,0,0,0,0,0,0,0,0,0,0,0,0,0,0,0,0,0,0,0,12. LACK OF MONEY,5. FOOD IN THE MARKET WAS VERY EXPENSIVE,,
4. South East,16. Imo,1622. ORU EAST,2. RURAL,692,169139,1,1. YES,1. YES,1. YES,1. YES,1. YES,1. YES,1. YES,2. NO,1. YES,1. YES,2,2,,1. YES,0,0,0,0,0,0,0,1,1,1,1,1,1,1,1,1,0,0,0,0,12. LACK OF MONEY,,,
4. South East,16. Imo,1622. ORU EAST,2. RURAL,692,169141,1,1. YES,1. YES,1. YES,1. YES,1. YES,1. YES,1. YES,2. NO,2. NO,2. NO,2,2,,1. YES,0,0,0,1,0,0,1,0,0,1,1,1,1,0,1,0,0,0,0,0,12. LACK OF MONEY,13. LACK OF ACCESS TO MONEY AT THE BANK DUE TO NAIRA REDESIGN,,
4. South East,16. Imo,1622. ORU EAST,2. RURAL,692,169142,1,1. YES,1. YES,1. YES,1. YES,1. YES,1. YES,1. YES,2. NO,1. YES,1. YES,2,2,,1. YES,0,0,0,0,1,1,0,0,1,1,1,1,1,0,0,0,0,0,0,0,12. LACK OF MONEY,5. FOOD IN THE MARKET WAS VERY EXPENSIVE,,
4. South East,16. Imo,1622. ORU EAST,2. RURAL,692,169144,2,1. YES,1. YES,1. YES,1. YES,1. YES,1. YES,2. NO,2. NO,2. NO,2. NO,2,,,1. YES,0,0,0,0,0,0,0,1,1,1,1,1,1,1,0,0,0,0,0,0,12. LACK OF MONEY,13. LACK OF ACCESS TO MONEY AT THE BANK DUE TO NAIRA REDESIGN,,
4. South East,16. Imo,1625. OWERRI NORTH,2. RURAL,210,169145,1,1. YES,1. YES,1. YES,1. YES,1. YES,1. YES,1. YES,2. NO,1. YES,2. NO,2,,,2. NO,,,,,,,,,,,,,,,,,,,,,,,,
4. South East,16. Imo,1625. OWERRI NORTH,2. RURAL,210,169147,2,2. NO,2. NO,2. NO,2. NO,2. NO,2. NO,2. NO,2. NO,2. NO,2. NO,3,3,,2. NO,,,,,,,,,,,,,,,,,,,,,,,,
4. South East,16. Imo,1627. ONUIMO,2. RURAL,0,169148,1,1. YES,2. NO,1. YES,1. YES,1. YES,1. YES,1. YES,2. NO,2. NO,2. NO,2,,,2. NO,,,,,,,,,,,,,,,,,,,,,,,,
4. South East,16. Imo,1625. OWERRI NORTH,2. RURAL,210,169149,2,1. YES,1. YES,1. YES,1. YES,1. YES,1. YES,1. YES,2. NO,1. YES,1. YES,3,3,3,1. YES,0,0,0,0,0,0,0,0,0,0,0,0,0,1,1,1,0,0,0,0,5. FOOD IN THE MARKET WAS VERY EXPENSIVE,12. LACK OF MONEY,,
4. South East,16. Imo,1625. OWERRI NORTH,2. RURAL,210,169150,1,1. YES,1. YES,1. YES,1. YES,1. YES,1. YES,1. YES,2. NO,1. YES,2. NO,2,,,2. NO,,,,,,,,,,,,,,,,,,,,,,,,
4. South East,16. Imo,1625. OWERRI NORTH,2. RURAL,210,169153,5101,1. YES,1. YES,1. YES,1. YES,1. YES,1. YES,1. YES,2. NO,1. YES,1. YES,3,3,3,1. YES,0,0,0,0,0,0,0,0,0,0,0,0,0,1,1,1,0,0,0,0,1. INADEQUATE HOUSEHOLD FOOD STOCKS DUE TO DROUGHT/ POOR RAINS,,,
4. South East,16. Imo,1625. OWERRI NORTH,2. RURAL,210,169154,4,2. NO,2. NO,2. NO,2. NO,2. NO,2. NO,2. NO,2. NO,2. NO,2. NO,3,,,2. NO,,,,,,,,,,,,,,,,,,,,,,,,
4. South East,16. Imo,1611. MBAITOLI,2. RURAL,0,169156,1,1. YES,1. YES,1. YES,1. YES,1. YES,1. YES,1. YES,2. NO,2. NO,2. NO,2,,,1. YES,1,0,0,0,0,0,0,0,0,0,0,0,0,0,0,0,0,0,0,0,5. FOOD IN THE MARKET WAS VERY EXPENSIVE,6. UNABLE TO REACH THE MARKET DUE TO HIGH TRANSPORTATION COSTS,12. LACK OF MONEY,
4. South East,16. Imo,1602. AHIAZU MBAISE,2. RURAL,234,169160,1,1. YES,1. YES,1. YES,1. YES,1. YES,1. YES,1. YES,1. YES,1. YES,1. YES,2,,,1. YES,0,0,0,0,0,0,0,0,1,1,1,1,0,0,0,0,0,0,0,0,5. FOOD IN THE MARKET WAS VERY EXPENSIVE,12. LACK OF MONEY,13. LACK OF ACCESS TO MONEY AT THE BANK DUE TO NAIRA REDESIGN,
4. South East,16. Imo,1610. ISU,2. RURAL,66,169166,2,2. NO,2. NO,2. NO,2. NO,2. NO,2. NO,2. NO,2. NO,2. NO,2. NO,3,,,2. NO,,,,,,,,,,,,,,,,,,,,,,,,
4. South East,16. Imo,1610. ISU,2. RURAL,776,169170,1,1. YES,1. YES,1. YES,1. YES,1. YES,1. YES,1. YES,2. NO,1. YES,2. NO,2,,,1. YES,0,0,0,0,0,0,0,0,1,1,1,1,0,0,0,0,0,0,0,0,5. FOOD IN THE MARKET WAS VERY EXPENSIVE,12. LACK OF MONEY,13. LACK OF ACCESS TO MONEY AT THE BANK DUE TO NAIRA REDESIGN,
4. South East,16. Imo,1611. MBAITOLI,2. RURAL,1878,169171,2,2. NO,2. NO,2. NO,2. NO,2. NO,2. NO,2. NO,2. NO,2. NO,2. NO,3,3,,2. NO,,,,,,,,,,,,,,,,,,,,,,,,
4. South East,16. Imo,1611. MBAITOLI,2. RURAL,1878,169172,1,1. YES,1. YES,1. YES,1. YES,1. YES,1. YES,1. YES,2. NO,1. YES,1. YES,2,2,,1. YES,1,0,0,0,0,0,0,0,0,0,0,0,0,0,0,0,0,0,0,0,5. FOOD IN THE MARKET WAS VERY EXPENSIVE,7. NO FOOD IN THE MARKET,,
4. South East,16. Imo,1622. ORU EAST,2. RURAL,692,169179,2,1. YES,1. YES,1. YES,1. YES,1. YES,1. YES,1. YES,2. NO,2. NO,1. YES,2,,,1. YES,0,0,0,0,0,1,1,1,0,1,1,1,1,0,1,0,0,0,0,0,12. LACK OF MONEY,13. LACK OF ACCESS TO MONEY AT THE BANK DUE TO NAIRA REDESIGN,,
4. South East,16. Imo,1625. OWERRI NORTH,2. RURAL,210,169181,401,1. YES,2. NO,1. YES,1. YES,1. YES,1. YES,1. YES,2. NO,2. NO,1. YES,3,,,1. YES,0,0,0,0,0,0,0,0,1,0,0,0,0,1,1,0,0,0,0,0,1. INADEQUATE HOUSEHOLD FOOD STOCKS DUE TO DROUGHT/ POOR RAINS,5. FOOD IN THE MARKET WAS VERY EXPENSIVE,,
4. South East,16. Imo,1607. IHITTE UBOMA,2. RURAL,574,169202,1,1. YES,1. YES,1. YES,1. YES,1. YES,1. YES,1. YES,2. NO,1. YES,1. YES,2,2,,1. YES,0,0,0,0,0,1,1,1,1,1,1,1,1,1,1,1,0,0,0,0,5. FOOD IN THE MARKET WAS VERY EXPENSIVE,7. NO FOOD IN THE MARKET,12. LACK OF MONEY,
3. North West,17. Jigawa,1722. MIGA,2. RURAL,96,170041,1,2. NO,2. NO,2. NO,2. NO,2. NO,2. NO,2. NO,2. NO,2. NO,1. YES,3,3,,2. NO,,,,,,,,,,,,,,,,,,,,,,,,
3. North West,17. Jigawa,1722. MIGA,2. RURAL,96,170042,2,1. YES,1. YES,1. YES,1. YES,1. YES,2. NO,2. NO,2. NO,2. NO,2. NO,3,3,3,2. NO,,,,,,,,,,,,,,,,,,,,,,,,
3. North West,17. Jigawa,1722. MIGA,2. RURAL,96,170043,2,2. NO,2. NO,2. NO,2. NO,2. NO,2. NO,2. NO,2. NO,2. NO,2. NO,3,,3,2. NO,,,,,,,,,,,,,,,,,,,,,,,,
3. North West,17. Jigawa,1722. MIGA,2. RURAL,96,170044,5,2. NO,1. YES,1. YES,2. NO,1. YES,1. YES,1. YES,2. NO,1. YES,2. NO,2,,3,1. YES,0,0,0,0,0,0,0,0,0,0,0,0,0,1,1,1,0,0,0,0,5. FOOD IN THE MARKET WAS VERY EXPENSIVE,12. LACK OF MONEY,,
3. North West,17. Jigawa,1722. MIGA,2. RURAL,96,170045,5101,2. NO,2. NO,2. NO,2. NO,2. NO,2. NO,2. NO,2. NO,2. NO,2. NO,3,3,3,2. NO,,,,,,,,,,,,,,,,,,,,,,,,
3. North West,17. Jigawa,1722. MIGA,2. RURAL,96,170046,1,1. YES,1. YES,1. YES,1. YES,1. YES,1. YES,1. YES,2. NO,1. YES,1. YES,2,3,3,1. YES,0,0,0,0,0,0,0,0,0,0,0,0,0,0,0,1,0,0,0,0,12. LACK OF MONEY,,,
3. North West,17. Jigawa,1722. MIGA,2. RURAL,96,170047,2,2. NO,2. NO,2. NO,2. NO,2. NO,2. NO,2. NO,2. NO,2. NO,2. NO,3,3,3,2. NO,,,,,,,,,,,,,,,,,,,,,,,,
3. North West,17. Jigawa,1722. MIGA,2. RURAL,96,170048,1,2. NO,2. NO,2. NO,2. NO,2. NO,2. NO,2. NO,2. NO,2. NO,2. NO,3,4,5,2. NO,,,,,,,,,,,,,,,,,,,,,,,,
3. North West,17. Jigawa,1722. MIGA,2. RURAL,96,170049,2,2. NO,2. NO,2. NO,2. NO,2. NO,2. NO,2. NO,2. NO,2. NO,2. NO,3,3,3,2. NO,,,,,,,,,,,,,,,,,,,,,,,,
3. North West,17. Jigawa,1722. MIGA,2. RURAL,96,170050,3,1. YES,1. YES,1. YES,1. YES,1. YES,1. YES,2. NO,2. NO,1. YES,1. YES,2,3,3,1. YES,0,0,0,0,0,0,0,0,0,0,0,0,0,0,1,1,0,0,0,0,5. FOOD IN THE MARKET WAS VERY EXPENSIVE,6. UNABLE TO REACH THE MARKET DUE TO HIGH TRANSPORTATION COSTS,8. FLOODS/WATER LOGGING,
3. North West,17. Jigawa,1716. KAUGAMA,2. RURAL,1452,170081,2,1. YES,1. YES,1. YES,1. YES,1. YES,1. YES,1. YES,1. YES,1. YES,1. YES,3,3,,1. YES,0,0,0,0,0,0,0,0,0,0,0,0,0,1,1,1,0,0,0,0,5. FOOD IN THE MARKET WAS VERY EXPENSIVE,12. LACK OF MONEY,1. INADEQUATE HOUSEHOLD FOOD STOCKS DUE TO DROUGHT/ POOR RAINS,
3. North West,17. Jigawa,1716. KAUGAMA,2. RURAL,1452,170082,7,1. YES,1. YES,1. YES,1. YES,1. YES,1. YES,1. YES,2. NO,1. YES,1. YES,2,,,1. YES,0,0,0,0,0,0,0,0,0,0,0,0,0,0,1,0,0,0,0,0,12. LACK OF MONEY,,,
3. North West,17. Jigawa,1716. KAUGAMA,2. RURAL,1452,170083,1,2. NO,2. NO,1. YES,1. YES,1. YES,1. YES,1. YES,2. NO,1. YES,1. YES,1,,,1. YES,0,0,0,0,0,0,0,0,0,0,0,0,0,1,1,1,0,0,0,0,1. INADEQUATE HOUSEHOLD FOOD STOCKS DUE TO DROUGHT/ POOR RAINS,5. FOOD IN THE MARKET WAS VERY EXPENSIVE,,
3. North West,17. Jigawa,1716. KAUGAMA,2. RURAL,1452,170085,1,1. YES,1. YES,1. YES,1. YES,1. YES,1. YES,1. YES,2. NO,1. YES,1. YES,2,2,,1. YES,0,0,0,0,0,0,0,0,0,0,0,0,0,1,1,1,0,0,0,0,5. FOOD IN THE MARKET WAS VERY EXPENSIVE,12. LACK OF MONEY,8. FLOODS/WATER LOGGING,
3. North West,17. Jigawa,1715. KAHIN HAUSA,1. URBAN,0,170086,1,1. YES,1. YES,1. YES,1. YES,1. YES,1. YES,1. YES,2. NO,1. YES,1. YES,3,3,,1. YES,0,0,0,0,0,0,0,0,0,0,0,0,0,0,0,1,1,0,0,0,5. FOOD IN THE MARKET WAS VERY EXPENSIVE,12. LACK OF MONEY,,
3. North West,17. Jigawa,1716. KAUGAMA,2. RURAL,1452,170087,1601,1. YES,1. YES,1. YES,1. YES,1. YES,1. YES,1. YES,1. YES,1. YES,1. YES,2,2,2,1. YES,0,0,0,0,0,0,0,0,0,0,1,1,1,1,1,1,0,0,0,0,5. FOOD IN THE MARKET WAS VERY EXPENSIVE,,,
3. North West,17. Jigawa,1716. KAUGAMA,2. RURAL,1452,170088,12,1. YES,1. YES,1. YES,2. NO,1. YES,1. YES,1. YES,2. NO,1. YES,1. YES,3,3,3,1. YES,0,0,0,0,0,0,0,0,0,0,0,0,0,0,1,0,0,0,0,0,1. INADEQUATE HOUSEHOLD FOOD STOCKS DUE TO DROUGHT/ POOR RAINS,12. LACK OF MONEY,,
3. North West,17. Jigawa,1716. KAUGAMA,2. RURAL,1452,170089,1,1. YES,1. YES,2. NO,1. YES,1. YES,1. YES,1. YES,2. NO,1. YES,1. YES,3,4,5,1. YES,0,0,0,0,0,0,0,0,0,0,0,0,0,0,0,1,0,0,0,0,5. FOOD IN THE MARKET WAS VERY EXPENSIVE,12. LACK OF MONEY,,
3. North West,17. Jigawa,1716. KAUGAMA,2. RURAL,1452,170090,7,2. NO,2. NO,2. NO,2. NO,2. NO,2. NO,2. NO,2. NO,2. NO,2. NO,3,,,2. NO,,,,,,,,,,,,,,,,,,,,,,,,
3. North West,17. Jigawa,1701. AUYO,2. RURAL,10,179001,2,1. YES,1. YES,1. YES,1. YES,1. YES,1. YES,1. YES,1. YES,1. YES,2. NO,3,3,,1. YES,0,0,0,0,0,0,0,0,0,0,0,0,0,0,1,1,0,0,0,0,5. FOOD IN THE MARKET WAS VERY EXPENSIVE,12. LACK OF MONEY,,
3. North West,17. Jigawa,1701. AUYO,2. RURAL,10,179002,2,2. NO,2. NO,2. NO,2. NO,2. NO,2. NO,2. NO,2. NO,2. NO,2. NO,3,3,3,2. NO,,,,,,,,,,,,,,,,,,,,,,,,
3. North West,17. Jigawa,1701. AUYO,2. RURAL,10,179003,1,2. NO,2. NO,2. NO,2. NO,2. NO,2. NO,2. NO,2. NO,2. NO,2. NO,3,,4,1. YES,0,0,0,0,0,0,0,0,0,1,0,0,0,0,0,0,0,0,0,0,5. FOOD IN THE MARKET WAS VERY EXPENSIVE,8. FLOODS/WATER LOGGING,,
3. North West,17. Jigawa,1701. AUYO,2. RURAL,10,179004,2,1. YES,1. YES,1. YES,2. NO,2. NO,2. NO,2. NO,2. NO,2. NO,2. NO,3,3,3,2. NO,,,,,,,,,,,,,,,,,,,,,,,,
3. North West,17. Jigawa,1701. AUYO,2. RURAL,10,179005,1,1. YES,1. YES,1. YES,1. YES,1. YES,1. YES,1. YES,1. YES,1. YES,1. YES,3,4,,1. YES,0,0,0,1,0,0,0,0,0,0,1,1,1,1,1,1,0,0,0,0,5. FOOD IN THE MARKET WAS VERY EXPENSIVE,12. LACK OF MONEY,8. FLOODS/WATER LOGGING,
3. North West,17. Jigawa,1701. AUYO,2. RURAL,10,179006,3,2. NO,2. NO,2. NO,2. NO,2. NO,2. NO,2. NO,2. NO,2. NO,2. NO,3,3,,2. NO,,,,,,,,,,,,,,,,,,,,,,,,
3. North West,17. Jigawa,1701. AUYO,2. RURAL,10,179008,1,1. YES,1. YES,1. YES,2. NO,2. NO,2. NO,2. NO,2. NO,2. NO,2. NO,3,4,6,1. YES,0,0,0,0,0,0,0,0,0,0,0,0,1,1,1,1,0,0,0,0,5. FOOD IN THE MARKET WAS VERY EXPENSIVE,12. LACK OF MONEY,8. FLOODS/WATER LOGGING,
3. North West,17. Jigawa,1701. AUYO,2. RURAL,10,179010,2,2. NO,2. NO,2. NO,2. NO,2. NO,2. NO,2. NO,2. NO,2. NO,2. NO,3,3,3,2. NO,,,,,,,,,,,,,,,,,,,,,,,,
3. North West,17. Jigawa,1701. AUYO,2. RURAL,10,179011,101,1. YES,1. YES,1. YES,1. YES,1. YES,1. YES,1. YES,1. YES,1. YES,1. YES,2,2,2,1. YES,0,0,0,0,0,0,0,0,0,0,0,1,1,1,1,1,0,0,0,0,3. INADEQUATE HOUSEHOLD FOOD STOCKS DUE TO SMALL LAND SIZE,,,
3. North West,17. Jigawa,1701. AUYO,2. RURAL,10,179012,2,2. NO,2. NO,2. NO,2. NO,2. NO,2. NO,2. NO,2. NO,2. NO,2. NO,3,3,,2. NO,,,,,,,,,,,,,,,,,,,,,,,,
3. North West,17. Jigawa,1707. GAGARAWA,2. RURAL,284,179013,3,1. YES,1. YES,1. YES,1. YES,1. YES,2. NO,2. NO,2. NO,2. NO,2. NO,3,3,,2. NO,,,,,,,,,,,,,,,,,,,,,,,,
3. North West,17. Jigawa,1707. GAGARAWA,2. RURAL,284,179015,2,1. YES,1. YES,1. YES,1. YES,1. YES,1. YES,1. YES,1. YES,1. YES,1. YES,2,3,3,1. YES,0,0,0,0,0,0,0,0,0,0,0,0,1,1,1,1,0,0,0,0,5. FOOD IN THE MARKET WAS VERY EXPENSIVE,12. LACK OF MONEY,,
3. North West,17. Jigawa,1707. GAGARAWA,2. RURAL,284,179017,2,2. NO,2. NO,2. NO,2. NO,2. NO,2. NO,2. NO,2. NO,2. NO,2. NO,3,3,,2. NO,,,,,,,,,,,,,,,,,,,,,,,,
3. North West,17. Jigawa,1707. GAGARAWA,2. RURAL,284,179018,1,2. NO,2. NO,2. NO,2. NO,2. NO,2. NO,2. NO,2. NO,2. NO,2. NO,3,3,,2. NO,,,,,,,,,,,,,,,,,,,,,,,,
3. North West,17. Jigawa,1707. GAGARAWA,2. RURAL,284,179019,13,2. NO,2. NO,2. NO,2. NO,2. NO,2. NO,2. NO,2. NO,2. NO,2. NO,3,3,3,2. NO,,,,,,,,,,,,,,,,,,,,,,,,
3. North West,17. Jigawa,1707. GAGARAWA,2. RURAL,284,179020,1,1. YES,1. YES,1. YES,1. YES,1. YES,1. YES,1. YES,2. NO,1. YES,1. YES,2,2,,1. YES,0,0,0,0,0,0,0,0,0,0,0,0,0,0,1,1,0,0,0,0,12. LACK OF MONEY,,,
3. North West,17. Jigawa,1707. GAGARAWA,2. RURAL,284,179021,1,2. NO,2. NO,2. NO,2. NO,2. NO,2. NO,1. YES,2. NO,1. YES,2. NO,3,4,,2. NO,,,,,,,,,,,,,,,,,,,,,,,,
3. North West,17. Jigawa,1707. GAGARAWA,2. RURAL,284,179022,1,2. NO,2. NO,2. NO,2. NO,2. NO,2. NO,2. NO,2. NO,2. NO,2. NO,3,3,3,2. NO,,,,,,,,,,,,,,,,,,,,,,,,
3. North West,17. Jigawa,1707. GAGARAWA,2. RURAL,284,179023,1,1. YES,1. YES,1. YES,1. YES,1. YES,1. YES,1. YES,1. YES,1. YES,1. YES,3,,,1. YES,0,0,0,0,0,0,0,0,0,0,0,0,0,0,1,1,0,0,0,0,1. INADEQUATE HOUSEHOLD FOOD STOCKS DUE TO DROUGHT/ POOR RAINS,,,
3. North West,17. Jigawa,1707. GAGARAWA,2. RURAL,284,179024,1,2. NO,2. NO,2. NO,2. NO,2. NO,2. NO,2. NO,2. NO,2. NO,2. NO,3,4,5,2. NO,,,,,,,,,,,,,,,,,,,,,,,,
3. North West,17. Jigawa,1712. GWIWA,2. RURAL,126,179025,1,1. YES,1. YES,1. YES,1. YES,1. YES,2. NO,1. YES,2. NO,1. YES,1. YES,2,2,,2. NO,,,,,,,,,,,,,,,,,,,,,,,,
3. North West,17. Jigawa,1712. GWIWA,2. RURAL,126,179026,3,1. YES,1. YES,1. YES,1. YES,1. YES,1. YES,1. YES,1. YES,1. YES,1. YES,2,2,,1. YES,0,0,0,0,0,0,0,0,0,0,0,0,0,1,1,1,0,0,0,0,12. LACK OF MONEY,,,
3. North West,17. Jigawa,1712. GWIWA,2. RURAL,126,179028,1,1. YES,1. YES,1. YES,1. YES,1. YES,1. YES,1. YES,2. NO,1. YES,1. YES,3,4,5,1. YES,0,0,0,0,0,0,0,0,0,0,0,0,0,0,0,1,0,0,0,0,12. LACK OF MONEY,5. FOOD IN THE MARKET WAS VERY EXPENSIVE,,
3. North West,17. Jigawa,1712. GWIWA,2. RURAL,126,179030,1,1. YES,1. YES,1. YES,1. YES,1. YES,1. YES,1. YES,1. YES,1. YES,1. YES,3,3,4,1. YES,0,0,0,0,0,0,0,0,0,0,0,0,0,0,1,0,0,0,0,0,5. FOOD IN THE MARKET WAS VERY EXPENSIVE,12. LACK OF MONEY,,
3. North West,17. Jigawa,1712. GWIWA,2. RURAL,126,179031,1,1. YES,1. YES,1. YES,1. YES,1. YES,1. YES,1. YES,2. NO,1. YES,2. NO,3,3,4,1. YES,0,0,0,0,0,0,0,0,0,0,0,0,0,0,1,0,0,0,0,0,5. FOOD IN THE MARKET WAS VERY EXPENSIVE,12. LACK OF MONEY,,
3. North West,17. Jigawa,1712. GWIWA,2. RURAL,126,179032,5102,2. NO,1. YES,1. YES,2. NO,2. NO,2. NO,2. NO,2. NO,2. NO,2. NO,3,3,3,1. YES,0,0,0,0,0,0,0,0,0,0,1,1,1,0,0,0,0,0,0,0,5. FOOD IN THE MARKET WAS VERY EXPENSIVE,,,
3. North West,17. Jigawa,1712. GWIWA,2. RURAL,126,179033,2,2. NO,2. NO,2. NO,2. NO,2. NO,2. NO,2. NO,2. NO,2. NO,2. NO,3,3,3,2. NO,,,,,,,,,,,,,,,,,,,,,,,,
3. North West,17. Jigawa,1712. GWIWA,2. RURAL,126,179034,2,2. NO,2. NO,2. NO,2. NO,2. NO,2. NO,2. NO,2. NO,2. NO,2. NO,3,3,,2. NO,,,,,,,,,,,,,,,,,,,,,,,,
3. North West,17. Jigawa,1712. GWIWA,2. RURAL,126,179035,2,2. NO,2. NO,2. NO,2. NO,2. NO,2. NO,2. NO,2. NO,2. NO,2. NO,3,3,3,2. NO,,,,,,,,,,,,,,,,,,,,,,,,
3. North West,17. Jigawa,1712. GWIWA,2. RURAL,126,179036,1,1. YES,1. YES,1. YES,1. YES,1. YES,1. YES,1. YES,2. NO,1. YES,1. YES,2,2,2,1. YES,0,0,0,0,0,0,0,0,0,0,0,0,0,0,1,0,0,0,0,0,12. LACK OF MONEY,,,
3. North West,17. Jigawa,1715. KAHIN HAUSA,2. RURAL,3064,179037,2,1. YES,1. YES,1. YES,1. YES,1. YES,2. NO,1. YES,1. YES,1. YES,1. YES,3,,,1. YES,0,0,0,1,1,1,0,0,0,0,0,0,0,0,0,0,0,0,0,0,12. LACK OF MONEY,8. FLOODS/WATER LOGGING,,
3. North West,17. Jigawa,1715. KAHIN HAUSA,2. RURAL,3064,179039,1,2. NO,2. NO,2. NO,2. NO,2. NO,2. NO,2. NO,2. NO,2. NO,2. NO,3,3,,2. NO,,,,,,,,,,,,,,,,,,,,,,,,
3. North West,17. Jigawa,1715. KAHIN HAUSA,2. RURAL,3064,179041,1,1. YES,1. YES,1. YES,1. YES,1. YES,1. YES,1. YES,2. NO,1. YES,2. NO,3,3,3,2. NO,,,,,,,,,,,,,,,,,,,,,,,,
3. North West,17. Jigawa,1715. KAHIN HAUSA,2. RURAL,3064,179042,1,2. NO,1. YES,2. NO,1. YES,1. YES,2. NO,2. NO,2. NO,2. NO,1. YES,3,3,3,2. NO,,,,,,,,,,,,,,,,,,,,,,,,
3. North West,17. Jigawa,1715. KAHIN HAUSA,2. RURAL,3064,179043,2,2. NO,2. NO,2. NO,2. NO,2. NO,2. NO,2. NO,2. NO,2. NO,2. NO,3,3,,1. YES,0,0,0,1,1,1,1,0,0,0,0,0,0,0,0,0,0,0,0,0,12. LACK OF MONEY,8. FLOODS/WATER LOGGING,,
3. North West,17. Jigawa,1715. KAHIN HAUSA,2. RURAL,3064,179044,1,1. YES,1. YES,1. YES,1. YES,1. YES,1. YES,1. YES,1. YES,1. YES,1. YES,2,2,3,1. YES,0,0,0,0,0,0,0,1,1,1,1,1,1,1,1,1,0,0,0,0,5. FOOD IN THE MARKET WAS VERY EXPENSIVE,8. FLOODS/WATER LOGGING,,
3. North West,17. Jigawa,1715. KAHIN HAUSA,2. RURAL,3064,179045,1,1. YES,1. YES,1. YES,1. YES,1. YES,2. NO,2. NO,2. NO,1. YES,1. YES,3,4,4,2. NO,,,,,,,,,,,,,,,,,,,,,,,,
3. North West,17. Jigawa,1715. KAHIN HAUSA,2. RURAL,3064,179046,1,2. NO,2. NO,2. NO,1. YES,2. NO,2. NO,2. NO,2. NO,2. NO,2. NO,3,3,7,2. NO,,,,,,,,,,,,,,,,,,,,,,,,
3. North West,17. Jigawa,1715. KAHIN HAUSA,2. RURAL,3064,179047,501,1. YES,1. YES,1. YES,1. YES,1. YES,1. YES,1. YES,1. YES,1. YES,2. NO,3,3,3,1. YES,1,0,0,0,0,0,0,0,0,0,0,0,0,0,0,0,0,0,0,0,2. INADEQUATE HOUSEHOLD FOOD STOCKS DUE TO CROP PEST DAMAGE,3. INADEQUATE HOUSEHOLD FOOD STOCKS DUE TO SMALL LAND SIZE,12. LACK OF MONEY,
3. North West,17. Jigawa,1715. KAHIN HAUSA,2. RURAL,3064,179048,2,2. NO,2. NO,2. NO,2. NO,2. NO,2. NO,2. NO,2. NO,2. NO,2. NO,3,3,3,2. NO,,,,,,,,,,,,,,,,,,,,,,,,
3. North West,17. Jigawa,1716. KAUGAMA,2. RURAL,1344,179049,1,2. NO,1. YES,2. NO,1. YES,1. YES,1. YES,2. NO,2. NO,2. NO,1. YES,3,4,5,2. NO,,,,,,,,,,,,,,,,,,,,,,,,
3. North West,17. Jigawa,1716. KAUGAMA,2. RURAL,1344,179050,101,2. NO,1. YES,2. NO,2. NO,2. NO,2. NO,2. NO,2. NO,1. YES,2. NO,3,3,,1. YES,0,0,0,0,0,0,0,0,1,0,1,0,0,0,0,0,0,0,0,0,13. LACK OF ACCESS TO MONEY AT THE BANK DUE TO NAIRA REDESIGN,12. LACK OF MONEY,,
3. North West,17. Jigawa,1716. KAUGAMA,2. RURAL,1344,179053,2,1. YES,1. YES,1. YES,1. YES,1. YES,2. NO,2. NO,2. NO,1. YES,2. NO,3,4,,2. NO,,,,,,,,,,,,,,,,,,,,,,,,
3. North West,17. Jigawa,1716. KAUGAMA,2. RURAL,1344,179054,2,2. NO,2. NO,2. NO,2. NO,2. NO,2. NO,2. NO,2. NO,2. NO,2. NO,3,3,,2. NO,,,,,,,,,,,,,,,,,,,,,,,,
3. North West,17. Jigawa,1716. KAUGAMA,2. RURAL,1344,179055,2,1. YES,1. YES,1. YES,1. YES,1. YES,1. YES,1. YES,1. YES,1. YES,1. YES,3,3,,2. NO,,,,,,,,,,,,,,,,,,,,,,,,
3. North West,17. Jigawa,1716. KAUGAMA,2. RURAL,1344,179056,2,1. YES,1. YES,1. YES,1. YES,1. YES,1. YES,1. YES,1. YES,1. YES,1. YES,2,,,1. YES,0,0,0,0,0,0,0,0,0,0,1,1,1,1,1,1,0,0,0,0,5. FOOD IN THE MARKET WAS VERY EXPENSIVE,10. INADEQUATE FOOD STOCK FROM FARM DUE TO CONFLICT/SECURITY,4. INADEQUATE HOUSEHOLD FOOD STOCKS DUE TO LACK OF FARM INPUTS,
3. North West,17. Jigawa,1716. KAUGAMA,2. RURAL,1344,179058,5101,2. NO,2. NO,2. NO,2. NO,2. NO,2. NO,2. NO,2. NO,2. NO,2. NO,3,3,,2. NO,,,,,,,,,,,,,,,,,,,,,,,,
3. North West,17. Jigawa,1716. KAUGAMA,2. RURAL,1344,179059,3,2. NO,2. NO,2. NO,2. NO,2. NO,2. NO,2. NO,2. NO,2. NO,2. NO,3,3,,2. NO,,,,,,,,,,,,,,,,,,,,,,,,
3. North West,17. Jigawa,1716. KAUGAMA,2. RURAL,1344,179060,2,2. NO,2. NO,2. NO,2. NO,2. NO,2. NO,2. NO,2. NO,2. NO,2. NO,3,3,,2. NO,,,,,,,,,,,,,,,,,,,,,,,,
3. North West,17. Jigawa,1717. KAZAURE,2. RURAL,378,179061,1,1. YES,1. YES,1. YES,1. YES,1. YES,1. YES,1. YES,2. NO,1. YES,2. NO,3,3,,1. YES,0,0,0,0,0,0,0,0,0,0,0,0,1,1,1,1,0,0,0,0,12. LACK OF MONEY,5. FOOD IN THE MARKET WAS VERY EXPENSIVE,,
3. North West,17. Jigawa,1717. KAZAURE,1. URBAN,0,179062,1,1. YES,1. YES,1. YES,1. YES,1. YES,2. NO,1. YES,2. NO,1. YES,1. YES,2,,2,1. YES,0,0,0,0,0,0,0,0,0,0,0,0,0,0,1,1,0,0,0,0,12. LACK OF MONEY,,,
3. North West,17. Jigawa,1717. KAZAURE,2. RURAL,378,179063,1,1. YES,1. YES,1. YES,1. YES,1. YES,2. NO,2. NO,2. NO,2. NO,2. NO,3,3,4,2. NO,,,,,,,,,,,,,,,,,,,,,,,,
3. North West,17. Jigawa,1717. KAZAURE,2. RURAL,378,179064,2,1. YES,1. YES,1. YES,1. YES,1. YES,2. NO,1. YES,1. YES,1. YES,1. YES,2,2,,1. YES,0,0,0,0,0,0,0,0,0,0,0,0,0,1,1,1,0,0,0,0,2. INADEQUATE HOUSEHOLD FOOD STOCKS DUE TO CROP PEST DAMAGE,,,
3. North West,17. Jigawa,1717. KAZAURE,2. RURAL,378,179065,5101,1. YES,1. YES,1. YES,1. YES,1. YES,1. YES,1. YES,1. YES,1. YES,2. NO,3,,,1. YES,0,0,0,0,0,0,0,0,0,0,0,0,0,0,0,1,0,0,0,0,5. FOOD IN THE MARKET WAS VERY EXPENSIVE,,,
3. North West,17. Jigawa,1717. KAZAURE,2. RURAL,378,179067,2,2. NO,1. YES,2. NO,2. NO,2. NO,2. NO,2. NO,2. NO,2. NO,2. NO,3,3,,2. NO,,,,,,,,,,,,,,,,,,,,,,,,
3. North West,17. Jigawa,1717. KAZAURE,2. RURAL,378,179068,1,1. YES,1. YES,1. YES,1. YES,1. YES,2. NO,1. YES,2. NO,1. YES,2. NO,2,2,,2. NO,,,,,,,,,,,,,,,,,,,,,,,,
3. North West,17. Jigawa,1717. KAZAURE,2. RURAL,378,179069,1,1. YES,1. YES,1. YES,1. YES,1. YES,2. NO,1. YES,2. NO,2. NO,2. NO,2,,,1. YES,0,0,0,0,0,0,0,0,0,0,0,0,0,0,1,0,0,0,0,0,12. LACK OF MONEY,,,
3. North West,17. Jigawa,1717. KAZAURE,2. RURAL,378,179070,5101,1. YES,1. YES,1. YES,1. YES,1. YES,1. YES,1. YES,2. NO,1. YES,2. NO,2,3,3,1. YES,0,0,0,0,0,0,0,0,0,0,0,0,0,0,1,1,0,0,0,0,5. FOOD IN THE MARKET WAS VERY EXPENSIVE,12. LACK OF MONEY,,
3. North West,17. Jigawa,1717. KAZAURE,2. RURAL,378,179072,5101,2. NO,1. YES,1. YES,2. NO,1. YES,2. NO,2. NO,2. NO,2. NO,2. NO,2,,,2. NO,,,,,,,,,,,,,,,,,,,,,,,,
3. North West,17. Jigawa,1721. MALAM MADORI,1. URBAN,1272,179073,13,2. NO,2. NO,2. NO,2. NO,2. NO,2. NO,2. NO,2. NO,2. NO,2. NO,3,4,6,2. NO,,,,,,,,,,,,,,,,,,,,,,,,
3. North West,17. Jigawa,1721. MALAM MADORI,1. URBAN,1272,179074,1,2. NO,2. NO,1. YES,1. YES,1. YES,1. YES,1. YES,2. NO,1. YES,1. YES,3,3,4,2. NO,,,,,,,,,,,,,,,,,,,,,,,,
3. North West,17. Jigawa,1721. MALAM MADORI,1. URBAN,1272,179075,1,1. YES,1. YES,1. YES,2. NO,2. NO,2. NO,2. NO,2. NO,1. YES,2. NO,3,4,5,2. NO,,,,,,,,,,,,,,,,,,,,,,,,
3. North West,17. Jigawa,1721. MALAM MADORI,1. URBAN,1272,179076,2,2. NO,2. NO,2. NO,2. NO,2. NO,2. NO,2. NO,2. NO,2. NO,2. NO,3,3,3,2. NO,,,,,,,,,,,,,,,,,,,,,,,,
3. North West,17. Jigawa,1721. MALAM MADORI,1. URBAN,1272,179077,2,1. YES,2. NO,1. YES,1. YES,1. YES,1. YES,1. YES,1. YES,1. YES,1. YES,2,2,2,2. NO,,,,,,,,,,,,,,,,,,,,,,,,
3. North West,17. Jigawa,1721. MALAM MADORI,1. URBAN,1272,179079,1,2. NO,2. NO,2. NO,2. NO,2. NO,2. NO,2. NO,2. NO,2. NO,2. NO,3,3,,2. NO,,,,,,,,,,,,,,,,,,,,,,,,
3. North West,17. Jigawa,1713. JADEJIA,2. RURAL,0,179080,5,1. YES,1. YES,1. YES,1. YES,1. YES,1. YES,2. NO,2. NO,1. YES,1. YES,3,3,3,1. YES,0,0,0,0,0,0,0,0,0,0,0,0,0,0,1,1,1,0,0,0,5. FOOD IN THE MARKET WAS VERY EXPENSIVE,,,
3. North West,17. Jigawa,1721. MALAM MADORI,1. URBAN,1272,179081,2,2. NO,2. NO,2. NO,2. NO,2. NO,2. NO,2. NO,2. NO,2. NO,2. NO,3,3,3,2. NO,,,,,,,,,,,,,,,,,,,,,,,,
3. North West,17. Jigawa,1721. MALAM MADORI,1. URBAN,1272,179082,2,2. NO,2. NO,2. NO,2. NO,2. NO,2. NO,2. NO,2. NO,2. NO,2. NO,3,3,3,2. NO,,,,,,,,,,,,,,,,,,,,,,,,
3. North West,17. Jigawa,1721. MALAM MADORI,1. URBAN,1272,179084,1,2. NO,2. NO,2. NO,2. NO,2. NO,2. NO,2. NO,2. NO,2. NO,2. NO,3,3,,2. NO,,,,,,,,,,,,,,,,,,,,,,,,
3. North West,17. Jigawa,1723. RIGIM,1. URBAN,668,179085,1,2. NO,2. NO,2. NO,2. NO,2. NO,2. NO,2. NO,2. NO,2. NO,2. NO,3,3,,2. NO,,,,,,,,,,,,,,,,,,,,,,,,
3. North West,17. Jigawa,1723. RIGIM,1. URBAN,668,179086,1,1. YES,2. NO,1. YES,2. NO,1. YES,2. NO,2. NO,2. NO,2. NO,2. NO,3,3,4,1. YES,1,0,0,0,0,0,0,0,0,0,0,0,0,0,0,0,0,0,0,0,5. FOOD IN THE MARKET WAS VERY EXPENSIVE,12. LACK OF MONEY,,
3. North West,17. Jigawa,1723. RIGIM,1. URBAN,668,179087,3,2. NO,2. NO,2. NO,2. NO,2. NO,2. NO,2. NO,2. NO,2. NO,2. NO,3,,,2. NO,,,,,,,,,,,,,,,,,,,,,,,,
3. North West,17. Jigawa,1723. RIGIM,1. URBAN,668,179089,1,2. NO,2. NO,2. NO,2. NO,2. NO,2. NO,2. NO,2. NO,2. NO,2. NO,3,4,5,2. NO,,,,,,,,,,,,,,,,,,,,,,,,
3. North West,17. Jigawa,1723. RIGIM,1. URBAN,668,179091,11,2. NO,2. NO,2. NO,2. NO,2. NO,2. NO,2. NO,2. NO,2. NO,2. NO,3,3,,2. NO,,,,,,,,,,,,,,,,,,,,,,,,
3. North West,17. Jigawa,1723. RIGIM,1. URBAN,668,179092,2,2. NO,2. NO,2. NO,2. NO,2. NO,2. NO,2. NO,2. NO,2. NO,2. NO,3,3,3,2. NO,,,,,,,,,,,,,,,,,,,,,,,,
3. North West,17. Jigawa,1723. RIGIM,1. URBAN,668,179093,2,2. NO,2. NO,2. NO,2. NO,2. NO,2. NO,2. NO,2. NO,2. NO,2. NO,3,3,3,2. NO,,,,,,,,,,,,,,,,,,,,,,,,
3. North West,17. Jigawa,1723. RIGIM,1. URBAN,668,179095,1,1. YES,1. YES,2. NO,2. NO,1. YES,2. NO,2. NO,2. NO,1. YES,1. YES,3,3,,2. NO,,,,,,,,,,,,,,,,,,,,,,,,
3. North West,17. Jigawa,1723. RIGIM,1. URBAN,668,179096,2,2. NO,2. NO,1. YES,1. YES,2. NO,2. NO,1. YES,2. NO,1. YES,1. YES,3,3,3,2. NO,,,,,,,,,,,,,,,,,,,,,,,,
3. North West,17. Jigawa,1725. SULE TANKAR KAR,2. RURAL,200,179097,1,1. YES,1. YES,1. YES,1. YES,1. YES,1. YES,1. YES,1. YES,1. YES,1. YES,2,2,2,1. YES,0,0,0,0,0,0,0,0,0,0,0,0,1,1,1,1,0,0,0,0,5. FOOD IN THE MARKET WAS VERY EXPENSIVE,12. LACK OF MONEY,,
3. North West,17. Jigawa,1725. SULE TANKAR KAR,2. RURAL,200,179098,1,2. NO,2. NO,2. NO,2. NO,2. NO,2. NO,2. NO,2. NO,2. NO,2. NO,3,4,4,2. NO,,,,,,,,,,,,,,,,,,,,,,,,
3. North West,17. Jigawa,1725. SULE TANKAR KAR,2. RURAL,200,179100,1,1. YES,1. YES,1. YES,1. YES,1. YES,1. YES,2. NO,2. NO,1. YES,2. NO,2,2,3,2. NO,,,,,,,,,,,,,,,,,,,,,,,,
3. North West,17. Jigawa,1725. SULE TANKAR KAR,2. RURAL,200,179101,2,2. NO,2. NO,2. NO,2. NO,2. NO,2. NO,2. NO,2. NO,2. NO,2. NO,3,3,3,2. NO,,,,,,,,,,,,,,,,,,,,,,,,
3. North West,17. Jigawa,1725. SULE TANKAR KAR,2. RURAL,200,179102,5101,1. YES,1. YES,1. YES,1. YES,1. YES,1. YES,1. YES,1. YES,1. YES,1. YES,3,3,,1. YES,0,0,0,0,0,0,0,0,0,0,0,0,1,1,1,1,0,0,0,0,12. LACK OF MONEY,,,
3. North West,17. Jigawa,1725. SULE TANKAR KAR,2. RURAL,200,179103,2,2. NO,2. NO,2. NO,2. NO,2. NO,2. NO,2. NO,2. NO,2. NO,2. NO,3,3,3,2. NO,,,,,,,,,,,,,,,,,,,,,,,,
3. North West,17. Jigawa,1725. SULE TANKAR KAR,2. RURAL,200,179104,5101,1. YES,1. YES,1. YES,1. YES,1. YES,1. YES,1. YES,1. YES,1. YES,1. YES,2,2,2,1. YES,0,0,0,0,0,0,0,0,0,0,0,0,0,0,1,1,0,0,0,0,12. LACK OF MONEY,,,
3. North West,17. Jigawa,1725. SULE TANKAR KAR,2. RURAL,200,179105,1,1. YES,1. YES,1. YES,1. YES,1. YES,1. YES,1. YES,1. YES,1. YES,1. YES,2,2,,1. YES,0,0,0,0,0,0,0,0,0,0,0,0,0,0,0,1,0,0,0,0,12. LACK OF MONEY,,,
3. North West,17. Jigawa,1725. SULE TANKAR KAR,2. RURAL,200,179106,1,1. YES,1. YES,1. YES,1. YES,1. YES,1. YES,1. YES,2. NO,1. YES,1. YES,2,2,2,1. YES,0,0,0,0,0,0,0,0,0,0,0,1,1,1,1,1,0,0,0,0,12. LACK OF MONEY,,,
3. North West,17. Jigawa,1725. SULE TANKAR KAR,2. RURAL,200,179108,1,1. YES,1. YES,1. YES,1. YES,1. YES,2. NO,1. YES,2. NO,1. YES,1. YES,2,2,2,1. YES,0,0,0,0,0,0,0,0,0,0,0,0,0,0,1,0,0,0,0,0,12. LACK OF MONEY,,,
3. North West,17. Jigawa,1723. RIGIM,1. URBAN,668,179124,1,1. YES,1. YES,1. YES,1. YES,1. YES,2. NO,1. YES,2. NO,1. YES,1. YES,2,2,2,1. YES,0,0,0,0,0,0,0,0,0,0,0,0,0,0,0,1,0,0,0,0,12. LACK OF MONEY,,,
3. North West,18. Kaduna,1804. IGABI,1. URBAN,2690,180001,5101,1. YES,1. YES,1. YES,1. YES,1. YES,1. YES,1. YES,1. YES,1. YES,2. NO,2,3,3,1. YES,0,0,0,0,0,0,0,0,0,0,1,0,0,0,0,0,0,0,0,0,5. FOOD IN THE MARKET WAS VERY EXPENSIVE,12. LACK OF MONEY,,
3. North West,18. Kaduna,1804. IGABI,1. URBAN,2690,180002,5105,2. NO,2. NO,2. NO,2. NO,2. NO,2. NO,2. NO,2. NO,2. NO,2. NO,3,3,,2. NO,,,,,,,,,,,,,,,,,,,,,,,,
3. North West,18. Kaduna,1804. IGABI,1. URBAN,2690,180003,6,1. YES,1. YES,1. YES,1. YES,1. YES,1. YES,1. YES,2. NO,1. YES,1. YES,3,3,,1. YES,1,0,0,0,0,0,0,0,0,0,0,0,0,0,0,0,0,0,0,0,12. LACK OF MONEY,5. FOOD IN THE MARKET WAS VERY EXPENSIVE,,
3. North West,18. Kaduna,1804. IGABI,1. URBAN,2690,180004,12,1. YES,1. YES,1. YES,1. YES,1. YES,1. YES,2. NO,2. NO,2. NO,2. NO,2,2,,1. YES,0,0,0,0,1,0,0,0,0,0,0,0,0,0,0,0,0,0,0,0,5. FOOD IN THE MARKET WAS VERY EXPENSIVE,12. LACK OF MONEY,,
3. North West,18. Kaduna,1804. IGABI,1. URBAN,2690,180005,8,1. YES,1. YES,1. YES,1. YES,1. YES,1. YES,1. YES,1. YES,1. YES,1. YES,3,5,3,1. YES,1,0,0,0,0,0,0,0,0,0,0,0,0,0,0,0,0,0,0,0,4. INADEQUATE HOUSEHOLD FOOD STOCKS DUE TO LACK OF FARM INPUTS,5. FOOD IN THE MARKET WAS VERY EXPENSIVE,,
3. North West,18. Kaduna,1804. IGABI,1. URBAN,2690,180006,1301,1. YES,1. YES,1. YES,1. YES,1. YES,1. YES,1. YES,2. NO,1. YES,1. YES,3,3,,1. YES,1,0,0,0,0,0,0,0,0,0,0,0,0,0,0,0,0,0,0,0,12. LACK OF MONEY,10. INADEQUATE FOOD STOCK FROM FARM DUE TO CONFLICT/SECURITY,,
3. North West,18. Kaduna,1804. IGABI,1. URBAN,2690,180007,1,1. YES,2. NO,2. NO,2. NO,2. NO,2. NO,2. NO,2. NO,2. NO,2. NO,3,,,1. YES,0,0,0,0,0,0,0,1,1,0,0,0,0,0,0,0,0,0,0,0,13. LACK OF ACCESS TO MONEY AT THE BANK DUE TO NAIRA REDESIGN,,,
3. North West,18. Kaduna,1804. IGABI,1. URBAN,2690,180008,2,1. YES,1. YES,1. YES,1. YES,1. YES,1. YES,2. NO,2. NO,2. NO,2. NO,2,2,,1. YES,0,0,0,0,0,0,1,0,0,0,0,0,0,0,0,0,0,0,0,0,1. INADEQUATE HOUSEHOLD FOOD STOCKS DUE TO DROUGHT/ POOR RAINS,,,
3. North West,18. Kaduna,1804. IGABI,1. URBAN,0,180009,1,1. YES,1. YES,1. YES,1. YES,1. YES,1. YES,2. NO,2. NO,1. YES,1. YES,3,3,,2. NO,,,,,,,,,,,,,,,,,,,,,,,,
3. North West,18. Kaduna,1803. GIWA,2. RURAL,840,180031,1,1. YES,1. YES,1. YES,1. YES,1. YES,1. YES,1. YES,1. YES,1. YES,1. YES,2,3,2,1. YES,1,0,0,0,0,0,0,0,0,0,0,0,0,0,0,0,0,0,0,0,3. INADEQUATE HOUSEHOLD FOOD STOCKS DUE TO SMALL LAND SIZE,5. FOOD IN THE MARKET WAS VERY EXPENSIVE,12. LACK OF MONEY,
3. North West,18. Kaduna,1803. GIWA,2. RURAL,840,180032,12,2. NO,2. NO,2. NO,2. NO,2. NO,2. NO,2. NO,2. NO,2. NO,2. NO,3,,3,2. NO,,,,,,,,,,,,,,,,,,,,,,,,
3. North West,18. Kaduna,1803. GIWA,2. RURAL,840,180033,1,1. YES,1. YES,1. YES,1. YES,1. YES,1. YES,1. YES,1. YES,1. YES,1. YES,2,3,,1. YES,1,0,0,0,0,0,0,0,0,0,0,0,0,0,0,0,0,0,0,0,12. LACK OF MONEY,13. LACK OF ACCESS TO MONEY AT THE BANK DUE TO NAIRA REDESIGN,,
3. North West,18. Kaduna,1803. GIWA,2. RURAL,840,180034,5,1. YES,1. YES,1. YES,1. YES,1. YES,1. YES,1. YES,2. NO,2. NO,2. NO,3,3,3,1. YES,0,0,0,0,0,0,0,0,1,1,1,1,0,0,0,0,0,0,0,0,12. LACK OF MONEY,,,
3. North West,18. Kaduna,1821. SOBA,2. RURAL,0,180035,1,2. NO,2. NO,2. NO,2. NO,2. NO,2. NO,2. NO,2. NO,2. NO,2. NO,2,1,2,2. NO,,,,,,,,,,,,,,,,,,,,,,,,
3. North West,18. Kaduna,1803. GIWA,2. RURAL,840,180036,1,1. YES,1. YES,1. YES,1. YES,1. YES,1. YES,1. YES,1. YES,1. YES,2. NO,2,2,3,1. YES,0,0,0,0,0,0,0,0,0,0,1,0,0,0,0,0,0,0,0,0,5. FOOD IN THE MARKET WAS VERY EXPENSIVE,4. INADEQUATE HOUSEHOLD FOOD STOCKS DUE TO LACK OF FARM INPUTS,,
3. North West,18. Kaduna,1803. GIWA,2. RURAL,840,180037,11,1. YES,1. YES,1. YES,1. YES,1. YES,1. YES,1. YES,1. YES,1. YES,2. NO,2,2,3,1. YES,0,0,0,0,0,0,0,0,0,0,1,1,1,0,0,0,0,0,0,0,4. INADEQUATE HOUSEHOLD FOOD STOCKS DUE TO LACK OF FARM INPUTS,3. INADEQUATE HOUSEHOLD FOOD STOCKS DUE TO SMALL LAND SIZE,,
3. North West,18. Kaduna,1803. GIWA,2. RURAL,840,180038,1,2. NO,2. NO,2. NO,2. NO,2. NO,2. NO,2. NO,2. NO,2. NO,2. NO,3,3,,2. NO,,,,,,,,,,,,,,,,,,,,,,,,
3. North West,18. Kaduna,1803. GIWA,2. RURAL,840,180039,1,1. YES,1. YES,1. YES,1. YES,1. YES,1. YES,1. YES,1. YES,1. YES,1. YES,2,3,,1. YES,1,0,0,0,0,0,0,0,0,0,0,0,0,0,0,0,0,0,0,0,5. FOOD IN THE MARKET WAS VERY EXPENSIVE,12. LACK OF MONEY,13. LACK OF ACCESS TO MONEY AT THE BANK DUE TO NAIRA REDESIGN,
3. North West,18. Kaduna,1803. GIWA,2. RURAL,0,180040,2,1. YES,1. YES,1. YES,1. YES,1. YES,2. NO,1. YES,2. NO,1. YES,2. NO,3,3,3,1. YES,0,0,0,0,0,0,0,0,1,1,1,1,1,1,1,1,0,0,0,0,12. LACK OF MONEY,,,
3. North West,18. Kaduna,1816. KUDAN,1. URBAN,378,180041,1,2. NO,2. NO,2. NO,2. NO,2. NO,2. NO,2. NO,2. NO,2. NO,2. NO,2,2,2,1. YES,0,0,0,0,1,0,0,0,0,0,0,0,0,0,0,0,0,0,0,0,1. INADEQUATE HOUSEHOLD FOOD STOCKS DUE TO DROUGHT/ POOR RAINS,,,
3. North West,18. Kaduna,1816. KUDAN,1. URBAN,378,180042,2,2. NO,2. NO,2. NO,2. NO,2. NO,2. NO,2. NO,2. NO,2. NO,2. NO,3,3,,2. NO,,,,,,,,,,,,,,,,,,,,,,,,
3. North West,18. Kaduna,1816. KUDAN,1. URBAN,378,180043,2,1. YES,1. YES,1. YES,2. NO,2. NO,2. NO,1. YES,2. NO,2. NO,2. NO,3,3,,2. NO,,,,,,,,,,,,,,,,,,,,,,,,
3. North West,18. Kaduna,1816. KUDAN,1. URBAN,378,180044,2001,1. YES,2. NO,1. YES,2. NO,2. NO,2. NO,2. NO,2. NO,2. NO,2. NO,3,3,3,2. NO,,,,,,,,,,,,,,,,,,,,,,,,
3. North West,18. Kaduna,1816. KUDAN,1. URBAN,378,180045,1,1. YES,1. YES,1. YES,1. YES,1. YES,2. NO,1. YES,2. NO,1. YES,2. NO,2,2,,2. NO,,,,,,,,,,,,,,,,,,,,,,,,
3. North West,18. Kaduna,1816. KUDAN,1. URBAN,378,180046,701,1. YES,1. YES,1. YES,1. YES,1. YES,1. YES,2. NO,2. NO,1. YES,2. NO,2,2,3,1. YES,0,0,0,0,0,0,0,0,0,1,0,0,0,0,0,0,0,0,0,0,3. INADEQUATE HOUSEHOLD FOOD STOCKS DUE TO SMALL LAND SIZE,4. INADEQUATE HOUSEHOLD FOOD STOCKS DUE TO LACK OF FARM INPUTS,,
3. North West,18. Kaduna,1816. KUDAN,1. URBAN,378,180047,1,1. YES,1. YES,1. YES,1. YES,1. YES,1. YES,1. YES,1. YES,1. YES,1. YES,2,3,,1. YES,0,0,0,0,0,0,0,1,1,1,1,1,0,0,0,0,0,0,0,0,5. FOOD IN THE MARKET WAS VERY EXPENSIVE,12. LACK OF MONEY,,
3. North West,18. Kaduna,1816. KUDAN,1. URBAN,378,180049,1,1. YES,1. YES,1. YES,1. YES,1. YES,1. YES,1. YES,1. YES,1. YES,2. NO,2,3,3,1. YES,0,0,0,0,0,0,0,0,1,0,0,0,0,0,0,0,0,0,0,0,4. INADEQUATE HOUSEHOLD FOOD STOCKS DUE TO LACK OF FARM INPUTS,5. FOOD IN THE MARKET WAS VERY EXPENSIVE,,
3. North West,18. Kaduna,1816. KUDAN,1. URBAN,378,180050,1,1. YES,1. YES,1. YES,1. YES,1. YES,1. YES,1. YES,1. YES,1. YES,1. YES,2,3,3,1. YES,1,0,0,0,0,0,0,0,0,0,0,0,0,0,0,0,0,0,0,0,12. LACK OF MONEY,13. LACK OF ACCESS TO MONEY AT THE BANK DUE TO NAIRA REDESIGN,5. FOOD IN THE MARKET WAS VERY EXPENSIVE,
3. North West,18. Kaduna,1820. SANGA,2. RURAL,450,180091,1,2. NO,1. YES,1. YES,2. NO,1. YES,2. NO,2. NO,2. NO,2. NO,2. NO,2,3,,2. NO,,,,,,,,,,,,,,,,,,,,,,,,
3. North West,18. Kaduna,1820. SANGA,2. RURAL,450,180092,2,1. YES,1. YES,1. YES,1. YES,1. YES,2. NO,2. NO,2. NO,1. YES,2. NO,2,2,,2. NO,,,,,,,,,,,,,,,,,,,,,,,,
3. North West,18. Kaduna,1820. SANGA,2. RURAL,450,180093,1,1. YES,1. YES,1. YES,1. YES,1. YES,1. YES,2. NO,2. NO,2. NO,2. NO,2,,,2. NO,,,,,,,,,,,,,,,,,,,,,,,,
3. North West,18. Kaduna,1820. SANGA,2. RURAL,450,180094,3,1. YES,1. YES,1. YES,1. YES,1. YES,1. YES,1. YES,1. YES,1. YES,1. YES,3,3,,1. YES,0,0,0,0,0,0,0,0,0,0,0,0,1,1,1,0,0,0,0,0,4. INADEQUATE HOUSEHOLD FOOD STOCKS DUE TO LACK OF FARM INPUTS,,,
3. North West,18. Kaduna,1820. SANGA,2. RURAL,450,180095,5101,2. NO,1. YES,1. YES,1. YES,1. YES,1. YES,2. NO,2. NO,2. NO,2. NO,2,,,1. YES,0,0,0,0,0,0,0,0,0,0,0,0,1,1,1,0,0,0,0,0,4. INADEQUATE HOUSEHOLD FOOD STOCKS DUE TO LACK OF FARM INPUTS,12. LACK OF MONEY,5. FOOD IN THE MARKET WAS VERY EXPENSIVE,
3. North West,18. Kaduna,1820. SANGA,2. RURAL,450,180096,1,1. YES,1. YES,1. YES,1. YES,1. YES,1. YES,1. YES,1. YES,2. NO,1. YES,2,,,1. YES,0,0,0,0,1,1,1,1,0,0,0,1,1,1,1,0,0,0,0,0,4. INADEQUATE HOUSEHOLD FOOD STOCKS DUE TO LACK OF FARM INPUTS,12. LACK OF MONEY,5. FOOD IN THE MARKET WAS VERY EXPENSIVE,
3. North West,18. Kaduna,1820. SANGA,2. RURAL,450,180097,2,1. YES,1. YES,2. NO,1. YES,1. YES,1. YES,1. YES,1. YES,1. YES,1. YES,2,1,,1. YES,0,0,0,0,1,0,0,1,0,1,1,0,0,0,1,0,0,0,0,0,1. INADEQUATE HOUSEHOLD FOOD STOCKS DUE TO DROUGHT/ POOR RAINS,,,
3. North West,18. Kaduna,1820. SANGA,2. RURAL,450,180098,1,1. YES,1. YES,1. YES,1. YES,1. YES,1. YES,1. YES,1. YES,1. YES,1. YES,2,1,2,2. NO,,,,,,,,,,,,,,,,,,,,,,,,
3. North West,18. Kaduna,1820. SANGA,2. RURAL,450,180099,1,1. YES,1. YES,1. YES,1. YES,1. YES,2. NO,1. YES,2. NO,2. NO,1. YES,2,,,2. NO,,,,,,,,,,,,,,,,,,,,,,,,
3. North West,18. Kaduna,1820. SANGA,2. RURAL,450,180100,2,2. NO,2. NO,1. YES,2. NO,2. NO,2. NO,2. NO,2. NO,2. NO,2. NO,3,3,3,2. NO,,,,,,,,,,,,,,,,,,,,,,,,
3. North West,18. Kaduna,1802. CHIKUN,2. RURAL,1040,189003,1,1. YES,1. YES,1. YES,1. YES,1. YES,1. YES,1. YES,2. NO,1. YES,1. YES,2,2,2,1. YES,0,0,0,0,0,0,0,0,0,1,1,1,1,0,0,0,0,0,0,0,4. INADEQUATE HOUSEHOLD FOOD STOCKS DUE TO LACK OF FARM INPUTS,3. INADEQUATE HOUSEHOLD FOOD STOCKS DUE TO SMALL LAND SIZE,12. LACK OF MONEY,
3. North West,18. Kaduna,1802. CHIKUN,2. RURAL,1040,189005,1,2. NO,1. YES,2. NO,2. NO,2. NO,2. NO,2. NO,2. NO,2. NO,1. YES,3,,,1. YES,1,0,0,0,0,0,0,0,0,0,0,0,0,0,0,0,0,0,0,0,1. INADEQUATE HOUSEHOLD FOOD STOCKS DUE TO DROUGHT/ POOR RAINS,,,
3. North West,18. Kaduna,1802. CHIKUN,2. RURAL,1040,189006,2,2. NO,2. NO,2. NO,2. NO,2. NO,2. NO,2. NO,2. NO,2. NO,2. NO,3,,,2. NO,,,,,,,,,,,,,,,,,,,,,,,,
3. North West,18. Kaduna,1802. CHIKUN,2. RURAL,1040,189007,2,2. NO,1. YES,1. YES,2. NO,2. NO,2. NO,2. NO,2. NO,2. NO,2. NO,3,3,,2. NO,,,,,,,,,,,,,,,,,,,,,,,,
3. North West,18. Kaduna,1802. CHIKUN,2. RURAL,1040,189009,1,2. NO,1. YES,1. YES,2. NO,1. YES,1. YES,2. NO,2. NO,2. NO,2. NO,2,,,1. YES,1,0,0,0,0,0,0,0,0,0,0,0,0,0,0,0,0,0,0,0,1. INADEQUATE HOUSEHOLD FOOD STOCKS DUE TO DROUGHT/ POOR RAINS,,,
3. North West,18. Kaduna,1802. CHIKUN,2. RURAL,1040,189010,1,2. NO,2. NO,2. NO,2. NO,2. NO,2. NO,2. NO,2. NO,2. NO,2. NO,3,3,,2. NO,,,,,,,,,,,,,,,,,,,,,,,,
3. North West,18. Kaduna,1802. CHIKUN,2. RURAL,1040,189011,3,2. NO,2. NO,2. NO,2. NO,2. NO,2. NO,2. NO,2. NO,2. NO,2. NO,3,3,,2. NO,,,,,,,,,,,,,,,,,,,,,,,,
3. North West,18. Kaduna,1802. CHIKUN,2. RURAL,1040,189012,1,1. YES,1. YES,1. YES,1. YES,1. YES,2. NO,2. NO,1. YES,1. YES,1. YES,3,2,,1. YES,1,0,0,0,0,0,0,0,0,0,0,0,0,0,0,0,0,0,0,0,1. INADEQUATE HOUSEHOLD FOOD STOCKS DUE TO DROUGHT/ POOR RAINS,,,
3. North West,18. Kaduna,1802. CHIKUN,2. RURAL,1554,189014,1,1. YES,2. NO,1. YES,1. YES,1. YES,2. NO,2. NO,2. NO,2. NO,2. NO,3,3,,1. YES,0,0,0,0,0,0,0,0,0,0,0,1,0,0,0,0,0,0,0,0,11. UNABLE TO REACH THE MARKET DUE TO CONFLICT/SECURITY,,,
3. North West,18. Kaduna,1802. CHIKUN,2. RURAL,1554,189015,1,1. YES,2. NO,2. NO,1. YES,1. YES,1. YES,2. NO,2. NO,1. YES,1. YES,2,2,3,1. YES,1,0,0,0,0,0,0,0,0,0,0,0,0,0,0,0,0,0,0,0,1. INADEQUATE HOUSEHOLD FOOD STOCKS DUE TO DROUGHT/ POOR RAINS,,,
3. North West,18. Kaduna,1802. CHIKUN,2. RURAL,1554,189016,1,1. YES,1. YES,1. YES,1. YES,1. YES,1. YES,1. YES,1. YES,1. YES,2. NO,2,3,3,1. YES,0,0,0,0,0,0,0,0,0,0,1,1,1,0,0,0,0,0,0,0,12. LACK OF MONEY,5. FOOD IN THE MARKET WAS VERY EXPENSIVE,,
3. North West,18. Kaduna,1810. KADUNA SOUTH,2. RURAL,0,189017,1,2. NO,2. NO,2. NO,1. YES,2. NO,2. NO,2. NO,2. NO,2. NO,2. NO,2,3,,1. YES,0,0,0,0,0,1,1,1,1,1,1,1,0,0,0,0,0,0,0,0,2. INADEQUATE HOUSEHOLD FOOD STOCKS DUE TO CROP PEST DAMAGE,10. INADEQUATE FOOD STOCK FROM FARM DUE TO CONFLICT/SECURITY,,
3. North West,18. Kaduna,1802. CHIKUN,2. RURAL,1554,189018,1,1. YES,1. YES,1. YES,1. YES,1. YES,2. NO,2. NO,2. NO,1. YES,2. NO,2,3,,2. NO,,,,,,,,,,,,,,,,,,,,,,,,
3. North West,18. Kaduna,1802. CHIKUN,2. RURAL,1554,189019,1,1. YES,2. NO,1. YES,1. YES,1. YES,2. NO,2. NO,2. NO,2. NO,1. YES,3,3,,1. YES,0,0,0,0,0,0,0,0,0,0,0,1,0,0,0,0,0,0,0,0,10. INADEQUATE FOOD STOCK FROM FARM DUE TO CONFLICT/SECURITY,,,
3. North West,18. Kaduna,1802. CHIKUN,2. RURAL,1554,189020,1,1. YES,1. YES,1. YES,1. YES,1. YES,1. YES,1. YES,2. NO,1. YES,1. YES,3,3,3,1. YES,0,0,0,0,0,0,0,0,0,1,1,1,0,0,0,0,0,0,0,0,12. LACK OF MONEY,4. INADEQUATE HOUSEHOLD FOOD STOCKS DUE TO LACK OF FARM INPUTS,,
3. North West,18. Kaduna,1802. CHIKUN,2. RURAL,1554,189021,1,1. YES,1. YES,1. YES,1. YES,1. YES,1. YES,1. YES,2. NO,2. NO,2. NO,2,,3,1. YES,0,0,0,0,0,0,0,0,0,0,1,1,1,0,0,0,0,0,0,0,10. INADEQUATE FOOD STOCK FROM FARM DUE TO CONFLICT/SECURITY,5. FOOD IN THE MARKET WAS VERY EXPENSIVE,12. LACK OF MONEY,
3. North West,18. Kaduna,1802. CHIKUN,2. RURAL,1554,189023,2,1. YES,1. YES,1. YES,1. YES,1. YES,1. YES,2. NO,2. NO,2. NO,2. NO,2,3,3,1. YES,0,0,0,0,1,1,1,0,0,0,0,0,0,0,0,0,0,0,0,0,10. INADEQUATE FOOD STOCK FROM FARM DUE TO CONFLICT/SECURITY,,,
3. North West,18. Kaduna,1802. CHIKUN,2. RURAL,1554,189024,1,1. YES,1. YES,1. YES,2. NO,1. YES,2. NO,1. YES,1. YES,1. YES,1. YES,2,,,2. NO,,,,,,,,,,,,,,,,,,,,,,,,
3. North West,18. Kaduna,1802. CHIKUN,1. URBAN,3204,189025,1,2. NO,2. NO,2. NO,2. NO,2. NO,2. NO,2. NO,2. NO,2. NO,2. NO,3,3,,2. NO,,,,,,,,,,,,,,,,,,,,,,,,
3. North West,18. Kaduna,1802. CHIKUN,1. URBAN,3204,189028,1,1. YES,1. YES,1. YES,2. NO,2. NO,2. NO,2. NO,2. NO,2. NO,2. NO,2,,,1. YES,0,0,0,0,0,1,1,1,0,0,1,1,1,0,1,1,1,0,0,0,1. INADEQUATE HOUSEHOLD FOOD STOCKS DUE TO DROUGHT/ POOR RAINS,3. INADEQUATE HOUSEHOLD FOOD STOCKS DUE TO SMALL LAND SIZE,,
3. North West,18. Kaduna,1802. CHIKUN,1. URBAN,3204,189029,2,2. NO,2. NO,1. YES,2. NO,1. YES,2. NO,2. NO,2. NO,2. NO,2. NO,3,3,,2. NO,,,,,,,,,,,,,,,,,,,,,,,,
3. North West,18. Kaduna,1802. CHIKUN,1. URBAN,3204,189031,2,1. YES,1. YES,1. YES,1. YES,1. YES,1. YES,1. YES,1. YES,1. YES,1. YES,2,2,2,1. YES,1,0,0,0,0,0,0,0,0,0,0,0,0,0,0,0,0,0,0,0,12. LACK OF MONEY,5. FOOD IN THE MARKET WAS VERY EXPENSIVE,,
3. North West,18. Kaduna,1802. CHIKUN,1. URBAN,3204,189032,1,1. YES,1. YES,1. YES,2. NO,1. YES,2. NO,1. YES,1. YES,2. NO,2. NO,3,3,3,2. NO,,,,,,,,,,,,,,,,,,,,,,,,
3. North West,18. Kaduna,1802. CHIKUN,1. URBAN,3204,189033,2,1. YES,1. YES,1. YES,1. YES,1. YES,1. YES,1. YES,2. NO,1. YES,2. NO,2,2,,1. YES,0,0,0,0,0,0,0,0,0,0,0,0,0,1,0,0,0,0,0,0,12. LACK OF MONEY,,,
3. North West,18. Kaduna,1802. CHIKUN,1. URBAN,3204,189034,1,1. YES,1. YES,1. YES,1. YES,1. YES,1. YES,1. YES,1. YES,2. NO,1. YES,3,3,,1. YES,0,0,0,0,0,0,1,1,1,1,1,1,1,1,1,0,0,0,0,0,1. INADEQUATE HOUSEHOLD FOOD STOCKS DUE TO DROUGHT/ POOR RAINS,,,
3. North West,18. Kaduna,1802. CHIKUN,1. URBAN,3204,189035,1,2. NO,1. YES,2. NO,1. YES,1. YES,1. YES,1. YES,1. YES,1. YES,1. YES,3,3,,2. NO,,,,,,,,,,,,,,,,,,,,,,,,
3. North West,18. Kaduna,1823. ZARIA,1. URBAN,0,189036,1,2. NO,2. NO,2. NO,2. NO,2. NO,2. NO,1. YES,2. NO,2. NO,2. NO,2,3,3,1. YES,0,0,0,0,0,1,1,0,0,1,1,0,1,1,1,1,0,0,0,0,4. INADEQUATE HOUSEHOLD FOOD STOCKS DUE TO LACK OF FARM INPUTS,6. UNABLE TO REACH THE MARKET DUE TO HIGH TRANSPORTATION COSTS,12. LACK OF MONEY,
3. North West,18. Kaduna,1805. IKARA,2. RURAL,674,189037,1,2. NO,2. NO,2. NO,2. NO,2. NO,2. NO,2. NO,2. NO,2. NO,2. NO,3,3,3,2. NO,,,,,,,,,,,,,,,,,,,,,,,,
3. North West,18. Kaduna,1805. IKARA,2. RURAL,674,189038,2,1. YES,1. YES,1. YES,1. YES,1. YES,1. YES,1. YES,1. YES,1. YES,1. YES,2,2,3,1. YES,0,0,0,0,0,0,0,0,1,1,0,0,0,0,0,0,0,0,0,0,5. FOOD IN THE MARKET WAS VERY EXPENSIVE,12. LACK OF MONEY,,
3. North West,18. Kaduna,1805. IKARA,2. RURAL,674,189039,1,2. NO,2. NO,2. NO,2. NO,2. NO,2. NO,2. NO,2. NO,2. NO,2. NO,2,2,,2. NO,,,,,,,,,,,,,,,,,,,,,,,,
3. North West,18. Kaduna,1805. IKARA,2. RURAL,674,189040,2,2. NO,1. YES,2. NO,2. NO,2. NO,2. NO,2. NO,2. NO,2. NO,2. NO,3,3,,2. NO,,,,,,,,,,,,,,,,,,,,,,,,
3. North West,18. Kaduna,1805. IKARA,2. RURAL,674,189041,1,2. NO,2. NO,1. YES,2. NO,1. YES,1. YES,1. YES,1. YES,2. NO,2. NO,2,,,2. NO,,,,,,,,,,,,,,,,,,,,,,,,
3. North West,18. Kaduna,1805. IKARA,2. RURAL,674,189042,2,2. NO,1. YES,1. YES,2. NO,2. NO,2. NO,2. NO,2. NO,2. NO,2. NO,3,3,3,2. NO,,,,,,,,,,,,,,,,,,,,,,,,
3. North West,18. Kaduna,1805. IKARA,2. RURAL,674,189043,1,2. NO,2. NO,2. NO,2. NO,2. NO,2. NO,2. NO,2. NO,2. NO,2. NO,2,2,2,1. YES,0,0,0,0,1,1,0,0,0,0,0,0,0,0,0,0,0,0,0,0,1. INADEQUATE HOUSEHOLD FOOD STOCKS DUE TO DROUGHT/ POOR RAINS,5. FOOD IN THE MARKET WAS VERY EXPENSIVE,,
3. North West,18. Kaduna,1805. IKARA,2. RURAL,674,189045,3,1. YES,2. NO,1. YES,2. NO,2. NO,2. NO,2. NO,2. NO,2. NO,2. NO,3,3,3,2. NO,,,,,,,,,,,,,,,,,,,,,,,,
3. North West,18. Kaduna,1805. IKARA,2. RURAL,674,189047,1,1. YES,1. YES,1. YES,1. YES,1. YES,1. YES,1. YES,1. YES,1. YES,1. YES,3,3,,1. YES,1,0,0,0,0,0,0,0,0,0,0,0,0,0,0,0,0,0,0,0,12. LACK OF MONEY,13. LACK OF ACCESS TO MONEY AT THE BANK DUE TO NAIRA REDESIGN,5. FOOD IN THE MARKET WAS VERY EXPENSIVE,
3. North West,18. Kaduna,1805. IKARA,2. RURAL,674,189048,1,1. YES,1. YES,1. YES,2. NO,1. YES,2. NO,2. NO,2. NO,2. NO,1. YES,3,5,3,1. YES,0,0,0,0,1,1,1,1,1,1,1,1,1,1,1,1,0,0,0,0,4. INADEQUATE HOUSEHOLD FOOD STOCKS DUE TO LACK OF FARM INPUTS,5. FOOD IN THE MARKET WAS VERY EXPENSIVE,1. INADEQUATE HOUSEHOLD FOOD STOCKS DUE TO DROUGHT/ POOR RAINS,
3. North West,18. Kaduna,1805. IKARA,2. RURAL,792,189049,2,2. NO,2. NO,2. NO,2. NO,2. NO,2. NO,2. NO,2. NO,2. NO,1. YES,3,3,3,2. NO,,,,,,,,,,,,,,,,,,,,,,,,
3. North West,18. Kaduna,1805. IKARA,2. RURAL,792,189051,1,1. YES,1. YES,1. YES,1. YES,1. YES,1. YES,1. YES,1. YES,1. YES,1. YES,3,3,3,1. YES,1,0,0,0,0,0,0,0,0,0,0,0,0,0,0,0,0,0,0,0,5. FOOD IN THE MARKET WAS VERY EXPENSIVE,12. LACK OF MONEY,13. LACK OF ACCESS TO MONEY AT THE BANK DUE TO NAIRA REDESIGN,
3. North West,18. Kaduna,1805. IKARA,2. RURAL,792,189052,2,1. YES,1. YES,1. YES,2. NO,1. YES,2. NO,2. NO,2. NO,2. NO,2. NO,3,3,,1. YES,1,0,0,0,0,0,0,0,0,0,0,0,0,0,0,0,0,0,0,0,4. INADEQUATE HOUSEHOLD FOOD STOCKS DUE TO LACK OF FARM INPUTS,,,
3. North West,18. Kaduna,1805. IKARA,2. RURAL,792,189053,1,1. YES,1. YES,1. YES,1. YES,1. YES,1. YES,1. YES,1. YES,1. YES,1. YES,3,3,3,1. YES,1,0,0,0,0,0,0,0,0,0,0,0,0,0,0,0,0,0,0,0,13. LACK OF ACCESS TO MONEY AT THE BANK DUE TO NAIRA REDESIGN,12. LACK OF MONEY,5. FOOD IN THE MARKET WAS VERY EXPENSIVE,
3. North West,18. Kaduna,1805. IKARA,2. RURAL,792,189054,2,1. YES,1. YES,1. YES,1. YES,1. YES,1. YES,1. YES,1. YES,1. YES,1. YES,3,3,,1. YES,0,0,0,0,0,0,0,0,0,0,0,0,0,0,0,1,0,0,0,0,3. INADEQUATE HOUSEHOLD FOOD STOCKS DUE TO SMALL LAND SIZE,12. LACK OF MONEY,,
3. North West,18. Kaduna,1805. IKARA,2. RURAL,792,189055,1,1. YES,1. YES,1. YES,1. YES,1. YES,1. YES,1. YES,1. YES,1. YES,1. YES,3,3,,1. YES,1,0,0,0,0,0,0,0,0,0,0,0,0,0,0,0,0,0,0,0,12. LACK OF MONEY,13. LACK OF ACCESS TO MONEY AT THE BANK DUE TO NAIRA REDESIGN,5. FOOD IN THE MARKET WAS VERY EXPENSIVE,
3. North West,18. Kaduna,1805. IKARA,2. RURAL,792,189056,1,1. YES,1. YES,1. YES,1. YES,1. YES,1. YES,2. NO,2. NO,1. YES,1. YES,2,3,4,1. YES,0,0,0,0,0,0,0,0,0,1,1,0,0,0,0,0,0,0,0,0,12. LACK OF MONEY,5. FOOD IN THE MARKET WAS VERY EXPENSIVE,,
3. North West,18. Kaduna,1805. IKARA,2. RURAL,792,189057,1,2. NO,2. NO,2. NO,2. NO,2. NO,2. NO,2. NO,2. NO,2. NO,2. NO,2,2,,2. NO,,,,,,,,,,,,,,,,,,,,,,,,
3. North West,18. Kaduna,1805. IKARA,2. RURAL,792,189058,1,1. YES,1. YES,1. YES,1. YES,1. YES,2. NO,2. NO,2. NO,1. YES,2. NO,2,2,3,1. YES,0,0,0,0,0,0,0,0,0,1,1,0,0,0,0,0,0,0,0,0,4. INADEQUATE HOUSEHOLD FOOD STOCKS DUE TO LACK OF FARM INPUTS,5. FOOD IN THE MARKET WAS VERY EXPENSIVE,12. LACK OF MONEY,
3. North West,18. Kaduna,1805. IKARA,2. RURAL,792,189060,1,2. NO,2. NO,2. NO,2. NO,2. NO,2. NO,2. NO,2. NO,2. NO,2. NO,2,2,2,2. NO,,,,,,,,,,,,,,,,,,,,,,,,
3. North West,18. Kaduna,1807. JEMA A,2. RURAL,1754,189062,1,1. YES,1. YES,2. NO,2. NO,2. NO,2. NO,2. NO,1. YES,2. NO,2. NO,3,3,,1. YES,0,0,0,1,0,0,0,0,1,1,1,1,0,0,0,0,0,0,0,0,1. INADEQUATE HOUSEHOLD FOOD STOCKS DUE TO DROUGHT/ POOR RAINS,,,
3. North West,18. Kaduna,1807. JEMA A,2. RURAL,1754,189064,1,2. NO,1. YES,1. YES,2. NO,1. YES,2. NO,2. NO,2. NO,2. NO,2. NO,3,3,3,2. NO,,,,,,,,,,,,,,,,,,,,,,,,
3. North West,18. Kaduna,1807. JEMA A,2. RURAL,1754,189065,1,2. NO,2. NO,2. NO,2. NO,2. NO,2. NO,2. NO,2. NO,2. NO,2. NO,3,,4,2. NO,,,,,,,,,,,,,,,,,,,,,,,,
3. North West,18. Kaduna,1807. JEMA A,2. RURAL,1754,189066,1,1. YES,1. YES,1. YES,1. YES,1. YES,2. NO,2. NO,2. NO,1. YES,2. NO,2,2,3,1. YES,0,0,0,0,0,0,0,0,0,0,0,1,1,1,1,1,0,0,0,0,4. INADEQUATE HOUSEHOLD FOOD STOCKS DUE TO LACK OF FARM INPUTS,12. LACK OF MONEY,5. FOOD IN THE MARKET WAS VERY EXPENSIVE,
3. North West,18. Kaduna,1807. JEMA A,2. RURAL,1754,189067,2,1. YES,1. YES,1. YES,1. YES,1. YES,1. YES,1. YES,1. YES,1. YES,1. YES,2,3,,2. NO,,,,,,,,,,,,,,,,,,,,,,,,
3. North West,18. Kaduna,1807. JEMA A,2. RURAL,1754,189068,1,1. YES,1. YES,2. NO,2. NO,2. NO,2. NO,2. NO,2. NO,1. YES,2. NO,3,3,,1. YES,0,0,0,0,0,0,0,0,0,0,0,0,1,1,1,0,0,0,0,0,4. INADEQUATE HOUSEHOLD FOOD STOCKS DUE TO LACK OF FARM INPUTS,12. LACK OF MONEY,5. FOOD IN THE MARKET WAS VERY EXPENSIVE,
3. North West,18. Kaduna,1807. JEMA A,2. RURAL,1754,189069,1,2. NO,1. YES,1. YES,1. YES,2. NO,2. NO,1. YES,2. NO,2. NO,2. NO,3,3,,2. NO,,,,,,,,,,,,,,,,,,,,,,,,
3. North West,18. Kaduna,1807. JEMA A,2. RURAL,1754,189070,1,1. YES,1. YES,1. YES,1. YES,1. YES,1. YES,2. NO,2. NO,2. NO,2. NO,3,,,1. YES,0,0,0,1,0,0,0,1,0,0,1,0,1,0,0,0,0,0,0,0,1. INADEQUATE HOUSEHOLD FOOD STOCKS DUE TO DROUGHT/ POOR RAINS,,,
3. North West,18. Kaduna,1807. JEMA A,2. RURAL,1754,189071,1,2. NO,1. YES,1. YES,2. NO,1. YES,2. NO,2. NO,2. NO,2. NO,2. NO,3,3,3,2. NO,,,,,,,,,,,,,,,,,,,,,,,,
3. North West,18. Kaduna,1807. JEMA A,2. RURAL,1754,189072,2,2. NO,1. YES,1. YES,1. YES,1. YES,1. YES,2. NO,2. NO,2. NO,2. NO,3,,,2. NO,,,,,,,,,,,,,,,,,,,,,,,,
3. North West,18. Kaduna,1809. KADUNA NORTH,1. URBAN,1098,189073,1,1. YES,1. YES,1. YES,1. YES,1. YES,1. YES,1. YES,2. NO,1. YES,1. YES,2,,,1. YES,0,0,0,0,1,1,1,0,0,0,0,0,0,0,0,0,0,0,0,0,12. LACK OF MONEY,,,
3. North West,17. Jigawa,1713. JADEJIA,1. URBAN,0,189074,1,2. NO,2. NO,2. NO,2. NO,2. NO,2. NO,2. NO,2. NO,2. NO,2. NO,3,,3,2. NO,,,,,,,,,,,,,,,,,,,,,,,,
3. North West,18. Kaduna,1809. KADUNA NORTH,2. RURAL,0,189075,1801,2. NO,1. YES,1. YES,1. YES,1. YES,1. YES,1. YES,1. YES,1. YES,2. NO,3,3,,2. NO,,,,,,,,,,,,,,,,,,,,,,,,
3. North West,18. Kaduna,1809. KADUNA NORTH,1. URBAN,1098,189076,2,2. NO,2. NO,2. NO,2. NO,2. NO,2. NO,2. NO,2. NO,2. NO,2. NO,3,3,3,2. NO,,,,,,,,,,,,,,,,,,,,,,,,
3. North West,18. Kaduna,1809. KADUNA NORTH,1. URBAN,1098,189077,1,2. NO,2. NO,2. NO,2. NO,2. NO,2. NO,2. NO,2. NO,2. NO,2. NO,3,,,2. NO,,,,,,,,,,,,,,,,,,,,,,,,
3. North West,18. Kaduna,1809. KADUNA NORTH,1. URBAN,1098,189078,1,1. YES,1. YES,1. YES,2. NO,1. YES,2. NO,2. NO,2. NO,1. YES,2. NO,2,3,3,2. NO,,,,,,,,,,,,,,,,,,,,,,,,
3. North West,18. Kaduna,1809. KADUNA NORTH,1. URBAN,1098,189079,1,2. NO,2. NO,2. NO,2. NO,2. NO,2. NO,2. NO,2. NO,2. NO,1. YES,1,2,3,2. NO,,,,,,,,,,,,,,,,,,,,,,,,
3. North West,18. Kaduna,1809. KADUNA NORTH,1. URBAN,1098,189080,1,1. YES,1. YES,1. YES,1. YES,1. YES,1. YES,1. YES,1. YES,1. YES,1. YES,3,3,3,1. YES,0,0,0,0,0,0,0,0,0,0,1,0,1,0,0,0,0,0,0,0,5. FOOD IN THE MARKET WAS VERY EXPENSIVE,12. LACK OF MONEY,,
3. North West,18. Kaduna,1809. KADUNA NORTH,1. URBAN,1098,189081,1,2. NO,1. YES,1. YES,2. NO,1. YES,2. NO,2. NO,2. NO,2. NO,2. NO,3,3,3,2. NO,,,,,,,,,,,,,,,,,,,,,,,,
3. North West,18. Kaduna,1823. ZARIA,1. URBAN,0,189085,1,1. YES,1. YES,2. NO,2. NO,2. NO,2. NO,1. YES,1. YES,2. NO,1. YES,2,3,3,2. NO,,,,,,,,,,,,,,,,,,,,,,,,
3. North West,18. Kaduna,1809. KADUNA NORTH,1. URBAN,1756,189086,1,1. YES,1. YES,1. YES,1. YES,1. YES,1. YES,1. YES,2. NO,1. YES,1. YES,1,,,1. YES,0,0,1,0,0,0,1,1,1,0,0,0,1,1,1,0,0,0,0,0,1. INADEQUATE HOUSEHOLD FOOD STOCKS DUE TO DROUGHT/ POOR RAINS,2. INADEQUATE HOUSEHOLD FOOD STOCKS DUE TO CROP PEST DAMAGE,,
3. North West,18. Kaduna,1809. KADUNA NORTH,1. URBAN,1756,189087,3,2. NO,2. NO,2. NO,2. NO,2. NO,2. NO,2. NO,2. NO,2. NO,2. NO,2,3,,1. YES,0,0,1,1,1,0,0,0,0,0,0,0,0,0,0,0,0,0,0,0,1. INADEQUATE HOUSEHOLD FOOD STOCKS DUE TO DROUGHT/ POOR RAINS,3. INADEQUATE HOUSEHOLD FOOD STOCKS DUE TO SMALL LAND SIZE,,
3. North West,18. Kaduna,1809. KADUNA NORTH,1. URBAN,1756,189089,2,2. NO,2. NO,2. NO,2. NO,2. NO,2. NO,2. NO,2. NO,2. NO,2. NO,3,3,4,2. NO,,,,,,,,,,,,,,,,,,,,,,,,
3. North West,18. Kaduna,1809. KADUNA NORTH,1. URBAN,1756,189090,2,2. NO,2. NO,1. YES,2. NO,2. NO,2. NO,2. NO,2. NO,2. NO,2. NO,3,3,5,2. NO,,,,,,,,,,,,,,,,,,,,,,,,
3. North West,18. Kaduna,1809. KADUNA NORTH,1. URBAN,1756,189091,4,1. YES,1. YES,1. YES,2. NO,2. NO,2. NO,2. NO,2. NO,2. NO,2. NO,3,3,,2. NO,,,,,,,,,,,,,,,,,,,,,,,,
3. North West,18. Kaduna,1809. KADUNA NORTH,1. URBAN,1756,189093,2,1. YES,1. YES,1. YES,1. YES,1. YES,1. YES,1. YES,1. YES,1. YES,1. YES,2,2,,1. YES,1,0,0,0,0,0,0,0,0,0,0,0,0,0,0,0,0,0,0,0,12. LACK OF MONEY,,,
3. North West,18. Kaduna,1809. KADUNA NORTH,1. URBAN,1756,189094,1,1. YES,1. YES,1. YES,1. YES,1. YES,1. YES,1. YES,1. YES,1. YES,1. YES,3,,,2. NO,,,,,,,,,,,,,,,,,,,,,,,,
3. North West,18. Kaduna,1809. KADUNA NORTH,1. URBAN,1756,189095,1,2. NO,1. YES,1. YES,1. YES,1. YES,2. NO,2. NO,2. NO,1. YES,2. NO,3,3,3,2. NO,,,,,,,,,,,,,,,,,,,,,,,,
3. North West,18. Kaduna,1809. KADUNA NORTH,1. URBAN,1756,189096,2,1. YES,1. YES,1. YES,1. YES,1. YES,1. YES,1. YES,2. NO,1. YES,1. YES,3,3,,1. YES,1,0,0,0,0,0,0,0,0,0,0,0,0,0,0,0,0,0,0,0,12. LACK OF MONEY,,,
3. North West,18. Kaduna,1810. KADUNA SOUTH,1. URBAN,540,189097,1,1. YES,2. NO,1. YES,1. YES,1. YES,1. YES,1. YES,2. NO,1. YES,1. YES,2,2,2,1. YES,0,0,0,1,0,0,0,0,0,0,0,0,0,0,0,0,0,0,0,0,5. FOOD IN THE MARKET WAS VERY EXPENSIVE,12. LACK OF MONEY,,
3. North West,18. Kaduna,1810. KADUNA SOUTH,1. URBAN,540,189099,1,2. NO,2. NO,2. NO,2. NO,2. NO,2. NO,2. NO,2. NO,2. NO,2. NO,2,2,2,2. NO,,,,,,,,,,,,,,,,,,,,,,,,
3. North West,18. Kaduna,1810. KADUNA SOUTH,1. URBAN,540,189100,11,2. NO,2. NO,2. NO,2. NO,2. NO,2. NO,2. NO,2. NO,2. NO,2. NO,3,5,,2. NO,,,,,,,,,,,,,,,,,,,,,,,,
3. North West,18. Kaduna,1810. KADUNA SOUTH,1. URBAN,540,189101,1,1. YES,1. YES,1. YES,1. YES,1. YES,1. YES,2. NO,2. NO,1. YES,2. NO,2,3,3,2. NO,,,,,,,,,,,,,,,,,,,,,,,,
3. North West,18. Kaduna,1810. KADUNA SOUTH,1. URBAN,540,189102,1,1. YES,1. YES,1. YES,1. YES,1. YES,1. YES,1. YES,1. YES,1. YES,2. NO,3,5,,1. YES,1,0,0,0,0,0,0,0,0,0,0,0,0,0,0,0,0,0,0,0,1. INADEQUATE HOUSEHOLD FOOD STOCKS DUE TO DROUGHT/ POOR RAINS,5. FOOD IN THE MARKET WAS VERY EXPENSIVE,12. LACK OF MONEY,
3. North West,18. Kaduna,1810. KADUNA SOUTH,1. URBAN,540,189103,2,2. NO,1. YES,1. YES,2. NO,2. NO,1. YES,2. NO,2. NO,2. NO,1. YES,3,3,3,2. NO,,,,,,,,,,,,,,,,,,,,,,,,
3. North West,18. Kaduna,1809. KADUNA NORTH,1. URBAN,0,189104,2,2. NO,2. NO,2. NO,2. NO,2. NO,1. YES,2. NO,2. NO,2. NO,1. YES,3,3,,2. NO,,,,,,,,,,,,,,,,,,,,,,,,
3. North West,18. Kaduna,1810. KADUNA SOUTH,1. URBAN,540,189105,1,1. YES,1. YES,1. YES,1. YES,1. YES,1. YES,2. NO,2. NO,2. NO,2. NO,3,,5,1. YES,1,0,0,0,0,0,0,0,0,0,0,0,0,0,0,0,0,0,0,0,5. FOOD IN THE MARKET WAS VERY EXPENSIVE,12. LACK OF MONEY,13. LACK OF ACCESS TO MONEY AT THE BANK DUE TO NAIRA REDESIGN,
3. North West,18. Kaduna,1810. KADUNA SOUTH,1. URBAN,540,189106,1,2. NO,2. NO,2. NO,2. NO,2. NO,2. NO,2. NO,2. NO,2. NO,2. NO,3,3,,2. NO,,,,,,,,,,,,,,,,,,,,,,,,
3. North West,18. Kaduna,1810. KADUNA SOUTH,1. URBAN,540,189108,7,1. YES,1. YES,1. YES,1. YES,1. YES,1. YES,1. YES,2. NO,1. YES,1. YES,2,3,3,2. NO,,,,,,,,,,,,,,,,,,,,,,,,
3. North West,18. Kaduna,1812. KAJURU,2. RURAL,42,189109,1,1. YES,1. YES,1. YES,1. YES,1. YES,2. NO,2. NO,2. NO,1. YES,2. NO,3,3,,2. NO,,,,,,,,,,,,,,,,,,,,,,,,
3. North West,18. Kaduna,1812. KAJURU,2. RURAL,42,189110,1,2. NO,2. NO,2. NO,2. NO,2. NO,2. NO,1. YES,2. NO,1. YES,2. NO,2,2,,2. NO,,,,,,,,,,,,,,,,,,,,,,,,
3. North West,18. Kaduna,1812. KAJURU,2. RURAL,42,189112,2,1. YES,1. YES,1. YES,1. YES,1. YES,1. YES,2. NO,2. NO,1. YES,1. YES,2,3,,1. YES,0,0,0,0,0,0,0,0,0,1,1,0,0,0,0,0,0,0,0,0,3. INADEQUATE HOUSEHOLD FOOD STOCKS DUE TO SMALL LAND SIZE,2. INADEQUATE HOUSEHOLD FOOD STOCKS DUE TO CROP PEST DAMAGE,,
3. North West,18. Kaduna,1812. KAJURU,2. RURAL,42,189116,1,1. YES,1. YES,1. YES,2. NO,1. YES,1. YES,2. NO,2. NO,2. NO,1. YES,2,,3,2. NO,,,,,,,,,,,,,,,,,,,,,,,,
3. North West,18. Kaduna,1812. KAJURU,2. RURAL,42,189117,1,1. YES,1. YES,1. YES,1. YES,1. YES,1. YES,1. YES,2. NO,1. YES,1. YES,3,3,3,1. YES,0,0,0,1,0,0,0,0,0,0,0,0,0,0,1,1,0,0,0,0,4. INADEQUATE HOUSEHOLD FOOD STOCKS DUE TO LACK OF FARM INPUTS,3. INADEQUATE HOUSEHOLD FOOD STOCKS DUE TO SMALL LAND SIZE,12. LACK OF MONEY,
3. North West,18. Kaduna,1812. KAJURU,2. RURAL,42,189118,1,1. YES,1. YES,1. YES,1. YES,1. YES,1. YES,1. YES,2. NO,2. NO,1. YES,2,3,,1. YES,0,0,0,0,0,1,1,1,1,0,0,0,0,0,0,0,0,0,0,0,1. INADEQUATE HOUSEHOLD FOOD STOCKS DUE TO DROUGHT/ POOR RAINS,3. INADEQUATE HOUSEHOLD FOOD STOCKS DUE TO SMALL LAND SIZE,,
3. North West,18. Kaduna,1812. KAJURU,2. RURAL,42,189119,1,2. NO,1. YES,1. YES,1. YES,1. YES,2. NO,2. NO,2. NO,2. NO,2. NO,2,,,2. NO,,,,,,,,,,,,,,,,,,,,,,,,
3. North West,18. Kaduna,1812. KAJURU,2. RURAL,42,189120,1,1. YES,1. YES,1. YES,1. YES,1. YES,1. YES,1. YES,2. NO,1. YES,1. YES,2,3,,1. YES,0,0,0,0,0,0,0,0,0,0,0,1,1,1,1,0,0,0,0,0,5. FOOD IN THE MARKET WAS VERY EXPENSIVE,4. INADEQUATE HOUSEHOLD FOOD STOCKS DUE TO LACK OF FARM INPUTS,12. LACK OF MONEY,
3. North West,18. Kaduna,1813. KAURU,2. RURAL,522,189121,1,1. YES,1. YES,1. YES,1. YES,1. YES,2. NO,1. YES,2. NO,1. YES,2. NO,3,3,3,1. YES,0,0,0,0,0,0,0,0,0,0,0,0,1,1,1,1,0,0,0,0,4. INADEQUATE HOUSEHOLD FOOD STOCKS DUE TO LACK OF FARM INPUTS,12. LACK OF MONEY,3. INADEQUATE HOUSEHOLD FOOD STOCKS DUE TO SMALL LAND SIZE,
3. North West,18. Kaduna,1813. KAURU,2. RURAL,522,189122,2,2. NO,1. YES,1. YES,1. YES,1. YES,2. NO,2. NO,2. NO,2. NO,2. NO,2,,2,2. NO,,,,,,,,,,,,,,,,,,,,,,,,
3. North West,18. Kaduna,1813. KAURU,2. RURAL,522,189125,1,1. YES,1. YES,1. YES,1. YES,1. YES,1. YES,1. YES,2. NO,1. YES,1. YES,3,3,3,2. NO,,,,,,,,,,,,,,,,,,,,,,,,
3. North West,18. Kaduna,1813. KAURU,2. RURAL,522,189126,1,1. YES,1. YES,1. YES,1. YES,1. YES,2. NO,2. NO,2. NO,1. YES,2. NO,2,3,2,1. YES,0,0,0,0,0,0,0,1,1,1,0,0,0,0,0,0,0,0,0,0,2. INADEQUATE HOUSEHOLD FOOD STOCKS DUE TO CROP PEST DAMAGE,12. LACK OF MONEY,,
3. North West,18. Kaduna,1813. KAURU,2. RURAL,522,189127,1,1. YES,1. YES,2. NO,1. YES,1. YES,1. YES,1. YES,2. NO,1. YES,2. NO,3,3,,1. YES,0,0,0,1,1,1,0,0,0,0,0,0,1,1,1,1,0,0,0,0,4. INADEQUATE HOUSEHOLD FOOD STOCKS DUE TO LACK OF FARM INPUTS,12. LACK OF MONEY,6. UNABLE TO REACH THE MARKET DUE TO HIGH TRANSPORTATION COSTS,
3. North West,18. Kaduna,1813. KAURU,2. RURAL,522,189128,1,1. YES,1. YES,1. YES,2. NO,1. YES,2. NO,2. NO,2. NO,2. NO,2. NO,2,,2,2. NO,,,,,,,,,,,,,,,,,,,,,,,,
3. North West,18. Kaduna,1813. KAURU,2. RURAL,522,189129,1,1. YES,1. YES,1. YES,1. YES,1. YES,1. YES,1. YES,1. YES,1. YES,1. YES,2,2,2,2. NO,,,,,,,,,,,,,,,,,,,,,,,,
3. North West,18. Kaduna,1813. KAURU,2. RURAL,522,189130,1,1. YES,1. YES,1. YES,1. YES,2. NO,2. NO,2. NO,2. NO,1. YES,1. YES,2,3,3,1. YES,0,0,0,1,0,1,0,0,0,0,0,0,1,1,1,1,0,0,0,0,1. INADEQUATE HOUSEHOLD FOOD STOCKS DUE TO DROUGHT/ POOR RAINS,5. FOOD IN THE MARKET WAS VERY EXPENSIVE,,
3. North West,18. Kaduna,1813. KAURU,2. RURAL,522,189131,1,2. NO,2. NO,1. YES,2. NO,2. NO,2. NO,2. NO,2. NO,2. NO,2. NO,3,,4,2. NO,,,,,,,,,,,,,,,,,,,,,,,,
3. North West,18. Kaduna,1813. KAURU,2. RURAL,522,189132,1,2. NO,2. NO,2. NO,2. NO,2. NO,2. NO,2. NO,2. NO,2. NO,2. NO,3,3,4,2. NO,,,,,,,,,,,,,,,,,,,,,,,,
3. North West,18. Kaduna,1817. LERE,2. RURAL,572,189133,1,2. NO,2. NO,2. NO,2. NO,2. NO,2. NO,2. NO,2. NO,2. NO,2. NO,3,3,3,2. NO,,,,,,,,,,,,,,,,,,,,,,,,
3. North West,18. Kaduna,1817. LERE,2. RURAL,572,189134,1,2. NO,2. NO,2. NO,2. NO,2. NO,2. NO,2. NO,2. NO,2. NO,2. NO,3,3,3,2. NO,,,,,,,,,,,,,,,,,,,,,,,,
3. North West,18. Kaduna,1817. LERE,2. RURAL,572,189136,401,2. NO,1. YES,1. YES,2. NO,2. NO,2. NO,2. NO,2. NO,2. NO,2. NO,3,3,3,2. NO,,,,,,,,,,,,,,,,,,,,,,,,
3. North West,18. Kaduna,1817. LERE,2. RURAL,572,189137,1,2. NO,2. NO,2. NO,2. NO,2. NO,2. NO,2. NO,2. NO,2. NO,2. NO,3,3,,2. NO,,,,,,,,,,,,,,,,,,,,,,,,
3. North West,18. Kaduna,1817. LERE,2. RURAL,572,189139,1,1. YES,1. YES,1. YES,1. YES,1. YES,2. NO,1. YES,2. NO,1. YES,2. NO,2,3,4,1. YES,0,0,0,0,0,0,0,0,0,0,1,0,0,0,0,0,0,0,0,0,5. FOOD IN THE MARKET WAS VERY EXPENSIVE,12. LACK OF MONEY,,
3. North West,18. Kaduna,1817. LERE,2. RURAL,572,189140,1,1. YES,1. YES,1. YES,1. YES,1. YES,1. YES,2. NO,2. NO,1. YES,2. NO,2,,3,1. YES,0,0,0,0,0,0,0,0,1,1,0,0,0,0,0,0,0,0,0,0,12. LACK OF MONEY,5. FOOD IN THE MARKET WAS VERY EXPENSIVE,,
3. North West,18. Kaduna,1817. LERE,2. RURAL,572,189141,1,2. NO,1. YES,1. YES,2. NO,2. NO,2. NO,2. NO,2. NO,2. NO,2. NO,3,3,,2. NO,,,,,,,,,,,,,,,,,,,,,,,,
3. North West,18. Kaduna,1817. LERE,2. RURAL,572,189142,1,1. YES,1. YES,1. YES,1. YES,1. YES,1. YES,1. YES,1. YES,1. YES,1. YES,2,2,3,1. YES,0,0,0,0,0,0,0,0,0,1,1,1,0,0,0,0,0,0,0,0,12. LACK OF MONEY,5. FOOD IN THE MARKET WAS VERY EXPENSIVE,,
3. North West,18. Kaduna,1817. LERE,2. RURAL,572,189143,1,1. YES,1. YES,1. YES,1. YES,1. YES,1. YES,1. YES,1. YES,1. YES,2. NO,3,3,,1. YES,0,0,0,0,0,0,1,1,1,0,0,0,0,0,0,0,0,0,0,0,13. LACK OF ACCESS TO MONEY AT THE BANK DUE TO NAIRA REDESIGN,5. FOOD IN THE MARKET WAS VERY EXPENSIVE,,
3. North West,18. Kaduna,1817. LERE,2. RURAL,572,189144,5,1. YES,1. YES,1. YES,2. NO,1. YES,1. YES,2. NO,2. NO,2. NO,1. YES,3,3,3,1. YES,0,0,0,0,0,0,1,1,1,0,0,0,0,0,0,0,0,0,0,0,12. LACK OF MONEY,13. LACK OF ACCESS TO MONEY AT THE BANK DUE TO NAIRA REDESIGN,5. FOOD IN THE MARKET WAS VERY EXPENSIVE,
3. North West,18. Kaduna,1817. LERE,2. RURAL,726,189147,201,2. NO,1. YES,1. YES,1. YES,1. YES,2. NO,2. NO,2. NO,2. NO,2. NO,2,3,,2. NO,,,,,,,,,,,,,,,,,,,,,,,,
3. North West,18. Kaduna,1817. LERE,2. RURAL,726,189148,1,2. NO,1. YES,1. YES,2. NO,1. YES,2. NO,2. NO,2. NO,2. NO,2. NO,3,,,2. NO,,,,,,,,,,,,,,,,,,,,,,,,
3. North West,18. Kaduna,1817. LERE,2. RURAL,726,189150,1,2. NO,2. NO,2. NO,2. NO,2. NO,2. NO,2. NO,2. NO,1. YES,2. NO,3,4,4,2. NO,,,,,,,,,,,,,,,,,,,,,,,,
3. North West,18. Kaduna,1817. LERE,2. RURAL,726,189151,1,1. YES,1. YES,2. NO,1. YES,2. NO,2. NO,2. NO,1. YES,1. YES,1. YES,2,3,2,2. NO,,,,,,,,,,,,,,,,,,,,,,,,
3. North West,18. Kaduna,1817. LERE,2. RURAL,726,189152,1,2. NO,2. NO,2. NO,2. NO,2. NO,2. NO,2. NO,2. NO,2. NO,2. NO,3,4,5,2. NO,,,,,,,,,,,,,,,,,,,,,,,,
3. North West,18. Kaduna,1817. LERE,2. RURAL,726,189154,1,1. YES,2. NO,1. YES,1. YES,1. YES,2. NO,2. NO,2. NO,2. NO,1. YES,3,3,,2. NO,,,,,,,,,,,,,,,,,,,,,,,,
3. North West,18. Kaduna,1817. LERE,2. RURAL,726,189155,1,1. YES,1. YES,2. NO,1. YES,1. YES,2. NO,1. YES,1. YES,1. YES,1. YES,1,2,3,2. NO,,,,,,,,,,,,,,,,,,,,,,,,
3. North West,18. Kaduna,1817. LERE,2. RURAL,726,189156,1,2. NO,2. NO,2. NO,2. NO,2. NO,2. NO,2. NO,2. NO,1. YES,1. YES,2,3,2,1. YES,0,0,0,0,0,0,0,1,1,1,0,0,0,0,0,0,0,0,0,0,1. INADEQUATE HOUSEHOLD FOOD STOCKS DUE TO DROUGHT/ POOR RAINS,,,
3. North West,18. Kaduna,1817. LERE,2. RURAL,880,189157,2,1. YES,1. YES,1. YES,2. NO,1. YES,2. NO,2. NO,2. NO,2. NO,2. NO,3,3,,2. NO,,,,,,,,,,,,,,,,,,,,,,,,
3. North West,18. Kaduna,1817. LERE,2. RURAL,880,189158,2,1. YES,2. NO,1. YES,1. YES,2. NO,1. YES,1. YES,2. NO,2. NO,1. YES,3,3,,1. YES,0,0,0,0,0,0,0,0,0,0,1,0,1,0,0,0,0,0,0,0,1. INADEQUATE HOUSEHOLD FOOD STOCKS DUE TO DROUGHT/ POOR RAINS,4. INADEQUATE HOUSEHOLD FOOD STOCKS DUE TO LACK OF FARM INPUTS,12. LACK OF MONEY,
3. North West,18. Kaduna,1817. LERE,2. RURAL,880,189159,1,1. YES,1. YES,1. YES,1. YES,1. YES,1. YES,1. YES,1. YES,1. YES,1. YES,3,,,1. YES,1,0,0,0,0,0,0,0,0,0,0,0,0,0,0,0,0,0,0,0,12. LACK OF MONEY,13. LACK OF ACCESS TO MONEY AT THE BANK DUE TO NAIRA REDESIGN,5. FOOD IN THE MARKET WAS VERY EXPENSIVE,
3. North West,18. Kaduna,1817. LERE,2. RURAL,880,189160,2,2. NO,2. NO,2. NO,2. NO,2. NO,2. NO,2. NO,2. NO,2. NO,2. NO,3,,,2. NO,,,,,,,,,,,,,,,,,,,,,,,,
3. North West,18. Kaduna,1817. LERE,2. RURAL,880,189161,1,2. NO,2. NO,2. NO,2. NO,2. NO,2. NO,2. NO,2. NO,2. NO,2. NO,3,3,,2. NO,,,,,,,,,,,,,,,,,,,,,,,,
3. North West,18. Kaduna,1817. LERE,2. RURAL,880,189162,2,1. YES,1. YES,1. YES,1. YES,1. YES,2. NO,2. NO,2. NO,2. NO,2. NO,2,2,,2. NO,,,,,,,,,,,,,,,,,,,,,,,,
3. North West,18. Kaduna,1817. LERE,2. RURAL,880,189164,2,2. NO,2. NO,2. NO,2. NO,2. NO,2. NO,2. NO,2. NO,2. NO,2. NO,3,3,3,2. NO,,,,,,,,,,,,,,,,,,,,,,,,
3. North West,18. Kaduna,1817. LERE,2. RURAL,880,189165,2,1. YES,1. YES,1. YES,2. NO,2. NO,2. NO,2. NO,2. NO,1. YES,2. NO,3,3,3,2. NO,,,,,,,,,,,,,,,,,,,,,,,,
3. North West,18. Kaduna,1817. LERE,2. RURAL,880,189167,1,1. YES,1. YES,1. YES,1. YES,1. YES,1. YES,1. YES,2. NO,2. NO,2. NO,3,3,,1. YES,0,0,0,0,0,0,0,0,0,0,0,0,0,0,0,1,0,0,0,0,3. INADEQUATE HOUSEHOLD FOOD STOCKS DUE TO SMALL LAND SIZE,4. INADEQUATE HOUSEHOLD FOOD STOCKS DUE TO LACK OF FARM INPUTS,5. FOOD IN THE MARKET WAS VERY EXPENSIVE,
3. North West,18. Kaduna,1802. CHIKUN,2. RURAL,0,189168,1,2. NO,2. NO,2. NO,2. NO,2. NO,2. NO,2. NO,2. NO,2. NO,2. NO,3,,,2. NO,,,,,,,,,,,,,,,,,,,,,,,,
3. North West,18. Kaduna,1818. MAKARFI,2. RURAL,76,189169,1,2. NO,2. NO,2. NO,2. NO,2. NO,2. NO,2. NO,2. NO,2. NO,2. NO,2,2,,2. NO,,,,,,,,,,,,,,,,,,,,,,,,
3. North West,18. Kaduna,1818. MAKARFI,2. RURAL,76,189170,1,2. NO,2. NO,2. NO,2. NO,2. NO,2. NO,2. NO,2. NO,2. NO,2. NO,2,2,,2. NO,,,,,,,,,,,,,,,,,,,,,,,,
3. North West,18. Kaduna,1818. MAKARFI,2. RURAL,76,189171,2,1. YES,1. YES,1. YES,2. NO,2. NO,2. NO,2. NO,2. NO,2. NO,1. YES,3,,3,2. NO,,,,,,,,,,,,,,,,,,,,,,,,
3. North West,18. Kaduna,1818. MAKARFI,2. RURAL,76,189173,2,2. NO,2. NO,2. NO,2. NO,2. NO,2. NO,2. NO,2. NO,2. NO,2. NO,3,3,3,1. YES,0,0,0,1,0,0,0,0,0,0,0,0,0,0,0,0,0,0,0,0,12. LACK OF MONEY,,,
3. North West,18. Kaduna,1818. MAKARFI,2. RURAL,76,189174,1,1. YES,1. YES,1. YES,1. YES,1. YES,1. YES,1. YES,1. YES,1. YES,1. YES,3,3,,1. YES,0,0,0,0,0,1,1,1,1,0,0,0,1,1,1,1,0,0,0,0,12. LACK OF MONEY,13. LACK OF ACCESS TO MONEY AT THE BANK DUE TO NAIRA REDESIGN,5. FOOD IN THE MARKET WAS VERY EXPENSIVE,
3. North West,18. Kaduna,1818. MAKARFI,2. RURAL,76,189175,1,1. YES,1. YES,1. YES,1. YES,1. YES,1. YES,1. YES,1. YES,1. YES,1. YES,2,,3,1. YES,0,0,0,0,0,0,0,0,0,1,0,0,0,0,0,0,0,0,0,0,12. LACK OF MONEY,,,
3. North West,18. Kaduna,1818. MAKARFI,2. RURAL,76,189176,5,1. YES,1. YES,1. YES,1. YES,1. YES,2. NO,2. NO,2. NO,2. NO,2. NO,2,,,2. NO,,,,,,,,,,,,,,,,,,,,,,,,
3. North West,18. Kaduna,1818. MAKARFI,2. RURAL,76,189178,1,1. YES,1. YES,1. YES,1. YES,1. YES,1. YES,1. YES,1. YES,1. YES,1. YES,3,3,3,1. YES,1,0,0,0,0,0,0,0,0,0,0,0,0,0,0,0,0,0,0,0,12. LACK OF MONEY,13. LACK OF ACCESS TO MONEY AT THE BANK DUE TO NAIRA REDESIGN,5. FOOD IN THE MARKET WAS VERY EXPENSIVE,
3. North West,18. Kaduna,1818. MAKARFI,2. RURAL,76,189179,1,1. YES,1. YES,1. YES,1. YES,1. YES,2. NO,2. NO,2. NO,1. YES,2. NO,3,,3,2. NO,,,,,,,,,,,,,,,,,,,,,,,,
3. North West,18. Kaduna,1818. MAKARFI,2. RURAL,76,189180,1,2. NO,2. NO,2. NO,2. NO,1. YES,2. NO,2. NO,2. NO,2. NO,2. NO,3,3,3,1. YES,0,0,0,0,0,0,1,1,1,0,0,0,0,0,0,0,0,0,0,0,13. LACK OF ACCESS TO MONEY AT THE BANK DUE TO NAIRA REDESIGN,,,
3. North West,18. Kaduna,1819. SABON GARI,1. URBAN,818,189181,1,1. YES,1. YES,1. YES,1. YES,1. YES,1. YES,1. YES,2. NO,2. NO,2. NO,2,3,4,2. NO,,,,,,,,,,,,,,,,,,,,,,,,
3. North West,18. Kaduna,1819. SABON GARI,1. URBAN,818,189183,2,2. NO,2. NO,2. NO,2. NO,2. NO,2. NO,2. NO,2. NO,2. NO,2. NO,3,3,3,2. NO,,,,,,,,,,,,,,,,,,,,,,,,
3. North West,18. Kaduna,1819. SABON GARI,1. URBAN,818,189184,1,2. NO,1. YES,1. YES,1. YES,1. YES,1. YES,1. YES,2. NO,2. NO,2. NO,3,3,3,1. YES,0,0,0,0,0,0,0,1,1,1,1,0,0,0,0,0,0,0,0,0,12. LACK OF MONEY,13. LACK OF ACCESS TO MONEY AT THE BANK DUE TO NAIRA REDESIGN,5. FOOD IN THE MARKET WAS VERY EXPENSIVE,
3. North West,18. Kaduna,1819. SABON GARI,1. URBAN,818,189185,1,1. YES,1. YES,1. YES,1. YES,2. NO,2. NO,2. NO,2. NO,2. NO,2. NO,3,4,,1. YES,0,0,0,0,0,0,0,1,1,0,1,1,1,1,1,0,0,0,0,0,12. LACK OF MONEY,13. LACK OF ACCESS TO MONEY AT THE BANK DUE TO NAIRA REDESIGN,5. FOOD IN THE MARKET WAS VERY EXPENSIVE,
3. North West,18. Kaduna,1819. SABON GARI,1. URBAN,818,189186,2,2. NO,2. NO,2. NO,2. NO,2. NO,2. NO,2. NO,2. NO,2. NO,2. NO,3,,,2. NO,,,,,,,,,,,,,,,,,,,,,,,,
3. North West,18. Kaduna,1819. SABON GARI,1. URBAN,818,189187,1,2. NO,2. NO,2. NO,2. NO,2. NO,2. NO,2. NO,2. NO,2. NO,2. NO,3,3,3,2. NO,,,,,,,,,,,,,,,,,,,,,,,,
3. North West,18. Kaduna,1819. SABON GARI,1. URBAN,818,189188,701,2. NO,2. NO,2. NO,2. NO,2. NO,2. NO,2. NO,2. NO,2. NO,2. NO,3,4,4,2. NO,,,,,,,,,,,,,,,,,,,,,,,,
3. North West,18. Kaduna,1819. SABON GARI,1. URBAN,818,189189,1,2. NO,2. NO,2. NO,2. NO,2. NO,2. NO,2. NO,2. NO,2. NO,2. NO,2,2,2,1. YES,0,0,0,0,0,0,1,0,0,0,0,0,0,0,0,0,0,0,0,0,1. INADEQUATE HOUSEHOLD FOOD STOCKS DUE TO DROUGHT/ POOR RAINS,,,
3. North West,18. Kaduna,1819. SABON GARI,1. URBAN,818,189191,1,2. NO,1. YES,1. YES,2. NO,2. NO,2. NO,2. NO,2. NO,2. NO,2. NO,3,3,,2. NO,,,,,,,,,,,,,,,,,,,,,,,,
3. North West,18. Kaduna,1819. SABON GARI,1. URBAN,818,189192,1,1. YES,1. YES,2. NO,1. YES,1. YES,1. YES,2. NO,2. NO,1. YES,2. NO,2,3,4,1. YES,0,0,0,0,0,0,0,0,0,0,1,0,0,0,0,0,0,0,0,0,4. INADEQUATE HOUSEHOLD FOOD STOCKS DUE TO LACK OF FARM INPUTS,5. FOOD IN THE MARKET WAS VERY EXPENSIVE,,
3. North West,18. Kaduna,1821. SOBA,2. RURAL,24,189193,1,2. NO,2. NO,2. NO,2. NO,2. NO,2. NO,2. NO,2. NO,2. NO,2. NO,2,2,,2. NO,,,,,,,,,,,,,,,,,,,,,,,,
3. North West,18. Kaduna,1821. SOBA,2. RURAL,24,189194,1,2. NO,2. NO,2. NO,2. NO,2. NO,2. NO,2. NO,2. NO,2. NO,2. NO,2,2,2,2. NO,,,,,,,,,,,,,,,,,,,,,,,,
3. North West,18. Kaduna,1821. SOBA,2. RURAL,24,189195,1,2. NO,2. NO,2. NO,2. NO,2. NO,2. NO,2. NO,2. NO,2. NO,2. NO,2,2,,2. NO,,,,,,,,,,,,,,,,,,,,,,,,
3. North West,18. Kaduna,1821. SOBA,2. RURAL,24,189196,3,2. NO,2. NO,1. YES,2. NO,2. NO,2. NO,2. NO,2. NO,2. NO,2. NO,3,3,3,2. NO,,,,,,,,,,,,,,,,,,,,,,,,
3. North West,18. Kaduna,1821. SOBA,2. RURAL,24,189197,2,2. NO,2. NO,1. YES,1. YES,2. NO,2. NO,2. NO,2. NO,2. NO,2. NO,3,3,3,2. NO,,,,,,,,,,,,,,,,,,,,,,,,
3. North West,18. Kaduna,1821. SOBA,2. RURAL,24,189199,1,1. YES,1. YES,1. YES,1. YES,1. YES,1. YES,1. YES,1. YES,1. YES,1. YES,2,3,4,1. YES,0,0,0,0,0,0,0,0,0,1,0,0,0,0,0,0,0,0,0,0,12. LACK OF MONEY,5. FOOD IN THE MARKET WAS VERY EXPENSIVE,,
3. North West,18. Kaduna,1821. SOBA,2. RURAL,24,189200,1,1. YES,1. YES,1. YES,1. YES,1. YES,1. YES,1. YES,2. NO,1. YES,2. NO,3,3,4,1. YES,0,0,0,0,0,0,0,0,0,0,1,0,0,0,0,0,0,0,0,0,12. LACK OF MONEY,,,
3. North West,18. Kaduna,1821. SOBA,2. RURAL,24,189202,1,1. YES,1. YES,1. YES,1. YES,1. YES,1. YES,1. YES,1. YES,1. YES,2. NO,2,3,4,1. YES,0,0,0,0,0,0,0,0,1,0,0,0,0,0,0,0,0,0,0,0,12. LACK OF MONEY,5. FOOD IN THE MARKET WAS VERY EXPENSIVE,,
3. North West,18. Kaduna,1821. SOBA,2. RURAL,24,189203,1,1. YES,1. YES,1. YES,2. NO,2. NO,2. NO,2. NO,2. NO,2. NO,2. NO,3,3,,2. NO,,,,,,,,,,,,,,,,,,,,,,,,
3. North West,18. Kaduna,1821. SOBA,2. RURAL,24,189204,1,1. YES,1. YES,1. YES,1. YES,1. YES,1. YES,1. YES,1. YES,1. YES,1. YES,3,3,3,1. YES,1,0,0,0,0,0,0,0,0,0,0,0,0,0,0,0,0,0,0,0,12. LACK OF MONEY,5. FOOD IN THE MARKET WAS VERY EXPENSIVE,13. LACK OF ACCESS TO MONEY AT THE BANK DUE TO NAIRA REDESIGN,
3. North West,18. Kaduna,1808. KACHIA,2. RURAL,0,189205,1,1. YES,1. YES,1. YES,1. YES,1. YES,1. YES,1. YES,2. NO,1. YES,1. YES,2,3,,1. YES,0,0,0,0,0,0,0,0,0,0,0,1,0,1,0,0,0,0,0,0,1. INADEQUATE HOUSEHOLD FOOD STOCKS DUE TO DROUGHT/ POOR RAINS,,,
1. North Central,31. Plateau,3105. JOS NORTH,2. RURAL,0,189206,1,1. YES,1. YES,2. NO,2. NO,2. NO,2. NO,1. YES,2. NO,2. NO,2. NO,2,,,2. NO,,,,,,,,,,,,,,,,,,,,,,,,
1. North Central,37. FCT,3706. ABUJA MUNICIPAL,1. URBAN,0,189207,1,1. YES,1. YES,1. YES,2. NO,1. YES,2. NO,1. YES,2. NO,2. NO,2. NO,3,5,3,1. YES,1,0,0,0,0,0,0,0,0,0,0,0,0,0,0,0,0,0,0,0,5. FOOD IN THE MARKET WAS VERY EXPENSIVE,12. LACK OF MONEY,,
3. North West,18. Kaduna,1822. ZONGON KATAF,2. RURAL,1898,189209,1,2. NO,1. YES,1. YES,2. NO,1. YES,2. NO,2. NO,2. NO,2. NO,2. NO,3,3,3,2. NO,,,,,,,,,,,,,,,,,,,,,,,,
1. North Central,31. Plateau,3106. JOS SOUTH,2. RURAL,0,189210,2,2. NO,2. NO,2. NO,2. NO,2. NO,2. NO,2. NO,2. NO,2. NO,2. NO,3,5,4,2. NO,,,,,,,,,,,,,,,,,,,,,,,,
3. North West,18. Kaduna,1822. ZONGON KATAF,2. RURAL,1898,189212,1,1. YES,1. YES,1. YES,1. YES,1. YES,1. YES,1. YES,2. NO,1. YES,2. NO,2,3,3,1. YES,0,0,0,0,0,0,0,0,0,0,0,0,1,1,1,1,0,0,0,0,12. LACK OF MONEY,5. FOOD IN THE MARKET WAS VERY EXPENSIVE,4. INADEQUATE HOUSEHOLD FOOD STOCKS DUE TO LACK OF FARM INPUTS,
3. North West,18. Kaduna,1822. ZONGON KATAF,2. RURAL,1898,189213,1,2. NO,2. NO,2. NO,2. NO,2. NO,2. NO,2. NO,2. NO,2. NO,2. NO,3,3,,2. NO,,,,,,,,,,,,,,,,,,,,,,,,
3. North West,18. Kaduna,1822. ZONGON KATAF,2. RURAL,1898,189214,1,2. NO,2. NO,2. NO,1. YES,1. YES,2. NO,1. YES,2. NO,2. NO,2. NO,2,3,,2. NO,,,,,,,,,,,,,,,,,,,,,,,,
3. North West,18. Kaduna,1822. ZONGON KATAF,2. RURAL,1898,189216,1,1. YES,1. YES,1. YES,1. YES,1. YES,1. YES,1. YES,2. NO,2. NO,1. YES,3,3,3,1. YES,0,0,0,0,0,0,0,0,0,0,0,0,0,1,1,1,0,0,0,0,4. INADEQUATE HOUSEHOLD FOOD STOCKS DUE TO LACK OF FARM INPUTS,12. LACK OF MONEY,5. FOOD IN THE MARKET WAS VERY EXPENSIVE,
3. North West,18. Kaduna,1802. CHIKUN,2. RURAL,1040,189218,5101,1. YES,1. YES,1. YES,2. NO,1. YES,2. NO,2. NO,2. NO,2. NO,2. NO,3,3,,1. YES,0,0,0,0,0,0,0,0,0,0,0,0,0,1,1,0,0,0,0,0,4. INADEQUATE HOUSEHOLD FOOD STOCKS DUE TO LACK OF FARM INPUTS,,,
3. North West,18. Kaduna,1802. CHIKUN,1. URBAN,3204,189222,2,2. NO,2. NO,2. NO,2. NO,2. NO,2. NO,2. NO,2. NO,2. NO,2. NO,3,3,,2. NO,,,,,,,,,,,,,,,,,,,,,,,,
3. North West,18. Kaduna,1812. KAJURU,2. RURAL,42,189235,1,1. YES,1. YES,1. YES,1. YES,1. YES,1. YES,1. YES,2. NO,1. YES,1. YES,1,2,,1. YES,0,0,0,1,0,0,1,1,1,1,1,1,0,0,0,0,0,0,0,0,1. INADEQUATE HOUSEHOLD FOOD STOCKS DUE TO DROUGHT/ POOR RAINS,5. FOOD IN THE MARKET WAS VERY EXPENSIVE,,
3. North West,18. Kaduna,1812. KAJURU,2. RURAL,42,189236,1,2. NO,2. NO,2. NO,2. NO,2. NO,2. NO,2. NO,2. NO,2. NO,2. NO,3,3,,2. NO,,,,,,,,,,,,,,,,,,,,,,,,
3. North West,18. Kaduna,1817. LERE,2. RURAL,726,189242,1,1. YES,1. YES,1. YES,1. YES,1. YES,1. YES,1. YES,1. YES,1. YES,1. YES,1,2,,2. NO,,,,,,,,,,,,,,,,,,,,,,,,
3. North West,18. Kaduna,1822. ZONGON KATAF,2. RURAL,1898,189252,1,2. NO,2. NO,2. NO,2. NO,2. NO,2. NO,2. NO,2. NO,2. NO,2. NO,3,3,4,2. NO,,,,,,,,,,,,,,,,,,,,,,,,
3. North West,19. Kano,1921. KANO MUNICIPAL,1. URBAN,842,190011,2,2. NO,2. NO,1. YES,1. YES,2. NO,2. NO,2. NO,2. NO,2. NO,2. NO,3,,,2. NO,,,,,,,,,,,,,,,,,,,,,,,,
3. North West,19. Kano,1921. KANO MUNICIPAL,1. URBAN,0,190012,9,2. NO,2. NO,2. NO,2. NO,2. NO,2. NO,2. NO,2. NO,2. NO,2. NO,3,3,,2. NO,,,,,,,,,,,,,,,,,,,,,,,,
3. North West,19. Kano,1921. KANO MUNICIPAL,1. URBAN,842,190013,1601,1. YES,1. YES,1. YES,2. NO,1. YES,1. YES,1. YES,2. NO,1. YES,1. YES,3,3,,1. YES,0,0,0,0,0,0,0,0,0,0,0,0,1,1,1,0,0,0,0,0,5. FOOD IN THE MARKET WAS VERY EXPENSIVE,,,
3. North West,19. Kano,1921. KANO MUNICIPAL,1. URBAN,842,190014,1,2. NO,2. NO,2. NO,2. NO,2. NO,2. NO,2. NO,2. NO,2. NO,2. NO,3,3,4,2. NO,,,,,,,,,,,,,,,,,,,,,,,,
3. North West,19. Kano,1925. KUMBOTSO,2. RURAL,0,190015,1,1. YES,2. NO,2. NO,2. NO,2. NO,2. NO,2. NO,2. NO,2. NO,2. NO,3,3,,2. NO,,,,,,,,,,,,,,,,,,,,,,,,
3. North West,19. Kano,1918. GWALE,2. RURAL,0,190016,2,1. YES,2. NO,1. YES,2. NO,2. NO,2. NO,2. NO,2. NO,2. NO,2. NO,3,3,3,2. NO,,,,,,,,,,,,,,,,,,,,,,,,
3. North West,19. Kano,1921. KANO MUNICIPAL,1. URBAN,842,190017,1,2. NO,2. NO,2. NO,2. NO,2. NO,2. NO,2. NO,2. NO,2. NO,2. NO,3,,5,2. NO,,,,,,,,,,,,,,,,,,,,,,,,
3. North West,19. Kano,1925. KUMBOTSO,1. URBAN,0,190018,3,2. NO,2. NO,2. NO,2. NO,2. NO,2. NO,2. NO,2. NO,2. NO,2. NO,3,4,5,2. NO,,,,,,,,,,,,,,,,,,,,,,,,
3. North West,19. Kano,1921. KANO MUNICIPAL,1. URBAN,842,190019,4,2. NO,2. NO,2. NO,2. NO,2. NO,2. NO,2. NO,2. NO,2. NO,1. YES,3,,,2. NO,,,,,,,,,,,,,,,,,,,,,,,,
3. North West,19. Kano,1921. KANO MUNICIPAL,1. URBAN,842,190020,4,2. NO,1. YES,2. NO,2. NO,2. NO,2. NO,2. NO,2. NO,2. NO,2. NO,3,,,2. NO,,,,,,,,,,,,,,,,,,,,,,,,
3. North West,19. Kano,1914. GARKO,2. RURAL,934,190081,2,1. YES,1. YES,1. YES,1. YES,1. YES,1. YES,2. NO,2. NO,1. YES,1. YES,3,4,4,1. YES,0,0,0,0,0,0,0,0,0,0,0,0,0,1,1,0,0,0,0,0,8. FLOODS/WATER LOGGING,,,
3. North West,19. Kano,1914. GARKO,2. RURAL,934,190082,1,1. YES,1. YES,1. YES,2. NO,1. YES,2. NO,1. YES,2. NO,2. NO,2. NO,3,3,3,2. NO,,,,,,,,,,,,,,,,,,,,,,,,
3. North West,19. Kano,1914. GARKO,2. RURAL,934,190083,1,1. YES,1. YES,1. YES,2. NO,1. YES,1. YES,1. YES,2. NO,2. NO,2. NO,3,3,,2. NO,,,,,,,,,,,,,,,,,,,,,,,,
3. North West,19. Kano,1914. GARKO,2. RURAL,934,190084,1,1. YES,1. YES,1. YES,1. YES,1. YES,1. YES,1. YES,1. YES,1. YES,1. YES,2,3,4,1. YES,0,0,0,0,0,0,0,1,1,0,0,0,0,0,0,0,0,0,0,0,5. FOOD IN THE MARKET WAS VERY EXPENSIVE,,,
3. North West,19. Kano,1914. GARKO,2. RURAL,934,190085,2,1. YES,1. YES,1. YES,1. YES,1. YES,1. YES,1. YES,1. YES,1. YES,1. YES,2,,,1. YES,0,0,0,0,0,1,1,0,0,0,0,0,0,0,0,0,0,0,0,0,4. INADEQUATE HOUSEHOLD FOOD STOCKS DUE TO LACK OF FARM INPUTS,,,
3. North West,19. Kano,1914. GARKO,2. RURAL,934,190086,1,1. YES,1. YES,1. YES,1. YES,1. YES,1. YES,1. YES,1. YES,1. YES,1. YES,3,3,4,1. YES,0,0,0,0,0,0,1,1,1,1,0,0,0,0,0,0,0,0,0,0,1. INADEQUATE HOUSEHOLD FOOD STOCKS DUE TO DROUGHT/ POOR RAINS,,,
3. North West,19. Kano,1914. GARKO,2. RURAL,934,190087,2,1. YES,1. YES,1. YES,2. NO,1. YES,1. YES,2. NO,2. NO,2. NO,1. YES,3,3,,2. NO,,,,,,,,,,,,,,,,,,,,,,,,
3. North West,19. Kano,1914. GARKO,2. RURAL,934,190088,1,2. NO,1. YES,1. YES,2. NO,2. NO,2. NO,2. NO,2. NO,2. NO,2. NO,3,3,3,2. NO,,,,,,,,,,,,,,,,,,,,,,,,
3. North West,19. Kano,1914. GARKO,2. RURAL,934,190089,1,1. YES,1. YES,2. NO,2. NO,2. NO,2. NO,2. NO,2. NO,2. NO,2. NO,3,4,5,2. NO,,,,,,,,,,,,,,,,,,,,,,,,
3. North West,19. Kano,1914. GARKO,2. RURAL,934,190090,1,2. NO,1. YES,1. YES,2. NO,1. YES,2. NO,2. NO,2. NO,2. NO,2. NO,3,3,,2. NO,,,,,,,,,,,,,,,,,,,,,,,,
3. North West,19. Kano,1912. FAGGE,1. URBAN,1510,190111,1,1. YES,1. YES,1. YES,1. YES,1. YES,1. YES,2. NO,1. YES,2. NO,2. NO,3,3,3,1. YES,0,0,0,0,0,0,0,0,0,0,0,0,0,0,1,1,0,0,0,0,5. FOOD IN THE MARKET WAS VERY EXPENSIVE,,,
3. North West,19. Kano,1912. FAGGE,1. URBAN,1510,190112,1,1. YES,1. YES,1. YES,1. YES,1. YES,1. YES,1. YES,1. YES,1. YES,1. YES,3,3,3,1. YES,0,0,0,0,0,0,0,0,0,0,0,0,0,1,1,1,0,0,0,0,12. LACK OF MONEY,5. FOOD IN THE MARKET WAS VERY EXPENSIVE,,
3. North West,19. Kano,1912. FAGGE,1. URBAN,1510,190113,2,2. NO,1. YES,1. YES,1. YES,1. YES,1. YES,1. YES,2. NO,1. YES,1. YES,3,3,,1. YES,0,0,0,0,0,0,0,0,0,0,0,0,1,1,1,1,0,0,0,0,5. FOOD IN THE MARKET WAS VERY EXPENSIVE,12. LACK OF MONEY,,
3. North West,19. Kano,1912. FAGGE,1. URBAN,1510,190114,1,1. YES,1. YES,1. YES,1. YES,1. YES,1. YES,1. YES,1. YES,1. YES,2. NO,2,2,3,2. NO,,,,,,,,,,,,,,,,,,,,,,,,
3. North West,19. Kano,1912. FAGGE,1. URBAN,1510,190115,12,1. YES,1. YES,1. YES,1. YES,1. YES,1. YES,2. NO,2. NO,2. NO,2. NO,3,3,,1. YES,0,0,0,0,0,0,0,0,0,0,0,0,0,1,1,0,0,0,0,0,5. FOOD IN THE MARKET WAS VERY EXPENSIVE,12. LACK OF MONEY,,
3. North West,19. Kano,1912. FAGGE,1. URBAN,1510,190116,1,2. NO,1. YES,1. YES,2. NO,1. YES,2. NO,2. NO,2. NO,2. NO,2. NO,3,3,,2. NO,,,,,,,,,,,,,,,,,,,,,,,,
3. North West,19. Kano,1912. FAGGE,1. URBAN,1510,190117,1,1. YES,1. YES,1. YES,1. YES,1. YES,1. YES,2. NO,2. NO,1. YES,1. YES,3,3,4,2. NO,,,,,,,,,,,,,,,,,,,,,,,,
3. North West,19. Kano,1912. FAGGE,1. URBAN,1510,190118,1,2. NO,2. NO,2. NO,2. NO,1. YES,2. NO,2. NO,2. NO,2. NO,2. NO,3,3,4,2. NO,,,,,,,,,,,,,,,,,,,,,,,,
3. North West,19. Kano,1912. FAGGE,1. URBAN,1510,190119,2,2. NO,2. NO,1. YES,1. YES,2. NO,2. NO,1. YES,2. NO,1. YES,2. NO,3,3,,2. NO,,,,,,,,,,,,,,,,,,,,,,,,
3. North West,19. Kano,1910. DAWAKIN TOFA,2. RURAL,808,190131,1,2. NO,1. YES,2. NO,2. NO,2. NO,2. NO,2. NO,2. NO,2. NO,2. NO,3,3,3,2. NO,,,,,,,,,,,,,,,,,,,,,,,,
3. North West,19. Kano,1910. DAWAKIN TOFA,2. RURAL,808,190132,1,1. YES,1. YES,1. YES,1. YES,1. YES,1. YES,1. YES,2. NO,2. NO,2. NO,3,3,,2. NO,,,,,,,,,,,,,,,,,,,,,,,,
3. North West,19. Kano,1910. DAWAKIN TOFA,2. RURAL,808,190133,1,1. YES,1. YES,1. YES,1. YES,1. YES,1. YES,1. YES,2. NO,1. YES,1. YES,3,3,4,1. YES,0,0,0,0,0,0,0,0,0,0,0,0,1,1,1,1,0,0,0,0,12. LACK OF MONEY,5. FOOD IN THE MARKET WAS VERY EXPENSIVE,,
3. North West,19. Kano,1910. DAWAKIN TOFA,2. RURAL,808,190134,1,2. NO,2. NO,1. YES,2. NO,2. NO,2. NO,2. NO,2. NO,2. NO,2. NO,3,3,3,2. NO,,,,,,,,,,,,,,,,,,,,,,,,
3. North West,19. Kano,1910. DAWAKIN TOFA,2. RURAL,808,190135,5,1. YES,1. YES,1. YES,1. YES,1. YES,1. YES,1. YES,2. NO,2. NO,1. YES,3,,,1. YES,0,0,0,0,0,0,0,0,0,0,0,0,0,0,1,1,0,0,0,0,5. FOOD IN THE MARKET WAS VERY EXPENSIVE,12. LACK OF MONEY,,
3. North West,19. Kano,1910. DAWAKIN TOFA,2. RURAL,808,190136,1,1. YES,1. YES,1. YES,1. YES,1. YES,1. YES,1. YES,2. NO,1. YES,2. NO,3,3,4,1. YES,0,0,0,0,0,0,0,0,0,0,0,0,0,1,0,0,0,0,0,0,12. LACK OF MONEY,,,
3. North West,19. Kano,1910. DAWAKIN TOFA,2. RURAL,808,190137,2,1. YES,1. YES,1. YES,1. YES,1. YES,1. YES,1. YES,1. YES,1. YES,1. YES,2,2,2,1. YES,1,0,0,0,0,0,0,0,0,0,0,0,0,0,0,0,0,0,0,0,5. FOOD IN THE MARKET WAS VERY EXPENSIVE,,,
3. North West,19. Kano,1910. DAWAKIN TOFA,2. RURAL,808,190138,1,1. YES,1. YES,1. YES,1. YES,1. YES,1. YES,1. YES,2. NO,1. YES,2. NO,3,3,,1. YES,1,0,0,0,0,0,0,0,0,0,0,0,0,0,0,0,0,0,0,0,5. FOOD IN THE MARKET WAS VERY EXPENSIVE,,,
3. North West,19. Kano,1910. DAWAKIN TOFA,2. RURAL,808,190139,1,1. YES,1. YES,1. YES,1. YES,1. YES,2. NO,1. YES,1. YES,1. YES,2. NO,2,2,,2. NO,,,,,,,,,,,,,,,,,,,,,,,,
3. North West,19. Kano,1910. DAWAKIN TOFA,2. RURAL,808,190140,2,2. NO,2. NO,2. NO,2. NO,2. NO,2. NO,2. NO,2. NO,2. NO,2. NO,3,,,2. NO,,,,,,,,,,,,,,,,,,,,,,,,
3. North West,19. Kano,1919. GWARZO,2. RURAL,366,190161,1,1. YES,1. YES,1. YES,1. YES,2. NO,1. YES,1. YES,1. YES,1. YES,1. YES,3,3,,1. YES,0,0,0,1,0,0,0,0,0,0,0,0,0,1,1,1,0,0,0,0,5. FOOD IN THE MARKET WAS VERY EXPENSIVE,12. LACK OF MONEY,,
3. North West,19. Kano,1919. GWARZO,2. RURAL,366,190162,1,2. NO,2. NO,2. NO,1. YES,2. NO,2. NO,2. NO,2. NO,2. NO,2. NO,3,3,,2. NO,,,,,,,,,,,,,,,,,,,,,,,,
3. North West,19. Kano,1919. GWARZO,2. RURAL,366,190163,1,1. YES,1. YES,1. YES,1. YES,1. YES,1. YES,1. YES,2. NO,2. NO,2. NO,3,3,3,2. NO,,,,,,,,,,,,,,,,,,,,,,,,
3. North West,19. Kano,1919. GWARZO,2. RURAL,366,190164,6,1. YES,1. YES,1. YES,2. NO,2. NO,1. YES,2. NO,2. NO,2. NO,2. NO,3,3,,2. NO,,,,,,,,,,,,,,,,,,,,,,,,
3. North West,19. Kano,1919. GWARZO,2. RURAL,366,190165,1,1. YES,1. YES,1. YES,1. YES,1. YES,2. NO,2. NO,2. NO,2. NO,2. NO,3,3,3,2. NO,,,,,,,,,,,,,,,,,,,,,,,,
3. North West,19. Kano,1919. GWARZO,2. RURAL,366,190166,1,1. YES,1. YES,1. YES,1. YES,2. NO,2. NO,1. YES,2. NO,2. NO,2. NO,3,3,,2. NO,,,,,,,,,,,,,,,,,,,,,,,,
3. North West,19. Kano,1919. GWARZO,2. RURAL,366,190167,1,1. YES,1. YES,1. YES,1. YES,1. YES,1. YES,1. YES,1. YES,1. YES,1. YES,2,2,3,2. NO,,,,,,,,,,,,,,,,,,,,,,,,
3. North West,18. Kaduna,1823. ZARIA,2. RURAL,0,190168,1,1. YES,1. YES,1. YES,1. YES,2. NO,2. NO,2. NO,2. NO,2. NO,2. NO,2,1,,2. NO,,,,,,,,,,,,,,,,,,,,,,,,
3. North West,19. Kano,1919. GWARZO,2. RURAL,366,190169,5101,1. YES,1. YES,2. NO,2. NO,2. NO,2. NO,2. NO,2. NO,2. NO,2. NO,3,3,4,2. NO,,,,,,,,,,,,,,,,,,,,,,,,
3. North West,19. Kano,1919. GWARZO,2. RURAL,366,190170,5,2. NO,2. NO,2. NO,2. NO,2. NO,2. NO,2. NO,2. NO,2. NO,2. NO,3,3,6,2. NO,,,,,,,,,,,,,,,,,,,,,,,,
3. North West,19. Kano,1928. MADOBI,2. RURAL,526,190171,3,1. YES,1. YES,1. YES,1. YES,1. YES,1. YES,1. YES,2. NO,2. NO,2. NO,3,3,3,2. NO,,,,,,,,,,,,,,,,,,,,,,,,
3. North West,19. Kano,1928. MADOBI,2. RURAL,526,190172,3,1. YES,1. YES,1. YES,1. YES,1. YES,2. NO,1. YES,1. YES,2. NO,2. NO,3,3,,2. NO,,,,,,,,,,,,,,,,,,,,,,,,
3. North West,19. Kano,1928. MADOBI,2. RURAL,526,190173,1,1. YES,1. YES,1. YES,1. YES,1. YES,1. YES,1. YES,2. NO,2. NO,1. YES,3,3,,1. YES,0,0,0,0,0,0,0,0,0,0,0,0,1,1,1,1,0,0,0,0,5. FOOD IN THE MARKET WAS VERY EXPENSIVE,12. LACK OF MONEY,,
3. North West,19. Kano,1928. MADOBI,2. RURAL,526,190174,5101,2. NO,2. NO,2. NO,2. NO,2. NO,2. NO,2. NO,2. NO,2. NO,2. NO,3,4,5,1. YES,0,0,0,0,0,0,0,0,0,0,0,0,0,0,0,1,0,0,0,0,12. LACK OF MONEY,,,
3. North West,19. Kano,1928. MADOBI,2. RURAL,526,190175,1,1. YES,1. YES,1. YES,1. YES,1. YES,1. YES,1. YES,2. NO,1. YES,1. YES,3,3,,1. YES,0,0,0,0,0,0,0,0,0,0,0,0,0,0,0,1,0,0,0,0,5. FOOD IN THE MARKET WAS VERY EXPENSIVE,12. LACK OF MONEY,,
3. North West,19. Kano,1928. MADOBI,2. RURAL,526,190176,1,1. YES,1. YES,1. YES,1. YES,1. YES,1. YES,1. YES,1. YES,1. YES,1. YES,2,2,,2. NO,,,,,,,,,,,,,,,,,,,,,,,,
3. North West,19. Kano,1928. MADOBI,2. RURAL,526,190177,2,1. YES,1. YES,1. YES,1. YES,1. YES,1. YES,1. YES,1. YES,1. YES,1. YES,2,2,,1. YES,0,0,0,0,0,0,0,0,1,1,1,0,0,0,0,0,0,0,0,0,5. FOOD IN THE MARKET WAS VERY EXPENSIVE,,,
3. North West,19. Kano,1928. MADOBI,2. RURAL,0,190178,5,1. YES,1. YES,1. YES,1. YES,1. YES,1. YES,1. YES,2. NO,1. YES,2. NO,2,3,3,2. NO,,,,,,,,,,,,,,,,,,,,,,,,
3. North West,19. Kano,1928. MADOBI,2. RURAL,526,190179,1,1. YES,1. YES,1. YES,2. NO,2. NO,2. NO,2. NO,2. NO,2. NO,2. NO,3,3,,2. NO,,,,,,,,,,,,,,,,,,,,,,,,
3. North West,19. Kano,1928. MADOBI,2. RURAL,526,190180,1,2. NO,1. YES,2. NO,2. NO,2. NO,2. NO,2. NO,2. NO,2. NO,2. NO,3,4,,2. NO,,,,,,,,,,,,,,,,,,,,,,,,
3. North West,19. Kano,1923. KIBIYA,2. RURAL,0,190191,1,1. YES,1. YES,1. YES,1. YES,1. YES,1. YES,1. YES,1. YES,1. YES,1. YES,3,,,2. NO,,,,,,,,,,,,,,,,,,,,,,,,
3. North West,19. Kano,1923. KIBIYA,2. RURAL,284,190192,1,1. YES,1. YES,1. YES,2. NO,1. YES,1. YES,1. YES,2. NO,1. YES,1. YES,3,3,3,1. YES,0,0,0,0,0,0,0,0,0,0,0,0,0,1,1,1,0,0,0,0,12. LACK OF MONEY,,,
3. North West,19. Kano,1923. KIBIYA,2. RURAL,284,190193,1,1. YES,1. YES,2. NO,2. NO,2. NO,2. NO,2. NO,2. NO,2. NO,2. NO,3,3,4,2. NO,,,,,,,,,,,,,,,,,,,,,,,,
3. North West,19. Kano,1923. KIBIYA,2. RURAL,284,190194,1,1. YES,1. YES,1. YES,1. YES,1. YES,2. NO,1. YES,2. NO,2. NO,2. NO,3,3,3,1. YES,0,0,0,0,0,0,0,0,0,0,0,0,0,0,1,1,0,0,0,0,5. FOOD IN THE MARKET WAS VERY EXPENSIVE,12. LACK OF MONEY,,
3. North West,19. Kano,1923. KIBIYA,2. RURAL,284,190195,1,2. NO,2. NO,2. NO,2. NO,2. NO,2. NO,2. NO,2. NO,2. NO,2. NO,3,3,3,2. NO,,,,,,,,,,,,,,,,,,,,,,,,
3. North West,19. Kano,1923. KIBIYA,2. RURAL,284,190196,1,1. YES,1. YES,1. YES,1. YES,1. YES,1. YES,1. YES,2. NO,1. YES,2. NO,2,2,3,2. NO,,,,,,,,,,,,,,,,,,,,,,,,
3. North West,19. Kano,1923. KIBIYA,2. RURAL,284,190197,2,2. NO,2. NO,1. YES,2. NO,2. NO,2. NO,2. NO,2. NO,2. NO,2. NO,3,3,,2. NO,,,,,,,,,,,,,,,,,,,,,,,,
3. North West,19. Kano,1923. KIBIYA,2. RURAL,284,190198,1,1. YES,1. YES,1. YES,1. YES,1. YES,1. YES,1. YES,1. YES,2. NO,1. YES,2,,,1. YES,0,0,0,0,0,0,0,0,0,0,1,1,0,0,0,0,0,0,0,0,4. INADEQUATE HOUSEHOLD FOOD STOCKS DUE TO LACK OF FARM INPUTS,,,
3. North West,19. Kano,1923. KIBIYA,2. RURAL,284,190199,1,2. NO,2. NO,2. NO,2. NO,2. NO,2. NO,2. NO,2. NO,2. NO,2. NO,3,3,3,2. NO,,,,,,,,,,,,,,,,,,,,,,,,
3. North West,19. Kano,1923. KIBIYA,2. RURAL,284,190200,1,1. YES,1. YES,1. YES,2. NO,2. NO,2. NO,2. NO,2. NO,2. NO,2. NO,3,3,,2. NO,,,,,,,,,,,,,,,,,,,,,,,,
3. North West,19. Kano,1909. DAWAKIN KUDU,2. RURAL,1684,199001,6,2. NO,2. NO,1. YES,1. YES,1. YES,1. YES,1. YES,1. YES,1. YES,2. NO,2,3,5,1. YES,0,0,0,1,1,1,0,0,0,0,0,0,0,0,0,0,0,0,0,0,1. INADEQUATE HOUSEHOLD FOOD STOCKS DUE TO DROUGHT/ POOR RAINS,,,
3. North West,19. Kano,1909. DAWAKIN KUDU,2. RURAL,1684,199002,1,1. YES,1. YES,1. YES,1. YES,1. YES,1. YES,1. YES,2. NO,2. NO,2. NO,2,3,3,2. NO,,,,,,,,,,,,,,,,,,,,,,,,
3. North West,19. Kano,1909. DAWAKIN KUDU,2. RURAL,1684,199004,2,2. NO,2. NO,2. NO,2. NO,2. NO,2. NO,2. NO,2. NO,2. NO,2. NO,3,3,3,1. YES,0,0,1,1,1,1,1,1,1,1,1,1,1,0,0,0,0,0,0,0,12. LACK OF MONEY,5. FOOD IN THE MARKET WAS VERY EXPENSIVE,,
3. North West,19. Kano,1909. DAWAKIN KUDU,2. RURAL,1684,199005,7,2. NO,2. NO,2. NO,1. YES,1. YES,2. NO,2. NO,2. NO,2. NO,2. NO,3,4,5,2. NO,,,,,,,,,,,,,,,,,,,,,,,,
3. North West,19. Kano,1909. DAWAKIN KUDU,2. RURAL,1684,199006,1,1. YES,1. YES,1. YES,2. NO,1. YES,1. YES,1. YES,2. NO,2. NO,1. YES,3,3,3,2. NO,,,,,,,,,,,,,,,,,,,,,,,,
3. North West,19. Kano,1909. DAWAKIN KUDU,2. RURAL,1684,199007,1,1. YES,1. YES,1. YES,1. YES,2. NO,1. YES,1. YES,1. YES,1. YES,1. YES,3,4,5,1. YES,0,0,0,0,0,1,1,0,0,0,0,0,0,0,0,0,0,0,0,0,12. LACK OF MONEY,,,
3. North West,19. Kano,1909. DAWAKIN KUDU,2. RURAL,1684,199008,1,1. YES,1. YES,1. YES,1. YES,1. YES,1. YES,1. YES,2. NO,2. NO,2. NO,3,4,3,2. NO,,,,,,,,,,,,,,,,,,,,,,,,
3. North West,19. Kano,1909. DAWAKIN KUDU,2. RURAL,1684,199011,1,2. NO,1. YES,1. YES,1. YES,1. YES,1. YES,1. YES,2. NO,2. NO,1. YES,3,,,1. YES,0,0,0,0,0,0,0,0,1,1,1,1,1,1,1,0,0,0,0,0,12. LACK OF MONEY,,,
3. North West,19. Kano,1909. DAWAKIN KUDU,2. RURAL,1684,199012,2,1. YES,1. YES,1. YES,1. YES,1. YES,1. YES,1. YES,2. NO,1. YES,2. NO,3,5,4,1. YES,0,0,0,0,0,0,0,0,0,0,0,1,1,1,1,0,0,0,0,0,5. FOOD IN THE MARKET WAS VERY EXPENSIVE,12. LACK OF MONEY,,
3. North West,19. Kano,1919. GWARZO,2. RURAL,596,199013,2,1. YES,1. YES,1. YES,1. YES,1. YES,1. YES,1. YES,1. YES,1. YES,1. YES,2,2,2,1. YES,0,0,0,0,0,0,0,0,0,1,1,1,1,1,1,1,0,0,0,0,96. OTHER (SPECIFY),,,DEATH OF HEAD OF THE HOUSEHOLD
3. North West,19. Kano,1919. GWARZO,2. RURAL,596,199014,1,1. YES,1. YES,1. YES,1. YES,1. YES,1. YES,1. YES,1. YES,2. NO,1. YES,3,2,2,1. YES,1,0,0,0,0,0,0,0,0,0,0,0,0,0,0,0,0,0,0,0,4. INADEQUATE HOUSEHOLD FOOD STOCKS DUE TO LACK OF FARM INPUTS,5. FOOD IN THE MARKET WAS VERY EXPENSIVE,12. LACK OF MONEY,
3. North West,19. Kano,1919. GWARZO,2. RURAL,596,199015,1,2. NO,2. NO,2. NO,2. NO,2. NO,2. NO,2. NO,2. NO,2. NO,2. NO,3,,,2. NO,,,,,,,,,,,,,,,,,,,,,,,,
3. North West,19. Kano,1919. GWARZO,2. RURAL,596,199016,1,1. YES,1. YES,1. YES,1. YES,1. YES,1. YES,1. YES,2. NO,1. YES,1. YES,3,3,,1. YES,0,0,0,0,0,0,0,0,0,0,0,0,0,1,1,1,0,0,0,0,5. FOOD IN THE MARKET WAS VERY EXPENSIVE,4. INADEQUATE HOUSEHOLD FOOD STOCKS DUE TO LACK OF FARM INPUTS,,
3. North West,19. Kano,1919. GWARZO,2. RURAL,596,199018,1,1. YES,1. YES,1. YES,1. YES,1. YES,1. YES,1. YES,2. NO,2. NO,2. NO,2,3,3,2. NO,,,,,,,,,,,,,,,,,,,,,,,,
3. North West,19. Kano,1919. GWARZO,2. RURAL,596,199019,2,1. YES,1. YES,1. YES,1. YES,1. YES,1. YES,1. YES,1. YES,1. YES,1. YES,3,3,4,1. YES,0,0,0,0,0,0,0,0,0,0,0,1,0,0,0,0,0,0,0,0,5. FOOD IN THE MARKET WAS VERY EXPENSIVE,,,
3. North West,19. Kano,1919. GWARZO,2. RURAL,596,199021,1,1. YES,1. YES,1. YES,2. NO,2. NO,2. NO,2. NO,2. NO,2. NO,2. NO,3,3,3,2. NO,,,,,,,,,,,,,,,,,,,,,,,,
3. North West,19. Kano,1919. GWARZO,2. RURAL,596,199022,1,1. YES,1. YES,1. YES,1. YES,1. YES,1. YES,1. YES,1. YES,1. YES,2. NO,2,2,,1. YES,0,0,0,1,1,1,1,0,0,0,0,0,0,0,0,0,0,0,0,0,1. INADEQUATE HOUSEHOLD FOOD STOCKS DUE TO DROUGHT/ POOR RAINS,,,
3. North West,19. Kano,1919. GWARZO,2. RURAL,596,199023,2,1. YES,1. YES,1. YES,2. NO,2. NO,2. NO,2. NO,2. NO,2. NO,2. NO,3,3,4,2. NO,,,,,,,,,,,,,,,,,,,,,,,,
3. North West,19. Kano,1919. GWARZO,2. RURAL,596,199024,1,2. NO,1. YES,1. YES,2. NO,1. YES,2. NO,2. NO,2. NO,2. NO,2. NO,3,,,2. NO,,,,,,,,,,,,,,,,,,,,,,,,
3. North West,19. Kano,1924. KIRU,2. RURAL,356,199025,1,2. NO,2. NO,2. NO,2. NO,2. NO,2. NO,2. NO,2. NO,2. NO,2. NO,3,3,3,2. NO,,,,,,,,,,,,,,,,,,,,,,,,
3. North West,19. Kano,1924. KIRU,2. RURAL,356,199026,2,2. NO,1. YES,1. YES,2. NO,1. YES,1. YES,2. NO,2. NO,2. NO,2. NO,3,3,4,2. NO,,,,,,,,,,,,,,,,,,,,,,,,
3. North West,19. Kano,1924. KIRU,2. RURAL,356,199027,1,2. NO,2. NO,1. YES,2. NO,2. NO,2. NO,2. NO,2. NO,2. NO,2. NO,3,3,3,2. NO,,,,,,,,,,,,,,,,,,,,,,,,
3. North West,19. Kano,1924. KIRU,2. RURAL,356,199030,1,1. YES,1. YES,1. YES,2. NO,1. YES,1. YES,1. YES,2. NO,2. NO,2. NO,3,3,3,2. NO,,,,,,,,,,,,,,,,,,,,,,,,
3. North West,19. Kano,1924. KIRU,2. RURAL,356,199031,1,1. YES,1. YES,1. YES,1. YES,1. YES,1. YES,1. YES,2. NO,1. YES,1. YES,3,3,3,1. YES,0,0,0,0,0,0,0,0,0,0,0,0,0,0,1,1,0,0,0,0,5. FOOD IN THE MARKET WAS VERY EXPENSIVE,12. LACK OF MONEY,,
3. North West,19. Kano,1924. KIRU,2. RURAL,356,199032,5,2. NO,2. NO,2. NO,1. YES,2. NO,2. NO,2. NO,2. NO,2. NO,2. NO,3,3,3,2. NO,,,,,,,,,,,,,,,,,,,,,,,,
3. North West,19. Kano,1924. KIRU,2. RURAL,356,199033,1,2. NO,2. NO,2. NO,2. NO,2. NO,2. NO,2. NO,2. NO,2. NO,2. NO,3,3,,2. NO,,,,,,,,,,,,,,,,,,,,,,,,
3. North West,19. Kano,1924. KIRU,2. RURAL,356,199034,1,1. YES,1. YES,1. YES,1. YES,1. YES,1. YES,1. YES,2. NO,1. YES,2. NO,3,3,4,2. NO,,,,,,,,,,,,,,,,,,,,,,,,
3. North West,19. Kano,1924. KIRU,2. RURAL,356,199035,2,1. YES,1. YES,1. YES,1. YES,1. YES,1. YES,1. YES,1. YES,1. YES,1. YES,2,2,3,2. NO,,,,,,,,,,,,,,,,,,,,,,,,
3. North West,19. Kano,1924. KIRU,2. RURAL,356,199036,2,2. NO,2. NO,2. NO,2. NO,2. NO,2. NO,2. NO,2. NO,2. NO,2. NO,3,3,3,2. NO,,,,,,,,,,,,,,,,,,,,,,,,
3. North West,19. Kano,1927. KURA,2. RURAL,622,199037,2,1. YES,1. YES,1. YES,1. YES,1. YES,1. YES,1. YES,1. YES,1. YES,1. YES,3,3,4,1. YES,0,0,0,0,0,0,0,0,0,0,0,0,0,0,1,1,1,0,0,0,5. FOOD IN THE MARKET WAS VERY EXPENSIVE,12. LACK OF MONEY,,
3. North West,19. Kano,1927. KURA,2. RURAL,622,199038,1,2. NO,2. NO,2. NO,2. NO,2. NO,2. NO,2. NO,2. NO,2. NO,2. NO,3,3,4,2. NO,,,,,,,,,,,,,,,,,,,,,,,,
3. North West,19. Kano,1927. KURA,2. RURAL,622,199040,2,1. YES,1. YES,1. YES,1. YES,1. YES,1. YES,1. YES,1. YES,1. YES,1. YES,2,3,4,1. YES,0,0,0,0,0,0,0,1,1,1,0,0,0,0,0,0,0,0,0,0,12. LACK OF MONEY,,,
3. North West,19. Kano,1927. KURA,2. RURAL,622,199041,1,1. YES,1. YES,1. YES,2. NO,2. NO,2. NO,2. NO,2. NO,2. NO,2. NO,3,3,3,2. NO,,,,,,,,,,,,,,,,,,,,,,,,
3. North West,19. Kano,1927. KURA,2. RURAL,622,199042,1,2. NO,2. NO,2. NO,1. YES,2. NO,2. NO,2. NO,2. NO,2. NO,2. NO,3,3,5,2. NO,,,,,,,,,,,,,,,,,,,,,,,,
3. North West,19. Kano,1927. KURA,2. RURAL,622,199044,1,1. YES,1. YES,1. YES,1. YES,1. YES,1. YES,1. YES,2. NO,2. NO,2. NO,3,3,3,2. NO,,,,,,,,,,,,,,,,,,,,,,,,
3. North West,19. Kano,1927. KURA,2. RURAL,622,199045,3,2. NO,2. NO,2. NO,2. NO,2. NO,2. NO,2. NO,2. NO,2. NO,2. NO,3,,,2. NO,,,,,,,,,,,,,,,,,,,,,,,,
3. North West,19. Kano,1927. KURA,2. RURAL,622,199046,1,1. YES,1. YES,1. YES,2. NO,2. NO,2. NO,2. NO,2. NO,2. NO,2. NO,3,3,3,2. NO,,,,,,,,,,,,,,,,,,,,,,,,
3. North West,19. Kano,1927. KURA,2. RURAL,622,199047,1,2. NO,1. YES,2. NO,2. NO,2. NO,2. NO,2. NO,2. NO,2. NO,2. NO,3,3,4,2. NO,,,,,,,,,,,,,,,,,,,,,,,,
3. North West,19. Kano,1927. KURA,2. RURAL,622,199048,6,2. NO,2. NO,2. NO,2. NO,2. NO,2. NO,2. NO,2. NO,2. NO,2. NO,3,3,,2. NO,,,,,,,,,,,,,,,,,,,,,,,,
3. North West,19. Kano,1929. MAKODA,2. RURAL,108,199051,1,2. NO,1. YES,1. YES,2. NO,2. NO,2. NO,2. NO,2. NO,2. NO,2. NO,3,3,3,2. NO,,,,,,,,,,,,,,,,,,,,,,,,
3. North West,19. Kano,1929. MAKODA,2. RURAL,108,199052,1,1. YES,1. YES,1. YES,1. YES,1. YES,1. YES,1. YES,2. NO,2. NO,2. NO,3,,3,2. NO,,,,,,,,,,,,,,,,,,,,,,,,
3. North West,19. Kano,1929. MAKODA,2. RURAL,108,199053,1,2. NO,1. YES,1. YES,2. NO,2. NO,2. NO,2. NO,2. NO,2. NO,2. NO,3,3,3,2. NO,,,,,,,,,,,,,,,,,,,,,,,,
3. North West,19. Kano,1929. MAKODA,2. RURAL,108,199054,1,1. YES,1. YES,1. YES,1. YES,1. YES,1. YES,1. YES,2. NO,1. YES,1. YES,2,,3,1. YES,0,0,0,0,0,0,0,0,0,0,0,0,0,1,1,1,0,0,0,0,12. LACK OF MONEY,5. FOOD IN THE MARKET WAS VERY EXPENSIVE,,
3. North West,19. Kano,1929. MAKODA,2. RURAL,108,199055,1,1. YES,1. YES,1. YES,1. YES,1. YES,1. YES,1. YES,1. YES,1. YES,1. YES,1,1,,1. YES,0,0,0,0,0,0,0,0,0,0,0,0,0,0,1,1,0,0,0,0,12. LACK OF MONEY,5. FOOD IN THE MARKET WAS VERY EXPENSIVE,,
3. North West,19. Kano,1929. MAKODA,2. RURAL,108,199056,2,1. YES,1. YES,1. YES,1. YES,1. YES,1. YES,1. YES,1. YES,1. YES,1. YES,3,3,,2. NO,,,,,,,,,,,,,,,,,,,,,,,,
3. North West,19. Kano,1929. MAKODA,2. RURAL,108,199057,1,1. YES,1. YES,1. YES,1. YES,1. YES,1. YES,1. YES,1. YES,1. YES,1. YES,2,2,3,2. NO,,,,,,,,,,,,,,,,,,,,,,,,
3. North West,19. Kano,1929. MAKODA,2. RURAL,108,199058,1,1. YES,1. YES,1. YES,2. NO,1. YES,2. NO,2. NO,2. NO,2. NO,2. NO,3,4,5,2. NO,,,,,,,,,,,,,,,,,,,,,,,,
3. North West,19. Kano,1929. MAKODA,2. RURAL,108,199059,1,1. YES,1. YES,1. YES,1. YES,1. YES,1. YES,1. YES,1. YES,1. YES,1. YES,3,,5,2. NO,,,,,,,,,,,,,,,,,,,,,,,,
3. North West,19. Kano,1929. MAKODA,2. RURAL,108,199060,1,1. YES,1. YES,1. YES,1. YES,1. YES,1. YES,1. YES,1. YES,1. YES,2. NO,2,4,4,1. YES,0,0,0,0,0,0,0,0,0,0,0,0,0,1,0,0,0,0,0,0,5. FOOD IN THE MARKET WAS VERY EXPENSIVE,3. INADEQUATE HOUSEHOLD FOOD STOCKS DUE TO SMALL LAND SIZE,,
3. North West,19. Kano,1933. RIMIN GADO,2. RURAL,330,199061,2,2. NO,2. NO,2. NO,2. NO,2. NO,2. NO,2. NO,2. NO,2. NO,2. NO,3,3,3,2. NO,,,,,,,,,,,,,,,,,,,,,,,,
3. North West,19. Kano,1933. RIMIN GADO,2. RURAL,330,199062,1,1. YES,1. YES,1. YES,1. YES,1. YES,1. YES,1. YES,1. YES,1. YES,1. YES,2,2,,2. NO,,,,,,,,,,,,,,,,,,,,,,,,
3. North West,19. Kano,1933. RIMIN GADO,2. RURAL,330,199064,401,2. NO,1. YES,1. YES,2. NO,2. NO,2. NO,2. NO,2. NO,2. NO,2. NO,3,,3,2. NO,,,,,,,,,,,,,,,,,,,,,,,,
3. North West,19. Kano,1933. RIMIN GADO,2. RURAL,330,199065,1,1. YES,1. YES,1. YES,1. YES,1. YES,1. YES,1. YES,2. NO,1. YES,2. NO,2,3,4,1. YES,0,0,0,0,0,0,1,1,1,0,0,0,0,0,0,0,0,0,0,0,5. FOOD IN THE MARKET WAS VERY EXPENSIVE,,,
3. North West,19. Kano,1933. RIMIN GADO,2. RURAL,330,199066,1,2. NO,2. NO,2. NO,2. NO,2. NO,2. NO,2. NO,2. NO,2. NO,2. NO,3,4,,2. NO,,,,,,,,,,,,,,,,,,,,,,,,
3. North West,19. Kano,1933. RIMIN GADO,2. RURAL,330,199067,1,2. NO,2. NO,2. NO,2. NO,2. NO,2. NO,2. NO,2. NO,2. NO,2. NO,3,3,4,2. NO,,,,,,,,,,,,,,,,,,,,,,,,
3. North West,19. Kano,1933. RIMIN GADO,2. RURAL,330,199068,1701,2. NO,2. NO,2. NO,2. NO,2. NO,2. NO,2. NO,2. NO,2. NO,2. NO,3,3,3,2. NO,,,,,,,,,,,,,,,,,,,,,,,,
3. North West,19. Kano,1933. RIMIN GADO,2. RURAL,330,199069,1,1. YES,1. YES,1. YES,2. NO,1. YES,2. NO,1. YES,2. NO,2. NO,2. NO,3,3,,2. NO,,,,,,,,,,,,,,,,,,,,,,,,
3. North West,19. Kano,1933. RIMIN GADO,2. RURAL,330,199071,1,1. YES,1. YES,1. YES,1. YES,1. YES,1. YES,1. YES,2. NO,1. YES,2. NO,3,3,,2. NO,,,,,,,,,,,,,,,,,,,,,,,,
3. North West,19. Kano,1933. RIMIN GADO,2. RURAL,330,199072,1,2. NO,1. YES,1. YES,2. NO,2. NO,2. NO,2. NO,2. NO,2. NO,2. NO,3,3,3,2. NO,,,,,,,,,,,,,,,,,,,,,,,,
3. North West,19. Kano,1940. TSANYAWA,2. RURAL,648,199073,2,1. YES,1. YES,1. YES,1. YES,1. YES,1. YES,1. YES,2. NO,2. NO,1. YES,3,3,3,1. YES,0,0,0,0,0,0,0,0,0,0,0,0,0,1,1,1,0,0,0,0,5. FOOD IN THE MARKET WAS VERY EXPENSIVE,,,
3. North West,19. Kano,1940. TSANYAWA,2. RURAL,648,199074,2,2. NO,1. YES,1. YES,2. NO,1. YES,2. NO,2. NO,2. NO,2. NO,2. NO,3,3,3,2. NO,,,,,,,,,,,,,,,,,,,,,,,,
3. North West,19. Kano,1940. TSANYAWA,2. RURAL,648,199075,2,1. YES,1. YES,1. YES,1. YES,1. YES,1. YES,1. YES,2. NO,2. NO,2. NO,3,3,3,2. NO,,,,,,,,,,,,,,,,,,,,,,,,
3. North West,19. Kano,1940. TSANYAWA,2. RURAL,648,199077,3,1. YES,1. YES,1. YES,2. NO,1. YES,2. NO,2. NO,2. NO,2. NO,2. NO,3,3,3,1. YES,1,0,0,0,0,0,0,0,0,0,0,0,0,0,0,0,0,0,0,0,5. FOOD IN THE MARKET WAS VERY EXPENSIVE,7. NO FOOD IN THE MARKET,,
3. North West,19. Kano,1940. TSANYAWA,2. RURAL,648,199078,2,1. YES,1. YES,1. YES,1. YES,1. YES,1. YES,1. YES,1. YES,2. NO,1. YES,2,3,3,2. NO,,,,,,,,,,,,,,,,,,,,,,,,
3. North West,19. Kano,1940. TSANYAWA,2. RURAL,648,199079,2,1. YES,1. YES,1. YES,1. YES,1. YES,1. YES,1. YES,1. YES,1. YES,1. YES,2,2,3,1. YES,0,0,0,0,0,0,0,0,1,1,0,0,0,0,0,0,0,0,0,0,12. LACK OF MONEY,,,
3. North West,19. Kano,1940. TSANYAWA,2. RURAL,648,199080,1,2. NO,1. YES,1. YES,2. NO,2. NO,2. NO,2. NO,2. NO,2. NO,2. NO,3,3,5,2. NO,,,,,,,,,,,,,,,,,,,,,,,,
3. North West,19. Kano,1940. TSANYAWA,2. RURAL,648,199081,1,2. NO,2. NO,2. NO,2. NO,2. NO,2. NO,2. NO,2. NO,2. NO,2. NO,3,,,2. NO,,,,,,,,,,,,,,,,,,,,,,,,
3. North West,19. Kano,1940. TSANYAWA,2. RURAL,648,199082,1,1. YES,1. YES,1. YES,1. YES,1. YES,1. YES,1. YES,2. NO,1. YES,1. YES,2,2,2,1. YES,0,0,0,0,0,0,0,0,0,0,0,0,0,0,1,0,0,0,0,0,5. FOOD IN THE MARKET WAS VERY EXPENSIVE,12. LACK OF MONEY,,
3. North West,19. Kano,1940. TSANYAWA,2. RURAL,648,199083,1,1. YES,1. YES,1. YES,2. NO,2. NO,2. NO,2. NO,2. NO,2. NO,2. NO,3,3,5,2. NO,,,,,,,,,,,,,,,,,,,,,,,,
3. North West,19. Kano,1941. TUDUN WADA,2. RURAL,1112,199085,1,1. YES,1. YES,1. YES,1. YES,1. YES,1. YES,1. YES,1. YES,1. YES,1. YES,2,,3,1. YES,1,0,0,0,0,0,0,0,0,0,0,0,0,0,0,0,0,0,0,0,4. INADEQUATE HOUSEHOLD FOOD STOCKS DUE TO LACK OF FARM INPUTS,,,
3. North West,19. Kano,1941. TUDUN WADA,2. RURAL,1112,199086,5101,1. YES,1. YES,1. YES,2. NO,1. YES,2. NO,2. NO,2. NO,2. NO,1. YES,3,3,,2. NO,,,,,,,,,,,,,,,,,,,,,,,,
3. North West,19. Kano,1941. TUDUN WADA,2. RURAL,1112,199087,1,1. YES,1. YES,1. YES,2. NO,2. NO,2. NO,2. NO,2. NO,1. YES,2. NO,3,3,4,2. NO,,,,,,,,,,,,,,,,,,,,,,,,
3. North West,19. Kano,1941. TUDUN WADA,2. RURAL,1112,199088,1,1. YES,1. YES,1. YES,1. YES,1. YES,1. YES,2. NO,2. NO,1. YES,1. YES,3,3,3,2. NO,,,,,,,,,,,,,,,,,,,,,,,,
3. North West,19. Kano,1941. TUDUN WADA,2. RURAL,1112,199090,1,1. YES,1. YES,1. YES,2. NO,2. NO,1. YES,1. YES,2. NO,1. YES,2. NO,3,,3,2. NO,,,,,,,,,,,,,,,,,,,,,,,,
3. North West,19. Kano,1941. TUDUN WADA,2. RURAL,1112,199091,1,1. YES,1. YES,1. YES,1. YES,1. YES,1. YES,1. YES,1. YES,1. YES,1. YES,2,2,2,2. NO,,,,,,,,,,,,,,,,,,,,,,,,
3. North West,19. Kano,1941. TUDUN WADA,2. RURAL,1112,199092,6,1. YES,1. YES,1. YES,1. YES,1. YES,2. NO,2. NO,2. NO,2. NO,2. NO,3,4,5,2. NO,,,,,,,,,,,,,,,,,,,,,,,,
3. North West,19. Kano,1941. TUDUN WADA,2. RURAL,1112,199093,1,1. YES,1. YES,1. YES,2. NO,1. YES,1. YES,1. YES,2. NO,2. NO,1. YES,3,3,3,2. NO,,,,,,,,,,,,,,,,,,,,,,,,
3. North West,19. Kano,1941. TUDUN WADA,2. RURAL,1112,199094,1,1. YES,1. YES,1. YES,2. NO,1. YES,2. NO,2. NO,2. NO,2. NO,2. NO,3,3,,2. NO,,,,,,,,,,,,,,,,,,,,,,,,
3. North West,19. Kano,1941. TUDUN WADA,2. RURAL,1112,199095,2,1. YES,1. YES,1. YES,1. YES,1. YES,2. NO,2. NO,2. NO,2. NO,2. NO,3,3,,2. NO,,,,,,,,,,,,,,,,,,,,,,,,
3. North West,19. Kano,1909. DAWAKIN KUDU,2. RURAL,1684,199097,1,1. YES,1. YES,1. YES,1. YES,1. YES,2. NO,1. YES,2. NO,2. NO,2. NO,3,3,3,2. NO,,,,,,,,,,,,,,,,,,,,,,,,
3. North West,20. Katsina,2018. KAITA,2. RURAL,1134,200011,2,2. NO,1. YES,1. YES,2. NO,1. YES,2. NO,2. NO,2. NO,2. NO,2. NO,3,,,2. NO,,,,,,,,,,,,,,,,,,,,,,,,
3. North West,20. Katsina,2018. KAITA,2. RURAL,1134,200013,102,2. NO,1. YES,2. NO,2. NO,2. NO,2. NO,2. NO,2. NO,2. NO,2. NO,4,6,6,2. NO,,,,,,,,,,,,,,,,,,,,,,,,
3. North West,20. Katsina,2018. KAITA,2. RURAL,1134,200014,1,2. NO,1. YES,2. NO,2. NO,2. NO,2. NO,2. NO,2. NO,2. NO,2. NO,3,,,2. NO,,,,,,,,,,,,,,,,,,,,,,,,
3. North West,20. Katsina,2018. KAITA,2. RURAL,1134,200015,5102,1. YES,1. YES,1. YES,1. YES,1. YES,1. YES,1. YES,1. YES,1. YES,1. YES,3,5,,1. YES,0,0,0,0,0,0,0,0,0,0,0,0,0,1,1,0,0,0,0,0,5. FOOD IN THE MARKET WAS VERY EXPENSIVE,12. LACK OF MONEY,,
3. North West,20. Katsina,2018. KAITA,2. RURAL,1134,200016,1,2. NO,1. YES,2. NO,2. NO,2. NO,2. NO,2. NO,2. NO,2. NO,2. NO,3,4,,2. NO,,,,,,,,,,,,,,,,,,,,,,,,
3. North West,20. Katsina,2018. KAITA,2. RURAL,1134,200020,2,1. YES,1. YES,1. YES,2. NO,1. YES,2. NO,2. NO,2. NO,2. NO,2. NO,3,,,2. NO,,,,,,,,,,,,,,,,,,,,,,,,
3. North West,20. Katsina,2015. INGAWA,2. RURAL,1746,200071,1,1. YES,1. YES,1. YES,2. NO,1. YES,2. NO,2. NO,2. NO,1. YES,2. NO,3,4,4,1. YES,0,0,0,0,0,0,0,0,0,0,0,1,1,1,1,0,0,0,0,0,4. INADEQUATE HOUSEHOLD FOOD STOCKS DUE TO LACK OF FARM INPUTS,5. FOOD IN THE MARKET WAS VERY EXPENSIVE,12. LACK OF MONEY,
3. North West,20. Katsina,2015. INGAWA,2. RURAL,1746,200072,1,1. YES,1. YES,1. YES,2. NO,1. YES,2. NO,2. NO,2. NO,2. NO,2. NO,3,3,4,1. YES,0,0,0,1,0,0,0,0,0,0,0,0,0,0,1,0,0,0,0,0,4. INADEQUATE HOUSEHOLD FOOD STOCKS DUE TO LACK OF FARM INPUTS,,,
3. North West,20. Katsina,2015. INGAWA,2. RURAL,1746,200074,1,1. YES,1. YES,2. NO,1. YES,1. YES,1. YES,1. YES,1. YES,2. NO,1. YES,3,,,1. YES,0,0,0,0,0,0,0,0,1,1,1,1,1,1,1,1,0,0,0,0,1. INADEQUATE HOUSEHOLD FOOD STOCKS DUE TO DROUGHT/ POOR RAINS,3. INADEQUATE HOUSEHOLD FOOD STOCKS DUE TO SMALL LAND SIZE,4. INADEQUATE HOUSEHOLD FOOD STOCKS DUE TO LACK OF FARM INPUTS,
3. North West,20. Katsina,2015. INGAWA,2. RURAL,1746,200075,1,2. NO,2. NO,1. YES,1. YES,1. YES,1. YES,2. NO,1. YES,1. YES,2. NO,3,,,1. YES,0,0,0,0,0,0,0,0,0,0,0,1,1,1,1,1,0,0,0,0,4. INADEQUATE HOUSEHOLD FOOD STOCKS DUE TO LACK OF FARM INPUTS,5. FOOD IN THE MARKET WAS VERY EXPENSIVE,12. LACK OF MONEY,
3. North West,20. Katsina,2015. INGAWA,2. RURAL,1746,200076,1,1. YES,1. YES,1. YES,2. NO,1. YES,2. NO,2. NO,2. NO,2. NO,2. NO,3,,,1. YES,0,0,0,1,1,0,0,0,0,0,0,0,0,0,0,0,0,0,0,0,4. INADEQUATE HOUSEHOLD FOOD STOCKS DUE TO LACK OF FARM INPUTS,,,
3. North West,20. Katsina,2015. INGAWA,2. RURAL,1746,200077,1,1. YES,2. NO,1. YES,1. YES,2. NO,1. YES,1. YES,2. NO,2. NO,2. NO,3,4,,1. YES,0,0,0,0,0,0,0,0,0,0,0,0,1,1,1,1,0,0,0,0,2. INADEQUATE HOUSEHOLD FOOD STOCKS DUE TO CROP PEST DAMAGE,,,
3. North West,20. Katsina,2015. INGAWA,2. RURAL,1746,200078,3,2. NO,1. YES,1. YES,2. NO,2. NO,2. NO,2. NO,2. NO,2. NO,2. NO,3,,,2. NO,,,,,,,,,,,,,,,,,,,,,,,,
3. North West,20. Katsina,2015. INGAWA,2. RURAL,1746,200079,1,1. YES,1. YES,1. YES,1. YES,2. NO,2. NO,2. NO,2. NO,2. NO,2. NO,3,,,1. YES,0,0,0,0,0,0,0,0,0,0,0,0,1,1,1,1,0,0,0,0,2. INADEQUATE HOUSEHOLD FOOD STOCKS DUE TO CROP PEST DAMAGE,12. LACK OF MONEY,6. UNABLE TO REACH THE MARKET DUE TO HIGH TRANSPORTATION COSTS,
3. North West,20. Katsina,2025. MALUNFASHI,2. RURAL,760,200101,1,1. YES,1. YES,1. YES,2. NO,1. YES,2. NO,2. NO,2. NO,1. YES,2. NO,3,4,4,1. YES,0,0,0,1,0,0,0,0,0,0,0,0,0,0,1,1,0,0,0,0,3. INADEQUATE HOUSEHOLD FOOD STOCKS DUE TO SMALL LAND SIZE,,,
3. North West,20. Katsina,2025. MALUNFASHI,2. RURAL,760,200102,2,1. YES,1. YES,1. YES,1. YES,1. YES,1. YES,1. YES,2. NO,2. NO,2. NO,3,4,,1. YES,0,0,0,1,1,0,0,0,0,0,0,0,0,1,1,1,0,0,0,0,3. INADEQUATE HOUSEHOLD FOOD STOCKS DUE TO SMALL LAND SIZE,4. INADEQUATE HOUSEHOLD FOOD STOCKS DUE TO LACK OF FARM INPUTS,,
3. North West,20. Katsina,2025. MALUNFASHI,2. RURAL,760,200103,1,1. YES,1. YES,1. YES,2. NO,2. NO,2. NO,2. NO,2. NO,2. NO,2. NO,3,4,,2. NO,,,,,,,,,,,,,,,,,,,,,,,,
3. North West,20. Katsina,2025. MALUNFASHI,2. RURAL,760,200104,1,2. NO,2. NO,2. NO,2. NO,2. NO,2. NO,2. NO,2. NO,2. NO,2. NO,3,4,5,2. NO,,,,,,,,,,,,,,,,,,,,,,,,
3. North West,20. Katsina,2025. MALUNFASHI,2. RURAL,760,200105,1,1. YES,2. NO,2. NO,1. YES,2. NO,2. NO,1. YES,1. YES,2. NO,2. NO,3,4,,1. YES,1,0,0,0,0,0,0,0,0,0,0,0,0,0,0,0,0,0,0,0,2. INADEQUATE HOUSEHOLD FOOD STOCKS DUE TO CROP PEST DAMAGE,10. INADEQUATE FOOD STOCK FROM FARM DUE TO CONFLICT/SECURITY,5. FOOD IN THE MARKET WAS VERY EXPENSIVE,
3. North West,20. Katsina,2025. MALUNFASHI,2. RURAL,760,200106,2,1. YES,1. YES,2. NO,1. YES,1. YES,2. NO,1. YES,2. NO,2. NO,2. NO,3,4,5,2. NO,,,,,,,,,,,,,,,,,,,,,,,,
3. North West,20. Katsina,2025. MALUNFASHI,2. RURAL,760,200107,2,2. NO,2. NO,2. NO,2. NO,2. NO,2. NO,2. NO,2. NO,2. NO,2. NO,3,4,4,2. NO,,,,,,,,,,,,,,,,,,,,,,,,
3. North West,20. Katsina,2025. MALUNFASHI,2. RURAL,760,200108,5,1. YES,1. YES,1. YES,2. NO,1. YES,2. NO,2. NO,2. NO,2. NO,2. NO,3,4,,1. YES,0,0,0,1,0,0,0,0,0,0,0,0,0,1,1,1,0,0,0,0,5. FOOD IN THE MARKET WAS VERY EXPENSIVE,4. INADEQUATE HOUSEHOLD FOOD STOCKS DUE TO LACK OF FARM INPUTS,,
3. North West,20. Katsina,2025. MALUNFASHI,2. RURAL,760,200109,1,1. YES,1. YES,1. YES,2. NO,1. YES,2. NO,2. NO,2. NO,2. NO,2. NO,3,4,,1. YES,0,0,0,0,0,0,0,0,0,0,0,0,0,0,1,1,0,0,0,0,4. INADEQUATE HOUSEHOLD FOOD STOCKS DUE TO LACK OF FARM INPUTS,5. FOOD IN THE MARKET WAS VERY EXPENSIVE,,
3. North West,20. Katsina,2025. MALUNFASHI,2. RURAL,760,200110,2,2. NO,2. NO,2. NO,2. NO,2. NO,2. NO,2. NO,2. NO,2. NO,2. NO,3,3,4,2. NO,,,,,,,,,,,,,,,,,,,,,,,,
3. North West,20. Katsina,2028. MATAZU,2. RURAL,498,200161,2,2. NO,1. YES,1. YES,2. NO,2. NO,2. NO,2. NO,2. NO,2. NO,2. NO,3,,,2. NO,,,,,,,,,,,,,,,,,,,,,,,,
3. North West,20. Katsina,2028. MATAZU,2. RURAL,498,200162,1,1. YES,1. YES,2. NO,2. NO,2. NO,2. NO,2. NO,2. NO,2. NO,2. NO,3,4,6,2. NO,,,,,,,,,,,,,,,,,,,,,,,,
1. North Central,26. Niger,2606. CHANCHAGA,1. URBAN,0,200164,2,1. YES,1. YES,1. YES,1. YES,1. YES,1. YES,1. YES,2. NO,1. YES,2. NO,3,5,,1. YES,0,0,0,0,0,0,0,0,0,0,0,0,0,1,1,0,0,0,0,0,12. LACK OF MONEY,5. FOOD IN THE MARKET WAS VERY EXPENSIVE,,
3. North West,20. Katsina,2028. MATAZU,2. RURAL,498,200165,2,1. YES,1. YES,1. YES,1. YES,1. YES,1. YES,1. YES,1. YES,1. YES,1. YES,3,4,,1. YES,0,0,0,0,0,0,0,0,0,0,0,0,0,1,0,0,0,0,0,0,5. FOOD IN THE MARKET WAS VERY EXPENSIVE,12. LACK OF MONEY,,
3. North West,20. Katsina,2028. MATAZU,2. RURAL,498,200166,1,1. YES,1. YES,1. YES,1. YES,1. YES,1. YES,1. YES,2. NO,1. YES,1. YES,3,4,5,1. YES,0,0,0,0,0,0,0,0,0,0,0,0,0,0,0,1,0,0,0,0,12. LACK OF MONEY,,,
3. North West,20. Katsina,2028. MATAZU,2. RURAL,498,200167,5,2. NO,1. YES,2. NO,2. NO,1. YES,2. NO,2. NO,2. NO,2. NO,2. NO,3,4,,2. NO,,,,,,,,,,,,,,,,,,,,,,,,
3. North West,20. Katsina,2028. MATAZU,2. RURAL,498,200168,1,2. NO,2. NO,2. NO,2. NO,2. NO,2. NO,2. NO,2. NO,2. NO,2. NO,3,4,5,2. NO,,,,,,,,,,,,,,,,,,,,,,,,
3. North West,20. Katsina,2021. KATSINA,1. URBAN,0,200169,1,2. NO,2. NO,2. NO,2. NO,2. NO,2. NO,2. NO,2. NO,2. NO,2. NO,3,5,,2. NO,,,,,,,,,,,,,,,,,,,,,,,,
3. North West,20. Katsina,2028. MATAZU,2. RURAL,498,200170,2,1. YES,1. YES,2. NO,2. NO,2. NO,2. NO,2. NO,2. NO,2. NO,2. NO,3,4,5,2. NO,,,,,,,,,,,,,,,,,,,,,,,,
3. North West,20. Katsina,2012. DUTSI MA,1. URBAN,844,200181,1,2. NO,2. NO,2. NO,2. NO,2. NO,2. NO,2. NO,2. NO,2. NO,2. NO,3,4,,2. NO,,,,,,,,,,,,,,,,,,,,,,,,
3. North West,20. Katsina,2012. DUTSI MA,1. URBAN,844,200182,1,1. YES,1. YES,1. YES,2. NO,1. YES,1. YES,1. YES,2. NO,1. YES,2. NO,3,3,4,1. YES,0,0,0,1,0,0,0,0,0,0,1,1,1,1,1,0,0,0,0,0,5. FOOD IN THE MARKET WAS VERY EXPENSIVE,12. LACK OF MONEY,13. LACK OF ACCESS TO MONEY AT THE BANK DUE TO NAIRA REDESIGN,
3. North West,20. Katsina,2012. DUTSI MA,1. URBAN,844,200183,1,2. NO,1. YES,2. NO,2. NO,2. NO,2. NO,2. NO,2. NO,2. NO,2. NO,3,4,5,2. NO,,,,,,,,,,,,,,,,,,,,,,,,
3. North West,20. Katsina,2012. DUTSI MA,1. URBAN,844,200184,2,1. YES,1. YES,1. YES,2. NO,1. YES,2. NO,2. NO,2. NO,2. NO,2. NO,3,3,,1. YES,0,0,0,0,0,0,0,0,0,0,0,1,1,1,1,0,0,0,0,0,5. FOOD IN THE MARKET WAS VERY EXPENSIVE,13. LACK OF ACCESS TO MONEY AT THE BANK DUE TO NAIRA REDESIGN,,
3. North West,20. Katsina,2012. DUTSI MA,1. URBAN,844,200185,1,1. YES,1. YES,2. NO,2. NO,1. YES,2. NO,2. NO,2. NO,2. NO,2. NO,3,3,,2. NO,,,,,,,,,,,,,,,,,,,,,,,,
3. North West,20. Katsina,2012. DUTSI MA,1. URBAN,844,200186,1,2. NO,2. NO,2. NO,2. NO,2. NO,2. NO,2. NO,2. NO,2. NO,2. NO,3,4,5,1. YES,0,0,0,0,0,0,0,0,0,0,0,0,1,1,1,0,0,0,0,0,1. INADEQUATE HOUSEHOLD FOOD STOCKS DUE TO DROUGHT/ POOR RAINS,10. INADEQUATE FOOD STOCK FROM FARM DUE TO CONFLICT/SECURITY,12. LACK OF MONEY,
3. North West,20. Katsina,2012. DUTSI MA,1. URBAN,844,200187,201,2. NO,2. NO,2. NO,2. NO,2. NO,2. NO,2. NO,2. NO,2. NO,2. NO,3,5,,2. NO,,,,,,,,,,,,,,,,,,,,,,,,
3. North West,20. Katsina,2012. DUTSI MA,1. URBAN,844,200188,2,2. NO,2. NO,2. NO,2. NO,2. NO,2. NO,2. NO,2. NO,2. NO,2. NO,3,,,2. NO,,,,,,,,,,,,,,,,,,,,,,,,
3. North West,20. Katsina,2012. DUTSI MA,1. URBAN,844,200189,1,2. NO,2. NO,2. NO,2. NO,2. NO,2. NO,2. NO,2. NO,2. NO,2. NO,3,4,4,2. NO,,,,,,,,,,,,,,,,,,,,,,,,
3. North West,20. Katsina,2012. DUTSI MA,1. URBAN,844,200190,7,2. NO,2. NO,2. NO,2. NO,2. NO,2. NO,2. NO,2. NO,2. NO,2. NO,3,4,5,2. NO,,,,,,,,,,,,,,,,,,,,,,,,
3. North West,20. Katsina,2009. DANJA,2. RURAL,144,209014,1,1. YES,1. YES,1. YES,1. YES,1. YES,1. YES,1. YES,2. NO,2. NO,2. NO,3,4,4,1. YES,0,0,0,1,0,0,0,0,0,0,0,0,0,1,1,1,0,0,0,0,1. INADEQUATE HOUSEHOLD FOOD STOCKS DUE TO DROUGHT/ POOR RAINS,5. FOOD IN THE MARKET WAS VERY EXPENSIVE,,
3. North West,20. Katsina,2009. DANJA,2. RURAL,144,209015,1,1. YES,1. YES,1. YES,1. YES,1. YES,1. YES,1. YES,1. YES,2. NO,2. NO,3,4,,2. NO,,,,,,,,,,,,,,,,,,,,,,,,
3. North West,20. Katsina,2009. DANJA,2. RURAL,144,209016,1,1. YES,1. YES,1. YES,2. NO,1. YES,2. NO,2. NO,2. NO,2. NO,2. NO,3,3,4,1. YES,0,0,0,1,0,0,0,0,0,0,0,0,1,1,1,1,0,0,0,0,5. FOOD IN THE MARKET WAS VERY EXPENSIVE,4. INADEQUATE HOUSEHOLD FOOD STOCKS DUE TO LACK OF FARM INPUTS,,
3. North West,20. Katsina,2009. DANJA,2. RURAL,144,209017,1,1. YES,1. YES,2. NO,2. NO,1. YES,2. NO,2. NO,1. YES,1. YES,2. NO,3,4,,1. YES,0,0,0,0,0,0,0,0,0,0,0,0,1,1,1,1,0,0,0,0,1. INADEQUATE HOUSEHOLD FOOD STOCKS DUE TO DROUGHT/ POOR RAINS,3. INADEQUATE HOUSEHOLD FOOD STOCKS DUE TO SMALL LAND SIZE,10. INADEQUATE FOOD STOCK FROM FARM DUE TO CONFLICT/SECURITY,
3. North West,20. Katsina,2009. DANJA,2. RURAL,144,209018,1,1. YES,1. YES,1. YES,1. YES,1. YES,1. YES,1. YES,1. YES,1. YES,1. YES,3,4,5,1. YES,1,0,0,0,0,0,0,0,0,0,0,0,0,0,0,0,0,0,0,0,1. INADEQUATE HOUSEHOLD FOOD STOCKS DUE TO DROUGHT/ POOR RAINS,,,
3. North West,20. Katsina,2009. DANJA,2. RURAL,144,209019,1,1. YES,1. YES,1. YES,2. NO,1. YES,2. NO,2. NO,2. NO,1. YES,2. NO,3,4,4,1. YES,0,0,0,1,0,0,0,0,0,0,0,0,0,1,1,1,0,0,0,0,4. INADEQUATE HOUSEHOLD FOOD STOCKS DUE TO LACK OF FARM INPUTS,5. FOOD IN THE MARKET WAS VERY EXPENSIVE,,
3. North West,20. Katsina,2009. DANJA,2. RURAL,144,209020,1,1. YES,2. NO,1. YES,1. YES,1. YES,2. NO,2. NO,2. NO,2. NO,1. YES,3,4,5,1. YES,0,0,0,0,0,0,0,0,0,0,0,0,1,1,1,0,0,0,0,0,2. INADEQUATE HOUSEHOLD FOOD STOCKS DUE TO CROP PEST DAMAGE,4. INADEQUATE HOUSEHOLD FOOD STOCKS DUE TO LACK OF FARM INPUTS,10. INADEQUATE FOOD STOCK FROM FARM DUE TO CONFLICT/SECURITY,
3. North West,20. Katsina,2009. DANJA,2. RURAL,144,209021,1,1. YES,1. YES,2. NO,2. NO,2. NO,2. NO,2. NO,2. NO,2. NO,2. NO,3,,4,2. NO,,,,,,,,,,,,,,,,,,,,,,,,
3. North West,20. Katsina,2009. DANJA,2. RURAL,144,209022,1,2. NO,1. YES,2. NO,2. NO,1. YES,1. YES,2. NO,2. NO,2. NO,2. NO,3,4,5,2. NO,,,,,,,,,,,,,,,,,,,,,,,,
3. North West,20. Katsina,2009. DANJA,2. RURAL,144,209023,1,2. NO,1. YES,2. NO,2. NO,2. NO,2. NO,2. NO,2. NO,2. NO,2. NO,3,4,4,2. NO,,,,,,,,,,,,,,,,,,,,,,,,
3. North West,20. Katsina,2010. DAURA,2. RURAL,946,209025,1,1. YES,1. YES,1. YES,2. NO,1. YES,2. NO,1. YES,2. NO,2. NO,2. NO,2,3,5,1. YES,0,0,0,0,0,0,0,0,1,0,0,0,0,0,0,0,0,0,0,0,12. LACK OF MONEY,5. FOOD IN THE MARKET WAS VERY EXPENSIVE,,
3. North West,20. Katsina,2010. DAURA,2. RURAL,946,209026,1,1. YES,1. YES,1. YES,1. YES,1. YES,2. NO,1. YES,2. NO,1. YES,2. NO,3,5,6,2. NO,,,,,,,,,,,,,,,,,,,,,,,,
3. North West,20. Katsina,2010. DAURA,2. RURAL,946,209027,1,1. YES,1. YES,1. YES,1. YES,1. YES,1. YES,2. NO,2. NO,2. NO,2. NO,3,4,5,1. YES,0,0,0,0,0,0,0,1,0,0,0,0,0,0,0,0,0,0,0,0,12. LACK OF MONEY,,,
3. North West,20. Katsina,2010. DAURA,2. RURAL,946,209028,2,2. NO,2. NO,2. NO,2. NO,2. NO,2. NO,2. NO,2. NO,2. NO,2. NO,3,5,5,2. NO,,,,,,,,,,,,,,,,,,,,,,,,
3. North West,20. Katsina,2010. DAURA,2. RURAL,946,209029,1,1. YES,1. YES,1. YES,2. NO,1. YES,1. YES,2. NO,1. YES,1. YES,2. NO,3,4,,2. NO,,,,,,,,,,,,,,,,,,,,,,,,
3. North West,20. Katsina,2010. DAURA,2. RURAL,946,209030,1,1. YES,1. YES,1. YES,2. NO,1. YES,1. YES,2. NO,2. NO,2. NO,1. YES,3,,,2. NO,,,,,,,,,,,,,,,,,,,,,,,,
3. North West,20. Katsina,2010. DAURA,2. RURAL,946,209031,2,2. NO,2. NO,2. NO,2. NO,2. NO,2. NO,2. NO,2. NO,2. NO,2. NO,3,3,5,2. NO,,,,,,,,,,,,,,,,,,,,,,,,
3. North West,20. Katsina,2010. DAURA,2. RURAL,946,209033,1,2. NO,2. NO,2. NO,2. NO,2. NO,2. NO,2. NO,2. NO,2. NO,2. NO,3,3,,2. NO,,,,,,,,,,,,,,,,,,,,,,,,
3. North West,20. Katsina,2010. DAURA,2. RURAL,946,209035,1,2. NO,1. YES,1. YES,1. YES,1. YES,2. NO,2. NO,2. NO,2. NO,2. NO,3,5,6,2. NO,,,,,,,,,,,,,,,,,,,,,,,,
3. North West,20. Katsina,2010. DAURA,2. RURAL,946,209036,1,2. NO,2. NO,2. NO,2. NO,2. NO,2. NO,2. NO,2. NO,2. NO,2. NO,4,,5,2. NO,,,,,,,,,,,,,,,,,,,,,,,,
3. North West,18. Kaduna,1809. KADUNA NORTH,1. URBAN,0,209037,1,1. YES,1. YES,1. YES,2. NO,2. NO,2. NO,2. NO,2. NO,2. NO,1. YES,3,,,1. YES,0,0,0,0,0,0,0,0,1,1,0,0,0,0,0,0,0,0,0,0,5. FOOD IN THE MARKET WAS VERY EXPENSIVE,12. LACK OF MONEY,,
3. North West,20. Katsina,2016. JIBIA,1. URBAN,408,209038,1,2. NO,2. NO,2. NO,2. NO,2. NO,2. NO,2. NO,2. NO,2. NO,2. NO,4,5,6,2. NO,,,,,,,,,,,,,,,,,,,,,,,,
3. North West,20. Katsina,2016. JIBIA,1. URBAN,408,209041,1,2. NO,1. YES,2. NO,2. NO,2. NO,2. NO,2. NO,2. NO,2. NO,2. NO,3,,,2. NO,,,,,,,,,,,,,,,,,,,,,,,,
3. North West,20. Katsina,2016. JIBIA,1. URBAN,408,209042,102,2. NO,2. NO,2. NO,2. NO,2. NO,2. NO,2. NO,2. NO,2. NO,2. NO,4,,,2. NO,,,,,,,,,,,,,,,,,,,,,,,,
3. North West,20. Katsina,2016. JIBIA,1. URBAN,408,209043,1,2. NO,1. YES,2. NO,2. NO,2. NO,2. NO,2. NO,2. NO,2. NO,2. NO,3,,,2. NO,,,,,,,,,,,,,,,,,,,,,,,,
3. North West,20. Katsina,2016. JIBIA,1. URBAN,408,209044,3,1. YES,1. YES,1. YES,1. YES,1. YES,1. YES,2. NO,2. NO,2. NO,2. NO,3,3,,1. YES,0,0,0,0,0,0,0,0,0,0,0,0,0,1,1,1,0,0,0,0,5. FOOD IN THE MARKET WAS VERY EXPENSIVE,12. LACK OF MONEY,,
3. North West,20. Katsina,2016. JIBIA,1. URBAN,408,209045,1,2. NO,2. NO,2. NO,2. NO,2. NO,2. NO,2. NO,2. NO,2. NO,2. NO,3,5,5,2. NO,,,,,,,,,,,,,,,,,,,,,,,,
3. North West,20. Katsina,2016. JIBIA,1. URBAN,408,209046,1,1. YES,1. YES,1. YES,1. YES,1. YES,1. YES,1. YES,1. YES,1. YES,1. YES,3,4,,1. YES,0,0,0,0,0,0,0,0,0,1,1,1,1,1,1,1,0,0,0,0,5. FOOD IN THE MARKET WAS VERY EXPENSIVE,12. LACK OF MONEY,,
3. North West,20. Katsina,2016. JIBIA,1. URBAN,408,209047,1,1. YES,1. YES,2. NO,2. NO,2. NO,2. NO,2. NO,2. NO,2. NO,2. NO,3,4,5,2. NO,,,,,,,,,,,,,,,,,,,,,,,,
3. North West,20. Katsina,2016. JIBIA,1. URBAN,408,209048,1,1. YES,1. YES,1. YES,1. YES,1. YES,1. YES,2. NO,2. NO,1. YES,1. YES,3,4,5,1. YES,0,0,0,0,0,0,0,0,0,0,0,0,0,0,1,1,0,0,0,0,5. FOOD IN THE MARKET WAS VERY EXPENSIVE,12. LACK OF MONEY,,
3. North West,20. Katsina,2021. KATSINA,1. URBAN,2086,209062,1,2. NO,1. YES,2. NO,2. NO,2. NO,2. NO,2. NO,2. NO,2. NO,2. NO,3,,4,1. YES,0,0,0,0,0,0,0,0,1,0,0,0,0,0,0,0,0,0,0,0,5. FOOD IN THE MARKET WAS VERY EXPENSIVE,12. LACK OF MONEY,,
3. North West,20. Katsina,2021. KATSINA,1. URBAN,2086,209063,1,1. YES,1. YES,1. YES,2. NO,2. NO,2. NO,2. NO,2. NO,2. NO,2. NO,3,4,5,2. NO,,,,,,,,,,,,,,,,,,,,,,,,
3. North West,20. Katsina,2021. KATSINA,1. URBAN,2086,209064,2,1. YES,1. YES,1. YES,1. YES,1. YES,1. YES,1. YES,2. NO,2. NO,1. YES,3,5,,1. YES,0,0,0,0,0,0,0,0,0,0,0,0,0,1,1,1,0,0,0,0,12. LACK OF MONEY,5. FOOD IN THE MARKET WAS VERY EXPENSIVE,,
3. North West,20. Katsina,2021. KATSINA,1. URBAN,2086,209066,2,1. YES,1. YES,1. YES,1. YES,1. YES,2. NO,1. YES,2. NO,2. NO,2. NO,3,,,1. YES,0,0,0,0,0,0,0,0,0,0,0,0,0,0,1,1,0,0,0,0,5. FOOD IN THE MARKET WAS VERY EXPENSIVE,12. LACK OF MONEY,,
3. North West,20. Katsina,2021. KATSINA,1. URBAN,2086,209067,1,1. YES,1. YES,1. YES,1. YES,1. YES,1. YES,2. NO,2. NO,1. YES,2. NO,3,4,5,1. YES,0,0,0,0,0,0,0,0,0,0,0,0,1,1,1,1,0,0,0,0,5. FOOD IN THE MARKET WAS VERY EXPENSIVE,,,
3. North West,20. Katsina,2021. KATSINA,1. URBAN,2086,209068,1,1. YES,1. YES,1. YES,1. YES,1. YES,1. YES,1. YES,1. YES,1. YES,1. YES,3,3,6,1. YES,0,0,0,0,0,0,0,0,0,0,0,0,1,0,0,0,0,0,0,0,1. INADEQUATE HOUSEHOLD FOOD STOCKS DUE TO DROUGHT/ POOR RAINS,5. FOOD IN THE MARKET WAS VERY EXPENSIVE,12. LACK OF MONEY,
3. North West,20. Katsina,2021. KATSINA,1. URBAN,2086,209069,1,1. YES,1. YES,1. YES,1. YES,1. YES,1. YES,1. YES,1. YES,1. YES,2. NO,3,3,5,1. YES,0,0,0,0,0,0,0,0,0,0,0,0,0,1,1,0,0,0,0,0,5. FOOD IN THE MARKET WAS VERY EXPENSIVE,12. LACK OF MONEY,,
3. North West,20. Katsina,2021. KATSINA,1. URBAN,2086,209070,1,1. YES,1. YES,2. NO,1. YES,1. YES,1. YES,2. NO,2. NO,1. YES,2. NO,3,4,5,1. YES,0,0,0,0,0,0,0,0,0,0,0,1,1,1,0,0,0,0,0,0,12. LACK OF MONEY,5. FOOD IN THE MARKET WAS VERY EXPENSIVE,,
3. North West,20. Katsina,2021. KATSINA,1. URBAN,2086,209071,1,1. YES,1. YES,1. YES,1. YES,1. YES,1. YES,1. YES,1. YES,1. YES,1. YES,2,3,4,1. YES,0,0,0,0,0,0,0,0,0,0,0,0,0,0,1,0,0,0,0,0,12. LACK OF MONEY,,,
3. North West,20. Katsina,2021. KATSINA,1. URBAN,2086,209072,2,1. YES,1. YES,1. YES,1. YES,1. YES,2. NO,2. NO,2. NO,2. NO,2. NO,3,,,2. NO,,,,,,,,,,,,,,,,,,,,,,,,
3. North West,20. Katsina,2021. KATSINA,1. URBAN,2556,209073,1,1. YES,2. NO,2. NO,2. NO,2. NO,1. YES,2. NO,1. YES,2. NO,2. NO,3,,,1. YES,0,0,0,0,0,0,0,0,0,0,0,0,1,0,0,0,0,0,0,0,5. FOOD IN THE MARKET WAS VERY EXPENSIVE,6. UNABLE TO REACH THE MARKET DUE TO HIGH TRANSPORTATION COSTS,,
3. North West,20. Katsina,2021. KATSINA,1. URBAN,2556,209075,1,2. NO,1. YES,2. NO,2. NO,2. NO,2. NO,2. NO,2. NO,2. NO,2. NO,3,,,2. NO,,,,,,,,,,,,,,,,,,,,,,,,
3. North West,20. Katsina,2021. KATSINA,1. URBAN,2556,209077,1,1. YES,1. YES,1. YES,1. YES,1. YES,1. YES,1. YES,2. NO,1. YES,1. YES,3,4,5,1. YES,0,0,0,0,0,0,0,0,0,0,1,1,1,1,1,0,0,0,0,0,3. INADEQUATE HOUSEHOLD FOOD STOCKS DUE TO SMALL LAND SIZE,,,
3. North West,20. Katsina,2021. KATSINA,1. URBAN,2556,209078,1,1. YES,1. YES,1. YES,1. YES,1. YES,1. YES,2. NO,2. NO,2. NO,2. NO,3,4,,1. YES,0,0,0,0,0,0,0,0,0,0,0,0,1,0,0,0,0,0,0,0,5. FOOD IN THE MARKET WAS VERY EXPENSIVE,12. LACK OF MONEY,,
3. North West,20. Katsina,2021. KATSINA,1. URBAN,2556,209079,1,2. NO,1. YES,2. NO,2. NO,1. YES,2. NO,2. NO,2. NO,2. NO,1. YES,3,5,8,2. NO,,,,,,,,,,,,,,,,,,,,,,,,
3. North West,20. Katsina,2021. KATSINA,1. URBAN,2556,209080,5,1. YES,1. YES,1. YES,1. YES,2. NO,2. NO,2. NO,2. NO,2. NO,2. NO,3,,,2. NO,,,,,,,,,,,,,,,,,,,,,,,,
3. North West,20. Katsina,2021. KATSINA,1. URBAN,2556,209081,1,1. YES,2. NO,1. YES,1. YES,1. YES,1. YES,1. YES,2. NO,1. YES,2. NO,4,5,,1. YES,0,0,0,0,0,0,0,1,1,1,0,0,0,0,0,0,0,0,0,0,5. FOOD IN THE MARKET WAS VERY EXPENSIVE,12. LACK OF MONEY,,
3. North West,20. Katsina,2021. KATSINA,1. URBAN,2556,209082,1,1. YES,1. YES,1. YES,1. YES,1. YES,1. YES,2. NO,2. NO,2. NO,1. YES,3,,3,2. NO,,,,,,,,,,,,,,,,,,,,,,,,
3. North West,20. Katsina,2021. KATSINA,1. URBAN,2556,209083,1,1. YES,1. YES,1. YES,2. NO,1. YES,2. NO,2. NO,2. NO,2. NO,1. YES,3,3,,2. NO,,,,,,,,,,,,,,,,,,,,,,,,
3. North West,20. Katsina,2021. KATSINA,1. URBAN,2556,209084,1,1. YES,2. NO,1. YES,1. YES,1. YES,1. YES,1. YES,2. NO,2. NO,2. NO,3,3,5,1. YES,0,0,0,0,0,0,0,0,0,0,0,1,0,0,0,0,0,0,0,0,5. FOOD IN THE MARKET WAS VERY EXPENSIVE,12. LACK OF MONEY,,
3. North West,20. Katsina,2025. MALUNFASHI,2. RURAL,2222,209085,1,1. YES,1. YES,1. YES,1. YES,1. YES,1. YES,1. YES,2. NO,1. YES,2. NO,3,,4,1. YES,0,0,0,1,0,0,0,0,0,0,0,0,1,1,1,1,0,0,0,0,1. INADEQUATE HOUSEHOLD FOOD STOCKS DUE TO DROUGHT/ POOR RAINS,3. INADEQUATE HOUSEHOLD FOOD STOCKS DUE TO SMALL LAND SIZE,,
3. North West,20. Katsina,2025. MALUNFASHI,2. RURAL,2222,209086,1,1. YES,1. YES,1. YES,1. YES,1. YES,1. YES,1. YES,2. NO,1. YES,2. NO,3,4,,1. YES,0,0,0,1,0,0,0,0,0,0,0,0,0,1,1,1,0,0,0,0,3. INADEQUATE HOUSEHOLD FOOD STOCKS DUE TO SMALL LAND SIZE,,,
3. North West,20. Katsina,2025. MALUNFASHI,2. RURAL,2222,209087,1,1. YES,1. YES,1. YES,1. YES,1. YES,1. YES,1. YES,2. NO,1. YES,2. NO,3,4,,1. YES,0,0,0,1,0,0,0,0,0,0,0,0,1,1,1,1,0,0,0,0,4. INADEQUATE HOUSEHOLD FOOD STOCKS DUE TO LACK OF FARM INPUTS,,,
3. North West,20. Katsina,2025. MALUNFASHI,2. RURAL,2222,209088,1,1. YES,1. YES,1. YES,1. YES,1. YES,1. YES,1. YES,2. NO,1. YES,2. NO,3,4,,1. YES,0,0,0,0,0,0,0,0,0,0,0,0,1,1,1,1,0,0,0,0,4. INADEQUATE HOUSEHOLD FOOD STOCKS DUE TO LACK OF FARM INPUTS,,,
3. North West,20. Katsina,2025. MALUNFASHI,2. RURAL,2222,209089,1,1. YES,1. YES,1. YES,2. NO,1. YES,2. NO,2. NO,2. NO,1. YES,1. YES,3,4,4,1. YES,0,0,0,1,1,0,0,0,0,0,0,0,1,1,1,1,0,0,0,0,4. INADEQUATE HOUSEHOLD FOOD STOCKS DUE TO LACK OF FARM INPUTS,5. FOOD IN THE MARKET WAS VERY EXPENSIVE,,
3. North West,20. Katsina,2025. MALUNFASHI,2. RURAL,2222,209090,1,1. YES,1. YES,1. YES,1. YES,2. NO,1. YES,1. YES,2. NO,2. NO,1. YES,2,,,2. NO,,,,,,,,,,,,,,,,,,,,,,,,
3. North West,20. Katsina,2025. MALUNFASHI,2. RURAL,2222,209091,1,1. YES,1. YES,1. YES,1. YES,1. YES,2. NO,2. NO,2. NO,1. YES,1. YES,2,4,5,2. NO,,,,,,,,,,,,,,,,,,,,,,,,
3. North West,20. Katsina,2025. MALUNFASHI,2. RURAL,2222,209094,1,1. YES,1. YES,2. NO,1. YES,2. NO,1. YES,2. NO,2. NO,1. YES,1. YES,3,3,4,1. YES,0,0,0,0,0,0,0,0,0,0,0,0,1,1,1,1,0,0,0,0,2. INADEQUATE HOUSEHOLD FOOD STOCKS DUE TO CROP PEST DAMAGE,4. INADEQUATE HOUSEHOLD FOOD STOCKS DUE TO LACK OF FARM INPUTS,3. INADEQUATE HOUSEHOLD FOOD STOCKS DUE TO SMALL LAND SIZE,
3. North West,20. Katsina,2025. MALUNFASHI,2. RURAL,2222,209095,1,1. YES,1. YES,1. YES,1. YES,1. YES,2. NO,2. NO,2. NO,1. YES,1. YES,2,4,5,2. NO,,,,,,,,,,,,,,,,,,,,,,,,
3. North West,20. Katsina,2025. MALUNFASHI,2. RURAL,2222,209096,1,1. YES,2. NO,1. YES,1. YES,2. NO,2. NO,2. NO,1. YES,1. YES,2. NO,3,3,,2. NO,,,,,,,,,,,,,,,,,,,,,,,,
3. North West,20. Katsina,2026. MANI,2. RURAL,1216,209098,1,1. YES,1. YES,2. NO,1. YES,1. YES,2. NO,1. YES,2. NO,2. NO,1. YES,3,4,5,2. NO,,,,,,,,,,,,,,,,,,,,,,,,
3. North West,20. Katsina,2026. MANI,2. RURAL,1216,209099,5101,1. YES,1. YES,1. YES,1. YES,1. YES,1. YES,1. YES,1. YES,1. YES,1. YES,2,4,5,1. YES,0,0,0,0,0,0,0,0,0,0,0,0,0,0,1,1,0,0,0,0,5. FOOD IN THE MARKET WAS VERY EXPENSIVE,12. LACK OF MONEY,,
3. North West,20. Katsina,2026. MANI,2. RURAL,1216,209100,1,2. NO,1. YES,2. NO,2. NO,2. NO,2. NO,2. NO,2. NO,2. NO,2. NO,3,4,5,2. NO,,,,,,,,,,,,,,,,,,,,,,,,
3. North West,20. Katsina,2026. MANI,2. RURAL,1216,209101,3,1. YES,1. YES,1. YES,1. YES,1. YES,1. YES,1. YES,1. YES,1. YES,1. YES,3,3,4,1. YES,0,0,0,0,0,0,0,0,0,0,0,0,1,1,0,0,0,0,0,0,1. INADEQUATE HOUSEHOLD FOOD STOCKS DUE TO DROUGHT/ POOR RAINS,2. INADEQUATE HOUSEHOLD FOOD STOCKS DUE TO CROP PEST DAMAGE,4. INADEQUATE HOUSEHOLD FOOD STOCKS DUE TO LACK OF FARM INPUTS,
3. North West,20. Katsina,2026. MANI,2. RURAL,1216,209102,1,2. NO,1. YES,2. NO,2. NO,2. NO,2. NO,2. NO,2. NO,2. NO,2. NO,3,,,2. NO,,,,,,,,,,,,,,,,,,,,,,,,
3. North West,20. Katsina,2026. MANI,2. RURAL,1216,209103,2,1. YES,1. YES,1. YES,1. YES,1. YES,1. YES,2. NO,2. NO,2. NO,1. YES,2,,4,2. NO,,,,,,,,,,,,,,,,,,,,,,,,
3. North West,20. Katsina,2026. MANI,2. RURAL,1216,209105,1,2. NO,2. NO,2. NO,2. NO,2. NO,2. NO,2. NO,2. NO,2. NO,2. NO,3,4,,2. NO,,,,,,,,,,,,,,,,,,,,,,,,
3. North West,20. Katsina,2026. MANI,2. RURAL,1216,209106,5101,1. YES,1. YES,1. YES,1. YES,1. YES,1. YES,2. NO,2. NO,1. YES,1. YES,3,,5,2. NO,,,,,,,,,,,,,,,,,,,,,,,,
3. North West,20. Katsina,2026. MANI,2. RURAL,1216,209107,1,2. NO,2. NO,2. NO,2. NO,2. NO,2. NO,2. NO,2. NO,2. NO,2. NO,4,5,6,2. NO,,,,,,,,,,,,,,,,,,,,,,,,
3. North West,20. Katsina,2026. MANI,2. RURAL,1216,209108,1,2. NO,1. YES,2. NO,2. NO,1. YES,2. NO,2. NO,2. NO,2. NO,2. NO,3,4,5,2. NO,,,,,,,,,,,,,,,,,,,,,,,,
3. North West,20. Katsina,2034. ZANGO,2. RURAL,908,209121,1,2. NO,1. YES,2. NO,2. NO,1. YES,2. NO,2. NO,2. NO,2. NO,2. NO,3,,4,2. NO,,,,,,,,,,,,,,,,,,,,,,,,
3. North West,20. Katsina,2034. ZANGO,2. RURAL,908,209122,1,2. NO,2. NO,2. NO,2. NO,1. YES,2. NO,2. NO,2. NO,2. NO,2. NO,4,,6,2. NO,,,,,,,,,,,,,,,,,,,,,,,,
3. North West,20. Katsina,2034. ZANGO,2. RURAL,908,209123,1,1. YES,1. YES,2. NO,2. NO,2. NO,2. NO,2. NO,2. NO,2. NO,2. NO,3,3,5,2. NO,,,,,,,,,,,,,,,,,,,,,,,,
3. North West,20. Katsina,2034. ZANGO,2. RURAL,908,209124,2,1. YES,1. YES,1. YES,1. YES,1. YES,2. NO,2. NO,2. NO,1. YES,2. NO,3,3,5,1. YES,0,0,0,0,0,0,0,0,0,0,0,0,0,0,1,1,0,0,0,0,12. LACK OF MONEY,5. FOOD IN THE MARKET WAS VERY EXPENSIVE,,
3. North West,20. Katsina,2034. ZANGO,2. RURAL,908,209125,1,2. NO,1. YES,1. YES,2. NO,1. YES,2. NO,2. NO,2. NO,2. NO,2. NO,3,5,7,2. NO,,,,,,,,,,,,,,,,,,,,,,,,
3. North West,20. Katsina,2034. ZANGO,2. RURAL,908,209126,1,2. NO,2. NO,2. NO,2. NO,2. NO,2. NO,2. NO,2. NO,2. NO,2. NO,3,5,8,2. NO,,,,,,,,,,,,,,,,,,,,,,,,
3. North West,20. Katsina,2034. ZANGO,2. RURAL,908,209127,1,1. YES,1. YES,1. YES,1. YES,1. YES,2. NO,2. NO,2. NO,1. YES,2. NO,3,5,5,2. NO,,,,,,,,,,,,,,,,,,,,,,,,
3. North West,20. Katsina,2034. ZANGO,2. RURAL,908,209128,1,2. NO,1. YES,2. NO,2. NO,2. NO,2. NO,2. NO,2. NO,2. NO,2. NO,3,4,6,2. NO,,,,,,,,,,,,,,,,,,,,,,,,
3. North West,20. Katsina,2034. ZANGO,2. RURAL,908,209130,3,2. NO,1. YES,2. NO,2. NO,2. NO,2. NO,2. NO,2. NO,2. NO,2. NO,3,4,,2. NO,,,,,,,,,,,,,,,,,,,,,,,,
3. North West,20. Katsina,2034. ZANGO,2. RURAL,908,209131,1,2. NO,2. NO,2. NO,2. NO,2. NO,2. NO,2. NO,2. NO,1. YES,2. NO,3,4,5,2. NO,,,,,,,,,,,,,,,,,,,,,,,,
3. North West,21. Kebbi,2106. BIRININ KEBBI,2. RURAL,2822,210001,2,1. YES,1. YES,1. YES,2. NO,2. NO,1. YES,2. NO,2. NO,1. YES,1. YES,2,3,,1. YES,0,0,0,0,0,0,0,0,0,0,1,0,1,0,1,0,0,0,0,0,5. FOOD IN THE MARKET WAS VERY EXPENSIVE,3. INADEQUATE HOUSEHOLD FOOD STOCKS DUE TO SMALL LAND SIZE,12. LACK OF MONEY,
3. North West,21. Kebbi,2106. BIRININ KEBBI,2. RURAL,2822,210002,2,2. NO,2. NO,2. NO,2. NO,2. NO,2. NO,2. NO,2. NO,2. NO,2. NO,3,3,3,2. NO,,,,,,,,,,,,,,,,,,,,,,,,
3. North West,21. Kebbi,2106. BIRININ KEBBI,2. RURAL,2822,210003,3,2. NO,2. NO,2. NO,2. NO,2. NO,2. NO,2. NO,2. NO,2. NO,2. NO,3,3,,2. NO,,,,,,,,,,,,,,,,,,,,,,,,
3. North West,21. Kebbi,2106. BIRININ KEBBI,2. RURAL,2822,210004,2,2. NO,2. NO,2. NO,2. NO,2. NO,2. NO,2. NO,2. NO,2. NO,2. NO,3,3,3,2. NO,,,,,,,,,,,,,,,,,,,,,,,,
3. North West,36. Zamfara,3607. GUSAU,2. RURAL,0,210005,1,2. NO,2. NO,2. NO,2. NO,2. NO,2. NO,2. NO,2. NO,2. NO,2. NO,3,4,5,2. NO,,,,,,,,,,,,,,,,,,,,,,,,
3. North West,21. Kebbi,2106. BIRININ KEBBI,2. RURAL,2822,210006,11,2. NO,2. NO,2. NO,2. NO,2. NO,2. NO,2. NO,2. NO,2. NO,2. NO,3,5,5,2. NO,,,,,,,,,,,,,,,,,,,,,,,,
3. North West,21. Kebbi,2106. BIRININ KEBBI,2. RURAL,2822,210007,3,2. NO,2. NO,2. NO,2. NO,2. NO,2. NO,2. NO,2. NO,2. NO,2. NO,3,,,2. NO,,,,,,,,,,,,,,,,,,,,,,,,
3. North West,21. Kebbi,2106. BIRININ KEBBI,2. RURAL,2822,210008,10,1. YES,2. NO,2. NO,2. NO,1. YES,1. YES,2. NO,2. NO,2. NO,2. NO,3,5,,2. NO,,,,,,,,,,,,,,,,,,,,,,,,
3. North West,21. Kebbi,2106. BIRININ KEBBI,2. RURAL,2822,210009,2,1. YES,1. YES,1. YES,1. YES,1. YES,1. YES,1. YES,1. YES,2. NO,2. NO,1,,,1. YES,0,0,0,0,0,0,0,0,0,0,0,0,0,1,1,0,0,0,0,0,12. LACK OF MONEY,5. FOOD IN THE MARKET WAS VERY EXPENSIVE,,
3. North West,21. Kebbi,2106. BIRININ KEBBI,2. RURAL,2822,210010,1,1. YES,2. NO,1. YES,1. YES,1. YES,1. YES,1. YES,2. NO,2. NO,2. NO,3,4,,1. YES,0,0,0,0,0,0,0,0,0,1,0,1,0,0,0,0,0,0,0,0,5. FOOD IN THE MARKET WAS VERY EXPENSIVE,12. LACK OF MONEY,3. INADEQUATE HOUSEHOLD FOOD STOCKS DUE TO SMALL LAND SIZE,
1. North Central,26. Niger,2616. MASHEGU,2. RURAL,0,210051,4,1. YES,1. YES,1. YES,2. NO,1. YES,2. NO,2. NO,2. NO,2. NO,2. NO,3,4,,2. NO,,,,,,,,,,,,,,,,,,,,,,,,
3. North West,21. Kebbi,2116. NGASKI,2. RURAL,926,210052,9,1. YES,1. YES,1. YES,1. YES,1. YES,1. YES,1. YES,2. NO,2. NO,1. YES,2,2,,1. YES,0,0,0,0,0,0,0,0,0,0,0,0,0,0,1,1,0,0,0,0,12. LACK OF MONEY,,,
3. North West,21. Kebbi,2116. NGASKI,2. RURAL,926,210053,1,2. NO,2. NO,1. YES,2. NO,2. NO,2. NO,2. NO,2. NO,2. NO,2. NO,3,3,5,1. YES,0,0,0,0,0,0,0,0,0,1,1,0,0,0,0,0,0,0,0,0,13. LACK OF ACCESS TO MONEY AT THE BANK DUE TO NAIRA REDESIGN,12. LACK OF MONEY,5. FOOD IN THE MARKET WAS VERY EXPENSIVE,
3. North West,21. Kebbi,2116. NGASKI,2. RURAL,926,210054,1,2. NO,1. YES,2. NO,1. YES,1. YES,2. NO,2. NO,2. NO,2. NO,2. NO,3,5,,2. NO,,,,,,,,,,,,,,,,,,,,,,,,
3. North West,21. Kebbi,2116. NGASKI,2. RURAL,926,210055,1,2. NO,1. YES,1. YES,2. NO,2. NO,2. NO,2. NO,2. NO,2. NO,2. NO,3,,,1. YES,0,0,0,0,0,0,0,0,0,1,1,0,0,0,0,0,0,0,0,0,13. LACK OF ACCESS TO MONEY AT THE BANK DUE TO NAIRA REDESIGN,12. LACK OF MONEY,5. FOOD IN THE MARKET WAS VERY EXPENSIVE,
3. North West,21. Kebbi,2116. NGASKI,2. RURAL,926,210056,2,2. NO,2. NO,2. NO,2. NO,2. NO,2. NO,2. NO,2. NO,2. NO,2. NO,3,3,,2. NO,,,,,,,,,,,,,,,,,,,,,,,,
3. North West,21. Kebbi,2116. NGASKI,2. RURAL,926,210057,901,1. YES,1. YES,1. YES,1. YES,1. YES,1. YES,1. YES,1. YES,2. NO,2. NO,2,4,2,1. YES,0,0,0,0,0,0,0,0,0,0,0,0,0,0,1,0,0,0,0,0,12. LACK OF MONEY,5. FOOD IN THE MARKET WAS VERY EXPENSIVE,,
3. North West,21. Kebbi,2116. NGASKI,2. RURAL,926,210058,2,1. YES,1. YES,2. NO,1. YES,1. YES,1. YES,1. YES,2. NO,2. NO,2. NO,2,3,2,1. YES,0,0,0,0,0,0,0,0,0,0,0,0,0,0,1,0,0,0,0,0,12. LACK OF MONEY,5. FOOD IN THE MARKET WAS VERY EXPENSIVE,,
3. North West,21. Kebbi,2116. NGASKI,2. RURAL,926,210060,1,2. NO,1. YES,1. YES,2. NO,2. NO,2. NO,2. NO,2. NO,2. NO,2. NO,3,3,4,1. YES,0,0,0,0,0,0,0,0,0,1,1,0,0,0,0,0,0,0,0,0,13. LACK OF ACCESS TO MONEY AT THE BANK DUE TO NAIRA REDESIGN,12. LACK OF MONEY,5. FOOD IN THE MARKET WAS VERY EXPENSIVE,
3. North West,21. Kebbi,2101. ALIERO,1. URBAN,148,219001,1,2. NO,2. NO,2. NO,2. NO,2. NO,2. NO,2. NO,2. NO,2. NO,2. NO,3,3,5,1. YES,0,0,0,0,0,0,0,0,0,1,1,0,0,0,0,0,0,0,0,0,12. LACK OF MONEY,13. LACK OF ACCESS TO MONEY AT THE BANK DUE TO NAIRA REDESIGN,5. FOOD IN THE MARKET WAS VERY EXPENSIVE,
3. North West,21. Kebbi,2101. ALIERO,1. URBAN,148,219002,1,1. YES,1. YES,1. YES,1. YES,1. YES,1. YES,2. NO,2. NO,1. YES,2. NO,2,3,3,1. YES,0,0,0,0,0,0,0,0,1,1,0,0,0,0,0,0,0,0,0,0,12. LACK OF MONEY,13. LACK OF ACCESS TO MONEY AT THE BANK DUE TO NAIRA REDESIGN,5. FOOD IN THE MARKET WAS VERY EXPENSIVE,
3. North West,21. Kebbi,2101. ALIERO,1. URBAN,148,219003,1,1. YES,1. YES,1. YES,2. NO,2. NO,1. YES,2. NO,2. NO,2. NO,2. NO,3,4,,1. YES,0,0,0,0,0,0,0,0,1,1,0,0,0,0,0,0,0,0,0,0,13. LACK OF ACCESS TO MONEY AT THE BANK DUE TO NAIRA REDESIGN,12. LACK OF MONEY,5. FOOD IN THE MARKET WAS VERY EXPENSIVE,
3. North West,21. Kebbi,2101. ALIERO,1. URBAN,148,219004,2,2. NO,2. NO,2. NO,2. NO,2. NO,2. NO,2. NO,2. NO,2. NO,2. NO,3,,3,2. NO,,,,,,,,,,,,,,,,,,,,,,,,
3. North West,21. Kebbi,2101. ALIERO,1. URBAN,148,219005,2,2. NO,1. YES,1. YES,1. YES,1. YES,1. YES,1. YES,2. NO,2. NO,2. NO,3,3,,1. YES,0,0,0,0,0,0,0,0,0,0,0,0,1,1,0,0,0,0,0,0,4. INADEQUATE HOUSEHOLD FOOD STOCKS DUE TO LACK OF FARM INPUTS,5. FOOD IN THE MARKET WAS VERY EXPENSIVE,12. LACK OF MONEY,
3. North West,21. Kebbi,2101. ALIERO,1. URBAN,148,219006,1,2. NO,2. NO,2. NO,2. NO,2. NO,2. NO,2. NO,1. YES,2. NO,2. NO,3,4,5,1. YES,0,0,0,0,0,0,0,0,0,1,1,0,0,0,0,0,0,0,0,0,13. LACK OF ACCESS TO MONEY AT THE BANK DUE TO NAIRA REDESIGN,12. LACK OF MONEY,5. FOOD IN THE MARKET WAS VERY EXPENSIVE,
3. North West,21. Kebbi,2101. ALIERO,1. URBAN,148,219007,2,1. YES,1. YES,1. YES,1. YES,1. YES,1. YES,1. YES,2. NO,2. NO,2. NO,2,2,2,1. YES,0,0,0,0,0,0,0,0,0,0,0,0,0,0,1,1,0,0,0,0,5. FOOD IN THE MARKET WAS VERY EXPENSIVE,,,
3. North West,21. Kebbi,2101. ALIERO,1. URBAN,148,219008,2,2. NO,1. YES,1. YES,2. NO,2. NO,2. NO,2. NO,2. NO,2. NO,1. YES,3,3,3,1. YES,0,0,0,0,0,0,0,0,1,0,1,0,0,0,1,0,0,0,0,0,12. LACK OF MONEY,5. FOOD IN THE MARKET WAS VERY EXPENSIVE,,
3. North West,21. Kebbi,2101. ALIERO,1. URBAN,148,219009,1,1. YES,1. YES,1. YES,1. YES,1. YES,1. YES,1. YES,2. NO,1. YES,1. YES,2,3,3,1. YES,0,0,0,0,0,0,0,0,1,0,1,0,0,0,0,0,0,0,0,0,4. INADEQUATE HOUSEHOLD FOOD STOCKS DUE TO LACK OF FARM INPUTS,5. FOOD IN THE MARKET WAS VERY EXPENSIVE,12. LACK OF MONEY,
3. North West,21. Kebbi,2101. ALIERO,1. URBAN,148,219010,5101,1. YES,1. YES,1. YES,1. YES,1. YES,1. YES,1. YES,2. NO,2. NO,1. YES,4,5,4,1. YES,0,0,0,1,0,0,0,0,0,0,0,0,0,1,1,0,0,0,0,0,1. INADEQUATE HOUSEHOLD FOOD STOCKS DUE TO DROUGHT/ POOR RAINS,5. FOOD IN THE MARKET WAS VERY EXPENSIVE,12. LACK OF MONEY,
3. North West,21. Kebbi,2105. BAGUDO,2. RURAL,1606,219014,2,1. YES,1. YES,1. YES,1. YES,1. YES,1. YES,1. YES,2. NO,2. NO,2. NO,2,3,2,1. YES,0,0,0,0,0,0,0,0,0,0,0,0,0,0,1,0,0,0,0,0,12. LACK OF MONEY,5. FOOD IN THE MARKET WAS VERY EXPENSIVE,,
3. North West,21. Kebbi,2105. BAGUDO,2. RURAL,1606,219015,2,2. NO,1. YES,1. YES,2. NO,2. NO,2. NO,2. NO,2. NO,2. NO,2. NO,3,3,3,2. NO,,,,,,,,,,,,,,,,,,,,,,,,
3. North West,21. Kebbi,2105. BAGUDO,2. RURAL,1606,219017,2,1. YES,1. YES,1. YES,1. YES,1. YES,1. YES,1. YES,2. NO,2. NO,2. NO,2,3,2,1. YES,0,0,0,0,0,0,0,0,0,0,0,0,0,0,0,1,0,0,0,0,5. FOOD IN THE MARKET WAS VERY EXPENSIVE,,,
3. North West,21. Kebbi,2105. BAGUDO,2. RURAL,1606,219018,1,2. NO,1. YES,1. YES,2. NO,2. NO,1. YES,2. NO,2. NO,2. NO,2. NO,3,3,5,1. YES,0,0,0,0,0,0,0,0,0,1,1,0,0,0,0,0,0,0,0,0,13. LACK OF ACCESS TO MONEY AT THE BANK DUE TO NAIRA REDESIGN,12. LACK OF MONEY,5. FOOD IN THE MARKET WAS VERY EXPENSIVE,
3. North West,21. Kebbi,2105. BAGUDO,2. RURAL,1606,219020,1,1. YES,1. YES,2. NO,2. NO,2. NO,2. NO,2. NO,2. NO,2. NO,2. NO,3,3,,1. YES,0,0,0,0,0,0,0,0,0,1,1,0,0,0,0,0,0,0,0,0,13. LACK OF ACCESS TO MONEY AT THE BANK DUE TO NAIRA REDESIGN,12. LACK OF MONEY,5. FOOD IN THE MARKET WAS VERY EXPENSIVE,
3. North West,21. Kebbi,2105. BAGUDO,2. RURAL,1606,219022,1,2. NO,2. NO,2. NO,2. NO,2. NO,2. NO,2. NO,2. NO,2. NO,2. NO,3,3,4,2. NO,,,,,,,,,,,,,,,,,,,,,,,,
3. North West,21. Kebbi,2105. BAGUDO,2. RURAL,1606,219023,1,1. YES,1. YES,1. YES,2. NO,2. NO,1. YES,2. NO,2. NO,2. NO,2. NO,3,3,5,1. YES,0,0,0,0,0,0,0,0,0,1,0,0,0,0,0,0,0,0,0,0,13. LACK OF ACCESS TO MONEY AT THE BANK DUE TO NAIRA REDESIGN,12. LACK OF MONEY,5. FOOD IN THE MARKET WAS VERY EXPENSIVE,
3. North West,21. Kebbi,2105. BAGUDO,2. RURAL,1606,219024,1,2. NO,1. YES,1. YES,2. NO,1. YES,2. NO,2. NO,2. NO,2. NO,2. NO,3,3,3,1. YES,0,0,0,0,0,0,0,0,0,1,1,0,0,0,0,0,0,0,0,0,13. LACK OF ACCESS TO MONEY AT THE BANK DUE TO NAIRA REDESIGN,12. LACK OF MONEY,5. FOOD IN THE MARKET WAS VERY EXPENSIVE,
3. North West,21. Kebbi,2112. JEGA,2. RURAL,260,219025,6,2. NO,2. NO,2. NO,2. NO,2. NO,2. NO,2. NO,2. NO,2. NO,2. NO,3,3,2,1. YES,0,0,0,0,0,0,0,0,0,1,1,0,0,0,0,0,0,0,0,0,12. LACK OF MONEY,13. LACK OF ACCESS TO MONEY AT THE BANK DUE TO NAIRA REDESIGN,5. FOOD IN THE MARKET WAS VERY EXPENSIVE,
3. North West,21. Kebbi,2112. JEGA,2. RURAL,260,219026,2,2. NO,1. YES,1. YES,1. YES,1. YES,1. YES,1. YES,2. NO,2. NO,2. NO,2,,2,1. YES,0,0,0,0,0,0,0,0,0,0,0,0,0,0,0,1,0,0,0,0,5. FOOD IN THE MARKET WAS VERY EXPENSIVE,,,
3. North West,21. Kebbi,2112. JEGA,2. RURAL,260,219027,2,2. NO,1. YES,2. NO,2. NO,2. NO,2. NO,2. NO,2. NO,2. NO,2. NO,3,3,,2. NO,,,,,,,,,,,,,,,,,,,,,,,,
3. North West,21. Kebbi,2112. JEGA,2. RURAL,260,219028,1,2. NO,1. YES,1. YES,2. NO,1. YES,2. NO,2. NO,2. NO,2. NO,2. NO,3,4,5,2. NO,,,,,,,,,,,,,,,,,,,,,,,,
3. North West,21. Kebbi,2112. JEGA,2. RURAL,260,219031,2,1. YES,1. YES,1. YES,1. YES,1. YES,1. YES,2. NO,2. NO,2. NO,2. NO,2,3,,1. YES,0,0,0,0,0,0,0,0,0,0,0,0,0,0,0,1,0,0,0,0,12. LACK OF MONEY,,,
3. North West,21. Kebbi,2112. JEGA,2. RURAL,260,219032,1,2. NO,2. NO,2. NO,2. NO,2. NO,2. NO,2. NO,2. NO,2. NO,1. YES,3,3,4,1. YES,0,0,0,0,0,0,0,0,0,1,1,0,0,0,0,0,0,0,0,0,13. LACK OF ACCESS TO MONEY AT THE BANK DUE TO NAIRA REDESIGN,12. LACK OF MONEY,5. FOOD IN THE MARKET WAS VERY EXPENSIVE,
3. North West,21. Kebbi,2112. JEGA,2. RURAL,260,219033,1,1. YES,1. YES,2. NO,2. NO,2. NO,1. YES,2. NO,2. NO,2. NO,2. NO,3,3,5,1. YES,0,0,0,0,0,0,0,0,0,1,1,0,0,0,0,0,0,0,0,0,13. LACK OF ACCESS TO MONEY AT THE BANK DUE TO NAIRA REDESIGN,5. FOOD IN THE MARKET WAS VERY EXPENSIVE,12. LACK OF MONEY,
3. North West,21. Kebbi,2112. JEGA,2. RURAL,260,219034,2,1. YES,1. YES,1. YES,1. YES,1. YES,1. YES,1. YES,2. NO,2. NO,2. NO,2,3,2,1. YES,0,0,0,0,0,0,0,0,0,0,0,0,0,0,1,1,0,0,0,0,12. LACK OF MONEY,5. FOOD IN THE MARKET WAS VERY EXPENSIVE,,
3. North West,21. Kebbi,2112. JEGA,2. RURAL,260,219035,2,1. YES,1. YES,1. YES,1. YES,1. YES,1. YES,1. YES,2. NO,2. NO,2. NO,1,,,1. YES,0,0,0,0,0,0,0,0,0,0,0,0,0,0,0,1,0,0,0,0,5. FOOD IN THE MARKET WAS VERY EXPENSIVE,12. LACK OF MONEY,,
3. North West,21. Kebbi,2112. JEGA,2. RURAL,260,219036,1,2. NO,1. YES,1. YES,2. NO,2. NO,2. NO,2. NO,2. NO,2. NO,2. NO,3,3,5,1. YES,0,0,0,0,0,0,0,0,0,1,1,0,0,0,0,0,0,0,0,0,13. LACK OF ACCESS TO MONEY AT THE BANK DUE TO NAIRA REDESIGN,12. LACK OF MONEY,5. FOOD IN THE MARKET WAS VERY EXPENSIVE,
3. North West,21. Kebbi,2113. KALGO,2. RURAL,442,219038,2,2. NO,1. YES,2. NO,2. NO,2. NO,2. NO,2. NO,2. NO,2. NO,2. NO,3,4,,2. NO,,,,,,,,,,,,,,,,,,,,,,,,
3. North West,21. Kebbi,2113. KALGO,2. RURAL,442,219039,5101,2. NO,1. YES,1. YES,2. NO,2. NO,1. YES,2. NO,2. NO,2. NO,2. NO,3,,3,1. YES,0,0,0,0,0,0,0,0,0,1,1,0,0,0,0,0,0,0,0,0,13. LACK OF ACCESS TO MONEY AT THE BANK DUE TO NAIRA REDESIGN,12. LACK OF MONEY,5. FOOD IN THE MARKET WAS VERY EXPENSIVE,
3. North West,21. Kebbi,2113. KALGO,2. RURAL,442,219040,2,2. NO,1. YES,2. NO,2. NO,2. NO,2. NO,2. NO,2. NO,2. NO,2. NO,3,4,3,2. NO,,,,,,,,,,,,,,,,,,,,,,,,
3. North West,21. Kebbi,2113. KALGO,2. RURAL,442,219041,1,2. NO,2. NO,2. NO,2. NO,2. NO,2. NO,2. NO,2. NO,2. NO,2. NO,3,3,,1. YES,0,0,0,0,0,0,0,0,0,1,1,0,0,0,0,0,0,0,0,0,13. LACK OF ACCESS TO MONEY AT THE BANK DUE TO NAIRA REDESIGN,12. LACK OF MONEY,5. FOOD IN THE MARKET WAS VERY EXPENSIVE,
3. North West,21. Kebbi,2113. KALGO,2. RURAL,442,219042,1,2. NO,1. YES,2. NO,2. NO,2. NO,2. NO,2. NO,2. NO,2. NO,2. NO,3,4,3,2. NO,,,,,,,,,,,,,,,,,,,,,,,,
3. North West,21. Kebbi,2113. KALGO,2. RURAL,442,219043,1,2. NO,1. YES,2. NO,2. NO,2. NO,1. YES,2. NO,2. NO,2. NO,2. NO,3,3,5,1. YES,0,0,0,0,0,0,0,0,0,1,1,0,0,0,0,0,0,0,0,0,13. LACK OF ACCESS TO MONEY AT THE BANK DUE TO NAIRA REDESIGN,12. LACK OF MONEY,5. FOOD IN THE MARKET WAS VERY EXPENSIVE,
3. North West,21. Kebbi,2113. KALGO,2. RURAL,442,219045,7,2. NO,2. NO,2. NO,2. NO,2. NO,2. NO,2. NO,2. NO,2. NO,2. NO,3,4,,2. NO,,,,,,,,,,,,,,,,,,,,,,,,
3. North West,21. Kebbi,2113. KALGO,2. RURAL,442,219047,1,2. NO,2. NO,2. NO,2. NO,2. NO,2. NO,2. NO,2. NO,2. NO,2. NO,3,3,,1. YES,0,0,0,0,0,0,0,0,1,1,0,0,0,0,0,0,0,0,0,0,13. LACK OF ACCESS TO MONEY AT THE BANK DUE TO NAIRA REDESIGN,5. FOOD IN THE MARKET WAS VERY EXPENSIVE,12. LACK OF MONEY,
3. North West,21. Kebbi,2116. NGASKI,2. RURAL,548,219049,2,1. YES,1. YES,1. YES,1. YES,1. YES,1. YES,1. YES,2. NO,2. NO,1. YES,2,3,,1. YES,0,0,0,0,0,0,0,0,0,1,1,0,0,0,1,1,0,0,0,0,12. LACK OF MONEY,8. FLOODS/WATER LOGGING,,
3. North West,21. Kebbi,2116. NGASKI,2. RURAL,548,219051,1,1. YES,1. YES,1. YES,2. NO,2. NO,1. YES,2. NO,2. NO,2. NO,2. NO,3,3,5,1. YES,0,0,0,0,0,0,0,0,0,1,1,1,0,0,0,0,0,0,0,0,13. LACK OF ACCESS TO MONEY AT THE BANK DUE TO NAIRA REDESIGN,12. LACK OF MONEY,5. FOOD IN THE MARKET WAS VERY EXPENSIVE,
3. North West,21. Kebbi,2116. NGASKI,2. RURAL,548,219052,1,1. YES,1. YES,2. NO,2. NO,2. NO,2. NO,2. NO,2. NO,2. NO,2. NO,3,,3,1. YES,0,0,0,0,0,0,0,0,0,1,1,0,0,0,0,0,0,0,0,0,13. LACK OF ACCESS TO MONEY AT THE BANK DUE TO NAIRA REDESIGN,5. FOOD IN THE MARKET WAS VERY EXPENSIVE,12. LACK OF MONEY,
3. North West,21. Kebbi,2116. NGASKI,2. RURAL,548,219054,1,1. YES,1. YES,2. NO,1. YES,1. YES,1. YES,2. NO,2. NO,2. NO,2. NO,3,3,,1. YES,0,0,0,0,0,0,0,0,0,1,0,0,1,0,0,0,0,0,0,0,13. LACK OF ACCESS TO MONEY AT THE BANK DUE TO NAIRA REDESIGN,5. FOOD IN THE MARKET WAS VERY EXPENSIVE,12. LACK OF MONEY,
3. North West,21. Kebbi,2116. NGASKI,2. RURAL,548,219055,5101,1. YES,1. YES,1. YES,1. YES,1. YES,1. YES,1. YES,1. YES,2. NO,2. NO,2,2,2,1. YES,0,0,0,0,0,0,0,0,0,0,0,0,0,1,1,1,0,0,0,0,12. LACK OF MONEY,5. FOOD IN THE MARKET WAS VERY EXPENSIVE,,
3. North West,21. Kebbi,2116. NGASKI,2. RURAL,548,219056,1,2. NO,2. NO,2. NO,2. NO,2. NO,2. NO,2. NO,2. NO,2. NO,2. NO,3,,,2. NO,,,,,,,,,,,,,,,,,,,,,,,,
3. North West,21. Kebbi,2116. NGASKI,2. RURAL,548,219057,2,1. YES,1. YES,1. YES,1. YES,1. YES,1. YES,1. YES,1. YES,2. NO,1. YES,2,4,2,2. NO,,,,,,,,,,,,,,,,,,,,,,,,
3. North West,21. Kebbi,2116. NGASKI,2. RURAL,548,219058,2,2. NO,2. NO,2. NO,2. NO,2. NO,2. NO,2. NO,2. NO,2. NO,2. NO,3,4,,2. NO,,,,,,,,,,,,,,,,,,,,,,,,
3. North West,21. Kebbi,2116. NGASKI,2. RURAL,548,219059,1,1. YES,1. YES,2. NO,2. NO,2. NO,2. NO,2. NO,2. NO,2. NO,2. NO,3,3,5,1. YES,0,0,0,0,0,0,0,0,0,1,1,0,0,0,0,0,0,0,0,0,13. LACK OF ACCESS TO MONEY AT THE BANK DUE TO NAIRA REDESIGN,12. LACK OF MONEY,5. FOOD IN THE MARKET WAS VERY EXPENSIVE,
3. North West,21. Kebbi,2116. NGASKI,2. RURAL,548,219060,1,1. YES,1. YES,1. YES,1. YES,2. NO,2. NO,2. NO,2. NO,2. NO,1. YES,3,3,4,1. YES,0,0,0,0,0,0,0,0,0,1,1,0,0,0,0,0,0,0,0,0,12. LACK OF MONEY,13. LACK OF ACCESS TO MONEY AT THE BANK DUE TO NAIRA REDESIGN,5. FOOD IN THE MARKET WAS VERY EXPENSIVE,
3. North West,21. Kebbi,2105. BAGUDO,2. RURAL,1606,219076,2,1. YES,1. YES,1. YES,1. YES,1. YES,1. YES,1. YES,2. NO,2. NO,2. NO,2,3,2,2. NO,,,,,,,,,,,,,,,,,,,,,,,,
1. North Central,22. Kogi,2211. KOGI,2. RURAL,594,220011,4,1. YES,1. YES,1. YES,1. YES,1. YES,1. YES,1. YES,2. NO,1. YES,1. YES,3,3,3,1. YES,0,0,1,0,1,0,0,0,0,0,0,0,1,1,0,0,0,0,0,0,10. INADEQUATE FOOD STOCK FROM FARM DUE TO CONFLICT/SECURITY,5. FOOD IN THE MARKET WAS VERY EXPENSIVE,6. UNABLE TO REACH THE MARKET DUE TO HIGH TRANSPORTATION COSTS,
1. North Central,22. Kogi,2211. KOGI,2. RURAL,594,220012,2,2. NO,1. YES,1. YES,2. NO,2. NO,2. NO,2. NO,2. NO,2. NO,2. NO,3,3,2,2. NO,,,,,,,,,,,,,,,,,,,,,,,,
1. North Central,22. Kogi,2211. KOGI,2. RURAL,594,220013,1,1. YES,1. YES,1. YES,1. YES,1. YES,1. YES,1. YES,2. NO,1. YES,1. YES,2,2,,1. YES,0,0,0,0,1,0,1,1,1,1,1,0,0,0,0,0,0,0,0,0,2. INADEQUATE HOUSEHOLD FOOD STOCKS DUE TO CROP PEST DAMAGE,4. INADEQUATE HOUSEHOLD FOOD STOCKS DUE TO LACK OF FARM INPUTS,12. LACK OF MONEY,
1. North Central,22. Kogi,2211. KOGI,2. RURAL,594,220014,2,2. NO,2. NO,2. NO,2. NO,2. NO,2. NO,2. NO,2. NO,2. NO,2. NO,3,,,2. NO,,,,,,,,,,,,,,,,,,,,,,,,
1. North Central,22. Kogi,2211. KOGI,2. RURAL,594,220015,6,1. YES,1. YES,1. YES,2. NO,1. YES,2. NO,2. NO,2. NO,2. NO,2. NO,2,2,,2. NO,,,,,,,,,,,,,,,,,,,,,,,,
1. North Central,22. Kogi,2211. KOGI,2. RURAL,594,220016,1,1. YES,1. YES,1. YES,1. YES,2. NO,2. NO,1. YES,2. NO,2. NO,2. NO,3,2,,2. NO,,,,,,,,,,,,,,,,,,,,,,,,
1. North Central,22. Kogi,2211. KOGI,2. RURAL,594,220017,1,1. YES,2. NO,2. NO,1. YES,1. YES,1. YES,2. NO,1. YES,1. YES,2. NO,2,,,1. YES,0,0,0,0,0,0,0,0,0,0,0,0,0,1,0,0,0,0,0,0,1. INADEQUATE HOUSEHOLD FOOD STOCKS DUE TO DROUGHT/ POOR RAINS,5. FOOD IN THE MARKET WAS VERY EXPENSIVE,,
1. North Central,22. Kogi,2211. KOGI,2. RURAL,594,220018,2,2. NO,1. YES,1. YES,1. YES,2. NO,2. NO,2. NO,1. YES,2. NO,1. YES,5,4,,2. NO,,,,,,,,,,,,,,,,,,,,,,,,
1. North Central,22. Kogi,2211. KOGI,2. RURAL,594,220019,13,1. YES,1. YES,2. NO,1. YES,1. YES,2. NO,1. YES,1. YES,2. NO,2. NO,2,3,4,2. NO,,,,,,,,,,,,,,,,,,,,,,,,
1. North Central,22. Kogi,2211. KOGI,2. RURAL,594,220020,1,1. YES,1. YES,1. YES,1. YES,1. YES,1. YES,1. YES,2. NO,2. NO,1. YES,3,3,3,1. YES,0,0,0,0,1,0,1,0,1,0,0,0,0,0,0,0,0,0,0,0,2. INADEQUATE HOUSEHOLD FOOD STOCKS DUE TO CROP PEST DAMAGE,5. FOOD IN THE MARKET WAS VERY EXPENSIVE,4. INADEQUATE HOUSEHOLD FOOD STOCKS DUE TO LACK OF FARM INPUTS,
1. North Central,22. Kogi,2216. OKEHI,1. URBAN,428,220021,1,1. YES,1. YES,1. YES,1. YES,1. YES,2. NO,1. YES,1. YES,1. YES,1. YES,2,3,,2. NO,,,,,,,,,,,,,,,,,,,,,,,,
1. North Central,22. Kogi,2216. OKEHI,1. URBAN,428,220022,1,1. YES,1. YES,1. YES,1. YES,1. YES,1. YES,2. NO,2. NO,2. NO,2. NO,3,,,2. NO,,,,,,,,,,,,,,,,,,,,,,,,
1. North Central,22. Kogi,2216. OKEHI,1. URBAN,0,220024,1,1. YES,1. YES,2. NO,1. YES,1. YES,1. YES,1. YES,1. YES,1. YES,1. YES,1,,1,2. NO,,,,,,,,,,,,,,,,,,,,,,,,
1. North Central,22. Kogi,2216. OKEHI,1. URBAN,0,220025,1401,1. YES,1. YES,1. YES,1. YES,1. YES,1. YES,1. YES,2. NO,2. NO,2. NO,3,2,2,1. YES,1,0,0,0,0,0,0,0,0,0,0,0,0,0,0,0,0,0,0,0,12. LACK OF MONEY,5. FOOD IN THE MARKET WAS VERY EXPENSIVE,1. INADEQUATE HOUSEHOLD FOOD STOCKS DUE TO DROUGHT/ POOR RAINS,
1. North Central,22. Kogi,2216. OKEHI,1. URBAN,428,220026,1,1. YES,1. YES,2. NO,1. YES,2. NO,2. NO,1. YES,2. NO,1. YES,2. NO,2,1,1,2. NO,,,,,,,,,,,,,,,,,,,,,,,,
1. North Central,22. Kogi,2216. OKEHI,1. URBAN,428,220027,1,1. YES,1. YES,1. YES,1. YES,1. YES,1. YES,1. YES,2. NO,1. YES,1. YES,2,2,2,1. YES,0,0,0,0,0,0,0,1,1,1,1,1,1,1,1,1,0,0,0,0,12. LACK OF MONEY,5. FOOD IN THE MARKET WAS VERY EXPENSIVE,,
1. North Central,22. Kogi,2216. OKEHI,1. URBAN,428,220028,1,1. YES,1. YES,1. YES,1. YES,1. YES,1. YES,1. YES,2. NO,2. NO,1. YES,3,2,,1. YES,1,0,0,0,0,0,0,0,0,0,0,0,0,0,0,0,0,0,0,0,12. LACK OF MONEY,5. FOOD IN THE MARKET WAS VERY EXPENSIVE,,
1. North Central,22. Kogi,2216. OKEHI,1. URBAN,0,220029,1,1. YES,1. YES,1. YES,1. YES,2. NO,1. YES,1. YES,1. YES,2. NO,1. YES,2,,,2. NO,,,,,,,,,,,,,,,,,,,,,,,,
1. North Central,22. Kogi,2220. YAGBA EAST,1. URBAN,1296,220051,1,1. YES,1. YES,1. YES,1. YES,1. YES,1. YES,2. NO,2. NO,2. NO,2. NO,3,,,1. YES,1,0,0,0,0,0,0,0,0,0,0,0,0,0,0,0,0,0,0,0,5. FOOD IN THE MARKET WAS VERY EXPENSIVE,12. LACK OF MONEY,,
1. North Central,22. Kogi,2220. YAGBA EAST,1. URBAN,1296,220052,1,1. YES,1. YES,1. YES,1. YES,1. YES,1. YES,1. YES,2. NO,2. NO,2. NO,3,,,1. YES,1,0,0,0,0,0,0,0,0,0,0,0,0,0,0,0,0,0,0,0,5. FOOD IN THE MARKET WAS VERY EXPENSIVE,12. LACK OF MONEY,,
1. North Central,22. Kogi,2220. YAGBA EAST,1. URBAN,1296,220053,2,1. YES,1. YES,1. YES,1. YES,2. NO,1. YES,1. YES,1. YES,2. NO,1. YES,3,,,2. NO,,,,,,,,,,,,,,,,,,,,,,,,
1. North Central,22. Kogi,2220. YAGBA EAST,1. URBAN,1296,220054,1,1. YES,1. YES,1. YES,1. YES,1. YES,1. YES,1. YES,2. NO,2. NO,2. NO,2,,,1. YES,0,0,0,0,0,0,0,1,0,0,1,0,1,1,1,0,0,0,0,0,12. LACK OF MONEY,5. FOOD IN THE MARKET WAS VERY EXPENSIVE,,
1. North Central,22. Kogi,2220. YAGBA EAST,1. URBAN,1296,220055,3,1. YES,1. YES,1. YES,1. YES,2. NO,1. YES,1. YES,1. YES,1. YES,2. NO,3,2,,2. NO,,,,,,,,,,,,,,,,,,,,,,,,
1. North Central,22. Kogi,2220. YAGBA EAST,1. URBAN,1296,220056,2,1. YES,1. YES,2. NO,2. NO,2. NO,2. NO,1. YES,1. YES,1. YES,2. NO,2,,,2. NO,,,,,,,,,,,,,,,,,,,,,,,,
1. North Central,22. Kogi,2220. YAGBA EAST,1. URBAN,1296,220057,2,1. YES,1. YES,1. YES,1. YES,1. YES,1. YES,1. YES,2. NO,2. NO,2. NO,3,2,,1. YES,1,0,0,0,0,0,0,0,0,0,0,0,0,0,0,0,0,0,0,0,12. LACK OF MONEY,5. FOOD IN THE MARKET WAS VERY EXPENSIVE,,
1. North Central,22. Kogi,2220. YAGBA EAST,1. URBAN,1296,220059,4,1. YES,1. YES,1. YES,1. YES,1. YES,1. YES,2. NO,2. NO,2. NO,2. NO,3,3,,1. YES,1,0,0,0,0,0,0,0,0,0,0,0,0,0,0,0,0,0,0,0,5. FOOD IN THE MARKET WAS VERY EXPENSIVE,12. LACK OF MONEY,,
1. North Central,22. Kogi,2220. YAGBA EAST,1. URBAN,1296,220060,2,1. YES,1. YES,1. YES,1. YES,1. YES,1. YES,1. YES,2. NO,2. NO,1. YES,3,2,,1. YES,0,0,0,0,0,0,0,0,0,1,1,1,1,1,1,1,0,0,0,0,12. LACK OF MONEY,,,
1. North Central,22. Kogi,2203. ANKPA,2. RURAL,266,220111,5,2. NO,1. YES,2. NO,2. NO,1. YES,2. NO,2. NO,2. NO,2. NO,2. NO,2,2,2,2. NO,,,,,,,,,,,,,,,,,,,,,,,,
1. North Central,22. Kogi,2203. ANKPA,2. RURAL,266,220112,3,1. YES,2. NO,1. YES,1. YES,1. YES,2. NO,2. NO,1. YES,2. NO,2. NO,3,5,5,2. NO,,,,,,,,,,,,,,,,,,,,,,,,
1. North Central,22. Kogi,2203. ANKPA,2. RURAL,266,220113,1,2. NO,2. NO,2. NO,2. NO,2. NO,2. NO,2. NO,2. NO,2. NO,1. YES,2,3,,2. NO,,,,,,,,,,,,,,,,,,,,,,,,
1. North Central,22. Kogi,2203. ANKPA,2. RURAL,266,220114,1,2. NO,2. NO,2. NO,2. NO,2. NO,2. NO,2. NO,2. NO,2. NO,2. NO,2,2,3,2. NO,,,,,,,,,,,,,,,,,,,,,,,,
1. North Central,22. Kogi,2203. ANKPA,2. RURAL,266,220115,5,1. YES,1. YES,1. YES,1. YES,1. YES,1. YES,1. YES,2. NO,1. YES,2. NO,2,,,1. YES,0,0,0,0,0,0,0,0,0,0,0,1,1,1,1,0,0,0,0,0,12. LACK OF MONEY,7. NO FOOD IN THE MARKET,,
1. North Central,22. Kogi,2203. ANKPA,2. RURAL,266,220116,1,1. YES,1. YES,1. YES,1. YES,1. YES,1. YES,1. YES,2. NO,1. YES,1. YES,2,,,1. YES,0,0,0,0,0,0,0,0,0,0,0,0,1,1,1,1,0,0,0,0,5. FOOD IN THE MARKET WAS VERY EXPENSIVE,4. INADEQUATE HOUSEHOLD FOOD STOCKS DUE TO LACK OF FARM INPUTS,,
1. North Central,22. Kogi,2203. ANKPA,2. RURAL,266,220117,8,1. YES,1. YES,1. YES,1. YES,1. YES,1. YES,1. YES,2. NO,1. YES,1. YES,2,2,2,1. YES,0,0,0,0,0,0,1,0,0,0,0,0,1,1,1,1,0,0,0,0,5. FOOD IN THE MARKET WAS VERY EXPENSIVE,12. LACK OF MONEY,2. INADEQUATE HOUSEHOLD FOOD STOCKS DUE TO CROP PEST DAMAGE,
1. North Central,22. Kogi,2203. ANKPA,2. RURAL,266,220118,101,2. NO,1. YES,1. YES,1. YES,1. YES,1. YES,1. YES,1. YES,1. YES,2. NO,3,,,2. NO,,,,,,,,,,,,,,,,,,,,,,,,
1. North Central,22. Kogi,2203. ANKPA,2. RURAL,266,220119,1,1. YES,1. YES,1. YES,2. NO,1. YES,2. NO,1. YES,2. NO,2. NO,1. YES,2,,,1. YES,1,0,0,0,0,0,0,0,0,0,0,0,0,0,0,0,0,0,0,0,12. LACK OF MONEY,,,
1. North Central,22. Kogi,2203. ANKPA,2. RURAL,266,220120,1,2. NO,2. NO,2. NO,2. NO,1. YES,2. NO,2. NO,2. NO,2. NO,2. NO,2,3,2,2. NO,,,,,,,,,,,,,,,,,,,,,,,,
1. North Central,22. Kogi,2203. ANKPA,2. RURAL,2578,229002,5101,1. YES,1. YES,1. YES,1. YES,1. YES,1. YES,1. YES,2. NO,1. YES,1. YES,2,2,,1. YES,0,0,0,0,0,0,0,1,0,0,1,1,1,1,1,1,0,0,0,0,6. UNABLE TO REACH THE MARKET DUE TO HIGH TRANSPORTATION COSTS,12. LACK OF MONEY,,
1. North Central,22. Kogi,2203. ANKPA,2. RURAL,2578,229003,1,2. NO,1. YES,1. YES,1. YES,1. YES,1. YES,2. NO,1. YES,1. YES,2. NO,3,4,,2. NO,,,,,,,,,,,,,,,,,,,,,,,,
1. North Central,22. Kogi,2203. ANKPA,2. RURAL,2578,229004,1,1. YES,1. YES,2. NO,1. YES,2. NO,1. YES,1. YES,1. YES,2. NO,2. NO,3,2,,2. NO,,,,,,,,,,,,,,,,,,,,,,,,
1. North Central,22. Kogi,2203. ANKPA,2. RURAL,2578,229005,1,1. YES,1. YES,1. YES,1. YES,1. YES,2. NO,1. YES,2. NO,1. YES,1. YES,2,3,,2. NO,,,,,,,,,,,,,,,,,,,,,,,,
1. North Central,22. Kogi,2203. ANKPA,2. RURAL,2578,229006,1,1. YES,2. NO,1. YES,1. YES,1. YES,1. YES,1. YES,2. NO,2. NO,2. NO,2,2,2,1. YES,1,0,0,0,0,0,0,0,0,0,0,0,0,0,0,0,0,0,0,0,96. OTHER (SPECIFY),,,TO OLD TO WORK AND NO ASSISTANCE
1. North Central,22. Kogi,2203. ANKPA,2. RURAL,2578,229007,1,1. YES,1. YES,1. YES,1. YES,1. YES,1. YES,1. YES,1. YES,1. YES,1. YES,2,2,2,1. YES,0,0,0,0,1,0,0,0,0,1,1,1,1,1,1,0,0,0,0,0,5. FOOD IN THE MARKET WAS VERY EXPENSIVE,4. INADEQUATE HOUSEHOLD FOOD STOCKS DUE TO LACK OF FARM INPUTS,12. LACK OF MONEY,
1. North Central,22. Kogi,2203. ANKPA,2. RURAL,2578,229009,1,2. NO,1. YES,1. YES,2. NO,1. YES,2. NO,2. NO,2. NO,2. NO,2. NO,2,2,,2. NO,,,,,,,,,,,,,,,,,,,,,,,,
1. North Central,22. Kogi,2203. ANKPA,2. RURAL,2578,229010,1,1. YES,1. YES,1. YES,1. YES,1. YES,1. YES,1. YES,1. YES,1. YES,1. YES,2,3,,1. YES,0,0,0,0,0,0,0,0,0,1,1,1,1,1,1,0,0,0,0,0,12. LACK OF MONEY,4. INADEQUATE HOUSEHOLD FOOD STOCKS DUE TO LACK OF FARM INPUTS,,
1. North Central,22. Kogi,2203. ANKPA,2. RURAL,2578,229011,2,1. YES,1. YES,1. YES,1. YES,1. YES,1. YES,1. YES,2. NO,1. YES,1. YES,2,2,,1. YES,1,0,0,0,0,0,0,0,0,0,0,0,0,0,0,0,0,0,0,0,5. FOOD IN THE MARKET WAS VERY EXPENSIVE,6. UNABLE TO REACH THE MARKET DUE TO HIGH TRANSPORTATION COSTS,,
1. North Central,22. Kogi,2203. ANKPA,2. RURAL,2578,229012,1,2. NO,2. NO,1. YES,2. NO,2. NO,2. NO,2. NO,2. NO,2. NO,2. NO,3,,,2. NO,,,,,,,,,,,,,,,,,,,,,,,,
1. North Central,22. Kogi,2208. IGALAMELA,2. RURAL,194,229014,1,2. NO,2. NO,2. NO,2. NO,2. NO,2. NO,2. NO,2. NO,2. NO,2. NO,2,3,,2. NO,,,,,,,,,,,,,,,,,,,,,,,,
1. North Central,22. Kogi,2208. IGALAMELA,2. RURAL,194,229015,1,1. YES,1. YES,1. YES,1. YES,1. YES,1. YES,1. YES,1. YES,1. YES,1. YES,2,2,,1. YES,0,0,0,0,1,0,0,0,0,0,0,0,0,0,0,0,0,0,0,0,1. INADEQUATE HOUSEHOLD FOOD STOCKS DUE TO DROUGHT/ POOR RAINS,,,
1. North Central,22. Kogi,2208. IGALAMELA,2. RURAL,194,229016,1,1. YES,1. YES,1. YES,1. YES,1. YES,1. YES,1. YES,2. NO,2. NO,1. YES,2,,,1. YES,0,0,0,0,0,0,0,0,0,0,0,1,1,1,1,1,0,0,0,0,12. LACK OF MONEY,10. INADEQUATE FOOD STOCK FROM FARM DUE TO CONFLICT/SECURITY,,
1. North Central,22. Kogi,2208. IGALAMELA,2. RURAL,194,229017,1,1. YES,1. YES,1. YES,1. YES,1. YES,2. NO,2. NO,2. NO,2. NO,2. NO,3,,,2. NO,,,,,,,,,,,,,,,,,,,,,,,,
1. North Central,22. Kogi,2208. IGALAMELA,2. RURAL,194,229018,1,1. YES,1. YES,1. YES,2. NO,1. YES,2. NO,1. YES,1. YES,1. YES,2. NO,2,2,3,2. NO,,,,,,,,,,,,,,,,,,,,,,,,
1. North Central,22. Kogi,2208. IGALAMELA,2. RURAL,194,229020,4,1. YES,1. YES,1. YES,1. YES,1. YES,1. YES,1. YES,2. NO,1. YES,1. YES,2,2,2,1. YES,0,0,0,0,0,0,0,0,0,0,1,1,1,1,1,1,0,0,0,0,12. LACK OF MONEY,,,
1. North Central,22. Kogi,2208. IGALAMELA,2. RURAL,194,229021,1,1. YES,1. YES,1. YES,1. YES,1. YES,1. YES,1. YES,2. NO,1. YES,1. YES,2,2,,1. YES,0,0,0,0,0,0,0,1,0,1,0,1,1,1,1,1,0,0,0,0,5. FOOD IN THE MARKET WAS VERY EXPENSIVE,12. LACK OF MONEY,,
1. North Central,22. Kogi,2208. IGALAMELA,2. RURAL,194,229023,1,1. YES,2. NO,1. YES,1. YES,2. NO,1. YES,2. NO,2. NO,2. NO,2. NO,2,,,2. NO,,,,,,,,,,,,,,,,,,,,,,,,
1. North Central,22. Kogi,2208. IGALAMELA,2. RURAL,194,229024,1,1. YES,1. YES,2. NO,1. YES,2. NO,1. YES,1. YES,2. NO,2. NO,2. NO,2,3,4,1. YES,0,0,0,1,0,0,0,0,0,0,0,0,0,0,0,0,0,0,0,0,1. INADEQUATE HOUSEHOLD FOOD STOCKS DUE TO DROUGHT/ POOR RAINS,,,
1. North Central,22. Kogi,2208. IGALAMELA,2. RURAL,642,229025,1,1. YES,2. NO,1. YES,2. NO,1. YES,1. YES,1. YES,2. NO,1. YES,1. YES,2,,,2. NO,,,,,,,,,,,,,,,,,,,,,,,,
1. North Central,22. Kogi,2208. IGALAMELA,2. RURAL,642,229026,1,1. YES,1. YES,1. YES,1. YES,1. YES,1. YES,1. YES,2. NO,1. YES,1. YES,2,2,2,1. YES,0,0,0,0,0,1,0,0,1,1,1,1,1,0,1,1,0,0,0,0,12. LACK OF MONEY,5. FOOD IN THE MARKET WAS VERY EXPENSIVE,,
1. North Central,22. Kogi,2208. IGALAMELA,2. RURAL,642,229028,1501,1. YES,1. YES,1. YES,1. YES,1. YES,1. YES,1. YES,1. YES,2. NO,2. NO,3,2,3,1. YES,1,0,0,0,0,0,0,0,0,0,0,0,0,0,0,0,0,0,0,0,5. FOOD IN THE MARKET WAS VERY EXPENSIVE,12. LACK OF MONEY,,
1. North Central,22. Kogi,2208. IGALAMELA,2. RURAL,642,229029,1,1. YES,1. YES,1. YES,2. NO,1. YES,1. YES,2. NO,2. NO,2. NO,2. NO,3,,,1. YES,1,0,0,0,0,0,0,0,0,0,0,0,0,0,0,0,0,0,0,0,12. LACK OF MONEY,5. FOOD IN THE MARKET WAS VERY EXPENSIVE,,
1. North Central,22. Kogi,2208. IGALAMELA,2. RURAL,642,229031,1,1. YES,1. YES,2. NO,1. YES,2. NO,2. NO,1. YES,1. YES,1. YES,1. YES,2,1,,2. NO,,,,,,,,,,,,,,,,,,,,,,,,
1. North Central,22. Kogi,2208. IGALAMELA,2. RURAL,642,229032,1,1. YES,1. YES,1. YES,1. YES,1. YES,1. YES,1. YES,2. NO,1. YES,1. YES,2,2,,1. YES,0,0,0,0,0,0,0,0,0,0,1,1,1,1,1,1,0,0,0,0,12. LACK OF MONEY,4. INADEQUATE HOUSEHOLD FOOD STOCKS DUE TO LACK OF FARM INPUTS,,
1. North Central,22. Kogi,2208. IGALAMELA,2. RURAL,642,229033,1,1. YES,1. YES,1. YES,1. YES,1. YES,1. YES,1. YES,2. NO,2. NO,1. YES,3,,,1. YES,0,0,0,1,1,0,0,0,0,0,0,0,1,1,1,1,0,0,0,0,12. LACK OF MONEY,,,
1. North Central,22. Kogi,2208. IGALAMELA,2. RURAL,642,229035,1,1. YES,1. YES,2. NO,2. NO,2. NO,2. NO,2. NO,1. YES,2. NO,2. NO,2,2,,1. YES,0,0,0,0,0,0,1,0,0,0,0,0,0,0,0,0,0,0,0,0,2. INADEQUATE HOUSEHOLD FOOD STOCKS DUE TO CROP PEST DAMAGE,,,
1. North Central,22. Kogi,2208. IGALAMELA,2. RURAL,642,229036,1,1. YES,1. YES,1. YES,2. NO,2. NO,1. YES,2. NO,2. NO,2. NO,2. NO,3,3,,1. YES,1,0,0,0,0,0,0,0,0,0,0,0,0,0,0,0,0,0,0,0,5. FOOD IN THE MARKET WAS VERY EXPENSIVE,12. LACK OF MONEY,,
1. North Central,22. Kogi,2213. MAPO MURO,1. URBAN,100,229037,2,1. YES,1. YES,1. YES,1. YES,1. YES,1. YES,1. YES,2. NO,1. YES,1. YES,2,2,,1. YES,,,,,,,,,,,,,,,,,,,,,12. LACK OF MONEY,10. INADEQUATE FOOD STOCK FROM FARM DUE TO CONFLICT/SECURITY,,
1. North Central,22. Kogi,2213. MAPO MURO,1. URBAN,100,229038,1,1. YES,1. YES,1. YES,1. YES,1. YES,1. YES,1. YES,2. NO,2. NO,2. NO,3,3,,1. YES,1,0,0,0,0,0,0,0,0,0,0,0,0,0,0,0,0,0,0,0,5. FOOD IN THE MARKET WAS VERY EXPENSIVE,12. LACK OF MONEY,,
1. North Central,22. Kogi,2213. MAPO MURO,1. URBAN,100,229039,2,1. YES,1. YES,1. YES,1. YES,1. YES,1. YES,1. YES,2. NO,2. NO,1. YES,2,,,1. YES,0,0,0,0,0,0,0,0,0,0,1,1,1,1,1,0,0,0,0,0,12. LACK OF MONEY,,,
1. North Central,22. Kogi,2213. MAPO MURO,1. URBAN,100,229040,1,1. YES,1. YES,2. NO,1. YES,1. YES,1. YES,1. YES,1. YES,1. YES,1. YES,2,,,1. YES,0,0,0,0,1,0,0,0,0,0,0,0,0,0,0,0,0,0,0,0,1. INADEQUATE HOUSEHOLD FOOD STOCKS DUE TO DROUGHT/ POOR RAINS,,,
1. North Central,22. Kogi,2213. MAPO MURO,1. URBAN,100,229041,1,1. YES,1. YES,1. YES,1. YES,1. YES,1. YES,1. YES,2. NO,1. YES,2. NO,2,3,3,1. YES,1,0,0,0,0,0,0,0,0,0,0,0,0,0,0,0,0,0,0,0,12. LACK OF MONEY,5. FOOD IN THE MARKET WAS VERY EXPENSIVE,,
1. North Central,22. Kogi,2213. MAPO MURO,1. URBAN,100,229042,1,1. YES,1. YES,1. YES,1. YES,2. NO,1. YES,2. NO,2. NO,2. NO,1. YES,2,2,3,2. NO,,,,,,,,,,,,,,,,,,,,,,,,
1. North Central,22. Kogi,2213. MAPO MURO,1. URBAN,100,229044,1,2. NO,2. NO,2. NO,1. YES,2. NO,1. YES,2. NO,2. NO,2. NO,2. NO,2,3,2,2. NO,,,,,,,,,,,,,,,,,,,,,,,,
1. North Central,22. Kogi,2213. MAPO MURO,1. URBAN,100,229046,1,1. YES,1. YES,1. YES,1. YES,1. YES,1. YES,1. YES,2. NO,2. NO,2. NO,3,3,,1. YES,1,0,0,0,0,0,0,0,0,0,0,0,0,0,0,0,0,0,0,0,5. FOOD IN THE MARKET WAS VERY EXPENSIVE,12. LACK OF MONEY,,
1. North Central,22. Kogi,2213. MAPO MURO,1. URBAN,100,229047,1,1. YES,1. YES,2. NO,1. YES,1. YES,1. YES,1. YES,1. YES,1. YES,1. YES,2,1,1,2. NO,,,,,,,,,,,,,,,,,,,,,,,,
1. North Central,22. Kogi,2213. MAPO MURO,1. URBAN,100,229048,1,1. YES,1. YES,1. YES,1. YES,1. YES,1. YES,1. YES,1. YES,1. YES,1. YES,2,2,2,1. YES,0,0,0,0,0,0,0,1,1,1,0,1,1,1,0,0,0,0,0,0,12. LACK OF MONEY,,,
1. North Central,22. Kogi,2216. OKEHI,1. URBAN,270,229049,1,1. YES,1. YES,1. YES,1. YES,1. YES,2. NO,2. NO,2. NO,2. NO,2. NO,3,3,,1. YES,1,0,0,0,0,0,0,0,0,0,0,0,0,0,0,0,0,0,0,0,12. LACK OF MONEY,5. FOOD IN THE MARKET WAS VERY EXPENSIVE,,
1. North Central,22. Kogi,2216. OKEHI,1. URBAN,270,229050,1,1. YES,2. NO,1. YES,1. YES,1. YES,1. YES,1. YES,1. YES,1. YES,2. NO,2,,2,2. NO,,,,,,,,,,,,,,,,,,,,,,,,
1. North Central,22. Kogi,2216. OKEHI,1. URBAN,270,229051,1,1. YES,1. YES,1. YES,1. YES,1. YES,1. YES,1. YES,2. NO,1. YES,1. YES,2,2,,1. YES,0,0,0,0,0,0,0,0,0,1,1,1,1,1,1,0,0,0,0,0,12. LACK OF MONEY,,,
1. North Central,22. Kogi,2216. OKEHI,1. URBAN,270,229052,1,1. YES,1. YES,1. YES,2. NO,1. YES,2. NO,1. YES,1. YES,1. YES,1. YES,2,2,2,1. YES,0,0,0,0,0,0,0,1,0,0,0,0,0,0,0,0,0,0,0,0,1. INADEQUATE HOUSEHOLD FOOD STOCKS DUE TO DROUGHT/ POOR RAINS,,,
1. North Central,22. Kogi,2216. OKEHI,1. URBAN,270,229053,1,1. YES,1. YES,1. YES,1. YES,1. YES,1. YES,1. YES,2. NO,1. YES,2. NO,2,3,3,1. YES,1,0,0,0,0,0,0,0,0,0,0,0,0,0,0,0,0,0,0,0,5. FOOD IN THE MARKET WAS VERY EXPENSIVE,12. LACK OF MONEY,,
1. North Central,22. Kogi,2216. OKEHI,1. URBAN,270,229056,1,1. YES,1. YES,1. YES,1. YES,1. YES,1. YES,1. YES,2. NO,1. YES,1. YES,2,2,,1. YES,0,0,0,0,0,0,0,0,1,1,1,1,1,1,1,1,0,0,0,0,12. LACK OF MONEY,5. FOOD IN THE MARKET WAS VERY EXPENSIVE,,
6. South West,28. Ondo,2805. AKURE NORTH,1. URBAN,0,229057,1,1. YES,1. YES,1. YES,1. YES,1. YES,1. YES,2. NO,2. NO,1. YES,2. NO,3,3,3,1. YES,0,0,0,0,0,0,0,0,1,1,1,1,0,0,0,0,0,0,0,0,12. LACK OF MONEY,,,
1. North Central,22. Kogi,2216. OKEHI,1. URBAN,270,229058,1,1. YES,1. YES,1. YES,1. YES,1. YES,1. YES,1. YES,2. NO,2. NO,1. YES,2,,,1. YES,0,0,0,0,0,0,0,1,0,1,1,1,1,1,1,0,0,0,0,0,12. LACK OF MONEY,5. FOOD IN THE MARKET WAS VERY EXPENSIVE,,
1. North Central,22. Kogi,2216. OKEHI,1. URBAN,270,229059,1,1. YES,1. YES,1. YES,1. YES,2. NO,2. NO,2. NO,2. NO,2. NO,2. NO,2,,,2. NO,,,,,,,,,,,,,,,,,,,,,,,,
1. North Central,22. Kogi,2216. OKEHI,1. URBAN,270,229060,1,1. YES,1. YES,1. YES,1. YES,1. YES,1. YES,1. YES,2. NO,2. NO,1. YES,2,2,,1. YES,0,0,0,0,1,1,0,1,1,1,1,1,1,1,1,0,0,0,0,0,12. LACK OF MONEY,5. FOOD IN THE MARKET WAS VERY EXPENSIVE,,
1. North Central,22. Kogi,2216. OKEHI,1. URBAN,588,229061,2,1. YES,1. YES,2. NO,2. NO,1. YES,1. YES,1. YES,1. YES,1. YES,1. YES,2,,,2. NO,,,,,,,,,,,,,,,,,,,,,,,,
1. North Central,22. Kogi,2216. OKEHI,1. URBAN,588,229063,2,1. YES,1. YES,1. YES,1. YES,1. YES,1. YES,1. YES,2. NO,1. YES,2. NO,2,2,2,1. YES,1,0,0,0,0,0,0,0,0,0,0,0,0,0,0,0,0,0,0,0,12. LACK OF MONEY,5. FOOD IN THE MARKET WAS VERY EXPENSIVE,,
1. North Central,22. Kogi,2216. OKEHI,1. URBAN,0,229064,1,1. YES,1. YES,1. YES,1. YES,1. YES,1. YES,1. YES,2. NO,2. NO,1. YES,2,2,,1. YES,0,0,0,0,0,0,0,0,0,1,1,1,1,1,1,1,0,0,0,0,12. LACK OF MONEY,5. FOOD IN THE MARKET WAS VERY EXPENSIVE,,
1. North Central,22. Kogi,2216. OKEHI,1. URBAN,588,229065,1,1. YES,1. YES,1. YES,1. YES,1. YES,1. YES,2. NO,1. YES,2. NO,1. YES,2,1,2,1. YES,0,0,0,0,0,0,1,0,0,0,0,0,0,0,0,0,0,0,0,0,1. INADEQUATE HOUSEHOLD FOOD STOCKS DUE TO DROUGHT/ POOR RAINS,,,
1. North Central,22. Kogi,2216. OKEHI,1. URBAN,588,229070,1,1. YES,1. YES,1. YES,1. YES,1. YES,1. YES,1. YES,2. NO,1. YES,1. YES,2,3,3,1. YES,0,0,0,0,0,0,1,1,1,0,1,1,1,1,1,0,0,0,0,0,12. LACK OF MONEY,5. FOOD IN THE MARKET WAS VERY EXPENSIVE,,
1. North Central,22. Kogi,2216. OKEHI,1. URBAN,588,229071,1,1. YES,1. YES,1. YES,1. YES,1. YES,1. YES,1. YES,1. YES,1. YES,1. YES,2,,,2. NO,,,,,,,,,,,,,,,,,,,,,,,,
1. North Central,37. FCT,3703. GWAGWALADA,1. URBAN,0,229072,1,1. YES,1. YES,1. YES,1. YES,1. YES,1. YES,1. YES,2. NO,2. NO,2. NO,2,,,1. YES,0,0,0,0,0,0,0,0,1,1,1,1,1,0,0,0,0,0,0,0,5. FOOD IN THE MARKET WAS VERY EXPENSIVE,6. UNABLE TO REACH THE MARKET DUE TO HIGH TRANSPORTATION COSTS,,
1. North Central,22. Kogi,2208. IGALAMELA,2. RURAL,194,229087,9,1. YES,1. YES,1. YES,2. NO,1. YES,1. YES,1. YES,2. NO,2. NO,2. NO,2,2,,1. YES,1,0,0,0,0,0,0,0,0,0,0,0,0,0,0,0,0,0,0,0,1. INADEQUATE HOUSEHOLD FOOD STOCKS DUE TO DROUGHT/ POOR RAINS,12. LACK OF MONEY,,
1. North Central,22. Kogi,2208. IGALAMELA,2. RURAL,642,229090,1,1. YES,1. YES,1. YES,1. YES,1. YES,1. YES,1. YES,2. NO,2. NO,1. YES,2,2,,1. YES,0,0,0,0,0,0,0,0,0,1,0,1,1,1,1,1,0,0,0,0,12. LACK OF MONEY,5. FOOD IN THE MARKET WAS VERY EXPENSIVE,,
1. North Central,22. Kogi,2216. OKEHI,1. URBAN,588,229094,2,1. YES,1. YES,1. YES,1. YES,1. YES,1. YES,1. YES,2. NO,1. YES,1. YES,3,3,,1. YES,0,0,0,0,0,0,0,0,1,1,0,1,1,1,1,1,0,0,0,0,12. LACK OF MONEY,5. FOOD IN THE MARKET WAS VERY EXPENSIVE,,
1. North Central,23. Kwara,2307. ILORIN SOUTH,1. URBAN,2316,230011,1,1. YES,1. YES,1. YES,2. NO,1. YES,1. YES,2. NO,2. NO,2. NO,2. NO,3,,,2. NO,,,,,,,,,,,,,,,,,,,,,,,,
1. North Central,23. Kwara,2307. ILORIN SOUTH,1. URBAN,2316,230013,1301,1. YES,1. YES,1. YES,2. NO,1. YES,1. YES,2. NO,2. NO,2. NO,2. NO,3,,,1. YES,0,0,0,0,0,0,0,0,0,0,0,0,0,1,0,0,0,0,0,0,12. LACK OF MONEY,,,
1. North Central,23. Kwara,2307. ILORIN SOUTH,1. URBAN,2316,230014,1,1. YES,1. YES,1. YES,2. NO,1. YES,1. YES,1. YES,2. NO,2. NO,2. NO,3,3,3,1. YES,0,0,0,0,1,0,0,0,0,0,0,0,0,0,0,0,0,0,0,0,12. LACK OF MONEY,5. FOOD IN THE MARKET WAS VERY EXPENSIVE,,
1. North Central,23. Kwara,2307. ILORIN SOUTH,1. URBAN,2316,230015,2,1. YES,1. YES,1. YES,1. YES,1. YES,1. YES,1. YES,2. NO,1. YES,1. YES,3,3,,1. YES,0,0,0,1,1,1,1,1,0,0,0,0,0,0,0,0,0,0,0,0,12. LACK OF MONEY,5. FOOD IN THE MARKET WAS VERY EXPENSIVE,,
1. North Central,23. Kwara,2307. ILORIN SOUTH,1. URBAN,2316,230016,2,1. YES,1. YES,1. YES,1. YES,1. YES,1. YES,1. YES,2. NO,1. YES,2. NO,3,4,,1. YES,0,0,0,0,0,0,0,1,1,1,0,0,0,0,0,0,0,0,0,0,13. LACK OF ACCESS TO MONEY AT THE BANK DUE TO NAIRA REDESIGN,5. FOOD IN THE MARKET WAS VERY EXPENSIVE,,
1. North Central,23. Kwara,2307. ILORIN SOUTH,1. URBAN,2316,230017,2,1. YES,1. YES,2. NO,1. YES,1. YES,2. NO,2. NO,2. NO,2. NO,2. NO,3,3,,2. NO,,,,,,,,,,,,,,,,,,,,,,,,
1. North Central,23. Kwara,2307. ILORIN SOUTH,1. URBAN,2316,230018,2,1. YES,2. NO,2. NO,1. YES,1. YES,1. YES,2. NO,2. NO,1. YES,2. NO,3,,,1. YES,0,0,0,0,0,0,0,0,0,1,0,0,0,0,0,0,0,0,0,0,5. FOOD IN THE MARKET WAS VERY EXPENSIVE,13. LACK OF ACCESS TO MONEY AT THE BANK DUE TO NAIRA REDESIGN,6. UNABLE TO REACH THE MARKET DUE TO HIGH TRANSPORTATION COSTS,
1. North Central,23. Kwara,2307. ILORIN SOUTH,1. URBAN,2316,230019,1,2. NO,2. NO,2. NO,2. NO,2. NO,2. NO,2. NO,2. NO,2. NO,2. NO,3,3,,2. NO,,,,,,,,,,,,,,,,,,,,,,,,
1. North Central,23. Kwara,2307. ILORIN SOUTH,1. URBAN,2316,230020,1,1. YES,1. YES,1. YES,1. YES,1. YES,1. YES,2. NO,2. NO,2. NO,2. NO,3,4,,1. YES,0,0,0,0,0,0,0,1,1,1,0,0,0,0,0,0,0,0,0,0,13. LACK OF ACCESS TO MONEY AT THE BANK DUE TO NAIRA REDESIGN,12. LACK OF MONEY,5. FOOD IN THE MARKET WAS VERY EXPENSIVE,
1. North Central,23. Kwara,2304. EKITI,2. RURAL,322,230071,1,1. YES,1. YES,1. YES,1. YES,1. YES,2. NO,2. NO,2. NO,1. YES,2. NO,2,3,,2. NO,,,,,,,,,,,,,,,,,,,,,,,,
1. North Central,23. Kwara,2304. EKITI,2. RURAL,322,230072,1,2. NO,2. NO,2. NO,2. NO,2. NO,2. NO,2. NO,2. NO,2. NO,2. NO,3,3,3,2. NO,,,,,,,,,,,,,,,,,,,,,,,,
1. North Central,23. Kwara,2304. EKITI,2. RURAL,322,230073,2,2. NO,1. YES,2. NO,2. NO,2. NO,2. NO,2. NO,2. NO,2. NO,2. NO,3,3,,2. NO,,,,,,,,,,,,,,,,,,,,,,,,
1. North Central,23. Kwara,2919. IREPODUN,1. URBAN,0,230074,2,2. NO,2. NO,2. NO,2. NO,2. NO,2. NO,2. NO,2. NO,2. NO,2. NO,3,3,3,2. NO,,,,,,,,,,,,,,,,,,,,,,,,
1. North Central,23. Kwara,2919. IREPODUN,1. URBAN,0,230075,1,2. NO,2. NO,2. NO,2. NO,2. NO,2. NO,2. NO,2. NO,2. NO,2. NO,3,,,2. NO,,,,,,,,,,,,,,,,,,,,,,,,
1. North Central,23. Kwara,2304. EKITI,2. RURAL,322,230076,1,2. NO,2. NO,2. NO,2. NO,2. NO,2. NO,2. NO,2. NO,2. NO,2. NO,3,3,3,2. NO,,,,,,,,,,,,,,,,,,,,,,,,
1. North Central,23. Kwara,2304. EKITI,2. RURAL,322,230077,101,1. YES,2. NO,2. NO,1. YES,1. YES,1. YES,2. NO,2. NO,1. YES,2. NO,2,3,,2. NO,,,,,,,,,,,,,,,,,,,,,,,,
1. North Central,23. Kwara,2304. EKITI,2. RURAL,322,230078,2,2. NO,2. NO,2. NO,2. NO,2. NO,2. NO,2. NO,2. NO,2. NO,2. NO,3,3,,2. NO,,,,,,,,,,,,,,,,,,,,,,,,
1. North Central,23. Kwara,2304. EKITI,2. RURAL,322,230079,2,2. NO,2. NO,1. YES,2. NO,2. NO,2. NO,2. NO,2. NO,2. NO,2. NO,3,,,2. NO,,,,,,,,,,,,,,,,,,,,,,,,
1. North Central,23. Kwara,2304. EKITI,2. RURAL,322,230080,1,1. YES,1. YES,1. YES,1. YES,1. YES,1. YES,2. NO,2. NO,1. YES,2. NO,2,,,1. YES,0,0,0,0,0,0,0,0,1,1,1,1,0,0,0,0,0,0,0,0,12. LACK OF MONEY,5. FOOD IN THE MARKET WAS VERY EXPENSIVE,,
1. North Central,23. Kwara,2311. KAIMA,2. RURAL,516,230081,1,1. YES,1. YES,1. YES,1. YES,1. YES,1. YES,1. YES,2. NO,1. YES,2. NO,2,3,3,2. NO,,,,,,,,,,,,,,,,,,,,,,,,
1. North Central,23. Kwara,2311. KAIMA,2. RURAL,516,230083,2,2. NO,2. NO,2. NO,2. NO,2. NO,2. NO,2. NO,2. NO,2. NO,2. NO,3,,,2. NO,,,,,,,,,,,,,,,,,,,,,,,,
1. North Central,23. Kwara,2311. KAIMA,2. RURAL,516,230084,1,1. YES,1. YES,1. YES,1. YES,1. YES,1. YES,1. YES,1. YES,1. YES,2. NO,2,3,,1. YES,1,0,0,0,0,0,0,0,0,0,0,0,0,0,0,0,0,0,0,0,12. LACK OF MONEY,5. FOOD IN THE MARKET WAS VERY EXPENSIVE,,
1. North Central,23. Kwara,2311. KAIMA,2. RURAL,516,230086,2,2. NO,2. NO,2. NO,2. NO,2. NO,2. NO,2. NO,2. NO,2. NO,2. NO,2,,,2. NO,,,,,,,,,,,,,,,,,,,,,,,,
1. North Central,23. Kwara,2311. KAIMA,2. RURAL,516,230087,1,2. NO,2. NO,2. NO,2. NO,2. NO,2. NO,2. NO,2. NO,2. NO,2. NO,3,3,,2. NO,,,,,,,,,,,,,,,,,,,,,,,,
6. South West,29. Osun,2923. OBOKUN,1. URBAN,0,230088,1,2. NO,2. NO,2. NO,2. NO,2. NO,2. NO,2. NO,2. NO,2. NO,2. NO,3,,,2. NO,,,,,,,,,,,,,,,,,,,,,,,,
1. North Central,23. Kwara,2311. KAIMA,2. RURAL,516,230089,1,2. NO,2. NO,2. NO,2. NO,2. NO,2. NO,2. NO,2. NO,2. NO,2. NO,3,3,,2. NO,,,,,,,,,,,,,,,,,,,,,,,,
1. North Central,23. Kwara,2311. KAIMA,2. RURAL,516,230090,1,1. YES,1. YES,1. YES,1. YES,1. YES,1. YES,1. YES,2. NO,1. YES,2. NO,2,2,,2. NO,,,,,,,,,,,,,,,,,,,,,,,,
1. North Central,23. Kwara,2302. BARUTEN,2. RURAL,1982,230091,1,2. NO,2. NO,2. NO,2. NO,2. NO,2. NO,2. NO,2. NO,2. NO,2. NO,3,3,,2. NO,,,,,,,,,,,,,,,,,,,,,,,,
1. North Central,23. Kwara,2302. BARUTEN,2. RURAL,1982,230092,2,1. YES,1. YES,1. YES,2. NO,1. YES,2. NO,2. NO,2. NO,2. NO,2. NO,2,,3,1. YES,0,0,0,0,0,0,0,0,0,0,0,0,0,1,1,1,0,0,0,0,4. INADEQUATE HOUSEHOLD FOOD STOCKS DUE TO LACK OF FARM INPUTS,2. INADEQUATE HOUSEHOLD FOOD STOCKS DUE TO CROP PEST DAMAGE,,
1. North Central,23. Kwara,2302. BARUTEN,2. RURAL,1982,230093,1,2. NO,1. YES,1. YES,2. NO,2. NO,2. NO,2. NO,2. NO,2. NO,2. NO,3,4,,2. NO,,,,,,,,,,,,,,,,,,,,,,,,
1. North Central,23. Kwara,2302. BARUTEN,2. RURAL,1982,230095,1,2. NO,2. NO,2. NO,2. NO,2. NO,2. NO,2. NO,2. NO,2. NO,2. NO,3,,,2. NO,,,,,,,,,,,,,,,,,,,,,,,,
1. North Central,23. Kwara,2302. BARUTEN,2. RURAL,1982,230097,1,1. YES,1. YES,1. YES,2. NO,1. YES,2. NO,2. NO,2. NO,2. NO,2. NO,2,3,3,1. YES,0,0,0,0,0,0,0,0,0,0,0,0,1,1,1,0,0,0,0,0,2. INADEQUATE HOUSEHOLD FOOD STOCKS DUE TO CROP PEST DAMAGE,,,
1. North Central,23. Kwara,2302. BARUTEN,2. RURAL,1982,230098,5101,1. YES,1. YES,1. YES,1. YES,1. YES,2. NO,2. NO,2. NO,2. NO,2. NO,3,4,4,2. NO,,,,,,,,,,,,,,,,,,,,,,,,
1. North Central,23. Kwara,2302. BARUTEN,2. RURAL,1982,230099,1,2. NO,2. NO,2. NO,2. NO,2. NO,2. NO,2. NO,2. NO,2. NO,2. NO,3,3,3,2. NO,,,,,,,,,,,,,,,,,,,,,,,,
1. North Central,23. Kwara,2303. EDU,2. RURAL,68,239001,1,2. NO,1. YES,1. YES,2. NO,1. YES,2. NO,2. NO,2. NO,2. NO,2. NO,2,3,3,2. NO,,,,,,,,,,,,,,,,,,,,,,,,
1. North Central,23. Kwara,2303. EDU,2. RURAL,68,239002,1,2. NO,2. NO,2. NO,2. NO,2. NO,2. NO,2. NO,2. NO,2. NO,2. NO,3,3,3,2. NO,,,,,,,,,,,,,,,,,,,,,,,,
1. North Central,23. Kwara,2303. EDU,2. RURAL,68,239003,502,2. NO,1. YES,1. YES,2. NO,1. YES,2. NO,2. NO,2. NO,2. NO,2. NO,2,3,3,1. YES,0,0,0,0,0,0,0,0,0,0,1,0,0,0,0,0,0,0,0,0,12. LACK OF MONEY,,,
1. North Central,23. Kwara,2303. EDU,2. RURAL,68,239004,1,1. YES,1. YES,1. YES,2. NO,1. YES,1. YES,1. YES,2. NO,2. NO,2. NO,3,,,2. NO,,,,,,,,,,,,,,,,,,,,,,,,
1. North Central,23. Kwara,2303. EDU,2. RURAL,68,239005,1,1. YES,1. YES,1. YES,1. YES,1. YES,1. YES,2. NO,1. YES,2. NO,2. NO,3,3,4,1. YES,0,0,0,0,0,0,0,1,1,1,0,0,0,0,0,0,0,0,0,0,13. LACK OF ACCESS TO MONEY AT THE BANK DUE TO NAIRA REDESIGN,,,
1. North Central,23. Kwara,2303. EDU,2. RURAL,68,239009,1,2. NO,2. NO,2. NO,2. NO,2. NO,2. NO,2. NO,2. NO,2. NO,2. NO,3,3,,2. NO,,,,,,,,,,,,,,,,,,,,,,,,
1. North Central,23. Kwara,2303. EDU,2. RURAL,68,239010,1,2. NO,2. NO,2. NO,2. NO,2. NO,2. NO,2. NO,2. NO,2. NO,2. NO,3,3,,2. NO,,,,,,,,,,,,,,,,,,,,,,,,
1. North Central,23. Kwara,2303. EDU,2. RURAL,68,239012,1,2. NO,1. YES,2. NO,2. NO,1. YES,2. NO,2. NO,2. NO,2. NO,2. NO,2,,3,2. NO,,,,,,,,,,,,,,,,,,,,,,,,
1. North Central,23. Kwara,2303. EDU,2. RURAL,828,239013,1,2. NO,2. NO,2. NO,2. NO,2. NO,2. NO,2. NO,2. NO,2. NO,2. NO,3,,,2. NO,,,,,,,,,,,,,,,,,,,,,,,,
1. North Central,23. Kwara,2303. EDU,2. RURAL,828,239014,1,2. NO,2. NO,2. NO,2. NO,2. NO,2. NO,2. NO,2. NO,2. NO,2. NO,3,3,3,2. NO,,,,,,,,,,,,,,,,,,,,,,,,
1. North Central,23. Kwara,2303. EDU,2. RURAL,828,239015,1,1. YES,1. YES,2. NO,2. NO,2. NO,2. NO,2. NO,2. NO,2. NO,2. NO,3,,,2. NO,,,,,,,,,,,,,,,,,,,,,,,,
1. North Central,23. Kwara,2303. EDU,2. RURAL,828,239016,1,2. NO,2. NO,2. NO,2. NO,2. NO,2. NO,2. NO,2. NO,2. NO,2. NO,3,3,3,2. NO,,,,,,,,,,,,,,,,,,,,,,,,
1. North Central,23. Kwara,2303. EDU,2. RURAL,828,239017,5,2. NO,2. NO,2. NO,2. NO,2. NO,2. NO,2. NO,2. NO,2. NO,2. NO,3,3,3,2. NO,,,,,,,,,,,,,,,,,,,,,,,,
1. North Central,23. Kwara,2303. EDU,2. RURAL,828,239018,1,2. NO,2. NO,2. NO,2. NO,2. NO,2. NO,2. NO,2. NO,2. NO,2. NO,3,3,,2. NO,,,,,,,,,,,,,,,,,,,,,,,,
1. North Central,23. Kwara,2303. EDU,2. RURAL,828,239021,1,2. NO,2. NO,2. NO,2. NO,2. NO,2. NO,2. NO,2. NO,2. NO,2. NO,3,3,3,2. NO,,,,,,,,,,,,,,,,,,,,,,,,
1. North Central,23. Kwara,2303. EDU,2. RURAL,828,239022,1,2. NO,2. NO,2. NO,2. NO,2. NO,2. NO,2. NO,2. NO,2. NO,2. NO,3,3,,2. NO,,,,,,,,,,,,,,,,,,,,,,,,
1. North Central,26. Niger,2603. BIDA,2. RURAL,0,239023,1,1. YES,1. YES,1. YES,2. NO,1. YES,1. YES,2. NO,2. NO,2. NO,2. NO,3,3,,2. NO,,,,,,,,,,,,,,,,,,,,,,,,
1. North Central,23. Kwara,2303. EDU,2. RURAL,828,239024,1,2. NO,2. NO,2. NO,2. NO,2. NO,2. NO,2. NO,2. NO,2. NO,2. NO,3,3,,2. NO,,,,,,,,,,,,,,,,,,,,,,,,
1. North Central,23. Kwara,2304. EKITI,2. RURAL,432,239025,1,1. YES,1. YES,1. YES,2. NO,1. YES,1. YES,1. YES,2. NO,2. NO,2. NO,3,4,4,1. YES,0,0,0,0,0,0,0,1,1,1,0,0,0,0,0,0,0,0,0,0,13. LACK OF ACCESS TO MONEY AT THE BANK DUE TO NAIRA REDESIGN,,,
1. North Central,23. Kwara,2304. EKITI,2. RURAL,432,239026,1701,2. NO,1. YES,1. YES,2. NO,1. YES,2. NO,2. NO,2. NO,2. NO,2. NO,2,3,,2. NO,,,,,,,,,,,,,,,,,,,,,,,,
1. North Central,23. Kwara,2304. EKITI,2. RURAL,432,239027,1,1. YES,1. YES,1. YES,1. YES,1. YES,1. YES,1. YES,2. NO,2. NO,2. NO,3,3,4,2. NO,,,,,,,,,,,,,,,,,,,,,,,,
1. North Central,23. Kwara,2304. EKITI,2. RURAL,432,239028,1,2. NO,2. NO,1. YES,2. NO,2. NO,2. NO,2. NO,2. NO,2. NO,2. NO,3,,,2. NO,,,,,,,,,,,,,,,,,,,,,,,,
1. North Central,23. Kwara,2304. EKITI,2. RURAL,432,239029,1,1. YES,2. NO,1. YES,1. YES,1. YES,1. YES,2. NO,1. YES,2. NO,2. NO,3,,,2. NO,,,,,,,,,,,,,,,,,,,,,,,,
6. South West,29. Osun,2923. OBOKUN,2. RURAL,0,239032,1,1. YES,1. YES,1. YES,1. YES,1. YES,1. YES,1. YES,2. NO,1. YES,2. NO,3,3,3,1. YES,1,0,0,0,0,0,0,0,0,0,0,0,0,0,0,0,0,0,0,0,12. LACK OF MONEY,,,
1. North Central,23. Kwara,2304. EKITI,2. RURAL,432,239033,1,1. YES,1. YES,1. YES,1. YES,1. YES,1. YES,1. YES,2. NO,1. YES,2. NO,3,3,,2. NO,,,,,,,,,,,,,,,,,,,,,,,,
1. North Central,23. Kwara,2305. IFELODUN (KWARA),2. RURAL,174,239037,1,2. NO,1. YES,2. NO,2. NO,2. NO,2. NO,2. NO,2. NO,2. NO,2. NO,3,,,2. NO,,,,,,,,,,,,,,,,,,,,,,,,
1. North Central,23. Kwara,2305. IFELODUN (KWARA),2. RURAL,174,239039,1,2. NO,2. NO,2. NO,2. NO,1. YES,2. NO,2. NO,2. NO,2. NO,2. NO,3,3,3,2. NO,,,,,,,,,,,,,,,,,,,,,,,,
1. North Central,23. Kwara,2305. IFELODUN (KWARA),2. RURAL,174,239042,1,1. YES,1. YES,1. YES,2. NO,1. YES,2. NO,2. NO,2. NO,2. NO,2. NO,3,,,2. NO,,,,,,,,,,,,,,,,,,,,,,,,
1. North Central,23. Kwara,2305. IFELODUN (KWARA),2. RURAL,174,239043,1,2. NO,2. NO,2. NO,2. NO,2. NO,2. NO,2. NO,2. NO,2. NO,2. NO,3,3,,2. NO,,,,,,,,,,,,,,,,,,,,,,,,
1. North Central,23. Kwara,2305. IFELODUN (KWARA),2. RURAL,174,239044,1,1. YES,1. YES,1. YES,2. NO,2. NO,2. NO,2. NO,2. NO,2. NO,2. NO,3,,,2. NO,,,,,,,,,,,,,,,,,,,,,,,,
1. North Central,23. Kwara,2305. IFELODUN (KWARA),2. RURAL,174,239045,2,2. NO,2. NO,2. NO,2. NO,2. NO,2. NO,2. NO,2. NO,2. NO,2. NO,3,3,3,2. NO,,,,,,,,,,,,,,,,,,,,,,,,
1. North Central,23. Kwara,2305. IFELODUN (KWARA),2. RURAL,174,239046,1501,2. NO,2. NO,2. NO,2. NO,2. NO,2. NO,2. NO,2. NO,2. NO,2. NO,3,,,2. NO,,,,,,,,,,,,,,,,,,,,,,,,
1. North Central,23. Kwara,2305. IFELODUN (KWARA),2. RURAL,174,239047,2,2. NO,2. NO,2. NO,2. NO,2. NO,1. YES,2. NO,2. NO,2. NO,2. NO,3,3,,2. NO,,,,,,,,,,,,,,,,,,,,,,,,
1. North Central,23. Kwara,2308. ILORIN WEST,2. RURAL,0,239048,1,2. NO,2. NO,2. NO,2. NO,2. NO,2. NO,2. NO,2. NO,2. NO,2. NO,3,,,2. NO,,,,,,,,,,,,,,,,,,,,,,,,
1. North Central,23. Kwara,2306. ILORIN EAST,1. URBAN,78,239049,1,1. YES,1. YES,1. YES,1. YES,1. YES,1. YES,1. YES,2. NO,1. YES,2. NO,3,4,6,1. YES,0,0,0,0,0,0,0,1,1,1,0,0,0,0,0,0,0,0,0,0,13. LACK OF ACCESS TO MONEY AT THE BANK DUE TO NAIRA REDESIGN,6. UNABLE TO REACH THE MARKET DUE TO HIGH TRANSPORTATION COSTS,5. FOOD IN THE MARKET WAS VERY EXPENSIVE,
1. North Central,23. Kwara,2306. ILORIN EAST,1. URBAN,78,239050,3,1. YES,1. YES,1. YES,1. YES,1. YES,1. YES,1. YES,2. NO,2. NO,2. NO,3,,,1. YES,0,0,0,0,0,0,0,1,1,1,1,0,0,0,0,0,0,0,0,0,13. LACK OF ACCESS TO MONEY AT THE BANK DUE TO NAIRA REDESIGN,12. LACK OF MONEY,7. NO FOOD IN THE MARKET,
1. North Central,23. Kwara,2310. ISIN,1. URBAN,0,239052,1,2. NO,1. YES,1. YES,2. NO,2. NO,2. NO,2. NO,2. NO,2. NO,2. NO,3,3,3,2. NO,,,,,,,,,,,,,,,,,,,,,,,,
1. North Central,23. Kwara,2306. ILORIN EAST,1. URBAN,78,239053,101,2. NO,1. YES,1. YES,2. NO,1. YES,2. NO,2. NO,2. NO,2. NO,2. NO,2,3,3,1. YES,0,0,0,0,0,1,0,0,0,0,0,0,0,0,0,0,0,0,0,0,1. INADEQUATE HOUSEHOLD FOOD STOCKS DUE TO DROUGHT/ POOR RAINS,2. INADEQUATE HOUSEHOLD FOOD STOCKS DUE TO CROP PEST DAMAGE,,
1. North Central,23. Kwara,2306. ILORIN EAST,1. URBAN,78,239054,1,1. YES,1. YES,1. YES,1. YES,1. YES,1. YES,1. YES,2. NO,2. NO,2. NO,3,,,1. YES,0,0,0,0,0,0,0,1,1,1,1,0,0,0,0,0,0,0,0,0,13. LACK OF ACCESS TO MONEY AT THE BANK DUE TO NAIRA REDESIGN,12. LACK OF MONEY,6. UNABLE TO REACH THE MARKET DUE TO HIGH TRANSPORTATION COSTS,
1. North Central,26. Niger,2616. MASHEGU,1. URBAN,0,239055,2,2. NO,1. YES,1. YES,2. NO,1. YES,2. NO,2. NO,2. NO,2. NO,2. NO,3,3,3,2. NO,,,,,,,,,,,,,,,,,,,,,,,,
1. North Central,23. Kwara,2306. ILORIN EAST,1. URBAN,78,239058,1701,1. YES,1. YES,1. YES,1. YES,1. YES,1. YES,1. YES,1. YES,2. NO,1. YES,2,,,1. YES,1,0,0,0,0,0,0,0,0,0,0,0,0,0,0,0,0,0,0,0,12. LACK OF MONEY,5. FOOD IN THE MARKET WAS VERY EXPENSIVE,,
1. North Central,23. Kwara,2306. ILORIN EAST,1. URBAN,78,239059,1,1. YES,1. YES,1. YES,2. NO,1. YES,2. NO,2. NO,2. NO,2. NO,1. YES,2,,,1. YES,0,0,0,0,0,0,0,0,0,0,0,0,0,1,1,0,0,0,0,0,12. LACK OF MONEY,,,
1. North Central,23. Kwara,2308. ILORIN WEST,1. URBAN,88,239061,1,2. NO,2. NO,2. NO,2. NO,2. NO,2. NO,2. NO,2. NO,2. NO,2. NO,3,3,,2. NO,,,,,,,,,,,,,,,,,,,,,,,,
1. North Central,23. Kwara,2308. ILORIN WEST,1. URBAN,88,239062,1301,2. NO,2. NO,2. NO,2. NO,2. NO,2. NO,2. NO,2. NO,2. NO,2. NO,3,3,3,2. NO,,,,,,,,,,,,,,,,,,,,,,,,
1. North Central,23. Kwara,2308. ILORIN WEST,1. URBAN,88,239063,1,2. NO,2. NO,2. NO,2. NO,2. NO,2. NO,2. NO,2. NO,2. NO,2. NO,3,3,3,2. NO,,,,,,,,,,,,,,,,,,,,,,,,
1. North Central,23. Kwara,2308. ILORIN WEST,1. URBAN,88,239064,1,2. NO,2. NO,2. NO,2. NO,2. NO,2. NO,2. NO,2. NO,2. NO,2. NO,2,3,,2. NO,,,,,,,,,,,,,,,,,,,,,,,,
1. North Central,23. Kwara,2308. ILORIN WEST,1. URBAN,88,239065,3,1. YES,1. YES,1. YES,1. YES,1. YES,1. YES,2. NO,2. NO,1. YES,2. NO,3,,,2. NO,,,,,,,,,,,,,,,,,,,,,,,,
1. North Central,23. Kwara,2308. ILORIN WEST,1. URBAN,88,239066,1,2. NO,2. NO,2. NO,2. NO,2. NO,2. NO,1. YES,2. NO,2. NO,2. NO,3,3,,2. NO,,,,,,,,,,,,,,,,,,,,,,,,
1. North Central,23. Kwara,2308. ILORIN WEST,1. URBAN,88,239068,2,1. YES,1. YES,1. YES,1. YES,1. YES,1. YES,1. YES,2. NO,1. YES,2. NO,3,3,3,1. YES,0,0,0,0,0,0,0,0,1,1,1,0,0,0,0,0,0,0,0,0,12. LACK OF MONEY,,,
1. North Central,23. Kwara,2308. ILORIN WEST,1. URBAN,88,239070,102,1. YES,1. YES,1. YES,1. YES,1. YES,1. YES,1. YES,2. NO,1. YES,1. YES,2,2,,1. YES,0,0,0,0,0,0,0,0,0,0,0,0,1,1,1,1,0,0,0,0,5. FOOD IN THE MARKET WAS VERY EXPENSIVE,6. UNABLE TO REACH THE MARKET DUE TO HIGH TRANSPORTATION COSTS,12. LACK OF MONEY,
1. North Central,23. Kwara,2308. ILORIN WEST,1. URBAN,88,239071,2,1. YES,1. YES,1. YES,2. NO,1. YES,1. YES,1. YES,2. NO,1. YES,2. NO,2,3,,1. YES,0,0,0,0,0,0,0,0,0,0,0,1,1,1,0,0,0,0,0,0,12. LACK OF MONEY,,,
1. North Central,23. Kwara,2308. ILORIN WEST,1. URBAN,88,239072,2,1. YES,1. YES,1. YES,1. YES,1. YES,1. YES,2. NO,2. NO,1. YES,2. NO,2,3,,1. YES,0,0,0,0,0,0,0,0,0,1,0,0,0,0,0,0,0,0,0,0,13. LACK OF ACCESS TO MONEY AT THE BANK DUE TO NAIRA REDESIGN,,,
6. South West,24. Lagos,2412. IKORODU,1. URBAN,0,239074,2,1. YES,2. NO,1. YES,2. NO,1. YES,2. NO,2. NO,1. YES,1. YES,2. NO,2,3,3,2. NO,,,,,,,,,,,,,,,,,,,,,,,,
1. North Central,23. Kwara,2308. ILORIN WEST,1. URBAN,5126,239076,2,1. YES,1. YES,1. YES,1. YES,1. YES,1. YES,1. YES,1. YES,2. NO,1. YES,2,,,1. YES,0,0,0,0,0,0,0,0,0,0,1,0,0,0,0,0,0,0,0,0,12. LACK OF MONEY,5. FOOD IN THE MARKET WAS VERY EXPENSIVE,,
1. North Central,23. Kwara,2308. ILORIN WEST,1. URBAN,5126,239077,1,2. NO,1. YES,1. YES,1. YES,1. YES,2. NO,2. NO,2. NO,2. NO,2. NO,2,3,,2. NO,,,,,,,,,,,,,,,,,,,,,,,,
1. North Central,23. Kwara,2308. ILORIN WEST,1. URBAN,5126,239081,2,1. YES,1. YES,1. YES,1. YES,1. YES,1. YES,1. YES,2. NO,1. YES,2. NO,3,4,,1. YES,0,0,0,0,0,0,0,1,1,1,1,0,0,0,0,0,0,0,0,0,13. LACK OF ACCESS TO MONEY AT THE BANK DUE TO NAIRA REDESIGN,12. LACK OF MONEY,,
1. North Central,23. Kwara,2308. ILORIN WEST,1. URBAN,5126,239083,1,1. YES,1. YES,1. YES,1. YES,1. YES,1. YES,1. YES,2. NO,1. YES,1. YES,2,2,,1. YES,0,0,0,0,0,0,0,0,0,0,0,0,0,1,1,0,0,0,0,0,12. LACK OF MONEY,,,
1. North Central,23. Kwara,2308. ILORIN WEST,1. URBAN,5126,239084,1,1. YES,1. YES,2. NO,1. YES,1. YES,2. NO,2. NO,2. NO,2. NO,2. NO,2,3,3,2. NO,,,,,,,,,,,,,,,,,,,,,,,,
1. North Central,23. Kwara,2309. IRESPODUN,2. RURAL,740,239085,1,2. NO,2. NO,2. NO,2. NO,2. NO,2. NO,2. NO,2. NO,2. NO,2. NO,3,3,,2. NO,,,,,,,,,,,,,,,,,,,,,,,,
1. North Central,23. Kwara,2309. IRESPODUN,2. RURAL,740,239086,1,2. NO,2. NO,2. NO,2. NO,2. NO,2. NO,2. NO,2. NO,2. NO,2. NO,3,3,3,2. NO,,,,,,,,,,,,,,,,,,,,,,,,
1. North Central,23. Kwara,2309. IRESPODUN,2. RURAL,740,239087,2,2. NO,1. YES,2. NO,2. NO,2. NO,2. NO,2. NO,2. NO,2. NO,2. NO,3,,,2. NO,,,,,,,,,,,,,,,,,,,,,,,,
1. North Central,23. Kwara,2309. IRESPODUN,2. RURAL,740,239088,1,2. NO,2. NO,2. NO,2. NO,2. NO,2. NO,2. NO,2. NO,2. NO,2. NO,3,3,,2. NO,,,,,,,,,,,,,,,,,,,,,,,,
1. North Central,23. Kwara,2309. IRESPODUN,2. RURAL,740,239089,1,2. NO,2. NO,2. NO,2. NO,2. NO,2. NO,2. NO,2. NO,2. NO,2. NO,3,3,3,2. NO,,,,,,,,,,,,,,,,,,,,,,,,
1. North Central,23. Kwara,2309. IRESPODUN,2. RURAL,740,239090,1,1. YES,1. YES,1. YES,2. NO,2. NO,2. NO,1. YES,2. NO,2. NO,2. NO,3,3,3,2. NO,,,,,,,,,,,,,,,,,,,,,,,,
1. North Central,23. Kwara,2309. IRESPODUN,2. RURAL,740,239092,1,2. NO,2. NO,2. NO,2. NO,2. NO,2. NO,2. NO,2. NO,2. NO,2. NO,3,,,2. NO,,,,,,,,,,,,,,,,,,,,,,,,
1. North Central,23. Kwara,2309. IRESPODUN,2. RURAL,740,239093,1,2. NO,2. NO,2. NO,2. NO,2. NO,2. NO,2. NO,2. NO,2. NO,2. NO,3,,,2. NO,,,,,,,,,,,,,,,,,,,,,,,,
1. North Central,23. Kwara,2309. IRESPODUN,2. RURAL,740,239095,1,2. NO,2. NO,2. NO,2. NO,2. NO,2. NO,2. NO,2. NO,2. NO,2. NO,3,,,2. NO,,,,,,,,,,,,,,,,,,,,,,,,
1. North Central,23. Kwara,2309. IRESPODUN,2. RURAL,740,239096,1,2. NO,2. NO,2. NO,2. NO,2. NO,2. NO,2. NO,2. NO,2. NO,2. NO,3,3,3,2. NO,,,,,,,,,,,,,,,,,,,,,,,,
1. North Central,23. Kwara,2309. IRESPODUN,1. URBAN,1224,239097,1,2. NO,2. NO,1. YES,2. NO,2. NO,1. YES,2. NO,2. NO,2. NO,2. NO,3,,,1. YES,0,0,0,0,0,0,0,0,0,0,1,0,0,0,0,0,0,0,0,0,13. LACK OF ACCESS TO MONEY AT THE BANK DUE TO NAIRA REDESIGN,5. FOOD IN THE MARKET WAS VERY EXPENSIVE,,
1. North Central,23. Kwara,2309. IRESPODUN,1. URBAN,1224,239099,1,1. YES,1. YES,1. YES,1. YES,1. YES,1. YES,1. YES,2. NO,1. YES,2. NO,3,4,,1. YES,0,0,0,0,0,0,0,1,1,1,0,0,0,0,0,0,0,0,0,0,13. LACK OF ACCESS TO MONEY AT THE BANK DUE TO NAIRA REDESIGN,,,
1. North Central,23. Kwara,2309. IRESPODUN,1. URBAN,1224,239100,2,2. NO,2. NO,1. YES,2. NO,1. YES,2. NO,2. NO,2. NO,2. NO,2. NO,2,,,2. NO,,,,,,,,,,,,,,,,,,,,,,,,
1. North Central,23. Kwara,2309. IRESPODUN,1. URBAN,1224,239101,1,2. NO,2. NO,2. NO,2. NO,2. NO,2. NO,2. NO,2. NO,2. NO,2. NO,2,,,2. NO,,,,,,,,,,,,,,,,,,,,,,,,
1. North Central,23. Kwara,2309. IRESPODUN,1. URBAN,1224,239103,2,1. YES,1. YES,1. YES,1. YES,1. YES,1. YES,1. YES,2. NO,1. YES,2. NO,3,4,5,1. YES,0,0,0,0,0,0,0,1,1,1,0,0,0,0,0,0,0,0,0,0,13. LACK OF ACCESS TO MONEY AT THE BANK DUE TO NAIRA REDESIGN,,,
1. North Central,23. Kwara,2309. IRESPODUN,1. URBAN,1224,239104,1,2. NO,1. YES,1. YES,2. NO,2. NO,2. NO,2. NO,2. NO,2. NO,2. NO,3,3,,1. YES,0,0,0,0,0,0,1,1,0,0,0,0,0,0,0,0,0,0,0,0,1. INADEQUATE HOUSEHOLD FOOD STOCKS DUE TO DROUGHT/ POOR RAINS,,,
1. North Central,23. Kwara,2309. IRESPODUN,1. URBAN,1224,239106,1,1. YES,1. YES,1. YES,1. YES,1. YES,1. YES,1. YES,2. NO,2. NO,2. NO,3,3,4,1. YES,0,0,0,0,0,0,0,0,0,1,1,0,0,0,0,0,0,0,0,0,13. LACK OF ACCESS TO MONEY AT THE BANK DUE TO NAIRA REDESIGN,,,
1. North Central,23. Kwara,2309. IRESPODUN,1. URBAN,1224,239108,1,2. NO,2. NO,2. NO,2. NO,2. NO,2. NO,2. NO,2. NO,2. NO,2. NO,3,,,2. NO,,,,,,,,,,,,,,,,,,,,,,,,
1. North Central,23. Kwara,2308. ILORIN WEST,2. RURAL,0,239110,1301,1. YES,1. YES,1. YES,1. YES,1. YES,1. YES,1. YES,2. NO,1. YES,2. NO,2,,4,1. YES,0,0,0,0,0,0,0,0,0,0,1,0,0,0,1,0,0,0,0,0,5. FOOD IN THE MARKET WAS VERY EXPENSIVE,,,
1. North Central,23. Kwara,2309. IRESPODUN,2. RURAL,1574,239111,1,1. YES,1. YES,1. YES,1. YES,1. YES,1. YES,1. YES,2. NO,1. YES,1. YES,3,3,,2. NO,,,,,,,,,,,,,,,,,,,,,,,,
6. South West,24. Lagos,2409. IBEJU LEKKI,2. RURAL,0,239112,1301,1. YES,2. NO,2. NO,2. NO,2. NO,2. NO,2. NO,2. NO,2. NO,2. NO,3,4,4,2. NO,,,,,,,,,,,,,,,,,,,,,,,,
1. North Central,23. Kwara,2309. IRESPODUN,2. RURAL,1574,239113,1,2. NO,1. YES,2. NO,2. NO,1. YES,1. YES,2. NO,2. NO,2. NO,2. NO,3,3,,2. NO,,,,,,,,,,,,,,,,,,,,,,,,
1. North Central,23. Kwara,2310. ISIN,2. RURAL,0,239114,1,1. YES,1. YES,1. YES,1. YES,1. YES,1. YES,1. YES,2. NO,2. NO,2. NO,2,,,2. NO,,,,,,,,,,,,,,,,,,,,,,,,
1. North Central,23. Kwara,2309. IRESPODUN,2. RURAL,1574,239116,4,1. YES,1. YES,1. YES,1. YES,1. YES,1. YES,1. YES,2. NO,1. YES,2. NO,2,3,,2. NO,,,,,,,,,,,,,,,,,,,,,,,,
6. South West,13. Ekiti,1307. GBOYIN,2. RURAL,0,239117,1,1. YES,1. YES,1. YES,1. YES,1. YES,1. YES,2. NO,2. NO,1. YES,2. NO,3,3,5,1. YES,1,0,0,0,0,0,0,0,0,0,0,0,0,0,0,0,0,0,0,0,5. FOOD IN THE MARKET WAS VERY EXPENSIVE,12. LACK OF MONEY,,
1. North Central,23. Kwara,2309. IRESPODUN,2. RURAL,1574,239118,1,2. NO,2. NO,2. NO,2. NO,1. YES,2. NO,2. NO,2. NO,1. YES,2. NO,3,,,2. NO,,,,,,,,,,,,,,,,,,,,,,,,
1. North Central,23. Kwara,2309. IRESPODUN,2. RURAL,1574,239120,1,1. YES,1. YES,1. YES,1. YES,1. YES,1. YES,1. YES,2. NO,1. YES,2. NO,3,,,1. YES,0,0,0,0,0,0,0,0,0,1,1,1,0,0,0,0,0,0,0,0,12. LACK OF MONEY,5. FOOD IN THE MARKET WAS VERY EXPENSIVE,,
1. North Central,23. Kwara,2304. EKITI,2. RURAL,0,239121,1,1. YES,1. YES,1. YES,1. YES,1. YES,1. YES,1. YES,2. NO,2. NO,2. NO,3,3,,2. NO,,,,,,,,,,,,,,,,,,,,,,,,
1. North Central,23. Kwara,2310. ISIN,2. RURAL,30,239122,1301,1. YES,1. YES,1. YES,2. NO,1. YES,1. YES,2. NO,2. NO,1. YES,2. NO,3,4,4,1. YES,0,0,0,0,0,0,0,1,1,1,0,0,0,0,0,0,0,0,0,0,6. UNABLE TO REACH THE MARKET DUE TO HIGH TRANSPORTATION COSTS,5. FOOD IN THE MARKET WAS VERY EXPENSIVE,,
1. North Central,23. Kwara,2310. ISIN,2. RURAL,30,239123,5101,1. YES,1. YES,1. YES,1. YES,1. YES,1. YES,2. NO,2. NO,2. NO,2. NO,3,,,1. YES,0,0,0,0,0,0,0,1,1,1,0,0,0,0,0,0,0,0,0,0,13. LACK OF ACCESS TO MONEY AT THE BANK DUE TO NAIRA REDESIGN,,,
1. North Central,23. Kwara,2310. ISIN,2. RURAL,30,239124,1,1. YES,1. YES,1. YES,1. YES,1. YES,2. NO,2. NO,2. NO,1. YES,2. NO,3,4,4,2. NO,,,,,,,,,,,,,,,,,,,,,,,,
1. North Central,23. Kwara,2310. ISIN,2. RURAL,30,239125,2,2. NO,1. YES,1. YES,2. NO,2. NO,2. NO,2. NO,2. NO,2. NO,2. NO,2,3,,2. NO,,,,,,,,,,,,,,,,,,,,,,,,
1. North Central,23. Kwara,2310. ISIN,2. RURAL,30,239127,2,1. YES,1. YES,1. YES,1. YES,1. YES,1. YES,1. YES,2. NO,2. NO,2. NO,3,,,1. YES,0,0,0,0,0,0,0,1,1,1,0,0,0,0,0,0,0,0,0,0,13. LACK OF ACCESS TO MONEY AT THE BANK DUE TO NAIRA REDESIGN,,,
1. North Central,23. Kwara,2310. ISIN,2. RURAL,0,239128,2,1. YES,1. YES,1. YES,2. NO,1. YES,1. YES,1. YES,2. NO,2. NO,2. NO,2,,3,1. YES,1,0,0,0,0,0,0,0,0,0,0,0,0,0,0,0,0,0,0,0,5. FOOD IN THE MARKET WAS VERY EXPENSIVE,,,
1. North Central,23. Kwara,2310. ISIN,2. RURAL,30,239129,1,2. NO,2. NO,2. NO,2. NO,2. NO,2. NO,2. NO,2. NO,2. NO,2. NO,3,3,,2. NO,,,,,,,,,,,,,,,,,,,,,,,,
1. North Central,23. Kwara,2310. ISIN,2. RURAL,30,239130,2,1. YES,1. YES,1. YES,2. NO,1. YES,1. YES,2. NO,2. NO,2. NO,2. NO,3,,,2. NO,,,,,,,,,,,,,,,,,,,,,,,,
1. North Central,23. Kwara,2310. ISIN,2. RURAL,30,239131,1,2. NO,2. NO,2. NO,2. NO,2. NO,2. NO,2. NO,2. NO,2. NO,2. NO,3,3,,2. NO,,,,,,,,,,,,,,,,,,,,,,,,
1. North Central,23. Kwara,2308. ILORIN WEST,2. RURAL,0,239132,5102,1. YES,1. YES,1. YES,1. YES,1. YES,1. YES,1. YES,2. NO,1. YES,2. NO,3,3,,2. NO,,,,,,,,,,,,,,,,,,,,,,,,
1. North Central,23. Kwara,2310. ISIN,2. RURAL,496,239133,1,2. NO,2. NO,2. NO,1. YES,2. NO,2. NO,2. NO,2. NO,2. NO,2. NO,3,2,,2. NO,,,,,,,,,,,,,,,,,,,,,,,,
1. North Central,23. Kwara,2310. ISIN,2. RURAL,496,239135,1101,2. NO,1. YES,1. YES,2. NO,1. YES,2. NO,2. NO,2. NO,2. NO,2. NO,3,3,,2. NO,,,,,,,,,,,,,,,,,,,,,,,,
1. North Central,22. Kogi,2221. YAGBA WEST,2. RURAL,0,239136,1,1. YES,1. YES,1. YES,2. NO,1. YES,1. YES,2. NO,2. NO,1. YES,2. NO,3,3,,1. YES,0,0,0,0,0,0,0,0,0,0,0,0,1,1,1,0,0,0,0,0,5. FOOD IN THE MARKET WAS VERY EXPENSIVE,12. LACK OF MONEY,10. INADEQUATE FOOD STOCK FROM FARM DUE TO CONFLICT/SECURITY,
1. North Central,23. Kwara,2310. ISIN,2. RURAL,496,239137,1,2. NO,1. YES,1. YES,2. NO,2. NO,2. NO,2. NO,2. NO,2. NO,2. NO,2,3,,2. NO,,,,,,,,,,,,,,,,,,,,,,,,
1. North Central,23. Kwara,2310. ISIN,2. RURAL,496,239138,1,2. NO,2. NO,2. NO,2. NO,2. NO,2. NO,2. NO,2. NO,2. NO,2. NO,3,,,2. NO,,,,,,,,,,,,,,,,,,,,,,,,
1. North Central,23. Kwara,2310. ISIN,2. RURAL,496,239140,1,1. YES,1. YES,1. YES,1. YES,1. YES,1. YES,1. YES,2. NO,1. YES,2. NO,3,3,,1. YES,0,0,0,0,0,0,0,0,1,1,1,1,0,0,0,0,0,0,0,0,12. LACK OF MONEY,5. FOOD IN THE MARKET WAS VERY EXPENSIVE,,
1. North Central,23. Kwara,2310. ISIN,2. RURAL,496,239141,1,2. NO,2. NO,2. NO,1. YES,1. YES,2. NO,2. NO,2. NO,1. YES,2. NO,3,3,3,2. NO,,,,,,,,,,,,,,,,,,,,,,,,
1. North Central,23. Kwara,2310. ISIN,2. RURAL,496,239142,1,2. NO,2. NO,2. NO,2. NO,2. NO,2. NO,2. NO,2. NO,2. NO,2. NO,3,3,,2. NO,,,,,,,,,,,,,,,,,,,,,,,,
1. North Central,23. Kwara,2310. ISIN,2. RURAL,496,239143,1,1. YES,1. YES,1. YES,2. NO,1. YES,2. NO,2. NO,2. NO,2. NO,2. NO,3,3,,2. NO,,,,,,,,,,,,,,,,,,,,,,,,
1. North Central,23. Kwara,2313. OFFA,1. URBAN,382,239144,1,2. NO,2. NO,2. NO,2. NO,2. NO,2. NO,2. NO,2. NO,2. NO,2. NO,3,3,,2. NO,,,,,,,,,,,,,,,,,,,,,,,,
1. North Central,23. Kwara,2313. OFFA,1. URBAN,382,239146,1,1. YES,1. YES,1. YES,1. YES,1. YES,1. YES,2. NO,2. NO,1. YES,2. NO,2,3,3,1. YES,0,0,0,0,0,0,0,0,1,0,0,0,0,0,0,0,0,0,0,0,6. UNABLE TO REACH THE MARKET DUE TO HIGH TRANSPORTATION COSTS,5. FOOD IN THE MARKET WAS VERY EXPENSIVE,12. LACK OF MONEY,
1. North Central,23. Kwara,2313. OFFA,1. URBAN,382,239147,101,2. NO,1. YES,2. NO,2. NO,1. YES,2. NO,1. YES,2. NO,2. NO,2. NO,2,2,,1. YES,0,0,0,0,0,0,0,0,0,0,0,0,0,1,0,0,0,0,0,0,12. LACK OF MONEY,,,
1. North Central,23. Kwara,2313. OFFA,1. URBAN,382,239148,2,1. YES,1. YES,1. YES,1. YES,1. YES,1. YES,1. YES,2. NO,1. YES,2. NO,3,4,,2. NO,,,,,,,,,,,,,,,,,,,,,,,,
1. North Central,23. Kwara,2313. OFFA,1. URBAN,382,239149,2,1. YES,1. YES,1. YES,1. YES,1. YES,1. YES,1. YES,2. NO,2. NO,2. NO,3,3,,2. NO,,,,,,,,,,,,,,,,,,,,,,,,
1. North Central,23. Kwara,2313. OFFA,1. URBAN,382,239150,1,2. NO,2. NO,1. YES,1. YES,1. YES,2. NO,2. NO,2. NO,2. NO,2. NO,2,3,,2. NO,,,,,,,,,,,,,,,,,,,,,,,,
1. North Central,23. Kwara,2313. OFFA,1. URBAN,382,239151,1,2. NO,2. NO,2. NO,2. NO,2. NO,1. YES,2. NO,2. NO,1. YES,2. NO,3,3,3,1. YES,0,0,0,0,0,0,0,0,0,1,0,0,0,0,0,0,0,0,0,0,6. UNABLE TO REACH THE MARKET DUE TO HIGH TRANSPORTATION COSTS,12. LACK OF MONEY,,
1. North Central,23. Kwara,2313. OFFA,1. URBAN,382,239152,2,1. YES,1. YES,1. YES,1. YES,1. YES,1. YES,1. YES,2. NO,1. YES,2. NO,2,3,,1. YES,0,0,0,0,0,0,0,0,1,1,1,1,1,1,1,1,0,0,0,0,12. LACK OF MONEY,5. FOOD IN THE MARKET WAS VERY EXPENSIVE,,
1. North Central,23. Kwara,2308. ILORIN WEST,1. URBAN,0,239155,1302,1. YES,1. YES,1. YES,2. NO,1. YES,2. NO,2. NO,2. NO,2. NO,2. NO,3,,3,1. YES,0,0,0,0,0,0,0,0,0,0,0,0,0,0,1,1,1,0,0,0,5. FOOD IN THE MARKET WAS VERY EXPENSIVE,,,
6. South West,27. Ogun,2715. OBAFEMI OWE,2. RURAL,0,239156,1,2. NO,2. NO,2. NO,2. NO,2. NO,2. NO,2. NO,2. NO,2. NO,2. NO,3,,,2. NO,,,,,,,,,,,,,,,,,,,,,,,,
1. North Central,23. Kwara,2314. OKE ERO,2. RURAL,354,239158,2,1. YES,1. YES,1. YES,2. NO,2. NO,2. NO,2. NO,2. NO,2. NO,2. NO,3,,,1. YES,0,0,0,0,0,0,0,0,0,0,0,0,0,0,1,0,0,0,0,0,5. FOOD IN THE MARKET WAS VERY EXPENSIVE,12. LACK OF MONEY,,
1. North Central,23. Kwara,2314. OKE ERO,2. RURAL,354,239159,1,2. NO,2. NO,2. NO,2. NO,2. NO,2. NO,2. NO,2. NO,2. NO,2. NO,3,,,2. NO,,,,,,,,,,,,,,,,,,,,,,,,
1. North Central,23. Kwara,2314. OKE ERO,2. RURAL,354,239160,1301,2. NO,2. NO,1. YES,2. NO,1. YES,2. NO,2. NO,2. NO,2. NO,2. NO,3,3,,2. NO,,,,,,,,,,,,,,,,,,,,,,,,
1. North Central,23. Kwara,2314. OKE ERO,2. RURAL,354,239161,1,1. YES,1. YES,1. YES,1. YES,1. YES,2. NO,2. NO,2. NO,1. YES,2. NO,3,3,,2. NO,,,,,,,,,,,,,,,,,,,,,,,,
1. North Central,23. Kwara,2305. IFELODUN (KWARA),2. RURAL,0,239162,1,2. NO,2. NO,2. NO,2. NO,2. NO,2. NO,2. NO,2. NO,2. NO,2. NO,3,,3,2. NO,,,,,,,,,,,,,,,,,,,,,,,,
6. South West,30. Oyo,3007. IBADAN NORTH EAST,2. RURAL,0,239163,5101,2. NO,2. NO,2. NO,2. NO,2. NO,2. NO,2. NO,2. NO,2. NO,2. NO,2,,4,2. NO,,,,,,,,,,,,,,,,,,,,,,,,
1. North Central,23. Kwara,2314. OKE ERO,2. RURAL,354,239164,2,1. YES,1. YES,1. YES,1. YES,1. YES,1. YES,1. YES,2. NO,1. YES,2. NO,2,3,4,1. YES,0,0,0,0,0,0,0,0,0,0,0,0,0,1,1,0,0,0,0,0,5. FOOD IN THE MARKET WAS VERY EXPENSIVE,12. LACK OF MONEY,,
1. North Central,23. Kwara,2314. OKE ERO,2. RURAL,354,239165,1,2. NO,2. NO,2. NO,2. NO,2. NO,2. NO,2. NO,2. NO,2. NO,2. NO,3,3,,2. NO,,,,,,,,,,,,,,,,,,,,,,,,
1. North Central,23. Kwara,2314. OKE ERO,2. RURAL,354,239167,1,2. NO,2. NO,2. NO,2. NO,2. NO,2. NO,2. NO,2. NO,2. NO,2. NO,3,3,,2. NO,,,,,,,,,,,,,,,,,,,,,,,,
1. North Central,23. Kwara,2316. PATIGI,2. RURAL,614,239168,2,2. NO,1. YES,2. NO,2. NO,1. YES,2. NO,2. NO,2. NO,2. NO,2. NO,2,3,3,2. NO,,,,,,,,,,,,,,,,,,,,,,,,
1. North Central,23. Kwara,2316. PATIGI,2. RURAL,614,239169,1,2. NO,2. NO,2. NO,2. NO,2. NO,2. NO,2. NO,2. NO,2. NO,2. NO,3,,3,2. NO,,,,,,,,,,,,,,,,,,,,,,,,
1. North Central,23. Kwara,2316. PATIGI,2. RURAL,614,239170,1,2. NO,1. YES,2. NO,2. NO,2. NO,2. NO,2. NO,2. NO,2. NO,2. NO,3,,,2. NO,,,,,,,,,,,,,,,,,,,,,,,,
1. North Central,23. Kwara,2316. PATIGI,2. RURAL,614,239171,1,1. YES,1. YES,1. YES,2. NO,2. NO,2. NO,2. NO,2. NO,2. NO,2. NO,2,,,2. NO,,,,,,,,,,,,,,,,,,,,,,,,
1. North Central,23. Kwara,2316. PATIGI,2. RURAL,614,239172,1,2. NO,2. NO,2. NO,2. NO,2. NO,2. NO,2. NO,2. NO,2. NO,2. NO,3,3,3,2. NO,,,,,,,,,,,,,,,,,,,,,,,,
1. North Central,23. Kwara,2316. PATIGI,2. RURAL,614,239173,5101,1. YES,1. YES,1. YES,2. NO,2. NO,2. NO,2. NO,2. NO,2. NO,2. NO,3,,,2. NO,,,,,,,,,,,,,,,,,,,,,,,,
1. North Central,23. Kwara,2316. PATIGI,2. RURAL,614,239175,1,2. NO,1. YES,1. YES,2. NO,2. NO,2. NO,2. NO,2. NO,2. NO,2. NO,2,3,3,2. NO,,,,,,,,,,,,,,,,,,,,,,,,
1. North Central,23. Kwara,2316. PATIGI,2. RURAL,614,239176,1,1. YES,2. NO,2. NO,2. NO,1. YES,2. NO,2. NO,2. NO,2. NO,2. NO,3,3,,2. NO,,,,,,,,,,,,,,,,,,,,,,,,
1. North Central,23. Kwara,2316. PATIGI,2. RURAL,614,239177,1,2. NO,2. NO,2. NO,2. NO,2. NO,2. NO,2. NO,2. NO,2. NO,2. NO,3,3,,2. NO,,,,,,,,,,,,,,,,,,,,,,,,
1. North Central,23. Kwara,2316. PATIGI,2. RURAL,614,239178,1,1. YES,1. YES,1. YES,2. NO,1. YES,2. NO,2. NO,2. NO,2. NO,2. NO,2,3,,2. NO,,,,,,,,,,,,,,,,,,,,,,,,
1. North Central,23. Kwara,2316. PATIGI,2. RURAL,1442,239180,1,2. NO,2. NO,2. NO,2. NO,2. NO,2. NO,2. NO,2. NO,2. NO,2. NO,3,4,,2. NO,,,,,,,,,,,,,,,,,,,,,,,,
1. North Central,23. Kwara,2316. PATIGI,2. RURAL,1442,239181,1,2. NO,2. NO,2. NO,2. NO,2. NO,2. NO,2. NO,2. NO,2. NO,2. NO,3,,,2. NO,,,,,,,,,,,,,,,,,,,,,,,,
1. North Central,23. Kwara,2316. PATIGI,2. RURAL,1442,239182,1,2. NO,2. NO,2. NO,2. NO,2. NO,2. NO,2. NO,2. NO,2. NO,2. NO,3,,,2. NO,,,,,,,,,,,,,,,,,,,,,,,,
1. North Central,23. Kwara,2316. PATIGI,2. RURAL,1442,239183,2,2. NO,2. NO,2. NO,2. NO,2. NO,2. NO,2. NO,2. NO,2. NO,2. NO,3,4,4,2. NO,,,,,,,,,,,,,,,,,,,,,,,,
1. North Central,23. Kwara,2316. PATIGI,2. RURAL,1442,239184,1,2. NO,2. NO,2. NO,2. NO,2. NO,2. NO,2. NO,2. NO,2. NO,2. NO,3,4,,2. NO,,,,,,,,,,,,,,,,,,,,,,,,
1. North Central,23. Kwara,2316. PATIGI,2. RURAL,1442,239186,1,2. NO,2. NO,2. NO,2. NO,1. YES,2. NO,2. NO,2. NO,2. NO,2. NO,3,3,3,2. NO,,,,,,,,,,,,,,,,,,,,,,,,
1. North Central,23. Kwara,2316. PATIGI,2. RURAL,1442,239187,1,2. NO,2. NO,2. NO,2. NO,2. NO,2. NO,2. NO,2. NO,2. NO,2. NO,3,3,3,2. NO,,,,,,,,,,,,,,,,,,,,,,,,
1. North Central,23. Kwara,2316. PATIGI,2. RURAL,1442,239188,1,2. NO,2. NO,2. NO,2. NO,2. NO,2. NO,2. NO,2. NO,2. NO,2. NO,3,,,2. NO,,,,,,,,,,,,,,,,,,,,,,,,
1. North Central,23. Kwara,2316. PATIGI,2. RURAL,1442,239189,1,2. NO,2. NO,2. NO,2. NO,2. NO,2. NO,2. NO,2. NO,2. NO,2. NO,3,3,,2. NO,,,,,,,,,,,,,,,,,,,,,,,,
1. North Central,23. Kwara,2316. PATIGI,2. RURAL,1442,239190,1,2. NO,2. NO,2. NO,2. NO,2. NO,2. NO,2. NO,2. NO,2. NO,2. NO,3,,,2. NO,,,,,,,,,,,,,,,,,,,,,,,,
1. North Central,23. Kwara,2304. EKITI,2. RURAL,432,239197,1,1. YES,1. YES,1. YES,1. YES,1. YES,1. YES,1. YES,2. NO,2. NO,2. NO,3,,,1. YES,0,0,0,0,0,0,0,1,1,1,0,0,0,0,0,0,0,0,0,0,13. LACK OF ACCESS TO MONEY AT THE BANK DUE TO NAIRA REDESIGN,,,
1. North Central,23. Kwara,2305. IFELODUN (KWARA),2. RURAL,174,239199,2,1. YES,1. YES,1. YES,1. YES,1. YES,1. YES,1. YES,2. NO,1. YES,2. NO,3,,,1. YES,0,0,0,0,0,0,0,0,1,1,1,0,0,0,0,0,0,0,0,0,12. LACK OF MONEY,,,
1. North Central,23. Kwara,2308. ILORIN WEST,1. URBAN,5126,239204,2,1. YES,1. YES,1. YES,1. YES,1. YES,1. YES,1. YES,2. NO,1. YES,2. NO,3,,4,1. YES,0,0,0,0,0,0,0,1,1,1,0,0,0,0,0,0,0,0,0,0,13. LACK OF ACCESS TO MONEY AT THE BANK DUE TO NAIRA REDESIGN,12. LACK OF MONEY,,
1. North Central,23. Kwara,2308. ILORIN WEST,1. URBAN,5126,239205,1,1. YES,1. YES,1. YES,2. NO,1. YES,1. YES,2. NO,2. NO,2. NO,2. NO,3,,,1. YES,0,0,0,1,1,1,1,1,1,1,0,0,0,1,0,0,0,0,0,0,12. LACK OF MONEY,5. FOOD IN THE MARKET WAS VERY EXPENSIVE,,
1. North Central,23. Kwara,2309. IRESPODUN,1. URBAN,1224,239209,2,1. YES,1. YES,1. YES,2. NO,1. YES,2. NO,2. NO,2. NO,2. NO,2. NO,2,3,,1. YES,0,0,0,0,0,0,0,0,0,0,1,1,1,1,1,1,0,0,0,0,12. LACK OF MONEY,5. FOOD IN THE MARKET WAS VERY EXPENSIVE,,
1. North Central,23. Kwara,2309. IRESPODUN,2. RURAL,1574,239210,2,1. YES,1. YES,1. YES,1. YES,1. YES,1. YES,1. YES,2. NO,1. YES,2. NO,2,3,3,1. YES,0,0,0,0,0,0,0,0,1,1,1,1,0,0,0,0,0,0,0,0,5. FOOD IN THE MARKET WAS VERY EXPENSIVE,12. LACK OF MONEY,,
1. North Central,23. Kwara,2311. KAIMA,2. RURAL,1600,239211,1,2. NO,2. NO,2. NO,2. NO,2. NO,2. NO,2. NO,2. NO,2. NO,2. NO,3,3,3,2. NO,,,,,,,,,,,,,,,,,,,,,,,,
6. South West,30. Oyo,3002. AKINYELE,2. RURAL,0,239212,7,2. NO,2. NO,2. NO,2. NO,2. NO,2. NO,2. NO,2. NO,2. NO,2. NO,3,3,5,2. NO,,,,,,,,,,,,,,,,,,,,,,,,
1. North Central,23. Kwara,2311. KAIMA,2. RURAL,1600,239213,1,2. NO,2. NO,2. NO,2. NO,2. NO,2. NO,2. NO,2. NO,2. NO,2. NO,3,3,,2. NO,,,,,,,,,,,,,,,,,,,,,,,,
1. North Central,23. Kwara,2311. KAIMA,2. RURAL,1600,239214,1,2. NO,2. NO,2. NO,2. NO,2. NO,2. NO,2. NO,2. NO,2. NO,2. NO,3,3,3,2. NO,,,,,,,,,,,,,,,,,,,,,,,,
1. North Central,23. Kwara,2311. KAIMA,2. RURAL,1600,239216,1,2. NO,2. NO,2. NO,2. NO,2. NO,2. NO,2. NO,2. NO,2. NO,2. NO,3,,,2. NO,,,,,,,,,,,,,,,,,,,,,,,,
1. North Central,23. Kwara,2311. KAIMA,2. RURAL,1600,239217,1,1. YES,1. YES,1. YES,1. YES,1. YES,1. YES,1. YES,1. YES,1. YES,1. YES,2,,,1. YES,0,0,0,0,0,0,0,0,1,1,1,0,0,0,0,0,0,0,0,0,4. INADEQUATE HOUSEHOLD FOOD STOCKS DUE TO LACK OF FARM INPUTS,,,
1. North Central,23. Kwara,2311. KAIMA,2. RURAL,1600,239218,1,2. NO,2. NO,2. NO,2. NO,2. NO,2. NO,2. NO,2. NO,2. NO,2. NO,3,3,3,2. NO,,,,,,,,,,,,,,,,,,,,,,,,
1. North Central,23. Kwara,2311. KAIMA,2. RURAL,1600,239219,1,2. NO,2. NO,2. NO,2. NO,2. NO,2. NO,2. NO,2. NO,2. NO,2. NO,3,3,,2. NO,,,,,,,,,,,,,,,,,,,,,,,,
1. North Central,23. Kwara,2311. KAIMA,2. RURAL,1600,239221,1,2. NO,2. NO,2. NO,2. NO,2. NO,2. NO,2. NO,2. NO,2. NO,2. NO,3,3,3,2. NO,,,,,,,,,,,,,,,,,,,,,,,,
1. North Central,23. Kwara,2311. KAIMA,2. RURAL,1600,239222,1,2. NO,2. NO,2. NO,2. NO,2. NO,2. NO,2. NO,2. NO,2. NO,2. NO,3,3,,2. NO,,,,,,,,,,,,,,,,,,,,,,,,
6. South West,27. Ogun,2705. YEWA SOUTH,1. URBAN,0,240051,1,2. NO,2. NO,2. NO,2. NO,2. NO,2. NO,2. NO,2. NO,2. NO,2. NO,3,,,2. NO,,,,,,,,,,,,,,,,,,,,,,,,
6. South West,24. Lagos,2403. ALIMOSHO,1. URBAN,7586,240052,7,1. YES,1. YES,1. YES,1. YES,1. YES,2. NO,1. YES,1. YES,2. NO,2. NO,2,3,,2. NO,,,,,,,,,,,,,,,,,,,,,,,,
6. South West,24. Lagos,2403. ALIMOSHO,1. URBAN,7586,240053,2,2. NO,2. NO,1. YES,1. YES,1. YES,2. NO,2. NO,2. NO,2. NO,2. NO,2,3,,2. NO,,,,,,,,,,,,,,,,,,,,,,,,
6. South West,24. Lagos,2403. ALIMOSHO,1. URBAN,0,240055,5,2. NO,2. NO,1. YES,2. NO,2. NO,2. NO,2. NO,2. NO,2. NO,2. NO,3,,,2. NO,,,,,,,,,,,,,,,,,,,,,,,,
6. South West,24. Lagos,2403. ALIMOSHO,1. URBAN,0,240056,2,1. YES,2. NO,2. NO,2. NO,2. NO,2. NO,2. NO,2. NO,2. NO,2. NO,3,3,3,2. NO,,,,,,,,,,,,,,,,,,,,,,,,
6. South West,24. Lagos,2403. ALIMOSHO,1. URBAN,7586,240057,2,2. NO,2. NO,2. NO,2. NO,2. NO,2. NO,2. NO,2. NO,2. NO,2. NO,3,4,,2. NO,,,,,,,,,,,,,,,,,,,,,,,,
6. South West,24. Lagos,2403. ALIMOSHO,1. URBAN,7586,240059,1,2. NO,2. NO,2. NO,2. NO,2. NO,2. NO,2. NO,2. NO,2. NO,2. NO,3,3,,2. NO,,,,,,,,,,,,,,,,,,,,,,,,
6. South West,24. Lagos,2403. ALIMOSHO,1. URBAN,7586,240060,2,2. NO,1. YES,1. YES,2. NO,1. YES,2. NO,2. NO,2. NO,2. NO,2. NO,3,,,2. NO,,,,,,,,,,,,,,,,,,,,,,,,
6. South West,24. Lagos,2418. OSHODI,1. URBAN,1770,240072,2,1. YES,1. YES,1. YES,2. NO,1. YES,2. NO,2. NO,2. NO,1. YES,2. NO,2,3,,2. NO,,,,,,,,,,,,,,,,,,,,,,,,
6. South West,24. Lagos,2418. OSHODI,1. URBAN,1770,240073,1,2. NO,2. NO,1. YES,2. NO,1. YES,2. NO,2. NO,2. NO,1. YES,2. NO,2,3,,2. NO,,,,,,,,,,,,,,,,,,,,,,,,
6. South West,27. Ogun,2715. OBAFEMI OWE,1. URBAN,0,240074,1,2. NO,2. NO,2. NO,2. NO,2. NO,2. NO,2. NO,2. NO,2. NO,2. NO,3,,,2. NO,,,,,,,,,,,,,,,,,,,,,,,,
6. South West,24. Lagos,2418. OSHODI,1. URBAN,1770,240075,2,1. YES,1. YES,1. YES,1. YES,1. YES,1. YES,1. YES,1. YES,1. YES,1. YES,2,2,,1. YES,0,0,0,1,1,0,0,0,1,1,0,0,0,0,0,0,0,0,0,0,12. LACK OF MONEY,13. LACK OF ACCESS TO MONEY AT THE BANK DUE TO NAIRA REDESIGN,5. FOOD IN THE MARKET WAS VERY EXPENSIVE,
6. South West,24. Lagos,2418. OSHODI,1. URBAN,1770,240077,1,2. NO,2. NO,2. NO,2. NO,2. NO,2. NO,2. NO,2. NO,2. NO,2. NO,3,3,,2. NO,,,,,,,,,,,,,,,,,,,,,,,,
6. South West,24. Lagos,2406. BADAGRY,1. URBAN,0,240078,2,1. YES,1. YES,1. YES,1. YES,1. YES,1. YES,2. NO,1. YES,1. YES,1. YES,3,3,,2. NO,,,,,,,,,,,,,,,,,,,,,,,,
6. South West,24. Lagos,2418. OSHODI,1. URBAN,1770,240080,2,2. NO,1. YES,1. YES,2. NO,1. YES,2. NO,2. NO,2. NO,2. NO,2. NO,2,,,2. NO,,,,,,,,,,,,,,,,,,,,,,,,
6. South West,24. Lagos,2416. MUSHIN,1. URBAN,0,240081,1,1. YES,1. YES,1. YES,1. YES,1. YES,1. YES,1. YES,2. NO,2. NO,1. YES,2,,,1. YES,0,0,0,0,0,0,0,0,0,1,0,0,1,0,1,0,0,0,0,0,5. FOOD IN THE MARKET WAS VERY EXPENSIVE,12. LACK OF MONEY,,
6. South West,24. Lagos,2419. SHOMOLU,1. URBAN,330,240083,2,1. YES,1. YES,1. YES,1. YES,1. YES,1. YES,1. YES,2. NO,1. YES,2. NO,3,3,,1. YES,0,0,0,0,0,0,0,0,0,0,0,0,0,1,0,0,0,0,0,0,12. LACK OF MONEY,,,
6. South West,24. Lagos,2419. SHOMOLU,1. URBAN,330,240084,2,1. YES,1. YES,1. YES,1. YES,1. YES,1. YES,1. YES,1. YES,1. YES,2. NO,2,2,,1. YES,0,0,0,0,0,0,0,0,0,0,0,0,1,1,1,0,0,0,0,0,5. FOOD IN THE MARKET WAS VERY EXPENSIVE,12. LACK OF MONEY,,
6. South West,24. Lagos,2419. SHOMOLU,1. URBAN,330,240085,1,2. NO,2. NO,2. NO,2. NO,2. NO,2. NO,2. NO,2. NO,2. NO,2. NO,3,,,2. NO,,,,,,,,,,,,,,,,,,,,,,,,
6. South West,24. Lagos,2419. SHOMOLU,1. URBAN,330,240086,2,2. NO,1. YES,2. NO,2. NO,2. NO,2. NO,2. NO,2. NO,2. NO,2. NO,2,,,2. NO,,,,,,,,,,,,,,,,,,,,,,,,
6. South West,24. Lagos,2419. SHOMOLU,1. URBAN,330,240087,1,1. YES,1. YES,1. YES,2. NO,1. YES,2. NO,2. NO,2. NO,2. NO,2. NO,3,3,,1. YES,0,0,0,1,0,0,0,0,0,0,0,0,0,0,0,0,0,0,0,0,12. LACK OF MONEY,,,
6. South West,24. Lagos,2419. SHOMOLU,1. URBAN,330,240088,3,1. YES,1. YES,1. YES,1. YES,1. YES,1. YES,1. YES,2. NO,1. YES,2. NO,3,3,,1. YES,0,0,1,1,1,0,0,0,0,0,0,0,0,0,0,0,0,0,0,0,12. LACK OF MONEY,5. FOOD IN THE MARKET WAS VERY EXPENSIVE,,
6. South West,24. Lagos,2419. SHOMOLU,1. URBAN,330,240089,4,1. YES,1. YES,1. YES,1. YES,1. YES,1. YES,1. YES,2. NO,1. YES,1. YES,2,3,,1. YES,0,0,0,1,0,0,1,0,0,0,0,0,1,0,0,0,0,0,0,0,12. LACK OF MONEY,,,
6. South West,24. Lagos,2419. SHOMOLU,1. URBAN,330,240090,5101,1. YES,1. YES,1. YES,1. YES,1. YES,1. YES,1. YES,1. YES,2. NO,2. NO,3,3,,1. YES,0,0,0,0,0,0,0,0,0,0,0,0,1,1,1,0,0,0,0,0,5. FOOD IN THE MARKET WAS VERY EXPENSIVE,12. LACK OF MONEY,6. UNABLE TO REACH THE MARKET DUE TO HIGH TRANSPORTATION COSTS,
6. South West,24. Lagos,2405. APAPA,1. URBAN,134,240113,1,1. YES,1. YES,1. YES,1. YES,1. YES,2. NO,2. NO,2. NO,1. YES,2. NO,3,3,3,2. NO,,,,,,,,,,,,,,,,,,,,,,,,
6. South West,24. Lagos,2405. APAPA,1. URBAN,134,240114,5,1. YES,1. YES,1. YES,1. YES,1. YES,2. NO,2. NO,2. NO,2. NO,2. NO,2,,,2. NO,,,,,,,,,,,,,,,,,,,,,,,,
6. South West,24. Lagos,2405. APAPA,1. URBAN,134,240115,3,2. NO,1. YES,1. YES,2. NO,2. NO,2. NO,2. NO,2. NO,2. NO,2. NO,1,,,2. NO,,,,,,,,,,,,,,,,,,,,,,,,
6. South West,24. Lagos,2418. OSHODI,1. URBAN,0,240116,201,1. YES,1. YES,1. YES,1. YES,1. YES,1. YES,1. YES,1. YES,2. NO,2. NO,2,,,1. YES,0,0,0,0,0,0,0,0,0,0,1,0,0,0,0,0,0,0,0,0,12. LACK OF MONEY,,,
6. South West,24. Lagos,2405. APAPA,1. URBAN,0,240117,2,1. YES,2. NO,2. NO,1. YES,1. YES,1. YES,1. YES,1. YES,1. YES,2. NO,2,2,3,2. NO,,,,,,,,,,,,,,,,,,,,,,,,
4. South East,16. Imo,1626. OWERRI WEST,1. URBAN,0,240118,1,1. YES,1. YES,1. YES,1. YES,1. YES,1. YES,1. YES,2. NO,1. YES,2. NO,3,,,1. YES,0,0,0,0,0,0,0,0,0,0,0,0,0,0,0,1,0,0,0,0,12. LACK OF MONEY,,,
6. South West,24. Lagos,2405. APAPA,1. URBAN,134,240119,1,1. YES,1. YES,1. YES,1. YES,1. YES,1. YES,1. YES,1. YES,1. YES,2. NO,3,3,,2. NO,,,,,,,,,,,,,,,,,,,,,,,,
6. South West,24. Lagos,2413. KOSOFE,1. URBAN,306,240122,2,2. NO,2. NO,1. YES,2. NO,1. YES,2. NO,2. NO,2. NO,2. NO,2. NO,3,3,,1. YES,0,0,0,0,0,1,0,0,0,1,0,0,0,1,0,0,0,0,0,0,5. FOOD IN THE MARKET WAS VERY EXPENSIVE,12. LACK OF MONEY,96. OTHER (SPECIFY),POOR ECONOMY CONDITION
6. South West,27. Ogun,2707. IFO,1. URBAN,0,240123,4,2. NO,2. NO,1. YES,1. YES,1. YES,2. NO,2. NO,2. NO,2. NO,1. YES,3,3,,2. NO,,,,,,,,,,,,,,,,,,,,,,,,
6. South West,24. Lagos,2413. KOSOFE,1. URBAN,306,240124,1,2. NO,2. NO,2. NO,2. NO,2. NO,2. NO,2. NO,2. NO,2. NO,2. NO,3,,,2. NO,,,,,,,,,,,,,,,,,,,,,,,,
6. South West,24. Lagos,2413. KOSOFE,1. URBAN,306,240125,2,1. YES,1. YES,1. YES,1. YES,1. YES,2. NO,1. YES,1. YES,2. NO,2. NO,2,3,,1. YES,0,0,0,0,0,0,0,0,0,0,0,0,0,0,1,0,0,0,0,0,12. LACK OF MONEY,,,
6. South West,27. Ogun,2715. OBAFEMI OWE,1. URBAN,0,240126,5101,2. NO,2. NO,2. NO,2. NO,2. NO,2. NO,2. NO,2. NO,2. NO,2. NO,3,3,,2. NO,,,,,,,,,,,,,,,,,,,,,,,,
6. South West,24. Lagos,2413. KOSOFE,1. URBAN,306,240127,2,2. NO,2. NO,2. NO,2. NO,2. NO,2. NO,2. NO,2. NO,2. NO,2. NO,3,3,,2. NO,,,,,,,,,,,,,,,,,,,,,,,,
6. South West,24. Lagos,2413. KOSOFE,1. URBAN,306,240128,2,1. YES,1. YES,1. YES,1. YES,1. YES,1. YES,2. NO,2. NO,1. YES,2. NO,2,2,,1. YES,0,0,0,0,0,0,0,0,1,1,1,0,0,0,0,0,0,0,0,0,12. LACK OF MONEY,,,
6. South West,24. Lagos,2413. KOSOFE,1. URBAN,306,240129,2,1. YES,2. NO,1. YES,2. NO,1. YES,2. NO,2. NO,2. NO,2. NO,1. YES,3,3,3,2. NO,,,,,,,,,,,,,,,,,,,,,,,,
6. South West,24. Lagos,2401. AGEGE,1. URBAN,396,249001,2,1. YES,1. YES,1. YES,1. YES,1. YES,1. YES,1. YES,2. NO,1. YES,2. NO,2,3,,1. YES,0,0,0,0,0,0,0,1,1,1,0,0,0,0,0,0,0,0,0,0,13. LACK OF ACCESS TO MONEY AT THE BANK DUE TO NAIRA REDESIGN,12. LACK OF MONEY,5. FOOD IN THE MARKET WAS VERY EXPENSIVE,
6. South West,27. Ogun,2707. IFO,1. URBAN,0,249006,1,2. NO,2. NO,2. NO,2. NO,2. NO,2. NO,2. NO,2. NO,2. NO,2. NO,3,,,2. NO,,,,,,,,,,,,,,,,,,,,,,,,
6. South West,24. Lagos,2401. AGEGE,1. URBAN,396,249008,1701,1. YES,1. YES,1. YES,1. YES,1. YES,1. YES,1. YES,2. NO,1. YES,1. YES,2,3,,1. YES,0,0,0,0,0,0,1,0,0,0,0,1,0,0,1,0,0,0,0,0,12. LACK OF MONEY,5. FOOD IN THE MARKET WAS VERY EXPENSIVE,6. UNABLE TO REACH THE MARKET DUE TO HIGH TRANSPORTATION COSTS,
6. South West,24. Lagos,2401. AGEGE,1. URBAN,396,249009,1,1. YES,1. YES,1. YES,1. YES,1. YES,1. YES,1. YES,2. NO,2. NO,2. NO,3,,,1. YES,0,0,0,0,0,0,0,0,0,0,0,0,0,1,1,0,0,0,0,0,5. FOOD IN THE MARKET WAS VERY EXPENSIVE,,,
6. South West,24. Lagos,2401. AGEGE,1. URBAN,396,249010,2,2. NO,2. NO,2. NO,2. NO,2. NO,2. NO,2. NO,2. NO,2. NO,2. NO,3,,,2. NO,,,,,,,,,,,,,,,,,,,,,,,,
6. South West,24. Lagos,2401. AGEGE,1. URBAN,396,249012,2,2. NO,2. NO,2. NO,2. NO,2. NO,2. NO,2. NO,2. NO,2. NO,2. NO,3,3,3,2. NO,,,,,,,,,,,,,,,,,,,,,,,,
4. South East,16. Imo,1625. OWERRI NORTH,1. URBAN,0,249013,2,1. YES,1. YES,1. YES,1. YES,1. YES,1. YES,1. YES,1. YES,1. YES,1. YES,2,2,2,1. YES,0,0,0,0,0,0,0,0,1,1,1,1,0,1,1,1,0,0,0,0,7. NO FOOD IN THE MARKET,13. LACK OF ACCESS TO MONEY AT THE BANK DUE TO NAIRA REDESIGN,,
6. South West,24. Lagos,2401. AGEGE,1. URBAN,884,249015,2,1. YES,1. YES,1. YES,1. YES,1. YES,1. YES,2. NO,2. NO,2. NO,2. NO,2,,,2. NO,,,,,,,,,,,,,,,,,,,,,,,,
6. South West,24. Lagos,2401. AGEGE,1. URBAN,884,249016,1,2. NO,2. NO,2. NO,2. NO,2. NO,2. NO,2. NO,2. NO,2. NO,2. NO,3,3,,2. NO,,,,,,,,,,,,,,,,,,,,,,,,
5. South South,12. Edo,1207. ETSAKO CENTRAL,1. URBAN,0,249019,3,1. YES,1. YES,1. YES,1. YES,1. YES,1. YES,1. YES,2. NO,2. NO,2. NO,3,5,,2. NO,,,,,,,,,,,,,,,,,,,,,,,,
6. South West,24. Lagos,2401. AGEGE,1. URBAN,0,249021,1,2. NO,2. NO,1. YES,1. YES,2. NO,1. YES,2. NO,2. NO,1. YES,2. NO,2,3,3,1. YES,0,0,0,0,0,0,0,0,1,1,1,0,0,0,0,0,0,0,0,0,13. LACK OF ACCESS TO MONEY AT THE BANK DUE TO NAIRA REDESIGN,12. LACK OF MONEY,5. FOOD IN THE MARKET WAS VERY EXPENSIVE,
6. South West,24. Lagos,2401. AGEGE,1. URBAN,884,249022,2,1. YES,1. YES,1. YES,1. YES,1. YES,1. YES,1. YES,1. YES,1. YES,1. YES,2,,,1. YES,0,0,0,0,0,0,0,0,0,1,1,0,0,0,0,0,0,0,0,0,12. LACK OF MONEY,,,
6. South West,24. Lagos,2401. AGEGE,1. URBAN,884,249023,2,1. YES,1. YES,1. YES,1. YES,1. YES,1. YES,2. NO,2. NO,1. YES,2. NO,2,3,6,1. YES,0,0,0,0,0,0,1,0,0,1,0,1,0,0,1,0,0,0,0,0,12. LACK OF MONEY,5. FOOD IN THE MARKET WAS VERY EXPENSIVE,,
6. South West,24. Lagos,2401. AGEGE,1. URBAN,1664,249025,2,1. YES,2. NO,1. YES,1. YES,1. YES,2. NO,2. NO,2. NO,1. YES,2. NO,3,,6,2. NO,,,,,,,,,,,,,,,,,,,,,,,,
6. South West,24. Lagos,2401. AGEGE,1. URBAN,1664,249026,1,1. YES,1. YES,1. YES,2. NO,1. YES,1. YES,1. YES,2. NO,1. YES,2. NO,3,3,,1. YES,0,0,0,0,0,0,0,0,0,1,1,0,0,0,0,0,0,0,0,0,5. FOOD IN THE MARKET WAS VERY EXPENSIVE,,,
6. South West,24. Lagos,2401. AGEGE,1. URBAN,1664,249027,1,1. YES,1. YES,1. YES,1. YES,1. YES,1. YES,1. YES,1. YES,2. NO,2. NO,2,,,1. YES,0,0,0,0,0,0,0,0,0,1,0,0,0,0,0,0,0,0,0,0,12. LACK OF MONEY,,,
6. South West,24. Lagos,2401. AGEGE,1. URBAN,1664,249029,1,2. NO,2. NO,2. NO,2. NO,2. NO,2. NO,2. NO,2. NO,2. NO,2. NO,3,3,,2. NO,,,,,,,,,,,,,,,,,,,,,,,,
6. South West,24. Lagos,2401. AGEGE,1. URBAN,1664,249031,2,1. YES,1. YES,1. YES,1. YES,1. YES,1. YES,1. YES,1. YES,1. YES,1. YES,2,3,,2. NO,,,,,,,,,,,,,,,,,,,,,,,,
6. South West,24. Lagos,2401. AGEGE,1. URBAN,1664,249032,2,1. YES,2. NO,1. YES,1. YES,1. YES,1. YES,1. YES,1. YES,1. YES,2. NO,2,3,,1. YES,0,0,0,0,0,1,0,0,1,1,1,0,0,0,0,0,0,0,0,0,13. LACK OF ACCESS TO MONEY AT THE BANK DUE TO NAIRA REDESIGN,12. LACK OF MONEY,5. FOOD IN THE MARKET WAS VERY EXPENSIVE,
6. South West,24. Lagos,2401. AGEGE,1. URBAN,1664,249033,1,2. NO,1. YES,1. YES,2. NO,1. YES,2. NO,2. NO,2. NO,1. YES,2. NO,3,,3,2. NO,,,,,,,,,,,,,,,,,,,,,,,,
6. South West,24. Lagos,2401. AGEGE,1. URBAN,1664,249034,2,1. YES,1. YES,1. YES,1. YES,1. YES,2. NO,1. YES,1. YES,1. YES,2. NO,2,3,3,2. NO,,,,,,,,,,,,,,,,,,,,,,,,
6. South West,24. Lagos,2401. AGEGE,1. URBAN,1664,249035,2,1. YES,1. YES,1. YES,1. YES,1. YES,2. NO,1. YES,2. NO,1. YES,2. NO,2,3,5,1. YES,0,0,0,1,0,0,0,0,0,1,0,0,0,0,0,0,0,0,0,0,12. LACK OF MONEY,5. FOOD IN THE MARKET WAS VERY EXPENSIVE,,
6. South West,24. Lagos,2403. ALIMOSHO,1. URBAN,1444,249037,2,1. YES,2. NO,2. NO,2. NO,2. NO,2. NO,2. NO,2. NO,2. NO,2. NO,3,3,,2. NO,,,,,,,,,,,,,,,,,,,,,,,,
6. South West,24. Lagos,2403. ALIMOSHO,1. URBAN,1444,249038,2,1. YES,2. NO,2. NO,2. NO,1. YES,2. NO,2. NO,2. NO,2. NO,2. NO,3,,,2. NO,,,,,,,,,,,,,,,,,,,,,,,,
6. South West,24. Lagos,2403. ALIMOSHO,1. URBAN,1444,249040,2,1. YES,1. YES,1. YES,1. YES,1. YES,2. NO,2. NO,2. NO,1. YES,2. NO,2,3,,1. YES,0,0,0,0,0,0,0,0,1,1,1,0,0,0,0,0,0,0,0,0,5. FOOD IN THE MARKET WAS VERY EXPENSIVE,,,
6. South West,24. Lagos,2403. ALIMOSHO,1. URBAN,1444,249041,1,2. NO,2. NO,2. NO,2. NO,2. NO,2. NO,2. NO,2. NO,2. NO,2. NO,1,,,2. NO,,,,,,,,,,,,,,,,,,,,,,,,
6. South West,24. Lagos,2403. ALIMOSHO,1. URBAN,1444,249042,2,2. NO,2. NO,2. NO,2. NO,2. NO,2. NO,2. NO,2. NO,2. NO,2. NO,3,3,5,2. NO,,,,,,,,,,,,,,,,,,,,,,,,
6. South West,24. Lagos,2403. ALIMOSHO,1. URBAN,1444,249046,1,2. NO,2. NO,2. NO,2. NO,2. NO,2. NO,2. NO,2. NO,2. NO,2. NO,3,3,3,2. NO,,,,,,,,,,,,,,,,,,,,,,,,
6. South West,28. Ondo,2814. OKITIPUPA,1. URBAN,0,249047,2,1. YES,1. YES,1. YES,1. YES,1. YES,1. YES,2. NO,2. NO,1. YES,2. NO,3,3,,1. YES,0,0,0,0,0,0,0,0,1,1,1,0,0,0,0,0,0,0,0,0,12. LACK OF MONEY,,,
6. South West,24. Lagos,2403. ALIMOSHO,1. URBAN,1444,249048,2,2. NO,2. NO,2. NO,1. YES,1. YES,2. NO,2. NO,2. NO,1. YES,2. NO,2,3,3,1. YES,0,0,0,0,0,0,0,0,1,1,0,0,0,0,0,0,0,0,0,0,12. LACK OF MONEY,13. LACK OF ACCESS TO MONEY AT THE BANK DUE TO NAIRA REDESIGN,5. FOOD IN THE MARKET WAS VERY EXPENSIVE,
6. South West,24. Lagos,2404. AMUWO ODOFIN,1. URBAN,1342,249049,1,2. NO,2. NO,2. NO,2. NO,2. NO,2. NO,2. NO,2. NO,2. NO,2. NO,3,,,2. NO,,,,,,,,,,,,,,,,,,,,,,,,
6. South West,24. Lagos,2404. AMUWO ODOFIN,1. URBAN,1342,249051,2,1. YES,1. YES,1. YES,1. YES,1. YES,1. YES,1. YES,2. NO,2. NO,1. YES,2,,,2. NO,,,,,,,,,,,,,,,,,,,,,,,,
6. South West,24. Lagos,2404. AMUWO ODOFIN,1. URBAN,1342,249053,2,1. YES,1. YES,1. YES,1. YES,1. YES,1. YES,2. NO,2. NO,1. YES,2. NO,2,3,,1. YES,0,0,0,0,0,0,0,0,1,1,1,1,0,0,0,0,0,0,0,0,12. LACK OF MONEY,,,
6. South West,24. Lagos,2404. AMUWO ODOFIN,1. URBAN,1342,249056,1,1. YES,1. YES,1. YES,1. YES,1. YES,1. YES,2. NO,2. NO,1. YES,2. NO,3,3,,1. YES,0,0,0,0,0,1,1,1,0,0,0,1,0,0,0,0,0,0,0,0,12. LACK OF MONEY,,,
6. South West,24. Lagos,2404. AMUWO ODOFIN,1. URBAN,1342,249057,2,1. YES,1. YES,1. YES,1. YES,1. YES,1. YES,1. YES,1. YES,1. YES,1. YES,3,3,,2. NO,,,,,,,,,,,,,,,,,,,,,,,,
6. South West,24. Lagos,2404. AMUWO ODOFIN,1. URBAN,1342,249058,2,2. NO,2. NO,2. NO,2. NO,2. NO,2. NO,2. NO,2. NO,2. NO,2. NO,2,,,2. NO,,,,,,,,,,,,,,,,,,,,,,,,
6. South West,24. Lagos,2404. AMUWO ODOFIN,1. URBAN,1342,249059,2,2. NO,2. NO,2. NO,1. YES,2. NO,2. NO,2. NO,2. NO,2. NO,2. NO,2,,,2. NO,,,,,,,,,,,,,,,,,,,,,,,,
6. South West,24. Lagos,2405. APAPA,1. URBAN,152,249061,2,1. YES,1. YES,1. YES,2. NO,1. YES,2. NO,2. NO,2. NO,2. NO,2. NO,2,2,,2. NO,,,,,,,,,,,,,,,,,,,,,,,,
6. South West,24. Lagos,2406. BADAGRY,1. URBAN,0,249063,2,1. YES,1. YES,1. YES,1. YES,1. YES,1. YES,1. YES,1. YES,1. YES,1. YES,2,,,2. NO,,,,,,,,,,,,,,,,,,,,,,,,
6. South West,24. Lagos,2405. APAPA,1. URBAN,152,249065,2,1. YES,1. YES,2. NO,1. YES,1. YES,1. YES,1. YES,1. YES,1. YES,1. YES,2,,,2. NO,,,,,,,,,,,,,,,,,,,,,,,,
6. South West,27. Ogun,2715. OBAFEMI OWE,1. URBAN,0,249066,1,1. YES,1. YES,1. YES,1. YES,1. YES,2. NO,1. YES,2. NO,2. NO,2. NO,2,,,1. YES,0,0,0,0,0,0,1,0,0,0,0,0,0,0,0,0,1,0,0,0,12. LACK OF MONEY,,,
6. South West,24. Lagos,2405. APAPA,1. URBAN,152,249067,2,1. YES,1. YES,1. YES,1. YES,1. YES,1. YES,1. YES,1. YES,1. YES,1. YES,3,,,2. NO,,,,,,,,,,,,,,,,,,,,,,,,
6. South West,24. Lagos,2405. APAPA,1. URBAN,152,249068,2,2. NO,2. NO,2. NO,2. NO,2. NO,2. NO,2. NO,2. NO,2. NO,2. NO,2,3,3,2. NO,,,,,,,,,,,,,,,,,,,,,,,,
6. South West,24. Lagos,2405. APAPA,1. URBAN,152,249069,4,2. NO,2. NO,2. NO,2. NO,2. NO,2. NO,2. NO,2. NO,2. NO,2. NO,3,,,2. NO,,,,,,,,,,,,,,,,,,,,,,,,
6. South West,24. Lagos,2405. APAPA,1. URBAN,152,249070,1,2. NO,1. YES,1. YES,2. NO,2. NO,2. NO,2. NO,2. NO,2. NO,2. NO,3,3,,2. NO,,,,,,,,,,,,,,,,,,,,,,,,
6. South West,24. Lagos,2405. APAPA,1. URBAN,152,249071,2,2. NO,2. NO,2. NO,2. NO,2. NO,2. NO,2. NO,2. NO,2. NO,2. NO,2,3,,2. NO,,,,,,,,,,,,,,,,,,,,,,,,
6. South West,24. Lagos,2405. APAPA,1. URBAN,152,249072,2,1. YES,1. YES,2. NO,2. NO,2. NO,2. NO,2. NO,2. NO,2. NO,2. NO,3,3,,2. NO,,,,,,,,,,,,,,,,,,,,,,,,
6. South West,24. Lagos,2405. APAPA,1. URBAN,588,249073,1,1. YES,1. YES,1. YES,2. NO,1. YES,2. NO,2. NO,2. NO,2. NO,2. NO,2,3,3,2. NO,,,,,,,,,,,,,,,,,,,,,,,,
6. South West,24. Lagos,2405. APAPA,1. URBAN,588,249074,1301,2. NO,2. NO,2. NO,2. NO,2. NO,2. NO,2. NO,2. NO,2. NO,2. NO,2,3,,2. NO,,,,,,,,,,,,,,,,,,,,,,,,
6. South West,24. Lagos,2405. APAPA,1. URBAN,588,249075,2,2. NO,2. NO,2. NO,2. NO,2. NO,2. NO,2. NO,2. NO,2. NO,2. NO,2,2,,2. NO,,,,,,,,,,,,,,,,,,,,,,,,
6. South West,24. Lagos,2405. APAPA,1. URBAN,588,249077,2,1. YES,1. YES,1. YES,1. YES,1. YES,1. YES,1. YES,2. NO,1. YES,1. YES,3,2,,2. NO,,,,,,,,,,,,,,,,,,,,,,,,
6. South West,24. Lagos,2405. APAPA,1. URBAN,588,249078,1,1. YES,1. YES,1. YES,1. YES,1. YES,1. YES,1. YES,1. YES,1. YES,2. NO,3,,4,2. NO,,,,,,,,,,,,,,,,,,,,,,,,
6. South West,29. Osun,2922. IWO,1. URBAN,0,249079,1,1. YES,1. YES,1. YES,1. YES,1. YES,1. YES,1. YES,2. NO,1. YES,2. NO,2,,,1. YES,1,0,0,0,0,0,0,0,0,0,0,0,0,0,0,0,0,0,0,0,12. LACK OF MONEY,,,
6. South West,24. Lagos,2415. LAGOS MAINLAN,1. URBAN,0,249081,1,1. YES,1. YES,1. YES,1. YES,1. YES,1. YES,1. YES,1. YES,1. YES,1. YES,2,3,,1. YES,1,0,0,0,0,0,0,0,0,0,0,0,0,0,0,0,0,0,0,0,5. FOOD IN THE MARKET WAS VERY EXPENSIVE,12. LACK OF MONEY,,
6. South West,24. Lagos,2415. LAGOS MAINLAN,1. URBAN,0,249083,2,1. YES,1. YES,2. NO,1. YES,2. NO,2. NO,2. NO,2. NO,2. NO,2. NO,3,3,,2. NO,,,,,,,,,,,,,,,,,,,,,,,,
1. North Central,23. Kwara,2308. ILORIN WEST,1. URBAN,0,249084,1,2. NO,2. NO,2. NO,2. NO,2. NO,2. NO,2. NO,2. NO,2. NO,2. NO,3,,,2. NO,,,,,,,,,,,,,,,,,,,,,,,,
6. South West,24. Lagos,2405. APAPA,1. URBAN,1292,249085,2,2. NO,2. NO,2. NO,2. NO,2. NO,2. NO,2. NO,2. NO,2. NO,2. NO,2,3,,2. NO,,,,,,,,,,,,,,,,,,,,,,,,
6. South West,24. Lagos,2405. APAPA,1. URBAN,1292,249088,1,2. NO,2. NO,2. NO,2. NO,2. NO,2. NO,2. NO,2. NO,2. NO,2. NO,3,3,3,2. NO,,,,,,,,,,,,,,,,,,,,,,,,
6. South West,24. Lagos,2405. APAPA,1. URBAN,1292,249089,2,2. NO,2. NO,2. NO,2. NO,2. NO,2. NO,2. NO,2. NO,2. NO,2. NO,3,3,3,2. NO,,,,,,,,,,,,,,,,,,,,,,,,
6. South West,24. Lagos,2405. APAPA,1. URBAN,1292,249090,1,1. YES,1. YES,1. YES,1. YES,1. YES,1. YES,1. YES,1. YES,1. YES,1. YES,3,3,4,2. NO,,,,,,,,,,,,,,,,,,,,,,,,
6. South West,24. Lagos,2405. APAPA,1. URBAN,1292,249091,2,2. NO,2. NO,2. NO,2. NO,2. NO,2. NO,2. NO,2. NO,2. NO,2. NO,3,3,,2. NO,,,,,,,,,,,,,,,,,,,,,,,,
6. South West,24. Lagos,2405. APAPA,1. URBAN,1292,249093,2,2. NO,2. NO,2. NO,2. NO,2. NO,2. NO,2. NO,2. NO,2. NO,2. NO,2,3,3,2. NO,,,,,,,,,,,,,,,,,,,,,,,,
6. South West,24. Lagos,2405. APAPA,1. URBAN,1292,249094,2,1. YES,2. NO,1. YES,1. YES,1. YES,2. NO,1. YES,1. YES,1. YES,1. YES,4,3,5,2. NO,,,,,,,,,,,,,,,,,,,,,,,,
6. South West,24. Lagos,2405. APAPA,1. URBAN,1292,249095,2,2. NO,2. NO,2. NO,2. NO,2. NO,2. NO,2. NO,2. NO,2. NO,2. NO,3,3,,2. NO,,,,,,,,,,,,,,,,,,,,,,,,
6. South West,24. Lagos,2405. APAPA,1. URBAN,1292,249096,2,2. NO,2. NO,2. NO,2. NO,2. NO,2. NO,2. NO,2. NO,2. NO,2. NO,3,4,4,2. NO,,,,,,,,,,,,,,,,,,,,,,,,
6. South West,24. Lagos,2410. IFAKO IJAIYE,1. URBAN,2522,249098,2,1. YES,1. YES,1. YES,2. NO,1. YES,2. NO,2. NO,2. NO,2. NO,2. NO,2,,,2. NO,,,,,,,,,,,,,,,,,,,,,,,,
6. South West,24. Lagos,2410. IFAKO IJAIYE,1. URBAN,2522,249102,1,2. NO,2. NO,2. NO,2. NO,2. NO,2. NO,2. NO,2. NO,2. NO,2. NO,3,,,2. NO,,,,,,,,,,,,,,,,,,,,,,,,
6. South West,24. Lagos,2410. IFAKO IJAIYE,1. URBAN,2522,249103,2,1. YES,1. YES,1. YES,2. NO,1. YES,1. YES,2. NO,2. NO,1. YES,2. NO,2,3,,2. NO,,,,,,,,,,,,,,,,,,,,,,,,
6. South West,24. Lagos,2410. IFAKO IJAIYE,1. URBAN,2522,249104,2,2. NO,2. NO,2. NO,2. NO,2. NO,2. NO,2. NO,2. NO,2. NO,2. NO,3,3,,2. NO,,,,,,,,,,,,,,,,,,,,,,,,
6. South West,24. Lagos,2410. IFAKO IJAIYE,1. URBAN,2522,249105,1,1. YES,1. YES,1. YES,1. YES,1. YES,2. NO,1. YES,2. NO,1. YES,1. YES,2,,,1. YES,0,0,0,0,0,1,0,0,0,1,0,1,0,0,1,0,0,0,0,0,12. LACK OF MONEY,,,
6. South West,24. Lagos,2410. IFAKO IJAIYE,1. URBAN,2522,249106,1,2. NO,2. NO,2. NO,2. NO,2. NO,2. NO,2. NO,2. NO,2. NO,2. NO,3,3,3,2. NO,,,,,,,,,,,,,,,,,,,,,,,,
6. South West,27. Ogun,2703. ADOODO OTA,1. URBAN,0,249107,1,2. NO,2. NO,2. NO,2. NO,2. NO,2. NO,2. NO,2. NO,2. NO,2. NO,3,,3,2. NO,,,,,,,,,,,,,,,,,,,,,,,,
6. South West,24. Lagos,2410. IFAKO IJAIYE,1. URBAN,2522,249108,1,1. YES,1. YES,1. YES,1. YES,1. YES,1. YES,2. NO,2. NO,2. NO,2. NO,2,,,2. NO,,,,,,,,,,,,,,,,,,,,,,,,
6. South West,24. Lagos,2415. LAGOS MAINLAN,1. URBAN,550,249109,2,1. YES,2. NO,1. YES,1. YES,1. YES,2. NO,2. NO,2. NO,1. YES,2. NO,3,3,3,2. NO,,,,,,,,,,,,,,,,,,,,,,,,
6. South West,24. Lagos,2415. LAGOS MAINLAN,1. URBAN,550,249111,2,2. NO,2. NO,2. NO,2. NO,2. NO,2. NO,2. NO,2. NO,2. NO,2. NO,3,3,,2. NO,,,,,,,,,,,,,,,,,,,,,,,,
6. South West,24. Lagos,2415. LAGOS MAINLAN,1. URBAN,550,249112,1,2. NO,2. NO,2. NO,2. NO,2. NO,2. NO,2. NO,2. NO,2. NO,2. NO,3,,3,2. NO,,,,,,,,,,,,,,,,,,,,,,,,
6. South West,24. Lagos,2415. LAGOS MAINLAN,1. URBAN,550,249113,1,2. NO,2. NO,2. NO,1. YES,1. YES,2. NO,2. NO,2. NO,1. YES,2. NO,2,,,2. NO,,,,,,,,,,,,,,,,,,,,,,,,
6. South West,24. Lagos,2415. LAGOS MAINLAN,1. URBAN,550,249114,1,2. NO,2. NO,2. NO,2. NO,2. NO,2. NO,2. NO,2. NO,2. NO,2. NO,3,,,2. NO,,,,,,,,,,,,,,,,,,,,,,,,
6. South West,24. Lagos,2415. LAGOS MAINLAN,1. URBAN,550,249115,2,2. NO,2. NO,2. NO,2. NO,2. NO,2. NO,2. NO,2. NO,2. NO,2. NO,3,3,,2. NO,,,,,,,,,,,,,,,,,,,,,,,,
6. South West,24. Lagos,2415. LAGOS MAINLAN,1. URBAN,550,249116,2,2. NO,2. NO,2. NO,2. NO,2. NO,2. NO,2. NO,2. NO,2. NO,2. NO,2,,,2. NO,,,,,,,,,,,,,,,,,,,,,,,,
6. South West,24. Lagos,2415. LAGOS MAINLAN,1. URBAN,550,249117,2,1. YES,1. YES,1. YES,1. YES,1. YES,2. NO,2. NO,2. NO,1. YES,2. NO,3,3,,2. NO,,,,,,,,,,,,,,,,,,,,,,,,
6. South West,24. Lagos,2409. IBEJU LEKKI,1. URBAN,0,249119,1,2. NO,2. NO,2. NO,2. NO,2. NO,2. NO,2. NO,2. NO,2. NO,2. NO,3,,3,2. NO,,,,,,,,,,,,,,,,,,,,,,,,
6. South West,24. Lagos,2415. LAGOS MAINLAN,1. URBAN,550,249120,2,2. NO,2. NO,2. NO,2. NO,2. NO,2. NO,2. NO,2. NO,2. NO,2. NO,2,,,2. NO,,,,,,,,,,,,,,,,,,,,,,,,
6. South West,24. Lagos,2416. MUSHIN,1. URBAN,176,249121,2,2. NO,2. NO,1. YES,2. NO,1. YES,2. NO,2. NO,2. NO,2. NO,2. NO,3,,,2. NO,,,,,,,,,,,,,,,,,,,,,,,,
6. South West,24. Lagos,2416. MUSHIN,1. URBAN,176,249122,1,1. YES,2. NO,2. NO,1. YES,2. NO,2. NO,1. YES,2. NO,2. NO,2. NO,2,2,,2. NO,,,,,,,,,,,,,,,,,,,,,,,,
6. South West,24. Lagos,2416. MUSHIN,1. URBAN,176,249124,1,2. NO,2. NO,2. NO,2. NO,2. NO,2. NO,2. NO,2. NO,2. NO,2. NO,3,3,3,2. NO,,,,,,,,,,,,,,,,,,,,,,,,
6. South West,24. Lagos,2416. MUSHIN,1. URBAN,176,249125,2,2. NO,2. NO,2. NO,2. NO,2. NO,2. NO,2. NO,2. NO,2. NO,2. NO,3,3,,2. NO,,,,,,,,,,,,,,,,,,,,,,,,
6. South West,24. Lagos,2416. MUSHIN,1. URBAN,176,249126,1,2. NO,2. NO,2. NO,2. NO,2. NO,2. NO,2. NO,2. NO,2. NO,2. NO,3,,,2. NO,,,,,,,,,,,,,,,,,,,,,,,,
6. South West,24. Lagos,2416. MUSHIN,1. URBAN,176,249127,2,2. NO,2. NO,2. NO,2. NO,2. NO,2. NO,2. NO,2. NO,2. NO,2. NO,3,,,2. NO,,,,,,,,,,,,,,,,,,,,,,,,
6. South West,24. Lagos,2416. MUSHIN,1. URBAN,176,249130,4,2. NO,2. NO,2. NO,2. NO,2. NO,2. NO,2. NO,2. NO,2. NO,2. NO,3,,,2. NO,,,,,,,,,,,,,,,,,,,,,,,,
6. South West,24. Lagos,2416. MUSHIN,1. URBAN,176,249131,1,2. NO,2. NO,2. NO,2. NO,2. NO,2. NO,2. NO,2. NO,2. NO,2. NO,3,3,,2. NO,,,,,,,,,,,,,,,,,,,,,,,,
1. North Central,23. Kwara,2301. ASA,1. URBAN,0,249133,1,1. YES,1. YES,1. YES,1. YES,1. YES,2. NO,1. YES,2. NO,1. YES,2. NO,2,2,,1. YES,0,0,0,0,0,0,0,0,0,0,0,0,0,0,1,1,1,0,0,0,5. FOOD IN THE MARKET WAS VERY EXPENSIVE,12. LACK OF MONEY,,
6. South West,24. Lagos,2416. MUSHIN,1. URBAN,2028,249135,1,2. NO,2. NO,2. NO,2. NO,2. NO,2. NO,2. NO,2. NO,2. NO,2. NO,2,,,2. NO,,,,,,,,,,,,,,,,,,,,,,,,
6. South West,24. Lagos,2416. MUSHIN,1. URBAN,2028,249136,2,2. NO,2. NO,2. NO,2. NO,2. NO,2. NO,2. NO,2. NO,2. NO,2. NO,3,,,2. NO,,,,,,,,,,,,,,,,,,,,,,,,
6. South West,24. Lagos,2416. MUSHIN,1. URBAN,2028,249139,1,2. NO,2. NO,2. NO,2. NO,2. NO,2. NO,2. NO,2. NO,2. NO,2. NO,3,,,2. NO,,,,,,,,,,,,,,,,,,,,,,,,
6. South West,24. Lagos,2416. MUSHIN,1. URBAN,2028,249141,2,2. NO,2. NO,2. NO,2. NO,2. NO,2. NO,2. NO,2. NO,1. YES,2. NO,2,3,,2. NO,,,,,,,,,,,,,,,,,,,,,,,,
6. South West,24. Lagos,2416. MUSHIN,1. URBAN,2028,249142,2,2. NO,1. YES,1. YES,2. NO,1. YES,2. NO,2. NO,2. NO,2. NO,2. NO,3,3,,2. NO,,,,,,,,,,,,,,,,,,,,,,,,
6. South West,24. Lagos,2416. MUSHIN,1. URBAN,2028,249143,3,2. NO,2. NO,2. NO,2. NO,2. NO,2. NO,2. NO,2. NO,2. NO,2. NO,2,,3,2. NO,,,,,,,,,,,,,,,,,,,,,,,,
6. South West,24. Lagos,2416. MUSHIN,1. URBAN,2028,249144,1,2. NO,2. NO,2. NO,2. NO,2. NO,2. NO,2. NO,2. NO,2. NO,2. NO,2,,3,2. NO,,,,,,,,,,,,,,,,,,,,,,,,
6. South West,24. Lagos,2418. OSHODI,1. URBAN,920,249145,4,1. YES,1. YES,1. YES,2. NO,1. YES,2. NO,2. NO,2. NO,2. NO,2. NO,2,,,2. NO,,,,,,,,,,,,,,,,,,,,,,,,
6. South West,24. Lagos,2418. OSHODI,1. URBAN,920,249147,2,2. NO,2. NO,2. NO,2. NO,2. NO,2. NO,2. NO,2. NO,2. NO,2. NO,3,3,3,2. NO,,,,,,,,,,,,,,,,,,,,,,,,
6. South West,24. Lagos,2418. OSHODI,1. URBAN,920,249148,2,1. YES,1. YES,1. YES,1. YES,1. YES,2. NO,2. NO,2. NO,1. YES,2. NO,3,3,,2. NO,,,,,,,,,,,,,,,,,,,,,,,,
6. South West,24. Lagos,2418. OSHODI,1. URBAN,920,249149,2,1. YES,1. YES,1. YES,2. NO,1. YES,2. NO,2. NO,2. NO,1. YES,2. NO,2,3,,2. NO,,,,,,,,,,,,,,,,,,,,,,,,
6. South West,24. Lagos,2418. OSHODI,1. URBAN,920,249150,1,1. YES,1. YES,1. YES,1. YES,1. YES,2. NO,2. NO,2. NO,2. NO,2. NO,2,,,2. NO,,,,,,,,,,,,,,,,,,,,,,,,
6. South West,24. Lagos,2418. OSHODI,1. URBAN,920,249151,2,1. YES,1. YES,1. YES,2. NO,2. NO,2. NO,2. NO,2. NO,2. NO,2. NO,3,3,,2. NO,,,,,,,,,,,,,,,,,,,,,,,,
6. South West,24. Lagos,2418. OSHODI,1. URBAN,920,249152,2,1. YES,1. YES,1. YES,1. YES,1. YES,2. NO,2. NO,2. NO,1. YES,2. NO,2,3,6,2. NO,,,,,,,,,,,,,,,,,,,,,,,,
6. South West,24. Lagos,2418. OSHODI,1. URBAN,920,249154,2,1. YES,1. YES,1. YES,1. YES,1. YES,2. NO,2. NO,2. NO,2. NO,2. NO,2,,,2. NO,,,,,,,,,,,,,,,,,,,,,,,,
6. South West,27. Ogun,2703. ADOODO OTA,1. URBAN,0,249155,2,2. NO,2. NO,2. NO,2. NO,2. NO,2. NO,2. NO,2. NO,2. NO,2. NO,3,4,,2. NO,,,,,,,,,,,,,,,,,,,,,,,,
6. South West,24. Lagos,2418. OSHODI,1. URBAN,920,249156,2,1. YES,1. YES,1. YES,1. YES,1. YES,2. NO,2. NO,2. NO,1. YES,2. NO,3,3,,1. YES,0,0,0,0,0,0,0,0,1,1,1,0,0,0,0,0,0,0,0,0,12. LACK OF MONEY,,,
6. South West,24. Lagos,2408. ETI OSA,1. URBAN,0,249157,1,1. YES,2. NO,2. NO,2. NO,2. NO,2. NO,2. NO,2. NO,2. NO,2. NO,3,,,1. YES,0,0,0,0,0,0,0,0,1,1,0,0,0,0,0,0,0,0,0,0,5. FOOD IN THE MARKET WAS VERY EXPENSIVE,12. LACK OF MONEY,13. LACK OF ACCESS TO MONEY AT THE BANK DUE TO NAIRA REDESIGN,
6. South West,24. Lagos,2418. OSHODI,1. URBAN,1090,249159,1,2. NO,2. NO,2. NO,2. NO,2. NO,2. NO,2. NO,2. NO,2. NO,2. NO,2,3,,2. NO,,,,,,,,,,,,,,,,,,,,,,,,
6. South West,24. Lagos,2418. OSHODI,1. URBAN,1090,249161,1,2. NO,2. NO,2. NO,2. NO,2. NO,2. NO,2. NO,2. NO,2. NO,2. NO,3,,,2. NO,,,,,,,,,,,,,,,,,,,,,,,,
6. South West,24. Lagos,2418. OSHODI,1. URBAN,1090,249162,2,2. NO,2. NO,2. NO,2. NO,2. NO,2. NO,2. NO,2. NO,2. NO,2. NO,3,,,2. NO,,,,,,,,,,,,,,,,,,,,,,,,
6. South West,24. Lagos,2418. OSHODI,1. URBAN,1090,249163,1,2. NO,2. NO,2. NO,2. NO,2. NO,2. NO,2. NO,2. NO,2. NO,2. NO,3,,,2. NO,,,,,,,,,,,,,,,,,,,,,,,,
6. South West,24. Lagos,2418. OSHODI,1. URBAN,1090,249164,1,2. NO,1. YES,1. YES,2. NO,2. NO,2. NO,2. NO,2. NO,2. NO,2. NO,2,3,,2. NO,,,,,,,,,,,,,,,,,,,,,,,,
6. South West,24. Lagos,2409. IBEJU LEKKI,1. URBAN,0,249166,1,2. NO,2. NO,2. NO,2. NO,2. NO,2. NO,2. NO,2. NO,2. NO,2. NO,3,,,2. NO,,,,,,,,,,,,,,,,,,,,,,,,
6. South West,24. Lagos,2418. OSHODI,1. URBAN,1090,249167,1,2. NO,2. NO,2. NO,2. NO,2. NO,2. NO,2. NO,2. NO,2. NO,2. NO,3,,,2. NO,,,,,,,,,,,,,,,,,,,,,,,,
6. South West,24. Lagos,2418. OSHODI,1. URBAN,2276,249182,2,2. NO,2. NO,2. NO,2. NO,2. NO,2. NO,2. NO,2. NO,2. NO,2. NO,2,3,,2. NO,,,,,,,,,,,,,,,,,,,,,,,,
6. South West,24. Lagos,2418. OSHODI,1. URBAN,2276,249183,1,2. NO,2. NO,2. NO,2. NO,2. NO,2. NO,2. NO,2. NO,2. NO,2. NO,2,,,2. NO,,,,,,,,,,,,,,,,,,,,,,,,
6. South West,24. Lagos,2418. OSHODI,1. URBAN,0,249185,3,1. YES,1. YES,1. YES,2. NO,1. YES,2. NO,2. NO,2. NO,2. NO,2. NO,2,,,1. YES,0,0,0,0,0,0,0,0,1,1,1,0,0,0,0,0,0,0,0,0,5. FOOD IN THE MARKET WAS VERY EXPENSIVE,,,
6. South West,24. Lagos,2418. OSHODI,1. URBAN,2276,249186,1,2. NO,2. NO,2. NO,2. NO,2. NO,2. NO,2. NO,2. NO,2. NO,2. NO,2,3,,2. NO,,,,,,,,,,,,,,,,,,,,,,,,
6. South West,24. Lagos,2418. OSHODI,1. URBAN,2276,249187,3,2. NO,2. NO,2. NO,2. NO,2. NO,2. NO,2. NO,2. NO,2. NO,2. NO,2,,,2. NO,,,,,,,,,,,,,,,,,,,,,,,,
6. South West,24. Lagos,2418. OSHODI,1. URBAN,2276,249188,2,2. NO,2. NO,2. NO,2. NO,2. NO,2. NO,2. NO,2. NO,2. NO,2. NO,3,3,,2. NO,,,,,,,,,,,,,,,,,,,,,,,,
6. South West,24. Lagos,2418. OSHODI,1. URBAN,2276,249189,1,2. NO,2. NO,2. NO,2. NO,2. NO,2. NO,2. NO,2. NO,2. NO,2. NO,2,3,,2. NO,,,,,,,,,,,,,,,,,,,,,,,,
6. South West,24. Lagos,2418. OSHODI,1. URBAN,2276,249190,1,2. NO,2. NO,2. NO,2. NO,2. NO,2. NO,2. NO,2. NO,2. NO,2. NO,3,3,,2. NO,,,,,,,,,,,,,,,,,,,,,,,,
6. South West,24. Lagos,2418. OSHODI,1. URBAN,2276,249191,4,2. NO,2. NO,2. NO,2. NO,2. NO,2. NO,2. NO,2. NO,2. NO,2. NO,2,3,,2. NO,,,,,,,,,,,,,,,,,,,,,,,,
6. South West,24. Lagos,2418. OSHODI,1. URBAN,2276,249192,2,2. NO,2. NO,2. NO,2. NO,2. NO,2. NO,2. NO,2. NO,2. NO,2. NO,3,,,2. NO,,,,,,,,,,,,,,,,,,,,,,,,
6. South West,24. Lagos,2419. SHOMOLU,1. URBAN,488,249195,2,2. NO,2. NO,2. NO,2. NO,2. NO,2. NO,2. NO,2. NO,2. NO,2. NO,3,,,2. NO,,,,,,,,,,,,,,,,,,,,,,,,
6. South West,27. Ogun,2715. OBAFEMI OWE,1. URBAN,0,249196,1,2. NO,2. NO,2. NO,2. NO,2. NO,2. NO,2. NO,2. NO,2. NO,2. NO,4,4,5,2. NO,,,,,,,,,,,,,,,,,,,,,,,,
6. South West,24. Lagos,2419. SHOMOLU,1. URBAN,488,249198,1,2. NO,2. NO,2. NO,2. NO,2. NO,2. NO,2. NO,2. NO,2. NO,2. NO,3,,,2. NO,,,,,,,,,,,,,,,,,,,,,,,,
6. South West,24. Lagos,2419. SHOMOLU,1. URBAN,488,249199,1,2. NO,2. NO,2. NO,2. NO,2. NO,2. NO,2. NO,2. NO,2. NO,2. NO,3,3,,2. NO,,,,,,,,,,,,,,,,,,,,,,,,
5. South South,9. Cross River,907. BOKI,1. URBAN,0,249201,3,1. YES,1. YES,1. YES,1. YES,1. YES,1. YES,1. YES,2. NO,1. YES,1. YES,3,,,1. YES,0,0,0,0,0,0,0,0,0,0,0,0,0,1,1,1,0,0,0,0,1. INADEQUATE HOUSEHOLD FOOD STOCKS DUE TO DROUGHT/ POOR RAINS,,,
6. South West,24. Lagos,2419. SHOMOLU,1. URBAN,488,249202,1,2. NO,2. NO,2. NO,2. NO,2. NO,2. NO,2. NO,2. NO,2. NO,2. NO,2,,,2. NO,,,,,,,,,,,,,,,,,,,,,,,,
6. South West,24. Lagos,2419. SHOMOLU,1. URBAN,488,249203,2,2. NO,2. NO,2. NO,2. NO,2. NO,2. NO,2. NO,2. NO,2. NO,2. NO,2,3,3,2. NO,,,,,,,,,,,,,,,,,,,,,,,,
6. South West,24. Lagos,2419. SHOMOLU,1. URBAN,488,249204,1,1. YES,2. NO,1. YES,2. NO,1. YES,2. NO,2. NO,2. NO,2. NO,2. NO,2,2,3,2. NO,,,,,,,,,,,,,,,,,,,,,,,,
6. South West,24. Lagos,2420. SURULERE (LAGOS),1. URBAN,10,249205,2,1. YES,1. YES,1. YES,1. YES,1. YES,1. YES,2. NO,2. NO,1. YES,1. YES,2,3,,2. NO,,,,,,,,,,,,,,,,,,,,,,,,
6. South West,24. Lagos,2420. SURULERE (LAGOS),1. URBAN,10,249208,2,2. NO,2. NO,2. NO,2. NO,2. NO,2. NO,2. NO,2. NO,2. NO,2. NO,3,,,2. NO,,,,,,,,,,,,,,,,,,,,,,,,
6. South West,24. Lagos,2420. SURULERE (LAGOS),1. URBAN,10,249210,1,2. NO,1. YES,2. NO,2. NO,2. NO,2. NO,2. NO,2. NO,2. NO,2. NO,3,3,,2. NO,,,,,,,,,,,,,,,,,,,,,,,,
6. South West,24. Lagos,2420. SURULERE (LAGOS),1. URBAN,10,249211,2,1. YES,2. NO,1. YES,1. YES,1. YES,2. NO,2. NO,2. NO,1. YES,2. NO,2,3,,2. NO,,,,,,,,,,,,,,,,,,,,,,,,
6. South West,24. Lagos,2420. SURULERE (LAGOS),1. URBAN,10,249213,1,2. NO,2. NO,2. NO,2. NO,2. NO,2. NO,2. NO,2. NO,2. NO,2. NO,2,3,3,2. NO,,,,,,,,,,,,,,,,,,,,,,,,
6. South West,24. Lagos,2420. SURULERE (LAGOS),1. URBAN,10,249214,2,1. YES,1. YES,1. YES,1. YES,1. YES,2. NO,1. YES,2. NO,2. NO,2. NO,2,,,2. NO,,,,,,,,,,,,,,,,,,,,,,,,
6. South West,24. Lagos,2420. SURULERE (LAGOS),1. URBAN,10,249215,4,2. NO,2. NO,2. NO,2. NO,2. NO,2. NO,2. NO,2. NO,2. NO,2. NO,2,3,,2. NO,,,,,,,,,,,,,,,,,,,,,,,,
6. South West,24. Lagos,2420. SURULERE (LAGOS),1. URBAN,10,249216,2,2. NO,2. NO,2. NO,2. NO,2. NO,2. NO,2. NO,2. NO,2. NO,2. NO,3,,,2. NO,,,,,,,,,,,,,,,,,,,,,,,,
6. South West,24. Lagos,2420. SURULERE (LAGOS),1. URBAN,300,249218,2,2. NO,2. NO,2. NO,2. NO,2. NO,2. NO,2. NO,2. NO,2. NO,2. NO,3,3,,2. NO,,,,,,,,,,,,,,,,,,,,,,,,
6. South West,24. Lagos,2420. SURULERE (LAGOS),1. URBAN,300,249219,2,2. NO,2. NO,2. NO,2. NO,2. NO,2. NO,2. NO,2. NO,2. NO,2. NO,3,3,,2. NO,,,,,,,,,,,,,,,,,,,,,,,,
6. South West,24. Lagos,2420. SURULERE (LAGOS),1. URBAN,300,249221,1,1. YES,1. YES,2. NO,1. YES,1. YES,2. NO,2. NO,2. NO,2. NO,2. NO,2,3,,2. NO,,,,,,,,,,,,,,,,,,,,,,,,
6. South West,24. Lagos,2420. SURULERE (LAGOS),1. URBAN,300,249222,2,2. NO,2. NO,2. NO,2. NO,2. NO,2. NO,2. NO,2. NO,2. NO,2. NO,2,,,2. NO,,,,,,,,,,,,,,,,,,,,,,,,
6. South West,24. Lagos,2420. SURULERE (LAGOS),1. URBAN,300,249223,2,2. NO,2. NO,2. NO,2. NO,2. NO,2. NO,2. NO,2. NO,2. NO,2. NO,2,3,,2. NO,,,,,,,,,,,,,,,,,,,,,,,,
6. South West,24. Lagos,2420. SURULERE (LAGOS),1. URBAN,300,249224,1,1. YES,2. NO,2. NO,2. NO,2. NO,2. NO,2. NO,2. NO,2. NO,2. NO,2,2,,2. NO,,,,,,,,,,,,,,,,,,,,,,,,
6. South West,24. Lagos,2420. SURULERE (LAGOS),1. URBAN,300,249225,701,1. YES,1. YES,1. YES,1. YES,1. YES,2. NO,2. NO,2. NO,1. YES,1. YES,2,3,3,2. NO,,,,,,,,,,,,,,,,,,,,,,,,
6. South West,24. Lagos,2420. SURULERE (LAGOS),1. URBAN,300,249226,2,2. NO,2. NO,2. NO,2. NO,2. NO,2. NO,2. NO,2. NO,2. NO,2. NO,3,3,,2. NO,,,,,,,,,,,,,,,,,,,,,,,,
6. South West,24. Lagos,2420. SURULERE (LAGOS),1. URBAN,300,249228,2,1. YES,1. YES,1. YES,1. YES,1. YES,1. YES,1. YES,2. NO,2. NO,2. NO,2,3,,2. NO,,,,,,,,,,,,,,,,,,,,,,,,
6. South West,24. Lagos,2409. IBEJU LEKKI,1. URBAN,0,249232,1,2. NO,2. NO,2. NO,2. NO,2. NO,2. NO,2. NO,2. NO,2. NO,2. NO,3,3,,2. NO,,,,,,,,,,,,,,,,,,,,,,,,
6. South West,24. Lagos,2420. SURULERE (LAGOS),1. URBAN,1580,249233,2,1. YES,1. YES,2. NO,2. NO,2. NO,2. NO,2. NO,2. NO,2. NO,2. NO,2,3,4,2. NO,,,,,,,,,,,,,,,,,,,,,,,,
6. South West,24. Lagos,2420. SURULERE (LAGOS),1. URBAN,1580,249234,2,1. YES,1. YES,1. YES,2. NO,1. YES,1. YES,1. YES,2. NO,2. NO,2. NO,2,,,1. YES,0,0,0,0,0,0,0,0,0,1,0,0,0,0,0,0,0,0,0,0,12. LACK OF MONEY,,,
6. South West,24. Lagos,2420. SURULERE (LAGOS),1. URBAN,1580,249235,1,1. YES,1. YES,1. YES,1. YES,1. YES,1. YES,1. YES,1. YES,1. YES,2. NO,3,3,,2. NO,,,,,,,,,,,,,,,,,,,,,,,,
6. South West,24. Lagos,2420. SURULERE (LAGOS),1. URBAN,1580,249236,1,1. YES,1. YES,1. YES,2. NO,2. NO,2. NO,2. NO,2. NO,2. NO,2. NO,2,,,2. NO,,,,,,,,,,,,,,,,,,,,,,,,
6. South West,27. Ogun,2707. IFO,1. URBAN,0,249238,2,2. NO,2. NO,2. NO,2. NO,2. NO,2. NO,2. NO,2. NO,2. NO,2. NO,3,3,3,2. NO,,,,,,,,,,,,,,,,,,,,,,,,
6. South West,24. Lagos,2420. SURULERE (LAGOS),1. URBAN,1580,249239,1,2. NO,2. NO,2. NO,2. NO,2. NO,2. NO,2. NO,2. NO,2. NO,2. NO,3,3,,2. NO,,,,,,,,,,,,,,,,,,,,,,,,
6. South West,24. Lagos,2420. SURULERE (LAGOS),1. URBAN,1580,249240,1,2. NO,2. NO,2. NO,2. NO,2. NO,2. NO,2. NO,2. NO,2. NO,2. NO,3,3,3,2. NO,,,,,,,,,,,,,,,,,,,,,,,,
6. South West,27. Ogun,2707. IFO,1. URBAN,0,249241,1,2. NO,2. NO,2. NO,2. NO,2. NO,2. NO,2. NO,2. NO,2. NO,2. NO,3,3,,2. NO,,,,,,,,,,,,,,,,,,,,,,,,
6. South West,24. Lagos,2401. AGEGE,1. URBAN,396,249242,5101,1. YES,1. YES,1. YES,1. YES,1. YES,2. NO,2. NO,2. NO,1. YES,2. NO,3,3,,2. NO,,,,,,,,,,,,,,,,,,,,,,,,
6. South West,24. Lagos,2401. AGEGE,1. URBAN,884,249243,1,2. NO,2. NO,2. NO,2. NO,2. NO,2. NO,2. NO,2. NO,2. NO,2. NO,3,3,,2. NO,,,,,,,,,,,,,,,,,,,,,,,,
6. South West,24. Lagos,2401. AGEGE,1. URBAN,884,249244,1,1. YES,1. YES,1. YES,1. YES,1. YES,1. YES,1. YES,2. NO,2. NO,1. YES,2,,,1. YES,1,0,0,0,0,0,0,0,0,0,0,0,0,0,0,0,0,0,0,0,12. LACK OF MONEY,,,
6. South West,24. Lagos,2403. ALIMOSHO,1. URBAN,1444,249247,2,1. YES,1. YES,1. YES,1. YES,1. YES,1. YES,2. NO,1. YES,1. YES,2. NO,2,,,2. NO,,,,,,,,,,,,,,,,,,,,,,,,
6. South West,24. Lagos,2404. AMUWO ODOFIN,1. URBAN,1342,249250,2,2. NO,2. NO,1. YES,1. YES,2. NO,2. NO,2. NO,2. NO,2. NO,2. NO,2,3,3,2. NO,,,,,,,,,,,,,,,,,,,,,,,,
1. North Central,23. Kwara,2310. ISIN,1. URBAN,0,249253,1,1. YES,1. YES,1. YES,1. YES,1. YES,1. YES,1. YES,2. NO,1. YES,1. YES,2,3,,1. YES,0,0,0,0,0,0,0,0,0,0,0,1,1,1,1,1,1,0,0,0,5. FOOD IN THE MARKET WAS VERY EXPENSIVE,12. LACK OF MONEY,,
6. South West,24. Lagos,2410. IFAKO IJAIYE,1. URBAN,2522,249257,2,1. YES,1. YES,1. YES,2. NO,1. YES,2. NO,2. NO,2. NO,1. YES,1. YES,2,,,2. NO,,,,,,,,,,,,,,,,,,,,,,,,
6. South West,24. Lagos,2410. IFAKO IJAIYE,1. URBAN,0,249258,101,1. YES,1. YES,1. YES,2. NO,1. YES,2. NO,2. NO,2. NO,1. YES,2. NO,2,3,,1. YES,0,0,0,0,0,0,0,0,0,1,0,0,0,0,0,0,0,0,0,0,12. LACK OF MONEY,,,
6. South West,24. Lagos,2416. MUSHIN,1. URBAN,2028,249264,1,1. YES,1. YES,1. YES,1. YES,1. YES,1. YES,1. YES,1. YES,2. NO,2. NO,2,2,,2. NO,,,,,,,,,,,,,,,,,,,,,,,,
6. South West,24. Lagos,2418. OSHODI,1. URBAN,1090,249267,1401,2. NO,2. NO,2. NO,2. NO,2. NO,2. NO,2. NO,2. NO,2. NO,2. NO,3,,,2. NO,,,,,,,,,,,,,,,,,,,,,,,,
6. South West,24. Lagos,2420. SURULERE (LAGOS),1. URBAN,10,249275,5101,2. NO,2. NO,2. NO,2. NO,2. NO,2. NO,2. NO,2. NO,2. NO,2. NO,2,,,2. NO,,,,,,,,,,,,,,,,,,,,,,,,
6. South West,24. Lagos,2420. SURULERE (LAGOS),1. URBAN,10,249276,1,2. NO,2. NO,2. NO,2. NO,2. NO,2. NO,2. NO,2. NO,2. NO,2. NO,2,,,2. NO,,,,,,,,,,,,,,,,,,,,,,,,
6. South West,24. Lagos,2420. SURULERE (LAGOS),1. URBAN,300,249278,2,1. YES,1. YES,1. YES,2. NO,1. YES,1. YES,2. NO,2. NO,2. NO,2. NO,2,,,1. YES,0,0,0,0,0,0,0,0,1,0,0,0,0,0,0,0,0,0,0,0,12. LACK OF MONEY,,,
6. South West,24. Lagos,2403. ALIMOSHO,1. URBAN,0,249279,2,2. NO,2. NO,2. NO,2. NO,2. NO,2. NO,2. NO,2. NO,2. NO,2. NO,3,,,2. NO,,,,,,,,,,,,,,,,,,,,,,,,
1. North Central,25. Nasarawa,2504. KARU,2. RURAL,222,250011,1,2. NO,2. NO,2. NO,2. NO,2. NO,2. NO,2. NO,2. NO,2. NO,2. NO,3,,,2. NO,,,,,,,,,,,,,,,,,,,,,,,,
1. North Central,25. Nasarawa,2504. KARU,2. RURAL,222,250012,1,2. NO,2. NO,2. NO,2. NO,2. NO,2. NO,2. NO,2. NO,2. NO,2. NO,3,,,2. NO,,,,,,,,,,,,,,,,,,,,,,,,
1. North Central,25. Nasarawa,2504. KARU,2. RURAL,0,250013,2,2. NO,2. NO,2. NO,2. NO,2. NO,2. NO,2. NO,2. NO,2. NO,2. NO,3,3,,2. NO,,,,,,,,,,,,,,,,,,,,,,,,
1. North Central,25. Nasarawa,2504. KARU,2. RURAL,222,250014,2,2. NO,2. NO,2. NO,2. NO,2. NO,2. NO,2. NO,2. NO,2. NO,2. NO,3,3,,2. NO,,,,,,,,,,,,,,,,,,,,,,,,
3. North West,18. Kaduna,1802. CHIKUN,2. RURAL,0,250015,1,2. NO,1. YES,1. YES,1. YES,1. YES,2. NO,2. NO,2. NO,2. NO,2. NO,3,3,,1. YES,0,0,0,0,0,0,0,0,0,0,0,0,0,0,1,1,1,0,0,0,3. INADEQUATE HOUSEHOLD FOOD STOCKS DUE TO SMALL LAND SIZE,,,
1. North Central,25. Nasarawa,2504. KARU,2. RURAL,222,250016,4,2. NO,2. NO,2. NO,2. NO,2. NO,2. NO,2. NO,2. NO,2. NO,2. NO,3,3,,2. NO,,,,,,,,,,,,,,,,,,,,,,,,
1. North Central,25. Nasarawa,2504. KARU,2. RURAL,222,250017,1,2. NO,2. NO,2. NO,2. NO,2. NO,2. NO,2. NO,2. NO,2. NO,2. NO,3,,,2. NO,,,,,,,,,,,,,,,,,,,,,,,,
1. North Central,25. Nasarawa,2504. KARU,2. RURAL,222,250018,2,2. NO,2. NO,2. NO,2. NO,2. NO,2. NO,2. NO,2. NO,2. NO,2. NO,3,3,3,2. NO,,,,,,,,,,,,,,,,,,,,,,,,
1. North Central,25. Nasarawa,2504. KARU,2. RURAL,222,250019,1,2. NO,2. NO,2. NO,2. NO,2. NO,2. NO,2. NO,2. NO,2. NO,2. NO,3,3,3,2. NO,,,,,,,,,,,,,,,,,,,,,,,,
1. North Central,25. Nasarawa,2504. KARU,2. RURAL,222,250020,1,2. NO,2. NO,2. NO,2. NO,2. NO,2. NO,2. NO,2. NO,2. NO,2. NO,3,3,7,2. NO,,,,,,,,,,,,,,,,,,,,,,,,
1. North Central,25. Nasarawa,2503. DOMA,2. RURAL,1350,259001,1,2. NO,2. NO,2. NO,2. NO,2. NO,2. NO,2. NO,2. NO,2. NO,2. NO,3,3,3,2. NO,,,,,,,,,,,,,,,,,,,,,,,,
1. North Central,25. Nasarawa,2503. DOMA,2. RURAL,1350,259002,1,2. NO,2. NO,2. NO,2. NO,2. NO,2. NO,2. NO,2. NO,2. NO,2. NO,3,3,3,2. NO,,,,,,,,,,,,,,,,,,,,,,,,
1. North Central,25. Nasarawa,2503. DOMA,2. RURAL,1350,259003,1,2. NO,2. NO,2. NO,2. NO,2. NO,2. NO,2. NO,2. NO,2. NO,2. NO,3,3,,2. NO,,,,,,,,,,,,,,,,,,,,,,,,
1. North Central,25. Nasarawa,2503. DOMA,2. RURAL,1350,259004,2,2. NO,2. NO,2. NO,2. NO,2. NO,2. NO,2. NO,2. NO,2. NO,2. NO,3,,,2. NO,,,,,,,,,,,,,,,,,,,,,,,,
1. North Central,25. Nasarawa,2503. DOMA,2. RURAL,1350,259007,2,2. NO,2. NO,2. NO,2. NO,2. NO,2. NO,2. NO,2. NO,2. NO,2. NO,3,3,3,2. NO,,,,,,,,,,,,,,,,,,,,,,,,
1. North Central,25. Nasarawa,2503. DOMA,2. RURAL,1350,259008,2,1. YES,1. YES,1. YES,1. YES,1. YES,1. YES,1. YES,2. NO,1. YES,2. NO,2,3,3,2. NO,,,,,,,,,,,,,,,,,,,,,,,,
1. North Central,25. Nasarawa,2503. DOMA,2. RURAL,1350,259009,2,1. YES,1. YES,2. NO,1. YES,1. YES,2. NO,2. NO,2. NO,2. NO,2. NO,2,2,,2. NO,,,,,,,,,,,,,,,,,,,,,,,,
1. North Central,25. Nasarawa,2503. DOMA,2. RURAL,1350,259010,5103,2. NO,2. NO,2. NO,2. NO,2. NO,2. NO,2. NO,2. NO,2. NO,2. NO,3,3,3,2. NO,,,,,,,,,,,,,,,,,,,,,,,,
1. North Central,25. Nasarawa,2503. DOMA,2. RURAL,1350,259011,1,2. NO,2. NO,2. NO,2. NO,2. NO,2. NO,2. NO,2. NO,2. NO,2. NO,3,,3,2. NO,,,,,,,,,,,,,,,,,,,,,,,,
1. North Central,25. Nasarawa,2503. DOMA,2. RURAL,1350,259012,1,2. NO,2. NO,2. NO,2. NO,2. NO,2. NO,2. NO,2. NO,2. NO,2. NO,3,3,3,2. NO,,,,,,,,,,,,,,,,,,,,,,,,
1. North Central,26. Niger,2615. MARIGA,2. RURAL,2196,260051,2,2. NO,1. YES,2. NO,2. NO,2. NO,2. NO,2. NO,2. NO,2. NO,2. NO,3,,,2. NO,,,,,,,,,,,,,,,,,,,,,,,,
1. North Central,26. Niger,2615. MARIGA,2. RURAL,2196,260052,1,2. NO,2. NO,2. NO,2. NO,2. NO,2. NO,2. NO,2. NO,2. NO,2. NO,3,,,2. NO,,,,,,,,,,,,,,,,,,,,,,,,
1. North Central,26. Niger,2615. MARIGA,2. RURAL,2196,260053,6,2. NO,1. YES,2. NO,2. NO,2. NO,2. NO,2. NO,2. NO,2. NO,2. NO,3,,,2. NO,,,,,,,,,,,,,,,,,,,,,,,,
1. North Central,26. Niger,2615. MARIGA,2. RURAL,2196,260054,2,1. YES,1. YES,1. YES,1. YES,1. YES,1. YES,1. YES,1. YES,1. YES,1. YES,3,,,1. YES,0,0,0,0,0,0,0,0,1,1,1,1,1,1,0,0,0,0,0,0,5. FOOD IN THE MARKET WAS VERY EXPENSIVE,6. UNABLE TO REACH THE MARKET DUE TO HIGH TRANSPORTATION COSTS,,
1. North Central,26. Niger,2615. MARIGA,2. RURAL,2196,260055,1,2. NO,2. NO,2. NO,2. NO,1. YES,1. YES,2. NO,2. NO,2. NO,2. NO,3,,,2. NO,,,,,,,,,,,,,,,,,,,,,,,,
1. North Central,26. Niger,2615. MARIGA,2. RURAL,2196,260056,2,1. YES,1. YES,1. YES,1. YES,1. YES,1. YES,1. YES,1. YES,1. YES,1. YES,4,,,1. YES,0,0,0,0,0,0,0,0,1,1,1,1,1,1,1,0,0,0,0,0,5. FOOD IN THE MARKET WAS VERY EXPENSIVE,6. UNABLE TO REACH THE MARKET DUE TO HIGH TRANSPORTATION COSTS,,
1. North Central,26. Niger,2615. MARIGA,2. RURAL,2196,260057,1,1. YES,2. NO,2. NO,2. NO,2. NO,2. NO,2. NO,2. NO,2. NO,2. NO,3,3,,2. NO,,,,,,,,,,,,,,,,,,,,,,,,
1. North Central,26. Niger,2615. MARIGA,2. RURAL,2196,260058,2,2. NO,1. YES,1. YES,1. YES,2. NO,2. NO,1. YES,1. YES,1. YES,2. NO,3,,,1. YES,0,0,0,0,0,0,0,0,0,0,0,0,0,1,1,0,0,0,0,0,12. LACK OF MONEY,5. FOOD IN THE MARKET WAS VERY EXPENSIVE,6. UNABLE TO REACH THE MARKET DUE TO HIGH TRANSPORTATION COSTS,
1. North Central,26. Niger,2615. MARIGA,2. RURAL,2196,260059,1,2. NO,2. NO,2. NO,2. NO,2. NO,2. NO,2. NO,2. NO,2. NO,2. NO,3,,3,2. NO,,,,,,,,,,,,,,,,,,,,,,,,
1. North Central,26. Niger,2615. MARIGA,2. RURAL,2196,260060,1,2. NO,2. NO,2. NO,2. NO,2. NO,2. NO,2. NO,2. NO,2. NO,2. NO,3,3,3,2. NO,,,,,,,,,,,,,,,,,,,,,,,,
1. North Central,26. Niger,2611. KONTAGORA,2. RURAL,424,260081,2,1. YES,1. YES,1. YES,1. YES,1. YES,1. YES,1. YES,1. YES,1. YES,1. YES,3,4,,1. YES,0,0,0,0,0,0,1,1,1,1,1,1,1,1,0,0,0,0,0,0,10. INADEQUATE FOOD STOCK FROM FARM DUE TO CONFLICT/SECURITY,12. LACK OF MONEY,,
1. North Central,26. Niger,2611. KONTAGORA,2. RURAL,424,260082,1,1. YES,1. YES,1. YES,1. YES,1. YES,1. YES,1. YES,1. YES,2. NO,1. YES,3,,,1. YES,1,0,0,0,0,0,0,0,0,0,0,0,0,0,0,0,0,0,0,0,12. LACK OF MONEY,5. FOOD IN THE MARKET WAS VERY EXPENSIVE,10. INADEQUATE FOOD STOCK FROM FARM DUE TO CONFLICT/SECURITY,
1. North Central,26. Niger,2611. KONTAGORA,2. RURAL,424,260083,1,1. YES,1. YES,1. YES,1. YES,1. YES,1. YES,1. YES,2. NO,1. YES,2. NO,3,4,4,2. NO,,,,,,,,,,,,,,,,,,,,,,,,
1. North Central,26. Niger,2611. KONTAGORA,2. RURAL,424,260084,5,1. YES,1. YES,2. NO,2. NO,2. NO,2. NO,2. NO,2. NO,2. NO,2. NO,3,,,2. NO,,,,,,,,,,,,,,,,,,,,,,,,
1. North Central,26. Niger,2611. KONTAGORA,2. RURAL,424,260085,2,1. YES,1. YES,1. YES,1. YES,1. YES,1. YES,1. YES,1. YES,1. YES,1. YES,3,,,1. YES,1,0,0,0,0,0,0,0,0,0,0,0,0,0,0,0,0,0,0,0,10. INADEQUATE FOOD STOCK FROM FARM DUE TO CONFLICT/SECURITY,12. LACK OF MONEY,,
1. North Central,26. Niger,2611. KONTAGORA,2. RURAL,424,260086,1,1. YES,2. NO,2. NO,2. NO,1. YES,2. NO,2. NO,2. NO,2. NO,2. NO,3,,,2. NO,,,,,,,,,,,,,,,,,,,,,,,,
1. North Central,26. Niger,2611. KONTAGORA,2. RURAL,424,260087,2,1. YES,1. YES,1. YES,1. YES,1. YES,1. YES,1. YES,1. YES,1. YES,1. YES,3,,,1. YES,0,0,0,0,0,0,0,0,0,0,0,0,1,1,1,1,0,0,0,0,12. LACK OF MONEY,11. UNABLE TO REACH THE MARKET DUE TO CONFLICT/SECURITY,5. FOOD IN THE MARKET WAS VERY EXPENSIVE,
1. North Central,26. Niger,2611. KONTAGORA,2. RURAL,424,260088,5101,1. YES,2. NO,2. NO,2. NO,2. NO,2. NO,2. NO,2. NO,2. NO,2. NO,3,,3,2. NO,,,,,,,,,,,,,,,,,,,,,,,,
1. North Central,26. Niger,2611. KONTAGORA,2. RURAL,424,260089,4,1. YES,1. YES,1. YES,1. YES,1. YES,1. YES,1. YES,1. YES,1. YES,1. YES,3,4,5,1. YES,0,0,0,0,0,0,0,0,1,1,1,1,1,1,0,0,0,0,0,0,10. INADEQUATE FOOD STOCK FROM FARM DUE TO CONFLICT/SECURITY,5. FOOD IN THE MARKET WAS VERY EXPENSIVE,12. LACK OF MONEY,
1. North Central,26. Niger,2611. KONTAGORA,2. RURAL,424,260090,1,2. NO,1. YES,1. YES,2. NO,1. YES,1. YES,2. NO,2. NO,1. YES,2. NO,3,4,,2. NO,,,,,,,,,,,,,,,,,,,,,,,,
1. North Central,26. Niger,2603. BIDA,1. URBAN,658,260111,2,1. YES,1. YES,1. YES,1. YES,1. YES,1. YES,1. YES,1. YES,1. YES,1. YES,3,,,2. NO,,,,,,,,,,,,,,,,,,,,,,,,
1. North Central,26. Niger,2603. BIDA,1. URBAN,658,260112,8,1. YES,1. YES,1. YES,2. NO,2. NO,2. NO,1. YES,1. YES,1. YES,2. NO,3,4,4,1. YES,0,0,0,0,0,0,0,0,0,0,0,0,0,1,1,0,0,0,0,0,4. INADEQUATE HOUSEHOLD FOOD STOCKS DUE TO LACK OF FARM INPUTS,10. INADEQUATE FOOD STOCK FROM FARM DUE TO CONFLICT/SECURITY,5. FOOD IN THE MARKET WAS VERY EXPENSIVE,
1. North Central,26. Niger,2603. BIDA,1. URBAN,658,260113,2,1. YES,1. YES,2. NO,2. NO,2. NO,2. NO,2. NO,2. NO,2. NO,2. NO,3,,,2. NO,,,,,,,,,,,,,,,,,,,,,,,,
1. North Central,26. Niger,2603. BIDA,1. URBAN,658,260114,1,1. YES,2. NO,2. NO,2. NO,2. NO,2. NO,2. NO,2. NO,2. NO,2. NO,3,4,,2. NO,,,,,,,,,,,,,,,,,,,,,,,,
1. North Central,26. Niger,2603. BIDA,1. URBAN,658,260115,2,1. YES,1. YES,1. YES,2. NO,1. YES,2. NO,2. NO,2. NO,1. YES,2. NO,3,,,2. NO,,,,,,,,,,,,,,,,,,,,,,,,
1. North Central,26. Niger,2603. BIDA,1. URBAN,658,260116,2,1. YES,1. YES,1. YES,1. YES,2. NO,1. YES,1. YES,1. YES,1. YES,1. YES,3,4,,2. NO,,,,,,,,,,,,,,,,,,,,,,,,
1. North Central,26. Niger,2603. BIDA,1. URBAN,658,260117,1,1. YES,1. YES,1. YES,1. YES,1. YES,1. YES,1. YES,2. NO,1. YES,2. NO,3,4,,1. YES,1,0,0,0,0,0,0,0,0,0,0,0,0,0,0,0,0,0,0,0,5. FOOD IN THE MARKET WAS VERY EXPENSIVE,12. LACK OF MONEY,6. UNABLE TO REACH THE MARKET DUE TO HIGH TRANSPORTATION COSTS,
1. North Central,26. Niger,2603. BIDA,1. URBAN,658,260118,1,2. NO,2. NO,2. NO,2. NO,2. NO,2. NO,2. NO,2. NO,2. NO,2. NO,4,,,2. NO,,,,,,,,,,,,,,,,,,,,,,,,
1. North Central,26. Niger,2603. BIDA,1. URBAN,658,260119,1,1. YES,1. YES,1. YES,2. NO,2. NO,2. NO,2. NO,1. YES,1. YES,1. YES,3,,,1. YES,0,0,0,0,0,0,0,0,0,0,1,1,1,1,0,0,0,0,0,0,1. INADEQUATE HOUSEHOLD FOOD STOCKS DUE TO DROUGHT/ POOR RAINS,5. FOOD IN THE MARKET WAS VERY EXPENSIVE,,
1. North Central,26. Niger,2603. BIDA,1. URBAN,658,260120,2,1. YES,1. YES,1. YES,1. YES,1. YES,2. NO,1. YES,2. NO,1. YES,2. NO,3,,,1. YES,0,0,0,0,0,0,0,0,0,0,0,0,1,1,1,1,0,0,0,0,5. FOOD IN THE MARKET WAS VERY EXPENSIVE,12. LACK OF MONEY,6. UNABLE TO REACH THE MARKET DUE TO HIGH TRANSPORTATION COSTS,
1. North Central,26. Niger,2613. LAVUN,2. RURAL,1462,260151,3,1. YES,1. YES,1. YES,1. YES,2. NO,2. NO,2. NO,2. NO,1. YES,2. NO,3,,,1. YES,0,0,0,0,0,0,0,0,0,0,0,0,0,1,1,1,0,0,0,0,12. LACK OF MONEY,5. FOOD IN THE MARKET WAS VERY EXPENSIVE,2. INADEQUATE HOUSEHOLD FOOD STOCKS DUE TO CROP PEST DAMAGE,
1. North Central,26. Niger,2613. LAVUN,2. RURAL,1462,260152,1,2. NO,2. NO,2. NO,2. NO,2. NO,2. NO,2. NO,2. NO,2. NO,2. NO,4,4,4,2. NO,,,,,,,,,,,,,,,,,,,,,,,,
1. North Central,26. Niger,2613. LAVUN,2. RURAL,1462,260153,1,2. NO,2. NO,2. NO,2. NO,2. NO,2. NO,2. NO,2. NO,2. NO,2. NO,4,,,2. NO,,,,,,,,,,,,,,,,,,,,,,,,
1. North Central,26. Niger,2613. LAVUN,2. RURAL,1462,260154,1,1. YES,1. YES,1. YES,1. YES,1. YES,1. YES,1. YES,2. NO,1. YES,2. NO,3,,,1. YES,0,0,0,0,0,0,0,0,0,0,0,0,0,1,1,0,0,0,0,0,12. LACK OF MONEY,6. UNABLE TO REACH THE MARKET DUE TO HIGH TRANSPORTATION COSTS,,
1. North Central,26. Niger,2613. LAVUN,2. RURAL,1462,260155,9,1. YES,1. YES,1. YES,1. YES,1. YES,1. YES,1. YES,2. NO,1. YES,2. NO,3,5,,1. YES,0,0,0,0,0,0,0,0,0,0,0,0,0,1,1,1,0,0,0,0,12. LACK OF MONEY,5. FOOD IN THE MARKET WAS VERY EXPENSIVE,,
1. North Central,26. Niger,2613. LAVUN,2. RURAL,1462,260156,1,1. YES,2. NO,2. NO,2. NO,2. NO,2. NO,2. NO,2. NO,2. NO,2. NO,3,4,4,2. NO,,,,,,,,,,,,,,,,,,,,,,,,
1. North Central,26. Niger,2613. LAVUN,2. RURAL,1462,260157,1,1. YES,1. YES,1. YES,1. YES,1. YES,1. YES,2. NO,2. NO,1. YES,1. YES,3,,,1. YES,0,0,0,0,0,0,1,1,1,1,1,0,1,1,1,0,0,0,0,0,5. FOOD IN THE MARKET WAS VERY EXPENSIVE,11. UNABLE TO REACH THE MARKET DUE TO CONFLICT/SECURITY,,
1. North Central,26. Niger,2613. LAVUN,2. RURAL,1462,260158,2,1. YES,1. YES,1. YES,1. YES,1. YES,1. YES,1. YES,2. NO,1. YES,2. NO,2,,,1. YES,0,0,0,0,0,0,0,0,0,1,1,1,1,1,0,0,0,0,0,0,5. FOOD IN THE MARKET WAS VERY EXPENSIVE,6. UNABLE TO REACH THE MARKET DUE TO HIGH TRANSPORTATION COSTS,12. LACK OF MONEY,
1. North Central,26. Niger,2613. LAVUN,2. RURAL,1462,260159,1,2. NO,2. NO,2. NO,2. NO,2. NO,1. YES,1. YES,2. NO,1. YES,2. NO,3,4,,2. NO,,,,,,,,,,,,,,,,,,,,,,,,
1. North Central,26. Niger,2613. LAVUN,2. RURAL,1462,260160,1,2. NO,2. NO,1. YES,2. NO,1. YES,1. YES,2. NO,2. NO,2. NO,2. NO,3,,,2. NO,,,,,,,,,,,,,,,,,,,,,,,,
1. North Central,26. Niger,2616. MASHEGU,2. RURAL,254,260161,2,1. YES,1. YES,1. YES,1. YES,1. YES,1. YES,2. NO,2. NO,1. YES,2. NO,3,3,4,1. YES,0,0,0,0,0,0,0,0,0,0,0,0,1,1,1,1,0,0,0,0,12. LACK OF MONEY,5. FOOD IN THE MARKET WAS VERY EXPENSIVE,,
1. North Central,26. Niger,2616. MASHEGU,2. RURAL,254,260162,1,1. YES,2. NO,2. NO,2. NO,2. NO,2. NO,2. NO,2. NO,2. NO,2. NO,3,4,,2. NO,,,,,,,,,,,,,,,,,,,,,,,,
1. North Central,26. Niger,2616. MASHEGU,2. RURAL,254,260163,3,1. YES,1. YES,1. YES,1. YES,1. YES,1. YES,2. NO,2. NO,2. NO,2. NO,4,,,1. YES,0,0,0,0,0,0,0,0,1,1,1,1,1,1,0,0,0,0,0,0,5. FOOD IN THE MARKET WAS VERY EXPENSIVE,6. UNABLE TO REACH THE MARKET DUE TO HIGH TRANSPORTATION COSTS,12. LACK OF MONEY,
1. North Central,26. Niger,2616. MASHEGU,2. RURAL,254,260164,2,1. YES,1. YES,1. YES,2. NO,2. NO,2. NO,2. NO,2. NO,2. NO,2. NO,3,4,,1. YES,0,0,0,0,0,0,0,0,0,0,0,0,0,0,1,0,0,0,0,0,6. UNABLE TO REACH THE MARKET DUE TO HIGH TRANSPORTATION COSTS,,,
1. North Central,26. Niger,2616. MASHEGU,2. RURAL,254,260165,1,1. YES,1. YES,1. YES,1. YES,1. YES,1. YES,2. NO,2. NO,2. NO,2. NO,3,4,4,2. NO,,,,,,,,,,,,,,,,,,,,,,,,
1. North Central,26. Niger,2616. MASHEGU,2. RURAL,254,260166,2,1. YES,1. YES,1. YES,1. YES,1. YES,2. NO,2. NO,2. NO,1. YES,2. NO,4,,,1. YES,0,0,0,0,0,0,0,0,0,1,1,1,1,1,1,1,0,0,0,0,12. LACK OF MONEY,6. UNABLE TO REACH THE MARKET DUE TO HIGH TRANSPORTATION COSTS,,
1. North Central,26. Niger,2616. MASHEGU,2. RURAL,254,260167,1,1. YES,2. NO,2. NO,2. NO,2. NO,2. NO,2. NO,2. NO,2. NO,2. NO,4,4,,2. NO,,,,,,,,,,,,,,,,,,,,,,,,
1. North Central,26. Niger,2616. MASHEGU,2. RURAL,254,260168,2,1. YES,1. YES,1. YES,1. YES,1. YES,1. YES,1. YES,2. NO,1. YES,2. NO,3,,,1. YES,0,0,0,0,0,0,0,0,0,0,0,0,0,1,1,0,0,0,0,0,5. FOOD IN THE MARKET WAS VERY EXPENSIVE,12. LACK OF MONEY,,
1. North Central,26. Niger,2616. MASHEGU,2. RURAL,254,260169,1,2. NO,1. YES,1. YES,2. NO,1. YES,1. YES,2. NO,2. NO,2. NO,2. NO,3,4,4,2. NO,,,,,,,,,,,,,,,,,,,,,,,,
1. North Central,26. Niger,2616. MASHEGU,2. RURAL,254,260170,2,1. YES,1. YES,1. YES,1. YES,1. YES,2. NO,2. NO,2. NO,2. NO,2. NO,3,,,1. YES,0,0,0,0,0,0,0,0,0,0,0,0,0,1,1,0,0,0,0,0,12. LACK OF MONEY,5. FOOD IN THE MARKET WAS VERY EXPENSIVE,,
1. North Central,26. Niger,2603. BIDA,1. URBAN,450,269001,2,1. YES,1. YES,1. YES,1. YES,1. YES,1. YES,1. YES,2. NO,1. YES,2. NO,4,,5,1. YES,0,0,0,0,0,0,0,0,0,0,0,0,0,1,1,1,0,0,0,0,12. LACK OF MONEY,,,
1. North Central,26. Niger,2609. GURARA,1. URBAN,0,269002,1,1. YES,1. YES,2. NO,2. NO,1. YES,1. YES,2. NO,2. NO,1. YES,2. NO,3,,,1. YES,0,0,0,0,0,0,0,0,0,0,0,0,1,1,1,0,0,0,0,0,10. INADEQUATE FOOD STOCK FROM FARM DUE TO CONFLICT/SECURITY,5. FOOD IN THE MARKET WAS VERY EXPENSIVE,12. LACK OF MONEY,
1. North Central,26. Niger,2603. BIDA,1. URBAN,450,269004,2,1. YES,1. YES,1. YES,1. YES,1. YES,1. YES,1. YES,1. YES,1. YES,1. YES,3,4,5,1. YES,0,0,0,0,0,0,0,0,0,1,1,1,1,1,0,0,0,0,0,0,1. INADEQUATE HOUSEHOLD FOOD STOCKS DUE TO DROUGHT/ POOR RAINS,5. FOOD IN THE MARKET WAS VERY EXPENSIVE,6. UNABLE TO REACH THE MARKET DUE TO HIGH TRANSPORTATION COSTS,
1. North Central,26. Niger,2603. BIDA,1. URBAN,450,269005,101,2. NO,2. NO,2. NO,2. NO,2. NO,2. NO,2. NO,2. NO,2. NO,2. NO,3,4,,2. NO,,,,,,,,,,,,,,,,,,,,,,,,
1. North Central,26. Niger,2603. BIDA,1. URBAN,450,269006,1,1. YES,1. YES,1. YES,1. YES,1. YES,1. YES,1. YES,2. NO,1. YES,2. NO,3,4,,2. NO,,,,,,,,,,,,,,,,,,,,,,,,
1. North Central,26. Niger,2603. BIDA,1. URBAN,450,269007,1,1. YES,1. YES,1. YES,1. YES,1. YES,1. YES,1. YES,2. NO,1. YES,2. NO,3,5,,1. YES,0,0,0,0,0,0,0,0,0,0,0,0,0,1,1,1,0,0,0,0,12. LACK OF MONEY,,,
1. North Central,26. Niger,2603. BIDA,1. URBAN,450,269009,1,2. NO,2. NO,2. NO,2. NO,2. NO,2. NO,2. NO,2. NO,2. NO,2. NO,3,3,3,2. NO,,,,,,,,,,,,,,,,,,,,,,,,
1. North Central,26. Niger,2603. BIDA,1. URBAN,450,269010,1,1. YES,1. YES,1. YES,1. YES,1. YES,1. YES,2. NO,2. NO,2. NO,2. NO,3,,,2. NO,,,,,,,,,,,,,,,,,,,,,,,,
1. North Central,26. Niger,2603. BIDA,1. URBAN,450,269011,1,1. YES,1. YES,1. YES,1. YES,1. YES,1. YES,2. NO,2. NO,1. YES,2. NO,3,4,,1. YES,0,0,0,0,0,0,0,0,0,0,0,0,0,1,1,1,0,0,0,0,12. LACK OF MONEY,6. UNABLE TO REACH THE MARKET DUE TO HIGH TRANSPORTATION COSTS,4. INADEQUATE HOUSEHOLD FOOD STOCKS DUE TO LACK OF FARM INPUTS,
1. North Central,26. Niger,2603. BIDA,1. URBAN,450,269012,1,2. NO,1. YES,1. YES,2. NO,2. NO,1. YES,2. NO,2. NO,2. NO,2. NO,3,4,,2. NO,,,,,,,,,,,,,,,,,,,,,,,,
1. North Central,26. Niger,2604. BORGU,2. RURAL,1652,269013,3,1. YES,1. YES,1. YES,2. NO,2. NO,2. NO,2. NO,2. NO,2. NO,2. NO,3,4,,2. NO,,,,,,,,,,,,,,,,,,,,,,,,
1. North Central,26. Niger,2604. BORGU,2. RURAL,1652,269014,2,1. YES,1. YES,1. YES,1. YES,1. YES,2. NO,1. YES,2. NO,1. YES,2. NO,3,4,5,1. YES,0,0,0,0,0,0,0,0,0,0,0,0,0,1,1,0,0,0,0,0,12. LACK OF MONEY,5. FOOD IN THE MARKET WAS VERY EXPENSIVE,,
1. North Central,26. Niger,2604. BORGU,2. RURAL,1652,269015,2,1. YES,1. YES,1. YES,1. YES,1. YES,1. YES,2. NO,2. NO,2. NO,2. NO,3,,,2. NO,,,,,,,,,,,,,,,,,,,,,,,,
1. North Central,26. Niger,2604. BORGU,2. RURAL,1652,269017,2,1. YES,1. YES,1. YES,1. YES,2. NO,2. NO,2. NO,2. NO,2. NO,2. NO,3,5,,1. YES,0,0,0,0,0,0,0,0,0,1,1,1,1,1,1,1,0,0,0,0,12. LACK OF MONEY,5. FOOD IN THE MARKET WAS VERY EXPENSIVE,,
1. North Central,26. Niger,2604. BORGU,2. RURAL,1652,269018,301,1. YES,1. YES,1. YES,1. YES,1. YES,2. NO,2. NO,2. NO,1. YES,2. NO,4,5,4,2. NO,,,,,,,,,,,,,,,,,,,,,,,,
1. North Central,26. Niger,2604. BORGU,2. RURAL,1652,269019,1,1. YES,2. NO,2. NO,2. NO,2. NO,2. NO,2. NO,2. NO,2. NO,2. NO,3,4,4,2. NO,,,,,,,,,,,,,,,,,,,,,,,,
1. North Central,26. Niger,2604. BORGU,2. RURAL,1652,269020,1,2. NO,2. NO,2. NO,2. NO,2. NO,2. NO,2. NO,2. NO,2. NO,2. NO,3,,,2. NO,,,,,,,,,,,,,,,,,,,,,,,,
1. North Central,26. Niger,2604. BORGU,2. RURAL,1652,269021,1303,1. YES,2. NO,2. NO,2. NO,2. NO,2. NO,2. NO,2. NO,2. NO,2. NO,3,4,4,1. YES,0,0,0,0,0,0,0,0,0,0,0,0,0,0,1,0,0,0,0,0,5. FOOD IN THE MARKET WAS VERY EXPENSIVE,,,
1. North Central,26. Niger,2604. BORGU,2. RURAL,1652,269023,1,2. NO,1. YES,1. YES,2. NO,2. NO,1. YES,2. NO,2. NO,2. NO,2. NO,3,4,4,2. NO,,,,,,,,,,,,,,,,,,,,,,,,
1. North Central,26. Niger,2604. BORGU,2. RURAL,1652,269024,1,1. YES,1. YES,1. YES,2. NO,1. YES,1. YES,2. NO,1. YES,2. NO,2. NO,3,4,4,2. NO,,,,,,,,,,,,,,,,,,,,,,,,
1. North Central,26. Niger,2608. GBAKO,2. RURAL,786,269025,1,1. YES,1. YES,2. NO,2. NO,2. NO,2. NO,2. NO,2. NO,2. NO,2. NO,3,4,,2. NO,,,,,,,,,,,,,,,,,,,,,,,,
1. North Central,26. Niger,2608. GBAKO,2. RURAL,786,269026,2,1. YES,1. YES,1. YES,1. YES,2. NO,2. NO,1. YES,2. NO,1. YES,2. NO,3,4,,1. YES,0,0,0,0,0,0,0,0,0,0,0,0,1,1,1,1,0,0,0,0,12. LACK OF MONEY,7. NO FOOD IN THE MARKET,11. UNABLE TO REACH THE MARKET DUE TO CONFLICT/SECURITY,
1. North Central,26. Niger,2608. GBAKO,2. RURAL,786,269027,1,1. YES,1. YES,1. YES,1. YES,1. YES,1. YES,1. YES,1. YES,1. YES,1. YES,4,4,,1. YES,0,0,0,0,0,0,0,0,0,1,1,1,1,1,1,1,0,0,0,0,5. FOOD IN THE MARKET WAS VERY EXPENSIVE,12. LACK OF MONEY,,
1. North Central,26. Niger,2608. GBAKO,2. RURAL,786,269028,2,2. NO,2. NO,1. YES,2. NO,2. NO,2. NO,2. NO,2. NO,1. YES,2. NO,3,,,2. NO,,,,,,,,,,,,,,,,,,,,,,,,
1. North Central,26. Niger,2608. GBAKO,2. RURAL,786,269030,1,1. YES,1. YES,1. YES,1. YES,1. YES,1. YES,2. NO,2. NO,2. NO,2. NO,3,4,5,1. YES,0,0,0,0,0,0,0,0,1,1,1,1,1,1,0,0,0,0,0,0,6. UNABLE TO REACH THE MARKET DUE TO HIGH TRANSPORTATION COSTS,12. LACK OF MONEY,,
1. North Central,26. Niger,2608. GBAKO,2. RURAL,786,269031,1,2. NO,1. YES,1. YES,2. NO,1. YES,1. YES,2. NO,2. NO,2. NO,2. NO,3,4,,1. YES,0,0,0,0,0,0,0,0,0,0,0,0,0,1,1,1,0,0,0,0,3. INADEQUATE HOUSEHOLD FOOD STOCKS DUE TO SMALL LAND SIZE,12. LACK OF MONEY,6. UNABLE TO REACH THE MARKET DUE TO HIGH TRANSPORTATION COSTS,
1. North Central,26. Niger,2608. GBAKO,2. RURAL,786,269033,1,2. NO,2. NO,1. YES,2. NO,2. NO,2. NO,2. NO,2. NO,2. NO,2. NO,3,4,4,2. NO,,,,,,,,,,,,,,,,,,,,,,,,
1. North Central,26. Niger,2608. GBAKO,2. RURAL,786,269034,2,2. NO,2. NO,2. NO,2. NO,2. NO,2. NO,2. NO,2. NO,2. NO,2. NO,3,3,,2. NO,,,,,,,,,,,,,,,,,,,,,,,,
1. North Central,26. Niger,2608. GBAKO,2. RURAL,786,269035,101,2. NO,2. NO,2. NO,2. NO,2. NO,2. NO,2. NO,2. NO,2. NO,2. NO,4,,,1. YES,0,0,0,0,0,0,0,0,0,0,0,0,0,1,1,0,0,0,0,0,12. LACK OF MONEY,,,
1. North Central,26. Niger,2608. GBAKO,2. RURAL,786,269036,1,2. NO,2. NO,2. NO,2. NO,2. NO,2. NO,2. NO,2. NO,2. NO,2. NO,3,4,,2. NO,,,,,,,,,,,,,,,,,,,,,,,,
1. North Central,26. Niger,2609. GURARA,2. RURAL,204,269037,1,1. YES,2. NO,1. YES,2. NO,1. YES,2. NO,2. NO,2. NO,1. YES,2. NO,3,,,2. NO,,,,,,,,,,,,,,,,,,,,,,,,
1. North Central,26. Niger,2609. GURARA,2. RURAL,204,269038,1,1. YES,1. YES,1. YES,2. NO,2. NO,1. YES,2. NO,2. NO,1. YES,2. NO,3,4,5,1. YES,0,0,0,0,0,0,0,0,0,0,0,0,1,1,1,0,0,0,0,0,2. INADEQUATE HOUSEHOLD FOOD STOCKS DUE TO CROP PEST DAMAGE,5. FOOD IN THE MARKET WAS VERY EXPENSIVE,1. INADEQUATE HOUSEHOLD FOOD STOCKS DUE TO DROUGHT/ POOR RAINS,
1. North Central,26. Niger,2609. GURARA,2. RURAL,204,269039,2,1. YES,2. NO,1. YES,2. NO,2. NO,2. NO,2. NO,2. NO,1. YES,2. NO,3,5,,2. NO,,,,,,,,,,,,,,,,,,,,,,,,
1. North Central,26. Niger,2609. GURARA,2. RURAL,204,269040,1,1. YES,1. YES,1. YES,1. YES,1. YES,1. YES,2. NO,2. NO,2. NO,2. NO,2,2,3,2. NO,,,,,,,,,,,,,,,,,,,,,,,,
1. North Central,26. Niger,2609. GURARA,2. RURAL,204,269041,2,1. YES,1. YES,1. YES,1. YES,1. YES,2. NO,2. NO,2. NO,2. NO,2. NO,3,4,,2. NO,,,,,,,,,,,,,,,,,,,,,,,,
1. North Central,26. Niger,2609. GURARA,2. RURAL,204,269042,1,2. NO,2. NO,1. YES,1. YES,1. YES,1. YES,1. YES,1. YES,1. YES,1. YES,2,4,,1. YES,0,0,0,0,0,0,0,0,0,1,1,1,1,1,1,0,0,0,0,0,5. FOOD IN THE MARKET WAS VERY EXPENSIVE,6. UNABLE TO REACH THE MARKET DUE TO HIGH TRANSPORTATION COSTS,12. LACK OF MONEY,
1. North Central,26. Niger,2609. GURARA,2. RURAL,204,269043,1,2. NO,2. NO,2. NO,2. NO,2. NO,2. NO,2. NO,2. NO,2. NO,2. NO,3,4,3,2. NO,,,,,,,,,,,,,,,,,,,,,,,,
1. North Central,26. Niger,2609. GURARA,2. RURAL,204,269044,1,1. YES,2. NO,1. YES,1. YES,1. YES,1. YES,2. NO,2. NO,1. YES,2. NO,3,4,5,2. NO,,,,,,,,,,,,,,,,,,,,,,,,
1. North Central,26. Niger,2609. GURARA,2. RURAL,204,269046,104,1. YES,1. YES,1. YES,1. YES,1. YES,1. YES,1. YES,1. YES,1. YES,2. NO,3,,,1. YES,0,0,0,0,0,0,0,0,0,0,0,0,0,1,1,0,0,0,0,0,5. FOOD IN THE MARKET WAS VERY EXPENSIVE,12. LACK OF MONEY,,
1. North Central,26. Niger,2609. GURARA,2. RURAL,204,269047,1,2. NO,2. NO,2. NO,2. NO,2. NO,2. NO,2. NO,2. NO,2. NO,2. NO,3,4,,2. NO,,,,,,,,,,,,,,,,,,,,,,,,
1. North Central,26. Niger,2615. MARIGA,2. RURAL,556,269049,2,1. YES,1. YES,1. YES,2. NO,2. NO,2. NO,2. NO,2. NO,1. YES,2. NO,3,5,5,2. NO,,,,,,,,,,,,,,,,,,,,,,,,
1. North Central,26. Niger,2615. MARIGA,2. RURAL,556,269050,3,1. YES,1. YES,1. YES,1. YES,1. YES,1. YES,1. YES,1. YES,1. YES,1. YES,3,3,4,1. YES,0,0,0,0,0,0,0,0,1,1,1,1,1,1,0,0,0,0,0,0,12. LACK OF MONEY,11. UNABLE TO REACH THE MARKET DUE TO CONFLICT/SECURITY,6. UNABLE TO REACH THE MARKET DUE TO HIGH TRANSPORTATION COSTS,
1. North Central,26. Niger,2615. MARIGA,2. RURAL,556,269051,2,2. NO,2. NO,2. NO,1. YES,2. NO,2. NO,2. NO,2. NO,2. NO,2. NO,3,,4,1. YES,0,0,0,0,0,0,0,0,0,0,0,1,1,1,0,0,0,0,0,0,4. INADEQUATE HOUSEHOLD FOOD STOCKS DUE TO LACK OF FARM INPUTS,10. INADEQUATE FOOD STOCK FROM FARM DUE TO CONFLICT/SECURITY,,
1. North Central,26. Niger,2615. MARIGA,2. RURAL,556,269052,4,1. YES,1. YES,1. YES,2. NO,1. YES,1. YES,2. NO,2. NO,2. NO,2. NO,3,4,5,2. NO,,,,,,,,,,,,,,,,,,,,,,,,
1. North Central,26. Niger,2615. MARIGA,2. RURAL,556,269053,2,1. YES,1. YES,1. YES,1. YES,1. YES,1. YES,2. NO,2. NO,2. NO,2. NO,3,4,3,1. YES,0,0,0,0,0,0,0,0,1,1,1,1,1,1,0,0,0,0,0,0,5. FOOD IN THE MARKET WAS VERY EXPENSIVE,12. LACK OF MONEY,6. UNABLE TO REACH THE MARKET DUE TO HIGH TRANSPORTATION COSTS,
1. North Central,26. Niger,2615. MARIGA,2. RURAL,556,269054,1,1. YES,1. YES,1. YES,1. YES,2. NO,1. YES,2. NO,2. NO,1. YES,2. NO,3,4,5,1. YES,0,0,0,0,0,0,0,0,0,0,0,1,1,1,1,1,0,0,0,0,12. LACK OF MONEY,11. UNABLE TO REACH THE MARKET DUE TO CONFLICT/SECURITY,,
1. North Central,26. Niger,2615. MARIGA,2. RURAL,556,269055,1,1. YES,1. YES,1. YES,2. NO,1. YES,2. NO,2. NO,2. NO,2. NO,2. NO,3,4,5,2. NO,,,,,,,,,,,,,,,,,,,,,,,,
1. North Central,26. Niger,2615. MARIGA,2. RURAL,556,269056,3,1. YES,1. YES,1. YES,1. YES,1. YES,1. YES,1. YES,1. YES,1. YES,1. YES,3,5,4,2. NO,,,,,,,,,,,,,,,,,,,,,,,,
1. North Central,26. Niger,2615. MARIGA,2. RURAL,556,269059,1,1. YES,2. NO,2. NO,2. NO,2. NO,2. NO,2. NO,2. NO,2. NO,2. NO,3,4,4,2. NO,,,,,,,,,,,,,,,,,,,,,,,,
1. North Central,26. Niger,2615. MARIGA,2. RURAL,556,269060,1,2. NO,1. YES,1. YES,2. NO,2. NO,1. YES,1. YES,1. YES,2. NO,2. NO,3,4,4,1. YES,0,0,0,0,0,0,0,0,0,0,0,0,1,1,1,1,0,0,0,0,5. FOOD IN THE MARKET WAS VERY EXPENSIVE,12. LACK OF MONEY,,
1. North Central,26. Niger,2616. MASHEGU,2. RURAL,584,269061,2,1. YES,1. YES,1. YES,2. NO,1. YES,2. NO,2. NO,2. NO,1. YES,2. NO,3,,4,1. YES,0,0,0,0,0,0,0,0,0,0,0,0,0,1,1,0,0,0,0,0,12. LACK OF MONEY,5. FOOD IN THE MARKET WAS VERY EXPENSIVE,10. INADEQUATE FOOD STOCK FROM FARM DUE TO CONFLICT/SECURITY,
1. North Central,26. Niger,2616. MASHEGU,2. RURAL,584,269062,2,1. YES,1. YES,1. YES,1. YES,1. YES,1. YES,2. NO,2. NO,1. YES,2. NO,3,5,,2. NO,,,,,,,,,,,,,,,,,,,,,,,,
1. North Central,26. Niger,2616. MASHEGU,2. RURAL,584,269063,2,1. YES,1. YES,1. YES,1. YES,1. YES,2. NO,2. NO,1. YES,1. YES,2. NO,3,4,5,1. YES,0,0,0,0,0,0,0,0,0,0,0,0,0,1,1,1,0,0,0,0,12. LACK OF MONEY,5. FOOD IN THE MARKET WAS VERY EXPENSIVE,,
1. North Central,26. Niger,2616. MASHEGU,2. RURAL,584,269064,2,1. YES,1. YES,1. YES,1. YES,1. YES,1. YES,2. NO,2. NO,1. YES,2. NO,3,4,,1. YES,0,0,0,0,0,0,0,0,1,1,1,1,1,1,1,1,0,0,0,0,5. FOOD IN THE MARKET WAS VERY EXPENSIVE,12. LACK OF MONEY,6. UNABLE TO REACH THE MARKET DUE TO HIGH TRANSPORTATION COSTS,
1. North Central,26. Niger,2616. MASHEGU,2. RURAL,584,269066,1,1. YES,1. YES,1. YES,2. NO,2. NO,2. NO,1. YES,2. NO,2. NO,2. NO,3,4,5,1. YES,0,0,0,0,0,0,0,0,0,0,0,0,0,1,1,1,0,0,0,0,12. LACK OF MONEY,11. UNABLE TO REACH THE MARKET DUE TO CONFLICT/SECURITY,5. FOOD IN THE MARKET WAS VERY EXPENSIVE,
1. North Central,26. Niger,2616. MASHEGU,2. RURAL,584,269067,7,1. YES,1. YES,1. YES,1. YES,1. YES,1. YES,2. NO,2. NO,2. NO,2. NO,4,,,1. YES,0,0,0,0,0,0,0,0,0,0,1,1,1,1,1,0,0,0,0,0,5. FOOD IN THE MARKET WAS VERY EXPENSIVE,12. LACK OF MONEY,,
1. North Central,26. Niger,2616. MASHEGU,2. RURAL,584,269068,1,2. NO,2. NO,2. NO,2. NO,2. NO,2. NO,2. NO,2. NO,2. NO,2. NO,3,,,2. NO,,,,,,,,,,,,,,,,,,,,,,,,
1. North Central,26. Niger,2616. MASHEGU,2. RURAL,584,269069,1,2. NO,1. YES,1. YES,2. NO,2. NO,1. YES,2. NO,2. NO,2. NO,2. NO,3,4,5,2. NO,,,,,,,,,,,,,,,,,,,,,,,,
1. North Central,26. Niger,2616. MASHEGU,2. RURAL,584,269070,1,1. YES,1. YES,1. YES,2. NO,2. NO,2. NO,2. NO,2. NO,2. NO,2. NO,3,4,4,2. NO,,,,,,,,,,,,,,,,,,,,,,,,
1. North Central,26. Niger,2616. MASHEGU,2. RURAL,584,269071,2,2. NO,2. NO,2. NO,2. NO,2. NO,2. NO,2. NO,2. NO,2. NO,2. NO,3,,,2. NO,,,,,,,,,,,,,,,,,,,,,,,,
1. North Central,26. Niger,2624. TAFA,2. RURAL,118,269073,1,1. YES,1. YES,1. YES,1. YES,1. YES,1. YES,2. NO,2. NO,2. NO,2. NO,3,,,1. YES,0,0,0,0,0,0,0,0,0,0,0,1,1,1,1,0,0,0,0,0,3. INADEQUATE HOUSEHOLD FOOD STOCKS DUE TO SMALL LAND SIZE,5. FOOD IN THE MARKET WAS VERY EXPENSIVE,6. UNABLE TO REACH THE MARKET DUE TO HIGH TRANSPORTATION COSTS,
1. North Central,31. Plateau,3105. JOS NORTH,2. RURAL,0,269074,2,1. YES,2. NO,2. NO,2. NO,2. NO,2. NO,2. NO,2. NO,2. NO,2. NO,3,4,,2. NO,,,,,,,,,,,,,,,,,,,,,,,,
1. North Central,26. Niger,2624. TAFA,2. RURAL,118,269075,1,1. YES,2. NO,2. NO,2. NO,2. NO,2. NO,2. NO,2. NO,2. NO,2. NO,3,4,5,2. NO,,,,,,,,,,,,,,,,,,,,,,,,
1. North Central,26. Niger,2624. TAFA,2. RURAL,118,269076,2,1. YES,1. YES,1. YES,1. YES,1. YES,1. YES,1. YES,2. NO,1. YES,2. NO,3,5,,2. NO,,,,,,,,,,,,,,,,,,,,,,,,
1. North Central,26. Niger,2624. TAFA,2. RURAL,118,269077,2,1. YES,1. YES,1. YES,1. YES,1. YES,1. YES,1. YES,1. YES,2. NO,2. NO,2,,,2. NO,,,,,,,,,,,,,,,,,,,,,,,,
1. North Central,26. Niger,2624. TAFA,2. RURAL,118,269079,2,1. YES,1. YES,1. YES,2. NO,1. YES,1. YES,2. NO,2. NO,1. YES,2. NO,4,,5,1. YES,0,0,0,0,0,0,0,0,0,0,1,1,1,1,1,0,0,0,0,0,5. FOOD IN THE MARKET WAS VERY EXPENSIVE,6. UNABLE TO REACH THE MARKET DUE TO HIGH TRANSPORTATION COSTS,12. LACK OF MONEY,
1. North Central,26. Niger,2624. TAFA,2. RURAL,118,269081,1,1. YES,2. NO,1. YES,1. YES,1. YES,2. NO,2. NO,2. NO,1. YES,2. NO,2,,,2. NO,,,,,,,,,,,,,,,,,,,,,,,,
1. North Central,22. Kogi,2212. LOKOJA,2. RURAL,0,269082,1,1. YES,1. YES,1. YES,2. NO,1. YES,1. YES,1. YES,2. NO,2. NO,2. NO,3,,,1. YES,0,0,0,0,0,1,1,0,1,1,0,0,0,0,0,0,0,0,0,0,5. FOOD IN THE MARKET WAS VERY EXPENSIVE,6. UNABLE TO REACH THE MARKET DUE TO HIGH TRANSPORTATION COSTS,12. LACK OF MONEY,
1. North Central,26. Niger,2624. TAFA,2. RURAL,118,269083,2,1. YES,1. YES,2. NO,1. YES,1. YES,1. YES,2. NO,2. NO,2. NO,2. NO,3,4,,2. NO,,,,,,,,,,,,,,,,,,,,,,,,
1. North Central,26. Niger,2624. TAFA,2. RURAL,118,269084,1,1. YES,1. YES,2. NO,2. NO,2. NO,2. NO,2. NO,2. NO,2. NO,2. NO,3,4,,2. NO,,,,,,,,,,,,,,,,,,,,,,,,
1. North Central,26. Niger,2620. RAFI,2. RURAL,590,269085,2,1. YES,1. YES,1. YES,1. YES,1. YES,1. YES,1. YES,1. YES,1. YES,2. NO,3,4,,1. YES,0,0,0,0,0,0,0,0,0,0,0,0,0,1,1,1,0,0,0,0,12. LACK OF MONEY,5. FOOD IN THE MARKET WAS VERY EXPENSIVE,,
1. North Central,26. Niger,2620. RAFI,2. RURAL,590,269086,1,1. YES,1. YES,1. YES,1. YES,1. YES,1. YES,2. NO,2. NO,1. YES,2. NO,3,4,4,1. YES,0,0,0,0,0,0,0,0,0,0,0,0,1,1,1,1,0,0,0,0,5. FOOD IN THE MARKET WAS VERY EXPENSIVE,12. LACK OF MONEY,6. UNABLE TO REACH THE MARKET DUE TO HIGH TRANSPORTATION COSTS,
1. North Central,26. Niger,2620. RAFI,2. RURAL,590,269087,2,1. YES,1. YES,1. YES,1. YES,1. YES,1. YES,1. YES,2. NO,1. YES,2. NO,3,4,,1. YES,0,0,0,0,0,0,0,0,0,0,0,0,0,1,1,0,0,0,0,0,12. LACK OF MONEY,5. FOOD IN THE MARKET WAS VERY EXPENSIVE,,
1. North Central,26. Niger,2620. RAFI,2. RURAL,590,269088,1,1. YES,1. YES,1. YES,1. YES,1. YES,1. YES,1. YES,1. YES,1. YES,1. YES,3,4,,1. YES,0,0,0,0,0,0,0,0,1,1,1,1,1,0,0,0,0,0,0,0,5. FOOD IN THE MARKET WAS VERY EXPENSIVE,10. INADEQUATE FOOD STOCK FROM FARM DUE TO CONFLICT/SECURITY,12. LACK OF MONEY,
1. North Central,26. Niger,2620. RAFI,2. RURAL,590,269089,2,1. YES,1. YES,1. YES,1. YES,1. YES,1. YES,1. YES,1. YES,1. YES,1. YES,3,5,,1. YES,0,0,0,0,0,0,0,0,0,0,0,1,1,1,1,1,0,0,0,0,5. FOOD IN THE MARKET WAS VERY EXPENSIVE,12. LACK OF MONEY,11. UNABLE TO REACH THE MARKET DUE TO CONFLICT/SECURITY,
1. North Central,26. Niger,2620. RAFI,2. RURAL,590,269090,1,1. YES,1. YES,1. YES,2. NO,2. NO,1. YES,1. YES,2. NO,2. NO,2. NO,3,4,4,1. YES,0,0,0,0,0,0,0,0,0,0,0,0,1,1,1,1,0,0,0,0,12. LACK OF MONEY,5. FOOD IN THE MARKET WAS VERY EXPENSIVE,4. INADEQUATE HOUSEHOLD FOOD STOCKS DUE TO LACK OF FARM INPUTS,
1. North Central,26. Niger,2620. RAFI,2. RURAL,590,269092,1,1. YES,2. NO,2. NO,1. YES,2. NO,2. NO,2. NO,1. YES,1. YES,2. NO,3,3,4,1. YES,0,0,0,0,0,0,0,0,0,0,0,0,0,1,1,0,0,0,0,0,10. INADEQUATE FOOD STOCK FROM FARM DUE TO CONFLICT/SECURITY,,,
1. North Central,26. Niger,2620. RAFI,2. RURAL,590,269093,1,2. NO,2. NO,2. NO,2. NO,2. NO,2. NO,2. NO,2. NO,2. NO,2. NO,3,3,3,2. NO,,,,,,,,,,,,,,,,,,,,,,,,
1. North Central,26. Niger,2620. RAFI,2. RURAL,590,269094,2,1. YES,1. YES,1. YES,1. YES,1. YES,1. YES,1. YES,1. YES,2. NO,2. NO,3,,,1. YES,0,0,0,1,1,0,0,0,0,0,0,0,1,1,1,1,0,0,0,0,12. LACK OF MONEY,5. FOOD IN THE MARKET WAS VERY EXPENSIVE,3. INADEQUATE HOUSEHOLD FOOD STOCKS DUE TO SMALL LAND SIZE,
1. North Central,26. Niger,2620. RAFI,2. RURAL,590,269095,2,1. YES,1. YES,1. YES,1. YES,1. YES,1. YES,1. YES,1. YES,2. NO,2. NO,3,5,,1. YES,0,0,0,0,0,0,0,0,1,1,1,1,1,0,0,0,0,0,0,0,5. FOOD IN THE MARKET WAS VERY EXPENSIVE,6. UNABLE TO REACH THE MARKET DUE TO HIGH TRANSPORTATION COSTS,12. LACK OF MONEY,
1. North Central,26. Niger,2602. AGWARA,2. RURAL,118,269096,1302,1. YES,1. YES,1. YES,2. NO,1. YES,2. NO,2. NO,2. NO,1. YES,2. NO,3,3,4,2. NO,,,,,,,,,,,,,,,,,,,,,,,,
1. North Central,26. Niger,2602. AGWARA,2. RURAL,118,269097,2,1. YES,1. YES,1. YES,1. YES,2. NO,2. NO,2. NO,2. NO,2. NO,2. NO,3,5,5,2. NO,,,,,,,,,,,,,,,,,,,,,,,,
1. North Central,26. Niger,2602. AGWARA,2. RURAL,118,269098,2,1. YES,1. YES,1. YES,1. YES,1. YES,2. NO,1. YES,2. NO,2. NO,2. NO,3,4,5,2. NO,,,,,,,,,,,,,,,,,,,,,,,,
1. North Central,26. Niger,2602. AGWARA,2. RURAL,118,269099,2,1. YES,1. YES,1. YES,2. NO,2. NO,2. NO,2. NO,1. YES,1. YES,2. NO,3,4,,2. NO,,,,,,,,,,,,,,,,,,,,,,,,
1. North Central,26. Niger,2602. AGWARA,2. RURAL,118,269100,2,2. NO,1. YES,1. YES,1. YES,1. YES,2. NO,2. NO,2. NO,2. NO,2. NO,3,,5,2. NO,,,,,,,,,,,,,,,,,,,,,,,,
1. North Central,26. Niger,2602. AGWARA,2. RURAL,118,269101,1,2. NO,1. YES,2. NO,2. NO,2. NO,2. NO,2. NO,2. NO,2. NO,2. NO,3,4,4,1. YES,0,0,0,0,0,0,0,0,0,0,0,0,0,0,1,0,0,0,0,0,5. FOOD IN THE MARKET WAS VERY EXPENSIVE,,,
1. North Central,26. Niger,2602. AGWARA,2. RURAL,118,269102,1,1. YES,2. NO,2. NO,2. NO,2. NO,2. NO,2. NO,2. NO,2. NO,2. NO,3,4,,2. NO,,,,,,,,,,,,,,,,,,,,,,,,
1. North Central,26. Niger,2602. AGWARA,2. RURAL,118,269104,1,1. YES,2. NO,2. NO,2. NO,2. NO,2. NO,2. NO,2. NO,2. NO,2. NO,3,4,,2. NO,,,,,,,,,,,,,,,,,,,,,,,,
1. North Central,26. Niger,2602. AGWARA,2. RURAL,118,269105,1,1. YES,1. YES,1. YES,2. NO,2. NO,1. YES,2. NO,2. NO,2. NO,2. NO,3,,4,2. NO,,,,,,,,,,,,,,,,,,,,,,,,
1. North Central,26. Niger,2602. AGWARA,2. RURAL,118,269106,1,1. YES,1. YES,1. YES,2. NO,1. YES,1. YES,2. NO,2. NO,2. NO,2. NO,3,4,4,2. NO,,,,,,,,,,,,,,,,,,,,,,,,
6. South West,27. Ogun,2701. ABEOKUTA NORTH,1. URBAN,506,270001,2,1. YES,1. YES,1. YES,1. YES,1. YES,1. YES,1. YES,2. NO,1. YES,2. NO,3,3,,1. YES,0,0,0,0,0,0,0,0,0,0,1,0,0,0,0,0,0,0,0,0,12. LACK OF MONEY,,,
6. South West,27. Ogun,2701. ABEOKUTA NORTH,1. URBAN,506,270002,2,2. NO,2. NO,2. NO,2. NO,2. NO,2. NO,2. NO,2. NO,2. NO,2. NO,3,3,,2. NO,,,,,,,,,,,,,,,,,,,,,,,,
6. South West,27. Ogun,2701. ABEOKUTA NORTH,1. URBAN,0,270003,2,2. NO,2. NO,2. NO,2. NO,2. NO,2. NO,2. NO,2. NO,2. NO,2. NO,3,,,2. NO,,,,,,,,,,,,,,,,,,,,,,,,
6. South West,27. Ogun,2701. ABEOKUTA NORTH,1. URBAN,506,270004,1,2. NO,2. NO,2. NO,2. NO,2. NO,2. NO,2. NO,2. NO,2. NO,2. NO,3,,,2. NO,,,,,,,,,,,,,,,,,,,,,,,,
6. South West,27. Ogun,2701. ABEOKUTA NORTH,1. URBAN,0,270005,2,2. NO,2. NO,2. NO,1. YES,1. YES,2. NO,1. YES,2. NO,1. YES,2. NO,2,3,3,2. NO,,,,,,,,,,,,,,,,,,,,,,,,
6. South West,27. Ogun,2701. ABEOKUTA NORTH,1. URBAN,506,270006,1,1. YES,1. YES,1. YES,1. YES,1. YES,2. NO,2. NO,2. NO,2. NO,2. NO,3,3,,2. NO,,,,,,,,,,,,,,,,,,,,,,,,
6. South West,27. Ogun,2701. ABEOKUTA NORTH,1. URBAN,0,270007,1,2. NO,2. NO,2. NO,2. NO,2. NO,2. NO,2. NO,2. NO,2. NO,2. NO,4,4,,2. NO,,,,,,,,,,,,,,,,,,,,,,,,
6. South West,27. Ogun,2701. ABEOKUTA NORTH,1. URBAN,506,270008,5,2. NO,2. NO,2. NO,2. NO,1. YES,1. YES,2. NO,2. NO,1. YES,2. NO,3,3,,2. NO,,,,,,,,,,,,,,,,,,,,,,,,
6. South West,27. Ogun,2701. ABEOKUTA NORTH,1. URBAN,506,270009,2,2. NO,2. NO,2. NO,2. NO,2. NO,2. NO,2. NO,2. NO,2. NO,2. NO,3,,,2. NO,,,,,,,,,,,,,,,,,,,,,,,,
6. South West,27. Ogun,2701. ABEOKUTA NORTH,1. URBAN,0,270010,1,1. YES,1. YES,1. YES,1. YES,1. YES,1. YES,2. NO,2. NO,2. NO,2. NO,2,4,4,2. NO,,,,,,,,,,,,,,,,,,,,,,,,
6. South West,27. Ogun,2715. OBAFEMI OWE,2. RURAL,0,270023,1,1. YES,1. YES,1. YES,1. YES,1. YES,1. YES,1. YES,2. NO,2. NO,2. NO,2,3,3,2. NO,,,,,,,,,,,,,,,,,,,,,,,,
6. South West,27. Ogun,2715. OBAFEMI OWE,2. RURAL,752,270024,1,2. NO,2. NO,2. NO,2. NO,2. NO,2. NO,2. NO,2. NO,2. NO,2. NO,3,3,,2. NO,,,,,,,,,,,,,,,,,,,,,,,,
6. South West,27. Ogun,2702. ABEOKUTA SOUTH,2. RURAL,0,270025,5,1. YES,1. YES,1. YES,1. YES,1. YES,1. YES,1. YES,1. YES,2. NO,1. YES,2,,,1. YES,1,0,0,0,0,0,0,0,0,0,0,0,0,0,0,0,0,0,0,0,12. LACK OF MONEY,5. FOOD IN THE MARKET WAS VERY EXPENSIVE,,
6. South West,27. Ogun,2715. OBAFEMI OWE,2. RURAL,752,270028,1,2. NO,2. NO,2. NO,2. NO,2. NO,2. NO,2. NO,2. NO,2. NO,2. NO,3,,,2. NO,,,,,,,,,,,,,,,,,,,,,,,,
6. South West,27. Ogun,2707. IFO,1. URBAN,0,270029,1,1. YES,1. YES,1. YES,2. NO,1. YES,1. YES,1. YES,2. NO,2. NO,2. NO,3,,,2. NO,,,,,,,,,,,,,,,,,,,,,,,,
6. South West,27. Ogun,2715. OBAFEMI OWE,2. RURAL,752,270030,1,2. NO,1. YES,2. NO,2. NO,1. YES,2. NO,2. NO,2. NO,2. NO,2. NO,3,,,2. NO,,,,,,,,,,,,,,,,,,,,,,,,
6. South West,27. Ogun,2712. IKENNE,2. RURAL,110,270041,3,2. NO,2. NO,2. NO,2. NO,2. NO,2. NO,2. NO,2. NO,2. NO,2. NO,3,4,,2. NO,,,,,,,,,,,,,,,,,,,,,,,,
6. South West,27. Ogun,2712. IKENNE,2. RURAL,110,270044,2,1. YES,1. YES,1. YES,1. YES,1. YES,1. YES,1. YES,2. NO,1. YES,1. YES,2,,,2. NO,,,,,,,,,,,,,,,,,,,,,,,,
6. South West,27. Ogun,2712. IKENNE,2. RURAL,110,270045,2,1. YES,1. YES,1. YES,2. NO,2. NO,2. NO,2. NO,2. NO,2. NO,2. NO,1,2,,2. NO,,,,,,,,,,,,,,,,,,,,,,,,
6. South West,27. Ogun,2703. ADOODO OTA,1. URBAN,0,270046,302,1. YES,1. YES,1. YES,1. YES,1. YES,1. YES,1. YES,1. YES,1. YES,2. NO,2,,,1. YES,0,0,0,0,0,0,0,0,0,0,0,0,0,0,0,1,0,0,0,0,12. LACK OF MONEY,,,
6. South West,27. Ogun,2712. IKENNE,2. RURAL,110,270047,8,2. NO,1. YES,2. NO,2. NO,2. NO,2. NO,2. NO,2. NO,2. NO,2. NO,2,2,4,2. NO,,,,,,,,,,,,,,,,,,,,,,,,
5. South South,10. Delta,1010. ISOKO SOUTH,1. URBAN,0,270049,5,1. YES,1. YES,1. YES,1. YES,1. YES,1. YES,1. YES,1. YES,1. YES,2. NO,2,,,2. NO,,,,,,,,,,,,,,,,,,,,,,,,
6. South West,27. Ogun,2711. IJEBU ODE,1. URBAN,710,270051,1,1. YES,1. YES,1. YES,2. NO,1. YES,2. NO,2. NO,2. NO,2. NO,2. NO,3,,,2. NO,,,,,,,,,,,,,,,,,,,,,,,,
6. South West,27. Ogun,2711. IJEBU ODE,1. URBAN,710,270052,1,1. YES,1. YES,2. NO,1. YES,1. YES,1. YES,2. NO,2. NO,2. NO,2. NO,2,,,2. NO,,,,,,,,,,,,,,,,,,,,,,,,
6. South West,27. Ogun,2711. IJEBU ODE,1. URBAN,710,270053,2,1. YES,1. YES,1. YES,2. NO,1. YES,2. NO,2. NO,2. NO,1. YES,2. NO,3,5,,1. YES,1,0,0,0,0,0,0,0,0,0,0,0,0,0,0,0,0,0,0,0,12. LACK OF MONEY,5. FOOD IN THE MARKET WAS VERY EXPENSIVE,,
6. South West,27. Ogun,2711. IJEBU ODE,1. URBAN,710,270054,2,1. YES,1. YES,1. YES,1. YES,1. YES,1. YES,2. NO,2. NO,2. NO,2. NO,2,2,,2. NO,,,,,,,,,,,,,,,,,,,,,,,,
6. South West,27. Ogun,2711. IJEBU ODE,1. URBAN,710,270055,2,1. YES,1. YES,1. YES,1. YES,1. YES,1. YES,1. YES,2. NO,1. YES,1. YES,2,2,,1. YES,0,0,0,0,0,0,0,0,0,0,0,0,0,1,1,0,0,0,0,0,12. LACK OF MONEY,,,
6. South West,27. Ogun,2711. IJEBU ODE,1. URBAN,710,270056,5,1. YES,1. YES,1. YES,2. NO,1. YES,2. NO,2. NO,2. NO,2. NO,2. NO,3,3,,2. NO,,,,,,,,,,,,,,,,,,,,,,,,
6. South West,27. Ogun,2711. IJEBU ODE,1. URBAN,710,270057,2,1. YES,1. YES,1. YES,1. YES,1. YES,1. YES,1. YES,2. NO,2. NO,1. YES,2,2,,1. YES,1,0,0,0,0,0,0,0,0,0,0,0,0,0,0,0,0,0,0,0,12. LACK OF MONEY,,,
6. South West,27. Ogun,2711. IJEBU ODE,1. URBAN,710,270059,1,1. YES,1. YES,1. YES,2. NO,1. YES,1. YES,1. YES,2. NO,1. YES,1. YES,2,3,,1. YES,0,0,0,0,0,0,0,1,0,0,0,0,0,0,0,0,0,0,0,0,12. LACK OF MONEY,5. FOOD IN THE MARKET WAS VERY EXPENSIVE,6. UNABLE TO REACH THE MARKET DUE TO HIGH TRANSPORTATION COSTS,
6. South West,27. Ogun,2703. ADOODO OTA,1. URBAN,1612,270061,8,2. NO,2. NO,2. NO,2. NO,2. NO,2. NO,2. NO,2. NO,2. NO,2. NO,3,,,2. NO,,,,,,,,,,,,,,,,,,,,,,,,
5. South South,10. Delta,1015. OSHIMILI SOUTH,1. URBAN,0,270062,1,1. YES,1. YES,1. YES,2. NO,1. YES,2. NO,2. NO,2. NO,2. NO,2. NO,3,,3,1. YES,0,0,0,0,0,0,0,0,0,0,0,0,1,1,1,1,0,0,0,0,5. FOOD IN THE MARKET WAS VERY EXPENSIVE,,,
6. South West,27. Ogun,2703. ADOODO OTA,1. URBAN,0,270063,2,2. NO,2. NO,2. NO,2. NO,1. YES,2. NO,2. NO,2. NO,1. YES,2. NO,3,,,2. NO,,,,,,,,,,,,,,,,,,,,,,,,
6. South West,27. Ogun,2703. ADOODO OTA,2. RURAL,0,270064,2,1. YES,1. YES,1. YES,1. YES,1. YES,1. YES,1. YES,2. NO,1. YES,1. YES,2,,,2. NO,,,,,,,,,,,,,,,,,,,,,,,,
6. South West,27. Ogun,2703. ADOODO OTA,1. URBAN,1612,270065,9,2. NO,2. NO,2. NO,2. NO,2. NO,2. NO,2. NO,2. NO,2. NO,2. NO,3,,,2. NO,,,,,,,,,,,,,,,,,,,,,,,,
6. South West,27. Ogun,2703. ADOODO OTA,1. URBAN,0,270066,2,2. NO,2. NO,2. NO,2. NO,2. NO,2. NO,2. NO,2. NO,2. NO,2. NO,3,,,2. NO,,,,,,,,,,,,,,,,,,,,,,,,
6. South West,27. Ogun,2703. ADOODO OTA,1. URBAN,0,270067,2,2. NO,2. NO,2. NO,2. NO,2. NO,2. NO,2. NO,2. NO,2. NO,2. NO,3,3,3,2. NO,,,,,,,,,,,,,,,,,,,,,,,,
6. South West,27. Ogun,2703. ADOODO OTA,1. URBAN,0,270068,2,2. NO,1. YES,1. YES,2. NO,1. YES,2. NO,2. NO,2. NO,2. NO,2. NO,3,3,,2. NO,,,,,,,,,,,,,,,,,,,,,,,,
6. South West,27. Ogun,2703. ADOODO OTA,1. URBAN,1612,270069,2,1. YES,1. YES,1. YES,2. NO,1. YES,2. NO,2. NO,2. NO,2. NO,2. NO,3,4,,2. NO,,,,,,,,,,,,,,,,,,,,,,,,
6. South West,27. Ogun,2703. ADOODO OTA,1. URBAN,1612,270070,2,2. NO,2. NO,2. NO,2. NO,2. NO,2. NO,2. NO,2. NO,2. NO,2. NO,3,,,2. NO,,,,,,,,,,,,,,,,,,,,,,,,
6. South West,27. Ogun,2703. ADOODO OTA,1. URBAN,1076,270091,2,1. YES,1. YES,1. YES,1. YES,1. YES,1. YES,1. YES,2. NO,2. NO,2. NO,2,3,3,1. YES,0,0,0,0,0,0,0,0,0,0,0,0,0,1,0,0,0,0,0,0,5. FOOD IN THE MARKET WAS VERY EXPENSIVE,12. LACK OF MONEY,6. UNABLE TO REACH THE MARKET DUE TO HIGH TRANSPORTATION COSTS,
6. South West,27. Ogun,2703. ADOODO OTA,1. URBAN,1076,270092,1,1. YES,1. YES,1. YES,1. YES,1. YES,1. YES,1. YES,2. NO,2. NO,2. NO,3,4,,2. NO,,,,,,,,,,,,,,,,,,,,,,,,
6. South West,27. Ogun,2703. ADOODO OTA,1. URBAN,1076,270093,2,2. NO,2. NO,2. NO,2. NO,2. NO,2. NO,2. NO,2. NO,2. NO,2. NO,3,4,4,2. NO,,,,,,,,,,,,,,,,,,,,,,,,
6. South West,27. Ogun,2703. ADOODO OTA,1. URBAN,1076,270094,1,1. YES,1. YES,1. YES,1. YES,1. YES,1. YES,1. YES,2. NO,1. YES,1. YES,2,2,,2. NO,,,,,,,,,,,,,,,,,,,,,,,,
6. South West,27. Ogun,2703. ADOODO OTA,1. URBAN,1076,270095,6,2. NO,2. NO,2. NO,2. NO,2. NO,2. NO,2. NO,2. NO,2. NO,2. NO,3,3,,2. NO,,,,,,,,,,,,,,,,,,,,,,,,
6. South West,27. Ogun,2703. ADOODO OTA,1. URBAN,1076,270096,1,2. NO,2. NO,2. NO,2. NO,2. NO,2. NO,2. NO,2. NO,2. NO,2. NO,3,,,2. NO,,,,,,,,,,,,,,,,,,,,,,,,
6. South West,27. Ogun,2703. ADOODO OTA,1. URBAN,1076,270097,2,2. NO,2. NO,2. NO,2. NO,2. NO,2. NO,2. NO,2. NO,2. NO,2. NO,3,,,2. NO,,,,,,,,,,,,,,,,,,,,,,,,
6. South West,24. Lagos,2401. AGEGE,1. URBAN,0,270098,1,2. NO,2. NO,2. NO,2. NO,2. NO,2. NO,2. NO,2. NO,2. NO,2. NO,3,,,2. NO,,,,,,,,,,,,,,,,,,,,,,,,
5. South South,10. Delta,1014. OSHIMILI NORTH,1. URBAN,0,270099,1,2. NO,2. NO,2. NO,2. NO,2. NO,2. NO,2. NO,2. NO,2. NO,2. NO,3,3,,2. NO,,,,,,,,,,,,,,,,,,,,,,,,
6. South West,27. Ogun,2703. ADOODO OTA,1. URBAN,1076,270100,2,1. YES,1. YES,1. YES,2. NO,1. YES,2. NO,2. NO,2. NO,2. NO,2. NO,3,4,,2. NO,,,,,,,,,,,,,,,,,,,,,,,,
6. South West,27. Ogun,2705. YEWA SOUTH,2. RURAL,568,279001,1,1. YES,1. YES,1. YES,1. YES,1. YES,1. YES,2. NO,2. NO,2. NO,2. NO,3,,,2. NO,,,,,,,,,,,,,,,,,,,,,,,,
6. South West,27. Ogun,2705. YEWA SOUTH,2. RURAL,568,279002,1,2. NO,2. NO,2. NO,2. NO,2. NO,2. NO,2. NO,2. NO,2. NO,2. NO,4,,,2. NO,,,,,,,,,,,,,,,,,,,,,,,,
6. South West,27. Ogun,2705. YEWA SOUTH,2. RURAL,568,279004,1,2. NO,2. NO,1. YES,2. NO,1. YES,2. NO,2. NO,2. NO,2. NO,2. NO,3,,,2. NO,,,,,,,,,,,,,,,,,,,,,,,,
6. South West,27. Ogun,2705. YEWA SOUTH,2. RURAL,568,279005,1,2. NO,2. NO,2. NO,2. NO,2. NO,2. NO,2. NO,2. NO,2. NO,2. NO,3,3,,2. NO,,,,,,,,,,,,,,,,,,,,,,,,
6. South West,27. Ogun,2705. YEWA SOUTH,2. RURAL,568,279006,1,1. YES,1. YES,1. YES,1. YES,1. YES,1. YES,1. YES,2. NO,1. YES,2. NO,2,,,1. YES,0,0,0,0,0,1,0,0,0,0,0,0,0,0,0,0,0,0,0,0,5. FOOD IN THE MARKET WAS VERY EXPENSIVE,6. UNABLE TO REACH THE MARKET DUE TO HIGH TRANSPORTATION COSTS,12. LACK OF MONEY,
6. South West,27. Ogun,2705. YEWA SOUTH,2. RURAL,568,279007,1,1. YES,1. YES,1. YES,1. YES,1. YES,1. YES,1. YES,1. YES,1. YES,1. YES,2,,,2. NO,,,,,,,,,,,,,,,,,,,,,,,,
6. South West,27. Ogun,2705. YEWA SOUTH,2. RURAL,568,279008,1,2. NO,2. NO,2. NO,2. NO,2. NO,2. NO,2. NO,2. NO,2. NO,2. NO,3,,,2. NO,,,,,,,,,,,,,,,,,,,,,,,,
6. South West,27. Ogun,2705. YEWA SOUTH,2. RURAL,568,279009,1,2. NO,2. NO,2. NO,2. NO,2. NO,2. NO,2. NO,2. NO,2. NO,2. NO,3,3,,2. NO,,,,,,,,,,,,,,,,,,,,,,,,
6. South West,27. Ogun,2705. YEWA SOUTH,2. RURAL,568,279010,2,1. YES,1. YES,2. NO,2. NO,2. NO,2. NO,2. NO,2. NO,2. NO,2. NO,3,,,2. NO,,,,,,,,,,,,,,,,,,,,,,,,
6. South West,27. Ogun,2705. YEWA SOUTH,2. RURAL,568,279011,1,1. YES,1. YES,2. NO,2. NO,1. YES,2. NO,2. NO,2. NO,2. NO,2. NO,3,4,4,2. NO,,,,,,,,,,,,,,,,,,,,,,,,
6. South West,27. Ogun,2706. EWEKORO,2. RURAL,362,279015,1,2. NO,2. NO,2. NO,2. NO,2. NO,2. NO,2. NO,2. NO,2. NO,2. NO,3,3,3,2. NO,,,,,,,,,,,,,,,,,,,,,,,,
6. South West,27. Ogun,2706. EWEKORO,2. RURAL,362,279016,2,2. NO,2. NO,2. NO,2. NO,2. NO,2. NO,2. NO,2. NO,2. NO,2. NO,3,,,2. NO,,,,,,,,,,,,,,,,,,,,,,,,
6. South West,27. Ogun,2706. EWEKORO,2. RURAL,362,279017,1,2. NO,2. NO,2. NO,2. NO,2. NO,2. NO,2. NO,2. NO,2. NO,2. NO,3,3,3,2. NO,,,,,,,,,,,,,,,,,,,,,,,,
6. South West,27. Ogun,2706. EWEKORO,2. RURAL,0,279018,2,2. NO,2. NO,2. NO,2. NO,2. NO,2. NO,2. NO,2. NO,2. NO,2. NO,4,4,,2. NO,,,,,,,,,,,,,,,,,,,,,,,,
6. South West,27. Ogun,2706. EWEKORO,2. RURAL,362,279019,3,1. YES,1. YES,1. YES,1. YES,1. YES,1. YES,1. YES,2. NO,2. NO,2. NO,3,,,2. NO,,,,,,,,,,,,,,,,,,,,,,,,
6. South West,27. Ogun,2706. EWEKORO,2. RURAL,362,279022,1,1. YES,1. YES,1. YES,1. YES,1. YES,1. YES,1. YES,2. NO,1. YES,2. NO,3,3,4,2. NO,,,,,,,,,,,,,,,,,,,,,,,,
6. South West,27. Ogun,2706. EWEKORO,2. RURAL,362,279023,2,2. NO,2. NO,2. NO,2. NO,2. NO,2. NO,2. NO,2. NO,2. NO,2. NO,3,3,,2. NO,,,,,,,,,,,,,,,,,,,,,,,,
6. South West,27. Ogun,2706. EWEKORO,2. RURAL,362,279024,1,1. YES,1. YES,2. NO,2. NO,2. NO,2. NO,2. NO,2. NO,2. NO,2. NO,3,4,,2. NO,,,,,,,,,,,,,,,,,,,,,,,,
6. South West,27. Ogun,2711. IJEBU ODE,2. RURAL,1218,279025,1,1. YES,1. YES,1. YES,2. NO,2. NO,1. YES,1. YES,1. YES,2. NO,2. NO,3,,,2. NO,,,,,,,,,,,,,,,,,,,,,,,,
6. South West,24. Lagos,2419. SHOMOLU,1. URBAN,0,279028,1,2. NO,2. NO,2. NO,2. NO,2. NO,2. NO,2. NO,2. NO,2. NO,2. NO,3,,,2. NO,,,,,,,,,,,,,,,,,,,,,,,,
6. South West,27. Ogun,2711. IJEBU ODE,2. RURAL,1218,279029,1,2. NO,1. YES,2. NO,2. NO,2. NO,2. NO,2. NO,2. NO,2. NO,2. NO,3,4,,2. NO,,,,,,,,,,,,,,,,,,,,,,,,
6. South West,27. Ogun,2711. IJEBU ODE,1. URBAN,0,279030,1,2. NO,2. NO,2. NO,2. NO,2. NO,2. NO,2. NO,2. NO,2. NO,2. NO,3,,,2. NO,,,,,,,,,,,,,,,,,,,,,,,,
6. South West,24. Lagos,2411. IKEJA,2. RURAL,0,279031,1,2. NO,2. NO,2. NO,2. NO,2. NO,2. NO,2. NO,2. NO,2. NO,1. YES,2,,,2. NO,,,,,,,,,,,,,,,,,,,,,,,,
6. South West,27. Ogun,2711. IJEBU ODE,2. RURAL,1218,279032,1,2. NO,2. NO,2. NO,2. NO,2. NO,2. NO,2. NO,2. NO,2. NO,2. NO,3,,,2. NO,,,,,,,,,,,,,,,,,,,,,,,,
6. South West,24. Lagos,2411. IKEJA,2. RURAL,0,279034,1,2. NO,2. NO,2. NO,2. NO,2. NO,2. NO,2. NO,2. NO,2. NO,2. NO,3,,,2. NO,,,,,,,,,,,,,,,,,,,,,,,,
6. South West,27. Ogun,2711. IJEBU ODE,2. RURAL,1218,279036,1,2. NO,2. NO,2. NO,2. NO,2. NO,2. NO,2. NO,2. NO,2. NO,2. NO,3,,3,2. NO,,,,,,,,,,,,,,,,,,,,,,,,
6. South West,27. Ogun,2712. IKENNE,2. RURAL,172,279037,1,2. NO,2. NO,2. NO,2. NO,2. NO,2. NO,2. NO,2. NO,2. NO,2. NO,4,,,2. NO,,,,,,,,,,,,,,,,,,,,,,,,
6. South West,27. Ogun,2712. IKENNE,2. RURAL,172,279038,1,2. NO,2. NO,2. NO,2. NO,2. NO,2. NO,2. NO,2. NO,2. NO,2. NO,3,3,3,2. NO,,,,,,,,,,,,,,,,,,,,,,,,
6. South West,27. Ogun,2712. IKENNE,2. RURAL,172,279040,1,1. YES,1. YES,1. YES,2. NO,1. YES,2. NO,2. NO,2. NO,2. NO,2. NO,3,4,,2. NO,,,,,,,,,,,,,,,,,,,,,,,,
6. South West,27. Ogun,2712. IKENNE,2. RURAL,172,279042,1,1. YES,1. YES,1. YES,1. YES,1. YES,1. YES,1. YES,2. NO,2. NO,2. NO,2,2,,1. YES,0,0,0,0,0,1,1,0,0,0,0,0,0,0,0,0,0,0,0,0,12. LACK OF MONEY,,,
6. South West,27. Ogun,2712. IKENNE,2. RURAL,172,279043,1,1. YES,1. YES,1. YES,1. YES,1. YES,1. YES,1. YES,2. NO,1. YES,2. NO,3,3,,2. NO,,,,,,,,,,,,,,,,,,,,,,,,
6. South West,27. Ogun,2712. IKENNE,2. RURAL,172,279044,2,2. NO,2. NO,2. NO,2. NO,2. NO,2. NO,2. NO,2. NO,2. NO,2. NO,3,4,4,2. NO,,,,,,,,,,,,,,,,,,,,,,,,
6. South West,27. Ogun,2712. IKENNE,2. RURAL,172,279045,2,1. YES,1. YES,1. YES,2. NO,1. YES,2. NO,2. NO,2. NO,2. NO,2. NO,1,3,,1. YES,0,0,0,0,0,0,0,1,0,0,0,0,0,0,0,0,0,0,0,0,12. LACK OF MONEY,5. FOOD IN THE MARKET WAS VERY EXPENSIVE,6. UNABLE TO REACH THE MARKET DUE TO HIGH TRANSPORTATION COSTS,
6. South West,27. Ogun,2712. IKENNE,2. RURAL,172,279047,2,1. YES,1. YES,1. YES,1. YES,1. YES,1. YES,1. YES,1. YES,1. YES,2. NO,3,,,1. YES,0,0,0,0,0,0,0,0,0,1,1,0,0,0,0,0,0,0,0,0,12. LACK OF MONEY,,,
6. South West,27. Ogun,2712. IKENNE,2. RURAL,172,279048,4,2. NO,2. NO,2. NO,2. NO,2. NO,2. NO,2. NO,2. NO,2. NO,2. NO,3,,,2. NO,,,,,,,,,,,,,,,,,,,,,,,,
6. South West,27. Ogun,2712. IKENNE,2. RURAL,356,279049,201,2. NO,2. NO,2. NO,2. NO,2. NO,2. NO,2. NO,2. NO,2. NO,2. NO,3,,,2. NO,,,,,,,,,,,,,,,,,,,,,,,,
6. South West,27. Ogun,2712. IKENNE,2. RURAL,356,279051,2,1. YES,1. YES,1. YES,2. NO,1. YES,1. YES,1. YES,2. NO,1. YES,2. NO,3,4,4,2. NO,,,,,,,,,,,,,,,,,,,,,,,,
6. South West,27. Ogun,2712. IKENNE,2. RURAL,356,279052,1,1. YES,1. YES,1. YES,1. YES,1. YES,1. YES,1. YES,2. NO,1. YES,2. NO,3,,,1. YES,0,0,0,0,0,1,0,0,1,0,0,0,0,0,0,0,0,0,0,0,12. LACK OF MONEY,,,
6. South West,27. Ogun,2712. IKENNE,2. RURAL,356,279053,3,1. YES,1. YES,1. YES,2. NO,1. YES,1. YES,2. NO,2. NO,2. NO,2. NO,3,,,2. NO,,,,,,,,,,,,,,,,,,,,,,,,
6. South West,27. Ogun,2712. IKENNE,2. RURAL,356,279054,2,1. YES,1. YES,1. YES,2. NO,2. NO,1. YES,2. NO,2. NO,2. NO,1. YES,3,4,,2. NO,,,,,,,,,,,,,,,,,,,,,,,,
6. South West,27. Ogun,2712. IKENNE,2. RURAL,356,279056,1,1. YES,1. YES,1. YES,2. NO,2. NO,2. NO,2. NO,2. NO,2. NO,2. NO,3,3,3,2. NO,,,,,,,,,,,,,,,,,,,,,,,,
6. South West,27. Ogun,2712. IKENNE,2. RURAL,356,279057,1,1. YES,1. YES,1. YES,2. NO,1. YES,1. YES,1. YES,2. NO,1. YES,2. NO,3,3,3,2. NO,,,,,,,,,,,,,,,,,,,,,,,,
6. South West,27. Ogun,2712. IKENNE,2. RURAL,356,279058,1,1. YES,1. YES,1. YES,2. NO,2. NO,2. NO,2. NO,2. NO,2. NO,2. NO,3,,,2. NO,,,,,,,,,,,,,,,,,,,,,,,,
6. South West,24. Lagos,2420. SURULERE (LAGOS),2. RURAL,0,279059,2,2. NO,1. YES,1. YES,2. NO,1. YES,2. NO,2. NO,2. NO,2. NO,1. YES,3,3,3,2. NO,,,,,,,,,,,,,,,,,,,,,,,,
6. South West,27. Ogun,2712. IKENNE,2. RURAL,356,279060,1,1. YES,1. YES,1. YES,1. YES,1. YES,1. YES,1. YES,1. YES,1. YES,1. YES,3,3,,2. NO,,,,,,,,,,,,,,,,,,,,,,,,
6. South West,27. Ogun,2715. OBAFEMI OWE,2. RURAL,864,279061,1,2. NO,2. NO,2. NO,2. NO,2. NO,2. NO,2. NO,2. NO,2. NO,2. NO,3,,,2. NO,,,,,,,,,,,,,,,,,,,,,,,,
6. South West,27. Ogun,2715. OBAFEMI OWE,2. RURAL,864,279065,401,1. YES,1. YES,1. YES,2. NO,1. YES,2. NO,2. NO,2. NO,2. NO,2. NO,3,3,,2. NO,,,,,,,,,,,,,,,,,,,,,,,,
6. South West,28. Ondo,2813. ODIGBO,2. RURAL,0,279066,1,2. NO,1. YES,1. YES,2. NO,2. NO,2. NO,2. NO,2. NO,2. NO,2. NO,3,,3,2. NO,,,,,,,,,,,,,,,,,,,,,,,,
6. South West,27. Ogun,2715. OBAFEMI OWE,2. RURAL,864,279067,1,2. NO,2. NO,2. NO,2. NO,2. NO,2. NO,2. NO,2. NO,2. NO,2. NO,3,,,2. NO,,,,,,,,,,,,,,,,,,,,,,,,
6. South West,27. Ogun,2715. OBAFEMI OWE,2. RURAL,864,279068,1,1. YES,1. YES,1. YES,2. NO,1. YES,1. YES,1. YES,2. NO,2. NO,2. NO,3,4,,1. YES,0,0,0,0,0,0,0,1,1,1,1,1,1,1,1,1,0,0,0,0,12. LACK OF MONEY,5. FOOD IN THE MARKET WAS VERY EXPENSIVE,6. UNABLE TO REACH THE MARKET DUE TO HIGH TRANSPORTATION COSTS,
6. South West,27. Ogun,2715. OBAFEMI OWE,2. RURAL,864,279069,1302,1. YES,1. YES,1. YES,1. YES,1. YES,1. YES,1. YES,2. NO,1. YES,2. NO,3,3,4,2. NO,,,,,,,,,,,,,,,,,,,,,,,,
6. South West,27. Ogun,2716. ODEDA,2. RURAL,44,279073,1,1. YES,2. NO,2. NO,1. YES,1. YES,2. NO,2. NO,2. NO,2. NO,2. NO,3,4,4,2. NO,,,,,,,,,,,,,,,,,,,,,,,,
6. South West,27. Ogun,2716. ODEDA,2. RURAL,44,279074,1,2. NO,2. NO,2. NO,2. NO,2. NO,2. NO,2. NO,2. NO,2. NO,2. NO,3,,,2. NO,,,,,,,,,,,,,,,,,,,,,,,,
6. South West,27. Ogun,2716. ODEDA,2. RURAL,44,279078,2,1. YES,1. YES,1. YES,2. NO,1. YES,1. YES,2. NO,2. NO,2. NO,2. NO,4,5,,2. NO,,,,,,,,,,,,,,,,,,,,,,,,
6. South West,27. Ogun,2716. ODEDA,2. RURAL,44,279080,1,2. NO,2. NO,2. NO,2. NO,2. NO,2. NO,2. NO,2. NO,2. NO,2. NO,3,,,2. NO,,,,,,,,,,,,,,,,,,,,,,,,
6. South West,27. Ogun,2716. ODEDA,2. RURAL,44,279081,4,1. YES,1. YES,1. YES,1. YES,1. YES,1. YES,1. YES,1. YES,1. YES,2. NO,3,,,2. NO,,,,,,,,,,,,,,,,,,,,,,,,
6. South West,27. Ogun,2716. ODEDA,2. RURAL,44,279082,1,2. NO,2. NO,2. NO,2. NO,2. NO,2. NO,2. NO,2. NO,2. NO,2. NO,3,,,2. NO,,,,,,,,,,,,,,,,,,,,,,,,
6. South West,27. Ogun,2716. ODEDA,2. RURAL,44,279083,1,2. NO,2. NO,2. NO,2. NO,2. NO,2. NO,2. NO,2. NO,2. NO,2. NO,3,3,,2. NO,,,,,,,,,,,,,,,,,,,,,,,,
6. South West,27. Ogun,2701. ABEOKUTA NORTH,2. RURAL,0,279084,1,1. YES,1. YES,1. YES,1. YES,1. YES,1. YES,1. YES,1. YES,1. YES,1. YES,2,3,,1. YES,0,0,0,0,0,0,0,0,0,0,0,0,1,1,1,1,1,1,0,0,5. FOOD IN THE MARKET WAS VERY EXPENSIVE,12. LACK OF MONEY,8. FLOODS/WATER LOGGING,
6. South West,27. Ogun,2720. SHAGAMU,1. URBAN,1048,279087,2,2. NO,2. NO,2. NO,2. NO,1. YES,2. NO,2. NO,2. NO,2. NO,2. NO,3,,,2. NO,,,,,,,,,,,,,,,,,,,,,,,,
6. South West,27. Ogun,2720. SHAGAMU,1. URBAN,1048,279088,2,2. NO,1. YES,1. YES,2. NO,1. YES,2. NO,2. NO,2. NO,2. NO,2. NO,2,3,,2. NO,,,,,,,,,,,,,,,,,,,,,,,,
6. South West,27. Ogun,2720. SHAGAMU,1. URBAN,1048,279089,2,2. NO,2. NO,1. YES,2. NO,2. NO,2. NO,2. NO,2. NO,2. NO,2. NO,3,3,,2. NO,,,,,,,,,,,,,,,,,,,,,,,,
6. South West,27. Ogun,2720. SHAGAMU,1. URBAN,1048,279090,1,1. YES,1. YES,2. NO,2. NO,2. NO,2. NO,2. NO,2. NO,2. NO,2. NO,1,,,2. NO,,,,,,,,,,,,,,,,,,,,,,,,
6. South West,27. Ogun,2715. OBAFEMI OWE,1. URBAN,0,279091,2,1. YES,1. YES,1. YES,2. NO,1. YES,1. YES,2. NO,2. NO,2. NO,2. NO,4,4,5,2. NO,,,,,,,,,,,,,,,,,,,,,,,,
6. South West,27. Ogun,2720. SHAGAMU,1. URBAN,1048,279092,2,1. YES,1. YES,1. YES,1. YES,1. YES,1. YES,1. YES,1. YES,1. YES,1. YES,2,3,3,1. YES,0,0,0,0,0,0,0,0,0,0,1,0,1,0,0,0,0,0,0,0,12. LACK OF MONEY,,,
6. South West,27. Ogun,2720. SHAGAMU,1. URBAN,1048,279093,1,2. NO,2. NO,2. NO,2. NO,2. NO,2. NO,2. NO,2. NO,2. NO,2. NO,3,,,2. NO,,,,,,,,,,,,,,,,,,,,,,,,
6. South West,29. Osun,2923. OBOKUN,1. URBAN,0,279094,2,2. NO,2. NO,2. NO,2. NO,2. NO,2. NO,2. NO,2. NO,2. NO,2. NO,3,3,,2. NO,,,,,,,,,,,,,,,,,,,,,,,,
6. South West,27. Ogun,2720. SHAGAMU,1. URBAN,1048,279095,1,2. NO,2. NO,2. NO,2. NO,2. NO,2. NO,2. NO,2. NO,2. NO,2. NO,3,,,2. NO,,,,,,,,,,,,,,,,,,,,,,,,
6. South West,27. Ogun,2720. SHAGAMU,1. URBAN,1048,279096,101,1. YES,1. YES,1. YES,1. YES,1. YES,2. NO,2. NO,2. NO,2. NO,2. NO,2,,3,2. NO,,,,,,,,,,,,,,,,,,,,,,,,
6. South West,27. Ogun,2720. SHAGAMU,1. URBAN,1836,279097,1,1. YES,1. YES,1. YES,1. YES,1. YES,1. YES,1. YES,2. NO,2. NO,2. NO,2,,,1. YES,0,0,0,0,0,0,0,0,0,1,0,0,0,0,0,0,0,0,0,0,5. FOOD IN THE MARKET WAS VERY EXPENSIVE,12. LACK OF MONEY,13. LACK OF ACCESS TO MONEY AT THE BANK DUE TO NAIRA REDESIGN,
6. South West,27. Ogun,2720. SHAGAMU,1. URBAN,1836,279098,2,2. NO,2. NO,2. NO,2. NO,2. NO,2. NO,2. NO,2. NO,2. NO,2. NO,3,,,2. NO,,,,,,,,,,,,,,,,,,,,,,,,
6. South West,27. Ogun,2720. SHAGAMU,1. URBAN,1836,279100,1,1. YES,1. YES,1. YES,1. YES,1. YES,1. YES,1. YES,2. NO,2. NO,2. NO,2,,,1. YES,0,0,0,0,0,0,0,0,0,1,1,1,0,0,0,0,0,0,0,0,12. LACK OF MONEY,,,
6. South West,27. Ogun,2720. SHAGAMU,1. URBAN,1836,279101,2,2. NO,2. NO,2. NO,2. NO,2. NO,2. NO,2. NO,2. NO,2. NO,2. NO,2,3,,2. NO,,,,,,,,,,,,,,,,,,,,,,,,
6. South West,27. Ogun,2720. SHAGAMU,1. URBAN,1836,279103,101,2. NO,2. NO,2. NO,2. NO,2. NO,2. NO,2. NO,2. NO,2. NO,2. NO,3,,,2. NO,,,,,,,,,,,,,,,,,,,,,,,,
6. South West,27. Ogun,2720. SHAGAMU,1. URBAN,1836,279105,1,2. NO,2. NO,2. NO,2. NO,2. NO,2. NO,2. NO,2. NO,2. NO,2. NO,3,,,2. NO,,,,,,,,,,,,,,,,,,,,,,,,
6. South West,27. Ogun,2720. SHAGAMU,1. URBAN,1836,279107,1,2. NO,1. YES,2. NO,2. NO,1. YES,2. NO,2. NO,2. NO,1. YES,2. NO,2,3,4,2. NO,,,,,,,,,,,,,,,,,,,,,,,,
6. South West,27. Ogun,2706. EWEKORO,2. RURAL,362,279112,1,1. YES,1. YES,2. NO,2. NO,1. YES,2. NO,2. NO,2. NO,2. NO,2. NO,3,,,2. NO,,,,,,,,,,,,,,,,,,,,,,,,
6. South West,27. Ogun,2712. IKENNE,2. RURAL,172,279114,1,1. YES,1. YES,1. YES,2. NO,1. YES,2. NO,1. YES,2. NO,2. NO,2. NO,3,3,,2. NO,,,,,,,,,,,,,,,,,,,,,,,,
6. South West,27. Ogun,2703. ADOODO OTA,2. RURAL,0,279118,2,2. NO,1. YES,1. YES,2. NO,2. NO,2. NO,1. YES,2. NO,2. NO,2. NO,3,,,2. NO,,,,,,,,,,,,,,,,,,,,,,,,
6. South West,27. Ogun,2701. ABEOKUTA NORTH,2. RURAL,0,279121,1,1. YES,1. YES,1. YES,2. NO,1. YES,1. YES,1. YES,1. YES,2. NO,1. YES,2,,,1. YES,0,0,0,0,0,0,0,0,0,0,0,1,0,0,1,0,0,0,0,0,12. LACK OF MONEY,1. INADEQUATE HOUSEHOLD FOOD STOCKS DUE TO DROUGHT/ POOR RAINS,,
6. South West,27. Ogun,2720. SHAGAMU,1. URBAN,1836,279125,2,2. NO,1. YES,2. NO,2. NO,1. YES,2. NO,2. NO,2. NO,2. NO,2. NO,2,3,,2. NO,,,,,,,,,,,,,,,,,,,,,,,,
6. South West,27. Ogun,2703. ADOODO OTA,1. URBAN,0,280031,1,2. NO,2. NO,2. NO,2. NO,2. NO,2. NO,2. NO,2. NO,2. NO,2. NO,3,3,,2. NO,,,,,,,,,,,,,,,,,,,,,,,,
6. South West,24. Lagos,2420. SURULERE (LAGOS),1. URBAN,0,280033,2,2. NO,2. NO,2. NO,2. NO,2. NO,2. NO,2. NO,2. NO,2. NO,2. NO,3,3,,2. NO,,,,,,,,,,,,,,,,,,,,,,,,
6. South West,28. Ondo,2804. AKOKO SOUTH WEST,1. URBAN,340,280036,1,1. YES,1. YES,2. NO,2. NO,1. YES,1. YES,2. NO,2. NO,2. NO,2. NO,3,,3,2. NO,,,,,,,,,,,,,,,,,,,,,,,,
6. South West,28. Ondo,2806. AKURE SOUTH,1. URBAN,0,280037,6,1. YES,1. YES,2. NO,2. NO,1. YES,1. YES,2. NO,2. NO,2. NO,2. NO,3,3,,2. NO,,,,,,,,,,,,,,,,,,,,,,,,
6. South West,28. Ondo,2804. AKOKO SOUTH WEST,1. URBAN,340,280038,2,1. YES,1. YES,1. YES,2. NO,1. YES,1. YES,1. YES,2. NO,2. NO,2. NO,3,,,2. NO,,,,,,,,,,,,,,,,,,,,,,,,
6. South West,28. Ondo,2804. AKOKO SOUTH WEST,1. URBAN,340,280039,5,1. YES,1. YES,1. YES,1. YES,1. YES,1. YES,2. NO,2. NO,2. NO,2. NO,2,,,1. YES,0,0,0,0,0,0,0,0,1,0,0,0,0,0,0,0,0,0,0,0,12. LACK OF MONEY,,,
6. South West,28. Ondo,2814. OKITIPUPA,1. URBAN,1876,280083,5101,2. NO,2. NO,2. NO,2. NO,2. NO,2. NO,2. NO,2. NO,2. NO,2. NO,3,,,2. NO,,,,,,,,,,,,,,,,,,,,,,,,
6. South West,28. Ondo,2814. OKITIPUPA,1. URBAN,1876,280084,4,2. NO,1. YES,2. NO,2. NO,2. NO,2. NO,2. NO,2. NO,2. NO,2. NO,3,3,3,2. NO,,,,,,,,,,,,,,,,,,,,,,,,
6. South West,28. Ondo,2814. OKITIPUPA,1. URBAN,1876,280085,1,2. NO,2. NO,1. YES,2. NO,2. NO,2. NO,2. NO,2. NO,2. NO,2. NO,3,,3,2. NO,,,,,,,,,,,,,,,,,,,,,,,,
6. South West,28. Ondo,2814. OKITIPUPA,1. URBAN,1876,280086,1,2. NO,2. NO,2. NO,2. NO,2. NO,2. NO,2. NO,2. NO,2. NO,2. NO,3,,,2. NO,,,,,,,,,,,,,,,,,,,,,,,,
6. South West,28. Ondo,2814. OKITIPUPA,1. URBAN,0,280087,2,1. YES,1. YES,2. NO,1. YES,1. YES,1. YES,2. NO,2. NO,2. NO,2. NO,3,3,3,1. YES,0,0,0,0,0,0,0,0,1,1,0,0,0,0,0,0,0,0,0,0,3. INADEQUATE HOUSEHOLD FOOD STOCKS DUE TO SMALL LAND SIZE,12. LACK OF MONEY,,
6. South West,28. Ondo,2814. OKITIPUPA,1. URBAN,1876,280088,1,1. YES,1. YES,2. NO,1. YES,1. YES,1. YES,2. NO,2. NO,2. NO,2. NO,3,3,,1. YES,0,0,0,0,0,0,0,0,1,1,1,0,0,0,0,0,0,0,0,0,12. LACK OF MONEY,,,
6. South West,28. Ondo,2814. OKITIPUPA,1. URBAN,0,280089,1,1. YES,1. YES,1. YES,1. YES,1. YES,1. YES,2. NO,2. NO,1. YES,2. NO,3,3,4,1. YES,1,0,0,0,0,0,0,0,0,0,0,0,0,0,0,0,0,0,0,0,12. LACK OF MONEY,5. FOOD IN THE MARKET WAS VERY EXPENSIVE,,
6. South West,28. Ondo,2814. OKITIPUPA,1. URBAN,1876,280090,1,1. YES,1. YES,1. YES,1. YES,1. YES,1. YES,1. YES,2. NO,1. YES,2. NO,2,3,,1. YES,1,0,0,0,0,0,0,0,0,0,0,0,0,0,0,0,0,0,0,0,5. FOOD IN THE MARKET WAS VERY EXPENSIVE,12. LACK OF MONEY,,
6. South West,28. Ondo,2813. ODIGBO,2. RURAL,0,280111,2,1. YES,1. YES,1. YES,1. YES,1. YES,1. YES,1. YES,2. NO,2. NO,2. NO,3,,,1. YES,0,0,0,0,0,0,0,0,0,0,0,0,1,1,1,0,0,0,0,0,12. LACK OF MONEY,,,
6. South West,28. Ondo,2813. ODIGBO,2. RURAL,612,280112,1,1. YES,1. YES,1. YES,1. YES,1. YES,1. YES,2. NO,2. NO,1. YES,2. NO,3,,,1. YES,0,0,0,0,0,0,0,0,1,1,1,1,0,0,0,0,0,0,0,0,12. LACK OF MONEY,5. FOOD IN THE MARKET WAS VERY EXPENSIVE,,
6. South West,28. Ondo,2813. ODIGBO,2. RURAL,612,280113,2,1. YES,1. YES,2. NO,2. NO,1. YES,1. YES,1. YES,2. NO,2. NO,2. NO,3,3,,1. YES,0,0,0,0,0,0,0,0,1,1,0,0,0,0,1,0,0,0,0,0,12. LACK OF MONEY,,,
6. South West,28. Ondo,2813. ODIGBO,2. RURAL,0,280114,2,1. YES,1. YES,2. NO,2. NO,2. NO,2. NO,2. NO,2. NO,2. NO,2. NO,3,,3,1. YES,0,0,0,0,0,0,0,0,1,1,1,1,0,0,0,0,0,0,0,0,12. LACK OF MONEY,,,
6. South West,28. Ondo,2813. ODIGBO,2. RURAL,612,280116,1,1. YES,1. YES,1. YES,2. NO,1. YES,1. YES,1. YES,2. NO,2. NO,2. NO,2,,,1. YES,1,0,0,0,0,0,0,0,0,0,0,0,0,0,0,0,0,0,0,0,4. INADEQUATE HOUSEHOLD FOOD STOCKS DUE TO LACK OF FARM INPUTS,5. FOOD IN THE MARKET WAS VERY EXPENSIVE,12. LACK OF MONEY,
6. South West,28. Ondo,2813. ODIGBO,2. RURAL,612,280117,1,2. NO,1. YES,1. YES,2. NO,2. NO,2. NO,2. NO,2. NO,2. NO,2. NO,3,3,,1. YES,0,0,0,0,0,0,0,0,1,1,1,0,0,0,0,0,0,0,0,0,12. LACK OF MONEY,,,
6. South West,28. Ondo,2813. ODIGBO,2. RURAL,612,280118,1,2. NO,1. YES,2. NO,2. NO,2. NO,2. NO,2. NO,2. NO,2. NO,2. NO,3,3,,1. YES,0,0,0,0,0,0,0,0,1,1,0,0,0,0,0,0,0,0,0,0,12. LACK OF MONEY,,,
6. South West,28. Ondo,2813. ODIGBO,2. RURAL,612,280119,1,2. NO,2. NO,2. NO,2. NO,1. YES,2. NO,2. NO,2. NO,2. NO,2. NO,3,,,2. NO,,,,,,,,,,,,,,,,,,,,,,,,
6. South West,28. Ondo,2813. ODIGBO,2. RURAL,612,280120,4,1. YES,1. YES,1. YES,1. YES,1. YES,1. YES,2. NO,2. NO,1. YES,2. NO,3,3,4,1. YES,0,0,0,0,0,0,0,0,1,1,1,0,0,0,0,0,0,0,0,0,12. LACK OF MONEY,13. LACK OF ACCESS TO MONEY AT THE BANK DUE TO NAIRA REDESIGN,,
6. South West,28. Ondo,2801. AKOKO NORTH EAST,1. URBAN,760,289001,1,1. YES,2. NO,2. NO,1. YES,1. YES,1. YES,2. NO,2. NO,1. YES,2. NO,3,3,3,1. YES,0,0,0,0,0,0,0,0,0,1,1,1,0,0,0,0,0,0,0,0,3. INADEQUATE HOUSEHOLD FOOD STOCKS DUE TO SMALL LAND SIZE,12. LACK OF MONEY,,
6. South West,28. Ondo,2801. AKOKO NORTH EAST,1. URBAN,760,289002,1,1. YES,1. YES,1. YES,2. NO,1. YES,1. YES,2. NO,2. NO,2. NO,2. NO,2,3,3,1. YES,1,0,0,0,0,0,0,0,0,0,0,0,0,0,0,0,0,0,0,0,1. INADEQUATE HOUSEHOLD FOOD STOCKS DUE TO DROUGHT/ POOR RAINS,5. FOOD IN THE MARKET WAS VERY EXPENSIVE,,
6. South West,30. Oyo,3005. EGBEDA,1. URBAN,0,289003,1,1. YES,1. YES,1. YES,1. YES,1. YES,1. YES,1. YES,1. YES,1. YES,1. YES,4,,,1. YES,0,0,0,0,0,0,0,0,0,0,0,0,0,0,1,1,1,0,0,0,12. LACK OF MONEY,,,
6. South West,28. Ondo,2801. AKOKO NORTH EAST,1. URBAN,760,289005,1,1. YES,1. YES,1. YES,1. YES,1. YES,1. YES,2. NO,2. NO,1. YES,2. NO,3,3,3,2. NO,,,,,,,,,,,,,,,,,,,,,,,,
6. South West,28. Ondo,2801. AKOKO NORTH EAST,1. URBAN,760,289006,1,1. YES,1. YES,1. YES,2. NO,1. YES,1. YES,1. YES,2. NO,2. NO,2. NO,3,3,3,1. YES,1,0,0,0,0,0,0,0,0,0,0,0,0,0,0,0,0,0,0,0,1. INADEQUATE HOUSEHOLD FOOD STOCKS DUE TO DROUGHT/ POOR RAINS,5. FOOD IN THE MARKET WAS VERY EXPENSIVE,12. LACK OF MONEY,
6. South West,28. Ondo,2801. AKOKO NORTH EAST,1. URBAN,760,289007,1303,2. NO,2. NO,2. NO,2. NO,2. NO,2. NO,2. NO,2. NO,2. NO,2. NO,3,,,2. NO,,,,,,,,,,,,,,,,,,,,,,,,
6. South West,28. Ondo,2801. AKOKO NORTH EAST,1. URBAN,760,289008,1,1. YES,1. YES,1. YES,1. YES,1. YES,1. YES,1. YES,2. NO,2. NO,2. NO,2,2,,1. YES,1,0,0,0,0,0,0,0,0,0,0,0,0,0,0,0,0,0,0,0,12. LACK OF MONEY,13. LACK OF ACCESS TO MONEY AT THE BANK DUE TO NAIRA REDESIGN,5. FOOD IN THE MARKET WAS VERY EXPENSIVE,
6. South West,28. Ondo,2801. AKOKO NORTH EAST,1. URBAN,760,289009,1,1. YES,1. YES,2. NO,2. NO,2. NO,2. NO,2. NO,2. NO,2. NO,2. NO,3,,,2. NO,,,,,,,,,,,,,,,,,,,,,,,,
6. South West,28. Ondo,2801. AKOKO NORTH EAST,1. URBAN,760,289010,2,1. YES,1. YES,1. YES,2. NO,1. YES,1. YES,1. YES,2. NO,2. NO,2. NO,3,3,,1. YES,0,0,0,0,0,0,0,0,1,1,1,1,1,1,1,1,0,0,0,0,5. FOOD IN THE MARKET WAS VERY EXPENSIVE,12. LACK OF MONEY,,
1. North Central,37. FCT,3706. ABUJA MUNICIPAL,1. URBAN,0,289011,5101,1. YES,1. YES,1. YES,1. YES,1. YES,1. YES,2. NO,2. NO,2. NO,2. NO,2,3,,1. YES,1,0,0,0,0,0,0,0,0,0,0,0,0,0,0,0,0,0,0,0,10. INADEQUATE FOOD STOCK FROM FARM DUE TO CONFLICT/SECURITY,5. FOOD IN THE MARKET WAS VERY EXPENSIVE,,
6. South West,28. Ondo,2805. AKURE NORTH,2. RURAL,498,289014,101,1. YES,1. YES,1. YES,1. YES,1. YES,2. NO,1. YES,2. NO,1. YES,2. NO,3,3,,1. YES,0,0,0,0,0,0,0,0,0,1,1,0,0,0,0,0,0,0,0,0,1. INADEQUATE HOUSEHOLD FOOD STOCKS DUE TO DROUGHT/ POOR RAINS,5. FOOD IN THE MARKET WAS VERY EXPENSIVE,,
6. South West,28. Ondo,2805. AKURE NORTH,2. RURAL,498,289015,1,1. YES,1. YES,1. YES,1. YES,1. YES,1. YES,1. YES,2. NO,2. NO,2. NO,3,,,2. NO,,,,,,,,,,,,,,,,,,,,,,,,
6. South West,28. Ondo,2805. AKURE NORTH,2. RURAL,498,289016,1701,2. NO,2. NO,1. YES,2. NO,2. NO,2. NO,2. NO,2. NO,1. YES,2. NO,3,3,,2. NO,,,,,,,,,,,,,,,,,,,,,,,,
6. South West,28. Ondo,2805. AKURE NORTH,2. RURAL,498,289017,2,1. YES,1. YES,1. YES,1. YES,1. YES,2. NO,1. YES,2. NO,2. NO,1. YES,3,,,1. YES,0,0,0,0,0,0,0,0,0,0,0,0,0,1,1,0,0,0,0,0,12. LACK OF MONEY,1. INADEQUATE HOUSEHOLD FOOD STOCKS DUE TO DROUGHT/ POOR RAINS,,
6. South West,28. Ondo,2805. AKURE NORTH,2. RURAL,498,289019,1,1. YES,1. YES,1. YES,1. YES,1. YES,2. NO,1. YES,2. NO,2. NO,2. NO,3,,,2. NO,,,,,,,,,,,,,,,,,,,,,,,,
6. South West,28. Ondo,2805. AKURE NORTH,2. RURAL,498,289020,2,2. NO,1. YES,2. NO,2. NO,2. NO,2. NO,2. NO,2. NO,2. NO,2. NO,3,3,,2. NO,,,,,,,,,,,,,,,,,,,,,,,,
6. South West,28. Ondo,2805. AKURE NORTH,2. RURAL,498,289021,1,1. YES,1. YES,1. YES,1. YES,1. YES,2. NO,2. NO,2. NO,1. YES,2. NO,3,3,,1. YES,0,0,0,0,0,0,0,0,0,1,1,1,0,0,0,0,0,0,0,0,3. INADEQUATE HOUSEHOLD FOOD STOCKS DUE TO SMALL LAND SIZE,,,
6. South West,28. Ondo,2805. AKURE NORTH,2. RURAL,498,289022,1,1. YES,1. YES,1. YES,1. YES,1. YES,1. YES,1. YES,2. NO,1. YES,2. NO,3,,5,1. YES,0,0,0,0,0,0,0,0,0,0,0,0,0,1,1,0,0,0,0,0,5. FOOD IN THE MARKET WAS VERY EXPENSIVE,12. LACK OF MONEY,,
6. South West,28. Ondo,2808. IDANRE,2. RURAL,1494,289025,2,2. NO,2. NO,2. NO,2. NO,2. NO,2. NO,2. NO,2. NO,2. NO,2. NO,3,3,6,2. NO,,,,,,,,,,,,,,,,,,,,,,,,
6. South West,28. Ondo,2808. IDANRE,2. RURAL,1494,289027,1,1. YES,1. YES,1. YES,1. YES,2. NO,2. NO,1. YES,2. NO,2. NO,2. NO,2,3,,2. NO,,,,,,,,,,,,,,,,,,,,,,,,
6. South West,28. Ondo,2808. IDANRE,2. RURAL,1494,289028,1,2. NO,2. NO,2. NO,2. NO,2. NO,2. NO,2. NO,2. NO,2. NO,2. NO,3,3,,2. NO,,,,,,,,,,,,,,,,,,,,,,,,
6. South West,28. Ondo,2808. IDANRE,2. RURAL,1494,289030,1,1. YES,1. YES,1. YES,2. NO,1. YES,1. YES,1. YES,2. NO,2. NO,2. NO,2,3,3,2. NO,,,,,,,,,,,,,,,,,,,,,,,,
6. South West,28. Ondo,2808. IDANRE,2. RURAL,1494,289031,2,1. YES,1. YES,1. YES,1. YES,1. YES,1. YES,1. YES,2. NO,2. NO,2. NO,3,3,3,2. NO,,,,,,,,,,,,,,,,,,,,,,,,
6. South West,28. Ondo,2808. IDANRE,2. RURAL,1494,289032,1,2. NO,1. YES,2. NO,2. NO,2. NO,2. NO,2. NO,2. NO,2. NO,2. NO,3,3,,2. NO,,,,,,,,,,,,,,,,,,,,,,,,
6. South West,28. Ondo,2808. IDANRE,2. RURAL,1494,289034,2001,2. NO,2. NO,2. NO,2. NO,2. NO,2. NO,2. NO,2. NO,2. NO,2. NO,3,3,,2. NO,,,,,,,,,,,,,,,,,,,,,,,,
6. South West,28. Ondo,2808. IDANRE,2. RURAL,1494,289036,1,1. YES,1. YES,1. YES,1. YES,1. YES,2. NO,1. YES,2. NO,2. NO,2. NO,3,3,,1. YES,0,0,0,0,0,0,0,0,1,1,1,1,0,0,0,0,0,0,0,0,1. INADEQUATE HOUSEHOLD FOOD STOCKS DUE TO DROUGHT/ POOR RAINS,12. LACK OF MONEY,,
6. South West,28. Ondo,2811. ILE OLUJI OKEIGBO,2. RURAL,390,289037,1,1. YES,1. YES,1. YES,2. NO,1. YES,1. YES,1. YES,2. NO,1. YES,2. NO,2,3,3,2. NO,,,,,,,,,,,,,,,,,,,,,,,,
6. South West,29. Osun,2929. OSHOGBO,1. URBAN,0,289041,2101,1. YES,2. NO,1. YES,1. YES,1. YES,2. NO,2. NO,2. NO,2. NO,2. NO,2,,,2. NO,,,,,,,,,,,,,,,,,,,,,,,,
6. South West,28. Ondo,2811. ILE OLUJI OKEIGBO,2. RURAL,390,289042,1,1. YES,1. YES,2. NO,2. NO,1. YES,1. YES,2. NO,2. NO,2. NO,2. NO,2,3,,2. NO,,,,,,,,,,,,,,,,,,,,,,,,
6. South West,28. Ondo,2811. ILE OLUJI OKEIGBO,2. RURAL,390,289043,1,2. NO,2. NO,2. NO,2. NO,2. NO,2. NO,2. NO,2. NO,2. NO,2. NO,3,3,,1. YES,0,0,0,0,0,0,0,0,1,1,0,0,0,0,0,0,0,0,0,0,12. LACK OF MONEY,,,
6. South West,28. Ondo,2811. ILE OLUJI OKEIGBO,2. RURAL,390,289044,1,2. NO,1. YES,2. NO,2. NO,2. NO,2. NO,2. NO,2. NO,2. NO,2. NO,3,3,3,2. NO,,,,,,,,,,,,,,,,,,,,,,,,
6. South West,28. Ondo,2811. ILE OLUJI OKEIGBO,2. RURAL,390,289046,2,1. YES,1. YES,1. YES,2. NO,1. YES,1. YES,2. NO,2. NO,2. NO,2. NO,3,,,2. NO,,,,,,,,,,,,,,,,,,,,,,,,
6. South West,28. Ondo,2811. ILE OLUJI OKEIGBO,2. RURAL,390,289047,1,1. YES,1. YES,1. YES,1. YES,1. YES,1. YES,1. YES,2. NO,1. YES,2. NO,2,,3,1. YES,0,0,0,0,0,0,0,0,0,0,0,0,0,0,1,1,0,0,0,0,12. LACK OF MONEY,,,
6. South West,28. Ondo,2811. ILE OLUJI OKEIGBO,2. RURAL,390,289048,1,2. NO,2. NO,2. NO,2. NO,2. NO,2. NO,2. NO,2. NO,2. NO,2. NO,3,,5,2. NO,,,,,,,,,,,,,,,,,,,,,,,,
6. South West,24. Lagos,2412. IKORODU,1. URBAN,0,289049,1,1. YES,1. YES,1. YES,1. YES,1. YES,1. YES,1. YES,1. YES,1. YES,1. YES,2,,3,2. NO,,,,,,,,,,,,,,,,,,,,,,,,
6. South West,28. Ondo,2814. OKITIPUPA,1. URBAN,662,289050,1,1. YES,1. YES,1. YES,1. YES,1. YES,1. YES,1. YES,2. NO,2. NO,2. NO,3,,,1. YES,0,0,0,0,0,0,0,0,1,1,0,0,0,0,0,0,0,0,0,0,1. INADEQUATE HOUSEHOLD FOOD STOCKS DUE TO DROUGHT/ POOR RAINS,12. LACK OF MONEY,,
6. South West,28. Ondo,2814. OKITIPUPA,1. URBAN,662,289051,2,1. YES,1. YES,1. YES,2. NO,1. YES,1. YES,1. YES,2. NO,2. NO,2. NO,3,3,,2. NO,,,,,,,,,,,,,,,,,,,,,,,,
6. South West,28. Ondo,2814. OKITIPUPA,1. URBAN,662,289052,5,1. YES,1. YES,1. YES,1. YES,1. YES,1. YES,2. NO,2. NO,1. YES,2. NO,3,3,3,1. YES,1,0,0,0,0,0,0,0,0,0,0,0,0,0,0,0,0,0,0,0,12. LACK OF MONEY,5. FOOD IN THE MARKET WAS VERY EXPENSIVE,,
6. South West,28. Ondo,2814. OKITIPUPA,1. URBAN,662,289053,2,1. YES,1. YES,1. YES,2. NO,1. YES,1. YES,1. YES,2. NO,2. NO,2. NO,3,,,1. YES,1,0,0,0,0,0,0,0,0,0,0,0,0,0,0,0,0,0,0,0,5. FOOD IN THE MARKET WAS VERY EXPENSIVE,12. LACK OF MONEY,,
6. South West,28. Ondo,2814. OKITIPUPA,1. URBAN,662,289055,2,1. YES,1. YES,1. YES,1. YES,1. YES,1. YES,1. YES,2. NO,2. NO,2. NO,2,3,,1. YES,1,0,0,0,0,0,0,0,0,0,0,0,0,0,0,0,0,0,0,0,5. FOOD IN THE MARKET WAS VERY EXPENSIVE,12. LACK OF MONEY,,
6. South West,28. Ondo,2814. OKITIPUPA,1. URBAN,662,289056,1801,1. YES,1. YES,1. YES,1. YES,1. YES,1. YES,2. NO,2. NO,1. YES,2. NO,3,3,,1. YES,0,0,0,0,0,0,0,0,1,1,0,0,0,0,0,0,0,0,0,0,13. LACK OF ACCESS TO MONEY AT THE BANK DUE TO NAIRA REDESIGN,,,
6. South West,28. Ondo,2814. OKITIPUPA,1. URBAN,662,289059,1,1. YES,1. YES,2. NO,2. NO,1. YES,2. NO,2. NO,2. NO,2. NO,2. NO,3,3,,1. YES,0,0,0,0,0,0,0,0,1,1,0,0,0,0,0,0,0,0,0,0,1. INADEQUATE HOUSEHOLD FOOD STOCKS DUE TO DROUGHT/ POOR RAINS,12. LACK OF MONEY,,
6. South West,28. Ondo,2811. ILE OLUJI OKEIGBO,2. RURAL,0,289061,1,1. YES,2. NO,2. NO,1. YES,1. YES,2. NO,2. NO,2. NO,2. NO,2. NO,3,3,,2. NO,,,,,,,,,,,,,,,,,,,,,,,,
6. South West,28. Ondo,2815. ONDO EAST,2. RURAL,10,289062,1,1. YES,1. YES,1. YES,2. NO,2. NO,2. NO,2. NO,2. NO,2. NO,2. NO,2,2,,2. NO,,,,,,,,,,,,,,,,,,,,,,,,
6. South West,28. Ondo,2815. ONDO EAST,2. RURAL,10,289063,1,1. YES,1. YES,2. NO,1. YES,1. YES,2. NO,2. NO,2. NO,2. NO,2. NO,3,,,1. YES,0,0,0,0,0,0,0,0,0,1,1,0,0,0,0,0,0,0,0,0,12. LACK OF MONEY,3. INADEQUATE HOUSEHOLD FOOD STOCKS DUE TO SMALL LAND SIZE,,
6. South West,28. Ondo,2815. ONDO EAST,2. RURAL,10,289064,1,1. YES,1. YES,1. YES,1. YES,1. YES,2. NO,2. NO,2. NO,1. YES,2. NO,3,3,,1. YES,0,0,0,0,0,0,0,0,0,0,0,0,0,1,1,0,0,0,0,0,5. FOOD IN THE MARKET WAS VERY EXPENSIVE,,,
6. South West,28. Ondo,2815. ONDO EAST,2. RURAL,10,289065,1,2. NO,2. NO,2. NO,2. NO,2. NO,2. NO,2. NO,2. NO,2. NO,2. NO,3,,,2. NO,,,,,,,,,,,,,,,,,,,,,,,,
6. South West,28. Ondo,2815. ONDO EAST,2. RURAL,10,289066,1,2. NO,1. YES,2. NO,1. YES,1. YES,2. NO,2. NO,2. NO,2. NO,2. NO,3,,,2. NO,,,,,,,,,,,,,,,,,,,,,,,,
6. South West,28. Ondo,2815. ONDO EAST,2. RURAL,10,289067,1,2. NO,2. NO,2. NO,2. NO,2. NO,2. NO,2. NO,2. NO,2. NO,2. NO,3,3,,2. NO,,,,,,,,,,,,,,,,,,,,,,,,
4. South East,11. Ebonyi,1105. EZZA NORTH,2. RURAL,0,289071,1,1. YES,1. YES,1. YES,2. NO,1. YES,2. NO,2. NO,2. NO,1. YES,2. NO,2,3,3,1. YES,0,0,0,0,0,0,0,0,0,1,1,1,1,1,0,0,0,0,0,0,5. FOOD IN THE MARKET WAS VERY EXPENSIVE,6. UNABLE TO REACH THE MARKET DUE TO HIGH TRANSPORTATION COSTS,12. LACK OF MONEY,
6. South West,28. Ondo,2815. ONDO EAST,2. RURAL,10,289072,1,1. YES,1. YES,2. NO,2. NO,1. YES,1. YES,2. NO,2. NO,2. NO,2. NO,2,2,,1. YES,1,0,0,0,0,0,0,0,0,0,0,0,0,0,0,0,0,0,0,0,1. INADEQUATE HOUSEHOLD FOOD STOCKS DUE TO DROUGHT/ POOR RAINS,5. FOOD IN THE MARKET WAS VERY EXPENSIVE,,
6. South West,28. Ondo,2816. ONDO WEST,1. URBAN,2146,289073,1,1. YES,1. YES,1. YES,2. NO,1. YES,1. YES,1. YES,2. NO,2. NO,2. NO,3,2,,1. YES,1,0,0,0,0,0,0,0,0,0,0,0,0,0,0,0,0,0,0,0,1. INADEQUATE HOUSEHOLD FOOD STOCKS DUE TO DROUGHT/ POOR RAINS,5. FOOD IN THE MARKET WAS VERY EXPENSIVE,12. LACK OF MONEY,
5. South South,12. Edo,1212. OREDO,1. URBAN,0,289077,1,1. YES,1. YES,1. YES,1. YES,1. YES,1. YES,1. YES,2. NO,1. YES,1. YES,3,,3,1. YES,0,0,0,0,0,0,0,0,0,0,0,1,1,1,0,1,1,1,0,0,12. LACK OF MONEY,,,
6. South West,28. Ondo,2816. ONDO WEST,1. URBAN,2146,289080,1,2. NO,1. YES,1. YES,2. NO,2. NO,1. YES,2. NO,2. NO,2. NO,2. NO,3,3,,2. NO,,,,,,,,,,,,,,,,,,,,,,,,
6. South West,28. Ondo,2816. ONDO WEST,1. URBAN,2146,289081,1,1. YES,1. YES,1. YES,1. YES,1. YES,1. YES,1. YES,2. NO,2. NO,2. NO,3,,,1. YES,0,0,0,0,0,0,0,0,0,0,0,0,0,1,1,0,0,0,0,0,5. FOOD IN THE MARKET WAS VERY EXPENSIVE,12. LACK OF MONEY,,
6. South West,28. Ondo,2816. ONDO WEST,1. URBAN,2146,289082,1,2. NO,2. NO,1. YES,2. NO,2. NO,2. NO,2. NO,2. NO,2. NO,2. NO,3,,,2. NO,,,,,,,,,,,,,,,,,,,,,,,,
6. South West,28. Ondo,2816. ONDO WEST,1. URBAN,2146,289083,1,1. YES,1. YES,1. YES,2. NO,1. YES,1. YES,2. NO,2. NO,2. NO,2. NO,3,3,,1. YES,0,0,0,0,0,0,0,0,0,1,1,1,0,0,0,0,0,0,0,0,12. LACK OF MONEY,5. FOOD IN THE MARKET WAS VERY EXPENSIVE,,
6. South West,28. Ondo,2816. ONDO WEST,1. URBAN,2146,289084,2,1. YES,1. YES,1. YES,1. YES,1. YES,1. YES,1. YES,2. NO,1. YES,2. NO,3,3,,2. NO,,,,,,,,,,,,,,,,,,,,,,,,
6. South West,28. Ondo,2805. AKURE NORTH,2. RURAL,498,289088,1,1. YES,2. NO,1. YES,1. YES,1. YES,1. YES,2. NO,2. NO,2. NO,2. NO,3,,,2. NO,,,,,,,,,,,,,,,,,,,,,,,,
6. South West,28. Ondo,2816. ONDO WEST,1. URBAN,2146,289097,2,1. YES,1. YES,1. YES,2. NO,1. YES,1. YES,2. NO,2. NO,2. NO,2. NO,2,2,2,1. YES,1,0,0,0,0,0,0,0,0,0,0,0,0,0,0,0,0,0,0,0,5. FOOD IN THE MARKET WAS VERY EXPENSIVE,12. LACK OF MONEY,6. UNABLE TO REACH THE MARKET DUE TO HIGH TRANSPORTATION COSTS,
6. South West,28. Ondo,2816. ONDO WEST,1. URBAN,2146,289098,2,2. NO,1. YES,1. YES,1. YES,1. YES,2. NO,2. NO,2. NO,2. NO,2. NO,2,,,2. NO,,,,,,,,,,,,,,,,,,,,,,,,
6. South West,28. Ondo,2805. AKURE NORTH,2. RURAL,498,289102,1,1. YES,2. NO,1. YES,2. NO,1. YES,1. YES,2. NO,2. NO,2. NO,2. NO,3,3,,2. NO,,,,,,,,,,,,,,,,,,,,,,,,
6. South West,29. Osun,2929. OSHOGBO,1. URBAN,530,290001,1,2. NO,2. NO,2. NO,2. NO,2. NO,2. NO,2. NO,2. NO,2. NO,2. NO,3,3,,2. NO,,,,,,,,,,,,,,,,,,,,,,,,
6. South West,29. Osun,2929. OSHOGBO,1. URBAN,530,290002,2,1. YES,1. YES,1. YES,1. YES,1. YES,1. YES,1. YES,2. NO,1. YES,2. NO,3,3,,1. YES,1,0,0,0,0,0,0,0,0,0,0,0,0,0,0,0,0,0,0,0,12. LACK OF MONEY,,,
6. South West,29. Osun,2929. OSHOGBO,1. URBAN,530,290003,5101,1. YES,1. YES,1. YES,1. YES,1. YES,1. YES,1. YES,1. YES,1. YES,1. YES,2,3,,1. YES,1,0,0,0,0,0,0,0,0,0,0,0,0,0,0,0,0,0,0,0,5. FOOD IN THE MARKET WAS VERY EXPENSIVE,,,
6. South West,29. Osun,2929. OSHOGBO,1. URBAN,530,290005,2,1. YES,1. YES,1. YES,1. YES,1. YES,1. YES,2. NO,2. NO,1. YES,2. NO,3,3,,1. YES,1,0,0,0,0,0,0,0,0,0,0,0,0,0,0,0,0,0,0,0,12. LACK OF MONEY,,,
6. South West,29. Osun,2929. OSHOGBO,1. URBAN,530,290006,1,1. YES,1. YES,1. YES,1. YES,1. YES,1. YES,1. YES,2. NO,2. NO,2. NO,2,,,1. YES,0,0,0,0,0,0,0,0,0,0,1,1,1,0,0,0,0,0,0,0,5. FOOD IN THE MARKET WAS VERY EXPENSIVE,12. LACK OF MONEY,,
6. South West,29. Osun,2929. OSHOGBO,1. URBAN,530,290007,8,2. NO,2. NO,2. NO,2. NO,2. NO,2. NO,2. NO,2. NO,2. NO,2. NO,3,3,,2. NO,,,,,,,,,,,,,,,,,,,,,,,,
6. South West,29. Osun,2905. BORIPE,1. URBAN,0,290009,1,1. YES,1. YES,1. YES,1. YES,1. YES,2. NO,2. NO,2. NO,1. YES,2. NO,2,3,,2. NO,,,,,,,,,,,,,,,,,,,,,,,,
6. South West,29. Osun,2929. OSHOGBO,1. URBAN,530,290010,1,1. YES,1. YES,1. YES,1. YES,1. YES,1. YES,2. NO,1. YES,1. YES,1. YES,2,,,1. YES,0,0,0,0,0,0,0,0,0,0,0,1,1,0,0,0,0,0,0,0,5. FOOD IN THE MARKET WAS VERY EXPENSIVE,,,
6. South West,29. Osun,2929. OSHOGBO,1. URBAN,1300,290031,4,1. YES,1. YES,1. YES,1. YES,1. YES,1. YES,2. NO,2. NO,1. YES,2. NO,3,3,3,2. NO,,,,,,,,,,,,,,,,,,,,,,,,
6. South West,29. Osun,2929. OSHOGBO,1. URBAN,1300,290032,1,1. YES,1. YES,1. YES,1. YES,1. YES,1. YES,1. YES,2. NO,2. NO,1. YES,2,,,1. YES,1,0,0,0,0,0,0,0,0,0,0,0,0,0,0,0,0,0,0,0,5. FOOD IN THE MARKET WAS VERY EXPENSIVE,12. LACK OF MONEY,,
6. South West,29. Osun,2929. OSHOGBO,1. URBAN,1300,290034,10,2. NO,2. NO,2. NO,1. YES,1. YES,2. NO,2. NO,2. NO,2. NO,2. NO,2,2,,2. NO,,,,,,,,,,,,,,,,,,,,,,,,
6. South West,29. Osun,2929. OSHOGBO,1. URBAN,1300,290036,2,1. YES,1. YES,2. NO,2. NO,1. YES,2. NO,2. NO,2. NO,2. NO,2. NO,2,3,3,1. YES,1,0,0,0,0,0,0,0,0,0,0,0,0,0,0,0,0,0,0,0,12. LACK OF MONEY,,,
6. South West,29. Osun,2929. OSHOGBO,1. URBAN,1300,290037,2,2. NO,1. YES,1. YES,1. YES,1. YES,2. NO,1. YES,2. NO,1. YES,1. YES,2,3,2,2. NO,,,,,,,,,,,,,,,,,,,,,,,,
6. South West,29. Osun,2929. OSHOGBO,1. URBAN,1300,290038,2,1. YES,1. YES,1. YES,1. YES,1. YES,1. YES,2. NO,2. NO,1. YES,2. NO,3,,,1. YES,1,0,0,0,0,0,0,0,0,0,0,0,0,0,0,0,0,0,0,0,12. LACK OF MONEY,,,
6. South West,29. Osun,2929. OSHOGBO,1. URBAN,1300,290039,1,1. YES,1. YES,1. YES,1. YES,2. NO,2. NO,1. YES,2. NO,2. NO,2. NO,2,2,2,2. NO,,,,,,,,,,,,,,,,,,,,,,,,
6. South West,29. Osun,2929. OSHOGBO,1. URBAN,1300,290040,1,2. NO,2. NO,2. NO,2. NO,2. NO,2. NO,2. NO,2. NO,2. NO,2. NO,3,3,,2. NO,,,,,,,,,,,,,,,,,,,,,,,,
6. South West,29. Osun,2908. EGBEDORE,2. RURAL,220,290042,1,1. YES,1. YES,2. NO,1. YES,1. YES,1. YES,1. YES,1. YES,1. YES,1. YES,3,,,1. YES,0,0,0,0,0,0,1,0,0,0,0,0,0,1,0,0,0,0,0,0,5. FOOD IN THE MARKET WAS VERY EXPENSIVE,12. LACK OF MONEY,,
6. South West,29. Osun,2908. EGBEDORE,2. RURAL,220,290043,1,1. YES,1. YES,1. YES,1. YES,1. YES,2. NO,1. YES,2. NO,1. YES,2. NO,2,3,2,2. NO,,,,,,,,,,,,,,,,,,,,,,,,
6. South West,29. Osun,2908. EGBEDORE,2. RURAL,220,290045,2,1. YES,1. YES,1. YES,1. YES,1. YES,1. YES,2. NO,2. NO,1. YES,2. NO,3,3,,1. YES,1,0,0,0,0,0,0,0,0,0,0,0,0,0,0,0,0,0,0,0,12. LACK OF MONEY,,,
6. South West,29. Osun,2908. EGBEDORE,2. RURAL,220,290046,1,1. YES,1. YES,1. YES,1. YES,1. YES,1. YES,1. YES,2. NO,1. YES,1. YES,2,3,,1. YES,1,0,0,0,0,0,0,0,0,0,0,0,0,0,0,0,0,0,0,0,12. LACK OF MONEY,3. INADEQUATE HOUSEHOLD FOOD STOCKS DUE TO SMALL LAND SIZE,,
6. South West,29. Osun,2908. EGBEDORE,2. RURAL,220,290047,7,2. NO,2. NO,2. NO,2. NO,2. NO,2. NO,2. NO,2. NO,2. NO,2. NO,3,3,,2. NO,,,,,,,,,,,,,,,,,,,,,,,,
6. South West,29. Osun,2908. EGBEDORE,2. RURAL,220,290048,101,2. NO,2. NO,2. NO,2. NO,2. NO,2. NO,2. NO,2. NO,2. NO,2. NO,3,3,,2. NO,,,,,,,,,,,,,,,,,,,,,,,,
6. South West,29. Osun,2908. EGBEDORE,2. RURAL,220,290049,9,1. YES,1. YES,1. YES,1. YES,1. YES,1. YES,2. NO,2. NO,1. YES,2. NO,3,3,,1. YES,1,0,0,0,0,0,0,0,0,0,0,0,0,0,0,0,0,0,0,0,12. LACK OF MONEY,,,
6. South West,29. Osun,2911. IFE EAST,2. RURAL,0,290050,1,2. NO,2. NO,2. NO,2. NO,2. NO,2. NO,2. NO,2. NO,2. NO,2. NO,3,,,2. NO,,,,,,,,,,,,,,,,,,,,,,,,
6. South West,29. Osun,2905. BORIPE,1. URBAN,1096,290072,1,1. YES,1. YES,1. YES,1. YES,1. YES,1. YES,1. YES,2. NO,2. NO,2. NO,2,,,2. NO,,,,,,,,,,,,,,,,,,,,,,,,
6. South West,29. Osun,2905. BORIPE,1. URBAN,1096,290073,3,1. YES,1. YES,1. YES,1. YES,1. YES,1. YES,1. YES,2. NO,1. YES,2. NO,2,,,2. NO,,,,,,,,,,,,,,,,,,,,,,,,
6. South West,28. Ondo,2806. AKURE SOUTH,1. URBAN,0,290075,2,2. NO,2. NO,2. NO,2. NO,2. NO,2. NO,2. NO,2. NO,2. NO,2. NO,3,3,4,2. NO,,,,,,,,,,,,,,,,,,,,,,,,
6. South West,29. Osun,2905. BORIPE,1. URBAN,1096,290078,1,2. NO,2. NO,2. NO,2. NO,2. NO,2. NO,2. NO,2. NO,2. NO,2. NO,3,,,2. NO,,,,,,,,,,,,,,,,,,,,,,,,
6. South West,29. Osun,2905. BORIPE,1. URBAN,1096,290080,2,1. YES,1. YES,1. YES,1. YES,1. YES,1. YES,2. NO,2. NO,1. YES,2. NO,3,3,3,1. YES,1,0,0,0,0,0,0,0,0,0,0,0,0,0,0,0,0,0,0,0,12. LACK OF MONEY,4. INADEQUATE HOUSEHOLD FOOD STOCKS DUE TO LACK OF FARM INPUTS,,
6. South West,29. Osun,2910. IFE CENTRAL,1. URBAN,350,290081,1,2. NO,2. NO,2. NO,2. NO,2. NO,2. NO,2. NO,2. NO,2. NO,2. NO,3,3,,2. NO,,,,,,,,,,,,,,,,,,,,,,,,
6. South West,29. Osun,2910. IFE CENTRAL,1. URBAN,350,290082,2,1. YES,1. YES,1. YES,1. YES,1. YES,1. YES,1. YES,2. NO,1. YES,2. NO,2,,,1. YES,1,0,0,0,0,0,0,0,0,0,0,0,0,0,0,0,0,0,0,0,12. LACK OF MONEY,,,
6. South West,29. Osun,2910. IFE CENTRAL,1. URBAN,350,290083,2,2. NO,2. NO,2. NO,2. NO,2. NO,2. NO,2. NO,2. NO,2. NO,2. NO,3,,,2. NO,,,,,,,,,,,,,,,,,,,,,,,,
6. South West,29. Osun,2910. IFE CENTRAL,1. URBAN,350,290084,1,2. NO,2. NO,2. NO,2. NO,2. NO,2. NO,2. NO,2. NO,2. NO,2. NO,3,3,,2. NO,,,,,,,,,,,,,,,,,,,,,,,,
6. South West,29. Osun,2910. IFE CENTRAL,1. URBAN,350,290085,1,1. YES,1. YES,1. YES,1. YES,1. YES,2. NO,2. NO,2. NO,2. NO,2. NO,2,,,2. NO,,,,,,,,,,,,,,,,,,,,,,,,
6. South West,29. Osun,2911. IFE EAST,1. URBAN,0,290086,5101,1. YES,1. YES,1. YES,1. YES,1. YES,1. YES,2. NO,2. NO,2. NO,2. NO,2,,,1. YES,0,0,0,0,0,0,0,0,0,0,1,1,1,1,1,0,0,0,0,0,5. FOOD IN THE MARKET WAS VERY EXPENSIVE,12. LACK OF MONEY,13. LACK OF ACCESS TO MONEY AT THE BANK DUE TO NAIRA REDESIGN,
6. South West,29. Osun,2910. IFE CENTRAL,1. URBAN,350,290087,1,1. YES,1. YES,1. YES,1. YES,1. YES,1. YES,2. NO,2. NO,2. NO,2. NO,2,,,1. YES,1,0,0,0,0,0,0,0,0,0,0,0,0,0,0,0,0,0,0,0,12. LACK OF MONEY,,,
6. South West,29. Osun,2907. EDE SOUTH,1. URBAN,0,290088,2,1. YES,1. YES,1. YES,1. YES,2. NO,2. NO,2. NO,2. NO,2. NO,2. NO,2,,,2. NO,,,,,,,,,,,,,,,,,,,,,,,,
6. South West,29. Osun,2910. IFE CENTRAL,1. URBAN,350,290090,1,2. NO,2. NO,2. NO,2. NO,2. NO,2. NO,2. NO,2. NO,2. NO,2. NO,3,,,2. NO,,,,,,,,,,,,,,,,,,,,,,,,
6. South West,29. Osun,2920. IREWOLE,2. RURAL,1628,290171,1,2. NO,2. NO,2. NO,2. NO,2. NO,2. NO,2. NO,2. NO,2. NO,2. NO,3,,,2. NO,,,,,,,,,,,,,,,,,,,,,,,,
6. South West,29. Osun,2920. IREWOLE,2. RURAL,1628,290172,1,2. NO,2. NO,2. NO,2. NO,2. NO,2. NO,1. YES,2. NO,2. NO,2. NO,3,3,3,2. NO,,,,,,,,,,,,,,,,,,,,,,,,
6. South West,29. Osun,2920. IREWOLE,2. RURAL,1628,290173,2,1. YES,1. YES,1. YES,2. NO,1. YES,2. NO,2. NO,2. NO,2. NO,2. NO,3,3,,1. YES,1,0,0,0,0,0,0,0,0,0,0,0,0,0,0,0,0,0,0,0,1. INADEQUATE HOUSEHOLD FOOD STOCKS DUE TO DROUGHT/ POOR RAINS,2. INADEQUATE HOUSEHOLD FOOD STOCKS DUE TO CROP PEST DAMAGE,12. LACK OF MONEY,
6. South West,29. Osun,2920. IREWOLE,2. RURAL,1628,290176,2,1. YES,1. YES,1. YES,1. YES,1. YES,1. YES,2. NO,2. NO,2. NO,2. NO,3,,,1. YES,1,0,0,0,0,0,0,0,0,0,0,0,0,0,0,0,0,0,0,0,1. INADEQUATE HOUSEHOLD FOOD STOCKS DUE TO DROUGHT/ POOR RAINS,12. LACK OF MONEY,,
6. South West,29. Osun,2920. IREWOLE,2. RURAL,1628,290177,1,2. NO,2. NO,2. NO,2. NO,2. NO,2. NO,2. NO,2. NO,2. NO,2. NO,2,3,2,2. NO,,,,,,,,,,,,,,,,,,,,,,,,
6. South West,29. Osun,2920. IREWOLE,2. RURAL,1628,290178,1,1. YES,1. YES,1. YES,2. NO,1. YES,2. NO,2. NO,2. NO,2. NO,2. NO,2,3,2,2. NO,,,,,,,,,,,,,,,,,,,,,,,,
6. South West,29. Osun,2920. IREWOLE,2. RURAL,1628,290179,1,2. NO,2. NO,2. NO,2. NO,2. NO,2. NO,2. NO,2. NO,2. NO,2. NO,3,3,3,2. NO,,,,,,,,,,,,,,,,,,,,,,,,
6. South West,29. Osun,2920. IREWOLE,2. RURAL,1628,290180,1,2. NO,2. NO,2. NO,2. NO,2. NO,2. NO,2. NO,2. NO,2. NO,2. NO,3,,,2. NO,,,,,,,,,,,,,,,,,,,,,,,,
6. South West,29. Osun,2915. IFELODUN (OSUN),1. URBAN,622,299001,2,1. YES,1. YES,1. YES,1. YES,1. YES,1. YES,1. YES,1. YES,1. YES,1. YES,2,2,,1. YES,1,0,0,0,0,0,0,0,0,0,0,0,0,0,0,0,0,0,0,0,1. INADEQUATE HOUSEHOLD FOOD STOCKS DUE TO DROUGHT/ POOR RAINS,4. INADEQUATE HOUSEHOLD FOOD STOCKS DUE TO LACK OF FARM INPUTS,5. FOOD IN THE MARKET WAS VERY EXPENSIVE,
6. South West,29. Osun,2915. IFELODUN (OSUN),1. URBAN,622,299004,2,1. YES,1. YES,1. YES,1. YES,1. YES,1. YES,1. YES,1. YES,1. YES,1. YES,2,2,,1. YES,1,0,0,0,0,0,0,0,0,0,0,0,0,0,0,0,0,0,0,0,12. LACK OF MONEY,3. INADEQUATE HOUSEHOLD FOOD STOCKS DUE TO SMALL LAND SIZE,,
6. South West,29. Osun,2915. IFELODUN (OSUN),1. URBAN,622,299005,1,1. YES,1. YES,1. YES,1. YES,1. YES,1. YES,1. YES,2. NO,1. YES,2. NO,3,3,,1. YES,0,0,0,0,1,1,1,1,0,1,1,1,0,0,0,0,0,0,0,0,12. LACK OF MONEY,,,
6. South West,29. Osun,2915. IFELODUN (OSUN),1. URBAN,622,299006,1,2. NO,2. NO,1. YES,1. YES,2. NO,2. NO,2. NO,2. NO,2. NO,2. NO,3,3,,2. NO,,,,,,,,,,,,,,,,,,,,,,,,
6. South West,29. Osun,2915. IFELODUN (OSUN),1. URBAN,622,299007,1,2. NO,2. NO,2. NO,2. NO,2. NO,2. NO,2. NO,2. NO,2. NO,2. NO,3,3,,2. NO,,,,,,,,,,,,,,,,,,,,,,,,
6. South West,29. Osun,2915. IFELODUN (OSUN),1. URBAN,622,299008,2,2. NO,2. NO,2. NO,2. NO,2. NO,2. NO,2. NO,2. NO,2. NO,2. NO,3,,,2. NO,,,,,,,,,,,,,,,,,,,,,,,,
6. South West,29. Osun,2915. IFELODUN (OSUN),1. URBAN,622,299009,1301,2. NO,2. NO,2. NO,2. NO,2. NO,2. NO,2. NO,2. NO,2. NO,2. NO,3,5,6,2. NO,,,,,,,,,,,,,,,,,,,,,,,,
6. South West,29. Osun,2915. IFELODUN (OSUN),1. URBAN,622,299010,1,2. NO,2. NO,2. NO,2. NO,2. NO,2. NO,2. NO,2. NO,2. NO,2. NO,3,,,2. NO,,,,,,,,,,,,,,,,,,,,,,,,
6. South West,29. Osun,2915. IFELODUN (OSUN),1. URBAN,622,299011,401,1. YES,1. YES,1. YES,1. YES,1. YES,2. NO,2. NO,2. NO,1. YES,2. NO,3,3,,1. YES,0,0,0,0,0,0,0,0,0,1,1,0,0,0,0,0,0,0,0,0,12. LACK OF MONEY,,,
6. South West,29. Osun,2915. IFELODUN (OSUN),1. URBAN,622,299012,1,2. NO,2. NO,2. NO,2. NO,2. NO,2. NO,2. NO,2. NO,2. NO,2. NO,3,3,5,2. NO,,,,,,,,,,,,,,,,,,,,,,,,
6. South West,29. Osun,2918. ILESHA WEST,1. URBAN,454,299013,1,1. YES,1. YES,1. YES,2. NO,1. YES,2. NO,2. NO,2. NO,2. NO,2. NO,3,,3,2. NO,,,,,,,,,,,,,,,,,,,,,,,,
6. South West,29. Osun,2918. ILESHA WEST,1. URBAN,454,299014,1,1. YES,1. YES,1. YES,1. YES,1. YES,1. YES,2. NO,2. NO,1. YES,2. NO,3,3,,1. YES,1,0,0,0,0,0,0,0,0,0,0,0,0,0,0,0,0,0,0,0,1. INADEQUATE HOUSEHOLD FOOD STOCKS DUE TO DROUGHT/ POOR RAINS,12. LACK OF MONEY,,
6. South West,29. Osun,2918. ILESHA WEST,1. URBAN,454,299015,2,1. YES,1. YES,1. YES,1. YES,1. YES,1. YES,2. NO,2. NO,1. YES,2. NO,3,3,,1. YES,1,0,0,0,0,0,0,0,0,0,0,0,0,0,0,0,0,0,0,0,12. LACK OF MONEY,,,
6. South West,29. Osun,2918. ILESHA WEST,1. URBAN,454,299018,1,2. NO,2. NO,2. NO,2. NO,2. NO,2. NO,2. NO,2. NO,2. NO,2. NO,3,3,,2. NO,,,,,,,,,,,,,,,,,,,,,,,,
6. South West,29. Osun,2918. ILESHA WEST,1. URBAN,454,299020,1,2. NO,2. NO,2. NO,2. NO,2. NO,2. NO,2. NO,2. NO,2. NO,2. NO,3,,,2. NO,,,,,,,,,,,,,,,,,,,,,,,,
6. South West,29. Osun,2918. ILESHA WEST,1. URBAN,454,299022,4,1. YES,1. YES,1. YES,1. YES,1. YES,1. YES,1. YES,2. NO,1. YES,1. YES,3,3,,1. YES,0,0,0,0,1,0,1,0,0,1,0,0,0,0,0,0,0,0,0,0,5. FOOD IN THE MARKET WAS VERY EXPENSIVE,12. LACK OF MONEY,,
6. South West,29. Osun,2928. OROLU,1. URBAN,322,299025,1,2. NO,2. NO,2. NO,2. NO,2. NO,2. NO,2. NO,2. NO,2. NO,2. NO,2,,,2. NO,,,,,,,,,,,,,,,,,,,,,,,,
6. South West,29. Osun,2928. OROLU,1. URBAN,322,299027,1,1. YES,2. NO,1. YES,1. YES,1. YES,1. YES,2. NO,2. NO,2. NO,2. NO,3,3,,2. NO,,,,,,,,,,,,,,,,,,,,,,,,
6. South West,29. Osun,2928. OROLU,1. URBAN,322,299028,1,1. YES,1. YES,1. YES,1. YES,1. YES,1. YES,1. YES,2. NO,2. NO,2. NO,2,2,,2. NO,,,,,,,,,,,,,,,,,,,,,,,,
6. South West,29. Osun,2928. OROLU,1. URBAN,322,299029,1,1. YES,1. YES,1. YES,1. YES,1. YES,1. YES,1. YES,2. NO,1. YES,1. YES,3,3,3,1. YES,0,0,0,0,0,0,0,0,1,0,1,0,1,0,0,0,0,0,0,0,5. FOOD IN THE MARKET WAS VERY EXPENSIVE,1. INADEQUATE HOUSEHOLD FOOD STOCKS DUE TO DROUGHT/ POOR RAINS,,
6. South West,29. Osun,2928. OROLU,1. URBAN,322,299030,101,1. YES,1. YES,1. YES,1. YES,1. YES,2. NO,2. NO,2. NO,1. YES,2. NO,3,3,6,1. YES,0,0,0,0,0,0,0,1,1,1,1,1,1,1,1,0,0,0,0,0,12. LACK OF MONEY,,,
6. South West,29. Osun,2928. OROLU,1. URBAN,322,299032,1,2. NO,2. NO,2. NO,2. NO,2. NO,2. NO,2. NO,2. NO,2. NO,2. NO,3,,,2. NO,,,,,,,,,,,,,,,,,,,,,,,,
6. South West,29. Osun,2928. OROLU,1. URBAN,322,299033,1,2. NO,2. NO,2. NO,2. NO,2. NO,2. NO,2. NO,2. NO,2. NO,2. NO,3,3,,2. NO,,,,,,,,,,,,,,,,,,,,,,,,
6. South West,29. Osun,2928. OROLU,1. URBAN,322,299034,1302,2. NO,1. YES,1. YES,2. NO,2. NO,2. NO,2. NO,2. NO,2. NO,2. NO,2,,,1. YES,0,0,0,0,0,0,1,0,0,0,0,1,1,1,0,0,0,0,0,0,12. LACK OF MONEY,13. LACK OF ACCESS TO MONEY AT THE BANK DUE TO NAIRA REDESIGN,,
6. South West,29. Osun,2928. OROLU,1. URBAN,322,299035,1,2. NO,2. NO,2. NO,2. NO,2. NO,2. NO,2. NO,2. NO,2. NO,2. NO,3,3,,2. NO,,,,,,,,,,,,,,,,,,,,,,,,
6. South West,29. Osun,2928. OROLU,1. URBAN,322,299036,1,1. YES,1. YES,1. YES,1. YES,1. YES,2. NO,2. NO,2. NO,1. YES,2. NO,3,,3,1. YES,0,0,0,0,0,0,0,0,0,0,0,1,1,1,0,0,0,0,0,0,5. FOOD IN THE MARKET WAS VERY EXPENSIVE,6. UNABLE TO REACH THE MARKET DUE TO HIGH TRANSPORTATION COSTS,12. LACK OF MONEY,
6. South West,30. Oyo,3007. IBADAN NORTH EAST,1. URBAN,1624,300011,2,1. YES,1. YES,1. YES,1. YES,1. YES,1. YES,1. YES,1. YES,1. YES,1. YES,2,,,1. YES,1,0,0,0,0,0,0,0,0,0,0,0,0,0,0,0,0,0,0,0,12. LACK OF MONEY,,,
6. South West,30. Oyo,3007. IBADAN NORTH EAST,1. URBAN,1624,300012,1,2. NO,2. NO,2. NO,2. NO,2. NO,2. NO,2. NO,2. NO,2. NO,2. NO,3,,,2. NO,,,,,,,,,,,,,,,,,,,,,,,,
6. South West,30. Oyo,3020. LAGELU,1. URBAN,0,300014,2,2. NO,2. NO,2. NO,2. NO,2. NO,2. NO,2. NO,2. NO,2. NO,2. NO,3,3,,2. NO,,,,,,,,,,,,,,,,,,,,,,,,
6. South West,30. Oyo,3007. IBADAN NORTH EAST,1. URBAN,1624,300016,2,1. YES,1. YES,1. YES,1. YES,1. YES,1. YES,1. YES,2. NO,1. YES,2. NO,2,3,,1. YES,0,0,0,0,0,0,0,0,0,1,1,1,0,0,0,0,0,0,0,0,12. LACK OF MONEY,,,
6. South West,30. Oyo,3007. IBADAN NORTH EAST,1. URBAN,1624,300017,2,2. NO,1. YES,2. NO,1. YES,1. YES,1. YES,1. YES,2. NO,1. YES,2. NO,2,,,1. YES,0,0,0,0,0,0,1,0,0,0,1,0,0,1,1,0,0,0,0,0,5. FOOD IN THE MARKET WAS VERY EXPENSIVE,12. LACK OF MONEY,,
6. South West,30. Oyo,3007. IBADAN NORTH EAST,1. URBAN,1624,300018,2,2. NO,2. NO,2. NO,2. NO,2. NO,2. NO,2. NO,2. NO,2. NO,2. NO,3,,,2. NO,,,,,,,,,,,,,,,,,,,,,,,,
6. South West,30. Oyo,3025. OLUYOLE,1. URBAN,0,300019,1,2. NO,2. NO,2. NO,2. NO,2. NO,2. NO,2. NO,2. NO,2. NO,2. NO,4,,,2. NO,,,,,,,,,,,,,,,,,,,,,,,,
6. South West,30. Oyo,3007. IBADAN NORTH EAST,1. URBAN,0,300020,1,2. NO,2. NO,2. NO,2. NO,2. NO,2. NO,2. NO,2. NO,2. NO,2. NO,3,,4,1. YES,0,0,0,0,0,0,0,0,0,0,1,0,0,0,0,0,0,0,0,0,13. LACK OF ACCESS TO MONEY AT THE BANK DUE TO NAIRA REDESIGN,,,
6. South West,30. Oyo,3012. IBARAPA EAST,2. RURAL,334,300036,2,1. YES,1. YES,1. YES,2. NO,1. YES,2. NO,2. NO,2. NO,1. YES,2. NO,3,4,4,2. NO,,,,,,,,,,,,,,,,,,,,,,,,
6. South West,30. Oyo,3012. IBARAPA EAST,2. RURAL,334,300037,5,2. NO,2. NO,2. NO,2. NO,2. NO,2. NO,2. NO,2. NO,2. NO,2. NO,3,3,3,2. NO,,,,,,,,,,,,,,,,,,,,,,,,
6. South West,30. Oyo,3012. IBARAPA EAST,2. RURAL,0,300038,1,2. NO,2. NO,2. NO,2. NO,2. NO,2. NO,2. NO,2. NO,2. NO,2. NO,2,,,2. NO,,,,,,,,,,,,,,,,,,,,,,,,
6. South West,30. Oyo,3012. IBARAPA EAST,1. URBAN,0,300040,1,2. NO,2. NO,2. NO,2. NO,2. NO,2. NO,2. NO,2. NO,2. NO,2. NO,3,3,,2. NO,,,,,,,,,,,,,,,,,,,,,,,,
6. South West,30. Oyo,3005. EGBEDA,1. URBAN,2942,300091,5102,2. NO,2. NO,2. NO,2. NO,2. NO,2. NO,2. NO,2. NO,2. NO,2. NO,2,,,2. NO,,,,,,,,,,,,,,,,,,,,,,,,
6. South West,30. Oyo,3005. EGBEDA,1. URBAN,2942,300092,2,2. NO,2. NO,2. NO,2. NO,2. NO,2. NO,2. NO,2. NO,2. NO,2. NO,3,,,2. NO,,,,,,,,,,,,,,,,,,,,,,,,
6. South West,30. Oyo,3005. EGBEDA,1. URBAN,2942,300094,2,1. YES,1. YES,1. YES,1. YES,1. YES,1. YES,1. YES,1. YES,1. YES,2. NO,2,3,,2. NO,,,,,,,,,,,,,,,,,,,,,,,,
6. South West,30. Oyo,3005. EGBEDA,1. URBAN,0,300095,1,1. YES,1. YES,1. YES,1. YES,1. YES,1. YES,1. YES,1. YES,1. YES,1. YES,2,,2,1. YES,0,0,0,0,0,0,0,0,0,1,1,0,0,0,0,0,0,0,0,0,12. LACK OF MONEY,,,
6. South West,30. Oyo,3005. EGBEDA,1. URBAN,2942,300096,2,2. NO,2. NO,2. NO,2. NO,2. NO,2. NO,2. NO,2. NO,2. NO,2. NO,3,,,2. NO,,,,,,,,,,,,,,,,,,,,,,,,
6. South West,30. Oyo,3005. EGBEDA,1. URBAN,2942,300097,5101,1. YES,1. YES,1. YES,1. YES,1. YES,1. YES,1. YES,1. YES,1. YES,1. YES,2,3,,1. YES,1,0,0,0,0,0,0,0,0,0,0,0,0,0,0,0,0,0,0,0,12. LACK OF MONEY,,,
6. South West,30. Oyo,3005. EGBEDA,1. URBAN,2942,300098,2,1. YES,1. YES,1. YES,1. YES,1. YES,2. NO,2. NO,2. NO,2. NO,2. NO,2,,,2. NO,,,,,,,,,,,,,,,,,,,,,,,,
6. South West,30. Oyo,3005. EGBEDA,1. URBAN,0,300099,2,2. NO,2. NO,2. NO,2. NO,2. NO,2. NO,2. NO,2. NO,2. NO,2. NO,3,3,,2. NO,,,,,,,,,,,,,,,,,,,,,,,,
6. South West,30. Oyo,3005. EGBEDA,1. URBAN,2942,300100,2,2. NO,2. NO,2. NO,2. NO,2. NO,2. NO,2. NO,2. NO,2. NO,2. NO,3,,,2. NO,,,,,,,,,,,,,,,,,,,,,,,,
6. South West,30. Oyo,3002. AKINYELE,1. URBAN,1310,300131,1,2. NO,2. NO,2. NO,2. NO,2. NO,2. NO,2. NO,2. NO,2. NO,2. NO,3,,,2. NO,,,,,,,,,,,,,,,,,,,,,,,,
6. South West,30. Oyo,3002. AKINYELE,1. URBAN,1310,300135,2,1. YES,1. YES,1. YES,1. YES,1. YES,1. YES,1. YES,1. YES,1. YES,1. YES,2,,,1. YES,1,0,0,0,0,0,0,0,0,0,0,0,0,0,0,0,0,0,0,0,12. LACK OF MONEY,5. FOOD IN THE MARKET WAS VERY EXPENSIVE,,
6. South West,30. Oyo,3002. AKINYELE,2. RURAL,0,300136,1,1. YES,1. YES,1. YES,1. YES,1. YES,2. NO,2. NO,2. NO,2. NO,1. YES,3,3,4,1. YES,0,0,0,0,0,0,0,0,0,0,0,0,0,1,1,0,0,0,0,0,5. FOOD IN THE MARKET WAS VERY EXPENSIVE,12. LACK OF MONEY,,
6. South West,30. Oyo,3002. AKINYELE,1. URBAN,1310,300137,2,2. NO,2. NO,2. NO,2. NO,2. NO,2. NO,2. NO,2. NO,2. NO,2. NO,3,,,2. NO,,,,,,,,,,,,,,,,,,,,,,,,
6. South West,30. Oyo,3002. AKINYELE,1. URBAN,1310,300138,1,1. YES,2. NO,1. YES,1. YES,1. YES,2. NO,2. NO,2. NO,2. NO,2. NO,2,,4,1. YES,0,0,0,0,0,0,0,0,1,1,0,0,0,0,0,0,0,0,0,0,12. LACK OF MONEY,,,
6. South West,30. Oyo,3002. AKINYELE,1. URBAN,0,300139,2,2. NO,2. NO,2. NO,1. YES,2. NO,2. NO,2. NO,2. NO,2. NO,2. NO,3,5,2,2. NO,,,,,,,,,,,,,,,,,,,,,,,,
6. South West,30. Oyo,3021. OGBOMOSHO NORTH,1. URBAN,0,300140,1,1. YES,1. YES,1. YES,1. YES,1. YES,1. YES,1. YES,2. NO,2. NO,1. YES,3,,,2. NO,,,,,,,,,,,,,,,,,,,,,,,,
6. South West,30. Oyo,3002. AKINYELE,1. URBAN,1264,300141,1,1. YES,1. YES,1. YES,1. YES,1. YES,1. YES,1. YES,1. YES,1. YES,1. YES,3,5,,1. YES,1,0,0,0,0,0,0,0,0,0,0,0,0,0,0,0,0,0,0,0,12. LACK OF MONEY,,,
6. South West,30. Oyo,3002. AKINYELE,1. URBAN,0,300142,2,2. NO,2. NO,2. NO,2. NO,2. NO,2. NO,2. NO,2. NO,2. NO,2. NO,3,,,2. NO,,,,,,,,,,,,,,,,,,,,,,,,
6. South West,30. Oyo,3002. AKINYELE,1. URBAN,1264,300143,1,1. YES,1. YES,1. YES,1. YES,1. YES,1. YES,1. YES,1. YES,1. YES,1. YES,3,2,,1. YES,1,0,0,0,0,0,0,0,0,0,0,0,0,0,0,0,0,0,0,0,12. LACK OF MONEY,,,
6. South West,30. Oyo,3002. AKINYELE,1. URBAN,0,300145,1,1. YES,1. YES,1. YES,1. YES,1. YES,1. YES,1. YES,1. YES,2. NO,1. YES,2,,,1. YES,1,0,0,0,0,0,0,0,0,0,0,0,0,0,0,0,0,0,0,0,12. LACK OF MONEY,,,
6. South West,30. Oyo,3002. AKINYELE,1. URBAN,1264,300146,2,2. NO,2. NO,2. NO,2. NO,2. NO,2. NO,2. NO,2. NO,2. NO,2. NO,3,3,,2. NO,,,,,,,,,,,,,,,,,,,,,,,,
6. South West,30. Oyo,3002. AKINYELE,1. URBAN,0,300147,2,1. YES,1. YES,1. YES,1. YES,1. YES,2. NO,2. NO,2. NO,1. YES,2. NO,2,2,,2. NO,,,,,,,,,,,,,,,,,,,,,,,,
6. South West,30. Oyo,3002. AKINYELE,1. URBAN,1264,300148,3,1. YES,1. YES,1. YES,1. YES,1. YES,1. YES,1. YES,2. NO,2. NO,2. NO,2,,,1. YES,0,0,0,0,0,0,0,0,0,0,1,1,0,0,0,0,0,0,0,0,12. LACK OF MONEY,,,
6. South West,30. Oyo,3002. AKINYELE,1. URBAN,1264,300149,1,2. NO,2. NO,2. NO,2. NO,2. NO,2. NO,2. NO,2. NO,2. NO,2. NO,3,3,3,2. NO,,,,,,,,,,,,,,,,,,,,,,,,
6. South West,30. Oyo,3023. OGO OLUWA,2. RURAL,622,300171,1,1. YES,1. YES,1. YES,1. YES,1. YES,1. YES,1. YES,1. YES,2. NO,2. NO,2,,,2. NO,,,,,,,,,,,,,,,,,,,,,,,,
6. South West,30. Oyo,3023. OGO OLUWA,2. RURAL,622,300172,3,1. YES,1. YES,1. YES,2. NO,2. NO,2. NO,1. YES,2. NO,1. YES,2. NO,3,4,4,2. NO,,,,,,,,,,,,,,,,,,,,,,,,
6. South West,30. Oyo,3023. OGO OLUWA,2. RURAL,622,300173,1,2. NO,2. NO,2. NO,2. NO,2. NO,2. NO,2. NO,2. NO,2. NO,2. NO,3,,,2. NO,,,,,,,,,,,,,,,,,,,,,,,,
6. South West,30. Oyo,3023. OGO OLUWA,2. RURAL,622,300175,3,1. YES,1. YES,1. YES,1. YES,1. YES,1. YES,1. YES,2. NO,1. YES,1. YES,3,,,1. YES,1,0,0,0,0,0,0,0,0,0,0,0,0,0,0,0,0,0,0,0,1. INADEQUATE HOUSEHOLD FOOD STOCKS DUE TO DROUGHT/ POOR RAINS,12. LACK OF MONEY,,
6. South West,30. Oyo,3023. OGO OLUWA,2. RURAL,622,300176,1,2. NO,2. NO,2. NO,2. NO,2. NO,2. NO,2. NO,2. NO,2. NO,2. NO,3,3,,2. NO,,,,,,,,,,,,,,,,,,,,,,,,
6. South West,30. Oyo,3030. OYO WEST,2. RURAL,0,300177,1,2. NO,2. NO,1. YES,2. NO,1. YES,2. NO,2. NO,2. NO,2. NO,2. NO,3,,,2. NO,,,,,,,,,,,,,,,,,,,,,,,,
6. South West,30. Oyo,3023. OGO OLUWA,2. RURAL,622,300178,1,2. NO,2. NO,2. NO,2. NO,2. NO,2. NO,2. NO,2. NO,2. NO,2. NO,3,,,2. NO,,,,,,,,,,,,,,,,,,,,,,,,
6. South West,30. Oyo,3023. OGO OLUWA,2. RURAL,622,300180,1,1. YES,1. YES,1. YES,1. YES,1. YES,1. YES,1. YES,2. NO,1. YES,2. NO,2,3,4,2. NO,,,,,,,,,,,,,,,,,,,,,,,,
6. South West,30. Oyo,3005. EGBEDA,1. URBAN,3648,309001,1,2. NO,2. NO,2. NO,2. NO,2. NO,2. NO,2. NO,2. NO,2. NO,2. NO,3,,,2. NO,,,,,,,,,,,,,,,,,,,,,,,,
6. South West,30. Oyo,3005. EGBEDA,1. URBAN,0,309002,5101,1. YES,1. YES,1. YES,2. NO,1. YES,1. YES,1. YES,2. NO,2. NO,2. NO,2,4,4,2. NO,,,,,,,,,,,,,,,,,,,,,,,,
6. South West,30. Oyo,3005. EGBEDA,1. URBAN,3648,309003,1,2. NO,1. YES,2. NO,2. NO,2. NO,2. NO,2. NO,2. NO,2. NO,2. NO,2,,,2. NO,,,,,,,,,,,,,,,,,,,,,,,,
6. South West,30. Oyo,3005. EGBEDA,1. URBAN,3648,309005,1,1. YES,1. YES,1. YES,1. YES,1. YES,2. NO,1. YES,2. NO,1. YES,2. NO,2,3,,2. NO,,,,,,,,,,,,,,,,,,,,,,,,
6. South West,30. Oyo,3005. EGBEDA,1. URBAN,3648,309006,2,1. YES,1. YES,1. YES,1. YES,1. YES,1. YES,1. YES,1. YES,1. YES,1. YES,2,4,,1. YES,1,0,0,0,0,0,0,0,0,0,0,0,0,0,0,0,0,0,0,0,5. FOOD IN THE MARKET WAS VERY EXPENSIVE,,,
6. South West,30. Oyo,3005. EGBEDA,1. URBAN,3648,309007,2,2. NO,2. NO,2. NO,2. NO,2. NO,2. NO,2. NO,2. NO,1. YES,2. NO,3,3,,2. NO,,,,,,,,,,,,,,,,,,,,,,,,
6. South West,30. Oyo,3005. EGBEDA,1. URBAN,3648,309008,2,1. YES,1. YES,1. YES,1. YES,1. YES,1. YES,1. YES,1. YES,1. YES,2. NO,2,3,,1. YES,1,0,0,0,0,0,0,0,0,0,0,0,0,0,0,0,0,0,0,0,5. FOOD IN THE MARKET WAS VERY EXPENSIVE,12. LACK OF MONEY,,
6. South West,30. Oyo,3005. EGBEDA,1. URBAN,3648,309009,101,2. NO,2. NO,2. NO,2. NO,2. NO,2. NO,2. NO,2. NO,2. NO,2. NO,3,3,3,2. NO,,,,,,,,,,,,,,,,,,,,,,,,
6. South West,30. Oyo,3005. EGBEDA,1. URBAN,3648,309010,2,2. NO,2. NO,2. NO,2. NO,2. NO,2. NO,2. NO,2. NO,2. NO,2. NO,3,3,,2. NO,,,,,,,,,,,,,,,,,,,,,,,,
6. South West,30. Oyo,3006. IBADAN NORTH,1. URBAN,520,309014,2,1. YES,1. YES,1. YES,1. YES,1. YES,1. YES,1. YES,2. NO,1. YES,1. YES,2,2,,1. YES,1,0,0,0,0,0,0,0,0,0,0,0,0,0,0,0,0,0,0,0,12. LACK OF MONEY,5. FOOD IN THE MARKET WAS VERY EXPENSIVE,,
6. South West,30. Oyo,3006. IBADAN NORTH,1. URBAN,520,309016,1,1. YES,1. YES,1. YES,1. YES,1. YES,1. YES,1. YES,1. YES,1. YES,2. NO,2,3,,1. YES,0,0,0,0,0,0,0,0,0,1,1,0,0,0,0,0,0,0,0,0,12. LACK OF MONEY,,,
6. South West,30. Oyo,3006. IBADAN NORTH,1. URBAN,520,309017,2,1. YES,1. YES,1. YES,1. YES,1. YES,1. YES,1. YES,1. YES,1. YES,1. YES,2,2,5,1. YES,1,0,0,0,0,0,0,0,0,0,0,0,0,0,0,0,0,0,0,0,1. INADEQUATE HOUSEHOLD FOOD STOCKS DUE TO DROUGHT/ POOR RAINS,12. LACK OF MONEY,6. UNABLE TO REACH THE MARKET DUE TO HIGH TRANSPORTATION COSTS,
6. South West,30. Oyo,3006. IBADAN NORTH,1. URBAN,520,309018,1,2. NO,2. NO,2. NO,2. NO,1. YES,2. NO,2. NO,2. NO,2. NO,2. NO,3,3,4,2. NO,,,,,,,,,,,,,,,,,,,,,,,,
6. South West,30. Oyo,3006. IBADAN NORTH,1. URBAN,520,309019,1,2. NO,2. NO,2. NO,2. NO,1. YES,2. NO,2. NO,2. NO,2. NO,2. NO,3,,4,1. YES,0,0,0,0,0,0,0,0,0,1,0,0,0,0,0,0,0,0,0,0,13. LACK OF ACCESS TO MONEY AT THE BANK DUE TO NAIRA REDESIGN,,,
6. South West,30. Oyo,3006. IBADAN NORTH,1. URBAN,520,309021,2,2. NO,2. NO,2. NO,2. NO,2. NO,2. NO,2. NO,2. NO,2. NO,2. NO,3,3,4,2. NO,,,,,,,,,,,,,,,,,,,,,,,,
6. South West,30. Oyo,3006. IBADAN NORTH,1. URBAN,520,309022,2,2. NO,2. NO,2. NO,2. NO,2. NO,2. NO,2. NO,2. NO,2. NO,2. NO,3,,,2. NO,,,,,,,,,,,,,,,,,,,,,,,,
6. South West,30. Oyo,3006. IBADAN NORTH,1. URBAN,520,309023,1,1. YES,1. YES,1. YES,1. YES,1. YES,2. NO,2. NO,2. NO,2. NO,2. NO,2,3,5,2. NO,,,,,,,,,,,,,,,,,,,,,,,,
6. South West,30. Oyo,3006. IBADAN NORTH,1. URBAN,520,309024,1,1. YES,1. YES,1. YES,1. YES,1. YES,1. YES,1. YES,1. YES,1. YES,1. YES,3,,,1. YES,0,0,0,0,0,0,0,0,0,1,0,0,0,1,0,0,0,0,0,0,1. INADEQUATE HOUSEHOLD FOOD STOCKS DUE TO DROUGHT/ POOR RAINS,12. LACK OF MONEY,,
6. South West,30. Oyo,3011. IBARAPA CENTRAL,2. RURAL,306,309025,1,2. NO,2. NO,2. NO,2. NO,1. YES,1. YES,2. NO,2. NO,2. NO,2. NO,2,,,2. NO,,,,,,,,,,,,,,,,,,,,,,,,
6. South West,30. Oyo,3011. IBARAPA CENTRAL,2. RURAL,306,309027,101,1. YES,1. YES,1. YES,1. YES,1. YES,2. NO,2. NO,2. NO,1. YES,2. NO,2,,,2. NO,,,,,,,,,,,,,,,,,,,,,,,,
6. South West,30. Oyo,3011. IBARAPA CENTRAL,2. RURAL,306,309028,1,2. NO,2. NO,2. NO,2. NO,2. NO,2. NO,2. NO,2. NO,2. NO,2. NO,3,,,2. NO,,,,,,,,,,,,,,,,,,,,,,,,
6. South West,30. Oyo,3011. IBARAPA CENTRAL,2. RURAL,306,309029,1801,1. YES,1. YES,1. YES,1. YES,1. YES,1. YES,1. YES,2. NO,2. NO,2. NO,3,4,,2. NO,,,,,,,,,,,,,,,,,,,,,,,,
6. South West,30. Oyo,3011. IBARAPA CENTRAL,2. RURAL,306,309031,1,1. YES,1. YES,1. YES,1. YES,1. YES,1. YES,1. YES,1. YES,1. YES,1. YES,3,4,,1. YES,1,0,0,0,0,0,0,0,0,0,0,0,0,0,0,0,0,0,0,0,12. LACK OF MONEY,1. INADEQUATE HOUSEHOLD FOOD STOCKS DUE TO DROUGHT/ POOR RAINS,,
6. South West,30. Oyo,3011. IBARAPA CENTRAL,2. RURAL,306,309032,1,2. NO,2. NO,2. NO,2. NO,2. NO,2. NO,2. NO,2. NO,2. NO,2. NO,2,,,2. NO,,,,,,,,,,,,,,,,,,,,,,,,
6. South West,30. Oyo,3011. IBARAPA CENTRAL,2. RURAL,306,309033,1301,2. NO,2. NO,2. NO,2. NO,2. NO,2. NO,2. NO,2. NO,2. NO,2. NO,3,3,,2. NO,,,,,,,,,,,,,,,,,,,,,,,,
6. South West,30. Oyo,3011. IBARAPA CENTRAL,2. RURAL,306,309035,1,1. YES,1. YES,1. YES,1. YES,1. YES,1. YES,1. YES,1. YES,1. YES,1. YES,3,3,8,1. YES,1,0,0,0,0,0,0,0,0,0,0,0,0,0,0,0,0,0,0,0,1. INADEQUATE HOUSEHOLD FOOD STOCKS DUE TO DROUGHT/ POOR RAINS,12. LACK OF MONEY,,
6. South West,30. Oyo,3011. IBARAPA CENTRAL,2. RURAL,306,309036,101,2. NO,2. NO,2. NO,2. NO,2. NO,2. NO,2. NO,2. NO,2. NO,2. NO,3,3,4,1. YES,1,0,0,0,0,0,0,0,0,0,0,0,0,0,0,0,0,0,0,0,12. LACK OF MONEY,,,
6. South West,30. Oyo,3013. IBARAPA NORTH,1. URBAN,282,309037,2,1. YES,1. YES,1. YES,1. YES,1. YES,1. YES,2. NO,2. NO,1. YES,2. NO,3,3,,2. NO,,,,,,,,,,,,,,,,,,,,,,,,
6. South West,30. Oyo,3013. IBARAPA NORTH,1. URBAN,282,309039,1,1. YES,1. YES,1. YES,1. YES,1. YES,1. YES,1. YES,1. YES,1. YES,1. YES,3,4,,1. YES,1,0,0,0,0,0,0,0,0,0,0,0,0,0,0,0,0,0,0,0,1. INADEQUATE HOUSEHOLD FOOD STOCKS DUE TO DROUGHT/ POOR RAINS,12. LACK OF MONEY,,
6. South West,30. Oyo,3013. IBARAPA NORTH,1. URBAN,0,309040,1,1. YES,1. YES,1. YES,1. YES,1. YES,1. YES,1. YES,1. YES,1. YES,1. YES,2,,,1. YES,1,0,0,0,0,0,0,0,0,0,0,0,0,0,0,0,0,0,0,0,12. LACK OF MONEY,5. FOOD IN THE MARKET WAS VERY EXPENSIVE,,
6. South West,30. Oyo,3013. IBARAPA NORTH,1. URBAN,282,309041,1,2. NO,2. NO,2. NO,2. NO,2. NO,2. NO,2. NO,2. NO,2. NO,2. NO,3,,3,2. NO,,,,,,,,,,,,,,,,,,,,,,,,
6. South West,30. Oyo,3013. IBARAPA NORTH,1. URBAN,0,309042,3,2. NO,1. YES,1. YES,1. YES,1. YES,1. YES,1. YES,1. YES,1. YES,1. YES,3,,,1. YES,0,0,0,0,0,0,0,0,0,1,1,0,0,1,1,1,0,0,0,0,12. LACK OF MONEY,,,
6. South West,30. Oyo,3011. IBARAPA CENTRAL,1. URBAN,0,309043,2,2. NO,2. NO,2. NO,2. NO,2. NO,2. NO,2. NO,2. NO,2. NO,2. NO,3,3,,2. NO,,,,,,,,,,,,,,,,,,,,,,,,
6. South West,30. Oyo,3013. IBARAPA NORTH,1. URBAN,282,309044,1,1. YES,1. YES,1. YES,1. YES,1. YES,1. YES,1. YES,1. YES,1. YES,1. YES,5,4,3,1. YES,1,0,0,0,0,0,0,0,0,0,0,0,0,0,0,0,0,0,0,0,1. INADEQUATE HOUSEHOLD FOOD STOCKS DUE TO DROUGHT/ POOR RAINS,12. LACK OF MONEY,,
6. South West,30. Oyo,3013. IBARAPA NORTH,1. URBAN,282,309046,5101,1. YES,1. YES,1. YES,1. YES,1. YES,1. YES,1. YES,2. NO,2. NO,2. NO,3,,,2. NO,,,,,,,,,,,,,,,,,,,,,,,,
6. South West,30. Oyo,3013. IBARAPA NORTH,1. URBAN,282,309047,5101,1. YES,1. YES,1. YES,1. YES,1. YES,2. NO,1. YES,1. YES,1. YES,1. YES,2,,3,1. YES,1,0,0,0,0,0,0,0,0,0,0,0,0,0,0,0,0,0,0,0,12. LACK OF MONEY,5. FOOD IN THE MARKET WAS VERY EXPENSIVE,,
6. South West,30. Oyo,3013. IBARAPA NORTH,1. URBAN,282,309048,2,2. NO,2. NO,2. NO,2. NO,2. NO,2. NO,2. NO,2. NO,2. NO,2. NO,3,3,,2. NO,,,,,,,,,,,,,,,,,,,,,,,,
6. South West,30. Oyo,3015. IREPO,2. RURAL,0,309050,5101,2. NO,2. NO,2. NO,2. NO,2. NO,2. NO,2. NO,2. NO,2. NO,2. NO,3,,,2. NO,,,,,,,,,,,,,,,,,,,,,,,,
6. South West,30. Oyo,3015. IREPO,2. RURAL,260,309053,2,1. YES,1. YES,1. YES,1. YES,1. YES,1. YES,1. YES,1. YES,1. YES,1. YES,3,3,,1. YES,1,0,0,0,0,0,0,0,0,0,0,0,0,0,0,0,0,0,0,0,12. LACK OF MONEY,,,
6. South West,30. Oyo,3015. IREPO,2. RURAL,260,309055,1,2. NO,2. NO,2. NO,2. NO,2. NO,2. NO,2. NO,2. NO,2. NO,2. NO,3,,,2. NO,,,,,,,,,,,,,,,,,,,,,,,,
6. South West,30. Oyo,3015. IREPO,2. RURAL,260,309056,1,2. NO,2. NO,2. NO,2. NO,2. NO,2. NO,2. NO,2. NO,2. NO,2. NO,3,4,5,2. NO,,,,,,,,,,,,,,,,,,,,,,,,
6. South West,30. Oyo,3015. IREPO,2. RURAL,260,309058,1,2. NO,2. NO,2. NO,2. NO,2. NO,2. NO,2. NO,2. NO,2. NO,2. NO,3,,,1. YES,0,0,0,0,0,0,0,0,0,0,0,0,0,1,0,0,0,0,0,0,12. LACK OF MONEY,,,
6. South West,30. Oyo,3015. IREPO,2. RURAL,260,309059,5101,2. NO,1. YES,2. NO,2. NO,2. NO,2. NO,2. NO,2. NO,2. NO,2. NO,3,3,,2. NO,,,,,,,,,,,,,,,,,,,,,,,,
6. South West,30. Oyo,3015. IREPO,2. RURAL,260,309060,2,1. YES,1. YES,1. YES,1. YES,1. YES,2. NO,2. NO,2. NO,2. NO,2. NO,3,,,2. NO,,,,,,,,,,,,,,,,,,,,,,,,
6. South West,30. Oyo,3016. ISEYIN,2. RURAL,198,309061,2,2. NO,1. YES,2. NO,2. NO,1. YES,2. NO,2. NO,2. NO,2. NO,2. NO,3,,,2. NO,,,,,,,,,,,,,,,,,,,,,,,,
6. South West,30. Oyo,3016. ISEYIN,2. RURAL,0,309063,1,1. YES,1. YES,1. YES,1. YES,1. YES,1. YES,1. YES,1. YES,1. YES,1. YES,3,,,1. YES,1,0,0,0,0,0,0,0,0,0,0,0,0,0,0,0,0,0,0,0,1. INADEQUATE HOUSEHOLD FOOD STOCKS DUE TO DROUGHT/ POOR RAINS,,,
6. South West,30. Oyo,3016. ISEYIN,2. RURAL,198,309064,1,1. YES,1. YES,1. YES,2. NO,1. YES,1. YES,2. NO,2. NO,2. NO,2. NO,2,,,2. NO,,,,,,,,,,,,,,,,,,,,,,,,
6. South West,30. Oyo,3016. ISEYIN,2. RURAL,198,309065,101,2. NO,2. NO,2. NO,2. NO,2. NO,2. NO,2. NO,2. NO,2. NO,2. NO,3,3,4,2. NO,,,,,,,,,,,,,,,,,,,,,,,,
6. South West,30. Oyo,3016. ISEYIN,2. RURAL,198,309067,1,1. YES,1. YES,1. YES,1. YES,1. YES,1. YES,1. YES,1. YES,1. YES,1. YES,3,,4,1. YES,0,0,0,0,0,0,0,0,0,1,1,1,1,1,1,1,1,1,0,0,12. LACK OF MONEY,,,
6. South West,30. Oyo,3016. ISEYIN,2. RURAL,198,309068,2,1. YES,1. YES,1. YES,2. NO,1. YES,1. YES,2. NO,2. NO,1. YES,2. NO,2,3,4,2. NO,,,,,,,,,,,,,,,,,,,,,,,,
6. South West,30. Oyo,3016. ISEYIN,2. RURAL,198,309069,2,1. YES,1. YES,1. YES,1. YES,1. YES,1. YES,1. YES,1. YES,1. YES,1. YES,2,,,1. YES,0,0,0,0,0,0,0,0,0,0,0,1,0,1,0,0,0,0,0,0,5. FOOD IN THE MARKET WAS VERY EXPENSIVE,12. LACK OF MONEY,,
6. South West,30. Oyo,3016. ISEYIN,2. RURAL,198,309070,1,1. YES,1. YES,1. YES,1. YES,1. YES,1. YES,1. YES,1. YES,1. YES,2. NO,3,,,1. YES,0,0,0,0,0,0,0,0,0,0,0,0,1,0,0,1,0,0,0,0,1. INADEQUATE HOUSEHOLD FOOD STOCKS DUE TO DROUGHT/ POOR RAINS,12. LACK OF MONEY,,
6. South West,30. Oyo,3016. ISEYIN,2. RURAL,198,309071,1,1. YES,1. YES,1. YES,1. YES,1. YES,1. YES,1. YES,2. NO,2. NO,2. NO,3,3,,2. NO,,,,,,,,,,,,,,,,,,,,,,,,
6. South West,30. Oyo,3020. LAGELU,2. RURAL,1092,309073,1,2. NO,2. NO,2. NO,2. NO,2. NO,2. NO,2. NO,2. NO,2. NO,2. NO,3,,,2. NO,,,,,,,,,,,,,,,,,,,,,,,,
6. South West,30. Oyo,3020. LAGELU,2. RURAL,1092,309074,2,1. YES,1. YES,1. YES,1. YES,1. YES,1. YES,2. NO,2. NO,2. NO,2. NO,2,3,,1. YES,0,0,0,0,0,0,0,0,0,1,1,1,0,0,0,0,0,0,0,0,12. LACK OF MONEY,,,
6. South West,30. Oyo,3020. LAGELU,2. RURAL,1092,309075,1,1. YES,1. YES,1. YES,1. YES,1. YES,1. YES,1. YES,1. YES,1. YES,1. YES,3,5,,1. YES,1,0,0,0,0,0,0,0,0,0,0,0,0,0,0,0,0,0,0,0,1. INADEQUATE HOUSEHOLD FOOD STOCKS DUE TO DROUGHT/ POOR RAINS,12. LACK OF MONEY,,
6. South West,30. Oyo,3020. LAGELU,2. RURAL,1092,309076,1,1. YES,1. YES,1. YES,1. YES,1. YES,1. YES,1. YES,1. YES,1. YES,1. YES,3,5,,1. YES,1,0,0,0,0,0,0,0,0,0,0,0,0,0,0,0,0,0,0,0,1. INADEQUATE HOUSEHOLD FOOD STOCKS DUE TO DROUGHT/ POOR RAINS,12. LACK OF MONEY,,
6. South West,30. Oyo,3020. LAGELU,2. RURAL,1092,309077,1,1. YES,1. YES,1. YES,1. YES,1. YES,1. YES,1. YES,1. YES,1. YES,1. YES,3,5,,1. YES,1,0,0,0,0,0,0,0,0,0,0,0,0,0,0,0,0,0,0,0,1. INADEQUATE HOUSEHOLD FOOD STOCKS DUE TO DROUGHT/ POOR RAINS,12. LACK OF MONEY,,
6. South West,30. Oyo,3020. LAGELU,2. RURAL,1092,309081,2,1. YES,1. YES,1. YES,1. YES,1. YES,2. NO,1. YES,2. NO,1. YES,1. YES,3,,,2. NO,,,,,,,,,,,,,,,,,,,,,,,,
6. South West,30. Oyo,3020. LAGELU,2. RURAL,1092,309082,2,1. YES,1. YES,1. YES,1. YES,1. YES,1. YES,1. YES,1. YES,1. YES,1. YES,3,3,,2. NO,,,,,,,,,,,,,,,,,,,,,,,,
6. South West,30. Oyo,3020. LAGELU,2. RURAL,1092,309083,2,1. YES,1. YES,1. YES,1. YES,1. YES,1. YES,2. NO,1. YES,1. YES,2. NO,2,,,1. YES,0,0,0,0,0,0,0,0,1,0,0,0,1,0,0,0,0,0,0,0,12. LACK OF MONEY,5. FOOD IN THE MARKET WAS VERY EXPENSIVE,,
6. South West,30. Oyo,3020. LAGELU,2. RURAL,1092,309084,1,2. NO,2. NO,2. NO,2. NO,2. NO,2. NO,2. NO,2. NO,2. NO,2. NO,3,3,,2. NO,,,,,,,,,,,,,,,,,,,,,,,,
6. South West,30. Oyo,3021. OGBOMOSHO NORTH,2. RURAL,628,309085,2,2. NO,2. NO,2. NO,1. YES,1. YES,2. NO,2. NO,2. NO,2. NO,2. NO,2,3,,2. NO,,,,,,,,,,,,,,,,,,,,,,,,
6. South West,30. Oyo,3021. OGBOMOSHO NORTH,2. RURAL,628,309086,2,1. YES,1. YES,1. YES,1. YES,1. YES,1. YES,1. YES,2. NO,2. NO,2. NO,2,,,1. YES,0,0,0,0,0,0,0,0,0,0,1,1,0,1,0,0,0,0,0,0,12. LACK OF MONEY,,,
6. South West,30. Oyo,3021. OGBOMOSHO NORTH,2. RURAL,628,309087,1,1. YES,1. YES,1. YES,2. NO,2. NO,2. NO,2. NO,2. NO,2. NO,2. NO,2,3,,1. YES,0,0,0,0,0,0,0,0,0,0,1,1,0,0,0,0,0,0,0,0,12. LACK OF MONEY,,,
6. South West,30. Oyo,3021. OGBOMOSHO NORTH,2. RURAL,628,309088,1,1. YES,1. YES,1. YES,1. YES,1. YES,1. YES,2. NO,2. NO,1. YES,2. NO,2,3,4,2. NO,,,,,,,,,,,,,,,,,,,,,,,,
6. South West,30. Oyo,3007. IBADAN NORTH EAST,2. RURAL,0,309091,1,2. NO,1. YES,1. YES,1. YES,1. YES,1. YES,2. NO,2. NO,2. NO,2. NO,2,,,1. YES,0,0,0,0,0,0,0,0,0,0,1,1,0,0,0,0,0,0,0,0,12. LACK OF MONEY,13. LACK OF ACCESS TO MONEY AT THE BANK DUE TO NAIRA REDESIGN,,
6. South West,30. Oyo,3021. OGBOMOSHO NORTH,2. RURAL,628,309092,1,1. YES,1. YES,1. YES,1. YES,1. YES,1. YES,1. YES,1. YES,1. YES,1. YES,3,,,1. YES,0,0,0,0,0,0,0,0,0,1,1,0,0,0,0,0,0,0,0,0,1. INADEQUATE HOUSEHOLD FOOD STOCKS DUE TO DROUGHT/ POOR RAINS,12. LACK OF MONEY,,
6. South West,30. Oyo,3021. OGBOMOSHO NORTH,2. RURAL,628,309093,1,1. YES,1. YES,1. YES,1. YES,1. YES,1. YES,1. YES,1. YES,1. YES,1. YES,3,,,2. NO,,,,,,,,,,,,,,,,,,,,,,,,
6. South West,30. Oyo,3021. OGBOMOSHO NORTH,2. RURAL,628,309094,1,1. YES,1. YES,1. YES,1. YES,1. YES,1. YES,1. YES,1. YES,1. YES,1. YES,3,3,3,2. NO,,,,,,,,,,,,,,,,,,,,,,,,
6. South West,30. Oyo,3021. OGBOMOSHO NORTH,2. RURAL,628,309095,2,1. YES,1. YES,1. YES,1. YES,1. YES,1. YES,1. YES,1. YES,1. YES,1. YES,3,4,3,1. YES,1,0,0,0,0,0,0,0,0,0,0,0,0,0,0,0,0,0,0,0,1. INADEQUATE HOUSEHOLD FOOD STOCKS DUE TO DROUGHT/ POOR RAINS,12. LACK OF MONEY,,
6. South West,30. Oyo,3021. OGBOMOSHO NORTH,2. RURAL,628,309096,2,2. NO,2. NO,2. NO,2. NO,2. NO,2. NO,2. NO,2. NO,2. NO,2. NO,3,,,2. NO,,,,,,,,,,,,,,,,,,,,,,,,
6. South West,30. Oyo,3026. ONA  ARA,1. URBAN,72,309097,2101,1. YES,1. YES,1. YES,2. NO,1. YES,1. YES,2. NO,2. NO,2. NO,2. NO,2,,,2. NO,,,,,,,,,,,,,,,,,,,,,,,,
6. South West,30. Oyo,3026. ONA  ARA,1. URBAN,72,309098,2,1. YES,1. YES,1. YES,1. YES,1. YES,2. NO,1. YES,2. NO,1. YES,1. YES,2,2,4,1. YES,0,0,0,0,0,0,0,0,0,0,0,0,0,0,0,1,0,0,0,0,12. LACK OF MONEY,5. FOOD IN THE MARKET WAS VERY EXPENSIVE,,
6. South West,30. Oyo,3026. ONA  ARA,1. URBAN,72,309099,2,1. YES,1. YES,1. YES,1. YES,1. YES,1. YES,1. YES,2. NO,2. NO,2. NO,2,3,,1. YES,0,0,0,0,0,0,0,0,0,0,0,0,1,0,0,0,0,0,0,0,12. LACK OF MONEY,,,
6. South West,30. Oyo,3013. IBARAPA NORTH,1. URBAN,0,309101,2,1. YES,1. YES,1. YES,1. YES,1. YES,1. YES,1. YES,1. YES,1. YES,1. YES,2,1,,1. YES,1,0,0,0,0,0,0,0,0,0,0,0,0,0,0,0,0,0,0,0,5. FOOD IN THE MARKET WAS VERY EXPENSIVE,12. LACK OF MONEY,,
6. South West,30. Oyo,3026. ONA  ARA,1. URBAN,72,309103,2,1. YES,1. YES,1. YES,1. YES,1. YES,1. YES,1. YES,1. YES,1. YES,1. YES,2,2,,1. YES,0,0,0,0,0,0,0,0,1,1,1,0,1,1,1,0,0,0,0,0,5. FOOD IN THE MARKET WAS VERY EXPENSIVE,12. LACK OF MONEY,,
6. South West,30. Oyo,3026. ONA  ARA,1. URBAN,72,309104,1,1. YES,1. YES,1. YES,1. YES,1. YES,1. YES,1. YES,1. YES,1. YES,1. YES,3,3,5,1. YES,1,0,0,0,0,0,0,0,0,0,0,0,0,0,0,0,0,0,0,0,1. INADEQUATE HOUSEHOLD FOOD STOCKS DUE TO DROUGHT/ POOR RAINS,12. LACK OF MONEY,,
6. South West,30. Oyo,3026. ONA  ARA,1. URBAN,72,309105,101,2. NO,2. NO,2. NO,2. NO,2. NO,2. NO,2. NO,2. NO,2. NO,2. NO,2,,,2. NO,,,,,,,,,,,,,,,,,,,,,,,,
6. South West,30. Oyo,3026. ONA  ARA,1. URBAN,72,309108,1,1. YES,1. YES,1. YES,1. YES,1. YES,1. YES,1. YES,1. YES,1. YES,1. YES,3,5,,1. YES,0,0,0,0,0,0,0,0,0,1,1,1,0,0,0,0,0,0,0,0,1. INADEQUATE HOUSEHOLD FOOD STOCKS DUE TO DROUGHT/ POOR RAINS,12. LACK OF MONEY,,
6. South West,30. Oyo,3028. ORIRE,2. RURAL,136,309109,1,1. YES,1. YES,1. YES,1. YES,1. YES,1. YES,1. YES,1. YES,1. YES,1. YES,2,3,,1. YES,1,0,0,0,0,0,0,0,0,0,0,0,0,0,0,0,0,0,0,0,12. LACK OF MONEY,6. UNABLE TO REACH THE MARKET DUE TO HIGH TRANSPORTATION COSTS,,
6. South West,30. Oyo,3028. ORIRE,2. RURAL,136,309112,2,2. NO,1. YES,2. NO,2. NO,2. NO,2. NO,2. NO,2. NO,2. NO,2. NO,3,3,,2. NO,,,,,,,,,,,,,,,,,,,,,,,,
6. South West,30. Oyo,3028. ORIRE,2. RURAL,136,309113,2,2. NO,2. NO,2. NO,2. NO,2. NO,2. NO,2. NO,2. NO,2. NO,2. NO,3,4,,2. NO,,,,,,,,,,,,,,,,,,,,,,,,
6. South West,30. Oyo,3028. ORIRE,2. RURAL,136,309114,2,2. NO,2. NO,2. NO,2. NO,2. NO,2. NO,2. NO,2. NO,2. NO,2. NO,3,3,4,2. NO,,,,,,,,,,,,,,,,,,,,,,,,
6. South West,30. Oyo,3028. ORIRE,2. RURAL,136,309115,1,1. YES,1. YES,1. YES,1. YES,1. YES,1. YES,1. YES,1. YES,1. YES,1. YES,3,3,,1. YES,1,0,0,0,0,0,0,0,0,0,0,0,0,0,0,0,0,0,0,0,1. INADEQUATE HOUSEHOLD FOOD STOCKS DUE TO DROUGHT/ POOR RAINS,12. LACK OF MONEY,,
6. South West,30. Oyo,3028. ORIRE,2. RURAL,136,309116,1,1. YES,1. YES,1. YES,1. YES,1. YES,1. YES,1. YES,1. YES,1. YES,1. YES,3,,,2. NO,,,,,,,,,,,,,,,,,,,,,,,,
6. South West,30. Oyo,3028. ORIRE,2. RURAL,136,309117,2,2. NO,1. YES,2. NO,2. NO,2. NO,2. NO,2. NO,2. NO,2. NO,2. NO,3,3,,2. NO,,,,,,,,,,,,,,,,,,,,,,,,
6. South West,30. Oyo,3028. ORIRE,2. RURAL,0,309119,1,1. YES,1. YES,1. YES,1. YES,1. YES,1. YES,1. YES,1. YES,1. YES,1. YES,3,,,2. NO,,,,,,,,,,,,,,,,,,,,,,,,
6. South West,30. Oyo,3028. ORIRE,2. RURAL,0,309120,5101,2. NO,2. NO,2. NO,2. NO,2. NO,2. NO,2. NO,2. NO,2. NO,2. NO,2,,,2. NO,,,,,,,,,,,,,,,,,,,,,,,,
6. South West,30. Oyo,3005. EGBEDA,1. URBAN,3648,309121,1,2. NO,2. NO,2. NO,2. NO,2. NO,2. NO,2. NO,2. NO,2. NO,2. NO,3,,,2. NO,,,,,,,,,,,,,,,,,,,,,,,,
6. South West,30. Oyo,3011. IBARAPA CENTRAL,2. RURAL,306,309126,1,2. NO,2. NO,2. NO,2. NO,2. NO,2. NO,2. NO,2. NO,2. NO,2. NO,3,3,7,2. NO,,,,,,,,,,,,,,,,,,,,,,,,
6. South West,30. Oyo,3026. ONA  ARA,1. URBAN,72,309138,1,1. YES,1. YES,1. YES,1. YES,1. YES,1. YES,1. YES,1. YES,1. YES,1. YES,3,,,1. YES,1,0,0,0,0,0,0,0,0,0,0,0,0,0,0,0,0,0,0,0,1. INADEQUATE HOUSEHOLD FOOD STOCKS DUE TO DROUGHT/ POOR RAINS,12. LACK OF MONEY,,
1. North Central,31. Plateau,3109. LANGTANG NORTH,2. RURAL,1026,310071,2,1. YES,1. YES,1. YES,1. YES,1. YES,1. YES,1. YES,1. YES,1. YES,1. YES,2,2,,1. YES,0,0,0,0,0,0,0,0,0,0,0,0,1,0,0,0,0,0,0,0,5. FOOD IN THE MARKET WAS VERY EXPENSIVE,,,
1. North Central,31. Plateau,3109. LANGTANG NORTH,2. RURAL,1026,310072,2,2. NO,2. NO,1. YES,1. YES,1. YES,1. YES,1. YES,2. NO,2. NO,2. NO,3,3,,1. YES,0,0,0,0,0,0,0,0,0,0,1,1,1,1,1,1,0,0,0,0,1. INADEQUATE HOUSEHOLD FOOD STOCKS DUE TO DROUGHT/ POOR RAINS,,,
1. North Central,31. Plateau,3109. LANGTANG NORTH,2. RURAL,1026,310073,1,2. NO,2. NO,2. NO,2. NO,2. NO,1. YES,2. NO,2. NO,2. NO,2. NO,3,4,,2. NO,,,,,,,,,,,,,,,,,,,,,,,,
1. North Central,31. Plateau,3109. LANGTANG NORTH,2. RURAL,1026,310074,15,1. YES,2. NO,2. NO,1. YES,1. YES,1. YES,2. NO,2. NO,1. YES,2. NO,3,4,,1. YES,0,0,0,0,0,0,0,0,0,0,0,0,1,1,1,1,0,0,0,0,1. INADEQUATE HOUSEHOLD FOOD STOCKS DUE TO DROUGHT/ POOR RAINS,2. INADEQUATE HOUSEHOLD FOOD STOCKS DUE TO CROP PEST DAMAGE,,
1. North Central,31. Plateau,3109. LANGTANG NORTH,2. RURAL,1026,310075,18,1. YES,1. YES,1. YES,1. YES,1. YES,1. YES,1. YES,2. NO,2. NO,2. NO,3,3,,1. YES,0,0,0,0,0,0,0,0,0,0,0,0,1,0,0,0,0,0,0,0,12. LACK OF MONEY,,,
1. North Central,31. Plateau,3109. LANGTANG NORTH,2. RURAL,1026,310076,1,2. NO,2. NO,2. NO,2. NO,1. YES,2. NO,2. NO,2. NO,2. NO,2. NO,4,4,,2. NO,,,,,,,,,,,,,,,,,,,,,,,,
1. North Central,31. Plateau,3109. LANGTANG NORTH,2. RURAL,1026,310077,1,2. NO,2. NO,1. YES,1. YES,2. NO,2. NO,1. YES,1. YES,1. YES,2. NO,3,5,,2. NO,,,,,,,,,,,,,,,,,,,,,,,,
1. North Central,31. Plateau,3109. LANGTANG NORTH,2. RURAL,1026,310078,2,2. NO,2. NO,2. NO,2. NO,2. NO,2. NO,2. NO,2. NO,2. NO,2. NO,2,,,2. NO,,,,,,,,,,,,,,,,,,,,,,,,
1. North Central,31. Plateau,3109. LANGTANG NORTH,2. RURAL,1026,310079,4,1. YES,1. YES,1. YES,1. YES,1. YES,1. YES,1. YES,1. YES,1. YES,1. YES,2,2,,1. YES,0,0,0,0,0,0,0,0,0,0,0,1,1,0,0,0,0,0,0,0,4. INADEQUATE HOUSEHOLD FOOD STOCKS DUE TO LACK OF FARM INPUTS,,,
1. North Central,31. Plateau,3109. LANGTANG NORTH,2. RURAL,1026,310080,1,1. YES,2. NO,2. NO,2. NO,2. NO,1. YES,2. NO,1. YES,2. NO,2. NO,3,4,,1. YES,0,0,0,0,0,0,0,0,0,0,0,0,0,1,1,0,0,0,0,0,1. INADEQUATE HOUSEHOLD FOOD STOCKS DUE TO DROUGHT/ POOR RAINS,,,
1. North Central,31. Plateau,3112. MIKANG,2. RURAL,350,310081,1,2. NO,1. YES,2. NO,2. NO,1. YES,2. NO,2. NO,2. NO,2. NO,2. NO,2,3,5,2. NO,,,,,,,,,,,,,,,,,,,,,,,,
1. North Central,31. Plateau,3112. MIKANG,2. RURAL,350,310082,1,1. YES,2. NO,2. NO,2. NO,2. NO,1. YES,1. YES,1. YES,1. YES,1. YES,2,2,2,1. YES,0,0,0,0,0,0,0,0,0,0,0,0,0,1,0,0,0,0,0,0,5. FOOD IN THE MARKET WAS VERY EXPENSIVE,4. INADEQUATE HOUSEHOLD FOOD STOCKS DUE TO LACK OF FARM INPUTS,,
1. North Central,31. Plateau,3112. MIKANG,2. RURAL,350,310083,1,1. YES,1. YES,1. YES,1. YES,1. YES,1. YES,1. YES,2. NO,1. YES,2. NO,2,2,,1. YES,0,0,0,0,0,0,0,0,0,0,0,0,0,0,1,1,0,0,0,0,4. INADEQUATE HOUSEHOLD FOOD STOCKS DUE TO LACK OF FARM INPUTS,5. FOOD IN THE MARKET WAS VERY EXPENSIVE,,
1. North Central,31. Plateau,3112. MIKANG,2. RURAL,350,310084,10,2. NO,1. YES,2. NO,2. NO,1. YES,2. NO,2. NO,2. NO,2. NO,2. NO,3,3,,2. NO,,,,,,,,,,,,,,,,,,,,,,,,
1. North Central,31. Plateau,3112. MIKANG,2. RURAL,350,310085,1,1. YES,1. YES,1. YES,1. YES,1. YES,1. YES,1. YES,1. YES,1. YES,1. YES,2,2,2,1. YES,0,0,0,0,0,0,0,0,0,0,0,0,1,1,0,0,0,0,0,0,5. FOOD IN THE MARKET WAS VERY EXPENSIVE,,,
1. North Central,31. Plateau,3112. MIKANG,2. RURAL,350,310086,4,2. NO,2. NO,1. YES,1. YES,1. YES,2. NO,2. NO,2. NO,2. NO,2. NO,3,,,2. NO,,,,,,,,,,,,,,,,,,,,,,,,
1. North Central,31. Plateau,3112. MIKANG,2. RURAL,350,310087,2,2. NO,2. NO,2. NO,2. NO,2. NO,2. NO,2. NO,2. NO,2. NO,2. NO,3,3,,2. NO,,,,,,,,,,,,,,,,,,,,,,,,
1. North Central,31. Plateau,3112. MIKANG,2. RURAL,350,310088,1,2. NO,2. NO,1. YES,1. YES,1. YES,1. YES,1. YES,2. NO,1. YES,1. YES,3,5,5,2. NO,,,,,,,,,,,,,,,,,,,,,,,,
1. North Central,31. Plateau,3112. MIKANG,2. RURAL,350,310089,1,1. YES,1. YES,1. YES,1. YES,1. YES,1. YES,1. YES,1. YES,1. YES,1. YES,2,2,2,1. YES,0,0,0,0,0,0,0,0,0,0,0,1,1,0,0,0,0,0,0,0,5. FOOD IN THE MARKET WAS VERY EXPENSIVE,,,
1. North Central,31. Plateau,3112. MIKANG,2. RURAL,350,310090,1,1. YES,1. YES,1. YES,1. YES,1. YES,1. YES,1. YES,1. YES,1. YES,1. YES,2,2,2,1. YES,0,0,0,0,0,0,0,0,0,0,0,1,1,0,0,0,0,0,0,0,5. FOOD IN THE MARKET WAS VERY EXPENSIVE,,,
1. North Central,31. Plateau,3116. SHENDAM,2. RURAL,1344,310091,1,1. YES,1. YES,1. YES,1. YES,1. YES,1. YES,1. YES,1. YES,1. YES,1. YES,2,,,1. YES,0,0,0,0,0,0,0,0,0,0,0,0,1,0,0,0,0,0,0,0,5. FOOD IN THE MARKET WAS VERY EXPENSIVE,,,
1. North Central,31. Plateau,3116. SHENDAM,2. RURAL,1344,310092,1,1. YES,1. YES,1. YES,1. YES,1. YES,1. YES,1. YES,2. NO,2. NO,2. NO,2,,,1. YES,0,0,0,0,0,0,0,0,0,0,0,1,1,1,1,1,0,0,0,0,2. INADEQUATE HOUSEHOLD FOOD STOCKS DUE TO CROP PEST DAMAGE,,,
1. North Central,31. Plateau,3116. SHENDAM,2. RURAL,1344,310093,1,1. YES,1. YES,1. YES,1. YES,1. YES,1. YES,1. YES,1. YES,1. YES,1. YES,2,2,,1. YES,0,0,0,0,0,0,0,0,0,0,0,1,1,0,0,0,0,0,0,0,5. FOOD IN THE MARKET WAS VERY EXPENSIVE,,,
1. North Central,31. Plateau,3116. SHENDAM,2. RURAL,1344,310094,2,1. YES,1. YES,1. YES,1. YES,1. YES,1. YES,1. YES,1. YES,1. YES,1. YES,1,,1,1. YES,0,0,0,0,0,0,0,0,0,0,0,0,1,1,1,1,0,0,0,0,1. INADEQUATE HOUSEHOLD FOOD STOCKS DUE TO DROUGHT/ POOR RAINS,10. INADEQUATE FOOD STOCK FROM FARM DUE TO CONFLICT/SECURITY,96. OTHER (SPECIFY),POOR GOVERNMENT POLICIES
1. North Central,31. Plateau,3116. SHENDAM,2. RURAL,1344,310095,3,1. YES,1. YES,1. YES,1. YES,1. YES,1. YES,1. YES,1. YES,1. YES,1. YES,2,2,2,1. YES,0,0,0,0,0,0,0,0,0,0,0,1,1,0,0,0,0,0,0,0,5. FOOD IN THE MARKET WAS VERY EXPENSIVE,,,
1. North Central,31. Plateau,3116. SHENDAM,2. RURAL,1344,310096,1,2. NO,2. NO,1. YES,1. YES,1. YES,2. NO,1. YES,1. YES,1. YES,2. NO,2,3,,1. YES,0,0,0,0,0,0,0,0,0,0,0,0,0,0,1,1,0,0,0,0,2. INADEQUATE HOUSEHOLD FOOD STOCKS DUE TO CROP PEST DAMAGE,1. INADEQUATE HOUSEHOLD FOOD STOCKS DUE TO DROUGHT/ POOR RAINS,3. INADEQUATE HOUSEHOLD FOOD STOCKS DUE TO SMALL LAND SIZE,
1. North Central,31. Plateau,3116. SHENDAM,2. RURAL,1344,310097,2,1. YES,1. YES,1. YES,1. YES,1. YES,1. YES,1. YES,1. YES,1. YES,1. YES,2,2,,1. YES,0,0,0,0,0,0,0,0,0,1,1,0,0,0,1,0,0,0,0,0,5. FOOD IN THE MARKET WAS VERY EXPENSIVE,12. LACK OF MONEY,,
1. North Central,31. Plateau,3116. SHENDAM,2. RURAL,1344,310098,1,1. YES,2. NO,1. YES,2. NO,2. NO,2. NO,2. NO,2. NO,2. NO,1. YES,2,,,1. YES,1,0,0,0,0,0,0,0,0,0,0,0,0,0,0,0,0,0,0,0,10. INADEQUATE FOOD STOCK FROM FARM DUE TO CONFLICT/SECURITY,12. LACK OF MONEY,,
1. North Central,31. Plateau,3116. SHENDAM,2. RURAL,1344,310099,1,2. NO,2. NO,1. YES,2. NO,1. YES,2. NO,2. NO,2. NO,2. NO,2. NO,3,3,,2. NO,,,,,,,,,,,,,,,,,,,,,,,,
1. North Central,31. Plateau,3116. SHENDAM,2. RURAL,1344,310100,1,1. YES,1. YES,1. YES,1. YES,1. YES,1. YES,1. YES,1. YES,1. YES,1. YES,1,2,3,1. YES,0,0,0,0,0,0,0,0,0,0,0,0,0,1,1,1,0,0,0,0,1. INADEQUATE HOUSEHOLD FOOD STOCKS DUE TO DROUGHT/ POOR RAINS,3. INADEQUATE HOUSEHOLD FOOD STOCKS DUE TO SMALL LAND SIZE,2. INADEQUATE HOUSEHOLD FOOD STOCKS DUE TO CROP PEST DAMAGE,
1. North Central,31. Plateau,3102. BASSA (PLATEAU STATE),2. RURAL,14,319001,3,1. YES,1. YES,1. YES,1. YES,1. YES,1. YES,1. YES,1. YES,2. NO,2. NO,2,2,3,1. YES,0,0,0,1,0,0,0,0,0,0,0,0,0,0,0,0,0,0,0,0,2. INADEQUATE HOUSEHOLD FOOD STOCKS DUE TO CROP PEST DAMAGE,,,
1. North Central,31. Plateau,3102. BASSA (PLATEAU STATE),2. RURAL,14,319002,1,1. YES,1. YES,1. YES,2. NO,1. YES,2. NO,2. NO,2. NO,2. NO,1. YES,2,2,3,2. NO,,,,,,,,,,,,,,,,,,,,,,,,
1. North Central,31. Plateau,3102. BASSA (PLATEAU STATE),2. RURAL,14,319004,1,1. YES,1. YES,1. YES,2. NO,1. YES,1. YES,1. YES,2. NO,2. NO,2. NO,3,,3,2. NO,,,,,,,,,,,,,,,,,,,,,,,,
1. North Central,31. Plateau,3102. BASSA (PLATEAU STATE),2. RURAL,14,319005,4,1. YES,1. YES,1. YES,1. YES,1. YES,1. YES,1. YES,1. YES,1. YES,1. YES,2,2,,1. YES,0,0,0,0,0,0,0,0,0,0,0,0,0,1,0,0,0,0,0,0,8. FLOODS/WATER LOGGING,,,
1. North Central,31. Plateau,3102. BASSA (PLATEAU STATE),2. RURAL,14,319006,1,1. YES,2. NO,1. YES,2. NO,1. YES,2. NO,1. YES,2. NO,2. NO,2. NO,2,3,3,2. NO,,,,,,,,,,,,,,,,,,,,,,,,
1. North Central,31. Plateau,3102. BASSA (PLATEAU STATE),2. RURAL,14,319007,2,1. YES,1. YES,1. YES,1. YES,1. YES,1. YES,1. YES,2. NO,2. NO,2. NO,3,,,1. YES,0,0,0,0,0,0,0,0,0,0,0,0,0,1,1,1,0,0,0,0,12. LACK OF MONEY,8. FLOODS/WATER LOGGING,5. FOOD IN THE MARKET WAS VERY EXPENSIVE,
1. North Central,31. Plateau,3102. BASSA (PLATEAU STATE),2. RURAL,14,319008,2,1. YES,1. YES,1. YES,1. YES,1. YES,1. YES,1. YES,1. YES,1. YES,1. YES,3,5,3,1. YES,0,0,0,0,0,0,0,0,0,0,0,0,1,0,0,0,0,0,0,0,12. LACK OF MONEY,,,
1. North Central,31. Plateau,3102. BASSA (PLATEAU STATE),2. RURAL,14,319009,2,2. NO,2. NO,2. NO,2. NO,2. NO,2. NO,2. NO,2. NO,2. NO,2. NO,3,5,,2. NO,,,,,,,,,,,,,,,,,,,,,,,,
1. North Central,31. Plateau,3102. BASSA (PLATEAU STATE),2. RURAL,14,319010,1,1. YES,1. YES,1. YES,2. NO,2. NO,2. NO,2. NO,2. NO,2. NO,2. NO,2,2,2,1. YES,0,0,0,0,0,0,0,0,0,0,0,0,1,0,0,0,0,0,0,0,1. INADEQUATE HOUSEHOLD FOOD STOCKS DUE TO DROUGHT/ POOR RAINS,,,
1. North Central,31. Plateau,3102. BASSA (PLATEAU STATE),2. RURAL,14,319012,1,1. YES,1. YES,1. YES,1. YES,1. YES,1. YES,1. YES,2. NO,2. NO,1. YES,2,2,2,1. YES,0,0,0,0,0,0,0,0,0,0,0,0,1,0,0,0,0,0,0,0,5. FOOD IN THE MARKET WAS VERY EXPENSIVE,1. INADEQUATE HOUSEHOLD FOOD STOCKS DUE TO DROUGHT/ POOR RAINS,,
1. North Central,31. Plateau,3110. LANGTANG SOUTH,2. RURAL,334,319025,1,2. NO,1. YES,2. NO,2. NO,1. YES,2. NO,2. NO,2. NO,2. NO,2. NO,2,3,4,2. NO,,,,,,,,,,,,,,,,,,,,,,,,
1. North Central,31. Plateau,3110. LANGTANG SOUTH,2. RURAL,334,319026,1,1. YES,1. YES,1. YES,2. NO,1. YES,1. YES,1. YES,2. NO,1. YES,2. NO,3,3,3,1. YES,0,0,0,0,0,0,0,0,0,0,0,0,0,0,1,1,0,0,0,0,1. INADEQUATE HOUSEHOLD FOOD STOCKS DUE TO DROUGHT/ POOR RAINS,2. INADEQUATE HOUSEHOLD FOOD STOCKS DUE TO CROP PEST DAMAGE,,
1. North Central,31. Plateau,3110. LANGTANG SOUTH,2. RURAL,334,319027,2,1. YES,2. NO,2. NO,1. YES,1. YES,1. YES,2. NO,1. YES,1. YES,2. NO,3,3,4,1. YES,0,0,0,0,0,0,0,0,0,0,0,0,0,0,0,1,0,0,0,0,1. INADEQUATE HOUSEHOLD FOOD STOCKS DUE TO DROUGHT/ POOR RAINS,2. INADEQUATE HOUSEHOLD FOOD STOCKS DUE TO CROP PEST DAMAGE,,
1. North Central,31. Plateau,3110. LANGTANG SOUTH,2. RURAL,334,319029,2,2. NO,2. NO,2. NO,2. NO,2. NO,2. NO,2. NO,2. NO,2. NO,2. NO,3,3,3,2. NO,,,,,,,,,,,,,,,,,,,,,,,,
1. North Central,31. Plateau,3110. LANGTANG SOUTH,2. RURAL,334,319030,2,2. NO,2. NO,2. NO,2. NO,2. NO,2. NO,2. NO,2. NO,2. NO,2. NO,3,4,3,2. NO,,,,,,,,,,,,,,,,,,,,,,,,
1. North Central,31. Plateau,3110. LANGTANG SOUTH,2. RURAL,334,319031,2,2. NO,1. YES,1. YES,2. NO,1. YES,2. NO,2. NO,2. NO,2. NO,2. NO,2,2,,1. YES,0,0,0,0,0,0,0,0,0,0,0,0,0,0,1,0,0,0,0,0,1. INADEQUATE HOUSEHOLD FOOD STOCKS DUE TO DROUGHT/ POOR RAINS,2. INADEQUATE HOUSEHOLD FOOD STOCKS DUE TO CROP PEST DAMAGE,,
1. North Central,31. Plateau,3110. LANGTANG SOUTH,2. RURAL,334,319032,5101,1. YES,1. YES,1. YES,1. YES,1. YES,1. YES,1. YES,1. YES,1. YES,1. YES,2,2,2,1. YES,0,0,0,0,0,0,0,0,0,0,0,1,1,0,0,0,0,0,0,0,5. FOOD IN THE MARKET WAS VERY EXPENSIVE,,,
1. North Central,31. Plateau,3110. LANGTANG SOUTH,2. RURAL,334,319033,1,1. YES,1. YES,1. YES,1. YES,1. YES,1. YES,1. YES,1. YES,1. YES,1. YES,2,2,2,1. YES,0,0,0,0,0,0,0,0,0,0,0,0,1,0,0,0,0,0,0,0,5. FOOD IN THE MARKET WAS VERY EXPENSIVE,,,
1. North Central,31. Plateau,3110. LANGTANG SOUTH,2. RURAL,334,319034,2,2. NO,2. NO,2. NO,2. NO,2. NO,2. NO,2. NO,2. NO,2. NO,2. NO,3,3,2,2. NO,,,,,,,,,,,,,,,,,,,,,,,,
1. North Central,31. Plateau,3110. LANGTANG SOUTH,2. RURAL,334,319036,1,1. YES,1. YES,1. YES,1. YES,1. YES,1. YES,1. YES,1. YES,1. YES,1. YES,2,2,,1. YES,0,0,0,0,0,0,0,0,0,0,0,0,1,0,0,0,0,0,0,0,5. FOOD IN THE MARKET WAS VERY EXPENSIVE,,,
1. North Central,31. Plateau,3111. MANGU,2. RURAL,1128,319037,1,2. NO,2. NO,2. NO,2. NO,2. NO,2. NO,2. NO,2. NO,2. NO,2. NO,3,3,,2. NO,,,,,,,,,,,,,,,,,,,,,,,,
1. North Central,31. Plateau,3111. MANGU,2. RURAL,1128,319038,1,2. NO,2. NO,2. NO,2. NO,2. NO,1. YES,2. NO,2. NO,2. NO,2. NO,3,3,3,2. NO,,,,,,,,,,,,,,,,,,,,,,,,
1. North Central,31. Plateau,3111. MANGU,2. RURAL,1128,319039,2,2. NO,2. NO,2. NO,2. NO,2. NO,2. NO,2. NO,2. NO,2. NO,2. NO,3,,,2. NO,,,,,,,,,,,,,,,,,,,,,,,,
1. North Central,31. Plateau,3111. MANGU,2. RURAL,1128,319040,2,1. YES,1. YES,1. YES,1. YES,1. YES,1. YES,1. YES,2. NO,1. YES,2. NO,2,3,,1. YES,0,0,0,0,0,0,0,0,0,0,0,0,0,0,1,0,0,0,0,0,12. LACK OF MONEY,,,
1. North Central,31. Plateau,3105. JOS NORTH,2. RURAL,0,319041,2,2. NO,1. YES,1. YES,2. NO,2. NO,2. NO,2. NO,2. NO,2. NO,2. NO,3,5,,2. NO,,,,,,,,,,,,,,,,,,,,,,,,
1. North Central,31. Plateau,3111. MANGU,2. RURAL,1128,319042,2,2. NO,1. YES,2. NO,1. YES,2. NO,1. YES,2. NO,2. NO,1. YES,1. YES,3,3,3,2. NO,,,,,,,,,,,,,,,,,,,,,,,,
1. North Central,31. Plateau,3111. MANGU,2. RURAL,1128,319043,1,1. YES,1. YES,1. YES,1. YES,1. YES,1. YES,1. YES,1. YES,1. YES,1. YES,1,,,1. YES,0,0,0,0,0,0,0,0,0,0,0,1,1,1,0,0,0,0,0,0,5. FOOD IN THE MARKET WAS VERY EXPENSIVE,,,
1. North Central,31. Plateau,3111. MANGU,2. RURAL,1128,319044,1,2. NO,2. NO,2. NO,2. NO,2. NO,2. NO,2. NO,2. NO,2. NO,2. NO,3,,3,2. NO,,,,,,,,,,,,,,,,,,,,,,,,
1. North Central,31. Plateau,3111. MANGU,2. RURAL,1128,319048,2,2. NO,2. NO,2. NO,2. NO,2. NO,2. NO,2. NO,2. NO,2. NO,2. NO,3,5,,2. NO,,,,,,,,,,,,,,,,,,,,,,,,
1. North Central,31. Plateau,3113. PANKSHIN,2. RURAL,870,319049,1,1. YES,1. YES,1. YES,1. YES,1. YES,2. NO,2. NO,1. YES,1. YES,2. NO,3,2,2,1. YES,0,0,0,0,0,0,0,0,0,0,0,0,1,0,0,0,0,0,0,0,1. INADEQUATE HOUSEHOLD FOOD STOCKS DUE TO DROUGHT/ POOR RAINS,,,
1. North Central,31. Plateau,3113. PANKSHIN,2. RURAL,870,319050,5101,2. NO,2. NO,2. NO,2. NO,2. NO,2. NO,2. NO,2. NO,2. NO,2. NO,3,4,4,2. NO,,,,,,,,,,,,,,,,,,,,,,,,
1. North Central,31. Plateau,3113. PANKSHIN,2. RURAL,870,319051,1,2. NO,2. NO,2. NO,2. NO,2. NO,2. NO,2. NO,2. NO,2. NO,2. NO,3,3,3,2. NO,,,,,,,,,,,,,,,,,,,,,,,,
1. North Central,31. Plateau,3113. PANKSHIN,2. RURAL,870,319052,2,1. YES,1. YES,1. YES,1. YES,1. YES,1. YES,1. YES,1. YES,1. YES,1. YES,3,,,1. YES,0,0,0,0,0,0,0,0,0,0,0,1,1,1,1,0,0,0,0,0,5. FOOD IN THE MARKET WAS VERY EXPENSIVE,12. LACK OF MONEY,,
1. North Central,31. Plateau,3113. PANKSHIN,2. RURAL,870,319054,5101,2. NO,2. NO,2. NO,2. NO,2. NO,2. NO,1. YES,1. YES,1. YES,1. YES,3,,,2. NO,,,,,,,,,,,,,,,,,,,,,,,,
1. North Central,31. Plateau,3105. JOS NORTH,2. RURAL,0,319056,101,2. NO,2. NO,1. YES,2. NO,2. NO,2. NO,2. NO,2. NO,2. NO,2. NO,2,,,2. NO,,,,,,,,,,,,,,,,,,,,,,,,
1. North Central,31. Plateau,3113. PANKSHIN,2. RURAL,870,319057,2,2. NO,2. NO,2. NO,2. NO,2. NO,2. NO,2. NO,2. NO,2. NO,2. NO,3,,,2. NO,,,,,,,,,,,,,,,,,,,,,,,,
1. North Central,31. Plateau,3113. PANKSHIN,2. RURAL,870,319058,1,1. YES,2. NO,2. NO,2. NO,2. NO,2. NO,2. NO,2. NO,1. YES,2. NO,3,,,2. NO,,,,,,,,,,,,,,,,,,,,,,,,
1. North Central,31. Plateau,3113. PANKSHIN,2. RURAL,870,319059,1,1. YES,1. YES,1. YES,1. YES,1. YES,1. YES,1. YES,1. YES,1. YES,1. YES,1,2,1,2. NO,,,,,,,,,,,,,,,,,,,,,,,,
1. North Central,31. Plateau,3113. PANKSHIN,2. RURAL,870,319060,1,1. YES,1. YES,1. YES,1. YES,1. YES,1. YES,1. YES,1. YES,1. YES,1. YES,2,2,2,1. YES,0,0,0,0,0,0,0,0,0,0,0,0,1,0,0,0,0,0,0,0,5. FOOD IN THE MARKET WAS VERY EXPENSIVE,,,
1. North Central,31. Plateau,3117. WASE,2. RURAL,1288,319061,1,1. YES,1. YES,1. YES,1. YES,1. YES,1. YES,2. NO,2. NO,2. NO,2. NO,2,3,3,2. NO,,,,,,,,,,,,,,,,,,,,,,,,
1. North Central,31. Plateau,3117. WASE,2. RURAL,1288,319062,2,1. YES,1. YES,1. YES,1. YES,1. YES,1. YES,1. YES,1. YES,1. YES,1. YES,2,2,3,1. YES,0,0,0,0,0,0,0,0,0,0,0,0,1,0,0,0,0,0,0,0,5. FOOD IN THE MARKET WAS VERY EXPENSIVE,,,
1. North Central,31. Plateau,3117. WASE,2. RURAL,1288,319063,2,2. NO,2. NO,2. NO,2. NO,2. NO,2. NO,2. NO,2. NO,2. NO,2. NO,3,5,3,2. NO,,,,,,,,,,,,,,,,,,,,,,,,
1. North Central,31. Plateau,3117. WASE,2. RURAL,1288,319064,1,1. YES,1. YES,1. YES,1. YES,2. NO,2. NO,1. YES,1. YES,1. YES,2. NO,3,5,5,1. YES,0,0,0,0,0,0,0,0,0,0,0,0,0,0,1,1,0,0,0,0,2. INADEQUATE HOUSEHOLD FOOD STOCKS DUE TO CROP PEST DAMAGE,1. INADEQUATE HOUSEHOLD FOOD STOCKS DUE TO DROUGHT/ POOR RAINS,3. INADEQUATE HOUSEHOLD FOOD STOCKS DUE TO SMALL LAND SIZE,
1. North Central,31. Plateau,3117. WASE,2. RURAL,1288,319065,2,2. NO,2. NO,2. NO,2. NO,2. NO,2. NO,2. NO,2. NO,2. NO,2. NO,3,3,3,2. NO,,,,,,,,,,,,,,,,,,,,,,,,
1. North Central,31. Plateau,3117. WASE,2. RURAL,1288,319069,4,1. YES,1. YES,1. YES,1. YES,1. YES,1. YES,1. YES,1. YES,1. YES,1. YES,2,3,2,1. YES,0,0,0,0,0,0,0,0,0,0,0,0,1,0,0,0,0,0,0,0,5. FOOD IN THE MARKET WAS VERY EXPENSIVE,,,
1. North Central,31. Plateau,3117. WASE,2. RURAL,1288,319070,1,2. NO,1. YES,1. YES,2. NO,2. NO,2. NO,1. YES,1. YES,1. YES,2. NO,3,4,4,1. YES,0,0,0,0,0,0,0,0,0,0,1,1,1,1,1,1,0,0,0,0,1. INADEQUATE HOUSEHOLD FOOD STOCKS DUE TO DROUGHT/ POOR RAINS,,,
1. North Central,31. Plateau,3117. WASE,2. RURAL,1288,319071,2,1. YES,1. YES,1. YES,1. YES,1. YES,1. YES,1. YES,1. YES,2. NO,1. YES,3,,,1. YES,0,0,0,0,0,0,0,0,0,0,0,0,1,0,0,0,0,0,0,0,5. FOOD IN THE MARKET WAS VERY EXPENSIVE,,,
1. North Central,31. Plateau,3117. WASE,2. RURAL,1288,319072,2,2. NO,2. NO,2. NO,2. NO,2. NO,2. NO,2. NO,2. NO,2. NO,2. NO,3,5,3,2. NO,,,,,,,,,,,,,,,,,,,,,,,,
1. North Central,31. Plateau,3111. MANGU,2. RURAL,1128,319079,2,1. YES,1. YES,1. YES,1. YES,1. YES,1. YES,1. YES,1. YES,1. YES,1. YES,2,3,,1. YES,0,0,0,0,0,0,0,0,0,0,0,0,1,1,1,0,0,0,0,0,5. FOOD IN THE MARKET WAS VERY EXPENSIVE,,,
1. North Central,31. Plateau,3117. WASE,2. RURAL,1288,319083,3,1. YES,1. YES,1. YES,1. YES,1. YES,1. YES,1. YES,1. YES,1. YES,1. YES,2,2,3,1. YES,0,0,0,0,0,0,0,0,0,0,0,0,1,1,0,0,0,0,0,0,5. FOOD IN THE MARKET WAS VERY EXPENSIVE,,,
5. South South,32. Rivers,3215. OBIO AKPOR,1. URBAN,0,320001,1,1. YES,1. YES,1. YES,2. NO,1. YES,2. NO,2. NO,2. NO,2. NO,2. NO,3,,,1. YES,0,0,0,0,0,0,0,0,1,0,0,0,0,0,0,0,0,0,0,0,12. LACK OF MONEY,,,
5. South South,32. Rivers,3222. PORT HARCOURT,1. URBAN,0,320002,2,1. YES,2. NO,1. YES,2. NO,2. NO,2. NO,2. NO,2. NO,2. NO,2. NO,3,5,,1. YES,0,0,0,0,0,0,0,0,1,1,1,1,1,1,1,1,0,0,0,0,5. FOOD IN THE MARKET WAS VERY EXPENSIVE,6. UNABLE TO REACH THE MARKET DUE TO HIGH TRANSPORTATION COSTS,13. LACK OF ACCESS TO MONEY AT THE BANK DUE TO NAIRA REDESIGN,
5. South South,32. Rivers,3215. OBIO AKPOR,1. URBAN,0,320007,1,1. YES,1. YES,1. YES,1. YES,1. YES,2. NO,2. NO,2. NO,2. NO,2. NO,3,3,,2. NO,,,,,,,,,,,,,,,,,,,,,,,,
5. South South,32. Rivers,3213. IKWERRE,1. URBAN,0,320008,1,1. YES,1. YES,1. YES,1. YES,1. YES,2. NO,2. NO,2. NO,2. NO,2. NO,2,,,1. YES,0,0,0,0,0,0,0,0,0,1,0,1,0,0,0,0,0,0,0,0,13. LACK OF ACCESS TO MONEY AT THE BANK DUE TO NAIRA REDESIGN,12. LACK OF MONEY,,
5. South South,6. Bayelsa,608. YENEGOA,1. URBAN,0,320009,1,2. NO,2. NO,2. NO,2. NO,2. NO,2. NO,2. NO,2. NO,2. NO,2. NO,2,,,2. NO,,,,,,,,,,,,,,,,,,,,,,,,
4. South East,16. Imo,1626. OWERRI WEST,1. URBAN,0,320010,2,1. YES,1. YES,1. YES,1. YES,1. YES,1. YES,1. YES,2. NO,1. YES,1. YES,2,2,,1. YES,1,0,0,0,0,0,0,0,0,0,0,0,0,0,0,0,0,0,0,0,5. FOOD IN THE MARKET WAS VERY EXPENSIVE,12. LACK OF MONEY,,
5. South South,32. Rivers,3213. IKWERRE,2. RURAL,128,320051,2,1. YES,1. YES,1. YES,1. YES,1. YES,1. YES,1. YES,2. NO,2. NO,2. NO,2,,,1. YES,0,0,0,0,0,0,0,0,1,1,1,1,1,1,1,0,0,0,0,0,12. LACK OF MONEY,,,
5. South South,32. Rivers,3213. IKWERRE,2. RURAL,128,320052,10,1. YES,1. YES,1. YES,1. YES,1. YES,2. NO,1. YES,2. NO,1. YES,1. YES,4,5,,1. YES,0,0,1,0,0,0,0,0,0,0,0,0,0,0,0,0,0,0,0,0,12. LACK OF MONEY,,,
5. South South,32. Rivers,3222. PORT HARCOURT,1. URBAN,0,320054,1,2. NO,2. NO,2. NO,2. NO,2. NO,2. NO,2. NO,2. NO,2. NO,2. NO,2,,,2. NO,,,,,,,,,,,,,,,,,,,,,,,,
5. South South,32. Rivers,3215. OBIO AKPOR,1. URBAN,4712,320055,1,1. YES,1. YES,1. YES,1. YES,1. YES,1. YES,1. YES,2. NO,1. YES,2. NO,2,3,,2. NO,,,,,,,,,,,,,,,,,,,,,,,,
5. South South,32. Rivers,3215. OBIO AKPOR,2. RURAL,0,320056,1,2. NO,2. NO,2. NO,2. NO,2. NO,2. NO,2. NO,2. NO,2. NO,2. NO,3,,,2. NO,,,,,,,,,,,,,,,,,,,,,,,,
5. South South,32. Rivers,3222. PORT HARCOURT,1. URBAN,0,320057,1,2. NO,2. NO,2. NO,2. NO,1. YES,1. YES,2. NO,2. NO,2. NO,2. NO,3,,,1. YES,0,0,0,0,0,0,0,0,0,0,0,1,0,0,0,0,0,0,0,0,12. LACK OF MONEY,,,
5. South South,6. Bayelsa,608. YENEGOA,1. URBAN,0,320061,1,2. NO,2. NO,2. NO,2. NO,2. NO,2. NO,2. NO,2. NO,2. NO,2. NO,2,3,3,2. NO,,,,,,,,,,,,,,,,,,,,,,,,
5. South South,10. Delta,1019. UGHELLI NORTH,1. URBAN,0,320063,1,1. YES,1. YES,1. YES,1. YES,1. YES,1. YES,1. YES,2. NO,1. YES,2. NO,2,3,,1. YES,0,0,0,0,0,0,0,0,0,1,1,1,1,1,1,1,0,0,0,0,12. LACK OF MONEY,,,
5. South South,32. Rivers,3206. ASARI TORO,2. RURAL,276,320074,2,1. YES,1. YES,1. YES,2. NO,1. YES,1. YES,2. NO,2. NO,2. NO,2. NO,3,,,1. YES,1,0,0,0,0,0,0,0,0,0,0,0,0,0,0,0,0,0,0,0,3. INADEQUATE HOUSEHOLD FOOD STOCKS DUE TO SMALL LAND SIZE,10. INADEQUATE FOOD STOCK FROM FARM DUE TO CONFLICT/SECURITY,5. FOOD IN THE MARKET WAS VERY EXPENSIVE,
5. South South,32. Rivers,3215. OBIO AKPOR,1. URBAN,0,320075,2,2. NO,1. YES,1. YES,2. NO,1. YES,1. YES,2. NO,2. NO,2. NO,2. NO,3,,,1. YES,0,0,0,0,0,0,0,0,1,1,1,1,1,0,0,0,0,0,0,0,12. LACK OF MONEY,,,
5. South South,32. Rivers,3206. ASARI TORO,2. RURAL,276,320076,1,1. YES,1. YES,1. YES,2. NO,2. NO,2. NO,2. NO,2. NO,2. NO,2. NO,3,,,1. YES,1,0,0,0,0,0,0,0,0,0,0,0,0,0,0,0,0,0,0,0,5. FOOD IN THE MARKET WAS VERY EXPENSIVE,6. UNABLE TO REACH THE MARKET DUE TO HIGH TRANSPORTATION COSTS,13. LACK OF ACCESS TO MONEY AT THE BANK DUE TO NAIRA REDESIGN,
5. South South,32. Rivers,3206. ASARI TORO,2. RURAL,0,320077,6,2. NO,2. NO,2. NO,2. NO,2. NO,2. NO,2. NO,2. NO,2. NO,2. NO,2,3,,2. NO,,,,,,,,,,,,,,,,,,,,,,,,
5. South South,32. Rivers,3206. ASARI TORO,2. RURAL,276,320078,1,1. YES,1. YES,1. YES,2. NO,1. YES,1. YES,2. NO,2. NO,1. YES,2. NO,3,,,2. NO,,,,,,,,,,,,,,,,,,,,,,,,
5. South South,32. Rivers,3206. ASARI TORO,2. RURAL,276,320080,2,1. YES,1. YES,1. YES,1. YES,1. YES,2. NO,2. NO,2. NO,2. NO,2. NO,3,,,2. NO,,,,,,,,,,,,,,,,,,,,,,,,
5. South South,32. Rivers,3206. ASARI TORO,2. RURAL,276,320081,2,1. YES,1. YES,1. YES,2. NO,2. NO,1. YES,2. NO,2. NO,2. NO,2. NO,3,,,2. NO,,,,,,,,,,,,,,,,,,,,,,,,
5. South South,32. Rivers,3206. ASARI TORO,2. RURAL,276,320082,1,1. YES,1. YES,1. YES,1. YES,1. YES,1. YES,1. YES,2. NO,2. NO,2. NO,2,2,,1. YES,0,0,0,0,0,0,0,0,0,0,0,0,0,0,1,0,0,0,0,0,12. LACK OF MONEY,,,
5. South South,32. Rivers,3215. OBIO AKPOR,2. RURAL,0,320083,1,1. YES,1. YES,1. YES,1. YES,1. YES,2. NO,2. NO,2. NO,1. YES,2. NO,2,3,3,1. YES,1,0,0,0,0,0,0,0,0,0,0,0,0,0,0,0,0,0,0,0,12. LACK OF MONEY,,,
5. South South,32. Rivers,3215. OBIO AKPOR,2. RURAL,0,320181,1,1. YES,1. YES,1. YES,1. YES,1. YES,1. YES,1. YES,2. NO,2. NO,2. NO,3,3,,2. NO,,,,,,,,,,,,,,,,,,,,,,,,
5. South South,32. Rivers,3213. IKWERRE,2. RURAL,128,320182,2,2. NO,2. NO,1. YES,2. NO,2. NO,2. NO,1. YES,2. NO,2. NO,2. NO,3,,,2. NO,,,,,,,,,,,,,,,,,,,,,,,,
5. South South,32. Rivers,3213. IKWERRE,2. RURAL,128,320183,2,1. YES,1. YES,1. YES,1. YES,1. YES,1. YES,1. YES,1. YES,2. NO,2. NO,2,,,1. YES,0,0,0,0,0,0,0,0,0,0,0,0,0,1,1,0,0,0,0,0,12. LACK OF MONEY,,,
5. South South,32. Rivers,3213. IKWERRE,2. RURAL,128,320184,1,2. NO,2. NO,2. NO,2. NO,2. NO,2. NO,2. NO,2. NO,2. NO,2. NO,3,3,,2. NO,,,,,,,,,,,,,,,,,,,,,,,,
5. South South,32. Rivers,3215. OBIO AKPOR,1. URBAN,0,320185,1,1. YES,1. YES,1. YES,1. YES,1. YES,2. NO,2. NO,2. NO,1. YES,2. NO,3,3,,1. YES,0,0,0,0,0,0,0,0,0,1,1,0,0,0,0,0,0,0,0,0,12. LACK OF MONEY,,,
5. South South,32. Rivers,3213. IKWERRE,2. RURAL,128,320186,1,1. YES,1. YES,1. YES,1. YES,1. YES,1. YES,1. YES,2. NO,1. YES,1. YES,2,2,,1. YES,0,0,0,0,0,0,0,0,0,0,0,0,1,1,0,0,0,0,0,0,12. LACK OF MONEY,,,
5. South South,32. Rivers,3213. IKWERRE,2. RURAL,128,320191,2,2. NO,2. NO,2. NO,2. NO,2. NO,2. NO,2. NO,2. NO,2. NO,2. NO,3,4,,2. NO,,,,,,,,,,,,,,,,,,,,,,,,
5. South South,32. Rivers,3203. AHOADA WEST,2. RURAL,1420,329001,2,1. YES,1. YES,1. YES,1. YES,1. YES,1. YES,1. YES,2. NO,1. YES,2. NO,2,2,,1. YES,0,0,0,0,0,0,0,0,0,0,0,0,0,0,0,1,0,0,0,0,12. LACK OF MONEY,,,
5. South South,32. Rivers,3203. AHOADA WEST,2. RURAL,1420,329002,2,1. YES,1. YES,1. YES,1. YES,1. YES,1. YES,1. YES,2. NO,1. YES,2. NO,3,3,3,1. YES,0,0,0,0,0,0,0,0,0,0,0,0,0,0,1,0,0,0,0,0,12. LACK OF MONEY,,,
5. South South,32. Rivers,3203. AHOADA WEST,2. RURAL,1420,329003,2,1. YES,1. YES,1. YES,2. NO,1. YES,1. YES,2. NO,2. NO,2. NO,2. NO,3,3,5,1. YES,0,0,0,0,0,0,0,0,0,0,1,1,1,1,1,1,0,0,0,0,13. LACK OF ACCESS TO MONEY AT THE BANK DUE TO NAIRA REDESIGN,5. FOOD IN THE MARKET WAS VERY EXPENSIVE,11. UNABLE TO REACH THE MARKET DUE TO CONFLICT/SECURITY,
5. South South,32. Rivers,3203. AHOADA WEST,2. RURAL,1420,329005,1,1. YES,1. YES,1. YES,1. YES,1. YES,1. YES,1. YES,2. NO,1. YES,1. YES,3,3,,1. YES,0,0,0,0,0,0,0,0,0,0,0,0,0,1,0,0,0,0,0,0,12. LACK OF MONEY,,,
5. South South,32. Rivers,3203. AHOADA WEST,2. RURAL,1420,329006,6,1. YES,1. YES,1. YES,1. YES,1. YES,1. YES,1. YES,1. YES,1. YES,1. YES,2,,,1. YES,0,0,0,0,1,0,1,1,1,1,1,1,1,1,1,0,0,0,0,0,12. LACK OF MONEY,,,
5. South South,32. Rivers,3203. AHOADA WEST,2. RURAL,1420,329007,1,1. YES,1. YES,1. YES,1. YES,1. YES,1. YES,1. YES,2. NO,2. NO,2. NO,3,2,,1. YES,0,0,0,0,0,0,0,0,1,1,0,0,0,0,0,0,0,0,0,0,12. LACK OF MONEY,,,
5. South South,32. Rivers,3203. AHOADA WEST,2. RURAL,1420,329009,5,1. YES,1. YES,1. YES,1. YES,1. YES,1. YES,1. YES,2. NO,2. NO,2. NO,3,,,1. YES,0,0,0,0,0,0,0,0,0,0,1,1,1,0,0,0,0,0,0,0,12. LACK OF MONEY,,,
5. South South,32. Rivers,3203. AHOADA WEST,2. RURAL,1420,329010,2,1. YES,1. YES,1. YES,2. NO,2. NO,1. YES,2. NO,2. NO,2. NO,2. NO,3,,,1. YES,1,0,0,0,0,0,0,0,0,0,0,0,0,0,0,0,0,0,0,0,5. FOOD IN THE MARKET WAS VERY EXPENSIVE,13. LACK OF ACCESS TO MONEY AT THE BANK DUE TO NAIRA REDESIGN,12. LACK OF MONEY,
5. South South,32. Rivers,3203. AHOADA WEST,2. RURAL,0,329011,1,1. YES,1. YES,1. YES,1. YES,1. YES,2. NO,2. NO,2. NO,2. NO,2. NO,3,3,,1. YES,0,0,0,0,0,0,0,0,0,0,1,0,0,0,0,0,0,0,0,0,12. LACK OF MONEY,,,
5. South South,32. Rivers,3203. AHOADA WEST,2. RURAL,1420,329012,2,1. YES,1. YES,1. YES,2. NO,2. NO,2. NO,2. NO,2. NO,2. NO,2. NO,3,,5,1. YES,1,0,0,0,0,0,0,0,0,0,0,0,0,0,0,0,0,0,0,0,12. LACK OF MONEY,13. LACK OF ACCESS TO MONEY AT THE BANK DUE TO NAIRA REDESIGN,11. UNABLE TO REACH THE MARKET DUE TO CONFLICT/SECURITY,
5. South South,32. Rivers,3205. ANDONI,2. RURAL,846,329013,2,1. YES,1. YES,1. YES,2. NO,2. NO,2. NO,2. NO,2. NO,2. NO,2. NO,2,3,3,1. YES,0,0,0,0,0,0,0,1,1,1,1,1,1,1,1,1,0,0,0,0,5. FOOD IN THE MARKET WAS VERY EXPENSIVE,6. UNABLE TO REACH THE MARKET DUE TO HIGH TRANSPORTATION COSTS,13. LACK OF ACCESS TO MONEY AT THE BANK DUE TO NAIRA REDESIGN,
5. South South,32. Rivers,3205. ANDONI,2. RURAL,846,329014,2,1. YES,1. YES,1. YES,1. YES,1. YES,1. YES,1. YES,1. YES,1. YES,1. YES,2,2,2,1. YES,0,0,0,0,0,0,0,0,1,1,1,1,1,1,1,0,0,0,0,0,5. FOOD IN THE MARKET WAS VERY EXPENSIVE,6. UNABLE TO REACH THE MARKET DUE TO HIGH TRANSPORTATION COSTS,12. LACK OF MONEY,
6. South West,24. Lagos,2417. OJO,2. RURAL,0,329015,1,1. YES,1. YES,1. YES,2. NO,2. NO,2. NO,2. NO,2. NO,2. NO,2. NO,2,2,,2. NO,,,,,,,,,,,,,,,,,,,,,,,,
5. South South,32. Rivers,3205. ANDONI,2. RURAL,846,329016,1,1. YES,1. YES,1. YES,1. YES,1. YES,1. YES,1. YES,1. YES,1. YES,1. YES,2,3,,1. YES,0,0,0,0,0,0,0,0,0,0,0,1,0,0,0,0,0,0,0,0,12. LACK OF MONEY,,,
5. South South,32. Rivers,3205. ANDONI,2. RURAL,846,329017,2,1. YES,1. YES,1. YES,2. NO,2. NO,2. NO,2. NO,2. NO,2. NO,2. NO,4,,,1. YES,1,0,0,0,0,0,0,0,0,0,0,0,0,0,0,0,0,0,0,0,5. FOOD IN THE MARKET WAS VERY EXPENSIVE,6. UNABLE TO REACH THE MARKET DUE TO HIGH TRANSPORTATION COSTS,12. LACK OF MONEY,
5. South South,32. Rivers,3207. BONNY,2. RURAL,0,329019,2,1. YES,1. YES,1. YES,1. YES,1. YES,1. YES,1. YES,2. NO,2. NO,2. NO,2,,3,1. YES,0,0,0,0,0,0,0,0,0,0,0,0,0,1,1,1,0,0,0,0,12. LACK OF MONEY,,,
5. South South,32. Rivers,3205. ANDONI,2. RURAL,846,329021,1,1. YES,1. YES,1. YES,1. YES,1. YES,1. YES,2. NO,2. NO,2. NO,2. NO,3,3,,2. NO,,,,,,,,,,,,,,,,,,,,,,,,
5. South South,32. Rivers,3205. ANDONI,2. RURAL,846,329023,1,1. YES,1. YES,1. YES,2. NO,1. YES,2. NO,2. NO,2. NO,2. NO,2. NO,3,3,4,1. YES,0,0,0,0,0,0,0,0,0,0,1,0,0,0,0,0,0,0,0,0,12. LACK OF MONEY,,,
5. South South,32. Rivers,3206. ASARI TORO,1. URBAN,622,329025,1,1. YES,1. YES,1. YES,1. YES,1. YES,1. YES,1. YES,2. NO,2. NO,2. NO,3,3,,1. YES,0,0,0,0,0,0,0,0,1,1,1,1,1,0,0,0,0,0,0,0,12. LACK OF MONEY,,,
5. South South,32. Rivers,3206. ASARI TORO,1. URBAN,622,329026,2,1. YES,1. YES,1. YES,1. YES,1. YES,1. YES,1. YES,2. NO,1. YES,2. NO,3,3,,1. YES,0,0,0,0,0,0,0,0,0,0,1,0,1,0,0,0,0,0,0,0,12. LACK OF MONEY,,,
5. South South,32. Rivers,3218. OKIRIKA,1. URBAN,0,329028,5101,1. YES,1. YES,1. YES,1. YES,1. YES,1. YES,1. YES,2. NO,2. NO,2. NO,2,,,1. YES,0,0,0,0,0,0,0,0,0,0,0,1,1,0,0,0,0,0,0,0,12. LACK OF MONEY,,,
5. South South,32. Rivers,3206. ASARI TORO,1. URBAN,622,329029,1,1. YES,1. YES,1. YES,1. YES,1. YES,1. YES,2. NO,2. NO,2. NO,2. NO,3,4,,1. YES,0,0,0,0,0,0,0,0,0,0,1,0,0,0,0,0,0,0,0,0,12. LACK OF MONEY,,,
5. South South,32. Rivers,3206. ASARI TORO,1. URBAN,622,329030,2,1. YES,1. YES,1. YES,2. NO,1. YES,1. YES,2. NO,2. NO,2. NO,2. NO,3,4,,1. YES,1,0,0,0,0,0,0,0,0,0,0,0,0,0,0,0,0,0,0,0,12. LACK OF MONEY,13. LACK OF ACCESS TO MONEY AT THE BANK DUE TO NAIRA REDESIGN,5. FOOD IN THE MARKET WAS VERY EXPENSIVE,
5. South South,32. Rivers,3206. ASARI TORO,1. URBAN,622,329031,2,2. NO,1. YES,1. YES,1. YES,1. YES,2. NO,2. NO,2. NO,1. YES,2. NO,2,2,,2. NO,,,,,,,,,,,,,,,,,,,,,,,,
5. South South,32. Rivers,3222. PORT HARCOURT,1. URBAN,0,329033,1,1. YES,1. YES,2. NO,2. NO,1. YES,2. NO,2. NO,2. NO,2. NO,2. NO,3,,,1. YES,0,0,0,0,0,0,1,1,1,1,1,1,1,1,1,1,1,1,0,0,5. FOOD IN THE MARKET WAS VERY EXPENSIVE,13. LACK OF ACCESS TO MONEY AT THE BANK DUE TO NAIRA REDESIGN,12. LACK OF MONEY,
5. South South,32. Rivers,3206. ASARI TORO,1. URBAN,622,329034,1,1. YES,1. YES,1. YES,1. YES,1. YES,2. NO,1. YES,2. NO,2. NO,2. NO,3,,,1. YES,0,0,0,0,0,0,0,0,0,0,0,0,0,1,0,0,0,0,0,0,12. LACK OF MONEY,,,
5. South South,32. Rivers,3206. ASARI TORO,1. URBAN,622,329035,1,2. NO,1. YES,1. YES,2. NO,2. NO,2. NO,2. NO,2. NO,2. NO,2. NO,3,3,,1. YES,0,0,0,0,0,0,0,0,1,1,1,0,0,0,0,0,0,0,0,0,5. FOOD IN THE MARKET WAS VERY EXPENSIVE,12. LACK OF MONEY,,
5. South South,32. Rivers,3206. ASARI TORO,1. URBAN,622,329036,2,1. YES,1. YES,1. YES,1. YES,1. YES,1. YES,1. YES,2. NO,1. YES,2. NO,3,3,,1. YES,0,0,0,0,0,0,0,1,1,1,1,1,1,0,1,1,0,0,0,0,6. UNABLE TO REACH THE MARKET DUE TO HIGH TRANSPORTATION COSTS,12. LACK OF MONEY,5. FOOD IN THE MARKET WAS VERY EXPENSIVE,
5. South South,32. Rivers,3206. ASARI TORO,1. URBAN,1646,329037,1,1. YES,1. YES,1. YES,2. NO,1. YES,2. NO,2. NO,2. NO,2. NO,2. NO,3,4,,2. NO,,,,,,,,,,,,,,,,,,,,,,,,
5. South South,32. Rivers,3206. ASARI TORO,1. URBAN,1646,329038,1,1. YES,1. YES,1. YES,1. YES,1. YES,1. YES,1. YES,2. NO,1. YES,1. YES,3,,6,1. YES,0,0,0,0,0,0,0,0,1,1,1,0,0,0,0,0,1,0,0,0,12. LACK OF MONEY,5. FOOD IN THE MARKET WAS VERY EXPENSIVE,,
5. South South,32. Rivers,3206. ASARI TORO,1. URBAN,1646,329039,2,1. YES,1. YES,1. YES,1. YES,1. YES,1. YES,1. YES,1. YES,1. YES,2. NO,2,3,4,1. YES,0,0,0,0,0,0,0,0,1,1,1,1,1,1,1,0,0,0,0,0,12. LACK OF MONEY,,,
5. South South,32. Rivers,3206. ASARI TORO,1. URBAN,1646,329040,5101,1. YES,1. YES,1. YES,1. YES,1. YES,1. YES,1. YES,1. YES,2. NO,2. NO,3,,,1. YES,0,0,0,0,0,0,0,0,1,1,1,1,1,0,0,0,0,0,0,0,12. LACK OF MONEY,,,
5. South South,32. Rivers,3206. ASARI TORO,1. URBAN,1646,329041,1,1. YES,1. YES,1. YES,1. YES,1. YES,1. YES,1. YES,2. NO,2. NO,2. NO,2,3,,2. NO,,,,,,,,,,,,,,,,,,,,,,,,
5. South South,32. Rivers,3206. ASARI TORO,1. URBAN,1646,329042,1801,1. YES,1. YES,1. YES,1. YES,1. YES,1. YES,1. YES,2. NO,1. YES,2. NO,2,3,,1. YES,1,0,0,0,0,0,0,0,0,0,0,0,0,0,0,0,0,0,0,0,12. LACK OF MONEY,,,
5. South South,32. Rivers,3206. ASARI TORO,1. URBAN,1646,329046,1,1. YES,1. YES,1. YES,1. YES,1. YES,1. YES,1. YES,2. NO,2. NO,2. NO,2,,,1. YES,0,0,0,0,0,0,0,0,0,0,0,0,0,0,1,0,0,0,0,0,12. LACK OF MONEY,,,
5. South South,32. Rivers,3206. ASARI TORO,1. URBAN,1646,329047,1,1. YES,2. NO,1. YES,1. YES,1. YES,1. YES,1. YES,2. NO,2. NO,2. NO,2,3,,2. NO,,,,,,,,,,,,,,,,,,,,,,,,
5. South South,32. Rivers,3206. ASARI TORO,1. URBAN,1646,329048,1,1. YES,1. YES,2. NO,2. NO,1. YES,1. YES,2. NO,2. NO,2. NO,2. NO,3,,,1. YES,1,0,0,0,0,0,0,0,0,0,0,0,0,0,0,0,0,0,0,0,12. LACK OF MONEY,13. LACK OF ACCESS TO MONEY AT THE BANK DUE TO NAIRA REDESIGN,6. UNABLE TO REACH THE MARKET DUE TO HIGH TRANSPORTATION COSTS,
5. South South,32. Rivers,3212. GOKANA,2. RURAL,450,329049,1,1. YES,1. YES,1. YES,1. YES,1. YES,2. NO,2. NO,2. NO,2. NO,2. NO,2,2,,1. YES,0,0,0,0,0,0,0,0,1,1,0,0,0,0,0,0,0,0,0,0,12. LACK OF MONEY,,,
5. South South,32. Rivers,3212. GOKANA,2. RURAL,450,329050,2,2. NO,2. NO,2. NO,2. NO,2. NO,2. NO,2. NO,2. NO,2. NO,2. NO,3,3,,2. NO,,,,,,,,,,,,,,,,,,,,,,,,
5. South South,32. Rivers,3215. OBIO AKPOR,2. RURAL,0,329053,2,1. YES,1. YES,1. YES,1. YES,1. YES,2. NO,1. YES,2. NO,1. YES,2. NO,2,,3,1. YES,0,0,0,0,0,0,0,0,0,0,0,0,0,0,0,0,1,0,0,0,12. LACK OF MONEY,,,
5. South South,32. Rivers,3212. GOKANA,2. RURAL,450,329054,1,1. YES,1. YES,1. YES,1. YES,1. YES,2. NO,2. NO,2. NO,2. NO,2. NO,3,,,2. NO,,,,,,,,,,,,,,,,,,,,,,,,
5. South South,32. Rivers,3212. GOKANA,2. RURAL,450,329055,1,1. YES,1. YES,2. NO,2. NO,2. NO,2. NO,1. YES,2. NO,1. YES,2. NO,3,,,1. YES,0,0,0,0,0,0,0,0,0,1,1,1,1,1,1,1,0,0,0,0,5. FOOD IN THE MARKET WAS VERY EXPENSIVE,6. UNABLE TO REACH THE MARKET DUE TO HIGH TRANSPORTATION COSTS,13. LACK OF ACCESS TO MONEY AT THE BANK DUE TO NAIRA REDESIGN,
5. South South,32. Rivers,3215. OBIO AKPOR,2. RURAL,0,329056,1,1. YES,1. YES,1. YES,1. YES,1. YES,1. YES,1. YES,2. NO,1. YES,2. NO,2,,,2. NO,,,,,,,,,,,,,,,,,,,,,,,,
5. South South,32. Rivers,3212. GOKANA,2. RURAL,450,329057,2,1. YES,2. NO,1. YES,2. NO,1. YES,2. NO,2. NO,2. NO,2. NO,2. NO,3,5,,1. YES,1,0,0,0,0,0,0,0,0,0,0,0,0,0,0,0,0,0,0,0,12. LACK OF MONEY,13. LACK OF ACCESS TO MONEY AT THE BANK DUE TO NAIRA REDESIGN,5. FOOD IN THE MARKET WAS VERY EXPENSIVE,
5. South South,32. Rivers,3212. GOKANA,2. RURAL,450,329058,2,1. YES,1. YES,1. YES,2. NO,1. YES,2. NO,2. NO,2. NO,2. NO,2. NO,3,3,,2. NO,,,,,,,,,,,,,,,,,,,,,,,,
5. South South,32. Rivers,3212. GOKANA,2. RURAL,450,329059,2,1. YES,1. YES,2. NO,2. NO,1. YES,2. NO,2. NO,2. NO,2. NO,2. NO,3,4,,1. YES,1,0,0,0,0,0,0,0,0,0,0,0,0,0,0,0,0,0,0,0,5. FOOD IN THE MARKET WAS VERY EXPENSIVE,6. UNABLE TO REACH THE MARKET DUE TO HIGH TRANSPORTATION COSTS,13. LACK OF ACCESS TO MONEY AT THE BANK DUE TO NAIRA REDESIGN,
5. South South,32. Rivers,3215. OBIO AKPOR,2. RURAL,0,329060,5101,1. YES,1. YES,1. YES,1. YES,1. YES,2. NO,2. NO,2. NO,2. NO,2. NO,3,,,1. YES,0,0,0,0,0,1,0,0,0,0,0,0,0,0,0,0,0,0,0,0,12. LACK OF MONEY,,,
5. South South,32. Rivers,3213. IKWERRE,2. RURAL,282,329061,2,1. YES,1. YES,1. YES,1. YES,1. YES,1. YES,2. NO,2. NO,2. NO,2. NO,3,,,1. YES,0,0,0,0,0,0,0,0,0,0,0,0,1,1,1,1,0,0,0,0,5. FOOD IN THE MARKET WAS VERY EXPENSIVE,6. UNABLE TO REACH THE MARKET DUE TO HIGH TRANSPORTATION COSTS,12. LACK OF MONEY,
5. South South,32. Rivers,3213. IKWERRE,2. RURAL,282,329062,1,2. NO,2. NO,2. NO,2. NO,2. NO,2. NO,2. NO,2. NO,2. NO,2. NO,3,,,2. NO,,,,,,,,,,,,,,,,,,,,,,,,
5. South South,32. Rivers,3213. IKWERRE,2. RURAL,282,329063,2,2. NO,2. NO,2. NO,2. NO,2. NO,2. NO,2. NO,2. NO,2. NO,2. NO,3,3,,2. NO,,,,,,,,,,,,,,,,,,,,,,,,
5. South South,32. Rivers,3213. IKWERRE,2. RURAL,282,329065,1,2. NO,2. NO,2. NO,2. NO,2. NO,2. NO,2. NO,2. NO,2. NO,2. NO,2,,,2. NO,,,,,,,,,,,,,,,,,,,,,,,,
5. South South,32. Rivers,3213. IKWERRE,2. RURAL,282,329066,2,1. YES,1. YES,1. YES,1. YES,1. YES,1. YES,2. NO,2. NO,1. YES,2. NO,3,,,1. YES,0,0,0,0,0,0,0,0,0,0,1,1,1,1,1,1,0,0,0,0,5. FOOD IN THE MARKET WAS VERY EXPENSIVE,6. UNABLE TO REACH THE MARKET DUE TO HIGH TRANSPORTATION COSTS,4. INADEQUATE HOUSEHOLD FOOD STOCKS DUE TO LACK OF FARM INPUTS,
5. South South,32. Rivers,3213. IKWERRE,2. RURAL,282,329067,1,1. YES,1. YES,2. NO,2. NO,2. NO,2. NO,2. NO,2. NO,2. NO,2. NO,2,,,1. YES,0,0,0,0,0,0,0,1,1,1,1,1,1,1,1,1,1,1,0,0,6. UNABLE TO REACH THE MARKET DUE TO HIGH TRANSPORTATION COSTS,12. LACK OF MONEY,13. LACK OF ACCESS TO MONEY AT THE BANK DUE TO NAIRA REDESIGN,
5. South South,32. Rivers,3213. IKWERRE,2. RURAL,282,329070,2,1. YES,1. YES,1. YES,2. NO,1. YES,1. YES,2. NO,2. NO,1. YES,2. NO,2,3,,1. YES,0,0,0,0,0,0,0,0,0,0,0,1,1,1,0,0,0,0,0,0,12. LACK OF MONEY,,,
5. South South,32. Rivers,3213. IKWERRE,2. RURAL,282,329071,1,1. YES,1. YES,1. YES,1. YES,1. YES,1. YES,1. YES,1. YES,1. YES,1. YES,1,2,,1. YES,1,0,0,0,0,0,0,0,0,0,0,0,0,0,0,0,0,0,0,0,12. LACK OF MONEY,,,
5. South South,32. Rivers,3213. IKWERRE,2. RURAL,1358,329073,4,2. NO,1. YES,1. YES,2. NO,1. YES,2. NO,2. NO,2. NO,1. YES,2. NO,3,,3,2. NO,,,,,,,,,,,,,,,,,,,,,,,,
5. South South,32. Rivers,3213. IKWERRE,2. RURAL,1358,329074,1,1. YES,1. YES,1. YES,1. YES,1. YES,1. YES,1. YES,2. NO,1. YES,2. NO,2,3,,2. NO,,,,,,,,,,,,,,,,,,,,,,,,
5. South South,32. Rivers,3213. IKWERRE,2. RURAL,1358,329075,2,1. YES,1. YES,1. YES,1. YES,1. YES,2. NO,1. YES,2. NO,1. YES,2. NO,2,3,3,2. NO,,,,,,,,,,,,,,,,,,,,,,,,
5. South South,32. Rivers,3213. IKWERRE,2. RURAL,1358,329076,2,1. YES,1. YES,1. YES,2. NO,1. YES,1. YES,2. NO,2. NO,2. NO,2. NO,3,4,,2. NO,,,,,,,,,,,,,,,,,,,,,,,,
5. South South,32. Rivers,3213. IKWERRE,2. RURAL,1358,329077,1,1. YES,1. YES,1. YES,2. NO,2. NO,2. NO,2. NO,2. NO,1. YES,2. NO,2,3,,2. NO,,,,,,,,,,,,,,,,,,,,,,,,
5. South South,32. Rivers,3213. IKWERRE,2. RURAL,1358,329079,1,1. YES,2. NO,2. NO,2. NO,2. NO,2. NO,2. NO,2. NO,2. NO,2. NO,3,3,,2. NO,,,,,,,,,,,,,,,,,,,,,,,,
5. South South,32. Rivers,3213. IKWERRE,2. RURAL,1358,329080,2,1. YES,1. YES,1. YES,1. YES,1. YES,1. YES,2. NO,2. NO,1. YES,1. YES,3,3,,2. NO,,,,,,,,,,,,,,,,,,,,,,,,
5. South South,32. Rivers,3213. IKWERRE,2. RURAL,1358,329081,1,1. YES,1. YES,1. YES,1. YES,1. YES,2. NO,2. NO,2. NO,2. NO,2. NO,3,,,1. YES,0,0,0,0,0,0,0,0,0,1,1,1,1,0,0,0,0,0,0,0,12. LACK OF MONEY,,,
5. South South,32. Rivers,3213. IKWERRE,2. RURAL,1358,329082,2,1. YES,1. YES,1. YES,1. YES,1. YES,1. YES,2. NO,2. NO,1. YES,2. NO,3,5,,1. YES,0,0,0,0,0,0,0,1,1,1,1,1,1,1,1,1,0,0,0,0,5. FOOD IN THE MARKET WAS VERY EXPENSIVE,6. UNABLE TO REACH THE MARKET DUE TO HIGH TRANSPORTATION COSTS,13. LACK OF ACCESS TO MONEY AT THE BANK DUE TO NAIRA REDESIGN,
5. South South,32. Rivers,3223. TAI,2. RURAL,668,329085,1301,2. NO,2. NO,2. NO,2. NO,2. NO,2. NO,2. NO,2. NO,1. YES,2. NO,3,3,3,2. NO,,,,,,,,,,,,,,,,,,,,,,,,
5. South South,32. Rivers,3223. TAI,2. RURAL,668,329087,5101,1. YES,1. YES,1. YES,1. YES,1. YES,1. YES,1. YES,1. YES,1. YES,2. NO,2,,3,1. YES,0,0,0,0,0,0,0,0,1,1,0,0,0,0,0,0,0,0,0,0,5. FOOD IN THE MARKET WAS VERY EXPENSIVE,,,
5. South South,32. Rivers,3223. TAI,2. RURAL,668,329088,1,1. YES,1. YES,1. YES,1. YES,1. YES,2. NO,1. YES,2. NO,2. NO,2. NO,2,3,4,1. YES,0,0,0,0,0,0,0,0,0,0,1,0,0,0,0,0,0,0,0,0,12. LACK OF MONEY,,,
5. South South,32. Rivers,3223. TAI,2. RURAL,668,329089,2,1. YES,1. YES,1. YES,1. YES,1. YES,1. YES,1. YES,1. YES,1. YES,1. YES,3,,,1. YES,0,0,0,0,0,0,1,1,1,1,1,1,1,1,1,0,0,0,0,0,5. FOOD IN THE MARKET WAS VERY EXPENSIVE,,,
5. South South,32. Rivers,3223. TAI,2. RURAL,668,329090,2,1. YES,1. YES,1. YES,1. YES,1. YES,2. NO,1. YES,2. NO,2. NO,2. NO,3,5,,1. YES,1,0,0,0,0,0,0,0,0,0,0,0,0,0,0,0,0,0,0,0,5. FOOD IN THE MARKET WAS VERY EXPENSIVE,6. UNABLE TO REACH THE MARKET DUE TO HIGH TRANSPORTATION COSTS,13. LACK OF ACCESS TO MONEY AT THE BANK DUE TO NAIRA REDESIGN,
5. South South,32. Rivers,3223. TAI,2. RURAL,668,329091,2,1. YES,1. YES,1. YES,2. NO,2. NO,2. NO,2. NO,2. NO,1. YES,2. NO,3,3,,2. NO,,,,,,,,,,,,,,,,,,,,,,,,
5. South South,32. Rivers,3223. TAI,2. RURAL,668,329092,1,1. YES,1. YES,1. YES,1. YES,1. YES,1. YES,1. YES,2. NO,1. YES,1. YES,3,4,5,1. YES,0,0,0,0,0,0,0,0,0,0,0,0,0,0,1,0,0,0,0,0,8. FLOODS/WATER LOGGING,12. LACK OF MONEY,,
5. South South,32. Rivers,3223. TAI,2. RURAL,668,329093,2,1. YES,1. YES,1. YES,1. YES,1. YES,2. NO,2. NO,2. NO,2. NO,2. NO,3,,4,1. YES,0,0,0,0,0,0,0,0,0,0,1,1,1,1,1,1,0,0,0,0,12. LACK OF MONEY,5. FOOD IN THE MARKET WAS VERY EXPENSIVE,13. LACK OF ACCESS TO MONEY AT THE BANK DUE TO NAIRA REDESIGN,
5. South South,32. Rivers,3223. TAI,2. RURAL,668,329095,1,1. YES,1. YES,1. YES,1. YES,1. YES,1. YES,1. YES,1. YES,2. NO,2. NO,2,,,1. YES,0,0,0,0,0,0,0,1,1,1,1,0,0,0,0,0,0,0,0,0,5. FOOD IN THE MARKET WAS VERY EXPENSIVE,12. LACK OF MONEY,13. LACK OF ACCESS TO MONEY AT THE BANK DUE TO NAIRA REDESIGN,
5. South South,32. Rivers,3223. TAI,2. RURAL,668,329096,1,1. YES,1. YES,1. YES,1. YES,1. YES,1. YES,1. YES,1. YES,1. YES,1. YES,2,,3,1. YES,0,0,0,0,0,0,0,0,1,0,0,0,0,0,0,0,0,0,0,0,12. LACK OF MONEY,,,
5. South South,32. Rivers,3213. IKWERRE,2. RURAL,282,329108,1,1. YES,1. YES,1. YES,1. YES,1. YES,1. YES,1. YES,2. NO,1. YES,2. NO,3,,,1. YES,0,0,0,0,0,0,0,0,1,0,0,0,0,0,0,0,0,0,0,0,12. LACK OF MONEY,,,
3. North West,33. Sokoto,3323. YABO,2. RURAL,92,330031,2,2. NO,2. NO,2. NO,2. NO,1. YES,1. YES,1. YES,2. NO,2. NO,1. YES,2,2,,1. YES,0,0,0,0,0,0,0,0,0,0,0,1,1,0,0,0,0,0,0,0,4. INADEQUATE HOUSEHOLD FOOD STOCKS DUE TO LACK OF FARM INPUTS,5. FOOD IN THE MARKET WAS VERY EXPENSIVE,,
3. North West,33. Sokoto,3323. YABO,2. RURAL,92,330032,2,1. YES,1. YES,1. YES,1. YES,1. YES,1. YES,1. YES,1. YES,2. NO,2. NO,3,2,3,2. NO,,,,,,,,,,,,,,,,,,,,,,,,
3. North West,33. Sokoto,3323. YABO,2. RURAL,92,330033,1,2. NO,2. NO,2. NO,2. NO,2. NO,2. NO,2. NO,2. NO,1. YES,1. YES,2,,2,2. NO,,,,,,,,,,,,,,,,,,,,,,,,
3. North West,33. Sokoto,3323. YABO,2. RURAL,92,330034,1,2. NO,1. YES,2. NO,2. NO,2. NO,2. NO,2. NO,2. NO,2. NO,2. NO,3,4,7,2. NO,,,,,,,,,,,,,,,,,,,,,,,,
3. North West,33. Sokoto,3323. YABO,2. RURAL,92,330035,2,2. NO,2. NO,2. NO,2. NO,2. NO,2. NO,1. YES,2. NO,2. NO,2. NO,3,3,,2. NO,,,,,,,,,,,,,,,,,,,,,,,,
3. North West,33. Sokoto,3323. YABO,2. RURAL,92,330036,1,2. NO,1. YES,1. YES,2. NO,1. YES,2. NO,2. NO,2. NO,2. NO,2. NO,3,4,6,2. NO,,,,,,,,,,,,,,,,,,,,,,,,
3. North West,33. Sokoto,3323. YABO,2. RURAL,92,330037,1,1. YES,1. YES,1. YES,2. NO,1. YES,2. NO,2. NO,2. NO,1. YES,2. NO,3,3,,2. NO,,,,,,,,,,,,,,,,,,,,,,,,
3. North West,33. Sokoto,3323. YABO,2. RURAL,92,330038,4,1. YES,1. YES,1. YES,1. YES,1. YES,1. YES,1. YES,1. YES,1. YES,1. YES,2,2,4,1. YES,1,0,0,0,0,0,0,0,0,0,0,0,0,0,0,0,0,0,0,0,5. FOOD IN THE MARKET WAS VERY EXPENSIVE,12. LACK OF MONEY,,
3. North West,33. Sokoto,3323. YABO,2. RURAL,92,330039,2,2. NO,2. NO,2. NO,2. NO,2. NO,2. NO,2. NO,1. YES,1. YES,2. NO,3,2,3,2. NO,,,,,,,,,,,,,,,,,,,,,,,,
3. North West,33. Sokoto,3323. YABO,2. RURAL,92,330040,1,2. NO,1. YES,2. NO,2. NO,2. NO,2. NO,2. NO,2. NO,2. NO,2. NO,3,,,2. NO,,,,,,,,,,,,,,,,,,,,,,,,
3. North West,33. Sokoto,3313. SABON BIRNI,2. RURAL,930,330051,1,2. NO,2. NO,2. NO,2. NO,2. NO,2. NO,2. NO,2. NO,2. NO,2. NO,2,2,2,2. NO,,,,,,,,,,,,,,,,,,,,,,,,
3. North West,33. Sokoto,3313. SABON BIRNI,2. RURAL,930,330052,2,2. NO,1. YES,1. YES,2. NO,1. YES,2. NO,2. NO,2. NO,2. NO,2. NO,3,4,6,2. NO,,,,,,,,,,,,,,,,,,,,,,,,
3. North West,33. Sokoto,3313. SABON BIRNI,2. RURAL,930,330054,2,1. YES,1. YES,1. YES,1. YES,1. YES,1. YES,1. YES,1. YES,1. YES,1. YES,3,,,1. YES,1,0,0,0,0,0,0,0,0,0,0,0,0,0,0,0,0,0,0,0,12. LACK OF MONEY,,,
3. North West,33. Sokoto,3313. SABON BIRNI,2. RURAL,930,330055,10,1. YES,1. YES,1. YES,2. NO,2. NO,2. NO,2. NO,2. NO,2. NO,2. NO,2,2,5,2. NO,,,,,,,,,,,,,,,,,,,,,,,,
3. North West,33. Sokoto,3313. SABON BIRNI,2. RURAL,930,330056,1,2. NO,1. YES,1. YES,1. YES,1. YES,1. YES,1. YES,2. NO,2. NO,2. NO,2,2,3,2. NO,,,,,,,,,,,,,,,,,,,,,,,,
3. North West,33. Sokoto,3313. SABON BIRNI,2. RURAL,930,330057,1,1. YES,1. YES,1. YES,1. YES,1. YES,1. YES,1. YES,2. NO,1. YES,1. YES,3,3,,2. NO,,,,,,,,,,,,,,,,,,,,,,,,
3. North West,33. Sokoto,3313. SABON BIRNI,2. RURAL,930,330058,2,1. YES,1. YES,1. YES,1. YES,1. YES,1. YES,1. YES,2. NO,1. YES,2. NO,3,4,4,1. YES,0,0,0,0,0,0,0,0,0,1,1,1,1,1,1,0,0,0,0,0,5. FOOD IN THE MARKET WAS VERY EXPENSIVE,12. LACK OF MONEY,,
3. North West,33. Sokoto,3313. SABON BIRNI,2. RURAL,930,330059,2,1. YES,1. YES,1. YES,2. NO,1. YES,1. YES,2. NO,2. NO,2. NO,1. YES,2,2,,2. NO,,,,,,,,,,,,,,,,,,,,,,,,
3. North West,33. Sokoto,3313. SABON BIRNI,2. RURAL,930,330060,8,1. YES,2. NO,1. YES,2. NO,1. YES,2. NO,2. NO,2. NO,2. NO,2. NO,2,2,3,1. YES,0,0,0,0,0,0,0,0,0,0,1,1,1,1,1,0,0,0,0,0,5. FOOD IN THE MARKET WAS VERY EXPENSIVE,,,
3. North West,33. Sokoto,3304. GADA,2. RURAL,418,330061,2,2. NO,2. NO,2. NO,2. NO,2. NO,2. NO,2. NO,2. NO,2. NO,2. NO,4,4,6,2. NO,,,,,,,,,,,,,,,,,,,,,,,,
3. North West,33. Sokoto,3304. GADA,2. RURAL,418,330062,2,1. YES,1. YES,1. YES,2. NO,2. NO,2. NO,1. YES,1. YES,1. YES,2. NO,2,2,,2. NO,,,,,,,,,,,,,,,,,,,,,,,,
3. North West,33. Sokoto,3304. GADA,2. RURAL,418,330063,3,1. YES,1. YES,1. YES,2. NO,2. NO,1. YES,2. NO,2. NO,2. NO,2. NO,2,2,2,1. YES,0,0,0,0,0,0,0,0,1,1,1,1,1,1,0,0,0,0,0,0,5. FOOD IN THE MARKET WAS VERY EXPENSIVE,6. UNABLE TO REACH THE MARKET DUE TO HIGH TRANSPORTATION COSTS,,
3. North West,33. Sokoto,3304. GADA,2. RURAL,418,330064,1,2. NO,1. YES,1. YES,2. NO,2. NO,2. NO,2. NO,2. NO,2. NO,2. NO,3,5,6,2. NO,,,,,,,,,,,,,,,,,,,,,,,,
3. North West,33. Sokoto,3304. GADA,2. RURAL,418,330065,2,1. YES,1. YES,1. YES,1. YES,1. YES,1. YES,1. YES,1. YES,1. YES,1. YES,3,3,,1. YES,0,0,0,1,0,0,0,0,0,1,1,1,1,1,1,1,0,0,0,0,12. LACK OF MONEY,4. INADEQUATE HOUSEHOLD FOOD STOCKS DUE TO LACK OF FARM INPUTS,,
3. North West,33. Sokoto,3304. GADA,2. RURAL,418,330066,1,1. YES,1. YES,1. YES,1. YES,1. YES,1. YES,1. YES,2. NO,1. YES,2. NO,2,,,1. YES,0,0,0,0,1,1,1,1,1,1,1,1,0,0,0,0,0,0,0,0,10. INADEQUATE FOOD STOCK FROM FARM DUE TO CONFLICT/SECURITY,5. FOOD IN THE MARKET WAS VERY EXPENSIVE,,
3. North West,33. Sokoto,3304. GADA,2. RURAL,418,330067,1,1. YES,1. YES,1. YES,2. NO,1. YES,1. YES,2. NO,1. YES,2. NO,2. NO,2,2,2,1. YES,0,0,0,0,0,0,0,0,1,1,1,1,1,1,0,0,0,0,0,0,5. FOOD IN THE MARKET WAS VERY EXPENSIVE,,,
3. North West,33. Sokoto,3304. GADA,2. RURAL,418,330068,1,2. NO,1. YES,1. YES,2. NO,2. NO,2. NO,2. NO,2. NO,2. NO,2. NO,3,,,2. NO,,,,,,,,,,,,,,,,,,,,,,,,
3. North West,33. Sokoto,3304. GADA,2. RURAL,418,330069,3,2. NO,1. YES,1. YES,2. NO,1. YES,1. YES,1. YES,2. NO,1. YES,2. NO,3,4,6,2. NO,,,,,,,,,,,,,,,,,,,,,,,,
3. North West,33. Sokoto,3304. GADA,2. RURAL,418,330070,1,1. YES,1. YES,2. NO,2. NO,2. NO,1. YES,1. YES,1. YES,1. YES,2. NO,2,2,4,1. YES,0,0,0,0,0,0,0,0,0,0,0,0,1,0,0,0,0,0,0,0,5. FOOD IN THE MARKET WAS VERY EXPENSIVE,,,
3. North West,33. Sokoto,3302. BODINGA,2. RURAL,816,339001,1,2. NO,1. YES,1. YES,2. NO,1. YES,1. YES,2. NO,2. NO,2. NO,2. NO,3,3,6,2. NO,,,,,,,,,,,,,,,,,,,,,,,,
3. North West,33. Sokoto,3302. BODINGA,2. RURAL,816,339002,2,1. YES,1. YES,1. YES,1. YES,1. YES,2. NO,2. NO,2. NO,2. NO,1. YES,2,2,2,1. YES,0,0,0,0,1,1,1,1,1,1,1,1,1,0,0,0,0,0,0,0,5. FOOD IN THE MARKET WAS VERY EXPENSIVE,,,
3. North West,33. Sokoto,3302. BODINGA,2. RURAL,816,339003,1,2. NO,2. NO,2. NO,2. NO,2. NO,2. NO,1. YES,1. YES,1. YES,2. NO,3,3,3,1. YES,0,0,0,0,0,0,0,0,1,1,1,1,1,0,0,0,0,0,0,0,5. FOOD IN THE MARKET WAS VERY EXPENSIVE,,,
3. North West,33. Sokoto,3302. BODINGA,2. RURAL,816,339004,5103,1. YES,1. YES,1. YES,1. YES,1. YES,1. YES,1. YES,2. NO,1. YES,2. NO,2,3,3,2. NO,,,,,,,,,,,,,,,,,,,,,,,,
3. North West,33. Sokoto,3302. BODINGA,2. RURAL,816,339005,2,1. YES,1. YES,2. NO,2. NO,1. YES,2. NO,1. YES,2. NO,1. YES,1. YES,2,2,3,1. YES,0,0,0,0,0,0,0,0,1,1,1,1,1,0,0,0,0,0,0,0,5. FOOD IN THE MARKET WAS VERY EXPENSIVE,6. UNABLE TO REACH THE MARKET DUE TO HIGH TRANSPORTATION COSTS,,
3. North West,33. Sokoto,3302. BODINGA,2. RURAL,816,339006,2,1. YES,1. YES,1. YES,1. YES,1. YES,1. YES,1. YES,1. YES,1. YES,2. NO,3,3,4,2. NO,,,,,,,,,,,,,,,,,,,,,,,,
3. North West,33. Sokoto,3302. BODINGA,2. RURAL,816,339009,2,1. YES,1. YES,1. YES,1. YES,1. YES,2. NO,2. NO,2. NO,1. YES,2. NO,3,5,7,2. NO,,,,,,,,,,,,,,,,,,,,,,,,
3. North West,33. Sokoto,3302. BODINGA,2. RURAL,816,339010,2,1. YES,1. YES,1. YES,1. YES,1. YES,1. YES,1. YES,2. NO,1. YES,2. NO,3,3,5,2. NO,,,,,,,,,,,,,,,,,,,,,,,,
3. North West,33. Sokoto,3302. BODINGA,2. RURAL,816,339011,2,1. YES,1. YES,1. YES,1. YES,1. YES,2. NO,2. NO,2. NO,2. NO,1. YES,3,3,3,1. YES,0,0,0,0,0,0,0,0,0,0,0,0,1,1,1,1,0,0,0,0,5. FOOD IN THE MARKET WAS VERY EXPENSIVE,,,
3. North West,33. Sokoto,3302. BODINGA,2. RURAL,816,339012,1,2. NO,2. NO,2. NO,2. NO,2. NO,2. NO,2. NO,1. YES,1. YES,2. NO,2,3,3,1. YES,0,0,0,0,0,0,0,0,0,1,1,1,1,1,0,0,0,0,0,0,5. FOOD IN THE MARKET WAS VERY EXPENSIVE,6. UNABLE TO REACH THE MARKET DUE TO HIGH TRANSPORTATION COSTS,,
3. North West,33. Sokoto,3318. JAMBUWAL,2. RURAL,1498,339026,2,2. NO,2. NO,1. YES,1. YES,1. YES,1. YES,1. YES,2. NO,2. NO,2. NO,3,,,2. NO,,,,,,,,,,,,,,,,,,,,,,,,
3. North West,33. Sokoto,3318. JAMBUWAL,2. RURAL,1498,339027,3,1. YES,2. NO,1. YES,2. NO,1. YES,2. NO,2. NO,2. NO,1. YES,2. NO,3,3,4,2. NO,,,,,,,,,,,,,,,,,,,,,,,,
3. North West,33. Sokoto,3318. JAMBUWAL,2. RURAL,1498,339028,1,2. NO,2. NO,1. YES,1. YES,1. YES,1. YES,1. YES,1. YES,1. YES,1. YES,2,2,,1. YES,1,0,0,0,0,0,0,0,0,0,0,0,0,0,0,0,0,0,0,0,3. INADEQUATE HOUSEHOLD FOOD STOCKS DUE TO SMALL LAND SIZE,,,
3. North West,33. Sokoto,3318. JAMBUWAL,2. RURAL,1498,339029,2,2. NO,2. NO,2. NO,2. NO,2. NO,2. NO,2. NO,2. NO,2. NO,2. NO,3,2,3,1. YES,0,0,0,0,0,0,0,0,0,0,0,0,1,1,1,0,0,0,0,0,3. INADEQUATE HOUSEHOLD FOOD STOCKS DUE TO SMALL LAND SIZE,6. UNABLE TO REACH THE MARKET DUE TO HIGH TRANSPORTATION COSTS,,
3. North West,33. Sokoto,3318. JAMBUWAL,2. RURAL,1498,339030,1,2. NO,2. NO,2. NO,2. NO,2. NO,2. NO,2. NO,2. NO,2. NO,2. NO,3,,,2. NO,,,,,,,,,,,,,,,,,,,,,,,,
3. North West,33. Sokoto,3318. JAMBUWAL,2. RURAL,1498,339031,1,1. YES,1. YES,1. YES,2. NO,2. NO,2. NO,2. NO,2. NO,1. YES,2. NO,3,3,4,2. NO,,,,,,,,,,,,,,,,,,,,,,,,
3. North West,33. Sokoto,3318. JAMBUWAL,2. RURAL,1498,339032,1,2. NO,2. NO,2. NO,1. YES,1. YES,1. YES,1. YES,2. NO,2. NO,2. NO,2,,,2. NO,,,,,,,,,,,,,,,,,,,,,,,,
3. North West,33. Sokoto,3318. JAMBUWAL,2. RURAL,1498,339033,5101,1. YES,1. YES,1. YES,2. NO,1. YES,2. NO,1. YES,1. YES,1. YES,1. YES,2,2,,1. YES,0,0,0,0,0,0,0,1,1,1,1,1,1,1,0,0,0,0,0,0,2. INADEQUATE HOUSEHOLD FOOD STOCKS DUE TO CROP PEST DAMAGE,3. INADEQUATE HOUSEHOLD FOOD STOCKS DUE TO SMALL LAND SIZE,,
3. North West,33. Sokoto,3318. JAMBUWAL,2. RURAL,1498,339034,1,2. NO,1. YES,2. NO,2. NO,2. NO,2. NO,2. NO,2. NO,2. NO,2. NO,3,4,6,2. NO,,,,,,,,,,,,,,,,,,,,,,,,
3. North West,33. Sokoto,3318. JAMBUWAL,2. RURAL,1498,339036,1,1. YES,1. YES,1. YES,1. YES,1. YES,1. YES,1. YES,1. YES,1. YES,1. YES,2,,,1. YES,1,0,0,0,0,0,0,0,0,0,0,0,0,0,0,0,0,0,0,0,12. LACK OF MONEY,,,
3. North West,33. Sokoto,3321. WAMAKKO,2. RURAL,118,339037,2,2. NO,1. YES,1. YES,1. YES,1. YES,2. NO,2. NO,2. NO,2. NO,2. NO,3,3,8,2. NO,,,,,,,,,,,,,,,,,,,,,,,,
3. North West,33. Sokoto,3321. WAMAKKO,2. RURAL,118,339038,9,1. YES,1. YES,1. YES,2. NO,1. YES,2. NO,1. YES,2. NO,2. NO,1. YES,2,3,3,2. NO,,,,,,,,,,,,,,,,,,,,,,,,
3. North West,33. Sokoto,3321. WAMAKKO,2. RURAL,118,339040,2,1. YES,1. YES,1. YES,2. NO,1. YES,1. YES,2. NO,2. NO,2. NO,2. NO,3,3,5,1. YES,0,0,0,0,0,0,0,0,0,0,0,1,0,1,0,0,0,0,0,0,3. INADEQUATE HOUSEHOLD FOOD STOCKS DUE TO SMALL LAND SIZE,10. INADEQUATE FOOD STOCK FROM FARM DUE TO CONFLICT/SECURITY,5. FOOD IN THE MARKET WAS VERY EXPENSIVE,
3. North West,33. Sokoto,3321. WAMAKKO,2. RURAL,118,339042,6,2. NO,1. YES,2. NO,2. NO,2. NO,2. NO,2. NO,2. NO,2. NO,2. NO,3,3,,2. NO,,,,,,,,,,,,,,,,,,,,,,,,
3. North West,33. Sokoto,3321. WAMAKKO,2. RURAL,118,339043,1,2. NO,2. NO,2. NO,2. NO,1. YES,1. YES,1. YES,1. YES,1. YES,2. NO,2,3,3,2. NO,,,,,,,,,,,,,,,,,,,,,,,,
3. North West,33. Sokoto,3321. WAMAKKO,2. RURAL,118,339044,5109,2. NO,1. YES,1. YES,2. NO,1. YES,2. NO,2. NO,2. NO,2. NO,2. NO,3,4,6,2. NO,,,,,,,,,,,,,,,,,,,,,,,,
3. North West,33. Sokoto,3321. WAMAKKO,2. RURAL,118,339045,2,2. NO,2. NO,2. NO,2. NO,2. NO,2. NO,2. NO,2. NO,2. NO,2. NO,3,3,3,2. NO,,,,,,,,,,,,,,,,,,,,,,,,
3. North West,33. Sokoto,3321. WAMAKKO,2. RURAL,118,339046,2,2. NO,1. YES,1. YES,2. NO,2. NO,2. NO,2. NO,1. YES,2. NO,2. NO,3,3,6,2. NO,,,,,,,,,,,,,,,,,,,,,,,,
3. North West,33. Sokoto,3321. WAMAKKO,2. RURAL,118,339047,2,2. NO,1. YES,1. YES,2. NO,1. YES,2. NO,2. NO,2. NO,2. NO,2. NO,2,3,3,2. NO,,,,,,,,,,,,,,,,,,,,,,,,
3. North West,33. Sokoto,3321. WAMAKKO,2. RURAL,118,339048,1,1. YES,1. YES,1. YES,2. NO,1. YES,2. NO,2. NO,2. NO,2. NO,2. NO,2,3,3,2. NO,,,,,,,,,,,,,,,,,,,,,,,,
2. North East,34. Taraba,3405. GASSOL,2. RURAL,456,340032,1,1. YES,1. YES,1. YES,1. YES,1. YES,1. YES,1. YES,1. YES,2. NO,2. NO,3,,,1. YES,0,0,0,0,0,0,0,0,0,0,0,0,0,1,1,1,0,0,0,0,3. INADEQUATE HOUSEHOLD FOOD STOCKS DUE TO SMALL LAND SIZE,12. LACK OF MONEY,,
2. North East,34. Taraba,3405. GASSOL,2. RURAL,456,340033,1,1. YES,1. YES,1. YES,1. YES,1. YES,1. YES,2. NO,2. NO,1. YES,1. YES,2,3,,1. YES,0,0,0,0,0,0,0,0,0,0,1,0,1,0,0,0,0,0,0,0,12. LACK OF MONEY,,,
2. North East,34. Taraba,3405. GASSOL,2. RURAL,456,340034,2,1. YES,1. YES,1. YES,1. YES,1. YES,1. YES,1. YES,1. YES,1. YES,1. YES,3,4,6,1. YES,0,0,0,0,0,0,0,0,0,0,0,0,1,0,0,0,0,0,0,0,8. FLOODS/WATER LOGGING,,,
2. North East,34. Taraba,3405. GASSOL,2. RURAL,456,340035,2,1. YES,1. YES,1. YES,1. YES,1. YES,1. YES,2. NO,1. YES,1. YES,1. YES,2,2,3,1. YES,0,0,0,0,0,0,0,0,0,0,0,0,0,1,1,0,0,0,0,0,5. FOOD IN THE MARKET WAS VERY EXPENSIVE,,,
2. North East,34. Taraba,3405. GASSOL,2. RURAL,456,340036,1,1. YES,1. YES,1. YES,1. YES,1. YES,1. YES,1. YES,2. NO,1. YES,2. NO,2,2,3,1. YES,0,0,0,0,0,0,0,0,0,0,0,0,1,1,1,0,0,0,0,0,12. LACK OF MONEY,5. FOOD IN THE MARKET WAS VERY EXPENSIVE,,
2. North East,34. Taraba,3405. GASSOL,2. RURAL,456,340037,1,2. NO,2. NO,2. NO,2. NO,2. NO,2. NO,2. NO,2. NO,2. NO,2. NO,3,3,,2. NO,,,,,,,,,,,,,,,,,,,,,,,,
2. North East,34. Taraba,3405. GASSOL,2. RURAL,456,340038,1,1. YES,1. YES,1. YES,1. YES,1. YES,1. YES,2. NO,2. NO,1. YES,1. YES,3,5,,1. YES,0,0,0,0,0,0,0,0,0,0,0,0,0,1,0,0,0,0,0,0,5. FOOD IN THE MARKET WAS VERY EXPENSIVE,,,
2. North East,34. Taraba,3405. GASSOL,2. RURAL,456,340039,1,1. YES,1. YES,1. YES,1. YES,1. YES,1. YES,1. YES,1. YES,1. YES,1. YES,3,5,5,1. YES,0,0,0,0,0,0,0,0,0,0,0,0,0,1,1,0,0,0,0,0,3. INADEQUATE HOUSEHOLD FOOD STOCKS DUE TO SMALL LAND SIZE,10. INADEQUATE FOOD STOCK FROM FARM DUE TO CONFLICT/SECURITY,12. LACK OF MONEY,
2. North East,34. Taraba,3405. GASSOL,2. RURAL,456,340040,1,1. YES,1. YES,1. YES,1. YES,1. YES,1. YES,1. YES,1. YES,1. YES,1. YES,3,3,4,1. YES,0,0,0,0,0,0,0,0,0,0,0,0,0,1,1,0,0,0,0,0,3. INADEQUATE HOUSEHOLD FOOD STOCKS DUE TO SMALL LAND SIZE,4. INADEQUATE HOUSEHOLD FOOD STOCKS DUE TO LACK OF FARM INPUTS,5. FOOD IN THE MARKET WAS VERY EXPENSIVE,
2. North East,34. Taraba,3412. TAKUM,2. RURAL,156,340051,2,1. YES,1. YES,1. YES,1. YES,2. NO,2. NO,2. NO,2. NO,2. NO,2. NO,2,,,2. NO,,,,,,,,,,,,,,,,,,,,,,,,
2. North East,34. Taraba,3412. TAKUM,2. RURAL,156,340052,4,1. YES,1. YES,1. YES,1. YES,1. YES,1. YES,1. YES,2. NO,1. YES,1. YES,3,4,,1. YES,0,0,0,0,0,0,0,0,0,0,0,0,0,1,0,0,0,0,0,0,10. INADEQUATE FOOD STOCK FROM FARM DUE TO CONFLICT/SECURITY,5. FOOD IN THE MARKET WAS VERY EXPENSIVE,,
2. North East,34. Taraba,3412. TAKUM,2. RURAL,156,340053,1,1. YES,1. YES,1. YES,1. YES,1. YES,1. YES,1. YES,2. NO,2. NO,2. NO,3,3,,1. YES,0,0,0,0,0,0,0,0,0,0,0,0,0,1,1,0,0,0,0,0,3. INADEQUATE HOUSEHOLD FOOD STOCKS DUE TO SMALL LAND SIZE,4. INADEQUATE HOUSEHOLD FOOD STOCKS DUE TO LACK OF FARM INPUTS,12. LACK OF MONEY,
2. North East,34. Taraba,3412. TAKUM,2. RURAL,156,340054,1,1. YES,1. YES,1. YES,1. YES,1. YES,1. YES,1. YES,2. NO,1. YES,2. NO,2,3,5,1. YES,0,0,0,0,0,0,0,0,1,1,1,0,1,1,0,0,0,0,0,0,12. LACK OF MONEY,10. INADEQUATE FOOD STOCK FROM FARM DUE TO CONFLICT/SECURITY,,
2. North East,34. Taraba,3412. TAKUM,2. RURAL,156,340056,1,1. YES,2. NO,2. NO,2. NO,2. NO,2. NO,2. NO,2. NO,2. NO,2. NO,3,3,,2. NO,,,,,,,,,,,,,,,,,,,,,,,,
2. North East,34. Taraba,3412. TAKUM,2. RURAL,156,340057,101,1. YES,1. YES,1. YES,1. YES,1. YES,1. YES,1. YES,2. NO,1. YES,1. YES,3,,,1. YES,0,0,0,0,0,0,0,0,0,0,0,0,0,1,1,1,0,0,0,0,10. INADEQUATE FOOD STOCK FROM FARM DUE TO CONFLICT/SECURITY,5. FOOD IN THE MARKET WAS VERY EXPENSIVE,,
2. North East,34. Taraba,3412. TAKUM,2. RURAL,156,340058,1,1. YES,1. YES,1. YES,1. YES,1. YES,1. YES,1. YES,1. YES,1. YES,1. YES,3,,5,1. YES,0,0,0,0,0,0,0,0,0,0,0,0,0,1,1,1,0,0,0,0,10. INADEQUATE FOOD STOCK FROM FARM DUE TO CONFLICT/SECURITY,5. FOOD IN THE MARKET WAS VERY EXPENSIVE,,
2. North East,34. Taraba,3412. TAKUM,2. RURAL,156,340059,1,1. YES,1. YES,1. YES,1. YES,1. YES,1. YES,1. YES,2. NO,2. NO,1. YES,3,3,,1. YES,0,0,0,0,0,0,0,0,0,0,0,0,0,1,1,0,0,0,0,0,3. INADEQUATE HOUSEHOLD FOOD STOCKS DUE TO SMALL LAND SIZE,10. INADEQUATE FOOD STOCK FROM FARM DUE TO CONFLICT/SECURITY,4. INADEQUATE HOUSEHOLD FOOD STOCKS DUE TO LACK OF FARM INPUTS,
2. North East,34. Taraba,3412. TAKUM,2. RURAL,156,340060,2,1. YES,1. YES,1. YES,1. YES,1. YES,1. YES,1. YES,2. NO,1. YES,1. YES,1,3,,1. YES,0,0,0,0,0,0,0,0,0,1,1,1,1,1,1,1,0,0,0,0,12. LACK OF MONEY,5. FOOD IN THE MARKET WAS VERY EXPENSIVE,,
2. North East,34. Taraba,3408. KARIM LAM,2. RURAL,870,340081,1,1. YES,1. YES,1. YES,1. YES,1. YES,2. NO,1. YES,2. NO,2. NO,2. NO,2,2,3,1. YES,0,0,0,0,0,0,0,0,0,0,0,0,1,1,1,0,0,0,0,0,5. FOOD IN THE MARKET WAS VERY EXPENSIVE,10. INADEQUATE FOOD STOCK FROM FARM DUE TO CONFLICT/SECURITY,,
2. North East,34. Taraba,3408. KARIM LAM,2. RURAL,870,340082,1,1. YES,1. YES,1. YES,1. YES,1. YES,1. YES,1. YES,2. NO,1. YES,1. YES,3,4,4,1. YES,0,0,0,0,0,0,0,0,0,0,0,0,0,1,0,0,0,0,0,0,5. FOOD IN THE MARKET WAS VERY EXPENSIVE,10. INADEQUATE FOOD STOCK FROM FARM DUE TO CONFLICT/SECURITY,,
2. North East,34. Taraba,3408. KARIM LAM,2. RURAL,870,340083,1,1. YES,2. NO,1. YES,1. YES,1. YES,2. NO,2. NO,2. NO,1. YES,2. NO,3,3,,2. NO,,,,,,,,,,,,,,,,,,,,,,,,
2. North East,34. Taraba,3407. JALINGO,2. RURAL,0,340085,3,2. NO,2. NO,2. NO,2. NO,1. YES,1. YES,2. NO,1. YES,1. YES,1. YES,2,2,3,1. YES,0,0,0,0,0,1,0,0,0,0,0,0,0,0,0,1,1,0,0,0,5. FOOD IN THE MARKET WAS VERY EXPENSIVE,,,
2. North East,34. Taraba,3408. KARIM LAM,2. RURAL,870,340086,1,1. YES,1. YES,1. YES,1. YES,1. YES,1. YES,1. YES,2. NO,2. NO,2. NO,2,2,3,1. YES,0,0,0,0,0,0,0,0,0,0,1,1,1,1,1,1,0,0,0,0,5. FOOD IN THE MARKET WAS VERY EXPENSIVE,10. INADEQUATE FOOD STOCK FROM FARM DUE TO CONFLICT/SECURITY,8. FLOODS/WATER LOGGING,
2. North East,34. Taraba,3408. KARIM LAM,2. RURAL,870,340087,1,1. YES,1. YES,1. YES,1. YES,1. YES,1. YES,1. YES,2. NO,1. YES,1. YES,3,,,1. YES,0,0,0,0,0,0,0,0,0,0,0,1,1,1,1,0,0,0,0,0,5. FOOD IN THE MARKET WAS VERY EXPENSIVE,11. UNABLE TO REACH THE MARKET DUE TO CONFLICT/SECURITY,,
2. North East,34. Taraba,3408. KARIM LAM,2. RURAL,870,340088,2,1. YES,1. YES,1. YES,1. YES,1. YES,1. YES,1. YES,2. NO,2. NO,1. YES,3,3,4,1. YES,0,0,0,0,0,0,0,0,0,0,0,0,0,0,1,1,0,0,0,0,3. INADEQUATE HOUSEHOLD FOOD STOCKS DUE TO SMALL LAND SIZE,8. FLOODS/WATER LOGGING,12. LACK OF MONEY,
2. North East,34. Taraba,3408. KARIM LAM,2. RURAL,870,340089,2,1. YES,1. YES,1. YES,1. YES,1. YES,1. YES,1. YES,2. NO,1. YES,2. NO,3,3,,1. YES,0,0,0,0,0,0,0,0,0,1,1,0,1,1,0,0,0,0,0,0,11. UNABLE TO REACH THE MARKET DUE TO CONFLICT/SECURITY,12. LACK OF MONEY,5. FOOD IN THE MARKET WAS VERY EXPENSIVE,
2. North East,34. Taraba,3408. KARIM LAM,2. RURAL,870,340090,13,1. YES,2. NO,2. NO,2. NO,2. NO,2. NO,2. NO,2. NO,2. NO,2. NO,3,,4,2. NO,,,,,,,,,,,,,,,,,,,,,,,,
2. North East,34. Taraba,3401. ARDO KOLA,2. RURAL,370,349002,1,1. YES,1. YES,2. NO,2. NO,2. NO,2. NO,2. NO,2. NO,2. NO,2. NO,3,3,,2. NO,,,,,,,,,,,,,,,,,,,,,,,,
2. North East,34. Taraba,3401. ARDO KOLA,2. RURAL,370,349003,1,2. NO,2. NO,2. NO,2. NO,2. NO,2. NO,2. NO,2. NO,2. NO,2. NO,3,4,5,2. NO,,,,,,,,,,,,,,,,,,,,,,,,
2. North East,34. Taraba,3401. ARDO KOLA,2. RURAL,370,349004,4,2. NO,1. YES,1. YES,1. YES,1. YES,2. NO,2. NO,2. NO,2. NO,2. NO,3,4,5,2. NO,,,,,,,,,,,,,,,,,,,,,,,,
2. North East,34. Taraba,3401. ARDO KOLA,2. RURAL,370,349005,1,1. YES,1. YES,1. YES,1. YES,1. YES,1. YES,1. YES,2. NO,2. NO,1. YES,3,4,,1. YES,0,0,0,0,0,0,0,0,0,0,0,0,0,1,1,0,0,0,0,0,4. INADEQUATE HOUSEHOLD FOOD STOCKS DUE TO LACK OF FARM INPUTS,5. FOOD IN THE MARKET WAS VERY EXPENSIVE,12. LACK OF MONEY,
2. North East,34. Taraba,3401. ARDO KOLA,2. RURAL,370,349007,5101,1. YES,1. YES,1. YES,1. YES,1. YES,1. YES,1. YES,2. NO,1. YES,1. YES,3,,,1. YES,0,0,0,0,0,0,0,0,0,0,0,0,0,1,1,0,0,0,0,0,3. INADEQUATE HOUSEHOLD FOOD STOCKS DUE TO SMALL LAND SIZE,4. INADEQUATE HOUSEHOLD FOOD STOCKS DUE TO LACK OF FARM INPUTS,12. LACK OF MONEY,
2. North East,34. Taraba,3401. ARDO KOLA,2. RURAL,370,349008,1,1. YES,1. YES,1. YES,1. YES,1. YES,2. NO,2. NO,2. NO,1. YES,2. NO,3,3,5,1. YES,0,0,0,0,0,0,0,0,0,0,0,0,1,1,0,0,0,0,0,0,12. LACK OF MONEY,,,
2. North East,34. Taraba,3401. ARDO KOLA,2. RURAL,370,349009,1,1. YES,1. YES,1. YES,1. YES,1. YES,2. NO,1. YES,2. NO,1. YES,2. NO,3,5,4,1. YES,0,0,0,0,0,0,0,0,0,0,0,0,1,1,1,1,0,0,0,0,5. FOOD IN THE MARKET WAS VERY EXPENSIVE,12. LACK OF MONEY,,
2. North East,34. Taraba,3401. ARDO KOLA,2. RURAL,370,349010,2,1. YES,1. YES,1. YES,1. YES,1. YES,1. YES,1. YES,1. YES,1. YES,1. YES,2,3,,2. NO,,,,,,,,,,,,,,,,,,,,,,,,
2. North East,34. Taraba,3401. ARDO KOLA,2. RURAL,370,349011,6,1. YES,1. YES,1. YES,1. YES,1. YES,1. YES,1. YES,2. NO,1. YES,1. YES,4,5,,1. YES,0,0,0,0,0,0,0,0,0,0,0,0,0,1,1,0,0,0,0,0,3. INADEQUATE HOUSEHOLD FOOD STOCKS DUE TO SMALL LAND SIZE,12. LACK OF MONEY,4. INADEQUATE HOUSEHOLD FOOD STOCKS DUE TO LACK OF FARM INPUTS,
2. North East,34. Taraba,3401. ARDO KOLA,2. RURAL,370,349012,2,1. YES,1. YES,1. YES,1. YES,1. YES,1. YES,1. YES,1. YES,2. NO,2. NO,3,3,,1. YES,0,0,0,0,0,0,1,0,0,0,0,0,1,1,1,1,0,0,0,0,5. FOOD IN THE MARKET WAS VERY EXPENSIVE,12. LACK OF MONEY,,
2. North East,34. Taraba,3402. BALI,2. RURAL,72,349014,1,1. YES,1. YES,1. YES,1. YES,1. YES,1. YES,1. YES,2. NO,1. YES,1. YES,2,,3,1. YES,0,0,0,0,0,0,0,0,0,1,1,1,0,0,1,1,0,0,0,0,5. FOOD IN THE MARKET WAS VERY EXPENSIVE,12. LACK OF MONEY,,
2. North East,34. Taraba,3402. BALI,2. RURAL,72,349015,1,1. YES,1. YES,1. YES,1. YES,1. YES,2. NO,2. NO,1. YES,1. YES,1. YES,2,2,2,1. YES,0,0,0,0,0,0,0,0,0,0,0,0,1,1,1,1,0,0,0,0,12. LACK OF MONEY,,,
2. North East,34. Taraba,3402. BALI,2. RURAL,72,349017,1,1. YES,1. YES,2. NO,1. YES,1. YES,2. NO,2. NO,2. NO,2. NO,2. NO,3,,4,1. YES,0,0,0,0,0,0,0,0,0,0,0,0,0,0,1,0,0,0,0,0,12. LACK OF MONEY,,,
2. North East,34. Taraba,3402. BALI,2. RURAL,72,349018,1,2. NO,2. NO,1. YES,2. NO,1. YES,2. NO,2. NO,2. NO,2. NO,2. NO,2,,,1. YES,0,0,0,0,0,0,0,0,0,0,0,0,1,1,0,0,0,0,0,0,5. FOOD IN THE MARKET WAS VERY EXPENSIVE,,,
2. North East,34. Taraba,3402. BALI,2. RURAL,72,349019,1,1. YES,1. YES,1. YES,1. YES,1. YES,1. YES,1. YES,2. NO,2. NO,2. NO,3,4,,1. YES,0,0,0,0,0,0,0,0,0,0,0,0,0,0,1,1,0,0,0,0,12. LACK OF MONEY,3. INADEQUATE HOUSEHOLD FOOD STOCKS DUE TO SMALL LAND SIZE,,
2. North East,34. Taraba,3402. BALI,2. RURAL,72,349020,5101,1. YES,2. NO,1. YES,1. YES,1. YES,1. YES,1. YES,2. NO,1. YES,2. NO,2,3,,1. YES,0,0,0,0,0,0,0,0,0,1,1,1,1,1,1,0,0,0,0,0,10. INADEQUATE FOOD STOCK FROM FARM DUE TO CONFLICT/SECURITY,5. FOOD IN THE MARKET WAS VERY EXPENSIVE,12. LACK OF MONEY,
2. North East,34. Taraba,3402. BALI,2. RURAL,72,349021,3,1. YES,1. YES,1. YES,2. NO,1. YES,1. YES,2. NO,2. NO,2. NO,1. YES,3,4,5,1. YES,0,0,0,0,0,0,0,0,0,0,0,0,0,0,1,1,0,0,0,0,5. FOOD IN THE MARKET WAS VERY EXPENSIVE,,,
2. North East,34. Taraba,3402. BALI,2. RURAL,72,349022,1,2. NO,2. NO,2. NO,2. NO,2. NO,2. NO,2. NO,2. NO,2. NO,2. NO,2,3,,2. NO,,,,,,,,,,,,,,,,,,,,,,,,
2. North East,34. Taraba,3402. BALI,2. RURAL,72,349024,1,1. YES,1. YES,1. YES,1. YES,1. YES,1. YES,2. NO,2. NO,1. YES,2. NO,3,3,3,1. YES,0,0,0,0,0,0,0,0,1,1,1,0,1,1,1,1,0,0,0,0,5. FOOD IN THE MARKET WAS VERY EXPENSIVE,12. LACK OF MONEY,,
2. North East,34. Taraba,3402. BALI,2. RURAL,768,349025,1,2. NO,1. YES,2. NO,1. YES,1. YES,2. NO,2. NO,2. NO,2. NO,2. NO,2,,,1. YES,0,0,0,0,0,0,0,0,0,0,0,0,1,1,1,0,0,0,0,0,5. FOOD IN THE MARKET WAS VERY EXPENSIVE,,,
2. North East,34. Taraba,3402. BALI,2. RURAL,768,349026,1,1. YES,1. YES,1. YES,1. YES,1. YES,1. YES,1. YES,2. NO,1. YES,1. YES,3,,4,1. YES,0,0,0,0,0,0,0,0,0,0,0,0,0,1,0,0,0,0,0,0,3. INADEQUATE HOUSEHOLD FOOD STOCKS DUE TO SMALL LAND SIZE,,,
2. North East,34. Taraba,3402. BALI,2. RURAL,768,349027,1,1. YES,1. YES,1. YES,1. YES,1. YES,1. YES,1. YES,2. NO,2. NO,1. YES,3,,,1. YES,0,0,0,0,0,0,0,0,0,0,0,0,0,1,0,0,0,0,0,0,5. FOOD IN THE MARKET WAS VERY EXPENSIVE,,,
2. North East,34. Taraba,3402. BALI,2. RURAL,768,349028,1,2. NO,2. NO,2. NO,2. NO,2. NO,2. NO,2. NO,2. NO,2. NO,2. NO,2,3,,2. NO,,,,,,,,,,,,,,,,,,,,,,,,
2. North East,34. Taraba,3402. BALI,2. RURAL,768,349029,1,1. YES,1. YES,1. YES,1. YES,1. YES,2. NO,1. YES,2. NO,2. NO,2. NO,3,3,4,1. YES,0,0,0,0,0,0,0,0,0,0,0,0,0,0,1,0,0,0,0,0,3. INADEQUATE HOUSEHOLD FOOD STOCKS DUE TO SMALL LAND SIZE,12. LACK OF MONEY,,
2. North East,34. Taraba,3402. BALI,2. RURAL,768,349030,1,1. YES,1. YES,1. YES,1. YES,1. YES,2. NO,1. YES,2. NO,2. NO,1. YES,3,3,,1. YES,0,0,0,0,0,0,0,0,0,0,0,0,0,1,1,0,0,0,0,0,3. INADEQUATE HOUSEHOLD FOOD STOCKS DUE TO SMALL LAND SIZE,10. INADEQUATE FOOD STOCK FROM FARM DUE TO CONFLICT/SECURITY,12. LACK OF MONEY,
2. North East,34. Taraba,3402. BALI,2. RURAL,768,349031,2,1. YES,1. YES,1. YES,1. YES,1. YES,1. YES,1. YES,2. NO,2. NO,2. NO,3,,,1. YES,0,0,0,0,0,0,0,0,0,0,0,0,0,1,0,0,0,0,0,0,5. FOOD IN THE MARKET WAS VERY EXPENSIVE,,,
2. North East,34. Taraba,3402. BALI,2. RURAL,768,349032,2,1. YES,1. YES,1. YES,1. YES,1. YES,1. YES,1. YES,1. YES,1. YES,1. YES,3,3,,1. YES,0,0,0,0,0,0,0,0,1,1,1,1,1,1,1,1,0,0,0,0,12. LACK OF MONEY,5. FOOD IN THE MARKET WAS VERY EXPENSIVE,,
2. North East,34. Taraba,3402. BALI,2. RURAL,768,349034,1,1. YES,1. YES,1. YES,1. YES,1. YES,1. YES,1. YES,2. NO,1. YES,1. YES,3,,4,1. YES,0,0,0,0,0,0,0,0,0,0,0,0,0,1,1,1,0,0,0,0,5. FOOD IN THE MARKET WAS VERY EXPENSIVE,,,
2. North East,34. Taraba,3402. BALI,2. RURAL,768,349036,1,1. YES,1. YES,1. YES,1. YES,1. YES,1. YES,1. YES,1. YES,1. YES,1. YES,2,3,3,1. YES,0,0,0,0,0,0,0,0,0,1,1,1,1,1,1,1,0,0,0,0,12. LACK OF MONEY,5. FOOD IN THE MARKET WAS VERY EXPENSIVE,,
2. North East,34. Taraba,3406. IBI,2. RURAL,728,349037,1,1. YES,1. YES,1. YES,2. NO,2. NO,2. NO,1. YES,2. NO,1. YES,2. NO,3,3,3,1. YES,0,0,0,0,0,0,0,0,0,0,0,0,1,1,1,0,0,0,0,0,5. FOOD IN THE MARKET WAS VERY EXPENSIVE,,,
2. North East,34. Taraba,3406. IBI,2. RURAL,728,349038,1,1. YES,1. YES,1. YES,1. YES,1. YES,1. YES,1. YES,1. YES,1. YES,1. YES,2,,3,2. NO,,,,,,,,,,,,,,,,,,,,,,,,
2. North East,34. Taraba,3406. IBI,2. RURAL,728,349039,1,2. NO,2. NO,2. NO,2. NO,2. NO,2. NO,2. NO,2. NO,2. NO,2. NO,3,4,3,2. NO,,,,,,,,,,,,,,,,,,,,,,,,
2. North East,34. Taraba,3406. IBI,2. RURAL,728,349040,1,1. YES,1. YES,1. YES,1. YES,1. YES,1. YES,1. YES,1. YES,2. NO,2. NO,3,4,,1. YES,0,0,0,0,0,0,0,0,0,0,0,0,0,1,1,1,0,0,0,0,5. FOOD IN THE MARKET WAS VERY EXPENSIVE,,,
2. North East,34. Taraba,3406. IBI,2. RURAL,728,349041,1,1. YES,1. YES,1. YES,2. NO,1. YES,1. YES,2. NO,2. NO,2. NO,2. NO,3,4,6,1. YES,0,0,0,0,0,0,0,0,0,0,0,0,0,1,0,0,0,0,0,0,5. FOOD IN THE MARKET WAS VERY EXPENSIVE,12. LACK OF MONEY,,
2. North East,34. Taraba,3406. IBI,2. RURAL,728,349044,1,1. YES,1. YES,1. YES,1. YES,1. YES,2. NO,2. NO,2. NO,2. NO,2. NO,2,,,1. YES,0,0,0,0,0,0,0,0,0,0,0,0,1,1,1,1,0,0,0,0,5. FOOD IN THE MARKET WAS VERY EXPENSIVE,,,
2. North East,34. Taraba,3406. IBI,2. RURAL,728,349045,2,1. YES,1. YES,1. YES,1. YES,1. YES,2. NO,1. YES,2. NO,2. NO,1. YES,2,3,5,1. YES,0,0,0,0,0,0,0,0,0,0,0,0,0,0,1,0,0,0,0,0,4. INADEQUATE HOUSEHOLD FOOD STOCKS DUE TO LACK OF FARM INPUTS,5. FOOD IN THE MARKET WAS VERY EXPENSIVE,12. LACK OF MONEY,
2. North East,34. Taraba,3406. IBI,2. RURAL,728,349046,1,1. YES,1. YES,2. NO,1. YES,1. YES,1. YES,1. YES,2. NO,2. NO,2. NO,3,4,5,1. YES,0,0,0,0,0,0,0,0,0,0,0,0,0,1,1,0,0,0,0,0,3. INADEQUATE HOUSEHOLD FOOD STOCKS DUE TO SMALL LAND SIZE,5. FOOD IN THE MARKET WAS VERY EXPENSIVE,12. LACK OF MONEY,
2. North East,34. Taraba,3406. IBI,2. RURAL,728,349047,1,1. YES,1. YES,1. YES,1. YES,1. YES,1. YES,2. NO,2. NO,1. YES,2. NO,3,4,5,1. YES,0,0,0,0,0,0,0,0,0,0,0,0,0,0,1,1,0,0,0,0,5. FOOD IN THE MARKET WAS VERY EXPENSIVE,,,
2. North East,34. Taraba,3407. JALINGO,1. URBAN,64,349050,1,1. YES,1. YES,1. YES,1. YES,1. YES,1. YES,1. YES,1. YES,1. YES,1. YES,3,3,4,1. YES,0,0,1,0,1,0,0,0,0,0,1,1,1,1,1,0,0,0,0,0,5. FOOD IN THE MARKET WAS VERY EXPENSIVE,12. LACK OF MONEY,,
2. North East,34. Taraba,3407. JALINGO,1. URBAN,64,349051,5101,1. YES,1. YES,1. YES,1. YES,1. YES,1. YES,1. YES,2. NO,1. YES,1. YES,3,5,5,1. YES,0,0,0,0,0,0,0,0,0,0,0,0,1,1,1,0,0,0,0,0,3. INADEQUATE HOUSEHOLD FOOD STOCKS DUE TO SMALL LAND SIZE,4. INADEQUATE HOUSEHOLD FOOD STOCKS DUE TO LACK OF FARM INPUTS,10. INADEQUATE FOOD STOCK FROM FARM DUE TO CONFLICT/SECURITY,
2. North East,34. Taraba,3407. JALINGO,1. URBAN,64,349052,1,1. YES,1. YES,1. YES,1. YES,1. YES,1. YES,2. NO,2. NO,2. NO,1. YES,3,,3,1. YES,0,0,0,1,1,1,0,0,0,1,1,1,0,0,0,0,0,0,0,0,12. LACK OF MONEY,5. FOOD IN THE MARKET WAS VERY EXPENSIVE,,
2. North East,34. Taraba,3407. JALINGO,1. URBAN,64,349053,1,1. YES,1. YES,1. YES,1. YES,1. YES,1. YES,1. YES,2. NO,1. YES,1. YES,3,3,,1. YES,0,0,0,0,1,1,1,0,0,0,0,0,1,1,1,0,0,0,0,0,5. FOOD IN THE MARKET WAS VERY EXPENSIVE,6. UNABLE TO REACH THE MARKET DUE TO HIGH TRANSPORTATION COSTS,,
2. North East,34. Taraba,3407. JALINGO,1. URBAN,64,349054,5101,1. YES,1. YES,1. YES,1. YES,1. YES,1. YES,1. YES,2. NO,1. YES,1. YES,3,4,6,1. YES,0,0,0,0,0,0,0,0,0,0,0,0,0,1,1,0,0,0,0,0,3. INADEQUATE HOUSEHOLD FOOD STOCKS DUE TO SMALL LAND SIZE,4. INADEQUATE HOUSEHOLD FOOD STOCKS DUE TO LACK OF FARM INPUTS,10. INADEQUATE FOOD STOCK FROM FARM DUE TO CONFLICT/SECURITY,
2. North East,34. Taraba,3407. JALINGO,1. URBAN,64,349055,1,1. YES,1. YES,1. YES,1. YES,1. YES,1. YES,1. YES,1. YES,1. YES,2. NO,3,3,,2. NO,,,,,,,,,,,,,,,,,,,,,,,,
2. North East,34. Taraba,3407. JALINGO,1. URBAN,64,349056,1,1. YES,1. YES,1. YES,1. YES,1. YES,1. YES,1. YES,2. NO,1. YES,2. NO,3,4,,1. YES,0,0,0,0,0,0,0,0,0,0,0,0,0,1,0,0,0,0,0,0,5. FOOD IN THE MARKET WAS VERY EXPENSIVE,12. LACK OF MONEY,,
2. North East,34. Taraba,3407. JALINGO,1. URBAN,64,349057,1,1. YES,1. YES,1. YES,1. YES,1. YES,1. YES,1. YES,1. YES,1. YES,1. YES,2,2,,1. YES,0,0,0,0,0,0,0,0,0,0,0,0,1,1,1,1,0,0,0,0,5. FOOD IN THE MARKET WAS VERY EXPENSIVE,,,
2. North East,34. Taraba,3407. JALINGO,1. URBAN,64,349059,2,1. YES,1. YES,1. YES,1. YES,1. YES,1. YES,1. YES,1. YES,1. YES,2. NO,3,4,5,1. YES,1,0,0,0,0,0,0,0,0,0,0,0,0,0,0,0,0,0,0,0,5. FOOD IN THE MARKET WAS VERY EXPENSIVE,11. UNABLE TO REACH THE MARKET DUE TO CONFLICT/SECURITY,,
2. North East,34. Taraba,3407. JALINGO,1. URBAN,64,349060,1,2. NO,2. NO,2. NO,2. NO,2. NO,2. NO,2. NO,2. NO,2. NO,2. NO,3,3,,2. NO,,,,,,,,,,,,,,,,,,,,,,,,
2. North East,34. Taraba,3409. KURMI,2. RURAL,500,349061,1,1. YES,2. NO,2. NO,2. NO,1. YES,1. YES,2. NO,2. NO,2. NO,2. NO,2,,,2. NO,,,,,,,,,,,,,,,,,,,,,,,,
2. North East,34. Taraba,3409. KURMI,2. RURAL,500,349062,1301,1. YES,1. YES,1. YES,1. YES,1. YES,1. YES,1. YES,1. YES,2. NO,1. YES,3,,,1. YES,0,0,0,0,0,0,0,0,0,0,0,0,0,0,1,0,0,0,0,0,5. FOOD IN THE MARKET WAS VERY EXPENSIVE,,,
2. North East,34. Taraba,3409. KURMI,2. RURAL,500,349063,1,1. YES,1. YES,1. YES,1. YES,1. YES,1. YES,1. YES,1. YES,1. YES,1. YES,2,,,1. YES,0,0,0,0,0,0,0,0,0,1,1,1,1,1,0,0,0,0,0,0,12. LACK OF MONEY,5. FOOD IN THE MARKET WAS VERY EXPENSIVE,,
2. North East,34. Taraba,3409. KURMI,2. RURAL,500,349064,2,1. YES,1. YES,1. YES,1. YES,1. YES,1. YES,1. YES,1. YES,2. NO,1. YES,3,,,1. YES,0,0,0,0,0,0,0,0,0,0,0,0,0,1,0,0,0,0,0,0,5. FOOD IN THE MARKET WAS VERY EXPENSIVE,12. LACK OF MONEY,,
2. North East,34. Taraba,3409. KURMI,2. RURAL,500,349066,1,1. YES,1. YES,1. YES,1. YES,1. YES,1. YES,1. YES,1. YES,1. YES,1. YES,2,2,2,2. NO,,,,,,,,,,,,,,,,,,,,,,,,
2. North East,34. Taraba,3409. KURMI,2. RURAL,500,349067,1,1. YES,1. YES,1. YES,1. YES,1. YES,1. YES,1. YES,2. NO,2. NO,2. NO,2,3,,1. YES,0,0,0,0,0,0,0,0,0,0,0,1,0,1,0,0,0,0,0,0,3. INADEQUATE HOUSEHOLD FOOD STOCKS DUE TO SMALL LAND SIZE,4. INADEQUATE HOUSEHOLD FOOD STOCKS DUE TO LACK OF FARM INPUTS,,
2. North East,34. Taraba,3409. KURMI,2. RURAL,500,349068,1,2. NO,2. NO,2. NO,2. NO,2. NO,2. NO,2. NO,2. NO,2. NO,2. NO,3,3,3,2. NO,,,,,,,,,,,,,,,,,,,,,,,,
2. North East,34. Taraba,3409. KURMI,2. RURAL,500,349069,1,1. YES,1. YES,1. YES,1. YES,1. YES,1. YES,1. YES,1. YES,1. YES,1. YES,3,,4,1. YES,0,0,0,0,0,0,0,0,0,0,1,1,1,1,1,0,0,0,0,0,12. LACK OF MONEY,5. FOOD IN THE MARKET WAS VERY EXPENSIVE,,
2. North East,34. Taraba,3409. KURMI,2. RURAL,500,349071,1,1. YES,1. YES,1. YES,1. YES,1. YES,1. YES,1. YES,1. YES,2. NO,2. NO,2,3,,1. YES,0,0,0,0,0,0,0,0,0,0,0,1,0,1,0,0,0,0,0,0,3. INADEQUATE HOUSEHOLD FOOD STOCKS DUE TO SMALL LAND SIZE,,,
2. North East,34. Taraba,3409. KURMI,2. RURAL,500,349072,1,1. YES,1. YES,1. YES,1. YES,1. YES,1. YES,1. YES,2. NO,1. YES,1. YES,3,,4,1. YES,0,0,0,0,0,0,0,1,0,0,1,1,1,1,0,0,0,0,0,0,12. LACK OF MONEY,5. FOOD IN THE MARKET WAS VERY EXPENSIVE,,
2. North East,34. Taraba,3411. SADUANA,2. RURAL,1034,349073,1,1. YES,1. YES,1. YES,1. YES,1. YES,1. YES,1. YES,2. NO,2. NO,2. NO,3,4,,1. YES,0,0,0,0,0,0,0,0,0,0,0,0,0,1,0,1,0,0,0,0,3. INADEQUATE HOUSEHOLD FOOD STOCKS DUE TO SMALL LAND SIZE,8. FLOODS/WATER LOGGING,,
2. North East,34. Taraba,3411. SADUANA,2. RURAL,1034,349075,1,1. YES,1. YES,1. YES,2. NO,1. YES,2. NO,2. NO,2. NO,2. NO,2. NO,3,4,4,1. YES,0,0,0,0,0,0,0,0,0,0,0,0,0,1,0,0,0,0,0,0,4. INADEQUATE HOUSEHOLD FOOD STOCKS DUE TO LACK OF FARM INPUTS,5. FOOD IN THE MARKET WAS VERY EXPENSIVE,,
2. North East,34. Taraba,3411. SADUANA,2. RURAL,1034,349076,3,1. YES,1. YES,1. YES,1. YES,1. YES,1. YES,1. YES,2. NO,2. NO,1. YES,2,3,3,1. YES,0,0,0,0,0,0,0,0,0,0,0,0,0,0,1,1,0,0,0,0,3. INADEQUATE HOUSEHOLD FOOD STOCKS DUE TO SMALL LAND SIZE,12. LACK OF MONEY,,
2. North East,34. Taraba,3411. SADUANA,2. RURAL,1034,349077,1,1. YES,1. YES,1. YES,1. YES,1. YES,1. YES,1. YES,2. NO,1. YES,1. YES,2,3,3,1. YES,0,0,0,0,0,0,0,0,0,1,1,0,0,0,1,1,0,0,0,0,5. FOOD IN THE MARKET WAS VERY EXPENSIVE,12. LACK OF MONEY,,
2. North East,34. Taraba,3411. SADUANA,2. RURAL,1034,349078,1,1. YES,1. YES,1. YES,1. YES,1. YES,1. YES,1. YES,2. NO,2. NO,2. NO,3,3,2,1. YES,0,0,0,0,0,0,0,0,0,0,0,0,1,0,0,0,0,0,0,0,5. FOOD IN THE MARKET WAS VERY EXPENSIVE,,,
2. North East,34. Taraba,3411. SADUANA,2. RURAL,1034,349080,1,1. YES,1. YES,2. NO,1. YES,1. YES,1. YES,2. NO,2. NO,1. YES,2. NO,3,3,4,2. NO,,,,,,,,,,,,,,,,,,,,,,,,
2. North East,34. Taraba,3411. SADUANA,2. RURAL,1034,349081,2,1. YES,1. YES,1. YES,1. YES,1. YES,2. NO,1. YES,2. NO,2. NO,2. NO,2,3,4,1. YES,0,0,0,0,0,0,0,0,0,0,0,0,0,1,1,0,0,0,0,0,3. INADEQUATE HOUSEHOLD FOOD STOCKS DUE TO SMALL LAND SIZE,12. LACK OF MONEY,,
2. North East,34. Taraba,3411. SADUANA,2. RURAL,1034,349083,1,1. YES,1. YES,1. YES,1. YES,1. YES,1. YES,2. NO,2. NO,2. NO,2. NO,2,2,,1. YES,0,0,0,0,0,0,0,0,0,0,0,0,1,0,0,0,0,0,0,0,5. FOOD IN THE MARKET WAS VERY EXPENSIVE,,,
2. North East,34. Taraba,3411. SADUANA,2. RURAL,1034,349084,1,1. YES,1. YES,1. YES,1. YES,1. YES,1. YES,1. YES,2. NO,2. NO,1. YES,3,4,5,1. YES,1,0,0,0,0,0,0,0,0,0,0,0,0,0,0,0,0,0,0,0,12. LACK OF MONEY,13. LACK OF ACCESS TO MONEY AT THE BANK DUE TO NAIRA REDESIGN,,
2. North East,34. Taraba,3416. ZING,2. RURAL,620,349085,6,1. YES,1. YES,1. YES,1. YES,1. YES,1. YES,1. YES,1. YES,1. YES,1. YES,2,2,,2. NO,,,,,,,,,,,,,,,,,,,,,,,,
2. North East,34. Taraba,3416. ZING,2. RURAL,620,349086,5108,1. YES,1. YES,1. YES,1. YES,1. YES,1. YES,1. YES,2. NO,2. NO,1. YES,2,2,2,1. YES,0,0,0,0,0,0,0,0,0,0,0,0,1,1,1,0,0,0,0,0,5. FOOD IN THE MARKET WAS VERY EXPENSIVE,,,
2. North East,34. Taraba,3416. ZING,2. RURAL,620,349087,5101,1. YES,1. YES,1. YES,1. YES,1. YES,1. YES,1. YES,1. YES,2. NO,2. NO,3,4,5,1. YES,0,0,0,0,0,0,0,0,0,0,0,0,0,0,1,0,0,0,0,0,5. FOOD IN THE MARKET WAS VERY EXPENSIVE,13. LACK OF ACCESS TO MONEY AT THE BANK DUE TO NAIRA REDESIGN,4. INADEQUATE HOUSEHOLD FOOD STOCKS DUE TO LACK OF FARM INPUTS,
2. North East,34. Taraba,3416. ZING,2. RURAL,620,349088,1,1. YES,1. YES,1. YES,1. YES,1. YES,1. YES,1. YES,1. YES,1. YES,2. NO,2,,,1. YES,0,0,0,0,0,0,0,0,0,0,0,0,1,1,1,1,0,0,0,0,12. LACK OF MONEY,5. FOOD IN THE MARKET WAS VERY EXPENSIVE,,
2. North East,34. Taraba,3416. ZING,2. RURAL,620,349089,2,1. YES,1. YES,1. YES,1. YES,1. YES,1. YES,1. YES,1. YES,1. YES,1. YES,3,4,4,1. YES,0,0,0,0,0,0,0,0,0,0,0,0,0,0,1,0,0,0,0,0,5. FOOD IN THE MARKET WAS VERY EXPENSIVE,,,
2. North East,34. Taraba,3416. ZING,2. RURAL,620,349090,1,1. YES,1. YES,1. YES,1. YES,1. YES,1. YES,1. YES,1. YES,1. YES,1. YES,2,,,1. YES,0,0,0,0,0,0,0,0,0,0,0,0,0,0,1,0,0,0,0,0,3. INADEQUATE HOUSEHOLD FOOD STOCKS DUE TO SMALL LAND SIZE,12. LACK OF MONEY,,
2. North East,34. Taraba,3416. ZING,2. RURAL,620,349091,5102,1. YES,1. YES,1. YES,1. YES,1. YES,1. YES,1. YES,2. NO,2. NO,2. NO,2,2,,1. YES,0,0,0,0,0,0,0,0,0,0,1,1,1,1,1,0,0,0,0,0,5. FOOD IN THE MARKET WAS VERY EXPENSIVE,,,
2. North East,34. Taraba,3416. ZING,2. RURAL,620,349092,1,1. YES,1. YES,1. YES,1. YES,1. YES,1. YES,1. YES,1. YES,1. YES,1. YES,3,4,6,1. YES,0,0,0,0,0,0,0,0,0,0,0,1,0,0,1,0,0,0,0,0,5. FOOD IN THE MARKET WAS VERY EXPENSIVE,,,
2. North East,34. Taraba,3416. ZING,2. RURAL,620,349093,3,1. YES,1. YES,1. YES,1. YES,1. YES,1. YES,1. YES,1. YES,2. NO,1. YES,2,,,1. YES,0,0,0,0,0,0,0,0,0,0,0,0,1,1,1,0,0,0,0,0,12. LACK OF MONEY,5. FOOD IN THE MARKET WAS VERY EXPENSIVE,,
2. North East,34. Taraba,3416. ZING,2. RURAL,620,349095,1,2. NO,2. NO,2. NO,2. NO,2. NO,2. NO,2. NO,2. NO,2. NO,2. NO,2,,,2. NO,,,,,,,,,,,,,,,,,,,,,,,,
2. North East,34. Taraba,3411. SADUANA,2. RURAL,1034,349109,2,1. YES,1. YES,1. YES,1. YES,1. YES,1. YES,1. YES,2. NO,1. YES,1. YES,3,4,4,2. NO,,,,,,,,,,,,,,,,,,,,,,,,
2. North East,35. Yobe,3513. NGURU,2. RURAL,576,350061,1,1. YES,1. YES,1. YES,1. YES,1. YES,1. YES,1. YES,1. YES,1. YES,1. YES,2,3,,1. YES,0,0,0,0,1,0,0,0,0,0,0,0,0,0,0,1,0,0,0,0,5. FOOD IN THE MARKET WAS VERY EXPENSIVE,4. INADEQUATE HOUSEHOLD FOOD STOCKS DUE TO LACK OF FARM INPUTS,12. LACK OF MONEY,
2. North East,35. Yobe,3513. NGURU,2. RURAL,576,350062,1,1. YES,1. YES,1. YES,1. YES,1. YES,1. YES,1. YES,1. YES,1. YES,1. YES,2,3,,1. YES,0,0,0,0,0,0,0,0,0,0,0,0,0,0,1,1,0,0,0,0,12. LACK OF MONEY,,,
2. North East,35. Yobe,3513. NGURU,2. RURAL,576,350063,5101,1. YES,1. YES,1. YES,1. YES,1. YES,1. YES,1. YES,1. YES,1. YES,1. YES,2,2,,1. YES,0,0,0,1,1,0,0,0,0,0,0,0,0,1,1,1,0,0,0,0,7. NO FOOD IN THE MARKET,12. LACK OF MONEY,5. FOOD IN THE MARKET WAS VERY EXPENSIVE,
2. North East,35. Yobe,3513. NGURU,2. RURAL,576,350064,1,1. YES,1. YES,1. YES,1. YES,1. YES,1. YES,1. YES,1. YES,1. YES,1. YES,3,3,,1. YES,0,0,0,1,0,0,0,0,0,0,0,0,0,0,1,1,0,0,0,0,5. FOOD IN THE MARKET WAS VERY EXPENSIVE,12. LACK OF MONEY,7. NO FOOD IN THE MARKET,
2. North East,35. Yobe,3513. NGURU,2. RURAL,576,350065,1,1. YES,1. YES,1. YES,1. YES,1. YES,1. YES,1. YES,2. NO,1. YES,1. YES,2,3,,1. YES,0,0,0,0,0,0,0,0,0,0,0,0,0,0,1,1,0,0,0,0,5. FOOD IN THE MARKET WAS VERY EXPENSIVE,12. LACK OF MONEY,,
2. North East,35. Yobe,3513. NGURU,2. RURAL,576,350066,1,1. YES,1. YES,1. YES,1. YES,1. YES,1. YES,1. YES,2. NO,1. YES,1. YES,2,3,,1. YES,0,0,0,0,0,0,0,0,0,0,0,0,0,1,1,1,0,0,0,0,12. LACK OF MONEY,,,
2. North East,35. Yobe,3513. NGURU,2. RURAL,576,350067,1,1. YES,1. YES,1. YES,1. YES,1. YES,1. YES,2. NO,2. NO,1. YES,1. YES,2,3,,1. YES,0,0,0,0,0,0,0,0,0,0,0,0,0,0,1,1,0,0,0,0,5. FOOD IN THE MARKET WAS VERY EXPENSIVE,12. LACK OF MONEY,,
2. North East,35. Yobe,3513. NGURU,2. RURAL,576,350068,1,1. YES,1. YES,1. YES,1. YES,1. YES,1. YES,1. YES,1. YES,1. YES,1. YES,2,3,3,2. NO,,,,,,,,,,,,,,,,,,,,,,,,
2. North East,35. Yobe,3513. NGURU,2. RURAL,576,350069,1,1. YES,1. YES,1. YES,1. YES,1. YES,1. YES,1. YES,1. YES,1. YES,1. YES,2,3,,1. YES,0,0,0,1,1,0,0,0,0,0,0,0,0,0,1,1,0,0,0,0,2. INADEQUATE HOUSEHOLD FOOD STOCKS DUE TO CROP PEST DAMAGE,8. FLOODS/WATER LOGGING,7. NO FOOD IN THE MARKET,
2. North East,35. Yobe,3513. NGURU,2. RURAL,576,350070,1,1. YES,1. YES,1. YES,1. YES,1. YES,1. YES,1. YES,2. NO,1. YES,1. YES,2,3,,1. YES,0,0,0,0,0,0,0,0,0,0,0,0,0,1,1,1,0,0,0,0,12. LACK OF MONEY,,,
2. North East,35. Yobe,3505. FUNE,2. RURAL,1726,359002,1,1. YES,1. YES,1. YES,1. YES,1. YES,1. YES,1. YES,1. YES,1. YES,1. YES,2,3,,1. YES,0,0,0,0,0,0,0,0,0,0,0,0,0,1,1,1,0,0,0,0,7. NO FOOD IN THE MARKET,,,
2. North East,35. Yobe,3505. FUNE,2. RURAL,1726,359003,2,1. YES,1. YES,2. NO,1. YES,1. YES,1. YES,2. NO,2. NO,1. YES,1. YES,3,3,3,1. YES,0,0,0,1,1,0,0,0,0,0,0,0,0,0,0,1,0,0,0,0,2. INADEQUATE HOUSEHOLD FOOD STOCKS DUE TO CROP PEST DAMAGE,7. NO FOOD IN THE MARKET,12. LACK OF MONEY,
2. North East,35. Yobe,3505. FUNE,2. RURAL,1726,359004,1,1. YES,1. YES,1. YES,1. YES,1. YES,1. YES,1. YES,1. YES,1. YES,1. YES,3,3,,1. YES,0,0,0,1,0,0,0,0,0,0,0,0,0,0,1,1,0,0,0,0,5. FOOD IN THE MARKET WAS VERY EXPENSIVE,12. LACK OF MONEY,7. NO FOOD IN THE MARKET,
2. North East,35. Yobe,3505. FUNE,2. RURAL,1726,359005,1,1. YES,1. YES,1. YES,1. YES,1. YES,1. YES,1. YES,1. YES,1. YES,1. YES,2,2,3,1. YES,0,0,0,1,0,0,0,0,0,0,0,0,0,0,0,1,0,0,0,0,5. FOOD IN THE MARKET WAS VERY EXPENSIVE,4. INADEQUATE HOUSEHOLD FOOD STOCKS DUE TO LACK OF FARM INPUTS,12. LACK OF MONEY,
2. North East,35. Yobe,3505. FUNE,2. RURAL,1726,359006,1,1. YES,1. YES,1. YES,1. YES,1. YES,1. YES,1. YES,1. YES,1. YES,1. YES,2,,,1. YES,0,0,0,0,0,0,0,0,0,0,0,0,0,1,1,1,0,0,0,0,12. LACK OF MONEY,,,
2. North East,35. Yobe,3505. FUNE,2. RURAL,1726,359007,1,1. YES,1. YES,1. YES,1. YES,1. YES,1. YES,1. YES,2. NO,1. YES,1. YES,2,,3,2. NO,,,,,,,,,,,,,,,,,,,,,,,,
2. North East,35. Yobe,3505. FUNE,2. RURAL,1726,359008,1,1. YES,1. YES,1. YES,1. YES,1. YES,1. YES,2. NO,2. NO,1. YES,2. NO,3,,3,1. YES,0,0,0,1,0,0,0,0,0,0,0,0,0,0,0,1,0,0,0,0,1. INADEQUATE HOUSEHOLD FOOD STOCKS DUE TO DROUGHT/ POOR RAINS,12. LACK OF MONEY,7. NO FOOD IN THE MARKET,
2. North East,35. Yobe,3505. FUNE,2. RURAL,1726,359009,1,1. YES,1. YES,1. YES,1. YES,1. YES,1. YES,1. YES,1. YES,1. YES,1. YES,2,,,1. YES,0,0,0,0,0,0,0,0,0,0,0,0,0,0,1,1,0,0,0,0,12. LACK OF MONEY,5. FOOD IN THE MARKET WAS VERY EXPENSIVE,,
2. North East,35. Yobe,3505. FUNE,2. RURAL,1726,359010,1,1. YES,1. YES,1. YES,1. YES,1. YES,1. YES,1. YES,1. YES,1. YES,1. YES,3,3,,1. YES,0,0,0,1,0,0,0,0,0,0,0,0,0,0,0,1,0,0,0,0,2. INADEQUATE HOUSEHOLD FOOD STOCKS DUE TO CROP PEST DAMAGE,7. NO FOOD IN THE MARKET,12. LACK OF MONEY,
2. North East,35. Yobe,3505. FUNE,2. RURAL,1726,359011,1,1. YES,1. YES,1. YES,1. YES,1. YES,1. YES,1. YES,2. NO,1. YES,1. YES,2,3,,1. YES,0,0,0,0,0,0,0,0,0,0,0,0,0,1,1,1,0,0,0,0,12. LACK OF MONEY,,,
2. North East,35. Yobe,3506. GEIDAM,2. RURAL,2404,359013,1,1. YES,1. YES,1. YES,1. YES,1. YES,1. YES,1. YES,2. NO,2. NO,2. NO,2,3,,1. YES,0,0,0,1,0,0,0,0,0,0,0,0,0,0,1,1,0,0,0,0,1. INADEQUATE HOUSEHOLD FOOD STOCKS DUE TO DROUGHT/ POOR RAINS,4. INADEQUATE HOUSEHOLD FOOD STOCKS DUE TO LACK OF FARM INPUTS,12. LACK OF MONEY,
2. North East,35. Yobe,3506. GEIDAM,2. RURAL,2404,359014,2,1. YES,1. YES,1. YES,1. YES,1. YES,1. YES,1. YES,2. NO,2. NO,2. NO,3,3,5,1. YES,0,0,0,1,0,0,0,0,0,0,0,0,0,0,0,1,0,0,0,0,5. FOOD IN THE MARKET WAS VERY EXPENSIVE,12. LACK OF MONEY,7. NO FOOD IN THE MARKET,
2. North East,35. Yobe,3506. GEIDAM,2. RURAL,2404,359015,1,1. YES,1. YES,1. YES,1. YES,1. YES,1. YES,1. YES,2. NO,1. YES,1. YES,2,,,1. YES,0,0,0,0,0,0,0,0,0,0,0,0,0,1,1,1,0,0,0,0,12. LACK OF MONEY,,,
2. North East,35. Yobe,3506. GEIDAM,2. RURAL,2404,359016,1,1. YES,1. YES,1. YES,1. YES,1. YES,1. YES,1. YES,1. YES,1. YES,1. YES,2,3,,1. YES,0,0,0,0,0,0,0,0,0,0,0,0,0,1,1,1,0,0,0,0,12. LACK OF MONEY,,,
2. North East,35. Yobe,3506. GEIDAM,2. RURAL,2404,359017,1,1. YES,1. YES,1. YES,1. YES,1. YES,1. YES,1. YES,1. YES,1. YES,1. YES,2,,,1. YES,0,0,0,1,1,0,0,0,0,0,0,0,0,0,0,1,0,0,0,0,5. FOOD IN THE MARKET WAS VERY EXPENSIVE,12. LACK OF MONEY,7. NO FOOD IN THE MARKET,
2. North East,35. Yobe,3506. GEIDAM,2. RURAL,2404,359018,1,1. YES,1. YES,1. YES,1. YES,1. YES,1. YES,1. YES,1. YES,2. NO,2. NO,3,3,4,1. YES,0,0,0,0,1,0,0,0,0,0,0,0,0,0,0,1,0,0,0,0,5. FOOD IN THE MARKET WAS VERY EXPENSIVE,7. NO FOOD IN THE MARKET,8. FLOODS/WATER LOGGING,
2. North East,35. Yobe,3506. GEIDAM,2. RURAL,2404,359019,1,1. YES,1. YES,1. YES,1. YES,1. YES,1. YES,1. YES,1. YES,1. YES,1. YES,2,3,3,1. YES,0,0,0,1,1,0,0,0,0,0,0,0,0,0,1,1,0,0,0,0,5. FOOD IN THE MARKET WAS VERY EXPENSIVE,12. LACK OF MONEY,7. NO FOOD IN THE MARKET,
2. North East,35. Yobe,3506. GEIDAM,2. RURAL,2404,359020,1,1. YES,1. YES,1. YES,1. YES,1. YES,1. YES,1. YES,2. NO,1. YES,1. YES,2,,,1. YES,0,0,0,0,0,0,0,0,0,0,0,0,0,1,1,1,0,0,0,0,12. LACK OF MONEY,,,
2. North East,35. Yobe,3506. GEIDAM,2. RURAL,2404,359021,1,1. YES,1. YES,1. YES,1. YES,1. YES,1. YES,1. YES,2. NO,1. YES,1. YES,2,3,,1. YES,0,0,0,0,0,0,0,0,0,0,0,0,0,1,1,1,0,0,0,0,12. LACK OF MONEY,,,
2. North East,35. Yobe,3506. GEIDAM,2. RURAL,2404,359023,1,1. YES,1. YES,1. YES,1. YES,1. YES,1. YES,1. YES,2. NO,1. YES,1. YES,2,,,1. YES,0,0,0,0,0,0,0,0,0,0,0,0,0,1,1,1,0,0,0,0,12. LACK OF MONEY,,,
2. North East,35. Yobe,3507. GUJBA,2. RURAL,596,359025,2,1. YES,1. YES,1. YES,1. YES,1. YES,1. YES,1. YES,2. NO,1. YES,1. YES,3,3,,1. YES,0,0,0,1,1,1,0,0,0,0,0,0,0,1,1,1,0,0,0,0,5. FOOD IN THE MARKET WAS VERY EXPENSIVE,4. INADEQUATE HOUSEHOLD FOOD STOCKS DUE TO LACK OF FARM INPUTS,6. UNABLE TO REACH THE MARKET DUE TO HIGH TRANSPORTATION COSTS,
2. North East,35. Yobe,3507. GUJBA,2. RURAL,596,359027,1,1. YES,1. YES,1. YES,2. NO,1. YES,1. YES,2. NO,2. NO,2. NO,1. YES,3,3,,2. NO,,,,,,,,,,,,,,,,,,,,,,,,
2. North East,35. Yobe,3507. GUJBA,2. RURAL,596,359028,1,1. YES,1. YES,1. YES,1. YES,1. YES,1. YES,1. YES,1. YES,1. YES,1. YES,2,2,,1. YES,1,0,0,0,0,0,0,0,0,0,0,0,0,0,0,0,0,0,0,0,4. INADEQUATE HOUSEHOLD FOOD STOCKS DUE TO LACK OF FARM INPUTS,5. FOOD IN THE MARKET WAS VERY EXPENSIVE,1. INADEQUATE HOUSEHOLD FOOD STOCKS DUE TO DROUGHT/ POOR RAINS,
2. North East,35. Yobe,3507. GUJBA,2. RURAL,596,359029,1,2. NO,2. NO,2. NO,2. NO,2. NO,1. YES,1. YES,1. YES,2. NO,2. NO,3,3,,2. NO,,,,,,,,,,,,,,,,,,,,,,,,
2. North East,35. Yobe,3507. GUJBA,2. RURAL,596,359030,6,1. YES,1. YES,1. YES,1. YES,1. YES,1. YES,1. YES,2. NO,1. YES,1. YES,2,3,,1. YES,0,0,0,0,0,0,0,0,0,0,0,0,1,1,1,0,0,0,0,0,1. INADEQUATE HOUSEHOLD FOOD STOCKS DUE TO DROUGHT/ POOR RAINS,5. FOOD IN THE MARKET WAS VERY EXPENSIVE,12. LACK OF MONEY,
2. North East,35. Yobe,3507. GUJBA,2. RURAL,596,359031,3,1. YES,1. YES,1. YES,1. YES,1. YES,1. YES,1. YES,2. NO,1. YES,1. YES,3,3,3,1. YES,0,0,0,1,1,0,0,0,0,0,0,0,0,0,0,0,0,0,0,0,2. INADEQUATE HOUSEHOLD FOOD STOCKS DUE TO CROP PEST DAMAGE,1. INADEQUATE HOUSEHOLD FOOD STOCKS DUE TO DROUGHT/ POOR RAINS,5. FOOD IN THE MARKET WAS VERY EXPENSIVE,
2. North East,35. Yobe,3507. GUJBA,2. RURAL,596,359032,2,2. NO,2. NO,2. NO,2. NO,2. NO,2. NO,2. NO,2. NO,2. NO,2. NO,3,3,,2. NO,,,,,,,,,,,,,,,,,,,,,,,,
2. North East,35. Yobe,3507. GUJBA,2. RURAL,596,359033,1,1. YES,1. YES,1. YES,1. YES,1. YES,1. YES,1. YES,2. NO,2. NO,2. NO,3,3,4,1. YES,0,0,0,1,1,0,0,0,0,0,0,0,0,0,0,0,0,0,0,0,1. INADEQUATE HOUSEHOLD FOOD STOCKS DUE TO DROUGHT/ POOR RAINS,3. INADEQUATE HOUSEHOLD FOOD STOCKS DUE TO SMALL LAND SIZE,4. INADEQUATE HOUSEHOLD FOOD STOCKS DUE TO LACK OF FARM INPUTS,
2. North East,35. Yobe,3507. GUJBA,2. RURAL,596,359034,1,1. YES,1. YES,1. YES,1. YES,1. YES,1. YES,1. YES,2. NO,1. YES,1. YES,2,,,1. YES,0,0,0,0,0,0,0,0,0,1,1,1,1,1,1,1,0,0,0,0,12. LACK OF MONEY,1. INADEQUATE HOUSEHOLD FOOD STOCKS DUE TO DROUGHT/ POOR RAINS,,
2. North East,35. Yobe,3507. GUJBA,2. RURAL,596,359035,1,1. YES,1. YES,1. YES,1. YES,1. YES,2. NO,2. NO,1. YES,1. YES,2. NO,3,3,4,2. NO,,,,,,,,,,,,,,,,,,,,,,,,
2. North East,35. Yobe,3510. KARASUWA,2. RURAL,550,359037,6,1. YES,1. YES,1. YES,1. YES,1. YES,1. YES,1. YES,1. YES,1. YES,1. YES,2,,,1. YES,0,0,0,1,1,0,0,0,0,0,0,0,0,1,1,1,0,0,0,0,1. INADEQUATE HOUSEHOLD FOOD STOCKS DUE TO DROUGHT/ POOR RAINS,5. FOOD IN THE MARKET WAS VERY EXPENSIVE,7. NO FOOD IN THE MARKET,
2. North East,35. Yobe,3510. KARASUWA,2. RURAL,550,359038,1,1. YES,1. YES,1. YES,1. YES,1. YES,1. YES,1. YES,1. YES,1. YES,1. YES,2,,,1. YES,0,0,0,1,0,0,0,0,0,0,0,0,0,1,1,1,0,0,0,0,5. FOOD IN THE MARKET WAS VERY EXPENSIVE,7. NO FOOD IN THE MARKET,12. LACK OF MONEY,
2. North East,35. Yobe,3510. KARASUWA,2. RURAL,550,359039,5,1. YES,1. YES,1. YES,1. YES,1. YES,1. YES,1. YES,2. NO,2. NO,2. NO,2,3,,1. YES,0,0,0,1,0,0,0,0,0,0,0,0,0,0,1,1,0,0,0,0,8. FLOODS/WATER LOGGING,7. NO FOOD IN THE MARKET,,
2. North East,35. Yobe,3510. KARASUWA,2. RURAL,550,359041,1,1. YES,1. YES,1. YES,1. YES,1. YES,1. YES,1. YES,2. NO,1. YES,1. YES,2,3,,1. YES,0,0,0,0,0,0,0,0,0,0,0,0,0,0,1,1,0,0,0,0,3. INADEQUATE HOUSEHOLD FOOD STOCKS DUE TO SMALL LAND SIZE,5. FOOD IN THE MARKET WAS VERY EXPENSIVE,12. LACK OF MONEY,
2. North East,35. Yobe,3510. KARASUWA,2. RURAL,550,359043,2,1. YES,1. YES,1. YES,1. YES,1. YES,1. YES,1. YES,2. NO,1. YES,1. YES,2,3,,1. YES,0,0,0,1,1,0,0,0,0,0,0,0,0,1,1,1,0,0,0,0,1. INADEQUATE HOUSEHOLD FOOD STOCKS DUE TO DROUGHT/ POOR RAINS,4. INADEQUATE HOUSEHOLD FOOD STOCKS DUE TO LACK OF FARM INPUTS,5. FOOD IN THE MARKET WAS VERY EXPENSIVE,
2. North East,35. Yobe,3510. KARASUWA,2. RURAL,550,359044,2,1. YES,1. YES,1. YES,1. YES,1. YES,1. YES,1. YES,2. NO,2. NO,1. YES,2,,,1. YES,1,0,0,0,0,0,0,0,0,0,0,0,0,0,0,0,0,0,0,0,5. FOOD IN THE MARKET WAS VERY EXPENSIVE,12. LACK OF MONEY,2. INADEQUATE HOUSEHOLD FOOD STOCKS DUE TO CROP PEST DAMAGE,
2. North East,35. Yobe,3510. KARASUWA,2. RURAL,550,359045,1,1. YES,1. YES,1. YES,2. NO,2. NO,2. NO,2. NO,2. NO,1. YES,2. NO,2,,,2. NO,,,,,,,,,,,,,,,,,,,,,,,,
2. North East,35. Yobe,3510. KARASUWA,2. RURAL,550,359046,1,1. YES,1. YES,1. YES,1. YES,1. YES,1. YES,1. YES,2. NO,1. YES,2. NO,2,3,,1. YES,0,0,0,0,0,0,0,0,0,0,0,0,0,1,1,1,0,0,0,0,2. INADEQUATE HOUSEHOLD FOOD STOCKS DUE TO CROP PEST DAMAGE,5. FOOD IN THE MARKET WAS VERY EXPENSIVE,,
2. North East,35. Yobe,3501. BARDE,2. RURAL,0,359047,1,1. YES,1. YES,1. YES,1. YES,1. YES,2. NO,2. NO,2. NO,2. NO,2. NO,2,3,,1. YES,0,0,0,0,0,0,0,0,0,0,0,1,1,1,1,1,0,0,0,0,4. INADEQUATE HOUSEHOLD FOOD STOCKS DUE TO LACK OF FARM INPUTS,5. FOOD IN THE MARKET WAS VERY EXPENSIVE,12. LACK OF MONEY,
2. North East,35. Yobe,3510. KARASUWA,2. RURAL,550,359048,5,1. YES,1. YES,1. YES,1. YES,1. YES,1. YES,1. YES,2. NO,1. YES,1. YES,2,3,,1. YES,0,0,0,0,0,0,0,0,0,0,0,0,0,1,1,1,0,0,0,0,4. INADEQUATE HOUSEHOLD FOOD STOCKS DUE TO LACK OF FARM INPUTS,5. FOOD IN THE MARKET WAS VERY EXPENSIVE,,
2. North East,35. Yobe,3512. NANGERE,2. RURAL,478,359049,1,1. YES,1. YES,1. YES,1. YES,1. YES,1. YES,1. YES,1. YES,1. YES,2. NO,3,3,,1. YES,0,0,0,1,1,0,0,0,0,0,0,0,0,1,1,1,0,0,0,0,5. FOOD IN THE MARKET WAS VERY EXPENSIVE,3. INADEQUATE HOUSEHOLD FOOD STOCKS DUE TO SMALL LAND SIZE,12. LACK OF MONEY,
2. North East,35. Yobe,3512. NANGERE,2. RURAL,478,359051,1,2. NO,2. NO,1. YES,1. YES,1. YES,1. YES,1. YES,1. YES,1. YES,2. NO,3,3,3,1. YES,0,0,0,0,0,0,0,0,0,0,0,0,0,1,1,0,0,0,0,0,5. FOOD IN THE MARKET WAS VERY EXPENSIVE,12. LACK OF MONEY,7. NO FOOD IN THE MARKET,
2. North East,35. Yobe,3512. NANGERE,2. RURAL,478,359053,1,1. YES,1. YES,1. YES,1. YES,1. YES,1. YES,1. YES,1. YES,1. YES,1. YES,1,3,,1. YES,0,0,0,0,0,0,0,0,0,0,0,0,0,0,1,1,0,0,0,0,12. LACK OF MONEY,6. UNABLE TO REACH THE MARKET DUE TO HIGH TRANSPORTATION COSTS,,
2. North East,35. Yobe,3512. NANGERE,2. RURAL,478,359054,1,1. YES,1. YES,1. YES,1. YES,1. YES,1. YES,1. YES,1. YES,1. YES,1. YES,3,3,4,1. YES,0,0,0,1,1,0,0,0,0,0,0,0,0,0,1,1,0,0,0,0,12. LACK OF MONEY,7. NO FOOD IN THE MARKET,5. FOOD IN THE MARKET WAS VERY EXPENSIVE,
2. North East,35. Yobe,3512. NANGERE,2. RURAL,478,359055,1,1. YES,1. YES,1. YES,1. YES,1. YES,1. YES,1. YES,1. YES,1. YES,1. YES,2,3,5,1. YES,0,0,0,0,0,0,0,0,0,0,0,0,1,1,1,1,0,0,0,0,5. FOOD IN THE MARKET WAS VERY EXPENSIVE,12. LACK OF MONEY,,
2. North East,35. Yobe,3512. NANGERE,2. RURAL,478,359056,1,1. YES,1. YES,1. YES,1. YES,1. YES,1. YES,1. YES,1. YES,1. YES,1. YES,3,3,3,1. YES,0,0,0,1,0,0,0,0,0,0,0,0,0,1,1,1,0,0,0,0,5. FOOD IN THE MARKET WAS VERY EXPENSIVE,4. INADEQUATE HOUSEHOLD FOOD STOCKS DUE TO LACK OF FARM INPUTS,12. LACK OF MONEY,
2. North East,35. Yobe,3512. NANGERE,2. RURAL,478,359057,1,1. YES,1. YES,1. YES,1. YES,1. YES,1. YES,1. YES,2. NO,1. YES,1. YES,2,2,4,1. YES,0,0,0,0,0,0,0,0,0,0,0,0,1,1,1,1,0,0,0,0,5. FOOD IN THE MARKET WAS VERY EXPENSIVE,12. LACK OF MONEY,4. INADEQUATE HOUSEHOLD FOOD STOCKS DUE TO LACK OF FARM INPUTS,
2. North East,35. Yobe,3512. NANGERE,2. RURAL,478,359059,1,1. YES,1. YES,1. YES,1. YES,1. YES,1. YES,1. YES,1. YES,1. YES,1. YES,3,3,3,1. YES,0,0,0,1,1,0,0,0,0,0,0,0,0,0,1,1,0,0,0,0,5. FOOD IN THE MARKET WAS VERY EXPENSIVE,7. NO FOOD IN THE MARKET,12. LACK OF MONEY,
2. North East,35. Yobe,3512. NANGERE,2. RURAL,478,359060,1,1. YES,1. YES,1. YES,1. YES,1. YES,1. YES,1. YES,2. NO,1. YES,2. NO,2,2,4,1. YES,0,0,0,0,0,0,0,0,0,0,0,1,1,1,1,1,0,0,0,0,4. INADEQUATE HOUSEHOLD FOOD STOCKS DUE TO LACK OF FARM INPUTS,5. FOOD IN THE MARKET WAS VERY EXPENSIVE,,
2. North East,35. Yobe,3514. POTISKUM,1. URBAN,1050,359062,1,1. YES,1. YES,1. YES,1. YES,1. YES,1. YES,1. YES,1. YES,1. YES,1. YES,3,3,3,1. YES,0,0,0,1,1,0,0,0,0,0,0,0,0,1,1,1,0,0,0,0,2. INADEQUATE HOUSEHOLD FOOD STOCKS DUE TO CROP PEST DAMAGE,7. NO FOOD IN THE MARKET,5. FOOD IN THE MARKET WAS VERY EXPENSIVE,
2. North East,35. Yobe,3514. POTISKUM,1. URBAN,1050,359063,1,1. YES,1. YES,1. YES,1. YES,1. YES,1. YES,1. YES,1. YES,1. YES,2. NO,3,3,5,1. YES,0,0,0,0,0,0,0,0,0,0,0,0,0,1,1,0,0,0,0,0,5. FOOD IN THE MARKET WAS VERY EXPENSIVE,6. UNABLE TO REACH THE MARKET DUE TO HIGH TRANSPORTATION COSTS,12. LACK OF MONEY,
2. North East,35. Yobe,3514. POTISKUM,1. URBAN,1050,359064,1,1. YES,1. YES,1. YES,1. YES,1. YES,1. YES,1. YES,2. NO,1. YES,1. YES,2,3,,1. YES,0,0,0,0,0,0,0,0,0,0,0,0,1,1,1,1,0,0,0,0,5. FOOD IN THE MARKET WAS VERY EXPENSIVE,,,
2. North East,35. Yobe,3514. POTISKUM,1. URBAN,1050,359065,1,1. YES,1. YES,1. YES,1. YES,1. YES,1. YES,1. YES,2. NO,1. YES,2. NO,2,3,5,2. NO,,,,,,,,,,,,,,,,,,,,,,,,
2. North East,35. Yobe,3514. POTISKUM,1. URBAN,1050,359066,4,1. YES,1. YES,1. YES,1. YES,1. YES,1. YES,1. YES,1. YES,1. YES,1. YES,2,3,,1. YES,0,0,0,1,1,0,0,0,0,0,0,0,1,1,1,1,0,0,0,0,3. INADEQUATE HOUSEHOLD FOOD STOCKS DUE TO SMALL LAND SIZE,6. UNABLE TO REACH THE MARKET DUE TO HIGH TRANSPORTATION COSTS,5. FOOD IN THE MARKET WAS VERY EXPENSIVE,
2. North East,35. Yobe,3514. POTISKUM,1. URBAN,1050,359067,1,1. YES,1. YES,1. YES,1. YES,1. YES,1. YES,1. YES,2. NO,1. YES,1. YES,3,3,,1. YES,0,0,0,1,0,0,0,0,0,0,0,1,1,1,1,1,0,0,0,0,2. INADEQUATE HOUSEHOLD FOOD STOCKS DUE TO CROP PEST DAMAGE,4. INADEQUATE HOUSEHOLD FOOD STOCKS DUE TO LACK OF FARM INPUTS,6. UNABLE TO REACH THE MARKET DUE TO HIGH TRANSPORTATION COSTS,
2. North East,35. Yobe,3514. POTISKUM,1. URBAN,1050,359068,1,1. YES,1. YES,2. NO,2. NO,2. NO,2. NO,2. NO,2. NO,2. NO,2. NO,3,5,6,2. NO,,,,,,,,,,,,,,,,,,,,,,,,
2. North East,35. Yobe,3514. POTISKUM,1. URBAN,1050,359070,1,1. YES,1. YES,1. YES,1. YES,1. YES,1. YES,2. NO,2. NO,1. YES,1. YES,2,3,,1. YES,0,0,0,0,0,0,0,0,0,0,1,1,1,1,1,0,0,0,0,0,5. FOOD IN THE MARKET WAS VERY EXPENSIVE,12. LACK OF MONEY,,
2. North East,35. Yobe,3514. POTISKUM,1. URBAN,1050,359071,1,1. YES,1. YES,1. YES,2. NO,1. YES,2. NO,2. NO,2. NO,2. NO,2. NO,3,4,,2. NO,,,,,,,,,,,,,,,,,,,,,,,,
2. North East,35. Yobe,3514. POTISKUM,1. URBAN,1050,359072,1,1. YES,1. YES,1. YES,1. YES,1. YES,1. YES,1. YES,1. YES,1. YES,1. YES,2,2,3,1. YES,0,0,0,1,1,0,0,0,0,0,0,0,0,1,1,1,0,0,0,0,4. INADEQUATE HOUSEHOLD FOOD STOCKS DUE TO LACK OF FARM INPUTS,12. LACK OF MONEY,5. FOOD IN THE MARKET WAS VERY EXPENSIVE,
3. North West,36. Zamfara,3608. KAURA NAMODA,2. RURAL,2078,360031,1,1. YES,1. YES,2. NO,2. NO,1. YES,2. NO,1. YES,2. NO,2. NO,1. YES,3,3,4,2. NO,,,,,,,,,,,,,,,,,,,,,,,,
3. North West,36. Zamfara,3608. KAURA NAMODA,2. RURAL,2078,360032,2,1. YES,1. YES,1. YES,1. YES,2. NO,2. NO,1. YES,2. NO,2. NO,2. NO,3,,,2. NO,,,,,,,,,,,,,,,,,,,,,,,,
3. North West,36. Zamfara,3608. KAURA NAMODA,2. RURAL,2078,360033,1,1. YES,1. YES,1. YES,2. NO,2. NO,2. NO,1. YES,2. NO,2. NO,2. NO,3,3,4,2. NO,,,,,,,,,,,,,,,,,,,,,,,,
3. North West,36. Zamfara,3608. KAURA NAMODA,2. RURAL,2078,360034,1,1. YES,1. YES,1. YES,1. YES,1. YES,1. YES,1. YES,1. YES,1. YES,1. YES,2,3,4,2. NO,,,,,,,,,,,,,,,,,,,,,,,,
3. North West,36. Zamfara,3608. KAURA NAMODA,2. RURAL,2078,360035,1,2. NO,1. YES,2. NO,2. NO,2. NO,1. YES,2. NO,2. NO,2. NO,1. YES,3,3,4,2. NO,,,,,,,,,,,,,,,,,,,,,,,,
3. North West,36. Zamfara,3608. KAURA NAMODA,2. RURAL,2078,360036,1,1. YES,1. YES,2. NO,2. NO,1. YES,1. YES,2. NO,2. NO,1. YES,2. NO,3,4,,2. NO,,,,,,,,,,,,,,,,,,,,,,,,
3. North West,36. Zamfara,3608. KAURA NAMODA,2. RURAL,2078,360037,1,1. YES,1. YES,1. YES,1. YES,1. YES,1. YES,1. YES,1. YES,2. NO,1. YES,3,3,4,2. NO,,,,,,,,,,,,,,,,,,,,,,,,
3. North West,36. Zamfara,3608. KAURA NAMODA,2. RURAL,2078,360038,1,2. NO,2. NO,2. NO,2. NO,2. NO,2. NO,2. NO,2. NO,2. NO,2. NO,3,3,,2. NO,,,,,,,,,,,,,,,,,,,,,,,,
3. North West,36. Zamfara,3608. KAURA NAMODA,2. RURAL,2078,360039,4,2. NO,1. YES,2. NO,2. NO,2. NO,1. YES,2. NO,2. NO,2. NO,2. NO,3,3,5,2. NO,,,,,,,,,,,,,,,,,,,,,,,,
3. North West,36. Zamfara,3608. KAURA NAMODA,2. RURAL,2078,360040,1,1. YES,1. YES,2. NO,1. YES,1. YES,1. YES,1. YES,2. NO,1. YES,1. YES,2,,,2. NO,,,,,,,,,,,,,,,,,,,,,,,,
3. North West,20. Katsina,2014. FUNTUA,2. RURAL,0,360041,1,1. YES,2. NO,2. NO,2. NO,2. NO,2. NO,1. YES,2. NO,2. NO,2. NO,4,3,5,2. NO,,,,,,,,,,,,,,,,,,,,,,,,
3. North West,20. Katsina,2014. FUNTUA,2. RURAL,0,360043,1,2. NO,1. YES,2. NO,2. NO,1. YES,1. YES,2. NO,2. NO,2. NO,2. NO,3,4,5,2. NO,,,,,,,,,,,,,,,,,,,,,,,,
3. North West,20. Katsina,2014. FUNTUA,2. RURAL,0,360045,1,2. NO,1. YES,2. NO,2. NO,2. NO,2. NO,2. NO,2. NO,2. NO,2. NO,3,4,5,2. NO,,,,,,,,,,,,,,,,,,,,,,,,
3. North West,36. Zamfara,3613. TSAFE,2. RURAL,1066,360046,1,2. NO,2. NO,2. NO,2. NO,2. NO,2. NO,2. NO,2. NO,2. NO,2. NO,3,,,2. NO,,,,,,,,,,,,,,,,,,,,,,,,
3. North West,36. Zamfara,3613. TSAFE,2. RURAL,1066,360048,1,1. YES,1. YES,1. YES,1. YES,1. YES,1. YES,1. YES,2. NO,1. YES,2. NO,3,3,5,1. YES,1,0,0,0,0,0,0,0,0,0,0,0,0,0,0,0,0,0,0,0,10. INADEQUATE FOOD STOCK FROM FARM DUE TO CONFLICT/SECURITY,5. FOOD IN THE MARKET WAS VERY EXPENSIVE,12. LACK OF MONEY,
3. North West,36. Zamfara,3613. TSAFE,2. RURAL,1066,360050,1,1. YES,1. YES,1. YES,1. YES,1. YES,1. YES,1. YES,2. NO,2. NO,2. NO,3,3,,1. YES,1,0,0,0,0,0,0,0,0,0,0,0,0,0,0,0,0,0,0,0,12. LACK OF MONEY,5. FOOD IN THE MARKET WAS VERY EXPENSIVE,,
3. North West,36. Zamfara,3606. GUMMI,2. RURAL,1956,360081,1,1. YES,2. NO,1. YES,1. YES,2. NO,2. NO,2. NO,2. NO,1. YES,2. NO,3,3,4,1. YES,0,0,0,1,0,0,0,0,0,0,0,0,0,0,1,0,0,0,0,0,3. INADEQUATE HOUSEHOLD FOOD STOCKS DUE TO SMALL LAND SIZE,5. FOOD IN THE MARKET WAS VERY EXPENSIVE,12. LACK OF MONEY,
3. North West,36. Zamfara,3606. GUMMI,2. RURAL,1956,360082,1,1. YES,1. YES,1. YES,1. YES,1. YES,1. YES,1. YES,2. NO,2. NO,1. YES,3,,,2. NO,,,,,,,,,,,,,,,,,,,,,,,,
3. North West,36. Zamfara,3606. GUMMI,2. RURAL,1956,360083,2,2. NO,1. YES,1. YES,2. NO,1. YES,1. YES,2. NO,2. NO,2. NO,2. NO,3,3,4,1. YES,0,0,0,0,0,0,0,0,0,0,0,1,0,0,0,0,0,0,0,0,12. LACK OF MONEY,,,
3. North West,36. Zamfara,3606. GUMMI,2. RURAL,1956,360084,1,2. NO,1. YES,2. NO,2. NO,2. NO,1. YES,2. NO,2. NO,2. NO,2. NO,3,3,4,2. NO,,,,,,,,,,,,,,,,,,,,,,,,
3. North West,36. Zamfara,3606. GUMMI,2. RURAL,1956,360085,1,1. YES,1. YES,1. YES,2. NO,1. YES,1. YES,2. NO,2. NO,2. NO,2. NO,3,,,2. NO,,,,,,,,,,,,,,,,,,,,,,,,
3. North West,36. Zamfara,3606. GUMMI,2. RURAL,1956,360086,2,1. YES,2. NO,1. YES,1. YES,2. NO,2. NO,2. NO,2. NO,2. NO,2. NO,3,,4,2. NO,,,,,,,,,,,,,,,,,,,,,,,,
3. North West,36. Zamfara,3606. GUMMI,2. RURAL,1956,360087,3,1. YES,2. NO,1. YES,1. YES,2. NO,1. YES,2. NO,2. NO,2. NO,2. NO,3,4,,2. NO,,,,,,,,,,,,,,,,,,,,,,,,
3. North West,36. Zamfara,3606. GUMMI,2. RURAL,1956,360088,1,1. YES,1. YES,1. YES,1. YES,2. NO,1. YES,1. YES,2. NO,2. NO,2. NO,3,,,1. YES,1,0,0,0,0,0,0,0,0,0,0,0,0,0,0,0,0,0,0,0,12. LACK OF MONEY,5. FOOD IN THE MARKET WAS VERY EXPENSIVE,,
3. North West,36. Zamfara,3606. GUMMI,2. RURAL,1956,360089,1,2. NO,1. YES,2. NO,2. NO,2. NO,2. NO,1. YES,2. NO,2. NO,2. NO,3,4,4,2. NO,,,,,,,,,,,,,,,,,,,,,,,,
3. North West,36. Zamfara,3606. GUMMI,2. RURAL,1956,360090,1,1. YES,1. YES,1. YES,1. YES,1. YES,1. YES,1. YES,2. NO,1. YES,1. YES,3,3,,1. YES,1,0,0,0,0,0,0,0,0,0,0,0,0,0,0,0,0,0,0,0,5. FOOD IN THE MARKET WAS VERY EXPENSIVE,11. UNABLE TO REACH THE MARKET DUE TO CONFLICT/SECURITY,12. LACK OF MONEY,
3. North West,36. Zamfara,3608. KAURA NAMODA,2. RURAL,1300,369001,1,2. NO,2. NO,2. NO,2. NO,2. NO,2. NO,2. NO,2. NO,2. NO,2. NO,3,3,,2. NO,,,,,,,,,,,,,,,,,,,,,,,,
3. North West,36. Zamfara,3608. KAURA NAMODA,2. RURAL,1300,369002,1,1. YES,1. YES,2. NO,2. NO,2. NO,2. NO,2. NO,2. NO,2. NO,2. NO,3,,,2. NO,,,,,,,,,,,,,,,,,,,,,,,,
3. North West,36. Zamfara,3608. KAURA NAMODA,2. RURAL,1300,369003,1,1. YES,2. NO,2. NO,1. YES,1. YES,2. NO,1. YES,1. YES,2. NO,2. NO,3,4,3,1. YES,0,0,0,1,1,0,0,0,0,0,0,0,1,1,0,0,0,0,0,0,3. INADEQUATE HOUSEHOLD FOOD STOCKS DUE TO SMALL LAND SIZE,10. INADEQUATE FOOD STOCK FROM FARM DUE TO CONFLICT/SECURITY,12. LACK OF MONEY,
3. North West,36. Zamfara,3608. KAURA NAMODA,2. RURAL,1300,369004,1,1. YES,1. YES,1. YES,2. NO,1. YES,1. YES,2. NO,2. NO,2. NO,1. YES,3,3,3,1. YES,0,0,0,0,0,0,0,0,1,1,1,0,0,0,0,0,0,0,0,0,12. LACK OF MONEY,5. FOOD IN THE MARKET WAS VERY EXPENSIVE,,
3. North West,36. Zamfara,3608. KAURA NAMODA,2. RURAL,1300,369005,1,2. NO,2. NO,2. NO,1. YES,2. NO,2. NO,2. NO,2. NO,2. NO,2. NO,3,4,3,2. NO,,,,,,,,,,,,,,,,,,,,,,,,
3. North West,36. Zamfara,3608. KAURA NAMODA,2. RURAL,1300,369006,1,1. YES,1. YES,1. YES,1. YES,1. YES,2. NO,2. NO,2. NO,1. YES,2. NO,2,3,,1. YES,0,0,1,1,0,0,0,0,0,0,0,0,0,1,1,0,0,0,0,0,3. INADEQUATE HOUSEHOLD FOOD STOCKS DUE TO SMALL LAND SIZE,,,
3. North West,36. Zamfara,3608. KAURA NAMODA,2. RURAL,1300,369007,2,1. YES,1. YES,1. YES,2. NO,1. YES,1. YES,2. NO,2. NO,2. NO,1. YES,2,,,1. YES,0,0,0,0,0,0,0,1,0,1,0,0,0,0,0,0,0,0,0,0,3. INADEQUATE HOUSEHOLD FOOD STOCKS DUE TO SMALL LAND SIZE,5. FOOD IN THE MARKET WAS VERY EXPENSIVE,12. LACK OF MONEY,
3. North West,36. Zamfara,3608. KAURA NAMODA,2. RURAL,1300,369008,3,1. YES,1. YES,1. YES,1. YES,2. NO,1. YES,1. YES,2. NO,1. YES,2. NO,3,3,4,1. YES,1,0,0,0,0,0,0,0,0,0,0,0,0,0,0,0,0,0,0,0,3. INADEQUATE HOUSEHOLD FOOD STOCKS DUE TO SMALL LAND SIZE,5. FOOD IN THE MARKET WAS VERY EXPENSIVE,12. LACK OF MONEY,
3. North West,36. Zamfara,3611. SHINKAFI,1. URBAN,10,369025,1,1. YES,1. YES,2. NO,1. YES,2. NO,2. NO,2. NO,2. NO,1. YES,2. NO,3,4,,2. NO,,,,,,,,,,,,,,,,,,,,,,,,
3. North West,36. Zamfara,3611. SHINKAFI,1. URBAN,10,369026,2,1. YES,2. NO,1. YES,2. NO,1. YES,2. NO,1. YES,2. NO,1. YES,2. NO,3,3,,2. NO,,,,,,,,,,,,,,,,,,,,,,,,
3. North West,36. Zamfara,3611. SHINKAFI,1. URBAN,10,369027,1,1. YES,1. YES,1. YES,2. NO,2. NO,1. YES,2. NO,2. NO,2. NO,2. NO,3,4,4,2. NO,,,,,,,,,,,,,,,,,,,,,,,,
3. North West,36. Zamfara,3611. SHINKAFI,1. URBAN,10,369028,2,2. NO,2. NO,2. NO,2. NO,2. NO,2. NO,2. NO,2. NO,2. NO,2. NO,3,3,,2. NO,,,,,,,,,,,,,,,,,,,,,,,,
3. North West,36. Zamfara,3611. SHINKAFI,1. URBAN,10,369030,1,2. NO,2. NO,2. NO,2. NO,2. NO,2. NO,2. NO,2. NO,2. NO,2. NO,3,3,4,2. NO,,,,,,,,,,,,,,,,,,,,,,,,
3. North West,36. Zamfara,3611. SHINKAFI,1. URBAN,10,369031,1,1. YES,1. YES,1. YES,1. YES,1. YES,1. YES,2. NO,2. NO,2. NO,2. NO,3,3,5,1. YES,0,0,0,0,0,0,0,0,0,0,0,1,1,1,1,1,0,0,0,0,12. LACK OF MONEY,,,
3. North West,36. Zamfara,3611. SHINKAFI,1. URBAN,10,369032,1,2. NO,2. NO,1. YES,2. NO,1. YES,2. NO,1. YES,2. NO,2. NO,2. NO,3,5,3,2. NO,,,,,,,,,,,,,,,,,,,,,,,,
3. North West,36. Zamfara,3611. SHINKAFI,1. URBAN,10,369033,1,2. NO,2. NO,2. NO,2. NO,2. NO,2. NO,2. NO,2. NO,2. NO,2. NO,3,,4,2. NO,,,,,,,,,,,,,,,,,,,,,,,,
3. North West,36. Zamfara,3611. SHINKAFI,1. URBAN,10,369035,1,2. NO,2. NO,2. NO,2. NO,2. NO,2. NO,2. NO,2. NO,2. NO,2. NO,4,4,4,2. NO,,,,,,,,,,,,,,,,,,,,,,,,
3. North West,36. Zamfara,3611. SHINKAFI,1. URBAN,10,369036,1,1. YES,1. YES,2. NO,2. NO,2. NO,1. YES,1. YES,2. NO,2. NO,2. NO,3,4,5,1. YES,1,0,0,0,0,0,0,0,0,0,0,0,0,0,0,0,0,0,0,0,10. INADEQUATE FOOD STOCK FROM FARM DUE TO CONFLICT/SECURITY,5. FOOD IN THE MARKET WAS VERY EXPENSIVE,12. LACK OF MONEY,
3. North West,36. Zamfara,3613. TSAFE,2. RURAL,1808,369038,1,2. NO,2. NO,2. NO,2. NO,2. NO,2. NO,2. NO,2. NO,2. NO,2. NO,3,3,5,2. NO,,,,,,,,,,,,,,,,,,,,,,,,
3. North West,36. Zamfara,3613. TSAFE,2. RURAL,1808,369039,1,2. NO,2. NO,2. NO,2. NO,2. NO,2. NO,2. NO,2. NO,2. NO,2. NO,3,3,5,2. NO,,,,,,,,,,,,,,,,,,,,,,,,
3. North West,36. Zamfara,3613. TSAFE,2. RURAL,1808,369040,1,1. YES,1. YES,1. YES,2. NO,2. NO,2. NO,2. NO,2. NO,2. NO,2. NO,3,3,3,2. NO,,,,,,,,,,,,,,,,,,,,,,,,
3. North West,36. Zamfara,3613. TSAFE,2. RURAL,1808,369041,1,1. YES,1. YES,1. YES,2. NO,2. NO,1. YES,1. YES,2. NO,2. NO,2. NO,3,3,5,2. NO,,,,,,,,,,,,,,,,,,,,,,,,
3. North West,36. Zamfara,3613. TSAFE,2. RURAL,1808,369042,1,2. NO,2. NO,1. YES,1. YES,1. YES,2. NO,2. NO,2. NO,2. NO,2. NO,3,3,5,1. YES,0,0,0,0,0,0,0,0,0,0,0,0,0,1,1,1,0,0,0,0,1. INADEQUATE HOUSEHOLD FOOD STOCKS DUE TO DROUGHT/ POOR RAINS,5. FOOD IN THE MARKET WAS VERY EXPENSIVE,12. LACK OF MONEY,
3. North West,36. Zamfara,3613. TSAFE,2. RURAL,1808,369043,1,1. YES,1. YES,2. NO,1. YES,1. YES,2. NO,1. YES,1. YES,1. YES,2. NO,2,3,3,2. NO,,,,,,,,,,,,,,,,,,,,,,,,
3. North West,36. Zamfara,3613. TSAFE,2. RURAL,1808,369044,1,1. YES,2. NO,1. YES,1. YES,2. NO,2. NO,1. YES,2. NO,1. YES,2. NO,3,4,3,2. NO,,,,,,,,,,,,,,,,,,,,,,,,
3. North West,36. Zamfara,3613. TSAFE,2. RURAL,1808,369046,1,1. YES,2. NO,1. YES,1. YES,1. YES,2. NO,1. YES,2. NO,2. NO,2. NO,3,,3,1. YES,0,0,0,1,0,0,0,0,0,0,0,0,0,0,1,1,0,0,0,0,11. UNABLE TO REACH THE MARKET DUE TO CONFLICT/SECURITY,,,
3. North West,36. Zamfara,3613. TSAFE,2. RURAL,1808,369047,1,2. NO,1. YES,2. NO,2. NO,2. NO,2. NO,2. NO,2. NO,2. NO,2. NO,3,3,5,2. NO,,,,,,,,,,,,,,,,,,,,,,,,
3. North West,36. Zamfara,3613. TSAFE,2. RURAL,1808,369048,1,2. NO,2. NO,2. NO,2. NO,2. NO,2. NO,2. NO,2. NO,2. NO,2. NO,3,3,4,2. NO,,,,,,,,,,,,,,,,,,,,,,,,
3. North West,36. Zamfara,3608. KAURA NAMODA,2. RURAL,1300,369049,1,1. YES,1. YES,1. YES,2. NO,1. YES,1. YES,1. YES,2. NO,1. YES,2. NO,3,3,4,1. YES,1,0,0,0,0,0,0,0,0,0,0,0,0,0,0,0,0,0,0,0,12. LACK OF MONEY,,,
3. North West,36. Zamfara,3608. KAURA NAMODA,2. RURAL,1300,369050,1,2. NO,1. YES,1. YES,2. NO,1. YES,1. YES,2. NO,2. NO,2. NO,1. YES,3,3,5,1. YES,0,0,0,0,0,0,0,0,0,0,0,0,1,1,1,0,0,0,0,0,5. FOOD IN THE MARKET WAS VERY EXPENSIVE,12. LACK OF MONEY,,
1. North Central,37. FCT,3706. ABUJA MUNICIPAL,1. URBAN,4144,370002,2,1. YES,1. YES,1. YES,1. YES,2. NO,1. YES,2. NO,2. NO,2. NO,2. NO,3,6,,2. NO,,,,,,,,,,,,,,,,,,,,,,,,
1. North Central,37. FCT,3706. ABUJA MUNICIPAL,1. URBAN,4144,370003,2,1. YES,1. YES,1. YES,1. YES,1. YES,2. NO,2. NO,2. NO,2. NO,2. NO,3,4,,2. NO,,,,,,,,,,,,,,,,,,,,,,,,
1. North Central,37. FCT,3706. ABUJA MUNICIPAL,1. URBAN,4144,370004,4,1. YES,1. YES,1. YES,2. NO,1. YES,1. YES,1. YES,2. NO,2. NO,2. NO,3,3,2,1. YES,0,0,0,0,0,0,0,0,0,0,0,0,1,1,1,1,0,0,0,0,5. FOOD IN THE MARKET WAS VERY EXPENSIVE,,,
1. North Central,37. FCT,3706. ABUJA MUNICIPAL,1. URBAN,4144,370005,1,1. YES,1. YES,1. YES,1. YES,1. YES,1. YES,2. NO,2. NO,2. NO,2. NO,3,5,,2. NO,,,,,,,,,,,,,,,,,,,,,,,,
1. North Central,37. FCT,3706. ABUJA MUNICIPAL,1. URBAN,4144,370006,2,1. YES,1. YES,1. YES,2. NO,1. YES,1. YES,1. YES,2. NO,2. NO,2. NO,3,3,3,2. NO,,,,,,,,,,,,,,,,,,,,,,,,
1. North Central,37. FCT,3706. ABUJA MUNICIPAL,1. URBAN,4144,370007,2,1. YES,2. NO,1. YES,1. YES,1. YES,1. YES,2. NO,2. NO,2. NO,2. NO,3,5,,1. YES,0,0,0,0,0,0,0,0,1,1,1,0,0,0,0,0,0,0,0,0,12. LACK OF MONEY,5. FOOD IN THE MARKET WAS VERY EXPENSIVE,,
1. North Central,37. FCT,3706. ABUJA MUNICIPAL,1. URBAN,4144,370008,1,1. YES,1. YES,1. YES,1. YES,1. YES,2. NO,2. NO,2. NO,2. NO,2. NO,3,4,,2. NO,,,,,,,,,,,,,,,,,,,,,,,,
1. North Central,37. FCT,3706. ABUJA MUNICIPAL,1. URBAN,4144,370009,1,1. YES,2. NO,2. NO,1. YES,2. NO,2. NO,2. NO,2. NO,2. NO,2. NO,3,,,2. NO,,,,,,,,,,,,,,,,,,,,,,,,
1. North Central,25. Nasarawa,2504. KARU,1. URBAN,0,370010,1,2. NO,2. NO,2. NO,2. NO,2. NO,2. NO,2. NO,2. NO,2. NO,2. NO,3,3,,2. NO,,,,,,,,,,,,,,,,,,,,,,,,
1. North Central,37. FCT,3706. ABUJA MUNICIPAL,1. URBAN,0,370011,8,1. YES,1. YES,2. NO,1. YES,1. YES,1. YES,2. NO,2. NO,2. NO,2. NO,3,4,6,1. YES,0,0,0,0,0,0,0,1,1,1,0,0,0,0,0,0,0,0,0,0,12. LACK OF MONEY,5. FOOD IN THE MARKET WAS VERY EXPENSIVE,,
1. North Central,37. FCT,3706. ABUJA MUNICIPAL,1. URBAN,156,370012,1,1. YES,1. YES,1. YES,1. YES,1. YES,2. NO,2. NO,2. NO,2. NO,1. YES,3,4,,1. YES,1,0,0,0,0,0,0,0,0,0,0,0,0,0,0,0,0,0,0,0,12. LACK OF MONEY,5. FOOD IN THE MARKET WAS VERY EXPENSIVE,,
1. North Central,37. FCT,3706. ABUJA MUNICIPAL,1. URBAN,156,370013,1301,1. YES,1. YES,1. YES,2. NO,1. YES,1. YES,2. NO,2. NO,1. YES,2. NO,3,,4,2. NO,,,,,,,,,,,,,,,,,,,,,,,,
1. North Central,37. FCT,3706. ABUJA MUNICIPAL,1. URBAN,156,370014,1,1. YES,1. YES,1. YES,1. YES,1. YES,1. YES,1. YES,2. NO,1. YES,2. NO,2,4,,2. NO,,,,,,,,,,,,,,,,,,,,,,,,
1. North Central,26. Niger,2624. TAFA,1. URBAN,0,370015,2,2. NO,2. NO,1. YES,2. NO,2. NO,2. NO,2. NO,2. NO,2. NO,2. NO,3,,,2. NO,,,,,,,,,,,,,,,,,,,,,,,,
1. North Central,37. FCT,3706. ABUJA MUNICIPAL,1. URBAN,156,370017,2,1. YES,1. YES,1. YES,2. NO,1. YES,1. YES,1. YES,2. NO,1. YES,2. NO,3,3,,1. YES,0,0,0,0,0,0,0,0,0,0,0,1,1,1,1,1,0,0,0,0,5. FOOD IN THE MARKET WAS VERY EXPENSIVE,6. UNABLE TO REACH THE MARKET DUE TO HIGH TRANSPORTATION COSTS,,
1. North Central,37. FCT,3706. ABUJA MUNICIPAL,1. URBAN,156,370018,9,1. YES,1. YES,1. YES,1. YES,1. YES,1. YES,2. NO,2. NO,2. NO,1. YES,3,5,,1. YES,0,0,0,0,0,0,0,0,1,1,1,0,0,0,0,0,0,0,0,0,12. LACK OF MONEY,5. FOOD IN THE MARKET WAS VERY EXPENSIVE,,
1. North Central,37. FCT,3706. ABUJA MUNICIPAL,1. URBAN,156,370019,1,1. YES,2. NO,1. YES,1. YES,1. YES,2. NO,2. NO,2. NO,2. NO,2. NO,3,3,4,2. NO,,,,,,,,,,,,,,,,,,,,,,,,
1. North Central,37. FCT,3706. ABUJA MUNICIPAL,1. URBAN,0,370020,2,1. YES,1. YES,1. YES,1. YES,1. YES,2. NO,2. NO,2. NO,2. NO,2. NO,3,3,,2. NO,,,,,,,,,,,,,,,,,,,,,,,,
6. South West,30. Oyo,3006. IBADAN NORTH,1. URBAN,0,370021,1,2. NO,1. YES,1. YES,1. YES,1. YES,2. NO,2. NO,2. NO,2. NO,2. NO,2,,,2. NO,,,,,,,,,,,,,,,,,,,,,,,,
1. North Central,37. FCT,3702. BWARI,1. URBAN,972,370023,2,1. YES,1. YES,1. YES,1. YES,2. NO,1. YES,2. NO,2. NO,2. NO,2. NO,3,,,2. NO,,,,,,,,,,,,,,,,,,,,,,,,
6. South West,24. Lagos,2403. ALIMOSHO,1. URBAN,0,370024,2,2. NO,1. YES,1. YES,2. NO,1. YES,2. NO,2. NO,2. NO,2. NO,2. NO,2,,,2. NO,,,,,,,,,,,,,,,,,,,,,,,,
1. North Central,37. FCT,3706. ABUJA MUNICIPAL,1. URBAN,0,370025,2,1. YES,1. YES,1. YES,1. YES,1. YES,1. YES,2. NO,2. NO,2. NO,2. NO,2,3,,1. YES,1,0,0,0,0,0,0,0,0,0,0,0,0,0,0,0,0,0,0,0,5. FOOD IN THE MARKET WAS VERY EXPENSIVE,,,
1. North Central,37. FCT,3702. BWARI,1. URBAN,972,370026,2,2. NO,2. NO,2. NO,2. NO,2. NO,2. NO,2. NO,2. NO,2. NO,2. NO,3,,,2. NO,,,,,,,,,,,,,,,,,,,,,,,,
1. North Central,37. FCT,3702. BWARI,1. URBAN,0,370027,1,1. YES,1. YES,1. YES,1. YES,2. NO,2. NO,2. NO,2. NO,2. NO,2. NO,3,4,6,2. NO,,,,,,,,,,,,,,,,,,,,,,,,
1. North Central,37. FCT,3702. BWARI,1. URBAN,0,370028,1,2. NO,2. NO,2. NO,2. NO,2. NO,2. NO,2. NO,2. NO,2. NO,2. NO,3,,,2. NO,,,,,,,,,,,,,,,,,,,,,,,,
1. North Central,37. FCT,3702. BWARI,1. URBAN,972,370030,1,1. YES,1. YES,1. YES,1. YES,1. YES,1. YES,2. NO,2. NO,2. NO,2. NO,3,4,,2. NO,,,,,,,,,,,,,,,,,,,,,,,,
1. North Central,37. FCT,3701. ABAJI,1. URBAN,308,379003,2,2. NO,2. NO,2. NO,1. YES,1. YES,2. NO,2. NO,2. NO,1. YES,2. NO,3,4,5,2. NO,,,,,,,,,,,,,,,,,,,,,,,,
1. North Central,37. FCT,3701. ABAJI,1. URBAN,308,379005,12,1. YES,1. YES,1. YES,2. NO,1. YES,1. YES,2. NO,2. NO,2. NO,2. NO,2,,,1. YES,0,0,0,0,0,0,0,0,1,1,1,1,1,1,1,0,0,0,0,0,5. FOOD IN THE MARKET WAS VERY EXPENSIVE,6. UNABLE TO REACH THE MARKET DUE TO HIGH TRANSPORTATION COSTS,,
1. North Central,37. FCT,3701. ABAJI,1. URBAN,308,379006,1,1. YES,1. YES,1. YES,2. NO,1. YES,1. YES,2. NO,2. NO,2. NO,2. NO,2,2,2,1. YES,0,0,0,0,0,0,0,0,0,0,0,0,1,1,1,0,0,0,0,0,5. FOOD IN THE MARKET WAS VERY EXPENSIVE,6. UNABLE TO REACH THE MARKET DUE TO HIGH TRANSPORTATION COSTS,,
1. North Central,37. FCT,3701. ABAJI,1. URBAN,308,379007,2,1. YES,1. YES,1. YES,1. YES,1. YES,1. YES,2. NO,2. NO,1. YES,2. NO,3,4,6,1. YES,0,0,0,0,0,0,1,1,1,0,0,0,0,0,0,0,0,0,0,0,5. FOOD IN THE MARKET WAS VERY EXPENSIVE,12. LACK OF MONEY,,
1. North Central,37. FCT,3701. ABAJI,1. URBAN,308,379008,1,1. YES,1. YES,1. YES,1. YES,1. YES,2. NO,2. NO,2. NO,2. NO,2. NO,3,4,5,2. NO,,,,,,,,,,,,,,,,,,,,,,,,
1. North Central,37. FCT,3701. ABAJI,1. URBAN,308,379009,2,1. YES,1. YES,1. YES,1. YES,1. YES,1. YES,1. YES,2. NO,2. NO,2. NO,2,4,2,1. YES,0,0,0,0,0,0,0,0,1,1,1,1,1,1,0,0,0,0,0,0,5. FOOD IN THE MARKET WAS VERY EXPENSIVE,6. UNABLE TO REACH THE MARKET DUE TO HIGH TRANSPORTATION COSTS,12. LACK OF MONEY,
1. North Central,37. FCT,3701. ABAJI,1. URBAN,308,379010,2,1. YES,1. YES,1. YES,1. YES,2. NO,1. YES,2. NO,2. NO,2. NO,2. NO,3,5,6,2. NO,,,,,,,,,,,,,,,,,,,,,,,,
1. North Central,37. FCT,3703. GWAGWALADA,1. URBAN,0,379011,2,1. YES,2. NO,2. NO,2. NO,2. NO,2. NO,2. NO,2. NO,2. NO,2. NO,3,4,5,2. NO,,,,,,,,,,,,,,,,,,,,,,,,
1. North Central,37. FCT,3701. ABAJI,1. URBAN,308,379012,1,1. YES,1. YES,1. YES,1. YES,2. NO,1. YES,2. NO,2. NO,2. NO,2. NO,3,,,1. YES,0,0,0,0,1,1,1,0,0,0,0,0,0,0,0,0,0,0,0,0,5. FOOD IN THE MARKET WAS VERY EXPENSIVE,12. LACK OF MONEY,13. LACK OF ACCESS TO MONEY AT THE BANK DUE TO NAIRA REDESIGN,
1. North Central,37. FCT,3702. BWARI,1. URBAN,158,379014,2,1. YES,1. YES,1. YES,1. YES,1. YES,1. YES,2. NO,2. NO,2. NO,2. NO,3,4,6,2. NO,,,,,,,,,,,,,,,,,,,,,,,,
1. North Central,37. FCT,3702. BWARI,1. URBAN,158,379015,2,1. YES,1. YES,1. YES,1. YES,2. NO,1. YES,2. NO,2. NO,2. NO,2. NO,3,4,5,1. YES,0,0,0,0,0,0,0,0,1,1,0,0,0,0,0,0,0,0,0,0,12. LACK OF MONEY,5. FOOD IN THE MARKET WAS VERY EXPENSIVE,,
1. North Central,37. FCT,3702. BWARI,1. URBAN,158,379016,2,1. YES,1. YES,1. YES,1. YES,1. YES,1. YES,1. YES,2. NO,2. NO,2. NO,3,4,6,2. NO,,,,,,,,,,,,,,,,,,,,,,,,
1. North Central,37. FCT,3702. BWARI,1. URBAN,158,379019,1,1. YES,1. YES,1. YES,1. YES,1. YES,1. YES,1. YES,2. NO,1. YES,2. NO,3,3,,2. NO,,,,,,,,,,,,,,,,,,,,,,,,
1. North Central,37. FCT,3702. BWARI,1. URBAN,158,379021,1,1. YES,1. YES,1. YES,1. YES,1. YES,1. YES,1. YES,2. NO,2. NO,2. NO,3,,,2. NO,,,,,,,,,,,,,,,,,,,,,,,,
1. North Central,37. FCT,3702. BWARI,1. URBAN,158,379022,2,1. YES,1. YES,1. YES,1. YES,2. NO,1. YES,2. NO,2. NO,2. NO,2. NO,3,4,5,1. YES,0,0,0,0,0,0,0,0,0,1,1,0,0,0,0,0,0,0,0,0,12. LACK OF MONEY,5. FOOD IN THE MARKET WAS VERY EXPENSIVE,,
1. North Central,37. FCT,3702. BWARI,1. URBAN,158,379024,1,1. YES,1. YES,1. YES,2. NO,2. NO,2. NO,2. NO,2. NO,2. NO,2. NO,3,,,2. NO,,,,,,,,,,,,,,,,,,,,,,,,
1. North Central,37. FCT,3703. GWAGWALADA,1. URBAN,202,379037,1,1. YES,2. NO,2. NO,2. NO,2. NO,2. NO,2. NO,2. NO,2. NO,2. NO,3,,,2. NO,,,,,,,,,,,,,,,,,,,,,,,,
1. North Central,37. FCT,3703. GWAGWALADA,1. URBAN,202,379039,2,1. YES,1. YES,1. YES,1. YES,1. YES,1. YES,2. NO,2. NO,2. NO,2. NO,2,2,2,1. YES,0,0,0,0,0,0,0,0,0,0,0,0,1,1,1,1,0,0,0,0,5. FOOD IN THE MARKET WAS VERY EXPENSIVE,12. LACK OF MONEY,,
1. North Central,37. FCT,3703. GWAGWALADA,1. URBAN,202,379041,3,1. YES,1. YES,2. NO,2. NO,1. YES,1. YES,1. YES,2. NO,2. NO,2. NO,2,2,3,1. YES,0,0,0,0,0,0,0,0,0,0,0,0,1,1,1,1,0,0,0,0,5. FOOD IN THE MARKET WAS VERY EXPENSIVE,,,
1. North Central,37. FCT,3703. GWAGWALADA,1. URBAN,202,379043,2,1. YES,1. YES,2. NO,2. NO,2. NO,2. NO,2. NO,2. NO,2. NO,2. NO,3,3,4,2. NO,,,,,,,,,,,,,,,,,,,,,,,,
1. North Central,37. FCT,3703. GWAGWALADA,1. URBAN,202,379044,5101,1. YES,1. YES,1. YES,1. YES,2. NO,1. YES,2. NO,2. NO,2. NO,2. NO,3,5,,1. YES,0,0,0,0,0,0,0,0,1,1,1,0,0,0,0,0,0,0,0,0,12. LACK OF MONEY,,,
1. North Central,37. FCT,3703. GWAGWALADA,1. URBAN,202,379045,2,1. YES,1. YES,1. YES,1. YES,2. NO,1. YES,2. NO,2. NO,2. NO,1. YES,3,5,6,1. YES,0,0,0,0,0,0,0,0,1,1,1,0,0,0,0,0,0,0,0,0,12. LACK OF MONEY,10. INADEQUATE FOOD STOCK FROM FARM DUE TO CONFLICT/SECURITY,,
1. North Central,37. FCT,3703. GWAGWALADA,1. URBAN,202,379046,4,1. YES,1. YES,1. YES,1. YES,2. NO,1. YES,2. NO,2. NO,2. NO,2. NO,3,4,,1. YES,0,0,0,0,0,1,1,1,1,1,0,0,0,0,0,0,0,0,0,0,2. INADEQUATE HOUSEHOLD FOOD STOCKS DUE TO CROP PEST DAMAGE,12. LACK OF MONEY,,
1. North Central,37. FCT,3703. GWAGWALADA,1. URBAN,202,379047,1,1. YES,1. YES,1. YES,1. YES,1. YES,1. YES,2. NO,2. NO,2. NO,2. NO,2,2,2,1. YES,0,0,0,0,0,0,0,0,0,0,1,1,1,1,1,1,0,0,0,0,5. FOOD IN THE MARKET WAS VERY EXPENSIVE,,,
1. North Central,37. FCT,3703. GWAGWALADA,1. URBAN,202,379048,2,1. YES,1. YES,1. YES,1. YES,2. NO,2. NO,2. NO,2. NO,1. YES,2. NO,3,3,4,2. NO,,,,,,,,,,,,,,,,,,,,,,,,
1. North Central,37. FCT,3703. GWAGWALADA,1. URBAN,236,379049,2,1. YES,1. YES,1. YES,1. YES,1. YES,2. NO,2. NO,2. NO,2. NO,2. NO,3,3,,2. NO,,,,,,,,,,,,,,,,,,,,,,,,
1. North Central,37. FCT,3703. GWAGWALADA,1. URBAN,236,379050,2,1. YES,1. YES,1. YES,2. NO,2. NO,1. YES,2. NO,2. NO,2. NO,1. YES,3,5,6,1. YES,0,0,0,0,0,0,0,0,1,1,1,0,0,0,0,0,0,0,0,0,12. LACK OF MONEY,,,
1. North Central,37. FCT,3703. GWAGWALADA,1. URBAN,236,379051,1,1. YES,1. YES,1. YES,1. YES,1. YES,1. YES,1. YES,2. NO,1. YES,2. NO,3,3,5,2. NO,,,,,,,,,,,,,,,,,,,,,,,,
1. North Central,37. FCT,3703. GWAGWALADA,1. URBAN,236,379052,1,1. YES,1. YES,1. YES,1. YES,2. NO,1. YES,2. NO,2. NO,2. NO,2. NO,3,,,1. YES,0,0,0,0,0,0,0,0,1,1,1,0,0,0,0,0,0,0,0,0,5. FOOD IN THE MARKET WAS VERY EXPENSIVE,12. LACK OF MONEY,,
1. North Central,37. FCT,3703. GWAGWALADA,1. URBAN,236,379053,1,1. YES,1. YES,1. YES,1. YES,1. YES,1. YES,2. NO,2. NO,2. NO,2. NO,2,2,,1. YES,0,0,0,0,0,0,0,0,0,0,0,1,1,1,1,1,0,0,0,0,12. LACK OF MONEY,,,
1. North Central,37. FCT,3703. GWAGWALADA,1. URBAN,236,379054,2,1. YES,1. YES,1. YES,1. YES,1. YES,2. NO,2. NO,2. NO,2. NO,2. NO,3,4,6,2. NO,,,,,,,,,,,,,,,,,,,,,,,,
1. North Central,37. FCT,3703. GWAGWALADA,1. URBAN,236,379055,3,1. YES,2. NO,1. YES,2. NO,1. YES,1. YES,2. NO,2. NO,2. NO,2. NO,3,4,5,2. NO,,,,,,,,,,,,,,,,,,,,,,,,
1. North Central,37. FCT,3703. GWAGWALADA,1. URBAN,236,379057,5101,1. YES,1. YES,1. YES,1. YES,1. YES,1. YES,2. NO,2. NO,1. YES,2. NO,3,3,4,2. NO,,,,,,,,,,,,,,,,,,,,,,,,
1. North Central,37. FCT,3703. GWAGWALADA,1. URBAN,236,379058,2,2. NO,1. YES,1. YES,1. YES,1. YES,1. YES,1. YES,2. NO,2. NO,2. NO,3,3,3,2. NO,,,,,,,,,,,,,,,,,,,,,,,,
1. North Central,37. FCT,3703. GWAGWALADA,1. URBAN,236,379059,2,1. YES,1. YES,1. YES,1. YES,1. YES,1. YES,2. NO,2. NO,2. NO,1. YES,3,4,6,2. NO,,,,,,,,,,,,,,,,,,,,,,,,
1. North Central,37. FCT,3704. KUJE,2. RURAL,214,379061,1,1. YES,1. YES,1. YES,1. YES,1. YES,2. NO,2. NO,2. NO,2. NO,2. NO,3,3,,2. NO,,,,,,,,,,,,,,,,,,,,,,,,
1. North Central,37. FCT,3704. KUJE,2. RURAL,214,379063,2,1. YES,1. YES,1. YES,2. NO,1. YES,1. YES,2. NO,2. NO,2. NO,1. YES,3,,,1. YES,0,0,0,0,0,0,0,0,1,1,0,0,0,0,0,0,0,0,0,0,4. INADEQUATE HOUSEHOLD FOOD STOCKS DUE TO LACK OF FARM INPUTS,10. INADEQUATE FOOD STOCK FROM FARM DUE TO CONFLICT/SECURITY,12. LACK OF MONEY,
1. North Central,37. FCT,3704. KUJE,2. RURAL,214,379064,2,1. YES,2. NO,1. YES,2. NO,1. YES,2. NO,2. NO,2. NO,2. NO,2. NO,3,4,5,1. YES,0,0,0,0,0,0,1,0,1,0,0,0,0,0,0,0,0,0,0,0,6. UNABLE TO REACH THE MARKET DUE TO HIGH TRANSPORTATION COSTS,11. UNABLE TO REACH THE MARKET DUE TO CONFLICT/SECURITY,12. LACK OF MONEY,
1. North Central,37. FCT,3704. KUJE,2. RURAL,214,379065,3,1. YES,1. YES,1. YES,1. YES,1. YES,1. YES,2. NO,2. NO,2. NO,2. NO,2,3,,1. YES,0,0,0,0,0,0,0,0,1,1,1,0,0,0,0,0,0,0,0,0,5. FOOD IN THE MARKET WAS VERY EXPENSIVE,,,
1. North Central,37. FCT,3704. KUJE,2. RURAL,214,379066,2,1. YES,1. YES,1. YES,1. YES,1. YES,1. YES,1. YES,2. NO,2. NO,2. NO,2,,,1. YES,1,0,0,0,0,0,0,0,0,0,0,0,0,0,0,0,0,0,0,0,5. FOOD IN THE MARKET WAS VERY EXPENSIVE,12. LACK OF MONEY,,
1. North Central,37. FCT,3704. KUJE,2. RURAL,214,379068,2,1. YES,1. YES,1. YES,1. YES,1. YES,1. YES,2. NO,2. NO,2. NO,2. NO,2,2,,1. YES,0,0,0,0,0,0,0,0,0,0,0,1,1,1,1,0,0,0,0,0,5. FOOD IN THE MARKET WAS VERY EXPENSIVE,6. UNABLE TO REACH THE MARKET DUE TO HIGH TRANSPORTATION COSTS,,
1. North Central,37. FCT,3704. KUJE,2. RURAL,214,379069,1501,1. YES,1. YES,1. YES,1. YES,1. YES,1. YES,2. NO,2. NO,2. NO,2. NO,4,,5,2. NO,,,,,,,,,,,,,,,,,,,,,,,,
1. North Central,37. FCT,3704. KUJE,2. RURAL,214,379070,1303,1. YES,1. YES,1. YES,1. YES,1. YES,2. NO,2. NO,2. NO,1. YES,2. NO,3,3,4,2. NO,,,,,,,,,,,,,,,,,,,,,,,,
1. North Central,37. FCT,3704. KUJE,2. RURAL,214,379071,2,1. YES,1. YES,1. YES,1. YES,1. YES,1. YES,2. NO,1. YES,2. NO,2. NO,3,4,,1. YES,0,0,0,0,0,0,1,1,1,0,0,0,0,0,0,0,0,0,0,0,4. INADEQUATE HOUSEHOLD FOOD STOCKS DUE TO LACK OF FARM INPUTS,10. INADEQUATE FOOD STOCK FROM FARM DUE TO CONFLICT/SECURITY,12. LACK OF MONEY,
1. North Central,37. FCT,3704. KUJE,2. RURAL,214,379072,1,1. YES,2. NO,1. YES,1. YES,1. YES,1. YES,2. NO,2. NO,2. NO,2. NO,3,3,3,2. NO,,,,,,,,,,,,,,,,,,,,,,,,
1. North Central,37. FCT,3705. KWALI,2. RURAL,32,379073,1,2. NO,2. NO,2. NO,2. NO,2. NO,2. NO,2. NO,2. NO,2. NO,2. NO,3,,,2. NO,,,,,,,,,,,,,,,,,,,,,,,,
1. North Central,37. FCT,3705. KWALI,2. RURAL,32,379075,1,2. NO,2. NO,2. NO,2. NO,2. NO,2. NO,2. NO,2. NO,2. NO,2. NO,3,3,3,2. NO,,,,,,,,,,,,,,,,,,,,,,,,
1. North Central,37. FCT,3705. KWALI,2. RURAL,32,379077,1,1. YES,1. YES,1. YES,1. YES,1. YES,1. YES,2. NO,2. NO,2. NO,2. NO,3,3,3,2. NO,,,,,,,,,,,,,,,,,,,,,,,,
1. North Central,37. FCT,3705. KWALI,2. RURAL,32,379078,1,1. YES,1. YES,1. YES,2. NO,2. NO,1. YES,2. NO,2. NO,2. NO,2. NO,3,,,2. NO,,,,,,,,,,,,,,,,,,,,,,,,
1. North Central,37. FCT,3705. KWALI,2. RURAL,32,379079,1,1. YES,1. YES,1. YES,1. YES,1. YES,1. YES,2. NO,2. NO,2. NO,2. NO,3,3,4,2. NO,,,,,,,,,,,,,,,,,,,,,,,,
1. North Central,37. FCT,3705. KWALI,2. RURAL,32,379080,2,1. YES,1. YES,1. YES,1. YES,2. NO,1. YES,2. NO,2. NO,2. NO,2. NO,3,5,6,1. YES,0,0,0,0,0,0,0,0,1,1,1,0,0,0,0,0,0,0,0,0,4. INADEQUATE HOUSEHOLD FOOD STOCKS DUE TO LACK OF FARM INPUTS,10. INADEQUATE FOOD STOCK FROM FARM DUE TO CONFLICT/SECURITY,12. LACK OF MONEY,
1. North Central,37. FCT,3705. KWALI,2. RURAL,32,379081,2,1. YES,2. NO,2. NO,2. NO,2. NO,2. NO,2. NO,1. YES,2. NO,2. NO,3,,,2. NO,,,,,,,,,,,,,,,,,,,,,,,,
1. North Central,37. FCT,3705. KWALI,2. RURAL,32,379082,1,1. YES,1. YES,1. YES,2. NO,1. YES,2. NO,2. NO,2. NO,2. NO,2. NO,2,2,,2. NO,,,,,,,,,,,,,,,,,,,,,,,,
1. North Central,37. FCT,3705. KWALI,2. RURAL,32,379083,1,1. YES,1. YES,1. YES,2. NO,1. YES,1. YES,2. NO,2. NO,2. NO,2. NO,2,3,3,2. NO,,,,,,,,,,,,,,,,,,,,,,,,
1. North Central,37. FCT,3705. KWALI,2. RURAL,32,379084,1,1. YES,1. YES,1. YES,2. NO,2. NO,2. NO,2. NO,2. NO,2. NO,2. NO,3,3,,1. YES,0,0,0,0,0,0,0,0,0,0,0,1,1,1,1,1,0,0,0,0,5. FOOD IN THE MARKET WAS VERY EXPENSIVE,10. INADEQUATE FOOD STOCK FROM FARM DUE TO CONFLICT/SECURITY,2. INADEQUATE HOUSEHOLD FOOD STOCKS DUE TO CROP PEST DAMAGE,
1. North Central,37. FCT,3705. KWALI,2. RURAL,254,379085,1,1. YES,1. YES,1. YES,1. YES,1. YES,1. YES,2. NO,2. NO,1. YES,1. YES,2,3,,1. YES,0,0,0,0,0,0,0,0,0,0,1,1,1,1,0,0,0,0,0,0,5. FOOD IN THE MARKET WAS VERY EXPENSIVE,6. UNABLE TO REACH THE MARKET DUE TO HIGH TRANSPORTATION COSTS,,
1. North Central,37. FCT,3705. KWALI,2. RURAL,254,379086,2,1. YES,1. YES,1. YES,1. YES,1. YES,2. NO,2. NO,2. NO,1. YES,2. NO,3,3,4,2. NO,,,,,,,,,,,,,,,,,,,,,,,,
1. North Central,37. FCT,3705. KWALI,2. RURAL,254,379087,1,1. YES,1. YES,1. YES,1. YES,1. YES,2. NO,2. NO,2. NO,2. NO,2. NO,3,4,4,2. NO,,,,,,,,,,,,,,,,,,,,,,,,
1. North Central,37. FCT,3705. KWALI,2. RURAL,254,379089,1,1. YES,2. NO,1. YES,1. YES,2. NO,2. NO,2. NO,2. NO,2. NO,2. NO,3,5,6,2. NO,,,,,,,,,,,,,,,,,,,,,,,,
1. North Central,37. FCT,3705. KWALI,2. RURAL,254,379090,2,1. YES,1. YES,1. YES,1. YES,1. YES,1. YES,2. NO,2. NO,2. NO,2. NO,3,4,,2. NO,,,,,,,,,,,,,,,,,,,,,,,,
1. North Central,37. FCT,3705. KWALI,2. RURAL,254,379091,1,1. YES,1. YES,1. YES,2. NO,2. NO,1. YES,2. NO,2. NO,2. NO,2. NO,3,,,2. NO,,,,,,,,,,,,,,,,,,,,,,,,
1. North Central,37. FCT,3705. KWALI,2. RURAL,254,379092,2,1. YES,1. YES,1. YES,1. YES,1. YES,1. YES,2. NO,2. NO,2. NO,2. NO,3,5,6,2. NO,,,,,,,,,,,,,,,,,,,,,,,,
1. North Central,37. FCT,3705. KWALI,2. RURAL,254,379093,1,1. YES,1. YES,1. YES,2. NO,1. YES,1. YES,1. YES,2. NO,2. NO,2. NO,2,2,,1. YES,0,0,0,0,0,0,0,0,1,1,1,1,1,1,1,1,0,0,0,0,5. FOOD IN THE MARKET WAS VERY EXPENSIVE,6. UNABLE TO REACH THE MARKET DUE TO HIGH TRANSPORTATION COSTS,12. LACK OF MONEY,
1. North Central,37. FCT,3705. KWALI,2. RURAL,254,379096,4,1. YES,1. YES,1. YES,1. YES,1. YES,1. YES,2. NO,2. NO,2. NO,2. NO,3,3,4,2. NO,,,,,,,,,,,,,,,,,,,,,,,,
1. North Central,37. FCT,3706. ABUJA MUNICIPAL,1. URBAN,1376,379097,1,1. YES,1. YES,1. YES,1. YES,1. YES,2. NO,2. NO,2. NO,2. NO,2. NO,3,,,2. NO,,,,,,,,,,,,,,,,,,,,,,,,
1. North Central,37. FCT,3706. ABUJA MUNICIPAL,1. URBAN,1376,379098,2,1. YES,1. YES,2. NO,2. NO,1. YES,2. NO,2. NO,2. NO,2. NO,2. NO,3,3,,2. NO,,,,,,,,,,,,,,,,,,,,,,,,
1. North Central,37. FCT,3706. ABUJA MUNICIPAL,1. URBAN,1376,379099,1,1. YES,2. NO,2. NO,2. NO,2. NO,2. NO,2. NO,2. NO,2. NO,2. NO,3,3,,2. NO,,,,,,,,,,,,,,,,,,,,,,,,
1. North Central,37. FCT,3706. ABUJA MUNICIPAL,1. URBAN,1376,379100,1801,1. YES,1. YES,1. YES,2. NO,2. NO,2. NO,2. NO,2. NO,2. NO,2. NO,3,,,2. NO,,,,,,,,,,,,,,,,,,,,,,,,
1. North Central,37. FCT,3706. ABUJA MUNICIPAL,1. URBAN,1376,379101,1,1. YES,2. NO,2. NO,1. YES,2. NO,2. NO,2. NO,2. NO,2. NO,2. NO,3,,,2. NO,,,,,,,,,,,,,,,,,,,,,,,,
1. North Central,37. FCT,3706. ABUJA MUNICIPAL,1. URBAN,1376,379103,2,2. NO,2. NO,2. NO,2. NO,2. NO,2. NO,2. NO,2. NO,2. NO,2. NO,3,3,,2. NO,,,,,,,,,,,,,,,,,,,,,,,,
1. North Central,37. FCT,3706. ABUJA MUNICIPAL,1. URBAN,1376,379104,2,1. YES,1. YES,2. NO,2. NO,2. NO,2. NO,2. NO,2. NO,2. NO,2. NO,3,4,,2. NO,,,,,,,,,,,,,,,,,,,,,,,,
1. North Central,37. FCT,3706. ABUJA MUNICIPAL,1. URBAN,1376,379105,1,2. NO,2. NO,2. NO,2. NO,2. NO,2. NO,2. NO,2. NO,2. NO,2. NO,3,,,2. NO,,,,,,,,,,,,,,,,,,,,,,,,
1. North Central,37. FCT,3706. ABUJA MUNICIPAL,1. URBAN,1376,379106,1,2. NO,2. NO,2. NO,2. NO,2. NO,2. NO,2. NO,2. NO,2. NO,2. NO,3,,,2. NO,,,,,,,,,,,,,,,,,,,,,,,,
1. North Central,37. FCT,3706. ABUJA MUNICIPAL,1. URBAN,1836,379109,3,1. YES,1. YES,1. YES,2. NO,2. NO,2. NO,2. NO,2. NO,2. NO,2. NO,2,3,,1. YES,0,0,0,0,0,0,0,0,1,1,1,1,1,1,1,0,0,0,0,0,5. FOOD IN THE MARKET WAS VERY EXPENSIVE,8. FLOODS/WATER LOGGING,,
1. North Central,37. FCT,3706. ABUJA MUNICIPAL,1. URBAN,1836,379111,1,2. NO,2. NO,2. NO,2. NO,2. NO,2. NO,2. NO,2. NO,2. NO,2. NO,3,,,2. NO,,,,,,,,,,,,,,,,,,,,,,,,
1. North Central,37. FCT,3706. ABUJA MUNICIPAL,1. URBAN,1836,379112,1,1. YES,1. YES,1. YES,1. YES,1. YES,1. YES,1. YES,1. YES,1. YES,1. YES,3,,,1. YES,0,0,0,0,0,0,0,0,0,0,0,0,0,0,1,0,0,0,0,0,12. LACK OF MONEY,,,
1. North Central,37. FCT,3706. ABUJA MUNICIPAL,1. URBAN,1836,379114,5101,1. YES,2. NO,1. YES,1. YES,1. YES,1. YES,2. NO,2. NO,2. NO,2. NO,3,,,2. NO,,,,,,,,,,,,,,,,,,,,,,,,
1. North Central,37. FCT,3706. ABUJA MUNICIPAL,1. URBAN,1836,379115,1,1. YES,2. NO,2. NO,2. NO,2. NO,2. NO,2. NO,2. NO,2. NO,2. NO,3,,,2. NO,,,,,,,,,,,,,,,,,,,,,,,,
1. North Central,37. FCT,3706. ABUJA MUNICIPAL,1. URBAN,1836,379117,5,1. YES,1. YES,1. YES,1. YES,1. YES,2. NO,1. YES,2. NO,2. NO,2. NO,3,,3,1. YES,0,0,0,1,1,1,1,1,1,1,1,1,1,1,1,0,0,0,0,0,5. FOOD IN THE MARKET WAS VERY EXPENSIVE,6. UNABLE TO REACH THE MARKET DUE TO HIGH TRANSPORTATION COSTS,12. LACK OF MONEY,
1. North Central,37. FCT,3706. ABUJA MUNICIPAL,1. URBAN,1836,379119,1,1. YES,2. NO,1. YES,2. NO,2. NO,2. NO,2. NO,2. NO,2. NO,2. NO,3,,,2. NO,,,,,,,,,,,,,,,,,,,,,,,,
1. North Central,37. FCT,3706. ABUJA MUNICIPAL,1. URBAN,1836,379120,1,1. YES,2. NO,1. YES,2. NO,2. NO,2. NO,2. NO,2. NO,2. NO,2. NO,2,,,2. NO,,,,,,,,,,,,,,,,,,,,,,,,
1. North Central,25. Nasarawa,2512. TOTO,1. URBAN,0,379121,2101,1. YES,1. YES,1. YES,1. YES,1. YES,1. YES,2. NO,2. NO,1. YES,2. NO,3,3,3,1. YES,0,0,0,0,0,0,0,0,1,0,0,0,0,0,0,0,0,0,0,0,12. LACK OF MONEY,,,
1. North Central,37. FCT,3702. BWARI,1. URBAN,158,379123,1,1. YES,1. YES,1. YES,1. YES,2. NO,2. NO,2. NO,2. NO,2. NO,2. NO,3,,,2. NO,,,,,,,,,,,,,,,,,,,,,,,,
1. North Central,37. FCT,3702. BWARI,1. URBAN,158,379124,1,1. YES,1. YES,1. YES,2. NO,1. YES,1. YES,1. YES,2. NO,2. NO,2. NO,3,,,2. NO,,,,,,,,,,,,,,,,,,,,,,,,
1. North Central,37. FCT,3703. GWAGWALADA,1. URBAN,202,379127,1,1. YES,1. YES,1. YES,2. NO,1. YES,1. YES,2. NO,2. NO,2. NO,2. NO,3,3,3,1. YES,0,0,0,0,0,0,0,0,0,0,0,1,1,1,1,0,0,0,0,0,5. FOOD IN THE MARKET WAS VERY EXPENSIVE,6. UNABLE TO REACH THE MARKET DUE TO HIGH TRANSPORTATION COSTS,,
1. North Central,37. FCT,3706. ABUJA MUNICIPAL,1. URBAN,1376,379138,2,1. YES,2. NO,2. NO,2. NO,2. NO,2. NO,2. NO,2. NO,2. NO,2. NO,3,3,,2. NO,,,,,,,,,,,,,,,,,,,,,,,,
1. North Central,37. FCT,3702. BWARI,1. URBAN,1102,379139,2,1. YES,1. YES,1. YES,1. YES,2. NO,2. NO,2. NO,2. NO,2. NO,2. NO,3,,,2. NO,,,,,,,,,,,,,,,,,,,,,,,,
1. North Central,37. FCT,3702. BWARI,1. URBAN,1102,379141,1,1. YES,1. YES,1. YES,1. YES,1. YES,1. YES,1. YES,2. NO,1. YES,2. NO,3,,4,2. NO,,,,,,,,,,,,,,,,,,,,,,,,
1. North Central,37. FCT,3702. BWARI,1. URBAN,1102,379143,1,1. YES,1. YES,1. YES,1. YES,2. NO,1. YES,2. NO,2. NO,2. NO,1. YES,3,,5,1. YES,0,0,0,0,0,0,0,0,0,1,1,0,0,0,0,0,0,0,0,0,5. FOOD IN THE MARKET WAS VERY EXPENSIVE,11. UNABLE TO REACH THE MARKET DUE TO CONFLICT/SECURITY,,
1. North Central,37. FCT,3702. BWARI,1. URBAN,1102,379144,1,1. YES,2. NO,2. NO,2. NO,1. YES,2. NO,2. NO,2. NO,2. NO,2. NO,3,3,,1. YES,1,0,0,0,0,0,0,0,0,0,0,0,0,0,0,0,0,0,0,0,12. LACK OF MONEY,7. NO FOOD IN THE MARKET,,
1. North Central,37. FCT,3702. BWARI,1. URBAN,1102,379146,3,1. YES,1. YES,1. YES,1. YES,2. NO,2. NO,2. NO,2. NO,2. NO,2. NO,3,,,2. NO,,,,,,,,,,,,,,,,,,,,,,,,
1. North Central,37. FCT,3702. BWARI,1. URBAN,1102,379151,1,1. YES,1. YES,2. NO,2. NO,2. NO,2. NO,2. NO,2. NO,2. NO,2. NO,3,3,,1. YES,1,0,0,0,0,0,0,0,0,0,0,0,0,0,0,0,0,0,0,0,5. FOOD IN THE MARKET WAS VERY EXPENSIVE,,,
1. North Central,37. FCT,3702. BWARI,1. URBAN,1102,379152,1,1. YES,1. YES,1. YES,2. NO,2. NO,2. NO,2. NO,2. NO,2. NO,2. NO,3,,,2. NO,,,,,,,,,,,,,,,,,,,,,,,,
1. North Central,37. FCT,3702. BWARI,1. URBAN,1102,379154,1,1. YES,1. YES,1. YES,1. YES,2. NO,1. YES,2. NO,2. NO,2. NO,2. NO,3,,5,2. NO,,,,,,,,,,,,,,,,,,,,,,,,
1. North Central,37. FCT,3702. BWARI,1. URBAN,1102,379155,1,1. YES,1. YES,1. YES,1. YES,1. YES,2. NO,2. NO,2. NO,2. NO,2. NO,3,3,,2. NO,,,,,,,,,,,,,,,,,,,,,,,,
