CH03,CH04,CH06,CH07,CH08,CH09,CH10,CH11,CH12,CH13,CH15,CH16,NIVEL_ED,edad2,CAT_OCUP,INTENSI,PP03C,PP03D,PP3E_TOT,PP3F_TOT,PP03G,PP03H,PP03I,PP03J,PP04A,PP04B1,PP04B2,PP04C,PP04G,PP07A,PP07C,PP07D,PP07E,PP07F1,PP07F2,PP07F3,PP07F4,PP07F5,PP07G1,PP07G2,PP07G3,PP07G4,PP07G_59,PP07H,PP07I,PP07J,PP07K,AGLOMERADO,informal
1.0,2.0,47.0,1.0,1.0,1.0,2.0,0.0,7.0,1.0,2.0,1.0,6.0,2209.0,3.0,2.0,1.0,0.0,40.0,0.0,2.0,0.0,2.0,2.0,2.0,2.0,0.0,99.0,12.0,6.0,2.0,0.0,0.0,2.0,2.0,2.0,1.0,0.0,1.0,1.0,1.0,1.0,0.0,1.0,0.0,1.0,1.0,32.0,0
2.0,1.0,35.0,1.0,1.0,1.0,2.0,0.0,7.0,1.0,1.0,1.0,6.0,1225.0,3.0,2.0,1.0,0.0,40.0,0.0,2.0,0.0,2.0,2.0,2.0,2.0,0.0,11.0,11.0,5.0,2.0,0.0,0.0,2.0,2.0,2.0,2.0,5.0,1.0,1.0,1.0,1.0,0.0,1.0,0.0,1.0,1.0,32.0,0
1.0,1.0,28.0,1.0,12.0,1.0,2.0,0.0,7.0,1.0,1.0,1.0,6.0,784.0,3.0,3.0,2.0,2.0,40.0,8.0,2.0,0.0,2.0,2.0,2.0,2.0,0.0,6.0,11.0,6.0,2.0,0.0,0.0,2.0,2.0,2.0,2.0,5.0,2.0,2.0,2.0,1.0,0.0,2.0,1.0,1.0,3.0,32.0,1
2.0,2.0,29.0,1.0,12.0,1.0,2.0,0.0,7.0,1.0,1.0,1.0,6.0,841.0,3.0,2.0,1.0,0.0,40.0,0.0,2.0,0.0,2.0,2.0,2.0,2.0,0.0,99.0,11.0,5.0,2.0,0.0,0.0,2.0,2.0,2.0,2.0,5.0,2.0,2.0,2.0,1.0,0.0,2.0,1.0,1.0,3.0,32.0,1
3.0,1.0,32.0,5.0,1.0,1.0,2.0,0.0,7.0,1.0,1.0,1.0,6.0,1024.0,3.0,1.0,1.0,0.0,25.0,0.0,1.0,1.0,1.0,1.0,1.0,2.0,0.0,12.0,11.0,6.0,2.0,0.0,0.0,2.0,2.0,2.0,2.0,5.0,1.0,1.0,1.0,1.0,0.0,1.0,0.0,1.0,1.0,33.0,0
9.0,1.0,34.0,5.0,4.0,1.0,1.0,1.0,7.0,2.0,5.0,1.0,5.0,1156.0,3.0,1.0,1.0,0.0,12.0,0.0,1.0,1.0,1.0,1.0,2.0,2.0,0.0,99.0,11.0,3.0,1.0,1.0,4.0,2.0,2.0,2.0,2.0,5.0,2.0,2.0,2.0,2.0,5.0,2.0,2.0,3.0,4.0,33.0,1
3.0,2.0,48.0,3.0,4.0,1.0,2.0,0.0,7.0,2.0,1.0,1.0,5.0,2304.0,2.0,2.0,1.0,0.0,30.0,0.0,2.0,0.0,2.0,2.0,2.0,2.0,0.0,1.0,12.0,0.0,0.0,0.0,0.0,0.0,0.0,0.0,0.0,0.0,0.0,0.0,0.0,0.0,0.0,0.0,0.0,0.0,0.0,33.0,0
3.0,1.0,46.0,5.0,4.0,1.0,2.0,0.0,7.0,1.0,1.0,1.0,6.0,2116.0,3.0,2.0,1.0,0.0,40.0,0.0,2.0,0.0,2.0,2.0,2.0,2.0,0.0,99.0,4.0,5.0,9.0,9.0,4.0,2.0,2.0,2.0,2.0,5.0,2.0,2.0,2.0,2.0,5.0,2.0,2.0,1.0,4.0,33.0,1
9.0,1.0,38.0,5.0,1.0,1.0,2.0,0.0,4.0,1.0,1.0,1.0,4.0,1444.0,2.0,2.0,1.0,0.0,40.0,0.0,2.0,0.0,2.0,2.0,2.0,2.0,0.0,1.0,11.0,0.0,0.0,0.0,0.0,0.0,0.0,0.0,0.0,0.0,0.0,0.0,0.0,0.0,0.0,0.0,0.0,0.0,0.0,33.0,0
1.0,2.0,42.0,5.0,4.0,1.0,2.0,0.0,4.0,1.0,1.0,1.0,4.0,1764.0,2.0,1.0,1.0,0.0,4.0,0.0,1.0,1.0,1.0,1.0,2.0,2.0,0.0,1.0,2.0,0.0,0.0,0.0,0.0,0.0,0.0,0.0,0.0,0.0,0.0,0.0,0.0,0.0,0.0,0.0,0.0,0.0,0.0,33.0,0
1.0,1.0,54.0,2.0,1.0,1.0,2.0,0.0,4.0,1.0,1.0,1.0,4.0,2916.0,3.0,2.0,1.0,0.0,40.0,0.0,2.0,0.0,2.0,2.0,2.0,2.0,0.0,7.0,11.0,6.0,2.0,0.0,0.0,2.0,2.0,2.0,1.0,0.0,1.0,1.0,1.0,1.0,0.0,1.0,0.0,1.0,1.0,33.0,0
2.0,2.0,49.0,2.0,1.0,1.0,2.0,0.0,6.0,1.0,1.0,1.0,6.0,2401.0,3.0,2.0,1.0,0.0,40.0,0.0,2.0,0.0,2.0,2.0,1.0,2.0,0.0,8.0,11.0,6.0,2.0,0.0,0.0,2.0,2.0,2.0,2.0,5.0,1.0,1.0,1.0,1.0,0.0,1.0,0.0,1.0,1.0,33.0,0
1.0,2.0,46.0,1.0,4.0,1.0,2.0,0.0,4.0,1.0,1.0,1.0,4.0,2116.0,3.0,1.0,1.0,0.0,8.0,0.0,1.0,1.0,1.0,2.0,2.0,1.0,1.0,0.0,0.0,0.0,0.0,0.0,0.0,1.0,2.0,1.0,2.0,0.0,2.0,2.0,2.0,2.0,5.0,2.0,2.0,1.0,4.0,33.0,1
2.0,1.0,51.0,1.0,1.0,1.0,2.0,0.0,4.0,2.0,1.0,1.0,3.0,2601.0,3.0,3.0,1.0,0.0,72.0,0.0,2.0,0.0,2.0,2.0,1.0,2.0,0.0,99.0,11.0,5.0,2.0,0.0,0.0,2.0,2.0,2.0,2.0,5.0,1.0,1.0,1.0,1.0,0.0,1.0,0.0,1.0,1.0,33.0,0
3.0,2.0,20.0,5.0,1.0,1.0,2.0,0.0,4.0,1.0,1.0,1.0,4.0,400.0,3.0,3.0,1.0,0.0,57.0,0.0,2.0,0.0,2.0,2.0,2.0,2.0,0.0,99.0,11.0,5.0,2.0,0.0,0.0,1.0,2.0,2.0,2.0,0.0,1.0,1.0,1.0,1.0,0.0,1.0,0.0,1.0,1.0,33.0,0
2.0,1.0,63.0,2.0,1.0,1.0,2.0,0.0,2.0,2.0,4.0,1.0,1.0,3969.0,3.0,3.0,1.0,0.0,80.0,0.0,2.0,0.0,2.0,2.0,2.0,2.0,0.0,11.0,4.0,6.0,2.0,0.0,0.0,2.0,2.0,2.0,1.0,0.0,1.0,1.0,1.0,1.0,0.0,1.0,0.0,3.0,1.0,33.0,0
3.0,2.0,23.0,1.0,1.0,1.0,2.0,0.0,7.0,2.0,1.0,1.0,5.0,529.0,3.0,3.0,1.0,0.0,84.0,0.0,2.0,0.0,2.0,2.0,2.0,2.0,0.0,7.0,11.0,5.0,2.0,0.0,0.0,1.0,2.0,2.0,2.0,0.0,1.0,1.0,1.0,1.0,0.0,1.0,0.0,1.0,1.0,33.0,0
4.0,1.0,23.0,1.0,1.0,1.0,2.0,0.0,4.0,1.0,1.0,1.0,4.0,529.0,3.0,3.0,1.0,0.0,72.0,0.0,1.0,1.0,1.0,2.0,1.0,2.0,0.0,99.0,11.0,5.0,2.0,0.0,0.0,2.0,2.0,2.0,2.0,5.0,1.0,1.0,1.0,1.0,0.0,1.0,0.0,3.0,1.0,33.0,0
1.0,1.0,58.0,2.0,1.0,1.0,2.0,0.0,4.0,2.0,1.0,1.0,3.0,3364.0,3.0,3.0,1.0,0.0,54.0,0.0,2.0,0.0,2.0,2.0,2.0,2.0,0.0,8.0,5.0,6.0,2.0,0.0,0.0,1.0,2.0,2.0,2.0,0.0,1.0,1.0,1.0,1.0,0.0,1.0,0.0,1.0,1.0,33.0,0
2.0,2.0,43.0,2.0,1.0,1.0,2.0,0.0,4.0,1.0,4.0,1.0,4.0,1849.0,3.0,2.0,1.0,0.0,40.0,0.0,1.0,1.0,1.0,1.0,2.0,1.0,1.0,0.0,0.0,0.0,0.0,0.0,0.0,1.0,2.0,2.0,2.0,0.0,1.0,1.0,1.0,1.0,0.0,1.0,0.0,1.0,1.0,33.0,0
1.0,1.0,43.0,1.0,1.0,1.0,2.0,0.0,6.0,1.0,1.0,1.0,6.0,1849.0,3.0,2.0,1.0,0.0,35.0,0.0,2.0,0.0,2.0,2.0,2.0,2.0,0.0,12.0,11.0,6.0,2.0,0.0,0.0,2.0,2.0,2.0,2.0,5.0,1.0,1.0,1.0,1.0,0.0,1.0,0.0,1.0,1.0,32.0,0
2.0,2.0,45.0,1.0,1.0,1.0,2.0,0.0,4.0,1.0,1.0,1.0,4.0,2025.0,3.0,2.0,1.0,0.0,35.0,0.0,2.0,0.0,2.0,2.0,1.0,2.0,0.0,11.0,11.0,6.0,1.0,5.0,4.0,1.0,2.0,2.0,2.0,0.0,1.0,1.0,1.0,1.0,0.0,1.0,0.0,1.0,1.0,32.0,0
1.0,2.0,46.0,5.0,1.0,1.0,2.0,0.0,6.0,2.0,1.0,1.0,5.0,2116.0,3.0,2.0,1.0,0.0,45.0,0.0,2.0,0.0,2.0,2.0,2.0,2.0,0.0,4.0,6.0,6.0,2.0,0.0,0.0,2.0,2.0,2.0,2.0,5.0,1.0,1.0,1.0,1.0,0.0,1.0,0.0,1.0,1.0,32.0,0
1.0,1.0,36.0,5.0,1.0,1.0,2.0,0.0,4.0,1.0,1.0,1.0,4.0,1296.0,3.0,2.0,1.0,0.0,40.0,0.0,2.0,0.0,2.0,2.0,2.0,2.0,0.0,10.0,11.0,5.0,2.0,0.0,0.0,2.0,2.0,2.0,2.0,5.0,1.0,1.0,1.0,1.0,0.0,1.0,0.0,1.0,1.0,32.0,0
1.0,1.0,65.0,4.0,1.0,1.0,2.0,0.0,4.0,1.0,4.0,1.0,4.0,4225.0,1.0,2.0,1.0,0.0,32.0,0.0,2.0,0.0,2.0,2.0,2.0,2.0,0.0,3.0,11.0,0.0,0.0,0.0,0.0,0.0,0.0,0.0,0.0,0.0,0.0,0.0,0.0,0.0,0.0,0.0,0.0,0.0,0.0,32.0,0
3.0,2.0,24.0,5.0,4.0,1.0,2.0,0.0,7.0,2.0,1.0,1.0,5.0,576.0,3.0,1.0,2.0,2.0,16.0,9.0,1.0,1.0,2.0,2.0,2.0,2.0,0.0,3.0,11.0,6.0,2.0,0.0,0.0,1.0,2.0,2.0,2.0,0.0,2.0,2.0,2.0,2.0,5.0,2.0,2.0,1.0,4.0,32.0,1
2.0,1.0,50.0,1.0,4.0,1.0,2.0,0.0,2.0,1.0,3.0,1.0,2.0,2500.0,2.0,2.0,1.0,0.0,40.0,0.0,1.0,1.0,1.0,1.0,2.0,2.0,0.0,1.0,8.0,0.0,0.0,0.0,0.0,0.0,0.0,0.0,0.0,0.0,0.0,0.0,0.0,0.0,0.0,0.0,0.0,0.0,0.0,33.0,0
3.0,2.0,34.0,5.0,4.0,1.0,2.0,0.0,4.0,2.0,1.0,1.0,3.0,1156.0,3.0,3.0,1.0,0.0,48.0,0.0,1.0,1.0,1.0,1.0,2.0,1.0,1.0,0.0,0.0,0.0,0.0,0.0,0.0,1.0,2.0,2.0,2.0,0.0,2.0,2.0,2.0,2.0,5.0,2.0,2.0,1.0,4.0,33.0,1
1.0,1.0,41.0,2.0,1.0,1.0,2.0,0.0,6.0,1.0,1.0,1.0,6.0,1681.0,2.0,2.0,1.0,0.0,44.0,0.0,2.0,0.0,2.0,2.0,2.0,2.0,0.0,2.0,11.0,0.0,0.0,0.0,0.0,0.0,0.0,0.0,0.0,0.0,0.0,0.0,0.0,0.0,0.0,0.0,0.0,0.0,0.0,33.0,0
2.0,2.0,43.0,2.0,1.0,1.0,2.0,0.0,4.0,1.0,1.0,1.0,4.0,1849.0,2.0,1.0,1.0,0.0,4.0,0.0,1.0,1.0,1.0,2.0,2.0,2.0,0.0,1.0,8.0,0.0,0.0,0.0,0.0,0.0,0.0,0.0,0.0,0.0,0.0,0.0,0.0,0.0,0.0,0.0,0.0,0.0,0.0,33.0,0
1.0,1.0,34.0,1.0,4.0,1.0,2.0,0.0,4.0,1.0,1.0,1.0,4.0,1156.0,2.0,3.0,1.0,0.0,72.0,0.0,2.0,0.0,2.0,2.0,2.0,2.0,0.0,2.0,6.0,0.0,0.0,0.0,0.0,0.0,0.0,0.0,0.0,0.0,0.0,0.0,0.0,0.0,0.0,0.0,0.0,0.0,0.0,33.0,0
2.0,2.0,32.0,1.0,4.0,1.0,2.0,0.0,4.0,1.0,2.0,1.0,4.0,1024.0,2.0,3.0,1.0,0.0,72.0,0.0,2.0,0.0,2.0,2.0,2.0,2.0,0.0,2.0,6.0,0.0,0.0,0.0,0.0,0.0,0.0,0.0,0.0,0.0,0.0,0.0,0.0,0.0,0.0,0.0,0.0,0.0,0.0,33.0,0
1.0,2.0,65.0,2.0,1.0,1.0,2.0,0.0,6.0,1.0,1.0,1.0,6.0,4225.0,3.0,3.0,1.0,0.0,40.0,0.0,2.0,0.0,2.0,2.0,2.0,1.0,1.0,0.0,0.0,0.0,0.0,0.0,0.0,1.0,2.0,2.0,2.0,0.0,2.0,2.0,2.0,2.0,5.0,2.0,2.0,1.0,4.0,33.0,1
3.0,1.0,38.0,3.0,1.0,1.0,2.0,0.0,4.0,1.0,1.0,1.0,4.0,1444.0,3.0,3.0,1.0,0.0,40.0,0.0,2.0,0.0,2.0,2.0,1.0,2.0,0.0,12.0,11.0,6.0,2.0,0.0,0.0,2.0,2.0,2.0,2.0,5.0,1.0,1.0,1.0,1.0,0.0,1.0,0.0,1.0,1.0,33.0,0
3.0,1.0,21.0,5.0,1.0,1.0,1.0,1.0,7.0,2.0,1.0,1.0,5.0,441.0,3.0,1.0,1.0,0.0,20.0,0.0,1.0,1.0,1.0,1.0,2.0,2.0,0.0,5.0,8.0,5.0,2.0,0.0,0.0,2.0,2.0,2.0,2.0,5.0,1.0,1.0,1.0,1.0,0.0,1.0,0.0,1.0,1.0,33.0,0
1.0,1.0,42.0,5.0,1.0,1.0,2.0,0.0,7.0,1.0,5.0,1.0,6.0,1764.0,3.0,2.0,2.0,2.0,35.0,2.0,2.0,0.0,2.0,2.0,2.0,2.0,0.0,8.0,11.0,5.0,2.0,0.0,0.0,1.0,2.0,2.0,1.0,0.0,1.0,1.0,1.0,1.0,0.0,1.0,0.0,1.0,1.0,32.0,0
1.0,1.0,65.0,2.0,1.0,1.0,2.0,0.0,7.0,1.0,1.0,1.0,6.0,4225.0,2.0,2.0,1.0,0.0,40.0,0.0,2.0,0.0,2.0,2.0,2.0,2.0,0.0,1.0,12.0,0.0,0.0,0.0,0.0,0.0,0.0,0.0,0.0,0.0,0.0,0.0,0.0,0.0,0.0,0.0,0.0,0.0,0.0,32.0,0
1.0,1.0,61.0,2.0,1.0,1.0,2.0,0.0,4.0,1.0,3.0,1.0,4.0,3721.0,3.0,2.0,1.0,0.0,25.0,0.0,2.0,0.0,2.0,2.0,2.0,2.0,0.0,1.0,11.0,6.0,2.0,0.0,0.0,2.0,1.0,2.0,2.0,0.0,1.0,1.0,1.0,1.0,0.0,1.0,0.0,1.0,1.0,32.0,0
8.0,2.0,34.0,5.0,1.0,1.0,2.0,0.0,6.0,1.0,1.0,1.0,6.0,1156.0,3.0,3.0,2.0,3.0,32.0,32.0,2.0,0.0,1.0,1.0,2.0,2.0,0.0,9.0,11.0,5.0,2.0,0.0,0.0,2.0,2.0,2.0,1.0,0.0,1.0,1.0,1.0,2.0,0.0,2.0,1.0,1.0,3.0,32.0,1
3.0,1.0,36.0,5.0,1.0,1.0,2.0,0.0,6.0,1.0,3.0,1.0,6.0,1296.0,3.0,2.0,1.0,0.0,40.0,0.0,2.0,0.0,2.0,2.0,2.0,2.0,0.0,99.0,11.0,5.0,2.0,0.0,0.0,2.0,2.0,2.0,2.0,5.0,1.0,1.0,1.0,1.0,0.0,1.0,0.0,1.0,1.0,32.0,0
8.0,1.0,19.0,5.0,1.0,1.0,1.0,2.0,7.0,2.0,2.0,1.0,5.0,361.0,4.0,2.0,1.0,0.0,3.0,0.0,2.0,0.0,2.0,2.0,2.0,2.0,0.0,5.0,11.0,0.0,0.0,0.0,0.0,0.0,0.0,0.0,0.0,0.0,0.0,0.0,0.0,0.0,0.0,0.0,0.0,0.0,0.0,32.0,1
5.0,2.0,19.0,5.0,4.0,1.0,2.0,0.0,4.0,2.0,1.0,1.0,3.0,361.0,2.0,2.0,1.0,0.0,42.0,0.0,1.0,1.0,1.0,1.0,2.0,2.0,0.0,1.0,9.0,0.0,0.0,0.0,0.0,0.0,0.0,0.0,0.0,0.0,0.0,0.0,0.0,0.0,0.0,0.0,0.0,0.0,0.0,33.0,0
1.0,2.0,62.0,1.0,4.0,1.0,2.0,0.0,6.0,1.0,3.0,1.0,6.0,3844.0,3.0,1.0,1.0,0.0,12.0,0.0,1.0,1.0,1.0,1.0,2.0,1.0,1.0,0.0,0.0,0.0,0.0,0.0,0.0,2.0,2.0,2.0,2.0,5.0,2.0,2.0,2.0,2.0,5.0,2.0,2.0,1.0,4.0,33.0,1
1.0,2.0,47.0,5.0,1.0,1.0,2.0,0.0,4.0,1.0,1.0,1.0,4.0,2209.0,3.0,1.0,2.0,2.0,20.0,2.0,1.0,1.0,1.0,1.0,1.0,2.0,0.0,6.0,11.0,5.0,9.0,9.0,4.0,1.0,2.0,2.0,2.0,0.0,2.0,2.0,2.0,2.0,5.0,2.0,1.0,1.0,4.0,33.0,1
1.0,2.0,40.0,1.0,4.0,1.0,2.0,0.0,4.0,1.0,4.0,1.0,4.0,1600.0,2.0,2.0,1.0,0.0,20.0,0.0,2.0,0.0,2.0,2.0,2.0,2.0,0.0,2.0,8.0,0.0,0.0,0.0,0.0,0.0,0.0,0.0,0.0,0.0,0.0,0.0,0.0,0.0,0.0,0.0,0.0,0.0,0.0,33.0,0
2.0,1.0,39.0,1.0,4.0,1.0,2.0,0.0,2.0,1.0,3.0,1.0,2.0,1521.0,1.0,3.0,2.0,2.0,30.0,20.0,2.0,0.0,2.0,2.0,2.0,2.0,0.0,2.0,5.0,0.0,0.0,0.0,0.0,0.0,0.0,0.0,0.0,0.0,0.0,0.0,0.0,0.0,0.0,0.0,0.0,0.0,0.0,33.0,0
3.0,1.0,18.0,5.0,4.0,1.0,1.0,1.0,6.0,2.0,1.0,1.0,5.0,324.0,3.0,2.0,1.0,0.0,30.0,0.0,2.0,0.0,2.0,2.0,2.0,2.0,0.0,2.0,5.0,5.0,2.0,0.0,0.0,2.0,2.0,2.0,2.0,5.0,2.0,2.0,2.0,2.0,5.0,2.0,2.0,1.0,4.0,33.0,1
1.0,2.0,38.0,1.0,4.0,1.0,1.0,1.0,7.0,2.0,1.0,1.0,5.0,1444.0,3.0,3.0,1.0,0.0,56.0,0.0,1.0,1.0,2.0,2.0,1.0,2.0,0.0,7.0,11.0,4.0,9.0,9.0,4.0,2.0,2.0,2.0,2.0,5.0,2.0,2.0,2.0,2.0,5.0,2.0,2.0,1.0,1.0,33.0,1
2.0,1.0,39.0,1.0,4.0,1.0,2.0,0.0,2.0,2.0,1.0,1.0,1.0,1521.0,3.0,2.0,1.0,0.0,40.0,0.0,1.0,1.0,2.0,1.0,1.0,2.0,0.0,6.0,9.0,5.0,9.0,5.0,4.0,2.0,2.0,2.0,2.0,5.0,2.0,2.0,2.0,2.0,5.0,2.0,2.0,3.0,1.0,33.0,1
3.0,1.0,32.0,5.0,4.0,1.0,2.0,0.0,4.0,1.0,1.0,1.0,4.0,1024.0,3.0,1.0,1.0,0.0,24.0,0.0,1.0,1.0,1.0,1.0,2.0,2.0,0.0,99.0,11.0,6.0,2.0,0.0,0.0,2.0,2.0,1.0,2.0,0.0,2.0,2.0,2.0,2.0,5.0,2.0,2.0,1.0,4.0,33.0,1
2.0,2.0,61.0,2.0,1.0,1.0,2.0,0.0,2.0,1.0,3.0,1.0,2.0,3721.0,3.0,2.0,1.0,0.0,20.0,0.0,2.0,0.0,2.0,2.0,2.0,1.0,1.0,0.0,0.0,0.0,0.0,0.0,0.0,2.0,2.0,2.0,2.0,5.0,1.0,1.0,1.0,1.0,0.0,1.0,0.0,1.0,1.0,32.0,0
3.0,1.0,32.0,5.0,1.0,1.0,2.0,0.0,6.0,1.0,1.0,1.0,6.0,1024.0,3.0,2.0,1.0,0.0,40.0,0.0,2.0,0.0,2.0,2.0,2.0,2.0,0.0,99.0,11.0,5.0,2.0,0.0,0.0,2.0,2.0,2.0,2.0,5.0,1.0,1.0,1.0,1.0,0.0,1.0,0.0,1.0,1.0,32.0,0
1.0,1.0,28.0,5.0,4.0,1.0,2.0,0.0,4.0,1.0,1.0,1.0,4.0,784.0,2.0,2.0,1.0,0.0,40.0,0.0,1.0,1.0,1.0,1.0,2.0,2.0,0.0,1.0,8.0,0.0,0.0,0.0,0.0,0.0,0.0,0.0,0.0,0.0,0.0,0.0,0.0,0.0,0.0,0.0,0.0,0.0,0.0,33.0,0
2.0,2.0,28.0,5.0,4.0,1.0,2.0,0.0,7.0,2.0,1.0,1.0,5.0,784.0,2.0,2.0,1.0,0.0,40.0,0.0,2.0,0.0,2.0,2.0,2.0,2.0,0.0,1.0,8.0,0.0,0.0,0.0,0.0,0.0,0.0,0.0,0.0,0.0,0.0,0.0,0.0,0.0,0.0,0.0,0.0,0.0,0.0,33.0,0
3.0,2.0,36.0,5.0,2.0,1.0,2.0,0.0,4.0,1.0,1.0,1.0,4.0,1296.0,3.0,2.0,1.0,0.0,27.0,0.0,2.0,0.0,2.0,2.0,2.0,2.0,0.0,99.0,11.0,6.0,2.0,0.0,0.0,1.0,2.0,2.0,2.0,0.0,1.0,1.0,1.0,1.0,0.0,1.0,0.0,2.0,1.0,33.0,0
1.0,2.0,58.0,4.0,4.0,1.0,2.0,0.0,4.0,1.0,1.0,1.0,4.0,3364.0,3.0,1.0,1.0,0.0,18.0,0.0,1.0,1.0,2.0,1.0,2.0,2.0,0.0,99.0,10.0,6.0,2.0,0.0,0.0,2.0,2.0,2.0,2.0,5.0,2.0,2.0,2.0,2.0,5.0,2.0,2.0,1.0,4.0,33.0,1
3.0,2.0,34.0,5.0,4.0,1.0,1.0,1.0,7.0,2.0,1.0,1.0,5.0,1156.0,3.0,1.0,1.0,0.0,18.0,0.0,1.0,1.0,2.0,1.0,2.0,2.0,0.0,99.0,10.0,6.0,2.0,0.0,0.0,2.0,2.0,2.0,2.0,5.0,2.0,2.0,2.0,2.0,5.0,2.0,2.0,1.0,4.0,33.0,1
1.0,2.0,64.0,3.0,1.0,1.0,2.0,0.0,4.0,1.0,4.0,1.0,4.0,4096.0,3.0,2.0,1.0,0.0,20.0,0.0,2.0,0.0,2.0,2.0,2.0,2.0,0.0,1.0,11.0,6.0,2.0,0.0,0.0,2.0,2.0,2.0,2.0,5.0,1.0,1.0,1.0,1.0,0.0,1.0,0.0,1.0,1.0,32.0,0
2.0,2.0,65.0,1.0,1.0,1.0,2.0,0.0,4.0,1.0,2.0,1.0,4.0,4225.0,3.0,2.0,1.0,0.0,35.0,0.0,2.0,0.0,2.0,2.0,2.0,1.0,1.0,0.0,0.0,0.0,0.0,0.0,0.0,1.0,2.0,2.0,2.0,0.0,2.0,2.0,2.0,2.0,5.0,2.0,2.0,1.0,4.0,33.0,1
1.0,1.0,55.0,3.0,4.0,1.0,2.0,0.0,2.0,1.0,4.0,1.0,2.0,3025.0,1.0,2.0,1.0,0.0,40.0,0.0,1.0,1.0,1.0,1.0,2.0,2.0,0.0,6.0,11.0,0.0,0.0,0.0,0.0,0.0,0.0,0.0,0.0,0.0,0.0,0.0,0.0,0.0,0.0,0.0,0.0,0.0,0.0,33.0,0
2.0,2.0,56.0,2.0,4.0,1.0,2.0,0.0,4.0,1.0,1.0,1.0,4.0,3136.0,2.0,2.0,1.0,0.0,36.0,0.0,2.0,0.0,2.0,2.0,2.0,2.0,0.0,1.0,12.0,0.0,0.0,0.0,0.0,0.0,0.0,0.0,0.0,0.0,0.0,0.0,0.0,0.0,0.0,0.0,0.0,0.0,0.0,33.0,0
3.0,2.0,32.0,5.0,1.0,1.0,2.0,0.0,7.0,1.0,1.0,1.0,6.0,1024.0,3.0,2.0,1.0,0.0,40.0,0.0,2.0,0.0,2.0,2.0,3.0,2.0,0.0,99.0,11.0,6.0,2.0,0.0,0.0,2.0,2.0,2.0,2.0,5.0,1.0,1.0,1.0,1.0,0.0,1.0,0.0,1.0,1.0,33.0,0
3.0,2.0,29.0,5.0,1.0,1.0,1.0,1.0,7.0,2.0,1.0,1.0,5.0,841.0,3.0,2.0,1.0,0.0,40.0,0.0,2.0,0.0,2.0,2.0,2.0,2.0,0.0,6.0,11.0,5.0,2.0,0.0,0.0,2.0,2.0,2.0,2.0,5.0,1.0,1.0,1.0,1.0,0.0,1.0,0.0,1.0,1.0,33.0,0
1.0,1.0,49.0,2.0,1.0,1.0,2.0,0.0,4.0,1.0,1.0,1.0,4.0,2401.0,3.0,2.0,1.0,0.0,44.0,0.0,2.0,0.0,2.0,2.0,2.0,2.0,0.0,2.0,11.0,6.0,2.0,0.0,0.0,2.0,2.0,2.0,2.0,5.0,1.0,1.0,1.0,1.0,0.0,1.0,0.0,1.0,1.0,33.0,0
1.0,1.0,58.0,2.0,4.0,1.0,2.0,0.0,4.0,1.0,1.0,1.0,4.0,3364.0,2.0,1.0,1.0,0.0,10.0,0.0,1.0,1.0,1.0,1.0,2.0,2.0,0.0,1.0,6.0,0.0,0.0,0.0,0.0,0.0,0.0,0.0,0.0,0.0,0.0,0.0,0.0,0.0,0.0,0.0,0.0,0.0,0.0,33.0,0
2.0,1.0,46.0,1.0,4.0,1.0,2.0,0.0,2.0,1.0,1.0,1.0,2.0,2116.0,3.0,3.0,1.0,0.0,48.0,0.0,1.0,1.0,1.0,1.0,2.0,2.0,0.0,7.0,11.0,6.0,2.0,0.0,0.0,2.0,2.0,2.0,2.0,5.0,2.0,2.0,2.0,2.0,5.0,2.0,2.0,9.0,9.0,33.0,1
1.0,2.0,62.0,1.0,4.0,1.0,2.0,0.0,4.0,1.0,1.0,1.0,4.0,3844.0,3.0,2.0,1.0,0.0,20.0,0.0,2.0,0.0,2.0,2.0,2.0,1.0,1.0,0.0,0.0,0.0,0.0,0.0,0.0,2.0,2.0,2.0,2.0,5.0,2.0,2.0,2.0,2.0,5.0,2.0,2.0,1.0,4.0,33.0,1
1.0,1.0,36.0,5.0,1.0,1.0,1.0,1.0,6.0,2.0,1.0,1.0,5.0,1296.0,3.0,3.0,1.0,0.0,77.0,0.0,2.0,0.0,1.0,1.0,2.0,2.0,0.0,10.0,11.0,6.0,2.0,0.0,0.0,2.0,2.0,2.0,2.0,5.0,1.0,1.0,1.0,1.0,0.0,1.0,0.0,3.0,1.0,33.0,0
1.0,1.0,41.0,2.0,4.0,1.0,2.0,0.0,2.0,2.0,1.0,1.0,1.0,1681.0,2.0,2.0,1.0,0.0,36.0,0.0,2.0,0.0,2.0,2.0,2.0,2.0,0.0,1.0,9.0,0.0,0.0,0.0,0.0,0.0,0.0,0.0,0.0,0.0,0.0,0.0,0.0,0.0,0.0,0.0,0.0,0.0,0.0,33.0,0
1.0,1.0,39.0,1.0,2.0,1.0,2.0,0.0,7.0,1.0,1.0,1.0,6.0,1521.0,3.0,3.0,1.0,0.0,40.0,0.0,9.0,0.0,9.0,9.0,2.0,2.0,0.0,99.0,11.0,9.0,9.0,9.0,4.0,9.0,9.0,9.0,9.0,0.0,9.0,9.0,9.0,9.0,0.0,1.0,0.0,9.0,9.0,32.0,0
1.0,1.0,64.0,5.0,1.0,1.0,2.0,0.0,4.0,1.0,2.0,1.0,4.0,4096.0,3.0,2.0,1.0,0.0,40.0,0.0,2.0,0.0,2.0,2.0,2.0,2.0,0.0,11.0,6.0,6.0,2.0,0.0,0.0,2.0,2.0,2.0,1.0,0.0,1.0,1.0,1.0,1.0,0.0,1.0,0.0,1.0,1.0,32.0,0
2.0,1.0,55.0,2.0,1.0,1.0,2.0,0.0,4.0,1.0,1.0,1.0,4.0,3025.0,2.0,3.0,1.0,0.0,60.0,0.0,2.0,0.0,2.0,2.0,2.0,2.0,0.0,3.0,4.0,0.0,0.0,0.0,0.0,0.0,0.0,0.0,0.0,0.0,0.0,0.0,0.0,0.0,0.0,0.0,0.0,0.0,0.0,33.0,0
3.0,2.0,23.0,5.0,1.0,1.0,2.0,0.0,4.0,1.0,1.0,1.0,4.0,529.0,3.0,2.0,1.0,0.0,40.0,0.0,2.0,0.0,2.0,2.0,2.0,2.0,0.0,8.0,11.0,6.0,2.0,0.0,0.0,2.0,2.0,2.0,2.0,5.0,1.0,1.0,1.0,1.0,0.0,1.0,0.0,1.0,1.0,33.0,0
2.0,1.0,29.0,2.0,4.0,1.0,2.0,0.0,2.0,1.0,1.0,1.0,2.0,841.0,2.0,1.0,1.0,0.0,32.0,0.0,1.0,1.0,2.0,2.0,2.0,2.0,0.0,1.0,8.0,0.0,0.0,0.0,0.0,0.0,0.0,0.0,0.0,0.0,0.0,0.0,0.0,0.0,0.0,0.0,0.0,0.0,0.0,33.0,0
1.0,1.0,59.0,1.0,4.0,1.0,2.0,0.0,2.0,1.0,1.0,1.0,2.0,3481.0,2.0,1.0,1.0,0.0,12.0,0.0,1.0,1.0,1.0,2.0,2.0,2.0,0.0,1.0,8.0,0.0,0.0,0.0,0.0,0.0,0.0,0.0,0.0,0.0,0.0,0.0,0.0,0.0,0.0,0.0,0.0,0.0,0.0,33.0,0
2.0,2.0,59.0,1.0,1.0,1.0,2.0,0.0,4.0,2.0,1.0,1.0,3.0,3481.0,3.0,2.0,1.0,0.0,30.0,0.0,2.0,0.0,2.0,2.0,2.0,1.0,1.0,0.0,0.0,0.0,0.0,0.0,0.0,1.0,2.0,2.0,2.0,0.0,2.0,2.0,2.0,2.0,5.0,2.0,2.0,1.0,4.0,33.0,1
1.0,2.0,44.0,5.0,4.0,1.0,2.0,0.0,4.0,2.0,1.0,1.0,3.0,1936.0,3.0,1.0,1.0,0.0,12.0,0.0,1.0,1.0,2.0,2.0,2.0,2.0,0.0,2.0,6.0,0.0,0.0,0.0,0.0,0.0,0.0,0.0,0.0,0.0,0.0,0.0,0.0,0.0,0.0,2.0,0.0,0.0,0.0,33.0,1
2.0,2.0,25.0,5.0,4.0,1.0,1.0,2.0,6.0,2.0,1.0,1.0,5.0,625.0,2.0,1.0,1.0,0.0,40.0,0.0,2.0,0.0,1.0,1.0,2.0,2.0,0.0,1.0,6.0,0.0,0.0,0.0,0.0,0.0,0.0,0.0,0.0,0.0,0.0,0.0,0.0,0.0,0.0,0.0,0.0,0.0,0.0,33.0,0
3.0,1.0,20.0,5.0,1.0,1.0,1.0,1.0,7.0,2.0,1.0,1.0,5.0,400.0,3.0,2.0,1.0,0.0,40.0,0.0,2.0,0.0,2.0,2.0,2.0,2.0,0.0,99.0,11.0,5.0,2.0,0.0,0.0,2.0,2.0,2.0,2.0,5.0,2.0,2.0,2.0,2.0,5.0,2.0,2.0,1.0,4.0,33.0,1
3.0,1.0,23.0,5.0,4.0,1.0,2.0,0.0,4.0,2.0,1.0,1.0,3.0,529.0,3.0,1.0,1.0,0.0,28.0,0.0,1.0,1.0,1.0,1.0,2.0,2.0,0.0,5.0,8.0,2.0,1.0,1.0,4.0,2.0,2.0,2.0,2.0,5.0,2.0,2.0,2.0,2.0,5.0,2.0,2.0,1.0,4.0,33.0,1
1.0,1.0,27.0,2.0,4.0,1.0,2.0,0.0,2.0,1.0,1.0,1.0,2.0,729.0,2.0,3.0,1.0,0.0,49.0,0.0,2.0,0.0,2.0,2.0,2.0,2.0,0.0,1.0,4.0,0.0,0.0,0.0,0.0,0.0,0.0,0.0,0.0,0.0,0.0,0.0,0.0,0.0,0.0,0.0,0.0,0.0,0.0,33.0,0
1.0,2.0,58.0,4.0,4.0,1.0,2.0,0.0,2.0,1.0,3.0,1.0,2.0,3364.0,3.0,2.0,1.0,0.0,30.0,0.0,2.0,0.0,2.0,2.0,2.0,1.0,1.0,0.0,0.0,0.0,0.0,0.0,0.0,1.0,2.0,2.0,2.0,0.0,2.0,2.0,2.0,2.0,5.0,2.0,2.0,1.0,4.0,33.0,1
1.0,2.0,38.0,1.0,4.0,1.0,2.0,0.0,4.0,1.0,1.0,1.0,4.0,1444.0,3.0,3.0,1.0,0.0,49.0,0.0,2.0,0.0,2.0,2.0,2.0,2.0,0.0,7.0,11.0,4.0,2.0,0.0,0.0,2.0,2.0,2.0,2.0,5.0,2.0,2.0,2.0,2.0,5.0,2.0,2.0,1.0,4.0,33.0,1
1.0,2.0,68.0,2.0,1.0,1.0,2.0,0.0,6.0,1.0,1.0,1.0,6.0,4624.0,3.0,2.0,1.0,0.0,40.0,0.0,2.0,0.0,2.0,2.0,2.0,2.0,0.0,9.0,11.0,6.0,2.0,0.0,0.0,2.0,2.0,2.0,2.0,5.0,1.0,1.0,1.0,1.0,0.0,1.0,0.0,1.0,1.0,32.0,0
2.0,1.0,71.0,2.0,1.0,1.0,2.0,0.0,7.0,2.0,1.0,1.0,5.0,5041.0,2.0,2.0,1.0,0.0,39.0,0.0,2.0,0.0,2.0,2.0,2.0,2.0,0.0,1.0,11.0,0.0,0.0,0.0,0.0,0.0,0.0,0.0,0.0,0.0,0.0,0.0,0.0,0.0,0.0,0.0,0.0,0.0,0.0,32.0,0
2.0,2.0,83.0,2.0,2.0,1.0,2.0,0.0,7.0,1.0,1.0,1.0,6.0,6889.0,2.0,2.0,1.0,0.0,4.0,0.0,2.0,0.0,2.0,2.0,2.0,2.0,0.0,1.0,6.0,0.0,0.0,0.0,0.0,0.0,0.0,0.0,0.0,0.0,0.0,0.0,0.0,0.0,0.0,0.0,0.0,0.0,0.0,32.0,0
1.0,2.0,64.0,3.0,1.0,1.0,2.0,0.0,2.0,1.0,3.0,1.0,2.0,4096.0,3.0,2.0,1.0,0.0,40.0,0.0,2.0,0.0,2.0,2.0,2.0,1.0,1.0,0.0,0.0,0.0,0.0,0.0,0.0,1.0,2.0,2.0,2.0,0.0,2.0,2.0,2.0,2.0,5.0,2.0,2.0,1.0,4.0,33.0,1
4.0,1.0,44.0,1.0,4.0,1.0,2.0,0.0,4.0,1.0,1.0,1.0,4.0,1936.0,2.0,1.0,1.0,0.0,24.0,0.0,1.0,1.0,1.0,2.0,2.0,2.0,0.0,1.0,8.0,0.0,0.0,0.0,0.0,0.0,0.0,0.0,0.0,0.0,0.0,0.0,0.0,0.0,0.0,0.0,0.0,0.0,0.0,33.0,0
5.0,2.0,20.0,5.0,4.0,1.0,2.0,0.0,4.0,1.0,1.0,1.0,4.0,400.0,3.0,2.0,1.0,0.0,45.0,0.0,2.0,0.0,2.0,2.0,2.0,2.0,0.0,99.0,11.0,2.0,9.0,9.0,4.0,2.0,2.0,1.0,2.0,0.0,2.0,2.0,2.0,2.0,5.0,2.0,2.0,1.0,4.0,33.0,1
1.0,1.0,56.0,2.0,4.0,1.0,2.0,0.0,2.0,1.0,1.0,1.0,2.0,3136.0,3.0,2.0,1.0,0.0,16.0,0.0,2.0,0.0,1.0,2.0,3.0,2.0,0.0,2.0,11.0,5.0,2.0,0.0,0.0,1.0,2.0,2.0,2.0,0.0,2.0,2.0,2.0,2.0,5.0,2.0,2.0,1.0,4.0,33.0,1
2.0,2.0,53.0,2.0,4.0,1.0,2.0,0.0,4.0,2.0,1.0,1.0,3.0,2809.0,3.0,2.0,1.0,0.0,16.0,0.0,2.0,0.0,1.0,2.0,3.0,2.0,0.0,2.0,11.0,5.0,2.0,0.0,0.0,1.0,2.0,2.0,2.0,0.0,2.0,2.0,2.0,2.0,5.0,2.0,2.0,1.0,4.0,33.0,1
1.0,1.0,66.0,3.0,1.0,1.0,2.0,0.0,4.0,2.0,1.0,1.0,3.0,4356.0,2.0,1.0,1.0,0.0,28.0,0.0,1.0,1.0,2.0,2.0,2.0,2.0,0.0,1.0,8.0,0.0,0.0,0.0,0.0,0.0,0.0,0.0,0.0,0.0,0.0,0.0,0.0,0.0,0.0,0.0,0.0,0.0,0.0,33.0,0
1.0,1.0,57.0,2.0,4.0,1.0,2.0,0.0,2.0,1.0,1.0,1.0,2.0,3249.0,3.0,3.0,1.0,0.0,72.0,0.0,2.0,0.0,2.0,2.0,2.0,2.0,0.0,99.0,11.0,5.0,2.0,0.0,0.0,2.0,2.0,2.0,2.0,5.0,2.0,2.0,2.0,2.0,5.0,2.0,2.0,3.0,4.0,33.0,1
3.0,2.0,25.0,5.0,1.0,1.0,2.0,0.0,6.0,1.0,1.0,1.0,6.0,625.0,3.0,1.0,1.0,0.0,24.0,0.0,1.0,1.0,1.0,2.0,1.0,2.0,0.0,99.0,11.0,6.0,2.0,0.0,0.0,2.0,2.0,2.0,2.0,5.0,1.0,1.0,1.0,1.0,0.0,1.0,0.0,1.0,1.0,33.0,0
1.0,1.0,44.0,2.0,1.0,1.0,2.0,0.0,4.0,2.0,1.0,1.0,3.0,1936.0,3.0,3.0,1.0,0.0,48.0,0.0,2.0,0.0,2.0,2.0,2.0,2.0,0.0,12.0,11.0,6.0,2.0,0.0,0.0,2.0,2.0,2.0,2.0,5.0,1.0,1.0,1.0,1.0,0.0,1.0,0.0,3.0,1.0,33.0,0
3.0,1.0,24.0,5.0,1.0,1.0,2.0,0.0,4.0,1.0,1.0,1.0,4.0,576.0,3.0,3.0,1.0,0.0,48.0,0.0,2.0,0.0,2.0,2.0,2.0,2.0,0.0,7.0,11.0,5.0,2.0,0.0,0.0,2.0,2.0,2.0,2.0,5.0,2.0,2.0,2.0,1.0,0.0,1.0,0.0,1.0,4.0,33.0,0
1.0,1.0,34.0,2.0,1.0,1.0,2.0,0.0,1.0,1.0,1.0,1.0,7.0,1156.0,3.0,3.0,1.0,0.0,48.0,0.0,2.0,0.0,2.0,2.0,1.0,2.0,0.0,12.0,4.0,6.0,2.0,0.0,0.0,2.0,2.0,2.0,2.0,5.0,1.0,1.0,1.0,1.0,0.0,1.0,0.0,1.0,1.0,33.0,0
2.0,2.0,32.0,2.0,1.0,1.0,2.0,0.0,2.0,1.0,1.0,1.0,2.0,1024.0,3.0,2.0,1.0,0.0,24.0,0.0,2.0,0.0,2.0,2.0,1.0,2.0,0.0,12.0,11.0,5.0,9.0,5.0,4.0,2.0,2.0,2.0,2.0,5.0,1.0,2.0,1.0,2.0,0.0,2.0,1.0,1.0,3.0,33.0,1
1.0,1.0,30.0,1.0,1.0,1.0,2.0,0.0,4.0,1.0,1.0,1.0,4.0,900.0,3.0,2.0,1.0,0.0,40.0,0.0,2.0,0.0,2.0,2.0,2.0,2.0,0.0,12.0,11.0,6.0,2.0,0.0,0.0,2.0,2.0,2.0,2.0,5.0,1.0,1.0,1.0,1.0,0.0,1.0,0.0,3.0,1.0,33.0,0
1.0,1.0,73.0,3.0,2.0,1.0,2.0,0.0,7.0,1.0,1.0,1.0,6.0,5329.0,3.0,2.0,1.0,0.0,45.0,0.0,2.0,0.0,2.0,2.0,2.0,2.0,0.0,9.0,11.0,6.0,2.0,0.0,0.0,2.0,2.0,2.0,2.0,5.0,2.0,2.0,1.0,1.0,0.0,2.0,1.0,1.0,3.0,33.0,1
1.0,1.0,70.0,4.0,1.0,1.0,2.0,0.0,7.0,2.0,1.0,1.0,5.0,4900.0,2.0,2.0,1.0,0.0,36.0,0.0,2.0,0.0,2.0,2.0,2.0,2.0,0.0,3.0,8.0,0.0,0.0,0.0,0.0,0.0,0.0,0.0,0.0,0.0,0.0,0.0,0.0,0.0,0.0,0.0,0.0,0.0,0.0,33.0,0
1.0,2.0,56.0,3.0,4.0,1.0,2.0,0.0,4.0,2.0,3.0,1.0,3.0,3136.0,2.0,1.0,2.0,2.0,18.0,1.0,1.0,1.0,1.0,1.0,2.0,2.0,0.0,1.0,9.0,0.0,0.0,0.0,0.0,0.0,0.0,0.0,0.0,0.0,0.0,0.0,0.0,0.0,0.0,0.0,0.0,0.0,0.0,33.0,0
1.0,2.0,35.0,1.0,1.0,1.0,2.0,0.0,7.0,1.0,1.0,1.0,6.0,1225.0,3.0,3.0,2.0,2.0,30.0,28.0,2.0,0.0,2.0,2.0,2.0,2.0,0.0,9.0,11.0,5.0,2.0,0.0,0.0,2.0,2.0,2.0,2.0,5.0,1.0,1.0,1.0,1.0,0.0,1.0,0.0,1.0,1.0,33.0,0
2.0,1.0,32.0,1.0,1.0,1.0,2.0,0.0,6.0,1.0,2.0,1.0,6.0,1024.0,3.0,2.0,2.0,2.0,30.0,13.0,2.0,0.0,2.0,2.0,2.0,2.0,0.0,9.0,11.0,5.0,2.0,0.0,0.0,2.0,2.0,2.0,2.0,5.0,1.0,1.0,1.0,1.0,0.0,1.0,0.0,1.0,1.0,33.0,0
1.0,1.0,57.0,1.0,1.0,1.0,1.0,1.0,7.0,2.0,3.0,1.0,5.0,3249.0,1.0,1.0,1.0,0.0,24.0,0.0,1.0,1.0,2.0,2.0,2.0,2.0,0.0,4.0,11.0,0.0,0.0,0.0,0.0,0.0,0.0,0.0,0.0,0.0,0.0,0.0,0.0,0.0,0.0,0.0,0.0,0.0,0.0,33.0,0
1.0,2.0,44.0,3.0,4.0,1.0,2.0,0.0,2.0,1.0,1.0,1.0,2.0,1936.0,2.0,3.0,1.0,0.0,60.0,0.0,2.0,0.0,2.0,2.0,2.0,2.0,0.0,3.0,6.0,0.0,0.0,0.0,0.0,0.0,0.0,0.0,0.0,0.0,0.0,0.0,0.0,0.0,0.0,0.0,0.0,0.0,0.0,33.0,0
3.0,2.0,23.0,5.0,4.0,1.0,2.0,0.0,2.0,1.0,1.0,1.0,2.0,529.0,4.0,4.0,0.0,0.0,0.0,0.0,2.0,0.0,2.0,1.0,2.0,2.0,0.0,3.0,6.0,0.0,0.0,0.0,0.0,0.0,0.0,0.0,0.0,0.0,0.0,0.0,0.0,0.0,0.0,0.0,0.0,0.0,0.0,33.0,1
2.0,2.0,51.0,2.0,1.0,1.0,2.0,0.0,4.0,2.0,1.0,1.0,3.0,2601.0,3.0,2.0,1.0,0.0,40.0,0.0,2.0,0.0,2.0,2.0,2.0,2.0,0.0,99.0,11.0,6.0,2.0,0.0,0.0,2.0,2.0,2.0,2.0,5.0,1.0,1.0,1.0,1.0,0.0,1.0,0.0,1.0,1.0,33.0,0
3.0,1.0,45.0,5.0,4.0,1.0,2.0,0.0,2.0,1.0,3.0,1.0,2.0,2025.0,3.0,2.0,1.0,0.0,40.0,0.0,2.0,0.0,2.0,2.0,2.0,2.0,0.0,99.0,11.0,6.0,1.0,9.0,4.0,2.0,2.0,2.0,2.0,5.0,2.0,2.0,2.0,2.0,5.0,2.0,2.0,1.0,4.0,33.0,1
1.0,1.0,42.0,2.0,4.0,1.0,2.0,0.0,2.0,1.0,1.0,1.0,2.0,1764.0,2.0,1.0,1.0,0.0,18.0,0.0,1.0,1.0,2.0,2.0,2.0,2.0,0.0,1.0,11.0,0.0,0.0,0.0,0.0,0.0,0.0,0.0,0.0,0.0,0.0,0.0,0.0,0.0,0.0,0.0,0.0,0.0,0.0,33.0,0
2.0,2.0,39.0,2.0,2.0,1.0,2.0,0.0,4.0,1.0,1.0,1.0,4.0,1521.0,2.0,3.0,1.0,0.0,48.0,0.0,2.0,0.0,2.0,2.0,2.0,2.0,0.0,1.0,11.0,0.0,0.0,0.0,0.0,0.0,0.0,0.0,0.0,0.0,0.0,0.0,0.0,0.0,0.0,0.0,0.0,0.0,0.0,33.0,0
1.0,2.0,42.0,1.0,1.0,1.0,2.0,0.0,6.0,2.0,2.0,1.0,5.0,1764.0,3.0,2.0,1.0,0.0,45.0,0.0,2.0,0.0,2.0,2.0,2.0,2.0,0.0,12.0,11.0,5.0,2.0,0.0,0.0,2.0,2.0,2.0,2.0,5.0,1.0,1.0,1.0,1.0,0.0,1.0,0.0,1.0,1.0,33.0,0
2.0,1.0,39.0,1.0,1.0,1.0,2.0,0.0,4.0,1.0,1.0,1.0,4.0,1521.0,3.0,3.0,1.0,0.0,60.0,0.0,2.0,0.0,2.0,2.0,2.0,2.0,0.0,12.0,11.0,6.0,2.0,0.0,0.0,2.0,2.0,2.0,2.0,5.0,1.0,1.0,1.0,1.0,0.0,1.0,0.0,1.0,1.0,33.0,0
1.0,1.0,52.0,1.0,1.0,1.0,2.0,0.0,4.0,1.0,1.0,1.0,4.0,2704.0,3.0,2.0,1.0,0.0,36.0,0.0,1.0,1.0,1.0,1.0,2.0,2.0,0.0,11.0,11.0,6.0,2.0,0.0,0.0,1.0,2.0,2.0,2.0,0.0,1.0,1.0,1.0,1.0,0.0,1.0,0.0,3.0,1.0,33.0,0
3.0,1.0,42.0,5.0,4.0,1.0,2.0,0.0,4.0,2.0,1.0,1.0,3.0,1764.0,3.0,3.0,1.0,0.0,48.0,0.0,2.0,0.0,2.0,2.0,2.0,2.0,0.0,99.0,4.0,5.0,1.0,9.0,4.0,2.0,2.0,2.0,2.0,5.0,2.0,2.0,2.0,2.0,5.0,2.0,2.0,3.0,4.0,33.0,1
1.0,1.0,27.0,5.0,4.0,1.0,2.0,0.0,2.0,1.0,1.0,1.0,2.0,729.0,2.0,1.0,1.0,0.0,12.0,0.0,1.0,1.0,1.0,1.0,2.0,2.0,0.0,1.0,9.0,0.0,0.0,0.0,0.0,0.0,0.0,0.0,0.0,0.0,0.0,0.0,0.0,0.0,0.0,0.0,0.0,0.0,0.0,33.0,0
1.0,1.0,40.0,2.0,1.0,1.0,2.0,0.0,6.0,1.0,1.0,1.0,6.0,1600.0,3.0,2.0,1.0,0.0,35.0,0.0,2.0,0.0,2.0,2.0,1.0,2.0,0.0,12.0,11.0,6.0,2.0,0.0,0.0,2.0,2.0,2.0,2.0,5.0,1.0,1.0,1.0,1.0,0.0,1.0,0.0,1.0,1.0,33.0,0
2.0,2.0,39.0,2.0,1.0,1.0,2.0,0.0,7.0,1.0,1.0,1.0,6.0,1521.0,3.0,4.0,0.0,0.0,0.0,0.0,2.0,0.0,2.0,2.0,1.0,2.0,0.0,12.0,11.0,6.0,2.0,0.0,0.0,2.0,2.0,2.0,2.0,5.0,1.0,1.0,1.0,1.0,0.0,1.0,0.0,1.0,1.0,33.0,0
1.0,1.0,33.0,2.0,1.0,1.0,2.0,0.0,7.0,2.0,1.0,1.0,5.0,1089.0,3.0,2.0,1.0,0.0,45.0,0.0,2.0,0.0,2.0,2.0,2.0,2.0,0.0,99.0,11.0,6.0,2.0,0.0,0.0,2.0,2.0,2.0,2.0,5.0,1.0,1.0,1.0,1.0,0.0,1.0,0.0,1.0,1.0,33.0,0
1.0,2.0,40.0,1.0,1.0,1.0,2.0,0.0,4.0,1.0,1.0,1.0,4.0,1600.0,3.0,2.0,1.0,0.0,44.0,0.0,2.0,0.0,2.0,1.0,2.0,2.0,0.0,3.0,11.0,6.0,2.0,0.0,0.0,2.0,2.0,2.0,2.0,5.0,1.0,1.0,1.0,1.0,0.0,1.0,0.0,1.0,1.0,32.0,0
2.0,1.0,43.0,1.0,4.0,1.0,2.0,0.0,4.0,1.0,1.0,1.0,4.0,1849.0,3.0,3.0,1.0,0.0,48.0,0.0,2.0,0.0,2.0,1.0,2.0,2.0,0.0,1.0,3.0,6.0,2.0,0.0,0.0,2.0,2.0,2.0,2.0,5.0,2.0,2.0,2.0,2.0,5.0,2.0,2.0,3.0,4.0,32.0,1
1.0,2.0,45.0,1.0,1.0,1.0,2.0,0.0,7.0,1.0,1.0,1.0,6.0,2025.0,3.0,2.0,1.0,0.0,32.0,0.0,2.0,0.0,2.0,2.0,2.0,2.0,0.0,99.0,11.0,5.0,2.0,0.0,0.0,2.0,2.0,2.0,2.0,5.0,1.0,1.0,1.0,1.0,0.0,1.0,0.0,1.0,1.0,33.0,0
2.0,1.0,43.0,1.0,1.0,1.0,1.0,1.0,7.0,2.0,1.0,1.0,5.0,1849.0,3.0,2.0,1.0,0.0,32.0,0.0,2.0,0.0,2.0,2.0,2.0,2.0,0.0,99.0,11.0,6.0,2.0,0.0,0.0,2.0,2.0,2.0,2.0,5.0,1.0,1.0,1.0,1.0,0.0,1.0,0.0,1.0,1.0,33.0,0
3.0,1.0,21.0,5.0,1.0,1.0,2.0,0.0,7.0,2.0,1.0,1.0,5.0,441.0,3.0,2.0,1.0,0.0,40.0,0.0,2.0,0.0,2.0,2.0,2.0,2.0,0.0,99.0,11.0,3.0,2.0,0.0,0.0,2.0,2.0,2.0,2.0,5.0,1.0,1.0,1.0,1.0,0.0,1.0,0.0,1.0,1.0,33.0,0
1.0,1.0,68.0,2.0,1.0,1.0,2.0,0.0,4.0,2.0,3.0,1.0,3.0,4624.0,2.0,3.0,1.0,0.0,60.0,0.0,2.0,0.0,2.0,2.0,2.0,2.0,0.0,2.0,11.0,0.0,0.0,0.0,0.0,0.0,0.0,0.0,0.0,0.0,0.0,0.0,0.0,0.0,0.0,0.0,0.0,0.0,0.0,33.0,0
2.0,2.0,67.0,2.0,1.0,1.0,2.0,0.0,2.0,1.0,3.0,1.0,2.0,4489.0,2.0,3.0,1.0,0.0,60.0,0.0,2.0,0.0,2.0,2.0,2.0,2.0,0.0,2.0,11.0,0.0,0.0,0.0,0.0,0.0,0.0,0.0,0.0,0.0,0.0,0.0,0.0,0.0,0.0,0.0,0.0,0.0,0.0,33.0,0
2.0,2.0,70.0,2.0,1.0,1.0,2.0,0.0,2.0,1.0,1.0,1.0,2.0,4900.0,2.0,2.0,1.0,0.0,3.0,0.0,2.0,0.0,2.0,2.0,2.0,2.0,0.0,4.0,12.0,0.0,0.0,0.0,0.0,0.0,0.0,0.0,0.0,0.0,0.0,0.0,0.0,0.0,0.0,0.0,0.0,0.0,0.0,33.0,0
1.0,1.0,68.0,2.0,1.0,1.0,2.0,0.0,2.0,1.0,3.0,1.0,2.0,4624.0,4.0,2.0,1.0,0.0,5.0,0.0,2.0,0.0,2.0,2.0,2.0,2.0,0.0,4.0,12.0,0.0,0.0,0.0,0.0,0.0,0.0,0.0,0.0,0.0,0.0,0.0,0.0,0.0,0.0,0.0,0.0,0.0,0.0,33.0,1
1.0,1.0,62.0,2.0,1.0,1.0,2.0,0.0,6.0,2.0,1.0,1.0,5.0,3844.0,3.0,2.0,1.0,0.0,40.0,0.0,2.0,0.0,2.0,2.0,2.0,2.0,0.0,6.0,11.0,6.0,2.0,0.0,0.0,2.0,2.0,2.0,2.0,5.0,1.0,1.0,1.0,1.0,0.0,1.0,0.0,1.0,1.0,33.0,0
4.0,1.0,34.0,1.0,1.0,1.0,2.0,0.0,4.0,1.0,1.0,1.0,4.0,1156.0,3.0,2.0,1.0,0.0,40.0,0.0,2.0,0.0,2.0,2.0,2.0,2.0,0.0,12.0,11.0,6.0,2.0,0.0,0.0,2.0,2.0,2.0,2.0,5.0,1.0,1.0,1.0,1.0,0.0,1.0,0.0,1.0,1.0,33.0,0
3.0,1.0,49.0,5.0,4.0,1.0,2.0,0.0,4.0,2.0,1.0,1.0,3.0,2401.0,2.0,2.0,1.0,0.0,35.0,0.0,2.0,0.0,2.0,2.0,2.0,2.0,0.0,1.0,8.0,0.0,0.0,0.0,0.0,0.0,0.0,0.0,0.0,0.0,0.0,0.0,0.0,0.0,0.0,0.0,0.0,0.0,0.0,32.0,0
1.0,2.0,51.0,2.0,1.0,1.0,2.0,0.0,7.0,1.0,2.0,1.0,6.0,2601.0,3.0,3.0,2.0,3.0,45.0,8.0,2.0,0.0,2.0,2.0,2.0,2.0,0.0,6.0,11.0,6.0,2.0,0.0,0.0,2.0,2.0,2.0,2.0,5.0,1.0,1.0,1.0,1.0,0.0,1.0,0.0,1.0,1.0,32.0,0
2.0,1.0,56.0,2.0,1.0,1.0,2.0,0.0,4.0,2.0,1.0,1.0,3.0,3136.0,3.0,3.0,1.0,0.0,48.0,0.0,2.0,0.0,2.0,2.0,2.0,2.0,0.0,4.0,11.0,6.0,2.0,0.0,0.0,1.0,2.0,1.0,2.0,0.0,2.0,2.0,2.0,2.0,5.0,2.0,1.0,1.0,4.0,32.0,1
2.0,1.0,23.0,1.0,4.0,1.0,2.0,0.0,4.0,2.0,1.0,1.0,3.0,529.0,3.0,3.0,1.0,0.0,51.0,0.0,2.0,0.0,2.0,2.0,2.0,2.0,0.0,99.0,11.0,1.0,2.0,0.0,0.0,2.0,2.0,2.0,2.0,5.0,2.0,2.0,2.0,2.0,5.0,2.0,2.0,1.0,4.0,33.0,1
1.0,1.0,45.0,2.0,4.0,1.0,2.0,0.0,2.0,1.0,1.0,1.0,2.0,2025.0,3.0,1.0,1.0,0.0,30.0,0.0,1.0,1.0,1.0,2.0,2.0,2.0,0.0,6.0,11.0,6.0,2.0,0.0,0.0,2.0,2.0,2.0,2.0,5.0,2.0,2.0,2.0,2.0,5.0,2.0,2.0,1.0,4.0,33.0,1
2.0,2.0,43.0,2.0,4.0,1.0,2.0,0.0,6.0,1.0,1.0,1.0,6.0,1849.0,3.0,2.0,1.0,0.0,36.0,0.0,2.0,0.0,2.0,2.0,2.0,2.0,0.0,6.0,11.0,5.0,2.0,0.0,0.0,1.0,2.0,1.0,2.0,0.0,1.0,1.0,1.0,2.0,0.0,2.0,2.0,1.0,4.0,33.0,1
2.0,1.0,61.0,2.0,1.0,1.0,2.0,0.0,7.0,1.0,1.0,1.0,6.0,3721.0,3.0,2.0,1.0,0.0,28.0,0.0,2.0,0.0,2.0,2.0,2.0,2.0,0.0,99.0,11.0,6.0,2.0,0.0,0.0,1.0,2.0,2.0,2.0,0.0,1.0,1.0,1.0,1.0,0.0,1.0,0.0,1.0,1.0,33.0,0
2.0,1.0,32.0,1.0,4.0,1.0,2.0,0.0,4.0,1.0,1.0,1.0,4.0,1024.0,3.0,3.0,1.0,0.0,50.0,0.0,2.0,0.0,2.0,2.0,2.0,2.0,0.0,99.0,4.0,6.0,2.0,0.0,0.0,2.0,2.0,1.0,2.0,0.0,2.0,2.0,2.0,2.0,5.0,2.0,2.0,1.0,4.0,33.0,1
1.0,1.0,31.0,2.0,1.0,1.0,2.0,0.0,4.0,1.0,1.0,1.0,4.0,961.0,3.0,3.0,1.0,0.0,48.0,0.0,1.0,1.0,1.0,2.0,3.0,2.0,0.0,99.0,11.0,6.0,2.0,0.0,0.0,2.0,2.0,1.0,2.0,0.0,2.0,2.0,2.0,2.0,5.0,2.0,2.0,1.0,4.0,32.0,1
2.0,2.0,29.0,2.0,1.0,1.0,2.0,0.0,6.0,1.0,1.0,1.0,6.0,841.0,3.0,2.0,1.0,0.0,2.0,0.0,2.0,0.0,2.0,2.0,3.0,2.0,0.0,99.0,11.0,6.0,2.0,0.0,0.0,2.0,2.0,1.0,2.0,0.0,2.0,2.0,2.0,2.0,5.0,2.0,2.0,1.0,4.0,32.0,1
1.0,1.0,58.0,1.0,1.0,1.0,2.0,0.0,4.0,2.0,3.0,1.0,3.0,3364.0,3.0,3.0,1.0,0.0,66.0,0.0,2.0,0.0,2.0,2.0,2.0,2.0,0.0,99.0,11.0,5.0,2.0,0.0,0.0,2.0,2.0,2.0,2.0,5.0,1.0,1.0,1.0,1.0,0.0,1.0,0.0,1.0,1.0,33.0,0
2.0,2.0,48.0,1.0,1.0,1.0,2.0,0.0,4.0,1.0,1.0,1.0,4.0,2304.0,2.0,1.0,1.0,0.0,30.0,0.0,1.0,1.0,1.0,1.0,2.0,2.0,0.0,1.0,6.0,0.0,0.0,0.0,0.0,0.0,0.0,0.0,0.0,0.0,0.0,0.0,0.0,0.0,0.0,0.0,0.0,0.0,0.0,33.0,0
2.0,2.0,56.0,2.0,1.0,1.0,2.0,0.0,2.0,1.0,3.0,1.0,2.0,3136.0,3.0,2.0,1.0,0.0,30.0,0.0,2.0,0.0,2.0,2.0,1.0,2.0,0.0,99.0,11.0,6.0,2.0,0.0,0.0,2.0,2.0,2.0,2.0,5.0,1.0,1.0,1.0,1.0,0.0,1.0,0.0,1.0,1.0,33.0,0
1.0,1.0,54.0,1.0,1.0,1.0,2.0,0.0,4.0,1.0,1.0,1.0,4.0,2916.0,3.0,2.0,1.0,0.0,40.0,0.0,2.0,0.0,2.0,2.0,2.0,2.0,0.0,10.0,11.0,6.0,2.0,0.0,0.0,2.0,2.0,2.0,2.0,5.0,1.0,1.0,1.0,1.0,0.0,1.0,0.0,3.0,1.0,33.0,0
2.0,2.0,52.0,1.0,1.0,1.0,2.0,0.0,4.0,2.0,1.0,1.0,3.0,2704.0,2.0,2.0,1.0,0.0,3.0,0.0,2.0,0.0,2.0,2.0,2.0,2.0,0.0,1.0,6.0,0.0,0.0,0.0,0.0,0.0,0.0,0.0,0.0,0.0,0.0,0.0,0.0,0.0,0.0,0.0,0.0,0.0,0.0,33.0,0
1.0,2.0,61.0,3.0,1.0,1.0,2.0,0.0,2.0,1.0,3.0,1.0,2.0,3721.0,2.0,2.0,1.0,0.0,34.0,0.0,2.0,0.0,2.0,2.0,2.0,2.0,0.0,1.0,12.0,0.0,0.0,0.0,0.0,0.0,0.0,0.0,0.0,0.0,0.0,0.0,0.0,0.0,0.0,0.0,0.0,0.0,0.0,33.0,0
2.0,2.0,65.0,2.0,1.0,1.0,2.0,0.0,2.0,1.0,3.0,1.0,2.0,4225.0,2.0,2.0,1.0,0.0,7.0,0.0,2.0,0.0,2.0,2.0,2.0,2.0,0.0,1.0,6.0,0.0,0.0,0.0,0.0,0.0,0.0,0.0,0.0,0.0,0.0,0.0,0.0,0.0,0.0,0.0,0.0,0.0,0.0,33.0,0
3.0,1.0,56.0,3.0,2.0,1.0,2.0,0.0,4.0,1.0,1.0,1.0,4.0,3136.0,3.0,2.0,1.0,0.0,40.0,0.0,9.0,0.0,9.0,9.0,2.0,2.0,0.0,99.0,11.0,9.0,9.0,9.0,4.0,9.0,9.0,9.0,9.0,0.0,9.0,9.0,9.0,9.0,0.0,2.0,2.0,9.0,1.0,33.0,1
1.0,2.0,31.0,5.0,1.0,1.0,2.0,0.0,7.0,2.0,1.0,1.0,5.0,961.0,3.0,2.0,1.0,0.0,45.0,0.0,2.0,0.0,2.0,2.0,2.0,2.0,0.0,6.0,12.0,6.0,2.0,0.0,0.0,2.0,2.0,2.0,1.0,0.0,1.0,1.0,1.0,1.0,0.0,1.0,0.0,1.0,1.0,33.0,0
1.0,1.0,52.0,2.0,1.0,1.0,2.0,0.0,8.0,1.0,1.0,1.0,6.0,2704.0,3.0,2.0,1.0,0.0,40.0,0.0,2.0,0.0,2.0,2.0,1.0,2.0,0.0,12.0,11.0,6.0,2.0,0.0,0.0,2.0,2.0,2.0,2.0,5.0,1.0,1.0,1.0,1.0,0.0,1.0,0.0,1.0,1.0,32.0,0
2.0,2.0,54.0,2.0,1.0,1.0,2.0,0.0,8.0,1.0,1.0,1.0,6.0,2916.0,3.0,1.0,2.0,2.0,27.0,3.0,1.0,1.0,1.0,1.0,1.0,2.0,0.0,99.0,3.0,4.0,2.0,0.0,0.0,2.0,2.0,2.0,2.0,5.0,1.0,1.0,1.0,1.0,0.0,1.0,0.0,1.0,1.0,32.0,0
1.0,2.0,53.0,1.0,12.0,1.0,2.0,0.0,8.0,1.0,1.0,1.0,6.0,2809.0,3.0,2.0,2.0,2.0,35.0,3.0,2.0,0.0,2.0,2.0,1.0,2.0,0.0,11.0,11.0,6.0,2.0,0.0,0.0,2.0,2.0,2.0,2.0,5.0,1.0,1.0,1.0,1.0,0.0,1.0,0.0,1.0,1.0,32.0,0
2.0,1.0,46.0,1.0,12.0,1.0,2.0,0.0,7.0,1.0,1.0,1.0,6.0,2116.0,2.0,2.0,1.0,0.0,35.0,0.0,2.0,0.0,2.0,2.0,2.0,2.0,0.0,1.0,12.0,0.0,0.0,0.0,0.0,0.0,0.0,0.0,0.0,0.0,0.0,0.0,0.0,0.0,0.0,0.0,0.0,0.0,0.0,32.0,0
1.0,1.0,78.0,2.0,1.0,1.0,2.0,0.0,4.0,1.0,1.0,1.0,4.0,6084.0,3.0,3.0,1.0,0.0,50.0,0.0,2.0,0.0,2.0,2.0,2.0,2.0,0.0,9.0,8.0,6.0,2.0,0.0,0.0,2.0,2.0,2.0,2.0,5.0,2.0,2.0,2.0,2.0,5.0,2.0,1.0,1.0,4.0,32.0,1
1.0,1.0,49.0,3.0,4.0,1.0,2.0,0.0,7.0,2.0,1.0,1.0,5.0,2401.0,3.0,3.0,1.0,0.0,50.0,0.0,1.0,1.0,1.0,2.0,2.0,2.0,0.0,9.0,5.0,6.0,2.0,0.0,0.0,1.0,2.0,2.0,2.0,0.0,1.0,1.0,1.0,2.0,0.0,2.0,2.0,1.0,1.0,32.0,1
1.0,1.0,54.0,2.0,1.0,1.0,2.0,0.0,8.0,1.0,3.0,1.0,6.0,2916.0,3.0,2.0,1.0,0.0,16.0,0.0,2.0,0.0,2.0,2.0,1.0,2.0,0.0,12.0,11.0,6.0,2.0,0.0,0.0,2.0,2.0,2.0,2.0,5.0,1.0,1.0,1.0,1.0,0.0,1.0,0.0,1.0,1.0,32.0,0
2.0,2.0,50.0,2.0,1.0,1.0,2.0,0.0,7.0,1.0,1.0,1.0,6.0,2500.0,2.0,2.0,1.0,0.0,40.0,0.0,2.0,0.0,2.0,2.0,2.0,2.0,0.0,1.0,8.0,0.0,0.0,0.0,0.0,0.0,0.0,0.0,0.0,0.0,0.0,0.0,0.0,0.0,0.0,0.0,0.0,0.0,0.0,32.0,0
1.0,1.0,53.0,2.0,1.0,1.0,2.0,0.0,7.0,1.0,1.0,1.0,6.0,2809.0,3.0,3.0,1.0,0.0,50.0,0.0,2.0,0.0,2.0,2.0,2.0,2.0,0.0,6.0,11.0,6.0,2.0,0.0,0.0,2.0,2.0,2.0,2.0,5.0,1.0,1.0,1.0,1.0,0.0,1.0,0.0,1.0,1.0,32.0,0
1.0,1.0,54.0,3.0,1.0,1.0,2.0,0.0,6.0,1.0,3.0,1.0,6.0,2916.0,3.0,2.0,1.0,0.0,33.0,0.0,2.0,0.0,2.0,2.0,2.0,2.0,0.0,12.0,11.0,6.0,2.0,0.0,0.0,1.0,2.0,2.0,2.0,0.0,1.0,1.0,1.0,1.0,0.0,1.0,0.0,2.0,1.0,32.0,0
3.0,2.0,60.0,5.0,1.0,1.0,2.0,0.0,7.0,1.0,1.0,1.0,6.0,3600.0,3.0,2.0,1.0,0.0,32.0,0.0,2.0,0.0,2.0,2.0,1.0,2.0,0.0,7.0,11.0,6.0,2.0,0.0,0.0,2.0,2.0,2.0,2.0,5.0,1.0,1.0,1.0,1.0,0.0,1.0,0.0,1.0,1.0,32.0,0
1.0,1.0,23.0,2.0,4.0,1.0,2.0,0.0,4.0,1.0,5.0,1.0,4.0,529.0,3.0,2.0,1.0,0.0,40.0,0.0,2.0,0.0,2.0,2.0,2.0,2.0,0.0,8.0,11.0,5.0,9.0,9.0,3.0,2.0,2.0,2.0,2.0,5.0,2.0,2.0,2.0,2.0,5.0,2.0,2.0,1.0,4.0,32.0,1
2.0,2.0,22.0,2.0,4.0,1.0,2.0,0.0,4.0,1.0,5.0,1.0,4.0,484.0,3.0,2.0,1.0,0.0,20.0,0.0,2.0,0.0,2.0,2.0,2.0,2.0,0.0,99.0,11.0,5.0,2.0,0.0,0.0,2.0,2.0,2.0,2.0,5.0,2.0,2.0,2.0,2.0,5.0,2.0,2.0,1.0,4.0,32.0,1
1.0,1.0,52.0,2.0,1.0,1.0,2.0,0.0,6.0,1.0,1.0,1.0,6.0,2704.0,3.0,3.0,2.0,2.0,45.0,9.0,2.0,0.0,2.0,2.0,2.0,2.0,0.0,6.0,11.0,6.0,2.0,0.0,0.0,2.0,2.0,2.0,2.0,5.0,1.0,1.0,1.0,1.0,0.0,1.0,0.0,1.0,1.0,33.0,0
2.0,2.0,51.0,2.0,1.0,1.0,2.0,0.0,8.0,1.0,1.0,1.0,6.0,2601.0,3.0,2.0,1.0,0.0,45.0,0.0,2.0,0.0,2.0,2.0,2.0,2.0,0.0,8.0,11.0,6.0,2.0,0.0,0.0,1.0,2.0,2.0,2.0,0.0,1.0,1.0,1.0,1.0,0.0,1.0,0.0,1.0,1.0,33.0,0
1.0,1.0,36.0,5.0,4.0,1.0,2.0,0.0,4.0,2.0,1.0,1.0,3.0,1296.0,3.0,2.0,1.0,0.0,40.0,0.0,2.0,0.0,2.0,2.0,2.0,2.0,0.0,6.0,8.0,2.0,2.0,0.0,0.0,2.0,2.0,2.0,2.0,5.0,2.0,2.0,2.0,2.0,5.0,2.0,2.0,1.0,4.0,33.0,1
1.0,1.0,31.0,5.0,4.0,1.0,2.0,0.0,2.0,2.0,3.0,1.0,1.0,961.0,2.0,2.0,1.0,0.0,40.0,0.0,2.0,0.0,2.0,2.0,2.0,2.0,0.0,1.0,9.0,0.0,0.0,0.0,0.0,0.0,0.0,0.0,0.0,0.0,0.0,0.0,0.0,0.0,0.0,0.0,0.0,0.0,0.0,33.0,0
2.0,1.0,33.0,1.0,1.0,1.0,2.0,0.0,4.0,1.0,4.0,1.0,4.0,1089.0,3.0,2.0,1.0,0.0,40.0,0.0,2.0,0.0,2.0,2.0,2.0,2.0,0.0,7.0,5.0,6.0,2.0,0.0,0.0,2.0,2.0,2.0,2.0,5.0,1.0,1.0,1.0,1.0,0.0,1.0,0.0,1.0,1.0,33.0,0
3.0,1.0,21.0,5.0,4.0,1.0,2.0,0.0,4.0,2.0,1.0,1.0,3.0,441.0,3.0,3.0,1.0,0.0,50.0,0.0,2.0,0.0,2.0,2.0,2.0,2.0,0.0,3.0,5.0,5.0,2.0,0.0,0.0,2.0,2.0,2.0,2.0,5.0,2.0,2.0,2.0,2.0,5.0,2.0,2.0,1.0,4.0,33.0,1
2.0,1.0,70.0,2.0,1.0,1.0,2.0,0.0,2.0,1.0,1.0,1.0,2.0,4900.0,2.0,2.0,1.0,0.0,24.0,0.0,2.0,0.0,2.0,2.0,2.0,2.0,0.0,1.0,8.0,0.0,0.0,0.0,0.0,0.0,0.0,0.0,0.0,0.0,0.0,0.0,0.0,0.0,0.0,0.0,0.0,0.0,0.0,33.0,0
3.0,2.0,44.0,5.0,1.0,1.0,2.0,0.0,4.0,2.0,1.0,1.0,3.0,1936.0,3.0,2.0,1.0,0.0,16.0,0.0,2.0,0.0,2.0,2.0,2.0,2.0,0.0,8.0,11.0,6.0,2.0,0.0,0.0,2.0,2.0,2.0,2.0,5.0,1.0,1.0,1.0,1.0,0.0,1.0,0.0,1.0,1.0,33.0,0
3.0,2.0,27.0,5.0,1.0,1.0,2.0,0.0,6.0,1.0,1.0,1.0,6.0,729.0,3.0,4.0,0.0,0.0,0.0,0.0,1.0,1.0,1.0,2.0,1.0,2.0,0.0,99.0,11.0,1.0,1.0,3.0,4.0,2.0,2.0,2.0,2.0,5.0,1.0,1.0,1.0,1.0,0.0,1.0,0.0,1.0,1.0,33.0,0
1.0,1.0,50.0,1.0,1.0,1.0,2.0,0.0,7.0,1.0,4.0,1.0,6.0,2500.0,1.0,3.0,1.0,0.0,60.0,0.0,2.0,0.0,2.0,2.0,2.0,2.0,0.0,2.0,11.0,0.0,0.0,0.0,0.0,0.0,0.0,0.0,0.0,0.0,0.0,0.0,0.0,0.0,0.0,0.0,0.0,0.0,0.0,33.0,0
1.0,1.0,75.0,4.0,1.0,1.0,2.0,0.0,7.0,1.0,1.0,1.0,6.0,5625.0,3.0,2.0,2.0,2.0,24.0,10.0,2.0,0.0,2.0,2.0,1.0,2.0,0.0,99.0,11.0,6.0,2.0,0.0,0.0,2.0,2.0,2.0,2.0,5.0,1.0,1.0,1.0,1.0,0.0,1.0,0.0,1.0,1.0,32.0,0
1.0,1.0,36.0,2.0,1.0,1.0,2.0,0.0,7.0,2.0,1.0,1.0,5.0,1296.0,3.0,2.0,1.0,0.0,45.0,0.0,2.0,0.0,2.0,1.0,2.0,2.0,0.0,9.0,11.0,6.0,2.0,0.0,0.0,2.0,2.0,2.0,2.0,5.0,1.0,1.0,1.0,1.0,0.0,1.0,0.0,1.0,1.0,32.0,0
2.0,2.0,38.0,2.0,1.0,1.0,2.0,0.0,6.0,1.0,3.0,1.0,6.0,1444.0,3.0,4.0,0.0,0.0,0.0,0.0,2.0,0.0,2.0,2.0,1.0,2.0,0.0,99.0,11.0,6.0,2.0,0.0,0.0,2.0,2.0,2.0,2.0,5.0,1.0,1.0,1.0,1.0,0.0,1.0,0.0,1.0,1.0,32.0,0
1.0,2.0,41.0,5.0,2.0,1.0,2.0,0.0,7.0,1.0,1.0,1.0,6.0,1681.0,2.0,2.0,1.0,0.0,45.0,0.0,2.0,0.0,2.0,2.0,2.0,2.0,0.0,1.0,12.0,0.0,0.0,0.0,0.0,0.0,0.0,0.0,0.0,0.0,0.0,0.0,0.0,0.0,0.0,0.0,0.0,0.0,0.0,32.0,0
1.0,1.0,75.0,2.0,12.0,1.0,2.0,0.0,7.0,1.0,5.0,1.0,6.0,5625.0,3.0,2.0,1.0,0.0,5.0,0.0,2.0,0.0,2.0,2.0,2.0,2.0,0.0,1.0,8.0,0.0,0.0,0.0,0.0,0.0,0.0,0.0,0.0,0.0,0.0,0.0,0.0,0.0,0.0,2.0,0.0,0.0,0.0,32.0,1
2.0,2.0,75.0,2.0,12.0,1.0,2.0,0.0,7.0,1.0,1.0,1.0,6.0,5625.0,3.0,2.0,1.0,0.0,4.0,0.0,2.0,0.0,2.0,2.0,2.0,2.0,0.0,1.0,6.0,0.0,0.0,0.0,0.0,0.0,0.0,0.0,0.0,0.0,0.0,0.0,0.0,0.0,0.0,2.0,0.0,0.0,0.0,32.0,1
3.0,1.0,53.0,5.0,4.0,1.0,2.0,0.0,2.0,1.0,1.0,1.0,2.0,2809.0,1.0,2.0,2.0,2.0,30.0,12.0,2.0,0.0,2.0,2.0,2.0,2.0,0.0,99.0,8.0,0.0,0.0,0.0,0.0,0.0,0.0,0.0,0.0,0.0,0.0,0.0,0.0,0.0,0.0,0.0,0.0,0.0,0.0,33.0,0
2.0,1.0,44.0,2.0,1.0,1.0,2.0,0.0,4.0,1.0,3.0,1.0,4.0,1936.0,3.0,2.0,1.0,0.0,36.0,0.0,2.0,0.0,2.0,2.0,2.0,2.0,0.0,10.0,11.0,6.0,2.0,0.0,0.0,2.0,2.0,2.0,1.0,0.0,1.0,1.0,1.0,1.0,0.0,1.0,0.0,2.0,1.0,33.0,0
3.0,2.0,31.0,1.0,4.0,1.0,2.0,0.0,4.0,1.0,1.0,1.0,4.0,961.0,3.0,2.0,1.0,0.0,44.0,0.0,2.0,0.0,2.0,2.0,2.0,2.0,0.0,8.0,11.0,2.0,2.0,0.0,0.0,2.0,2.0,2.0,2.0,5.0,2.0,2.0,2.0,2.0,5.0,2.0,2.0,1.0,2.0,33.0,1
3.0,2.0,26.0,5.0,4.0,1.0,2.0,0.0,4.0,1.0,1.0,1.0,4.0,676.0,3.0,2.0,1.0,0.0,40.0,0.0,2.0,0.0,2.0,2.0,2.0,2.0,0.0,7.0,11.0,5.0,2.0,0.0,0.0,1.0,2.0,2.0,2.0,0.0,1.0,2.0,2.0,2.0,0.0,2.0,2.0,1.0,4.0,33.0,1
4.0,1.0,25.0,1.0,1.0,1.0,2.0,0.0,2.0,1.0,1.0,1.0,2.0,625.0,3.0,2.0,1.0,0.0,36.0,0.0,2.0,0.0,2.0,2.0,2.0,2.0,0.0,99.0,11.0,3.0,2.0,0.0,0.0,2.0,2.0,2.0,2.0,5.0,2.0,2.0,2.0,2.0,5.0,2.0,2.0,1.0,4.0,33.0,1
1.0,1.0,48.0,2.0,1.0,1.0,2.0,0.0,4.0,1.0,1.0,1.0,4.0,2304.0,3.0,3.0,1.0,0.0,48.0,0.0,1.0,1.0,2.0,2.0,1.0,2.0,0.0,6.0,3.0,6.0,2.0,0.0,0.0,1.0,2.0,2.0,1.0,0.0,1.0,1.0,1.0,1.0,0.0,1.0,0.0,1.0,1.0,33.0,0
2.0,2.0,43.0,2.0,1.0,1.0,2.0,0.0,4.0,1.0,1.0,1.0,4.0,1849.0,3.0,2.0,1.0,0.0,20.0,0.0,2.0,0.0,2.0,2.0,2.0,2.0,0.0,5.0,11.0,5.0,2.0,0.0,0.0,2.0,2.0,2.0,2.0,5.0,1.0,1.0,1.0,1.0,0.0,1.0,0.0,1.0,1.0,33.0,0
1.0,1.0,55.0,1.0,1.0,1.0,2.0,0.0,4.0,1.0,1.0,1.0,4.0,3025.0,3.0,2.0,1.0,0.0,40.0,0.0,2.0,0.0,2.0,2.0,3.0,2.0,0.0,10.0,9.0,6.0,2.0,0.0,0.0,2.0,2.0,2.0,2.0,5.0,1.0,1.0,1.0,1.0,0.0,1.0,0.0,1.0,1.0,33.0,0
2.0,2.0,58.0,1.0,1.0,1.0,1.0,2.0,7.0,2.0,1.0,1.0,5.0,3364.0,3.0,2.0,1.0,0.0,40.0,0.0,2.0,0.0,2.0,2.0,3.0,2.0,0.0,10.0,11.0,6.0,2.0,0.0,0.0,2.0,2.0,2.0,2.0,5.0,1.0,1.0,1.0,1.0,0.0,1.0,0.0,1.0,1.0,33.0,0
3.0,1.0,24.0,5.0,1.0,1.0,1.0,2.0,7.0,2.0,1.0,1.0,5.0,576.0,2.0,2.0,1.0,0.0,36.0,0.0,2.0,0.0,2.0,2.0,2.0,2.0,0.0,1.0,12.0,0.0,0.0,0.0,0.0,0.0,0.0,0.0,0.0,0.0,0.0,0.0,0.0,0.0,0.0,0.0,0.0,0.0,0.0,33.0,0
3.0,1.0,28.0,5.0,1.0,1.0,1.0,1.0,7.0,2.0,1.0,1.0,5.0,784.0,1.0,3.0,1.0,0.0,60.0,0.0,2.0,0.0,2.0,2.0,2.0,2.0,0.0,4.0,11.0,0.0,0.0,0.0,0.0,0.0,0.0,0.0,0.0,0.0,0.0,0.0,0.0,0.0,0.0,0.0,0.0,0.0,0.0,33.0,0
1.0,1.0,55.0,5.0,1.0,1.0,2.0,0.0,6.0,2.0,4.0,1.0,5.0,3025.0,2.0,3.0,1.0,0.0,55.0,0.0,2.0,0.0,1.0,2.0,2.0,2.0,0.0,2.0,11.0,0.0,0.0,0.0,0.0,0.0,0.0,0.0,0.0,0.0,0.0,0.0,0.0,0.0,0.0,0.0,0.0,0.0,0.0,32.0,0
3.0,1.0,19.0,5.0,4.0,1.0,2.0,0.0,4.0,1.0,1.0,1.0,4.0,361.0,3.0,1.0,1.0,0.0,14.0,0.0,1.0,1.0,1.0,1.0,2.0,2.0,0.0,4.0,11.0,2.0,1.0,4.0,2.0,2.0,2.0,2.0,2.0,5.0,2.0,2.0,2.0,2.0,5.0,2.0,2.0,1.0,4.0,33.0,1
1.0,1.0,66.0,5.0,1.0,1.0,2.0,0.0,4.0,1.0,3.0,1.0,4.0,4356.0,3.0,2.0,1.0,0.0,40.0,0.0,2.0,0.0,2.0,2.0,2.0,2.0,0.0,1.0,11.0,6.0,2.0,0.0,0.0,2.0,1.0,2.0,2.0,0.0,2.0,2.0,2.0,2.0,5.0,2.0,1.0,1.0,4.0,33.0,1
1.0,1.0,59.0,3.0,1.0,1.0,2.0,0.0,6.0,2.0,2.0,1.0,5.0,3481.0,2.0,2.0,1.0,0.0,35.0,0.0,2.0,0.0,2.0,2.0,2.0,2.0,0.0,2.0,6.0,0.0,0.0,0.0,0.0,0.0,0.0,0.0,0.0,0.0,0.0,0.0,0.0,0.0,0.0,0.0,0.0,0.0,0.0,33.0,0
1.0,2.0,53.0,3.0,1.0,1.0,1.0,1.0,7.0,2.0,1.0,1.0,5.0,2809.0,2.0,2.0,1.0,0.0,40.0,0.0,2.0,0.0,2.0,2.0,2.0,2.0,0.0,1.0,6.0,0.0,0.0,0.0,0.0,0.0,0.0,0.0,0.0,0.0,0.0,0.0,0.0,0.0,0.0,0.0,0.0,0.0,0.0,32.0,0
3.0,2.0,28.0,5.0,1.0,1.0,1.0,2.0,6.0,2.0,1.0,1.0,5.0,784.0,3.0,2.0,1.0,0.0,32.0,0.0,2.0,0.0,2.0,2.0,2.0,2.0,0.0,8.0,11.0,4.0,2.0,0.0,0.0,2.0,2.0,2.0,2.0,5.0,1.0,1.0,1.0,1.0,0.0,1.0,0.0,1.0,1.0,32.0,0
1.0,2.0,61.0,2.0,1.0,1.0,2.0,0.0,8.0,1.0,3.0,1.0,6.0,3721.0,3.0,2.0,1.0,0.0,32.0,0.0,2.0,0.0,2.0,2.0,2.0,2.0,0.0,99.0,11.0,5.0,2.0,0.0,0.0,2.0,2.0,2.0,2.0,5.0,1.0,1.0,1.0,1.0,0.0,1.0,0.0,1.0,1.0,32.0,0
1.0,2.0,26.0,1.0,1.0,1.0,2.0,0.0,7.0,1.0,1.0,1.0,6.0,676.0,3.0,2.0,1.0,0.0,40.0,0.0,1.0,1.0,1.0,1.0,1.0,2.0,0.0,11.0,11.0,5.0,2.0,0.0,0.0,2.0,2.0,2.0,2.0,5.0,1.0,1.0,1.0,1.0,0.0,1.0,0.0,1.0,1.0,32.0,0
2.0,1.0,28.0,1.0,1.0,1.0,2.0,0.0,7.0,1.0,1.0,1.0,6.0,784.0,3.0,2.0,1.0,0.0,40.0,0.0,2.0,0.0,2.0,2.0,1.0,2.0,0.0,7.0,11.0,5.0,2.0,0.0,0.0,1.0,2.0,2.0,2.0,0.0,1.0,1.0,1.0,1.0,0.0,1.0,0.0,1.0,1.0,32.0,0
1.0,1.0,37.0,1.0,1.0,1.0,1.0,2.0,7.0,2.0,1.0,1.0,5.0,1369.0,3.0,2.0,1.0,0.0,45.0,0.0,2.0,0.0,2.0,2.0,1.0,2.0,0.0,12.0,11.0,6.0,1.0,5.0,4.0,2.0,2.0,2.0,2.0,5.0,1.0,1.0,1.0,1.0,0.0,1.0,0.0,1.0,1.0,33.0,0
2.0,2.0,30.0,1.0,1.0,1.0,2.0,0.0,7.0,1.0,1.0,1.0,6.0,900.0,3.0,2.0,1.0,0.0,40.0,0.0,2.0,0.0,2.0,2.0,2.0,2.0,0.0,12.0,8.0,5.0,2.0,0.0,0.0,1.0,2.0,2.0,2.0,0.0,1.0,1.0,1.0,1.0,0.0,1.0,0.0,1.0,1.0,33.0,0
1.0,1.0,45.0,2.0,1.0,1.0,2.0,0.0,99.0,9.0,5.0,1.0,5.0,2025.0,3.0,2.0,1.0,0.0,25.0,0.0,2.0,0.0,2.0,2.0,2.0,2.0,0.0,99.0,11.0,6.0,2.0,0.0,0.0,2.0,2.0,2.0,2.0,5.0,1.0,1.0,1.0,1.0,0.0,1.0,0.0,1.0,1.0,33.0,0
3.0,1.0,32.0,1.0,4.0,1.0,2.0,0.0,4.0,2.0,1.0,1.0,3.0,1024.0,3.0,2.0,1.0,0.0,30.0,0.0,2.0,0.0,2.0,2.0,2.0,2.0,0.0,5.0,11.0,2.0,2.0,0.0,0.0,1.0,2.0,2.0,2.0,0.0,2.0,2.0,2.0,2.0,5.0,2.0,2.0,1.0,4.0,33.0,1
1.0,2.0,30.0,5.0,1.0,1.0,2.0,0.0,7.0,2.0,1.0,1.0,5.0,900.0,3.0,2.0,1.0,0.0,25.0,0.0,2.0,0.0,2.0,2.0,2.0,2.0,0.0,9.0,12.0,5.0,2.0,0.0,0.0,1.0,2.0,2.0,1.0,0.0,1.0,1.0,1.0,1.0,0.0,1.0,0.0,1.0,1.0,33.0,0
1.0,2.0,48.0,5.0,1.0,1.0,2.0,0.0,7.0,1.0,1.0,1.0,6.0,2304.0,3.0,2.0,1.0,0.0,24.0,0.0,2.0,0.0,2.0,2.0,1.0,2.0,0.0,12.0,11.0,6.0,2.0,0.0,0.0,2.0,2.0,2.0,2.0,5.0,1.0,1.0,1.0,1.0,0.0,1.0,0.0,1.0,1.0,33.0,0
1.0,2.0,62.0,3.0,1.0,1.0,2.0,0.0,7.0,1.0,1.0,1.0,6.0,3844.0,2.0,2.0,1.0,0.0,2.0,0.0,2.0,0.0,2.0,1.0,2.0,2.0,0.0,1.0,12.0,0.0,0.0,0.0,0.0,0.0,0.0,0.0,0.0,0.0,0.0,0.0,0.0,0.0,0.0,0.0,0.0,0.0,0.0,32.0,0
1.0,1.0,32.0,1.0,1.0,1.0,2.0,0.0,7.0,1.0,5.0,1.0,6.0,1024.0,3.0,2.0,1.0,0.0,40.0,0.0,2.0,0.0,2.0,2.0,2.0,2.0,0.0,12.0,6.0,5.0,2.0,0.0,0.0,2.0,2.0,2.0,1.0,0.0,1.0,1.0,1.0,1.0,0.0,1.0,0.0,1.0,1.0,32.0,0
2.0,2.0,32.0,1.0,1.0,1.0,2.0,0.0,7.0,1.0,5.0,1.0,6.0,1024.0,3.0,2.0,1.0,0.0,40.0,0.0,2.0,0.0,2.0,2.0,2.0,2.0,0.0,12.0,3.0,5.0,2.0,0.0,0.0,2.0,2.0,2.0,1.0,0.0,1.0,1.0,1.0,1.0,0.0,1.0,0.0,1.0,1.0,32.0,0
1.0,1.0,56.0,2.0,1.0,1.0,2.0,0.0,2.0,2.0,3.0,1.0,1.0,3136.0,3.0,2.0,1.0,0.0,40.0,0.0,2.0,0.0,2.0,2.0,2.0,2.0,0.0,8.0,11.0,5.0,2.0,0.0,0.0,2.0,2.0,2.0,2.0,5.0,1.0,1.0,1.0,1.0,0.0,1.0,0.0,1.0,1.0,33.0,0
1.0,2.0,56.0,2.0,1.0,1.0,2.0,0.0,4.0,1.0,1.0,1.0,4.0,3136.0,2.0,1.0,1.0,0.0,9.0,0.0,1.0,1.0,1.0,2.0,2.0,2.0,0.0,1.0,6.0,0.0,0.0,0.0,0.0,0.0,0.0,0.0,0.0,0.0,0.0,0.0,0.0,0.0,0.0,0.0,0.0,0.0,0.0,33.0,0
2.0,2.0,40.0,1.0,1.0,1.0,2.0,0.0,4.0,1.0,1.0,1.0,4.0,1600.0,4.0,2.0,1.0,0.0,20.0,0.0,2.0,0.0,2.0,2.0,2.0,2.0,0.0,2.0,11.0,0.0,0.0,0.0,0.0,0.0,0.0,0.0,0.0,0.0,0.0,0.0,0.0,0.0,0.0,0.0,0.0,0.0,0.0,33.0,1
3.0,1.0,29.0,5.0,12.0,1.0,2.0,0.0,7.0,1.0,1.0,1.0,6.0,841.0,3.0,2.0,1.0,0.0,40.0,0.0,2.0,0.0,2.0,2.0,2.0,2.0,0.0,2.0,6.0,6.0,2.0,0.0,0.0,2.0,2.0,2.0,2.0,5.0,1.0,1.0,1.0,1.0,0.0,1.0,0.0,1.0,1.0,32.0,0
3.0,1.0,26.0,5.0,1.0,1.0,2.0,0.0,4.0,1.0,1.0,1.0,4.0,676.0,3.0,2.0,1.0,0.0,40.0,0.0,2.0,0.0,2.0,2.0,2.0,2.0,0.0,6.0,11.0,6.0,2.0,0.0,0.0,2.0,2.0,2.0,2.0,5.0,1.0,1.0,1.0,1.0,0.0,1.0,0.0,1.0,1.0,32.0,0
1.0,2.0,56.0,3.0,1.0,1.0,2.0,0.0,7.0,1.0,1.0,1.0,6.0,3136.0,2.0,3.0,2.0,2.0,40.0,18.0,1.0,1.0,2.0,2.0,2.0,2.0,0.0,1.0,12.0,0.0,0.0,0.0,0.0,0.0,0.0,0.0,0.0,0.0,0.0,0.0,0.0,0.0,0.0,0.0,0.0,0.0,0.0,32.0,0
3.0,2.0,23.0,5.0,1.0,1.0,1.0,1.0,7.0,2.0,1.0,1.0,5.0,529.0,2.0,2.0,1.0,0.0,16.0,0.0,2.0,0.0,2.0,2.0,2.0,2.0,0.0,1.0,12.0,0.0,0.0,0.0,0.0,0.0,0.0,0.0,0.0,0.0,0.0,0.0,0.0,0.0,0.0,0.0,0.0,0.0,0.0,32.0,0
1.0,2.0,24.0,1.0,1.0,1.0,2.0,0.0,7.0,2.0,1.0,1.0,5.0,576.0,3.0,2.0,1.0,0.0,40.0,0.0,2.0,0.0,2.0,2.0,2.0,2.0,0.0,8.0,11.0,6.0,2.0,0.0,0.0,1.0,2.0,2.0,1.0,0.0,1.0,1.0,1.0,1.0,0.0,1.0,0.0,1.0,1.0,32.0,0
2.0,1.0,34.0,1.0,1.0,1.0,2.0,0.0,7.0,1.0,1.0,1.0,6.0,1156.0,3.0,3.0,2.0,2.0,40.0,35.0,2.0,0.0,2.0,1.0,1.0,2.0,0.0,12.0,11.0,6.0,2.0,0.0,0.0,1.0,2.0,2.0,2.0,0.0,2.0,2.0,2.0,2.0,5.0,1.0,0.0,1.0,1.0,32.0,0
1.0,1.0,43.0,5.0,1.0,1.0,2.0,0.0,7.0,1.0,1.0,1.0,6.0,1849.0,3.0,3.0,2.0,2.0,40.0,18.0,2.0,0.0,2.0,2.0,1.0,2.0,0.0,12.0,11.0,6.0,2.0,0.0,0.0,2.0,2.0,2.0,2.0,5.0,1.0,1.0,1.0,1.0,0.0,1.0,0.0,1.0,1.0,32.0,0
1.0,2.0,27.0,1.0,1.0,1.0,2.0,0.0,4.0,1.0,1.0,1.0,4.0,729.0,3.0,2.0,1.0,0.0,45.0,0.0,2.0,0.0,2.0,1.0,2.0,2.0,0.0,8.0,11.0,4.0,2.0,0.0,0.0,2.0,2.0,2.0,2.0,5.0,1.0,1.0,1.0,1.0,0.0,1.0,0.0,1.0,1.0,32.0,0
2.0,1.0,30.0,1.0,1.0,1.0,2.0,0.0,4.0,2.0,1.0,1.0,3.0,900.0,3.0,2.0,1.0,0.0,35.0,0.0,2.0,0.0,2.0,1.0,2.0,2.0,0.0,12.0,4.0,6.0,1.0,9.0,4.0,2.0,2.0,2.0,2.0,5.0,2.0,2.0,2.0,2.0,5.0,2.0,2.0,3.0,4.0,32.0,1
1.0,2.0,46.0,3.0,1.0,1.0,2.0,0.0,4.0,1.0,1.0,1.0,4.0,2116.0,3.0,2.0,1.0,0.0,40.0,0.0,2.0,0.0,2.0,2.0,1.0,2.0,0.0,99.0,11.0,6.0,9.0,9.0,4.0,2.0,2.0,2.0,2.0,5.0,1.0,1.0,1.0,1.0,0.0,1.0,0.0,1.0,1.0,32.0,0
1.0,1.0,44.0,5.0,1.0,1.0,2.0,0.0,7.0,1.0,1.0,1.0,6.0,1936.0,3.0,2.0,1.0,0.0,45.0,0.0,2.0,0.0,2.0,2.0,1.0,2.0,0.0,99.0,11.0,6.0,2.0,0.0,0.0,2.0,2.0,2.0,2.0,5.0,1.0,1.0,1.0,1.0,0.0,1.0,0.0,1.0,1.0,32.0,0
1.0,1.0,61.0,1.0,2.0,1.0,2.0,0.0,7.0,1.0,1.0,1.0,6.0,3721.0,1.0,2.0,1.0,0.0,40.0,0.0,2.0,0.0,2.0,2.0,2.0,2.0,0.0,10.0,11.0,0.0,0.0,0.0,0.0,0.0,0.0,0.0,0.0,0.0,0.0,0.0,0.0,0.0,0.0,0.0,0.0,0.0,0.0,33.0,0
2.0,2.0,59.0,1.0,2.0,1.0,2.0,0.0,7.0,1.0,1.0,1.0,6.0,3481.0,2.0,2.0,1.0,0.0,30.0,0.0,2.0,0.0,2.0,2.0,2.0,2.0,0.0,1.0,12.0,0.0,0.0,0.0,0.0,0.0,0.0,0.0,0.0,0.0,0.0,0.0,0.0,0.0,0.0,0.0,0.0,0.0,0.0,33.0,0
1.0,1.0,28.0,1.0,4.0,1.0,2.0,0.0,4.0,1.0,1.0,1.0,4.0,784.0,3.0,2.0,1.0,0.0,40.0,0.0,2.0,0.0,2.0,2.0,2.0,2.0,0.0,7.0,11.0,1.0,1.0,9.0,2.0,2.0,2.0,2.0,2.0,5.0,2.0,2.0,2.0,2.0,5.0,2.0,2.0,1.0,4.0,33.0,1
2.0,1.0,74.0,2.0,2.0,1.0,2.0,0.0,7.0,1.0,1.0,1.0,6.0,5476.0,1.0,2.0,1.0,0.0,40.0,0.0,2.0,0.0,2.0,2.0,2.0,2.0,0.0,6.0,11.0,0.0,0.0,0.0,0.0,0.0,0.0,0.0,0.0,0.0,0.0,0.0,0.0,0.0,0.0,0.0,0.0,0.0,0.0,33.0,0
1.0,1.0,37.0,2.0,2.0,1.0,2.0,0.0,8.0,1.0,1.0,1.0,6.0,1369.0,3.0,4.0,0.0,0.0,0.0,0.0,2.0,0.0,2.0,2.0,2.0,2.0,0.0,12.0,6.0,5.0,2.0,0.0,0.0,2.0,2.0,2.0,2.0,5.0,2.0,2.0,2.0,2.0,5.0,2.0,1.0,1.0,3.0,32.0,1
2.0,2.0,37.0,2.0,2.0,1.0,2.0,0.0,7.0,1.0,1.0,1.0,6.0,1369.0,1.0,4.0,0.0,0.0,0.0,0.0,2.0,0.0,2.0,2.0,2.0,2.0,0.0,3.0,11.0,0.0,0.0,0.0,0.0,0.0,0.0,0.0,0.0,0.0,0.0,0.0,0.0,0.0,0.0,0.0,0.0,0.0,0.0,32.0,0
1.0,2.0,44.0,1.0,1.0,1.0,2.0,0.0,4.0,1.0,1.0,1.0,4.0,1936.0,3.0,2.0,1.0,0.0,18.0,0.0,2.0,0.0,2.0,2.0,1.0,2.0,0.0,11.0,11.0,6.0,2.0,0.0,0.0,2.0,2.0,2.0,2.0,5.0,2.0,1.0,1.0,1.0,0.0,1.0,0.0,1.0,1.0,33.0,0
2.0,1.0,49.0,1.0,2.0,1.0,2.0,0.0,4.0,1.0,1.0,1.0,4.0,2401.0,3.0,2.0,1.0,0.0,20.0,0.0,2.0,0.0,2.0,1.0,2.0,2.0,0.0,99.0,4.0,5.0,2.0,0.0,0.0,2.0,2.0,2.0,2.0,5.0,2.0,2.0,2.0,2.0,5.0,2.0,2.0,1.0,2.0,33.0,1
1.0,2.0,40.0,2.0,1.0,1.0,2.0,0.0,4.0,1.0,1.0,1.0,4.0,1600.0,3.0,4.0,0.0,0.0,0.0,0.0,2.0,0.0,2.0,2.0,1.0,2.0,0.0,99.0,11.0,6.0,2.0,0.0,0.0,2.0,2.0,2.0,2.0,5.0,1.0,1.0,1.0,1.0,0.0,1.0,0.0,1.0,1.0,33.0,0
2.0,1.0,53.0,2.0,1.0,1.0,2.0,0.0,7.0,1.0,1.0,1.0,6.0,2809.0,3.0,2.0,1.0,0.0,35.0,0.0,2.0,0.0,2.0,2.0,1.0,2.0,0.0,99.0,11.0,6.0,2.0,0.0,0.0,1.0,2.0,2.0,2.0,0.0,1.0,1.0,1.0,1.0,0.0,1.0,0.0,1.0,1.0,33.0,0
3.0,1.0,19.0,5.0,1.0,1.0,1.0,1.0,7.0,2.0,1.0,1.0,5.0,361.0,3.0,2.0,1.0,0.0,24.0,0.0,2.0,0.0,2.0,2.0,2.0,2.0,0.0,5.0,4.0,1.0,9.0,4.0,2.0,2.0,2.0,2.0,2.0,5.0,2.0,2.0,2.0,2.0,5.0,2.0,2.0,1.0,1.0,33.0,1
1.0,2.0,60.0,5.0,12.0,1.0,2.0,0.0,7.0,1.0,1.0,1.0,6.0,3600.0,2.0,1.0,2.0,2.0,6.0,24.0,1.0,1.0,1.0,1.0,2.0,2.0,0.0,1.0,6.0,0.0,0.0,0.0,0.0,0.0,0.0,0.0,0.0,0.0,0.0,0.0,0.0,0.0,0.0,0.0,0.0,0.0,0.0,32.0,0
3.0,2.0,35.0,5.0,4.0,1.0,2.0,0.0,2.0,1.0,1.0,1.0,2.0,1225.0,3.0,2.0,1.0,0.0,25.0,0.0,2.0,0.0,2.0,2.0,2.0,2.0,0.0,2.0,11.0,5.0,2.0,0.0,0.0,2.0,2.0,2.0,2.0,5.0,2.0,2.0,2.0,2.0,5.0,2.0,2.0,1.0,4.0,33.0,1
1.0,1.0,56.0,2.0,1.0,1.0,2.0,0.0,2.0,1.0,1.0,1.0,2.0,3136.0,3.0,2.0,1.0,0.0,40.0,0.0,2.0,0.0,9.0,9.0,2.0,2.0,0.0,99.0,11.0,6.0,2.0,0.0,0.0,2.0,2.0,2.0,2.0,5.0,1.0,1.0,1.0,1.0,0.0,1.0,0.0,1.0,1.0,33.0,0
1.0,1.0,44.0,1.0,1.0,1.0,2.0,0.0,4.0,2.0,1.0,1.0,3.0,1936.0,3.0,4.0,0.0,0.0,0.0,0.0,2.0,0.0,2.0,2.0,2.0,2.0,0.0,10.0,9.0,6.0,2.0,0.0,0.0,2.0,2.0,2.0,2.0,5.0,1.0,1.0,1.0,1.0,0.0,1.0,0.0,3.0,1.0,33.0,0
2.0,2.0,34.0,1.0,1.0,1.0,2.0,0.0,2.0,2.0,1.0,1.0,1.0,1156.0,3.0,3.0,2.0,2.0,20.0,30.0,2.0,0.0,2.0,2.0,2.0,1.0,8.0,0.0,0.0,0.0,0.0,0.0,0.0,1.0,2.0,2.0,2.0,0.0,2.0,2.0,2.0,2.0,5.0,2.0,1.0,1.0,1.0,33.0,1
1.0,2.0,57.0,1.0,1.0,1.0,2.0,0.0,4.0,2.0,3.0,1.0,3.0,3249.0,3.0,2.0,1.0,0.0,40.0,0.0,2.0,0.0,2.0,2.0,1.0,2.0,0.0,9.0,11.0,6.0,2.0,0.0,0.0,2.0,2.0,2.0,2.0,5.0,1.0,1.0,1.0,1.0,0.0,1.0,0.0,1.0,1.0,33.0,0
2.0,1.0,56.0,1.0,1.0,1.0,2.0,0.0,4.0,1.0,1.0,1.0,4.0,3136.0,3.0,2.0,1.0,0.0,40.0,0.0,2.0,0.0,2.0,2.0,2.0,2.0,0.0,99.0,4.0,6.0,2.0,0.0,0.0,2.0,2.0,2.0,2.0,5.0,1.0,1.0,1.0,1.0,0.0,1.0,0.0,1.0,1.0,33.0,0
1.0,1.0,43.0,5.0,1.0,1.0,2.0,0.0,2.0,1.0,1.0,1.0,2.0,1849.0,3.0,2.0,1.0,0.0,35.0,0.0,2.0,0.0,2.0,2.0,1.0,2.0,0.0,11.0,11.0,6.0,2.0,0.0,0.0,2.0,2.0,2.0,2.0,5.0,1.0,1.0,1.0,1.0,0.0,1.0,0.0,1.0,1.0,32.0,0
1.0,1.0,50.0,5.0,4.0,1.0,2.0,0.0,4.0,2.0,1.0,1.0,3.0,2500.0,3.0,2.0,2.0,2.0,30.0,6.0,2.0,0.0,2.0,1.0,2.0,2.0,0.0,2.0,11.0,4.0,2.0,0.0,0.0,1.0,2.0,1.0,2.0,0.0,2.0,2.0,2.0,2.0,5.0,2.0,2.0,1.0,4.0,33.0,1
1.0,2.0,45.0,5.0,1.0,1.0,2.0,0.0,6.0,2.0,1.0,1.0,5.0,2025.0,3.0,3.0,1.0,0.0,52.0,0.0,2.0,0.0,2.0,2.0,2.0,2.0,0.0,7.0,11.0,6.0,2.0,0.0,0.0,2.0,2.0,2.0,2.0,5.0,1.0,1.0,1.0,1.0,0.0,1.0,0.0,1.0,1.0,33.0,0
3.0,1.0,33.0,5.0,1.0,1.0,2.0,0.0,7.0,1.0,1.0,1.0,6.0,1089.0,3.0,2.0,1.0,0.0,40.0,0.0,2.0,0.0,2.0,1.0,2.0,2.0,0.0,99.0,11.0,6.0,2.0,0.0,0.0,2.0,2.0,2.0,2.0,5.0,1.0,1.0,1.0,1.0,0.0,1.0,0.0,1.0,1.0,33.0,0
3.0,2.0,25.0,5.0,1.0,1.0,1.0,1.0,7.0,2.0,1.0,1.0,5.0,625.0,3.0,2.0,1.0,0.0,40.0,0.0,2.0,0.0,2.0,2.0,2.0,2.0,0.0,99.0,11.0,4.0,2.0,0.0,0.0,2.0,2.0,2.0,2.0,5.0,2.0,2.0,2.0,2.0,5.0,2.0,1.0,1.0,3.0,33.0,1
2.0,1.0,42.0,2.0,1.0,1.0,2.0,0.0,4.0,1.0,1.0,1.0,4.0,1764.0,3.0,3.0,1.0,0.0,72.0,0.0,2.0,0.0,2.0,2.0,2.0,2.0,0.0,99.0,11.0,6.0,2.0,0.0,0.0,1.0,2.0,2.0,2.0,0.0,1.0,1.0,1.0,1.0,0.0,1.0,0.0,3.0,1.0,33.0,0
1.0,1.0,40.0,2.0,1.0,1.0,2.0,0.0,7.0,1.0,1.0,1.0,6.0,1600.0,3.0,2.0,1.0,0.0,30.0,0.0,2.0,0.0,2.0,2.0,2.0,2.0,0.0,99.0,12.0,4.0,2.0,0.0,0.0,2.0,2.0,2.0,2.0,5.0,2.0,2.0,2.0,2.0,5.0,2.0,1.0,1.0,3.0,32.0,1
1.0,2.0,54.0,5.0,1.0,1.0,2.0,0.0,6.0,1.0,1.0,1.0,6.0,2916.0,3.0,1.0,2.0,2.0,18.0,9.0,1.0,1.0,1.0,1.0,1.0,2.0,0.0,9.0,11.0,6.0,2.0,0.0,0.0,2.0,2.0,2.0,2.0,5.0,1.0,1.0,1.0,1.0,0.0,1.0,0.0,1.0,1.0,33.0,0
1.0,2.0,68.0,4.0,1.0,1.0,2.0,0.0,2.0,1.0,1.0,1.0,2.0,4624.0,3.0,2.0,1.0,0.0,15.0,0.0,2.0,0.0,2.0,2.0,2.0,1.0,1.0,0.0,0.0,0.0,0.0,0.0,0.0,2.0,2.0,2.0,1.0,0.0,1.0,1.0,1.0,1.0,0.0,1.0,0.0,1.0,1.0,33.0,0
3.0,1.0,29.0,1.0,1.0,1.0,2.0,0.0,4.0,1.0,1.0,1.0,4.0,841.0,3.0,2.0,1.0,0.0,45.0,0.0,2.0,0.0,2.0,2.0,2.0,2.0,0.0,9.0,11.0,6.0,2.0,0.0,0.0,2.0,2.0,2.0,2.0,5.0,1.0,1.0,1.0,1.0,0.0,1.0,0.0,1.0,1.0,33.0,0
4.0,2.0,29.0,1.0,1.0,1.0,2.0,0.0,4.0,1.0,1.0,1.0,4.0,841.0,3.0,2.0,1.0,0.0,45.0,0.0,2.0,0.0,2.0,2.0,2.0,2.0,0.0,9.0,11.0,5.0,2.0,0.0,0.0,2.0,2.0,2.0,2.0,5.0,1.0,1.0,1.0,1.0,0.0,1.0,0.0,1.0,1.0,33.0,0
4.0,1.0,30.0,1.0,1.0,1.0,2.0,0.0,4.0,2.0,1.0,1.0,3.0,900.0,3.0,2.0,1.0,0.0,40.0,0.0,2.0,0.0,2.0,9.0,2.0,2.0,0.0,99.0,8.0,9.0,9.0,9.0,4.0,2.0,2.0,2.0,2.0,5.0,1.0,1.0,1.0,1.0,0.0,1.0,0.0,3.0,1.0,33.0,0
3.0,2.0,44.0,5.0,1.0,1.0,2.0,0.0,7.0,1.0,1.0,1.0,6.0,1936.0,3.0,2.0,1.0,0.0,40.0,0.0,2.0,0.0,2.0,1.0,1.0,2.0,0.0,99.0,11.0,6.0,2.0,0.0,0.0,2.0,2.0,2.0,2.0,5.0,1.0,1.0,1.0,1.0,0.0,1.0,0.0,1.0,1.0,33.0,0
1.0,1.0,38.0,2.0,1.0,1.0,2.0,0.0,2.0,1.0,1.0,1.0,2.0,1444.0,3.0,2.0,1.0,0.0,45.0,0.0,2.0,0.0,2.0,2.0,2.0,2.0,0.0,99.0,11.0,6.0,2.0,0.0,0.0,2.0,2.0,2.0,2.0,5.0,1.0,1.0,1.0,1.0,0.0,1.0,0.0,1.0,1.0,33.0,0
2.0,2.0,42.0,2.0,1.0,1.0,2.0,0.0,4.0,1.0,3.0,1.0,4.0,1764.0,3.0,2.0,1.0,0.0,24.0,0.0,2.0,0.0,2.0,2.0,1.0,2.0,0.0,99.0,11.0,5.0,2.0,0.0,0.0,2.0,2.0,2.0,2.0,5.0,1.0,1.0,1.0,1.0,0.0,1.0,0.0,1.0,1.0,33.0,0
2.0,2.0,56.0,2.0,1.0,1.0,2.0,0.0,6.0,1.0,1.0,1.0,6.0,3136.0,2.0,1.0,1.0,0.0,40.0,0.0,1.0,1.0,1.0,2.0,2.0,2.0,0.0,1.0,8.0,0.0,0.0,0.0,0.0,0.0,0.0,0.0,0.0,0.0,0.0,0.0,0.0,0.0,0.0,0.0,0.0,0.0,0.0,33.0,0
3.0,2.0,34.0,5.0,1.0,1.0,2.0,0.0,6.0,1.0,1.0,1.0,6.0,1156.0,3.0,2.0,1.0,0.0,40.0,0.0,2.0,0.0,2.0,2.0,2.0,1.0,1.0,0.0,0.0,0.0,0.0,0.0,0.0,2.0,2.0,2.0,1.0,0.0,2.0,2.0,1.0,2.0,0.0,2.0,2.0,1.0,4.0,33.0,1
1.0,1.0,63.0,2.0,2.0,1.0,2.0,0.0,4.0,1.0,2.0,1.0,4.0,3969.0,3.0,2.0,1.0,0.0,40.0,0.0,2.0,0.0,2.0,2.0,2.0,2.0,0.0,99.0,6.0,0.0,0.0,0.0,0.0,0.0,0.0,0.0,0.0,0.0,0.0,0.0,0.0,0.0,0.0,2.0,0.0,0.0,0.0,33.0,1
2.0,2.0,62.0,2.0,2.0,1.0,2.0,0.0,4.0,1.0,2.0,1.0,4.0,3844.0,2.0,4.0,0.0,0.0,0.0,0.0,2.0,0.0,2.0,2.0,2.0,2.0,0.0,1.0,6.0,0.0,0.0,0.0,0.0,0.0,0.0,0.0,0.0,0.0,0.0,0.0,0.0,0.0,0.0,0.0,0.0,0.0,0.0,33.0,0
1.0,1.0,46.0,2.0,1.0,1.0,2.0,0.0,4.0,1.0,1.0,1.0,4.0,2116.0,3.0,2.0,1.0,0.0,45.0,0.0,2.0,0.0,2.0,2.0,2.0,2.0,0.0,12.0,10.0,6.0,2.0,0.0,0.0,2.0,2.0,2.0,2.0,5.0,1.0,1.0,1.0,1.0,0.0,1.0,0.0,1.0,1.0,33.0,0
1.0,1.0,49.0,2.0,1.0,1.0,2.0,0.0,4.0,2.0,1.0,1.0,3.0,2401.0,3.0,3.0,2.0,2.0,60.0,18.0,2.0,0.0,2.0,2.0,2.0,2.0,0.0,6.0,11.0,6.0,2.0,0.0,0.0,2.0,2.0,2.0,2.0,5.0,1.0,1.0,1.0,1.0,0.0,1.0,0.0,1.0,1.0,33.0,0
2.0,2.0,39.0,2.0,1.0,1.0,2.0,0.0,2.0,1.0,1.0,1.0,2.0,1521.0,3.0,2.0,1.0,0.0,36.0,0.0,2.0,0.0,2.0,2.0,2.0,1.0,1.0,0.0,0.0,0.0,0.0,0.0,0.0,1.0,2.0,2.0,2.0,0.0,2.0,2.0,2.0,2.0,5.0,2.0,2.0,2.0,4.0,33.0,1
1.0,2.0,53.0,5.0,4.0,1.0,2.0,0.0,4.0,1.0,4.0,1.0,4.0,2809.0,2.0,1.0,1.0,0.0,31.0,0.0,1.0,1.0,1.0,2.0,2.0,2.0,0.0,1.0,6.0,0.0,0.0,0.0,0.0,0.0,0.0,0.0,0.0,0.0,0.0,0.0,0.0,0.0,0.0,0.0,0.0,0.0,0.0,33.0,0
3.0,2.0,20.0,5.0,4.0,1.0,2.0,0.0,4.0,1.0,1.0,1.0,4.0,400.0,3.0,3.0,1.0,0.0,60.0,0.0,2.0,0.0,2.0,2.0,2.0,2.0,0.0,6.0,11.0,4.0,2.0,0.0,0.0,2.0,2.0,2.0,2.0,5.0,2.0,2.0,2.0,2.0,5.0,2.0,2.0,1.0,4.0,33.0,1
1.0,2.0,46.0,1.0,1.0,1.0,2.0,0.0,6.0,1.0,3.0,1.0,6.0,2116.0,2.0,2.0,1.0,0.0,35.0,0.0,2.0,0.0,2.0,2.0,2.0,2.0,0.0,1.0,12.0,0.0,0.0,0.0,0.0,0.0,0.0,0.0,0.0,0.0,0.0,0.0,0.0,0.0,0.0,0.0,0.0,0.0,0.0,32.0,0
2.0,1.0,46.0,1.0,1.0,1.0,2.0,0.0,7.0,1.0,2.0,1.0,6.0,2116.0,2.0,3.0,1.0,0.0,50.0,0.0,2.0,0.0,2.0,2.0,2.0,2.0,0.0,1.0,12.0,0.0,0.0,0.0,0.0,0.0,0.0,0.0,0.0,0.0,0.0,0.0,0.0,0.0,0.0,0.0,0.0,0.0,0.0,32.0,0
1.0,2.0,37.0,1.0,1.0,1.0,2.0,0.0,4.0,1.0,1.0,1.0,4.0,1369.0,3.0,2.0,1.0,0.0,45.0,0.0,2.0,0.0,2.0,2.0,2.0,2.0,0.0,10.0,11.0,5.0,2.0,0.0,0.0,2.0,2.0,2.0,2.0,5.0,1.0,1.0,1.0,1.0,0.0,1.0,0.0,1.0,1.0,32.0,0
2.0,1.0,39.0,1.0,1.0,1.0,2.0,0.0,4.0,1.0,1.0,1.0,4.0,1521.0,3.0,3.0,1.0,0.0,48.0,0.0,2.0,0.0,2.0,2.0,2.0,2.0,0.0,6.0,11.0,5.0,2.0,0.0,0.0,2.0,2.0,2.0,2.0,5.0,2.0,2.0,2.0,1.0,0.0,2.0,1.0,1.0,4.0,32.0,1
2.0,2.0,51.0,2.0,1.0,1.0,2.0,0.0,4.0,1.0,2.0,1.0,4.0,2601.0,3.0,2.0,1.0,0.0,30.0,0.0,2.0,0.0,2.0,2.0,1.0,2.0,0.0,99.0,11.0,6.0,2.0,0.0,0.0,2.0,2.0,2.0,2.0,5.0,1.0,1.0,1.0,1.0,0.0,1.0,0.0,1.0,1.0,33.0,0
1.0,1.0,46.0,1.0,1.0,1.0,2.0,0.0,4.0,1.0,1.0,1.0,4.0,2116.0,1.0,3.0,1.0,0.0,78.0,0.0,2.0,0.0,2.0,2.0,2.0,2.0,0.0,6.0,11.0,0.0,0.0,0.0,0.0,0.0,0.0,0.0,0.0,0.0,0.0,0.0,0.0,0.0,0.0,0.0,0.0,0.0,0.0,33.0,0
2.0,2.0,46.0,1.0,1.0,1.0,2.0,0.0,6.0,1.0,1.0,1.0,6.0,2116.0,3.0,3.0,1.0,0.0,48.0,0.0,2.0,0.0,2.0,2.0,1.0,2.0,0.0,8.0,8.0,5.0,2.0,0.0,0.0,2.0,2.0,2.0,2.0,5.0,1.0,1.0,1.0,1.0,0.0,1.0,0.0,1.0,1.0,33.0,0
1.0,2.0,66.0,4.0,1.0,1.0,2.0,0.0,2.0,1.0,3.0,1.0,2.0,4356.0,2.0,1.0,1.0,0.0,6.0,0.0,1.0,1.0,1.0,1.0,2.0,2.0,0.0,1.0,6.0,0.0,0.0,0.0,0.0,0.0,0.0,0.0,0.0,0.0,0.0,0.0,0.0,0.0,0.0,0.0,0.0,0.0,0.0,33.0,0
1.0,2.0,29.0,5.0,1.0,1.0,2.0,0.0,4.0,1.0,1.0,1.0,4.0,841.0,3.0,2.0,1.0,0.0,45.0,0.0,2.0,0.0,2.0,2.0,2.0,2.0,0.0,10.0,11.0,3.0,2.0,0.0,0.0,2.0,2.0,2.0,2.0,5.0,1.0,1.0,1.0,1.0,0.0,1.0,0.0,1.0,1.0,33.0,0
1.0,1.0,35.0,1.0,4.0,1.0,2.0,0.0,4.0,1.0,1.0,1.0,4.0,1225.0,3.0,2.0,1.0,0.0,40.0,0.0,2.0,0.0,2.0,2.0,2.0,2.0,0.0,3.0,8.0,6.0,2.0,0.0,0.0,2.0,2.0,2.0,2.0,5.0,2.0,2.0,2.0,2.0,5.0,2.0,2.0,1.0,4.0,33.0,1
1.0,2.0,39.0,2.0,1.0,1.0,1.0,2.0,8.0,2.0,1.0,1.0,6.0,1521.0,2.0,2.0,2.0,2.0,27.0,10.0,2.0,0.0,2.0,2.0,2.0,2.0,0.0,1.0,12.0,0.0,0.0,0.0,0.0,0.0,0.0,0.0,0.0,0.0,0.0,0.0,0.0,0.0,0.0,0.0,0.0,0.0,0.0,33.0,0
2.0,1.0,42.0,2.0,1.0,1.0,2.0,0.0,4.0,1.0,1.0,1.0,4.0,1764.0,1.0,2.0,1.0,0.0,45.0,0.0,2.0,0.0,2.0,2.0,2.0,2.0,0.0,2.0,11.0,0.0,0.0,0.0,0.0,0.0,0.0,0.0,0.0,0.0,0.0,0.0,0.0,0.0,0.0,0.0,0.0,0.0,0.0,33.0,0
1.0,1.0,35.0,5.0,4.0,1.0,2.0,0.0,4.0,2.0,4.0,1.0,3.0,1225.0,3.0,2.0,1.0,0.0,30.0,0.0,2.0,0.0,2.0,2.0,2.0,2.0,0.0,99.0,5.0,2.0,2.0,0.0,0.0,1.0,2.0,2.0,2.0,0.0,2.0,2.0,2.0,2.0,5.0,2.0,2.0,1.0,4.0,33.0,1
6.0,2.0,66.0,4.0,4.0,1.0,2.0,0.0,4.0,1.0,4.0,1.0,4.0,4356.0,2.0,3.0,1.0,0.0,84.0,0.0,2.0,0.0,2.0,2.0,2.0,2.0,0.0,1.0,11.0,0.0,0.0,0.0,0.0,0.0,0.0,0.0,0.0,0.0,0.0,0.0,0.0,0.0,0.0,0.0,0.0,0.0,0.0,33.0,0
1.0,1.0,42.0,3.0,1.0,1.0,2.0,0.0,8.0,2.0,1.0,1.0,6.0,1764.0,3.0,2.0,2.0,2.0,30.0,0.0,2.0,0.0,2.0,2.0,1.0,2.0,0.0,99.0,11.0,6.0,2.0,0.0,0.0,2.0,2.0,2.0,2.0,5.0,1.0,1.0,1.0,1.0,0.0,1.0,0.0,1.0,1.0,33.0,0
3.0,1.0,47.0,5.0,4.0,1.0,2.0,0.0,7.0,1.0,1.0,1.0,6.0,2209.0,2.0,2.0,1.0,0.0,36.0,0.0,2.0,0.0,2.0,2.0,2.0,2.0,0.0,2.0,6.0,0.0,0.0,0.0,0.0,0.0,0.0,0.0,0.0,0.0,0.0,0.0,0.0,0.0,0.0,0.0,0.0,0.0,0.0,33.0,0
1.0,1.0,79.0,2.0,1.0,1.0,2.0,0.0,4.0,1.0,3.0,1.0,4.0,6241.0,2.0,2.0,1.0,0.0,20.0,0.0,2.0,0.0,2.0,2.0,2.0,2.0,0.0,2.0,6.0,0.0,0.0,0.0,0.0,0.0,0.0,0.0,0.0,0.0,0.0,0.0,0.0,0.0,0.0,0.0,0.0,0.0,0.0,33.0,0
2.0,2.0,74.0,2.0,1.0,1.0,2.0,0.0,4.0,2.0,3.0,1.0,3.0,5476.0,2.0,2.0,1.0,0.0,20.0,0.0,2.0,0.0,2.0,2.0,2.0,2.0,0.0,2.0,6.0,0.0,0.0,0.0,0.0,0.0,0.0,0.0,0.0,0.0,0.0,0.0,0.0,0.0,0.0,0.0,0.0,0.0,0.0,33.0,0
2.0,2.0,43.0,1.0,1.0,1.0,2.0,0.0,2.0,1.0,1.0,1.0,2.0,1849.0,2.0,3.0,1.0,0.0,48.0,0.0,1.0,1.0,1.0,1.0,2.0,2.0,0.0,2.0,12.0,0.0,0.0,0.0,0.0,0.0,0.0,0.0,0.0,0.0,0.0,0.0,0.0,0.0,0.0,0.0,0.0,0.0,0.0,33.0,0
1.0,1.0,47.0,1.0,1.0,1.0,2.0,0.0,7.0,2.0,1.0,1.0,5.0,2209.0,2.0,3.0,1.0,0.0,48.0,0.0,1.0,1.0,1.0,1.0,2.0,2.0,0.0,2.0,12.0,0.0,0.0,0.0,0.0,0.0,0.0,0.0,0.0,0.0,0.0,0.0,0.0,0.0,0.0,0.0,0.0,0.0,0.0,33.0,0
1.0,1.0,53.0,5.0,4.0,1.0,2.0,0.0,7.0,2.0,1.0,1.0,5.0,2809.0,1.0,3.0,1.0,0.0,60.0,0.0,2.0,0.0,2.0,1.0,2.0,2.0,0.0,2.0,9.0,0.0,0.0,0.0,0.0,0.0,0.0,0.0,0.0,0.0,0.0,0.0,0.0,0.0,0.0,0.0,0.0,0.0,0.0,33.0,0
1.0,2.0,74.0,4.0,1.0,2.0,3.0,0.0,0.0,0.0,3.0,1.0,7.0,5476.0,2.0,2.0,1.0,0.0,20.0,0.0,2.0,0.0,2.0,2.0,2.0,2.0,0.0,1.0,6.0,0.0,0.0,0.0,0.0,0.0,0.0,0.0,0.0,0.0,0.0,0.0,0.0,0.0,0.0,0.0,0.0,0.0,0.0,33.0,0
3.0,1.0,57.0,5.0,4.0,1.0,2.0,0.0,2.0,1.0,1.0,1.0,2.0,3249.0,2.0,2.0,1.0,0.0,21.0,0.0,2.0,0.0,2.0,2.0,2.0,2.0,0.0,1.0,8.0,0.0,0.0,0.0,0.0,0.0,0.0,0.0,0.0,0.0,0.0,0.0,0.0,0.0,0.0,0.0,0.0,0.0,0.0,33.0,0
5.0,2.0,30.0,5.0,4.0,1.0,2.0,0.0,2.0,1.0,1.0,1.0,2.0,900.0,2.0,3.0,1.0,0.0,49.0,0.0,2.0,0.0,2.0,2.0,2.0,2.0,0.0,1.0,6.0,0.0,0.0,0.0,0.0,0.0,0.0,0.0,0.0,0.0,0.0,0.0,0.0,0.0,0.0,0.0,0.0,0.0,0.0,33.0,0
1.0,2.0,38.0,3.0,1.0,1.0,2.0,0.0,7.0,1.0,1.0,1.0,6.0,1444.0,2.0,2.0,1.0,0.0,38.0,0.0,1.0,3.0,1.0,1.0,2.0,2.0,0.0,1.0,6.0,0.0,0.0,0.0,0.0,0.0,0.0,0.0,0.0,0.0,0.0,0.0,0.0,0.0,0.0,0.0,0.0,0.0,0.0,33.0,0
1.0,2.0,63.0,5.0,1.0,1.0,2.0,0.0,8.0,1.0,1.0,1.0,6.0,3969.0,2.0,2.0,1.0,0.0,24.0,0.0,2.0,0.0,2.0,2.0,2.0,2.0,0.0,1.0,6.0,0.0,0.0,0.0,0.0,0.0,0.0,0.0,0.0,0.0,0.0,0.0,0.0,0.0,0.0,0.0,0.0,0.0,0.0,33.0,0
1.0,2.0,25.0,5.0,1.0,1.0,1.0,1.0,7.0,2.0,1.0,1.0,5.0,625.0,3.0,1.0,2.0,2.0,30.0,4.0,1.0,1.0,1.0,1.0,1.0,2.0,0.0,9.0,11.0,5.0,2.0,0.0,0.0,2.0,2.0,2.0,2.0,5.0,1.0,1.0,1.0,1.0,0.0,1.0,0.0,1.0,1.0,33.0,0
1.0,2.0,51.0,3.0,1.0,1.0,2.0,0.0,7.0,2.0,1.0,1.0,5.0,2601.0,3.0,4.0,0.0,0.0,0.0,0.0,2.0,0.0,2.0,1.0,1.0,2.0,0.0,11.0,11.0,6.0,2.0,0.0,0.0,2.0,2.0,2.0,2.0,5.0,1.0,1.0,1.0,1.0,0.0,1.0,0.0,1.0,1.0,33.0,0
1.0,1.0,50.0,1.0,1.0,1.0,2.0,0.0,4.0,2.0,1.0,1.0,3.0,2500.0,2.0,3.0,2.0,2.0,48.0,18.0,1.0,1.0,2.0,2.0,2.0,2.0,0.0,1.0,5.0,0.0,0.0,0.0,0.0,0.0,0.0,0.0,0.0,0.0,0.0,0.0,0.0,0.0,0.0,0.0,0.0,0.0,0.0,33.0,0
3.0,2.0,22.0,5.0,4.0,1.0,2.0,0.0,4.0,1.0,1.0,1.0,4.0,484.0,2.0,2.0,1.0,0.0,30.0,0.0,2.0,0.0,2.0,2.0,2.0,2.0,0.0,1.0,11.0,0.0,0.0,0.0,0.0,0.0,0.0,0.0,0.0,0.0,0.0,0.0,0.0,0.0,0.0,0.0,0.0,0.0,0.0,33.0,0
1.0,1.0,72.0,2.0,1.0,1.0,2.0,0.0,7.0,1.0,2.0,1.0,6.0,5184.0,3.0,3.0,1.0,0.0,50.0,0.0,2.0,0.0,2.0,2.0,2.0,2.0,0.0,99.0,13.0,6.0,2.0,0.0,0.0,2.0,2.0,2.0,1.0,0.0,1.0,1.0,1.0,1.0,0.0,1.0,0.0,3.0,1.0,33.0,0
1.0,1.0,51.0,1.0,1.0,1.0,2.0,0.0,6.0,1.0,1.0,1.0,6.0,2601.0,2.0,1.0,1.0,0.0,23.0,0.0,1.0,1.0,1.0,1.0,2.0,2.0,0.0,1.0,11.0,0.0,0.0,0.0,0.0,0.0,0.0,0.0,0.0,0.0,0.0,0.0,0.0,0.0,0.0,0.0,0.0,0.0,0.0,32.0,0
2.0,2.0,36.0,1.0,1.0,1.0,2.0,0.0,7.0,1.0,1.0,1.0,6.0,1296.0,3.0,2.0,1.0,0.0,40.0,0.0,2.0,0.0,2.0,2.0,2.0,2.0,0.0,9.0,11.0,6.0,2.0,0.0,0.0,1.0,2.0,2.0,2.0,0.0,1.0,1.0,1.0,1.0,0.0,1.0,0.0,1.0,1.0,32.0,0
1.0,2.0,53.0,2.0,1.0,1.0,2.0,0.0,4.0,2.0,1.0,1.0,3.0,2809.0,3.0,2.0,1.0,0.0,40.0,0.0,2.0,0.0,2.0,2.0,2.0,2.0,0.0,99.0,11.0,6.0,2.0,0.0,0.0,2.0,2.0,2.0,2.0,5.0,1.0,1.0,1.0,1.0,0.0,1.0,0.0,1.0,1.0,33.0,0
1.0,2.0,45.0,5.0,1.0,1.0,2.0,0.0,4.0,1.0,5.0,1.0,4.0,2025.0,3.0,2.0,1.0,0.0,36.0,0.0,2.0,0.0,2.0,2.0,2.0,2.0,0.0,4.0,11.0,4.0,2.0,0.0,0.0,2.0,2.0,2.0,2.0,5.0,1.0,1.0,1.0,1.0,0.0,1.0,0.0,1.0,1.0,32.0,0
3.0,2.0,21.0,5.0,1.0,1.0,2.0,0.0,4.0,1.0,5.0,1.0,4.0,441.0,3.0,2.0,1.0,0.0,24.0,0.0,2.0,0.0,2.0,2.0,2.0,2.0,0.0,99.0,11.0,5.0,2.0,0.0,0.0,2.0,2.0,2.0,2.0,5.0,1.0,1.0,1.0,1.0,0.0,1.0,0.0,1.0,1.0,32.0,0
1.0,1.0,45.0,1.0,1.0,1.0,2.0,0.0,6.0,1.0,3.0,1.0,6.0,2025.0,3.0,2.0,1.0,0.0,32.0,0.0,2.0,0.0,2.0,2.0,1.0,2.0,0.0,12.0,11.0,6.0,2.0,0.0,0.0,2.0,2.0,2.0,2.0,5.0,1.0,1.0,1.0,1.0,0.0,1.0,0.0,1.0,1.0,32.0,0
2.0,2.0,34.0,1.0,1.0,1.0,2.0,0.0,6.0,1.0,1.0,1.0,6.0,1156.0,3.0,2.0,1.0,0.0,32.0,0.0,2.0,0.0,2.0,2.0,2.0,2.0,0.0,12.0,11.0,6.0,2.0,0.0,0.0,2.0,2.0,2.0,2.0,5.0,1.0,1.0,1.0,1.0,0.0,1.0,0.0,1.0,3.0,32.0,0
1.0,1.0,38.0,1.0,1.0,1.0,2.0,0.0,4.0,1.0,1.0,1.0,4.0,1444.0,3.0,2.0,1.0,0.0,43.0,0.0,2.0,0.0,2.0,2.0,2.0,2.0,0.0,11.0,11.0,6.0,2.0,0.0,0.0,2.0,2.0,2.0,2.0,5.0,1.0,1.0,1.0,1.0,0.0,1.0,0.0,1.0,1.0,32.0,0
1.0,2.0,33.0,5.0,1.0,1.0,2.0,0.0,7.0,1.0,1.0,1.0,6.0,1089.0,3.0,3.0,2.0,3.0,56.0,56.0,2.0,0.0,2.0,2.0,2.0,2.0,0.0,99.0,11.0,6.0,2.0,0.0,0.0,2.0,2.0,2.0,2.0,5.0,1.0,1.0,1.0,1.0,0.0,1.0,0.0,1.0,1.0,32.0,0
1.0,2.0,51.0,4.0,1.0,1.0,2.0,0.0,4.0,1.0,1.0,1.0,4.0,2601.0,3.0,2.0,1.0,0.0,35.0,0.0,2.0,0.0,2.0,1.0,1.0,2.0,0.0,11.0,11.0,5.0,2.0,0.0,0.0,2.0,2.0,2.0,2.0,5.0,1.0,1.0,1.0,1.0,0.0,1.0,0.0,1.0,1.0,32.0,0
3.0,2.0,30.0,5.0,1.0,1.0,2.0,0.0,4.0,1.0,2.0,1.0,4.0,900.0,3.0,2.0,1.0,0.0,35.0,0.0,2.0,0.0,2.0,2.0,1.0,2.0,0.0,12.0,11.0,3.0,1.0,4.0,4.0,2.0,2.0,2.0,2.0,5.0,1.0,2.0,2.0,2.0,0.0,2.0,1.0,1.0,3.0,32.0,1
1.0,1.0,50.0,1.0,1.0,1.0,2.0,0.0,8.0,1.0,1.0,1.0,6.0,2500.0,3.0,3.0,1.0,0.0,50.0,0.0,2.0,0.0,2.0,2.0,2.0,2.0,0.0,12.0,11.0,6.0,2.0,0.0,0.0,1.0,2.0,1.0,2.0,0.0,1.0,1.0,1.0,1.0,0.0,1.0,0.0,1.0,1.0,32.0,0
2.0,2.0,48.0,1.0,1.0,1.0,2.0,0.0,8.0,1.0,1.0,1.0,6.0,2304.0,3.0,2.0,1.0,0.0,40.0,0.0,2.0,0.0,2.0,2.0,2.0,2.0,0.0,12.0,11.0,6.0,2.0,0.0,0.0,2.0,2.0,2.0,1.0,0.0,1.0,1.0,1.0,1.0,0.0,1.0,0.0,1.0,1.0,32.0,0
1.0,2.0,70.0,4.0,1.0,1.0,2.0,0.0,7.0,1.0,1.0,1.0,6.0,4900.0,3.0,2.0,1.0,0.0,24.0,0.0,2.0,0.0,2.0,2.0,1.0,2.0,0.0,12.0,11.0,6.0,2.0,0.0,0.0,2.0,2.0,2.0,2.0,5.0,1.0,1.0,1.0,1.0,0.0,1.0,0.0,1.0,1.0,32.0,0
1.0,2.0,47.0,5.0,1.0,1.0,2.0,0.0,6.0,1.0,1.0,1.0,6.0,2209.0,3.0,2.0,1.0,0.0,40.0,0.0,2.0,0.0,2.0,2.0,1.0,2.0,0.0,8.0,11.0,6.0,2.0,0.0,0.0,1.0,2.0,2.0,2.0,0.0,1.0,1.0,1.0,1.0,0.0,1.0,0.0,1.0,1.0,32.0,0
1.0,1.0,59.0,1.0,2.0,1.0,2.0,0.0,7.0,2.0,5.0,1.0,5.0,3481.0,3.0,3.0,2.0,4.0,36.0,36.0,2.0,0.0,2.0,2.0,2.0,2.0,0.0,7.0,12.0,6.0,2.0,0.0,0.0,2.0,2.0,2.0,2.0,5.0,1.0,1.0,1.0,1.0,0.0,1.0,0.0,1.0,1.0,32.0,0
2.0,2.0,49.0,1.0,2.0,1.0,2.0,0.0,8.0,1.0,2.0,1.0,6.0,2401.0,2.0,3.0,1.0,0.0,50.0,0.0,2.0,0.0,2.0,1.0,2.0,2.0,0.0,1.0,12.0,0.0,0.0,0.0,0.0,0.0,0.0,0.0,0.0,0.0,0.0,0.0,0.0,0.0,0.0,0.0,0.0,0.0,0.0,32.0,0
3.0,2.0,19.0,5.0,1.0,1.0,2.0,0.0,4.0,1.0,1.0,1.0,4.0,361.0,2.0,2.0,1.0,0.0,20.0,0.0,2.0,0.0,2.0,2.0,2.0,2.0,0.0,1.0,8.0,0.0,0.0,0.0,0.0,0.0,0.0,0.0,0.0,0.0,0.0,0.0,0.0,0.0,0.0,0.0,0.0,0.0,0.0,33.0,0
1.0,2.0,37.0,3.0,1.0,1.0,2.0,0.0,8.0,1.0,4.0,1.0,6.0,1369.0,3.0,3.0,2.0,3.0,40.0,40.0,2.0,0.0,2.0,2.0,2.0,2.0,0.0,99.0,11.0,6.0,2.0,0.0,0.0,2.0,2.0,2.0,2.0,5.0,1.0,1.0,1.0,1.0,0.0,1.0,0.0,1.0,1.0,33.0,0
1.0,1.0,48.0,2.0,1.0,1.0,2.0,0.0,6.0,1.0,1.0,1.0,6.0,2304.0,3.0,3.0,1.0,0.0,84.0,0.0,2.0,0.0,2.0,2.0,2.0,2.0,0.0,8.0,4.0,6.0,2.0,0.0,0.0,1.0,2.0,2.0,2.0,0.0,1.0,1.0,1.0,1.0,0.0,1.0,0.0,3.0,1.0,33.0,0
2.0,2.0,44.0,2.0,1.0,1.0,2.0,0.0,7.0,1.0,3.0,1.0,6.0,1936.0,3.0,2.0,1.0,0.0,36.0,0.0,2.0,0.0,2.0,2.0,1.0,2.0,0.0,12.0,11.0,5.0,9.0,9.0,3.0,1.0,2.0,2.0,2.0,0.0,1.0,1.0,1.0,1.0,0.0,1.0,0.0,3.0,1.0,33.0,0
1.0,2.0,46.0,1.0,2.0,1.0,1.0,1.0,7.0,2.0,1.0,1.0,5.0,2116.0,3.0,2.0,1.0,0.0,40.0,0.0,2.0,0.0,2.0,1.0,2.0,2.0,0.0,7.0,10.0,5.0,2.0,0.0,0.0,2.0,2.0,2.0,2.0,5.0,1.0,1.0,1.0,1.0,0.0,1.0,0.0,1.0,1.0,33.0,0
3.0,1.0,27.0,5.0,4.0,1.0,2.0,0.0,4.0,2.0,1.0,1.0,3.0,729.0,2.0,3.0,1.0,0.0,84.0,0.0,2.0,0.0,2.0,2.0,2.0,2.0,0.0,1.0,11.0,0.0,0.0,0.0,0.0,0.0,0.0,0.0,0.0,0.0,0.0,0.0,0.0,0.0,0.0,0.0,0.0,0.0,0.0,33.0,0
1.0,1.0,46.0,5.0,1.0,1.0,2.0,0.0,4.0,1.0,1.0,1.0,4.0,2116.0,3.0,3.0,1.0,0.0,48.0,0.0,2.0,0.0,2.0,2.0,2.0,2.0,0.0,5.0,11.0,6.0,2.0,0.0,0.0,1.0,2.0,2.0,1.0,0.0,1.0,1.0,1.0,1.0,0.0,1.0,0.0,1.0,1.0,33.0,0
9.0,2.0,27.0,5.0,1.0,1.0,2.0,0.0,4.0,1.0,1.0,1.0,4.0,729.0,3.0,2.0,1.0,0.0,30.0,0.0,2.0,0.0,2.0,2.0,2.0,2.0,0.0,2.0,11.0,6.0,2.0,0.0,0.0,1.0,2.0,2.0,2.0,0.0,1.0,1.0,1.0,1.0,0.0,1.0,0.0,1.0,1.0,33.0,0
3.0,1.0,49.0,5.0,4.0,1.0,2.0,0.0,4.0,2.0,1.0,1.0,3.0,2401.0,2.0,1.0,1.0,0.0,18.0,0.0,1.0,1.0,1.0,1.0,2.0,2.0,0.0,2.0,8.0,0.0,0.0,0.0,0.0,0.0,0.0,0.0,0.0,0.0,0.0,0.0,0.0,0.0,0.0,0.0,0.0,0.0,0.0,33.0,0
1.0,2.0,53.0,1.0,4.0,1.0,2.0,0.0,2.0,1.0,3.0,1.0,2.0,2809.0,2.0,1.0,1.0,0.0,21.0,0.0,1.0,1.0,1.0,2.0,2.0,2.0,0.0,1.0,6.0,0.0,0.0,0.0,0.0,0.0,0.0,0.0,0.0,0.0,0.0,0.0,0.0,0.0,0.0,0.0,0.0,0.0,0.0,33.0,0
2.0,1.0,56.0,1.0,4.0,1.0,2.0,0.0,4.0,2.0,3.0,1.0,3.0,3136.0,2.0,1.0,1.0,0.0,8.0,0.0,1.0,1.0,1.0,2.0,2.0,2.0,0.0,1.0,8.0,0.0,0.0,0.0,0.0,0.0,0.0,0.0,0.0,0.0,0.0,0.0,0.0,0.0,0.0,0.0,0.0,0.0,0.0,33.0,0
1.0,2.0,61.0,5.0,1.0,1.0,2.0,0.0,4.0,1.0,4.0,1.0,4.0,3721.0,2.0,2.0,1.0,0.0,35.0,0.0,2.0,0.0,2.0,2.0,2.0,2.0,0.0,1.0,11.0,0.0,0.0,0.0,0.0,0.0,0.0,0.0,0.0,0.0,0.0,0.0,0.0,0.0,0.0,0.0,0.0,0.0,0.0,33.0,0
1.0,2.0,33.0,1.0,4.0,1.0,2.0,0.0,4.0,2.0,4.0,1.0,3.0,1089.0,3.0,1.0,1.0,0.0,3.0,0.0,1.0,1.0,1.0,1.0,2.0,1.0,1.0,0.0,0.0,0.0,0.0,0.0,0.0,1.0,2.0,2.0,2.0,0.0,2.0,2.0,2.0,2.0,5.0,2.0,2.0,1.0,4.0,33.0,1
2.0,1.0,31.0,1.0,4.0,1.0,2.0,0.0,2.0,1.0,4.0,1.0,2.0,961.0,3.0,2.0,1.0,0.0,45.0,0.0,1.0,1.0,1.0,2.0,2.0,2.0,0.0,6.0,5.0,5.0,2.0,0.0,0.0,2.0,2.0,2.0,2.0,5.0,2.0,2.0,2.0,2.0,5.0,2.0,2.0,1.0,4.0,33.0,1
1.0,2.0,62.0,2.0,1.0,1.0,2.0,0.0,4.0,1.0,1.0,1.0,4.0,3844.0,3.0,2.0,1.0,0.0,20.0,0.0,2.0,0.0,2.0,2.0,2.0,2.0,0.0,99.0,6.0,5.0,1.0,9.0,4.0,2.0,2.0,2.0,2.0,5.0,2.0,2.0,2.0,2.0,5.0,2.0,2.0,1.0,4.0,33.0,1
2.0,1.0,63.0,2.0,1.0,1.0,2.0,0.0,4.0,2.0,1.0,1.0,3.0,3969.0,3.0,2.0,1.0,0.0,40.0,0.0,2.0,0.0,2.0,2.0,2.0,2.0,0.0,99.0,11.0,6.0,2.0,0.0,0.0,2.0,2.0,2.0,2.0,5.0,1.0,1.0,1.0,1.0,0.0,1.0,0.0,1.0,1.0,33.0,0
3.0,2.0,31.0,5.0,1.0,1.0,2.0,0.0,6.0,1.0,1.0,1.0,6.0,961.0,3.0,1.0,1.0,0.0,20.0,0.0,1.0,1.0,1.0,1.0,2.0,2.0,0.0,99.0,11.0,6.0,2.0,0.0,0.0,2.0,2.0,2.0,2.0,5.0,1.0,1.0,1.0,1.0,0.0,1.0,0.0,1.0,1.0,33.0,0
2.0,2.0,20.0,5.0,1.0,1.0,2.0,0.0,4.0,1.0,1.0,1.0,4.0,400.0,3.0,2.0,1.0,0.0,25.0,0.0,2.0,0.0,2.0,2.0,1.0,2.0,0.0,99.0,11.0,5.0,2.0,0.0,0.0,2.0,2.0,2.0,2.0,5.0,1.0,1.0,1.0,1.0,0.0,1.0,0.0,1.0,1.0,33.0,0
8.0,1.0,23.0,5.0,1.0,1.0,2.0,0.0,4.0,1.0,1.0,1.0,4.0,529.0,2.0,2.0,1.0,0.0,5.0,0.0,2.0,0.0,2.0,2.0,2.0,2.0,0.0,1.0,12.0,0.0,0.0,0.0,0.0,0.0,0.0,0.0,0.0,0.0,0.0,0.0,0.0,0.0,0.0,0.0,0.0,0.0,0.0,33.0,0
1.0,1.0,21.0,5.0,1.0,1.0,2.0,0.0,4.0,2.0,1.0,1.0,3.0,441.0,3.0,2.0,1.0,0.0,35.0,0.0,2.0,0.0,2.0,2.0,2.0,2.0,0.0,99.0,4.0,6.0,2.0,0.0,0.0,2.0,2.0,2.0,2.0,5.0,2.0,2.0,2.0,2.0,5.0,2.0,1.0,1.0,3.0,33.0,1
3.0,2.0,33.0,5.0,12.0,1.0,2.0,0.0,4.0,1.0,1.0,1.0,4.0,1089.0,3.0,2.0,1.0,0.0,24.0,0.0,2.0,0.0,2.0,2.0,2.0,2.0,0.0,99.0,11.0,5.0,2.0,0.0,0.0,2.0,2.0,2.0,2.0,5.0,1.0,1.0,1.0,1.0,0.0,1.0,0.0,1.0,1.0,32.0,0
1.0,2.0,35.0,1.0,2.0,1.0,2.0,0.0,4.0,1.0,1.0,1.0,4.0,1225.0,3.0,2.0,1.0,0.0,45.0,0.0,2.0,0.0,2.0,2.0,2.0,2.0,0.0,12.0,11.0,6.0,2.0,0.0,0.0,1.0,2.0,1.0,1.0,0.0,1.0,1.0,1.0,1.0,0.0,1.0,0.0,1.0,1.0,32.0,0
2.0,1.0,38.0,1.0,2.0,1.0,2.0,0.0,4.0,1.0,1.0,1.0,4.0,1444.0,3.0,2.0,1.0,0.0,45.0,0.0,1.0,1.0,1.0,1.0,2.0,2.0,0.0,99.0,11.0,6.0,2.0,0.0,0.0,2.0,2.0,2.0,2.0,5.0,1.0,1.0,1.0,1.0,0.0,1.0,0.0,1.0,1.0,32.0,0
1.0,2.0,31.0,5.0,1.0,1.0,2.0,0.0,7.0,1.0,1.0,1.0,6.0,961.0,3.0,2.0,1.0,0.0,40.0,0.0,2.0,0.0,2.0,2.0,1.0,2.0,0.0,7.0,11.0,6.0,2.0,0.0,0.0,2.0,2.0,2.0,2.0,5.0,1.0,1.0,1.0,1.0,0.0,1.0,0.0,1.0,1.0,32.0,0
2.0,2.0,59.0,1.0,1.0,1.0,2.0,0.0,7.0,2.0,1.0,1.0,5.0,3481.0,3.0,2.0,1.0,0.0,40.0,0.0,2.0,0.0,2.0,2.0,2.0,2.0,0.0,8.0,11.0,6.0,2.0,0.0,0.0,2.0,2.0,2.0,2.0,5.0,1.0,1.0,1.0,1.0,0.0,1.0,0.0,1.0,1.0,32.0,0
1.0,1.0,66.0,1.0,1.0,1.0,2.0,0.0,4.0,1.0,4.0,1.0,4.0,4356.0,3.0,2.0,1.0,0.0,40.0,0.0,2.0,0.0,2.0,2.0,2.0,2.0,0.0,7.0,11.0,6.0,2.0,0.0,0.0,1.0,2.0,2.0,2.0,0.0,1.0,1.0,1.0,1.0,0.0,1.0,0.0,1.0,1.0,32.0,0
10.0,1.0,57.0,5.0,1.0,1.0,2.0,0.0,7.0,1.0,5.0,1.0,6.0,3249.0,3.0,2.0,1.0,0.0,40.0,0.0,2.0,0.0,2.0,2.0,1.0,2.0,0.0,11.0,11.0,6.0,2.0,0.0,0.0,2.0,2.0,2.0,2.0,5.0,1.0,1.0,1.0,1.0,0.0,1.0,0.0,1.0,1.0,32.0,0
10.0,1.0,60.0,5.0,1.0,1.0,2.0,0.0,7.0,1.0,1.0,1.0,6.0,3600.0,3.0,2.0,1.0,0.0,40.0,0.0,2.0,0.0,2.0,2.0,2.0,2.0,0.0,9.0,11.0,6.0,2.0,0.0,0.0,2.0,2.0,2.0,2.0,5.0,1.0,1.0,1.0,1.0,0.0,1.0,0.0,1.0,1.0,32.0,0
1.0,1.0,50.0,5.0,1.0,1.0,2.0,0.0,8.0,1.0,2.0,1.0,6.0,2500.0,3.0,2.0,1.0,0.0,40.0,0.0,2.0,0.0,2.0,2.0,1.0,2.0,0.0,99.0,12.0,6.0,1.0,9.0,3.0,2.0,2.0,2.0,2.0,5.0,1.0,1.0,1.0,1.0,0.0,1.0,0.0,1.0,1.0,32.0,0
1.0,1.0,30.0,1.0,1.0,1.0,1.0,1.0,7.0,2.0,5.0,1.0,5.0,900.0,3.0,2.0,1.0,0.0,40.0,0.0,2.0,0.0,2.0,2.0,2.0,2.0,0.0,12.0,11.0,5.0,2.0,0.0,0.0,2.0,2.0,2.0,2.0,5.0,1.0,1.0,1.0,1.0,0.0,1.0,0.0,1.0,1.0,32.0,0
1.0,1.0,40.0,1.0,4.0,1.0,2.0,0.0,4.0,1.0,1.0,1.0,4.0,1600.0,2.0,3.0,1.0,0.0,70.0,0.0,2.0,0.0,2.0,2.0,2.0,2.0,0.0,1.0,11.0,0.0,0.0,0.0,0.0,0.0,0.0,0.0,0.0,0.0,0.0,0.0,0.0,0.0,0.0,0.0,0.0,0.0,0.0,33.0,0
2.0,2.0,39.0,1.0,1.0,1.0,2.0,0.0,4.0,1.0,1.0,1.0,4.0,1521.0,3.0,3.0,1.0,0.0,51.0,0.0,2.0,0.0,2.0,2.0,2.0,2.0,0.0,12.0,11.0,5.0,2.0,0.0,0.0,2.0,2.0,2.0,2.0,5.0,1.0,1.0,1.0,1.0,0.0,1.0,0.0,1.0,1.0,33.0,0
1.0,2.0,45.0,5.0,1.0,1.0,2.0,0.0,6.0,2.0,1.0,1.0,5.0,2025.0,3.0,3.0,2.0,2.0,45.0,35.0,2.0,0.0,2.0,2.0,2.0,2.0,0.0,7.0,11.0,6.0,2.0,0.0,0.0,2.0,2.0,2.0,2.0,5.0,1.0,1.0,1.0,1.0,0.0,1.0,0.0,1.0,1.0,33.0,0
3.0,2.0,27.0,5.0,4.0,1.0,2.0,0.0,6.0,1.0,1.0,1.0,6.0,729.0,2.0,2.0,1.0,0.0,35.0,0.0,1.0,9.0,1.0,1.0,2.0,2.0,0.0,1.0,6.0,0.0,0.0,0.0,0.0,0.0,0.0,0.0,0.0,0.0,0.0,0.0,0.0,0.0,0.0,0.0,0.0,0.0,0.0,33.0,0
2.0,2.0,47.0,1.0,2.0,1.0,1.0,1.0,7.0,2.0,1.0,1.0,5.0,2209.0,3.0,2.0,1.0,0.0,40.0,0.0,2.0,0.0,1.0,2.0,2.0,2.0,0.0,12.0,11.0,6.0,2.0,0.0,0.0,2.0,2.0,2.0,2.0,5.0,2.0,1.0,2.0,2.0,0.0,1.0,0.0,1.0,1.0,33.0,0
1.0,1.0,62.0,5.0,2.0,1.0,2.0,0.0,4.0,1.0,1.0,1.0,4.0,3844.0,3.0,3.0,1.0,0.0,48.0,0.0,2.0,0.0,2.0,2.0,2.0,2.0,0.0,12.0,11.0,6.0,2.0,0.0,0.0,2.0,2.0,2.0,2.0,5.0,1.0,1.0,1.0,1.0,0.0,1.0,0.0,1.0,1.0,32.0,0
1.0,2.0,70.0,3.0,1.0,1.0,2.0,0.0,2.0,1.0,3.0,1.0,2.0,4900.0,3.0,3.0,1.0,0.0,72.0,0.0,2.0,0.0,2.0,2.0,2.0,2.0,0.0,1.0,6.0,6.0,2.0,0.0,0.0,2.0,1.0,2.0,2.0,0.0,1.0,1.0,1.0,1.0,0.0,1.0,0.0,1.0,1.0,32.0,0
2.0,1.0,39.0,2.0,1.0,1.0,2.0,0.0,4.0,2.0,3.0,1.0,3.0,1521.0,3.0,3.0,1.0,0.0,48.0,0.0,2.0,0.0,2.0,2.0,2.0,2.0,0.0,12.0,11.0,6.0,2.0,0.0,0.0,2.0,2.0,2.0,1.0,0.0,1.0,1.0,1.0,1.0,0.0,1.0,0.0,1.0,3.0,33.0,0
1.0,1.0,59.0,2.0,1.0,1.0,2.0,0.0,4.0,1.0,1.0,1.0,4.0,3481.0,3.0,3.0,1.0,0.0,60.0,0.0,2.0,0.0,2.0,2.0,2.0,2.0,0.0,99.0,4.0,6.0,2.0,0.0,0.0,2.0,2.0,2.0,2.0,5.0,2.0,2.0,2.0,2.0,5.0,2.0,1.0,1.0,3.0,33.0,1
1.0,1.0,55.0,5.0,2.0,1.0,2.0,0.0,7.0,1.0,1.0,1.0,6.0,3025.0,3.0,3.0,1.0,0.0,50.0,0.0,2.0,0.0,2.0,2.0,2.0,2.0,0.0,6.0,11.0,5.0,2.0,0.0,0.0,2.0,2.0,2.0,2.0,5.0,1.0,1.0,1.0,1.0,0.0,1.0,0.0,1.0,1.0,33.0,0
1.0,1.0,62.0,3.0,2.0,1.0,2.0,0.0,7.0,1.0,1.0,1.0,6.0,3844.0,3.0,2.0,1.0,0.0,40.0,0.0,2.0,0.0,2.0,2.0,2.0,2.0,0.0,12.0,11.0,6.0,2.0,0.0,0.0,2.0,2.0,2.0,2.0,5.0,1.0,1.0,1.0,1.0,0.0,1.0,0.0,1.0,1.0,33.0,0
1.0,1.0,34.0,2.0,1.0,1.0,2.0,0.0,8.0,1.0,1.0,1.0,6.0,1156.0,3.0,3.0,2.0,5.0,24.0,32.0,2.0,0.0,1.0,2.0,3.0,2.0,0.0,12.0,11.0,6.0,2.0,0.0,0.0,1.0,2.0,2.0,2.0,0.0,1.0,1.0,1.0,1.0,0.0,1.0,0.0,3.0,1.0,33.0,0
2.0,2.0,39.0,2.0,1.0,1.0,2.0,0.0,7.0,1.0,1.0,1.0,6.0,1521.0,2.0,2.0,1.0,0.0,18.0,0.0,1.0,3.0,2.0,2.0,2.0,2.0,0.0,1.0,11.0,0.0,0.0,0.0,0.0,0.0,0.0,0.0,0.0,0.0,0.0,0.0,0.0,0.0,0.0,0.0,0.0,0.0,0.0,33.0,0
1.0,2.0,37.0,3.0,1.0,1.0,2.0,0.0,2.0,1.0,4.0,1.0,2.0,1369.0,2.0,3.0,1.0,0.0,84.0,0.0,2.0,0.0,2.0,2.0,2.0,2.0,0.0,1.0,11.0,0.0,0.0,0.0,0.0,0.0,0.0,0.0,0.0,0.0,0.0,0.0,0.0,0.0,0.0,0.0,0.0,0.0,0.0,33.0,0
5.0,1.0,26.0,1.0,1.0,1.0,2.0,0.0,4.0,1.0,1.0,1.0,4.0,676.0,3.0,2.0,1.0,0.0,40.0,0.0,2.0,0.0,2.0,2.0,2.0,2.0,0.0,6.0,11.0,5.0,2.0,0.0,0.0,2.0,2.0,1.0,2.0,0.0,1.0,1.0,1.0,1.0,0.0,1.0,0.0,1.0,1.0,33.0,0
3.0,2.0,57.0,2.0,1.0,1.0,2.0,0.0,4.0,1.0,1.0,1.0,4.0,3249.0,3.0,2.0,2.0,3.0,24.0,12.0,2.0,0.0,2.0,2.0,2.0,1.0,1.0,0.0,0.0,0.0,0.0,0.0,0.0,1.0,2.0,2.0,2.0,0.0,1.0,1.0,1.0,2.0,0.0,2.0,2.0,1.0,4.0,33.0,1
3.0,2.0,23.0,5.0,1.0,1.0,1.0,1.0,7.0,2.0,1.0,1.0,5.0,529.0,3.0,1.0,1.0,0.0,12.0,0.0,1.0,1.0,1.0,1.0,1.0,2.0,0.0,11.0,11.0,5.0,2.0,0.0,0.0,2.0,2.0,2.0,2.0,5.0,1.0,1.0,1.0,1.0,0.0,1.0,0.0,1.0,1.0,33.0,0
10.0,1.0,60.0,5.0,1.0,1.0,2.0,0.0,7.0,1.0,2.0,1.0,6.0,3600.0,3.0,2.0,1.0,0.0,40.0,0.0,2.0,0.0,2.0,2.0,1.0,2.0,0.0,99.0,11.0,6.0,2.0,0.0,0.0,2.0,2.0,2.0,2.0,5.0,1.0,1.0,1.0,1.0,0.0,1.0,0.0,1.0,1.0,32.0,0
10.0,1.0,55.0,5.0,1.0,1.0,2.0,0.0,7.0,1.0,3.0,1.0,6.0,3025.0,3.0,2.0,1.0,0.0,40.0,0.0,2.0,0.0,2.0,2.0,2.0,2.0,0.0,12.0,11.0,6.0,2.0,0.0,0.0,2.0,2.0,2.0,2.0,5.0,1.0,1.0,1.0,1.0,0.0,1.0,0.0,1.0,1.0,32.0,0
10.0,1.0,60.0,5.0,1.0,1.0,2.0,0.0,8.0,1.0,1.0,1.0,6.0,3600.0,3.0,2.0,1.0,0.0,40.0,0.0,2.0,0.0,2.0,2.0,2.0,2.0,0.0,7.0,11.0,6.0,2.0,0.0,0.0,2.0,2.0,2.0,2.0,5.0,1.0,1.0,1.0,1.0,0.0,1.0,0.0,1.0,1.0,32.0,0
10.0,1.0,40.0,5.0,1.0,1.0,2.0,0.0,7.0,1.0,5.0,1.0,6.0,1600.0,3.0,4.0,0.0,0.0,0.0,0.0,2.0,0.0,2.0,2.0,2.0,2.0,0.0,9.0,11.0,6.0,2.0,0.0,0.0,2.0,2.0,2.0,2.0,5.0,1.0,1.0,1.0,1.0,0.0,1.0,0.0,1.0,1.0,32.0,0
1.0,1.0,35.0,5.0,2.0,1.0,1.0,9.0,7.0,2.0,5.0,1.0,5.0,1225.0,3.0,2.0,1.0,0.0,36.0,0.0,2.0,0.0,2.0,2.0,2.0,2.0,0.0,9.0,6.0,5.0,2.0,0.0,0.0,2.0,2.0,2.0,2.0,5.0,1.0,1.0,1.0,1.0,0.0,1.0,0.0,1.0,1.0,32.0,0
1.0,1.0,24.0,2.0,1.0,1.0,2.0,0.0,4.0,1.0,1.0,1.0,4.0,576.0,3.0,2.0,1.0,0.0,40.0,0.0,1.0,1.0,2.0,2.0,1.0,2.0,0.0,12.0,11.0,5.0,1.0,2.0,4.0,1.0,2.0,2.0,2.0,0.0,1.0,1.0,1.0,1.0,0.0,2.0,1.0,1.0,4.0,33.0,1
1.0,1.0,31.0,1.0,4.0,1.0,2.0,0.0,4.0,1.0,1.0,1.0,4.0,961.0,3.0,3.0,1.0,0.0,50.0,0.0,1.0,1.0,1.0,1.0,2.0,2.0,0.0,3.0,8.0,2.0,1.0,9.0,4.0,1.0,2.0,2.0,2.0,0.0,2.0,2.0,2.0,2.0,5.0,2.0,2.0,1.0,4.0,33.0,1
1.0,1.0,43.0,5.0,4.0,1.0,2.0,0.0,4.0,1.0,1.0,1.0,4.0,1849.0,3.0,1.0,2.0,2.0,16.0,8.0,1.0,1.0,1.0,1.0,2.0,2.0,0.0,2.0,11.0,3.0,1.0,1.0,4.0,2.0,2.0,2.0,2.0,5.0,2.0,2.0,2.0,2.0,5.0,2.0,2.0,2.0,4.0,33.0,1
1.0,2.0,52.0,5.0,4.0,1.0,2.0,0.0,2.0,1.0,1.0,1.0,2.0,2704.0,3.0,3.0,1.0,0.0,84.0,0.0,2.0,0.0,2.0,1.0,2.0,1.0,1.0,0.0,0.0,0.0,0.0,0.0,0.0,1.0,2.0,2.0,2.0,0.0,2.0,2.0,2.0,2.0,5.0,2.0,2.0,2.0,4.0,33.0,1
1.0,1.0,62.0,1.0,1.0,1.0,2.0,0.0,4.0,1.0,1.0,1.0,4.0,3844.0,3.0,3.0,1.0,0.0,50.0,0.0,2.0,0.0,2.0,2.0,2.0,2.0,0.0,7.0,5.0,6.0,2.0,0.0,0.0,2.0,2.0,2.0,2.0,5.0,1.0,1.0,1.0,1.0,0.0,1.0,0.0,1.0,1.0,33.0,0
2.0,2.0,51.0,1.0,1.0,1.0,2.0,0.0,4.0,1.0,1.0,1.0,4.0,2601.0,3.0,2.0,1.0,0.0,25.0,0.0,2.0,0.0,2.0,2.0,2.0,2.0,0.0,7.0,11.0,5.0,2.0,0.0,0.0,1.0,2.0,2.0,2.0,0.0,2.0,2.0,2.0,2.0,5.0,2.0,2.0,1.0,4.0,33.0,1
1.0,2.0,41.0,1.0,4.0,1.0,2.0,0.0,4.0,1.0,1.0,1.0,4.0,1681.0,2.0,3.0,1.0,0.0,98.0,0.0,2.0,0.0,2.0,2.0,2.0,2.0,0.0,2.0,11.0,0.0,0.0,0.0,0.0,0.0,0.0,0.0,0.0,0.0,0.0,0.0,0.0,0.0,0.0,0.0,0.0,0.0,0.0,33.0,0
2.0,1.0,44.0,1.0,1.0,1.0,2.0,0.0,4.0,1.0,1.0,1.0,4.0,1936.0,2.0,3.0,2.0,2.0,56.0,20.0,2.0,0.0,2.0,2.0,2.0,2.0,0.0,2.0,11.0,0.0,0.0,0.0,0.0,0.0,0.0,0.0,0.0,0.0,0.0,0.0,0.0,0.0,0.0,0.0,0.0,0.0,0.0,33.0,0
1.0,1.0,34.0,5.0,1.0,1.0,2.0,0.0,4.0,2.0,1.0,1.0,3.0,1156.0,2.0,2.0,1.0,0.0,45.0,0.0,2.0,0.0,2.0,2.0,2.0,2.0,0.0,10.0,11.0,0.0,0.0,0.0,0.0,0.0,0.0,0.0,0.0,0.0,0.0,0.0,0.0,0.0,0.0,0.0,0.0,0.0,0.0,33.0,0
1.0,1.0,33.0,1.0,2.0,1.0,2.0,0.0,2.0,2.0,1.0,1.0,1.0,1089.0,3.0,3.0,2.0,2.0,40.0,8.0,1.0,1.0,1.0,1.0,1.0,2.0,0.0,9.0,9.0,5.0,1.0,5.0,4.0,2.0,2.0,2.0,2.0,5.0,1.0,1.0,1.0,1.0,0.0,1.0,0.0,1.0,1.0,33.0,0
2.0,2.0,30.0,1.0,2.0,1.0,2.0,0.0,2.0,2.0,1.0,1.0,1.0,900.0,3.0,1.0,1.0,0.0,10.0,0.0,1.0,1.0,1.0,1.0,2.0,1.0,2.0,0.0,0.0,0.0,0.0,0.0,0.0,1.0,2.0,2.0,2.0,0.0,1.0,1.0,1.0,1.0,0.0,1.0,0.0,1.0,1.0,33.0,0
1.0,2.0,37.0,3.0,1.0,1.0,2.0,0.0,6.0,1.0,1.0,1.0,6.0,1369.0,3.0,2.0,1.0,0.0,45.0,0.0,2.0,0.0,2.0,2.0,2.0,2.0,0.0,99.0,11.0,5.0,2.0,0.0,0.0,2.0,2.0,2.0,2.0,5.0,1.0,1.0,1.0,1.0,0.0,1.0,0.0,1.0,1.0,32.0,0
1.0,1.0,26.0,1.0,1.0,1.0,2.0,0.0,4.0,1.0,1.0,1.0,4.0,676.0,3.0,2.0,1.0,0.0,35.0,0.0,2.0,0.0,2.0,2.0,2.0,2.0,0.0,7.0,11.0,6.0,2.0,0.0,0.0,2.0,2.0,2.0,2.0,5.0,1.0,1.0,1.0,1.0,0.0,1.0,0.0,1.0,1.0,32.0,0
1.0,2.0,34.0,5.0,1.0,1.0,2.0,0.0,7.0,2.0,1.0,1.0,5.0,1156.0,3.0,2.0,1.0,0.0,36.0,0.0,2.0,0.0,2.0,2.0,2.0,2.0,0.0,2.0,11.0,5.0,2.0,0.0,0.0,2.0,2.0,2.0,2.0,5.0,2.0,2.0,1.0,2.0,0.0,2.0,2.0,1.0,1.0,32.0,1
1.0,1.0,39.0,1.0,1.0,1.0,2.0,0.0,6.0,1.0,1.0,1.0,6.0,1521.0,3.0,3.0,2.0,2.0,48.0,36.0,2.0,0.0,2.0,2.0,1.0,2.0,0.0,9.0,9.0,6.0,2.0,0.0,0.0,2.0,2.0,2.0,2.0,5.0,1.0,1.0,1.0,1.0,0.0,1.0,0.0,3.0,1.0,33.0,0
2.0,2.0,30.0,1.0,1.0,1.0,2.0,0.0,6.0,1.0,1.0,1.0,6.0,900.0,3.0,3.0,1.0,0.0,48.0,0.0,2.0,0.0,2.0,2.0,1.0,2.0,0.0,9.0,9.0,6.0,2.0,0.0,0.0,2.0,2.0,2.0,2.0,5.0,1.0,1.0,1.0,1.0,0.0,1.0,0.0,3.0,1.0,33.0,0
1.0,2.0,62.0,3.0,12.0,1.0,2.0,0.0,6.0,1.0,1.0,1.0,6.0,3844.0,3.0,2.0,1.0,0.0,40.0,0.0,2.0,0.0,2.0,2.0,2.0,2.0,0.0,5.0,6.0,5.0,2.0,0.0,0.0,2.0,2.0,2.0,2.0,5.0,1.0,1.0,1.0,2.0,0.0,2.0,2.0,1.0,2.0,33.0,1
1.0,1.0,41.0,5.0,4.0,1.0,2.0,0.0,4.0,2.0,1.0,1.0,3.0,1681.0,2.0,2.0,1.0,0.0,18.0,0.0,2.0,0.0,2.0,2.0,2.0,2.0,0.0,2.0,6.0,0.0,0.0,0.0,0.0,0.0,0.0,0.0,0.0,0.0,0.0,0.0,0.0,0.0,0.0,0.0,0.0,0.0,0.0,33.0,0
2.0,2.0,36.0,1.0,4.0,1.0,2.0,0.0,7.0,2.0,4.0,1.0,5.0,1296.0,3.0,1.0,1.0,0.0,2.0,0.0,1.0,1.0,1.0,1.0,2.0,2.0,0.0,3.0,11.0,6.0,2.0,0.0,0.0,2.0,2.0,2.0,2.0,5.0,2.0,2.0,2.0,2.0,5.0,2.0,2.0,1.0,4.0,33.0,1
1.0,1.0,43.0,1.0,1.0,1.0,2.0,0.0,4.0,2.0,1.0,1.0,3.0,1849.0,3.0,3.0,2.0,2.0,45.0,3.0,2.0,0.0,2.0,2.0,2.0,2.0,0.0,9.0,5.0,5.0,2.0,0.0,0.0,2.0,2.0,2.0,2.0,5.0,1.0,1.0,1.0,1.0,0.0,1.0,0.0,1.0,1.0,33.0,0
1.0,1.0,49.0,2.0,1.0,1.0,2.0,0.0,2.0,2.0,1.0,1.0,1.0,2401.0,3.0,3.0,2.0,2.0,40.0,15.0,1.0,3.0,1.0,2.0,2.0,2.0,0.0,9.0,11.0,5.0,9.0,9.0,4.0,2.0,2.0,2.0,2.0,5.0,1.0,1.0,1.0,1.0,0.0,1.0,0.0,1.0,1.0,33.0,0
2.0,2.0,43.0,2.0,1.0,1.0,2.0,0.0,4.0,2.0,1.0,1.0,3.0,1849.0,2.0,2.0,1.0,0.0,18.0,0.0,2.0,0.0,2.0,2.0,2.0,2.0,0.0,3.0,12.0,0.0,0.0,0.0,0.0,0.0,0.0,0.0,0.0,0.0,0.0,0.0,0.0,0.0,0.0,0.0,0.0,0.0,0.0,33.0,0
3.0,1.0,21.0,5.0,1.0,1.0,2.0,0.0,7.0,2.0,1.0,1.0,5.0,441.0,2.0,2.0,1.0,0.0,26.0,0.0,2.0,0.0,2.0,2.0,2.0,2.0,0.0,3.0,8.0,0.0,0.0,0.0,0.0,0.0,0.0,0.0,0.0,0.0,0.0,0.0,0.0,0.0,0.0,0.0,0.0,0.0,0.0,33.0,0
1.0,2.0,61.0,4.0,4.0,1.0,2.0,0.0,6.0,1.0,1.0,1.0,6.0,3721.0,3.0,2.0,1.0,0.0,36.0,0.0,2.0,0.0,2.0,2.0,2.0,2.0,0.0,8.0,11.0,6.0,2.0,0.0,0.0,1.0,2.0,2.0,2.0,0.0,2.0,2.0,2.0,2.0,5.0,2.0,2.0,2.0,4.0,32.0,1
1.0,1.0,42.0,2.0,1.0,1.0,2.0,0.0,2.0,1.0,3.0,1.0,2.0,1764.0,3.0,3.0,1.0,0.0,54.0,0.0,2.0,0.0,2.0,2.0,2.0,2.0,0.0,99.0,11.0,6.0,2.0,0.0,0.0,2.0,2.0,2.0,2.0,5.0,1.0,1.0,1.0,1.0,0.0,1.0,0.0,1.0,1.0,32.0,0
2.0,2.0,46.0,2.0,1.0,1.0,2.0,0.0,4.0,2.0,3.0,1.0,3.0,2116.0,3.0,2.0,1.0,0.0,40.0,0.0,2.0,0.0,2.0,2.0,2.0,2.0,0.0,12.0,11.0,6.0,2.0,0.0,0.0,2.0,2.0,2.0,2.0,5.0,1.0,1.0,1.0,1.0,0.0,1.0,0.0,1.0,1.0,32.0,0
1.0,2.0,35.0,1.0,1.0,1.0,1.0,1.0,7.0,2.0,1.0,1.0,5.0,1225.0,3.0,2.0,2.0,2.0,21.0,21.0,2.0,0.0,2.0,2.0,1.0,2.0,0.0,8.0,11.0,6.0,2.0,0.0,0.0,2.0,2.0,2.0,2.0,5.0,1.0,1.0,1.0,1.0,0.0,1.0,0.0,1.0,1.0,32.0,0
2.0,1.0,35.0,1.0,1.0,1.0,2.0,0.0,7.0,2.0,1.0,1.0,5.0,1225.0,2.0,2.0,1.0,0.0,35.0,0.0,1.0,1.0,2.0,2.0,2.0,2.0,0.0,2.0,11.0,0.0,0.0,0.0,0.0,0.0,0.0,0.0,0.0,0.0,0.0,0.0,0.0,0.0,0.0,0.0,0.0,0.0,0.0,32.0,0
1.0,1.0,55.0,2.0,1.0,1.0,2.0,0.0,6.0,1.0,1.0,1.0,6.0,3025.0,3.0,3.0,2.0,2.0,35.0,12.0,2.0,0.0,2.0,2.0,1.0,2.0,0.0,11.0,11.0,6.0,2.0,0.0,0.0,2.0,2.0,2.0,2.0,5.0,1.0,1.0,1.0,1.0,0.0,1.0,0.0,1.0,1.0,33.0,0
2.0,2.0,48.0,2.0,1.0,1.0,2.0,0.0,4.0,1.0,1.0,1.0,4.0,2304.0,3.0,1.0,1.0,0.0,6.0,0.0,1.0,1.0,2.0,2.0,2.0,1.0,1.0,0.0,0.0,0.0,0.0,0.0,0.0,2.0,2.0,2.0,2.0,5.0,1.0,1.0,1.0,1.0,0.0,1.0,0.0,1.0,1.0,33.0,0
6.0,1.0,50.0,5.0,4.0,1.0,2.0,0.0,2.0,1.0,1.0,1.0,2.0,2500.0,3.0,2.0,1.0,0.0,25.0,0.0,2.0,0.0,2.0,2.0,2.0,2.0,0.0,99.0,11.0,6.0,2.0,0.0,0.0,2.0,2.0,2.0,2.0,5.0,2.0,2.0,2.0,2.0,5.0,2.0,2.0,1.0,4.0,33.0,1
1.0,2.0,27.0,5.0,4.0,1.0,1.0,1.0,7.0,2.0,1.0,1.0,5.0,729.0,3.0,2.0,1.0,0.0,42.0,0.0,2.0,0.0,2.0,1.0,2.0,2.0,0.0,2.0,11.0,1.0,2.0,0.0,0.0,1.0,2.0,2.0,2.0,0.0,2.0,2.0,2.0,2.0,5.0,2.0,2.0,1.0,4.0,33.0,1
1.0,2.0,71.0,2.0,1.0,1.0,2.0,0.0,4.0,1.0,5.0,1.0,4.0,5041.0,3.0,3.0,1.0,0.0,48.0,0.0,2.0,0.0,2.0,2.0,2.0,2.0,0.0,5.0,11.0,6.0,2.0,0.0,0.0,2.0,2.0,2.0,2.0,5.0,1.0,1.0,1.0,1.0,0.0,1.0,0.0,1.0,1.0,33.0,0
1.0,2.0,69.0,5.0,1.0,1.0,2.0,0.0,4.0,2.0,3.0,1.0,3.0,4761.0,2.0,3.0,1.0,0.0,88.0,0.0,2.0,0.0,2.0,2.0,2.0,2.0,0.0,6.0,11.0,0.0,0.0,0.0,0.0,0.0,0.0,0.0,0.0,0.0,0.0,0.0,0.0,0.0,0.0,0.0,0.0,0.0,0.0,33.0,0
8.0,2.0,67.0,5.0,1.0,1.0,2.0,0.0,6.0,1.0,3.0,1.0,6.0,4489.0,2.0,3.0,1.0,0.0,88.0,0.0,2.0,0.0,2.0,2.0,2.0,2.0,0.0,5.0,11.0,0.0,0.0,0.0,0.0,0.0,0.0,0.0,0.0,0.0,0.0,0.0,0.0,0.0,0.0,0.0,0.0,0.0,0.0,33.0,0
3.0,2.0,34.0,5.0,4.0,1.0,2.0,0.0,4.0,1.0,1.0,1.0,4.0,1156.0,2.0,3.0,1.0,0.0,84.0,0.0,2.0,0.0,2.0,2.0,2.0,2.0,0.0,5.0,11.0,0.0,0.0,0.0,0.0,0.0,0.0,0.0,0.0,0.0,0.0,0.0,0.0,0.0,0.0,0.0,0.0,0.0,0.0,33.0,0
3.0,2.0,39.0,5.0,1.0,1.0,1.0,1.0,4.0,2.0,1.0,1.0,3.0,1521.0,3.0,2.0,1.0,0.0,44.0,0.0,2.0,0.0,2.0,2.0,2.0,2.0,0.0,8.0,11.0,6.0,2.0,0.0,0.0,2.0,2.0,2.0,2.0,5.0,1.0,1.0,1.0,1.0,0.0,1.0,0.0,1.0,1.0,32.0,0
2.0,1.0,38.0,2.0,1.0,1.0,2.0,0.0,7.0,1.0,1.0,1.0,6.0,1444.0,3.0,2.0,1.0,0.0,40.0,0.0,9.0,0.0,9.0,9.0,2.0,2.0,0.0,99.0,11.0,9.0,9.0,9.0,4.0,9.0,9.0,9.0,9.0,0.0,9.0,9.0,9.0,9.0,0.0,1.0,0.0,9.0,9.0,32.0,0
1.0,2.0,36.0,2.0,1.0,1.0,2.0,0.0,7.0,1.0,1.0,1.0,6.0,1296.0,3.0,2.0,1.0,0.0,35.0,0.0,2.0,0.0,2.0,2.0,1.0,2.0,0.0,99.0,11.0,6.0,2.0,0.0,0.0,2.0,2.0,2.0,2.0,5.0,1.0,1.0,1.0,1.0,0.0,1.0,0.0,1.0,1.0,32.0,0
3.0,1.0,29.0,5.0,1.0,1.0,2.0,0.0,4.0,2.0,1.0,1.0,3.0,841.0,3.0,3.0,1.0,0.0,48.0,0.0,2.0,0.0,2.0,2.0,2.0,2.0,0.0,99.0,11.0,5.0,2.0,0.0,0.0,1.0,2.0,2.0,2.0,0.0,1.0,1.0,1.0,1.0,0.0,1.0,0.0,3.0,1.0,33.0,0
3.0,1.0,26.0,5.0,4.0,1.0,1.0,1.0,7.0,2.0,1.0,1.0,5.0,676.0,3.0,1.0,2.0,2.0,4.0,4.0,1.0,1.0,2.0,2.0,2.0,2.0,0.0,99.0,11.0,5.0,2.0,0.0,0.0,1.0,2.0,2.0,2.0,0.0,2.0,2.0,2.0,2.0,5.0,2.0,2.0,1.0,4.0,33.0,1
3.0,2.0,23.0,5.0,1.0,1.0,1.0,1.0,7.0,2.0,1.0,1.0,5.0,529.0,3.0,1.0,1.0,0.0,25.0,0.0,1.0,1.0,2.0,2.0,2.0,2.0,0.0,6.0,11.0,5.0,2.0,0.0,0.0,2.0,2.0,2.0,2.0,5.0,1.0,1.0,2.0,2.0,0.0,2.0,2.0,1.0,4.0,33.0,1
1.0,1.0,37.0,5.0,1.0,1.0,2.0,0.0,7.0,2.0,1.0,1.0,5.0,1369.0,3.0,2.0,2.0,2.0,9.0,20.0,2.0,0.0,2.0,2.0,2.0,2.0,0.0,9.0,11.0,5.0,2.0,0.0,0.0,2.0,2.0,2.0,2.0,5.0,1.0,1.0,1.0,1.0,0.0,1.0,0.0,1.0,1.0,33.0,0
3.0,1.0,41.0,5.0,1.0,1.0,2.0,0.0,2.0,1.0,1.0,1.0,2.0,1681.0,3.0,2.0,1.0,0.0,40.0,0.0,1.0,1.0,1.0,2.0,2.0,2.0,0.0,4.0,11.0,5.0,2.0,0.0,0.0,1.0,2.0,2.0,2.0,0.0,1.0,1.0,1.0,1.0,0.0,1.0,0.0,1.0,1.0,33.0,0
3.0,1.0,36.0,5.0,4.0,1.0,2.0,0.0,4.0,1.0,1.0,1.0,4.0,1296.0,3.0,2.0,1.0,0.0,16.0,0.0,1.0,3.0,1.0,1.0,2.0,2.0,0.0,4.0,8.0,2.0,1.0,3.0,4.0,2.0,2.0,2.0,2.0,5.0,2.0,2.0,2.0,2.0,5.0,2.0,2.0,1.0,4.0,32.0,1
1.0,1.0,42.0,1.0,4.0,1.0,2.0,0.0,4.0,2.0,3.0,1.0,3.0,1764.0,2.0,1.0,1.0,0.0,18.0,0.0,1.0,1.0,1.0,2.0,2.0,2.0,0.0,1.0,8.0,0.0,0.0,0.0,0.0,0.0,0.0,0.0,0.0,0.0,0.0,0.0,0.0,0.0,0.0,0.0,0.0,0.0,0.0,32.0,0
1.0,2.0,45.0,2.0,1.0,1.0,2.0,0.0,6.0,1.0,1.0,1.0,6.0,2025.0,3.0,3.0,1.0,0.0,54.0,0.0,2.0,0.0,2.0,2.0,2.0,2.0,0.0,12.0,11.0,6.0,2.0,0.0,0.0,2.0,2.0,2.0,2.0,5.0,1.0,1.0,1.0,1.0,0.0,1.0,0.0,1.0,1.0,32.0,0
1.0,1.0,58.0,1.0,12.0,1.0,2.0,0.0,7.0,2.0,1.0,1.0,5.0,3364.0,3.0,3.0,2.0,2.0,40.0,10.0,2.0,0.0,2.0,2.0,2.0,2.0,0.0,7.0,11.0,6.0,2.0,0.0,0.0,2.0,2.0,2.0,2.0,5.0,1.0,1.0,1.0,1.0,0.0,1.0,0.0,1.0,1.0,32.0,0
2.0,2.0,47.0,1.0,1.0,1.0,1.0,1.0,7.0,2.0,1.0,1.0,5.0,2209.0,3.0,2.0,1.0,0.0,30.0,0.0,2.0,0.0,2.0,2.0,1.0,2.0,0.0,99.0,11.0,6.0,2.0,0.0,0.0,2.0,2.0,2.0,2.0,5.0,1.0,1.0,1.0,1.0,0.0,1.0,0.0,1.0,1.0,32.0,0
1.0,1.0,43.0,5.0,4.0,1.0,2.0,0.0,4.0,1.0,1.0,1.0,4.0,1849.0,3.0,4.0,0.0,0.0,0.0,0.0,2.0,0.0,2.0,2.0,2.0,2.0,0.0,99.0,11.0,5.0,2.0,0.0,0.0,2.0,2.0,2.0,2.0,5.0,2.0,2.0,2.0,2.0,5.0,2.0,2.0,1.0,4.0,32.0,1
1.0,1.0,49.0,2.0,1.0,1.0,2.0,0.0,7.0,1.0,1.0,1.0,6.0,2401.0,2.0,3.0,1.0,0.0,60.0,0.0,2.0,0.0,2.0,2.0,2.0,2.0,0.0,1.0,11.0,0.0,0.0,0.0,0.0,0.0,0.0,0.0,0.0,0.0,0.0,0.0,0.0,0.0,0.0,0.0,0.0,0.0,0.0,32.0,0
1.0,2.0,61.0,3.0,1.0,1.0,2.0,0.0,4.0,1.0,1.0,1.0,4.0,3721.0,3.0,2.0,1.0,0.0,40.0,0.0,2.0,0.0,2.0,2.0,1.0,2.0,0.0,99.0,11.0,6.0,2.0,0.0,0.0,2.0,2.0,2.0,2.0,5.0,1.0,1.0,1.0,1.0,0.0,1.0,0.0,1.0,1.0,33.0,0
3.0,1.0,32.0,5.0,1.0,1.0,2.0,0.0,4.0,1.0,1.0,1.0,4.0,1024.0,3.0,2.0,1.0,0.0,40.0,0.0,2.0,0.0,2.0,1.0,2.0,2.0,0.0,4.0,11.0,4.0,1.0,1.0,4.0,1.0,2.0,2.0,2.0,0.0,2.0,2.0,2.0,2.0,5.0,2.0,2.0,1.0,4.0,33.0,1
1.0,1.0,75.0,2.0,1.0,1.0,2.0,0.0,7.0,1.0,1.0,1.0,6.0,5625.0,2.0,2.0,1.0,0.0,30.0,0.0,2.0,0.0,2.0,2.0,2.0,2.0,0.0,1.0,6.0,0.0,0.0,0.0,0.0,0.0,0.0,0.0,0.0,0.0,0.0,0.0,0.0,0.0,0.0,0.0,0.0,0.0,0.0,32.0,0
3.0,1.0,40.0,5.0,1.0,1.0,2.0,0.0,4.0,1.0,1.0,1.0,4.0,1600.0,3.0,2.0,1.0,0.0,30.0,0.0,2.0,0.0,2.0,2.0,2.0,2.0,0.0,99.0,11.0,5.0,2.0,0.0,0.0,2.0,2.0,2.0,2.0,5.0,1.0,2.0,1.0,2.0,0.0,2.0,2.0,1.0,4.0,32.0,1
1.0,2.0,45.0,5.0,1.0,1.0,2.0,0.0,8.0,2.0,1.0,1.0,6.0,2025.0,3.0,3.0,1.0,0.0,48.0,0.0,2.0,0.0,2.0,2.0,2.0,2.0,0.0,12.0,11.0,5.0,2.0,0.0,0.0,2.0,2.0,2.0,1.0,0.0,1.0,1.0,1.0,1.0,0.0,1.0,0.0,2.0,1.0,32.0,0
2.0,1.0,25.0,1.0,1.0,1.0,2.0,0.0,4.0,1.0,1.0,1.0,4.0,625.0,3.0,3.0,1.0,0.0,50.0,0.0,2.0,0.0,2.0,2.0,2.0,2.0,0.0,99.0,4.0,5.0,9.0,9.0,4.0,2.0,2.0,2.0,2.0,5.0,1.0,1.0,1.0,1.0,0.0,1.0,0.0,1.0,1.0,33.0,0
1.0,1.0,51.0,1.0,1.0,1.0,2.0,0.0,7.0,1.0,4.0,1.0,6.0,2601.0,3.0,3.0,1.0,0.0,50.0,0.0,2.0,0.0,2.0,2.0,2.0,2.0,0.0,9.0,11.0,6.0,2.0,0.0,0.0,2.0,2.0,2.0,2.0,5.0,1.0,1.0,1.0,1.0,0.0,1.0,0.0,1.0,1.0,33.0,0
2.0,2.0,50.0,1.0,1.0,1.0,2.0,0.0,4.0,2.0,1.0,1.0,3.0,2500.0,3.0,2.0,1.0,0.0,40.0,0.0,2.0,0.0,2.0,2.0,2.0,2.0,0.0,99.0,11.0,5.0,2.0,0.0,0.0,2.0,2.0,2.0,2.0,5.0,2.0,2.0,2.0,2.0,5.0,2.0,2.0,1.0,4.0,33.0,1
1.0,1.0,52.0,2.0,1.0,1.0,2.0,0.0,4.0,1.0,2.0,1.0,4.0,2704.0,3.0,2.0,1.0,0.0,40.0,0.0,2.0,0.0,2.0,2.0,2.0,2.0,0.0,3.0,11.0,6.0,2.0,0.0,0.0,2.0,1.0,2.0,2.0,0.0,1.0,1.0,1.0,1.0,0.0,1.0,0.0,1.0,1.0,32.0,0
3.0,1.0,22.0,5.0,1.0,1.0,2.0,0.0,4.0,1.0,3.0,1.0,4.0,484.0,3.0,2.0,1.0,0.0,40.0,0.0,2.0,0.0,2.0,2.0,2.0,2.0,0.0,7.0,8.0,5.0,2.0,0.0,0.0,2.0,2.0,2.0,2.0,5.0,1.0,1.0,1.0,1.0,0.0,1.0,0.0,1.0,1.0,32.0,0
2.0,2.0,57.0,2.0,1.0,1.0,2.0,0.0,7.0,2.0,1.0,1.0,5.0,3249.0,3.0,3.0,1.0,0.0,60.0,0.0,2.0,0.0,2.0,2.0,2.0,2.0,0.0,6.0,11.0,5.0,2.0,0.0,0.0,2.0,2.0,2.0,2.0,5.0,1.0,1.0,1.0,1.0,0.0,1.0,0.0,1.0,1.0,32.0,0
3.0,1.0,32.0,5.0,1.0,1.0,1.0,2.0,6.0,2.0,1.0,1.0,5.0,1024.0,3.0,2.0,1.0,0.0,35.0,0.0,2.0,0.0,2.0,2.0,2.0,2.0,0.0,5.0,11.0,6.0,2.0,0.0,0.0,2.0,2.0,2.0,2.0,5.0,1.0,1.0,1.0,1.0,0.0,1.0,0.0,1.0,1.0,32.0,0
3.0,1.0,26.0,5.0,1.0,1.0,1.0,1.0,7.0,2.0,1.0,1.0,5.0,676.0,3.0,2.0,1.0,0.0,36.0,0.0,2.0,0.0,2.0,2.0,2.0,2.0,0.0,99.0,10.0,9.0,9.0,9.0,4.0,2.0,2.0,2.0,2.0,5.0,2.0,2.0,1.0,2.0,0.0,2.0,2.0,9.0,9.0,32.0,1
3.0,1.0,19.0,5.0,1.0,1.0,1.0,1.0,7.0,2.0,1.0,1.0,5.0,361.0,3.0,2.0,1.0,0.0,30.0,0.0,2.0,0.0,2.0,2.0,2.0,2.0,0.0,7.0,11.0,5.0,2.0,0.0,0.0,2.0,2.0,2.0,2.0,5.0,2.0,2.0,2.0,2.0,5.0,2.0,2.0,1.0,4.0,32.0,1
3.0,1.0,37.0,5.0,1.0,1.0,2.0,0.0,4.0,1.0,4.0,1.0,4.0,1369.0,3.0,2.0,1.0,0.0,45.0,0.0,2.0,0.0,2.0,2.0,2.0,2.0,0.0,9.0,11.0,6.0,2.0,0.0,0.0,2.0,2.0,2.0,2.0,5.0,1.0,1.0,1.0,1.0,0.0,1.0,0.0,1.0,1.0,33.0,0
3.0,1.0,35.0,5.0,1.0,1.0,2.0,0.0,4.0,1.0,4.0,1.0,4.0,1225.0,3.0,3.0,1.0,0.0,48.0,0.0,2.0,0.0,2.0,2.0,2.0,2.0,0.0,99.0,11.0,6.0,2.0,0.0,0.0,1.0,2.0,2.0,2.0,0.0,1.0,1.0,1.0,1.0,0.0,1.0,0.0,1.0,1.0,33.0,0
1.0,1.0,45.0,1.0,4.0,1.0,2.0,0.0,2.0,1.0,4.0,1.0,2.0,2025.0,3.0,3.0,1.0,0.0,65.0,0.0,2.0,0.0,2.0,2.0,2.0,2.0,0.0,4.0,11.0,6.0,2.0,0.0,0.0,2.0,2.0,2.0,2.0,5.0,2.0,2.0,2.0,2.0,5.0,2.0,2.0,1.0,4.0,33.0,1
2.0,2.0,43.0,1.0,4.0,1.0,2.0,0.0,4.0,2.0,4.0,1.0,3.0,1849.0,3.0,3.0,1.0,0.0,65.0,0.0,2.0,0.0,2.0,2.0,2.0,2.0,0.0,4.0,11.0,6.0,2.0,0.0,0.0,2.0,2.0,2.0,2.0,5.0,2.0,2.0,2.0,2.0,5.0,2.0,2.0,1.0,4.0,33.0,1
1.0,1.0,28.0,5.0,4.0,1.0,2.0,0.0,4.0,1.0,1.0,1.0,4.0,784.0,3.0,3.0,1.0,0.0,70.0,0.0,2.0,0.0,2.0,2.0,2.0,2.0,0.0,12.0,4.0,5.0,2.0,0.0,0.0,2.0,2.0,2.0,2.0,5.0,2.0,2.0,2.0,2.0,5.0,2.0,2.0,3.0,4.0,32.0,1
1.0,1.0,51.0,2.0,1.0,1.0,2.0,0.0,8.0,1.0,5.0,1.0,6.0,2601.0,3.0,2.0,1.0,0.0,43.0,0.0,2.0,0.0,2.0,2.0,2.0,2.0,0.0,99.0,11.0,6.0,2.0,0.0,0.0,2.0,2.0,2.0,1.0,0.0,1.0,1.0,1.0,1.0,0.0,1.0,0.0,1.0,1.0,32.0,0
2.0,2.0,50.0,2.0,1.0,1.0,2.0,0.0,7.0,1.0,1.0,1.0,6.0,2500.0,3.0,2.0,1.0,0.0,28.0,0.0,2.0,0.0,2.0,2.0,1.0,2.0,0.0,12.0,11.0,6.0,2.0,0.0,0.0,2.0,2.0,2.0,2.0,5.0,1.0,1.0,1.0,1.0,0.0,1.0,0.0,1.0,1.0,32.0,0
1.0,1.0,74.0,2.0,1.0,1.0,2.0,0.0,7.0,1.0,5.0,1.0,6.0,5476.0,3.0,2.0,1.0,0.0,30.0,0.0,2.0,0.0,2.0,2.0,2.0,2.0,0.0,8.0,12.0,6.0,2.0,0.0,0.0,2.0,2.0,2.0,2.0,5.0,2.0,2.0,2.0,2.0,5.0,2.0,1.0,1.0,1.0,32.0,1
2.0,2.0,66.0,2.0,1.0,1.0,2.0,0.0,7.0,1.0,1.0,1.0,6.0,4356.0,2.0,2.0,1.0,0.0,30.0,0.0,2.0,0.0,2.0,2.0,2.0,2.0,0.0,1.0,12.0,0.0,0.0,0.0,0.0,0.0,0.0,0.0,0.0,0.0,0.0,0.0,0.0,0.0,0.0,0.0,0.0,0.0,0.0,32.0,0
1.0,1.0,60.0,1.0,1.0,1.0,2.0,0.0,2.0,1.0,3.0,1.0,2.0,3600.0,2.0,2.0,1.0,0.0,40.0,0.0,2.0,0.0,2.0,2.0,2.0,2.0,0.0,1.0,8.0,0.0,0.0,0.0,0.0,0.0,0.0,0.0,0.0,0.0,0.0,0.0,0.0,0.0,0.0,0.0,0.0,0.0,0.0,33.0,0
1.0,1.0,24.0,1.0,1.0,1.0,2.0,0.0,2.0,1.0,1.0,1.0,2.0,576.0,3.0,3.0,2.0,2.0,50.0,16.0,2.0,0.0,2.0,2.0,2.0,2.0,0.0,4.0,11.0,5.0,2.0,0.0,0.0,2.0,2.0,2.0,2.0,5.0,1.0,1.0,1.0,1.0,0.0,1.0,0.0,1.0,1.0,33.0,0
2.0,2.0,24.0,1.0,4.0,1.0,2.0,0.0,4.0,1.0,1.0,1.0,4.0,576.0,2.0,2.0,1.0,0.0,24.0,0.0,2.0,0.0,2.0,2.0,2.0,2.0,0.0,1.0,9.0,0.0,0.0,0.0,0.0,0.0,0.0,0.0,0.0,0.0,0.0,0.0,0.0,0.0,0.0,0.0,0.0,0.0,0.0,33.0,0
1.0,1.0,33.0,5.0,12.0,1.0,1.0,2.0,7.0,2.0,1.0,1.0,5.0,1089.0,3.0,2.0,1.0,0.0,45.0,0.0,2.0,0.0,2.0,2.0,2.0,2.0,0.0,12.0,11.0,5.0,2.0,0.0,0.0,1.0,2.0,2.0,2.0,0.0,1.0,1.0,1.0,1.0,0.0,1.0,0.0,1.0,1.0,33.0,0
1.0,1.0,57.0,2.0,1.0,1.0,2.0,0.0,7.0,1.0,1.0,1.0,6.0,3249.0,3.0,3.0,1.0,0.0,51.0,0.0,2.0,0.0,1.0,2.0,2.0,2.0,0.0,6.0,11.0,6.0,2.0,0.0,0.0,2.0,2.0,2.0,1.0,0.0,1.0,1.0,1.0,1.0,0.0,1.0,0.0,1.0,1.0,33.0,0
2.0,2.0,48.0,2.0,1.0,1.0,2.0,0.0,4.0,1.0,4.0,1.0,4.0,2304.0,3.0,2.0,1.0,0.0,28.0,0.0,2.0,0.0,1.0,2.0,2.0,2.0,0.0,7.0,6.0,5.0,1.0,1.0,4.0,2.0,2.0,2.0,2.0,5.0,2.0,2.0,2.0,2.0,5.0,2.0,2.0,1.0,4.0,33.0,1
3.0,2.0,20.0,5.0,1.0,1.0,1.0,1.0,7.0,2.0,1.0,1.0,5.0,400.0,3.0,2.0,1.0,0.0,20.0,0.0,2.0,0.0,2.0,1.0,2.0,2.0,0.0,9.0,6.0,3.0,1.0,9.0,3.0,2.0,2.0,2.0,2.0,5.0,2.0,2.0,2.0,2.0,5.0,2.0,2.0,1.0,5.0,33.0,1
1.0,2.0,44.0,5.0,1.0,1.0,2.0,0.0,6.0,1.0,1.0,3.0,6.0,1936.0,3.0,1.0,1.0,0.0,30.0,0.0,1.0,1.0,1.0,1.0,1.0,2.0,0.0,12.0,11.0,5.0,2.0,0.0,0.0,2.0,2.0,2.0,2.0,5.0,1.0,1.0,1.0,1.0,0.0,1.0,0.0,3.0,1.0,32.0,0
3.0,1.0,25.0,5.0,1.0,1.0,1.0,1.0,7.0,2.0,1.0,1.0,5.0,625.0,3.0,2.0,1.0,0.0,30.0,0.0,2.0,0.0,2.0,2.0,2.0,2.0,0.0,2.0,6.0,5.0,2.0,0.0,0.0,2.0,2.0,2.0,2.0,5.0,2.0,2.0,2.0,2.0,5.0,2.0,2.0,1.0,3.0,33.0,1
1.0,1.0,67.0,2.0,1.0,1.0,2.0,0.0,2.0,1.0,1.0,1.0,2.0,4489.0,3.0,4.0,0.0,0.0,0.0,0.0,2.0,0.0,2.0,2.0,2.0,2.0,0.0,11.0,4.0,6.0,2.0,0.0,0.0,2.0,2.0,2.0,2.0,5.0,1.0,1.0,1.0,1.0,0.0,1.0,0.0,2.0,1.0,33.0,0
2.0,2.0,74.0,2.0,1.0,1.0,2.0,0.0,4.0,1.0,3.0,1.0,4.0,5476.0,2.0,2.0,1.0,0.0,20.0,0.0,2.0,0.0,2.0,2.0,2.0,2.0,0.0,1.0,9.0,0.0,0.0,0.0,0.0,0.0,0.0,0.0,0.0,0.0,0.0,0.0,0.0,0.0,0.0,0.0,0.0,0.0,0.0,33.0,0
2.0,1.0,26.0,1.0,1.0,1.0,2.0,0.0,4.0,2.0,1.0,1.0,3.0,676.0,3.0,2.0,2.0,2.0,30.0,0.0,1.0,1.0,1.0,1.0,1.0,2.0,0.0,99.0,9.0,6.0,2.0,0.0,0.0,2.0,2.0,2.0,2.0,5.0,1.0,1.0,1.0,1.0,0.0,1.0,0.0,1.0,1.0,33.0,0
1.0,1.0,57.0,2.0,1.0,1.0,2.0,0.0,4.0,1.0,1.0,1.0,4.0,3249.0,3.0,3.0,2.0,2.0,40.0,6.0,2.0,0.0,2.0,2.0,1.0,2.0,0.0,99.0,11.0,6.0,2.0,0.0,0.0,2.0,2.0,2.0,2.0,5.0,1.0,1.0,1.0,1.0,0.0,1.0,0.0,1.0,1.0,32.0,0
3.0,1.0,25.0,2.0,1.0,1.0,1.0,2.0,7.0,2.0,1.0,1.0,5.0,625.0,3.0,2.0,1.0,0.0,35.0,0.0,2.0,0.0,2.0,2.0,2.0,2.0,0.0,99.0,4.0,5.0,2.0,0.0,0.0,2.0,2.0,2.0,2.0,5.0,2.0,2.0,2.0,1.0,0.0,2.0,2.0,1.0,4.0,32.0,1
3.0,2.0,22.0,5.0,1.0,1.0,1.0,2.0,7.0,2.0,1.0,1.0,5.0,484.0,3.0,2.0,1.0,0.0,30.0,0.0,2.0,0.0,2.0,2.0,2.0,2.0,0.0,99.0,11.0,5.0,2.0,0.0,0.0,2.0,2.0,2.0,2.0,5.0,1.0,1.0,1.0,1.0,0.0,1.0,0.0,1.0,1.0,32.0,0
2.0,2.0,55.0,2.0,1.0,1.0,2.0,0.0,6.0,1.0,1.0,1.0,6.0,3025.0,3.0,3.0,2.0,2.0,36.0,18.0,2.0,0.0,2.0,2.0,1.0,2.0,0.0,99.0,11.0,6.0,2.0,0.0,0.0,2.0,2.0,2.0,2.0,5.0,1.0,1.0,1.0,1.0,0.0,1.0,0.0,1.0,1.0,32.0,0
1.0,1.0,29.0,1.0,1.0,1.0,2.0,0.0,4.0,2.0,1.0,1.0,3.0,841.0,3.0,3.0,1.0,0.0,63.0,0.0,2.0,0.0,2.0,2.0,2.0,2.0,0.0,7.0,11.0,5.0,2.0,0.0,0.0,2.0,2.0,2.0,2.0,5.0,1.0,1.0,1.0,1.0,0.0,1.0,0.0,1.0,1.0,33.0,0
1.0,2.0,51.0,5.0,1.0,1.0,2.0,0.0,7.0,2.0,1.0,1.0,5.0,2601.0,3.0,2.0,1.0,0.0,45.0,0.0,2.0,0.0,2.0,2.0,2.0,2.0,0.0,9.0,11.0,6.0,2.0,0.0,0.0,2.0,2.0,2.0,2.0,5.0,1.0,1.0,1.0,1.0,0.0,1.0,0.0,1.0,1.0,33.0,0
2.0,1.0,56.0,2.0,2.0,1.0,2.0,0.0,6.0,2.0,1.0,1.0,5.0,3136.0,2.0,2.0,1.0,0.0,20.0,0.0,2.0,0.0,2.0,2.0,2.0,2.0,0.0,1.0,8.0,0.0,0.0,0.0,0.0,0.0,0.0,0.0,0.0,0.0,0.0,0.0,0.0,0.0,0.0,0.0,0.0,0.0,0.0,33.0,0
1.0,2.0,47.0,2.0,1.0,1.0,2.0,0.0,7.0,1.0,1.0,1.0,6.0,2209.0,3.0,3.0,1.0,0.0,50.0,0.0,2.0,0.0,2.0,2.0,2.0,2.0,0.0,12.0,11.0,6.0,2.0,0.0,0.0,2.0,2.0,2.0,2.0,5.0,1.0,1.0,1.0,1.0,0.0,1.0,0.0,1.0,1.0,33.0,0
2.0,1.0,48.0,2.0,1.0,1.0,2.0,0.0,7.0,2.0,1.0,1.0,5.0,2304.0,3.0,2.0,1.0,0.0,45.0,0.0,2.0,0.0,2.0,2.0,2.0,2.0,0.0,8.0,11.0,2.0,2.0,0.0,0.0,2.0,2.0,2.0,2.0,5.0,2.0,2.0,2.0,2.0,5.0,2.0,2.0,1.0,3.0,33.0,1
1.0,1.0,65.0,2.0,1.0,1.0,2.0,0.0,7.0,1.0,1.0,1.0,6.0,4225.0,3.0,2.0,1.0,0.0,40.0,0.0,2.0,0.0,2.0,2.0,2.0,2.0,0.0,9.0,11.0,6.0,2.0,0.0,0.0,2.0,2.0,2.0,1.0,0.0,1.0,1.0,1.0,1.0,0.0,1.0,0.0,1.0,1.0,33.0,0
2.0,2.0,67.0,2.0,1.0,1.0,2.0,0.0,8.0,1.0,1.0,1.0,6.0,4489.0,3.0,2.0,1.0,0.0,40.0,0.0,2.0,0.0,2.0,2.0,2.0,2.0,0.0,11.0,11.0,6.0,2.0,0.0,0.0,2.0,2.0,2.0,1.0,0.0,1.0,1.0,1.0,1.0,0.0,1.0,0.0,1.0,1.0,33.0,0
1.0,1.0,30.0,5.0,2.0,1.0,1.0,1.0,7.0,2.0,1.0,1.0,5.0,900.0,3.0,4.0,0.0,0.0,0.0,0.0,2.0,0.0,2.0,2.0,2.0,2.0,0.0,8.0,11.0,6.0,2.0,0.0,0.0,2.0,2.0,2.0,2.0,5.0,1.0,1.0,1.0,1.0,0.0,1.0,0.0,1.0,1.0,33.0,0
1.0,1.0,64.0,2.0,2.0,1.0,2.0,0.0,8.0,1.0,2.0,1.0,6.0,4096.0,3.0,2.0,2.0,2.0,40.0,4.0,2.0,0.0,2.0,2.0,1.0,2.0,0.0,4.0,12.0,6.0,2.0,0.0,0.0,2.0,2.0,2.0,2.0,5.0,1.0,1.0,1.0,1.0,0.0,1.0,0.0,1.0,1.0,33.0,0
2.0,2.0,61.0,2.0,2.0,1.0,2.0,0.0,7.0,1.0,2.0,1.0,6.0,3721.0,2.0,3.0,1.0,0.0,70.0,0.0,2.0,0.0,2.0,2.0,2.0,2.0,0.0,1.0,11.0,0.0,0.0,0.0,0.0,0.0,0.0,0.0,0.0,0.0,0.0,0.0,0.0,0.0,0.0,0.0,0.0,0.0,0.0,33.0,0
1.0,1.0,63.0,2.0,2.0,1.0,2.0,0.0,7.0,1.0,1.0,1.0,6.0,3969.0,1.0,3.0,1.0,0.0,60.0,0.0,2.0,0.0,2.0,2.0,2.0,2.0,0.0,5.0,11.0,0.0,0.0,0.0,0.0,0.0,0.0,0.0,0.0,0.0,0.0,0.0,0.0,0.0,0.0,0.0,0.0,0.0,0.0,33.0,0
1.0,2.0,36.0,5.0,1.0,1.0,1.0,1.0,7.0,2.0,1.0,1.0,5.0,1296.0,3.0,2.0,1.0,0.0,40.0,0.0,2.0,0.0,2.0,2.0,1.0,2.0,0.0,8.0,11.0,5.0,2.0,0.0,0.0,2.0,2.0,2.0,2.0,5.0,1.0,1.0,1.0,1.0,0.0,1.0,0.0,1.0,1.0,33.0,0
8.0,2.0,37.0,5.0,1.0,1.0,1.0,1.0,7.0,2.0,4.0,1.0,5.0,1369.0,3.0,2.0,1.0,0.0,30.0,0.0,2.0,0.0,2.0,2.0,2.0,2.0,0.0,99.0,11.0,6.0,2.0,0.0,0.0,2.0,2.0,2.0,2.0,5.0,1.0,1.0,1.0,1.0,0.0,1.0,0.0,1.0,1.0,33.0,0
9.0,2.0,19.0,5.0,1.0,1.0,2.0,0.0,4.0,1.0,1.0,1.0,4.0,361.0,3.0,3.0,1.0,0.0,48.0,0.0,2.0,0.0,2.0,2.0,2.0,2.0,0.0,99.0,11.0,5.0,2.0,0.0,0.0,2.0,2.0,2.0,2.0,5.0,1.0,1.0,1.0,1.0,0.0,1.0,0.0,1.0,1.0,33.0,0
1.0,1.0,38.0,5.0,4.0,1.0,2.0,0.0,4.0,1.0,1.0,1.0,4.0,1444.0,3.0,2.0,1.0,0.0,40.0,0.0,2.0,0.0,2.0,2.0,2.0,2.0,0.0,99.0,11.0,5.0,2.0,0.0,0.0,2.0,2.0,2.0,2.0,5.0,2.0,2.0,2.0,2.0,5.0,2.0,2.0,1.0,4.0,33.0,1
1.0,1.0,50.0,2.0,1.0,1.0,2.0,0.0,2.0,1.0,1.0,1.0,2.0,2500.0,3.0,2.0,1.0,0.0,32.0,0.0,2.0,0.0,2.0,2.0,2.0,2.0,0.0,99.0,11.0,6.0,2.0,0.0,0.0,2.0,2.0,2.0,2.0,5.0,1.0,1.0,1.0,1.0,0.0,1.0,0.0,3.0,1.0,33.0,0
8.0,1.0,23.0,5.0,1.0,1.0,2.0,0.0,2.0,1.0,1.0,1.0,2.0,529.0,3.0,2.0,1.0,0.0,24.0,0.0,2.0,0.0,2.0,2.0,2.0,2.0,0.0,99.0,11.0,6.0,1.0,5.0,4.0,1.0,2.0,2.0,2.0,0.0,1.0,2.0,2.0,1.0,0.0,2.0,1.0,1.0,3.0,33.0,1
8.0,2.0,20.0,5.0,1.0,1.0,2.0,0.0,2.0,1.0,1.0,1.0,2.0,400.0,3.0,3.0,1.0,0.0,48.0,0.0,2.0,0.0,2.0,2.0,2.0,2.0,0.0,6.0,11.0,3.0,2.0,0.0,0.0,2.0,2.0,2.0,2.0,5.0,1.0,1.0,1.0,1.0,0.0,1.0,0.0,2.0,1.0,33.0,0
1.0,2.0,33.0,1.0,4.0,1.0,2.0,0.0,7.0,1.0,5.0,5.0,6.0,1089.0,3.0,2.0,1.0,0.0,30.0,0.0,2.0,0.0,2.0,2.0,2.0,2.0,0.0,2.0,11.0,4.0,2.0,0.0,0.0,2.0,2.0,2.0,2.0,5.0,2.0,2.0,2.0,2.0,5.0,2.0,2.0,1.0,1.0,33.0,1
2.0,1.0,35.0,1.0,1.0,1.0,2.0,0.0,4.0,1.0,5.0,5.0,4.0,1225.0,3.0,2.0,1.0,0.0,40.0,0.0,2.0,0.0,2.0,2.0,2.0,2.0,0.0,3.0,11.0,5.0,2.0,0.0,0.0,2.0,2.0,2.0,2.0,5.0,2.0,2.0,2.0,2.0,5.0,2.0,1.0,1.0,1.0,33.0,1
1.0,1.0,61.0,2.0,1.0,1.0,2.0,0.0,4.0,1.0,1.0,1.0,4.0,3721.0,3.0,4.0,0.0,0.0,0.0,0.0,2.0,0.0,2.0,2.0,1.0,2.0,0.0,11.0,11.0,5.0,2.0,0.0,0.0,2.0,2.0,2.0,2.0,5.0,1.0,1.0,1.0,1.0,0.0,1.0,0.0,1.0,1.0,32.0,0
3.0,1.0,22.0,5.0,1.0,1.0,2.0,0.0,4.0,1.0,1.0,1.0,4.0,484.0,3.0,3.0,1.0,0.0,50.0,0.0,2.0,0.0,2.0,2.0,2.0,2.0,0.0,99.0,11.0,5.0,2.0,0.0,0.0,2.0,2.0,2.0,2.0,5.0,1.0,1.0,1.0,1.0,0.0,1.0,0.0,1.0,1.0,32.0,0
1.0,2.0,46.0,3.0,1.0,1.0,2.0,0.0,4.0,1.0,3.0,1.0,4.0,2116.0,3.0,2.0,2.0,3.0,24.0,20.0,2.0,0.0,2.0,2.0,2.0,2.0,0.0,11.0,11.0,6.0,2.0,0.0,0.0,2.0,2.0,2.0,2.0,5.0,1.0,1.0,1.0,1.0,0.0,1.0,0.0,1.0,1.0,32.0,0
1.0,2.0,37.0,2.0,1.0,1.0,2.0,0.0,7.0,1.0,1.0,1.0,6.0,1369.0,3.0,2.0,1.0,0.0,40.0,0.0,2.0,0.0,2.0,2.0,2.0,2.0,0.0,12.0,6.0,5.0,2.0,0.0,0.0,2.0,2.0,2.0,1.0,0.0,1.0,1.0,1.0,1.0,0.0,1.0,0.0,1.0,1.0,32.0,0
2.0,1.0,38.0,2.0,1.0,1.0,2.0,0.0,7.0,2.0,1.0,1.0,5.0,1444.0,3.0,2.0,1.0,0.0,40.0,0.0,2.0,0.0,2.0,2.0,2.0,2.0,0.0,3.0,6.0,4.0,2.0,0.0,0.0,2.0,2.0,2.0,2.0,5.0,1.0,1.0,1.0,1.0,0.0,1.0,0.0,1.0,1.0,32.0,0
3.0,2.0,20.0,5.0,1.0,1.0,1.0,1.0,7.0,2.0,1.0,1.0,5.0,400.0,1.0,2.0,1.0,0.0,15.0,0.0,2.0,0.0,2.0,2.0,2.0,2.0,0.0,99.0,11.0,0.0,0.0,0.0,0.0,0.0,0.0,0.0,0.0,0.0,0.0,0.0,0.0,0.0,0.0,0.0,0.0,0.0,0.0,33.0,0
1.0,1.0,61.0,1.0,2.0,1.0,2.0,0.0,6.0,1.0,1.0,1.0,6.0,3721.0,3.0,2.0,1.0,0.0,45.0,0.0,2.0,0.0,2.0,2.0,2.0,2.0,0.0,4.0,11.0,6.0,2.0,0.0,0.0,2.0,2.0,2.0,2.0,5.0,1.0,1.0,1.0,1.0,0.0,1.0,0.0,1.0,1.0,33.0,0
1.0,1.0,26.0,5.0,1.0,1.0,2.0,0.0,4.0,1.0,1.0,1.0,4.0,676.0,3.0,3.0,1.0,0.0,48.0,0.0,2.0,0.0,2.0,2.0,2.0,2.0,0.0,10.0,11.0,5.0,2.0,0.0,0.0,2.0,2.0,2.0,2.0,5.0,1.0,1.0,1.0,1.0,0.0,1.0,0.0,1.0,1.0,33.0,0
2.0,2.0,19.0,5.0,4.0,1.0,2.0,0.0,4.0,1.0,1.0,1.0,4.0,361.0,3.0,2.0,1.0,0.0,35.0,0.0,2.0,0.0,2.0,2.0,2.0,2.0,0.0,5.0,11.0,4.0,2.0,0.0,0.0,1.0,2.0,2.0,2.0,0.0,2.0,2.0,2.0,2.0,5.0,2.0,2.0,1.0,4.0,33.0,1
1.0,1.0,56.0,2.0,1.0,1.0,2.0,0.0,2.0,1.0,1.0,1.0,2.0,3136.0,3.0,2.0,1.0,0.0,40.0,0.0,2.0,0.0,2.0,2.0,2.0,2.0,0.0,99.0,11.0,6.0,2.0,0.0,0.0,2.0,2.0,2.0,2.0,5.0,1.0,1.0,1.0,1.0,0.0,1.0,0.0,1.0,1.0,33.0,0
1.0,2.0,37.0,5.0,4.0,1.0,1.0,1.0,7.0,2.0,4.0,1.0,5.0,1369.0,3.0,2.0,1.0,0.0,24.0,0.0,1.0,3.0,2.0,2.0,2.0,2.0,0.0,2.0,11.0,2.0,2.0,0.0,0.0,2.0,2.0,2.0,1.0,0.0,2.0,2.0,2.0,2.0,5.0,2.0,2.0,1.0,4.0,33.0,1
1.0,2.0,31.0,1.0,1.0,1.0,2.0,0.0,7.0,1.0,2.0,1.0,6.0,961.0,3.0,2.0,2.0,2.0,24.0,9.0,2.0,0.0,2.0,2.0,1.0,2.0,0.0,9.0,11.0,5.0,2.0,0.0,0.0,2.0,2.0,2.0,2.0,5.0,1.0,1.0,1.0,1.0,0.0,1.0,0.0,1.0,1.0,33.0,0
3.0,2.0,28.0,2.0,1.0,1.0,2.0,0.0,6.0,1.0,1.0,1.0,6.0,784.0,3.0,2.0,1.0,0.0,40.0,0.0,2.0,0.0,2.0,2.0,2.0,2.0,0.0,99.0,11.0,2.0,1.0,3.0,4.0,2.0,2.0,2.0,2.0,5.0,1.0,1.0,1.0,1.0,0.0,1.0,0.0,1.0,1.0,32.0,0
10.0,1.0,40.0,5.0,1.0,1.0,2.0,0.0,6.0,1.0,1.0,1.0,6.0,1600.0,3.0,2.0,1.0,0.0,40.0,0.0,2.0,0.0,2.0,2.0,2.0,2.0,0.0,99.0,6.0,5.0,2.0,0.0,0.0,2.0,2.0,2.0,2.0,5.0,1.0,1.0,1.0,1.0,0.0,1.0,0.0,1.0,1.0,32.0,0
3.0,1.0,30.0,5.0,1.0,1.0,2.0,0.0,4.0,1.0,1.0,1.0,4.0,900.0,3.0,3.0,1.0,0.0,48.0,0.0,1.0,1.0,1.0,2.0,2.0,2.0,0.0,99.0,4.0,5.0,2.0,0.0,0.0,2.0,2.0,2.0,2.0,5.0,1.0,1.0,1.0,1.0,0.0,1.0,0.0,1.0,1.0,33.0,0
1.0,1.0,65.0,2.0,1.0,1.0,2.0,0.0,2.0,9.0,2.0,1.0,4.0,4225.0,2.0,1.0,1.0,0.0,8.0,0.0,1.0,1.0,1.0,2.0,2.0,2.0,0.0,3.0,11.0,0.0,0.0,0.0,0.0,0.0,0.0,0.0,0.0,0.0,0.0,0.0,0.0,0.0,0.0,0.0,0.0,0.0,0.0,33.0,0
1.0,2.0,53.0,2.0,1.0,1.0,2.0,0.0,6.0,1.0,3.0,1.0,6.0,2809.0,3.0,2.0,1.0,0.0,40.0,0.0,2.0,0.0,2.0,2.0,1.0,2.0,0.0,99.0,9.0,5.0,2.0,0.0,0.0,2.0,2.0,2.0,2.0,5.0,1.0,1.0,1.0,1.0,0.0,1.0,0.0,1.0,1.0,33.0,0
1.0,1.0,71.0,2.0,1.0,1.0,2.0,0.0,7.0,1.0,1.0,1.0,6.0,5041.0,1.0,2.0,1.0,0.0,20.0,0.0,2.0,0.0,2.0,2.0,2.0,2.0,0.0,6.0,11.0,0.0,0.0,0.0,0.0,0.0,0.0,0.0,0.0,0.0,0.0,0.0,0.0,0.0,0.0,0.0,0.0,0.0,0.0,32.0,0
2.0,1.0,34.0,1.0,2.0,1.0,1.0,2.0,8.0,2.0,1.0,1.0,6.0,1156.0,3.0,2.0,2.0,4.0,4.0,14.0,2.0,0.0,2.0,2.0,2.0,2.0,0.0,9.0,11.0,6.0,2.0,0.0,0.0,2.0,2.0,2.0,2.0,5.0,1.0,1.0,1.0,1.0,0.0,1.0,0.0,1.0,1.0,33.0,0
10.0,2.0,40.0,5.0,1.0,1.0,2.0,0.0,4.0,1.0,3.0,1.0,4.0,1600.0,2.0,3.0,2.0,2.0,30.0,30.0,2.0,0.0,2.0,2.0,2.0,2.0,0.0,1.0,6.0,0.0,0.0,0.0,0.0,0.0,0.0,0.0,0.0,0.0,0.0,0.0,0.0,0.0,0.0,0.0,0.0,0.0,0.0,32.0,0
1.0,1.0,56.0,1.0,4.0,1.0,2.0,0.0,4.0,2.0,3.0,1.0,3.0,3136.0,3.0,2.0,1.0,0.0,42.0,0.0,1.0,3.0,2.0,2.0,2.0,2.0,0.0,7.0,11.0,6.0,2.0,0.0,0.0,1.0,2.0,2.0,2.0,0.0,1.0,1.0,1.0,2.0,0.0,2.0,2.0,1.0,4.0,32.0,1
2.0,2.0,54.0,1.0,1.0,1.0,2.0,0.0,4.0,2.0,3.0,1.0,3.0,2916.0,3.0,2.0,1.0,0.0,44.0,0.0,2.0,0.0,2.0,2.0,2.0,1.0,1.0,0.0,0.0,0.0,0.0,0.0,0.0,1.0,2.0,2.0,2.0,0.0,1.0,2.0,1.0,1.0,0.0,1.0,0.0,1.0,4.0,32.0,0
3.0,1.0,36.0,5.0,1.0,1.0,2.0,0.0,4.0,2.0,3.0,1.0,3.0,1296.0,3.0,2.0,1.0,0.0,42.0,0.0,2.0,0.0,2.0,2.0,1.0,2.0,0.0,12.0,9.0,6.0,2.0,0.0,0.0,2.0,2.0,2.0,2.0,5.0,1.0,1.0,1.0,1.0,0.0,1.0,0.0,1.0,1.0,32.0,0
3.0,2.0,24.0,1.0,4.0,1.0,2.0,0.0,7.0,1.0,1.0,1.0,6.0,576.0,3.0,3.0,1.0,0.0,48.0,0.0,2.0,0.0,2.0,2.0,2.0,2.0,0.0,6.0,11.0,2.0,2.0,0.0,0.0,2.0,2.0,2.0,2.0,5.0,2.0,2.0,2.0,2.0,5.0,2.0,2.0,1.0,4.0,32.0,1
4.0,1.0,24.0,1.0,4.0,1.0,2.0,0.0,2.0,2.0,3.0,1.0,1.0,576.0,3.0,3.0,1.0,0.0,48.0,0.0,2.0,0.0,2.0,2.0,2.0,2.0,0.0,6.0,11.0,2.0,2.0,0.0,0.0,2.0,2.0,2.0,2.0,5.0,2.0,2.0,2.0,2.0,5.0,2.0,2.0,1.0,4.0,32.0,1
2.0,1.0,51.0,2.0,1.0,1.0,2.0,0.0,2.0,1.0,1.0,1.0,2.0,2601.0,3.0,3.0,2.0,2.0,40.0,14.0,1.0,1.0,1.0,2.0,1.0,2.0,0.0,99.0,9.0,6.0,2.0,0.0,0.0,2.0,2.0,2.0,2.0,5.0,1.0,1.0,1.0,1.0,0.0,1.0,0.0,1.0,1.0,33.0,0
1.0,1.0,37.0,1.0,4.0,1.0,2.0,0.0,4.0,1.0,1.0,1.0,4.0,1369.0,2.0,3.0,1.0,0.0,50.0,0.0,1.0,1.0,1.0,1.0,2.0,2.0,0.0,2.0,12.0,0.0,0.0,0.0,0.0,0.0,0.0,0.0,0.0,0.0,0.0,0.0,0.0,0.0,0.0,0.0,0.0,0.0,0.0,33.0,0
2.0,2.0,29.0,1.0,4.0,1.0,2.0,0.0,4.0,2.0,1.0,1.0,3.0,841.0,3.0,4.0,0.0,0.0,0.0,0.0,1.0,3.0,2.0,1.0,2.0,2.0,0.0,2.0,12.0,5.0,2.0,0.0,0.0,2.0,2.0,2.0,2.0,5.0,2.0,2.0,2.0,2.0,5.0,2.0,2.0,1.0,4.0,33.0,1
1.0,1.0,55.0,2.0,1.0,1.0,2.0,0.0,4.0,1.0,1.0,1.0,4.0,3025.0,3.0,4.0,0.0,0.0,0.0,0.0,2.0,0.0,2.0,2.0,3.0,2.0,0.0,10.0,11.0,6.0,2.0,0.0,0.0,2.0,2.0,2.0,2.0,5.0,1.0,1.0,1.0,1.0,0.0,1.0,0.0,1.0,1.0,33.0,0
1.0,2.0,62.0,3.0,4.0,1.0,2.0,0.0,2.0,1.0,1.0,1.0,2.0,3844.0,2.0,3.0,1.0,0.0,70.0,0.0,2.0,0.0,2.0,2.0,2.0,2.0,0.0,1.0,11.0,0.0,0.0,0.0,0.0,0.0,0.0,0.0,0.0,0.0,0.0,0.0,0.0,0.0,0.0,0.0,0.0,0.0,0.0,33.0,0
1.0,1.0,30.0,1.0,4.0,1.0,2.0,0.0,7.0,1.0,3.0,3.0,6.0,900.0,2.0,2.0,1.0,0.0,35.0,0.0,2.0,0.0,2.0,2.0,2.0,2.0,0.0,1.0,11.0,0.0,0.0,0.0,0.0,0.0,0.0,0.0,0.0,0.0,0.0,0.0,0.0,0.0,0.0,0.0,0.0,0.0,0.0,32.0,0
1.0,2.0,36.0,1.0,1.0,1.0,2.0,0.0,8.0,1.0,2.0,1.0,6.0,1296.0,3.0,2.0,1.0,0.0,40.0,0.0,2.0,0.0,2.0,2.0,2.0,2.0,0.0,12.0,11.0,6.0,2.0,0.0,0.0,2.0,2.0,2.0,1.0,0.0,1.0,1.0,1.0,1.0,0.0,1.0,0.0,1.0,1.0,32.0,0
2.0,1.0,33.0,1.0,1.0,1.0,2.0,0.0,7.0,1.0,2.0,1.0,6.0,1089.0,3.0,3.0,1.0,0.0,50.0,0.0,2.0,0.0,2.0,2.0,2.0,2.0,0.0,6.0,11.0,5.0,2.0,0.0,0.0,1.0,2.0,1.0,2.0,0.0,2.0,2.0,2.0,2.0,5.0,2.0,1.0,1.0,3.0,32.0,1
1.0,1.0,49.0,1.0,1.0,1.0,2.0,0.0,4.0,1.0,1.0,1.0,4.0,2401.0,3.0,3.0,1.0,0.0,68.0,0.0,2.0,0.0,2.0,2.0,2.0,2.0,0.0,11.0,11.0,6.0,2.0,0.0,0.0,1.0,2.0,2.0,2.0,0.0,1.0,1.0,1.0,1.0,0.0,1.0,0.0,1.0,1.0,33.0,0
3.0,1.0,18.0,5.0,1.0,1.0,1.0,1.0,7.0,2.0,1.0,1.0,5.0,324.0,2.0,2.0,1.0,0.0,30.0,0.0,2.0,0.0,2.0,1.0,2.0,2.0,0.0,1.0,11.0,0.0,0.0,0.0,0.0,0.0,0.0,0.0,0.0,0.0,0.0,0.0,0.0,0.0,0.0,0.0,0.0,0.0,0.0,33.0,0
1.0,1.0,59.0,2.0,1.0,1.0,2.0,0.0,4.0,1.0,1.0,1.0,4.0,3481.0,3.0,2.0,1.0,0.0,35.0,0.0,2.0,0.0,2.0,2.0,2.0,2.0,0.0,7.0,11.0,5.0,2.0,0.0,0.0,1.0,2.0,2.0,2.0,0.0,1.0,1.0,1.0,1.0,0.0,1.0,0.0,1.0,1.0,33.0,0
1.0,1.0,59.0,1.0,1.0,1.0,2.0,0.0,4.0,1.0,1.0,1.0,4.0,3481.0,2.0,1.0,1.0,0.0,16.0,0.0,1.0,1.0,1.0,1.0,2.0,2.0,0.0,1.0,8.0,0.0,0.0,0.0,0.0,0.0,0.0,0.0,0.0,0.0,0.0,0.0,0.0,0.0,0.0,0.0,0.0,0.0,0.0,33.0,0
1.0,1.0,64.0,2.0,1.0,1.0,2.0,0.0,7.0,1.0,1.0,1.0,6.0,4096.0,1.0,2.0,1.0,0.0,25.0,0.0,2.0,0.0,2.0,2.0,2.0,2.0,0.0,6.0,11.0,0.0,0.0,0.0,0.0,0.0,0.0,0.0,0.0,0.0,0.0,0.0,0.0,0.0,0.0,0.0,0.0,0.0,0.0,33.0,0
2.0,2.0,60.0,2.0,1.0,1.0,2.0,0.0,7.0,1.0,3.0,1.0,6.0,3600.0,2.0,3.0,2.0,3.0,28.0,27.0,2.0,0.0,2.0,2.0,3.0,2.0,0.0,7.0,6.0,0.0,0.0,0.0,0.0,0.0,0.0,0.0,0.0,0.0,0.0,0.0,0.0,0.0,0.0,0.0,0.0,0.0,0.0,33.0,0
3.0,1.0,34.0,5.0,1.0,1.0,2.0,0.0,6.0,2.0,1.0,1.0,5.0,1156.0,3.0,2.0,1.0,0.0,40.0,0.0,2.0,0.0,2.0,2.0,1.0,2.0,0.0,99.0,10.0,5.0,2.0,0.0,0.0,2.0,2.0,2.0,2.0,5.0,1.0,1.0,1.0,1.0,0.0,1.0,0.0,1.0,1.0,33.0,0
1.0,1.0,44.0,1.0,1.0,1.0,2.0,0.0,4.0,1.0,1.0,1.0,4.0,1936.0,1.0,3.0,1.0,0.0,48.0,0.0,2.0,0.0,2.0,2.0,2.0,2.0,0.0,2.0,11.0,0.0,0.0,0.0,0.0,0.0,0.0,0.0,0.0,0.0,0.0,0.0,0.0,0.0,0.0,0.0,0.0,0.0,0.0,33.0,0
1.0,2.0,56.0,1.0,4.0,1.0,2.0,0.0,4.0,1.0,5.0,1.0,4.0,3136.0,2.0,3.0,1.0,0.0,56.0,0.0,2.0,0.0,2.0,2.0,2.0,2.0,0.0,2.0,11.0,0.0,0.0,0.0,0.0,0.0,0.0,0.0,0.0,0.0,0.0,0.0,0.0,0.0,0.0,0.0,0.0,0.0,0.0,32.0,0
2.0,1.0,58.0,1.0,4.0,1.0,2.0,0.0,4.0,1.0,5.0,1.0,4.0,3364.0,2.0,3.0,1.0,0.0,50.0,0.0,2.0,0.0,2.0,2.0,2.0,2.0,0.0,2.0,11.0,0.0,0.0,0.0,0.0,0.0,0.0,0.0,0.0,0.0,0.0,0.0,0.0,0.0,0.0,0.0,0.0,0.0,0.0,32.0,0
1.0,1.0,46.0,2.0,1.0,1.0,2.0,0.0,6.0,1.0,1.0,1.0,6.0,2116.0,3.0,3.0,1.0,0.0,54.0,0.0,2.0,0.0,2.0,2.0,2.0,2.0,0.0,8.0,11.0,6.0,2.0,0.0,0.0,2.0,2.0,2.0,2.0,5.0,1.0,1.0,1.0,1.0,0.0,1.0,0.0,1.0,1.0,33.0,0
2.0,2.0,45.0,2.0,1.0,1.0,2.0,0.0,6.0,1.0,1.0,1.0,6.0,2025.0,3.0,2.0,1.0,0.0,45.0,0.0,2.0,0.0,2.0,2.0,2.0,2.0,0.0,99.0,11.0,6.0,2.0,0.0,0.0,2.0,2.0,2.0,2.0,5.0,1.0,1.0,1.0,1.0,0.0,1.0,0.0,1.0,1.0,33.0,0
1.0,1.0,45.0,1.0,1.0,1.0,1.0,1.0,6.0,2.0,1.0,1.0,5.0,2025.0,3.0,3.0,1.0,0.0,60.0,0.0,1.0,2.0,2.0,2.0,1.0,2.0,0.0,99.0,11.0,5.0,2.0,0.0,0.0,2.0,2.0,2.0,2.0,5.0,1.0,1.0,1.0,1.0,0.0,1.0,0.0,1.0,1.0,33.0,0
1.0,1.0,51.0,2.0,1.0,1.0,2.0,0.0,4.0,1.0,4.0,1.0,4.0,2601.0,3.0,2.0,1.0,0.0,44.0,0.0,2.0,0.0,2.0,2.0,2.0,2.0,0.0,7.0,11.0,6.0,2.0,0.0,0.0,2.0,2.0,2.0,2.0,5.0,1.0,1.0,1.0,1.0,0.0,1.0,0.0,1.0,1.0,33.0,0
1.0,1.0,50.0,2.0,1.0,1.0,1.0,1.0,6.0,2.0,5.0,1.0,5.0,2500.0,3.0,2.0,1.0,0.0,35.0,0.0,2.0,0.0,2.0,2.0,2.0,2.0,0.0,5.0,11.0,6.0,2.0,0.0,0.0,2.0,2.0,2.0,2.0,5.0,1.0,1.0,1.0,1.0,0.0,1.0,0.0,1.0,1.0,32.0,0
2.0,2.0,48.0,2.0,1.0,1.0,1.0,1.0,6.0,2.0,5.0,1.0,5.0,2304.0,3.0,2.0,1.0,0.0,35.0,0.0,2.0,0.0,2.0,1.0,2.0,2.0,0.0,5.0,11.0,6.0,2.0,0.0,0.0,2.0,2.0,2.0,2.0,5.0,1.0,1.0,1.0,1.0,0.0,1.0,0.0,1.0,1.0,32.0,0
1.0,2.0,54.0,5.0,1.0,1.0,2.0,0.0,4.0,1.0,1.0,1.0,4.0,2916.0,2.0,1.0,2.0,2.0,9.0,4.0,1.0,1.0,2.0,2.0,2.0,2.0,0.0,1.0,6.0,0.0,0.0,0.0,0.0,0.0,0.0,0.0,0.0,0.0,0.0,0.0,0.0,0.0,0.0,0.0,0.0,0.0,0.0,33.0,0
3.0,1.0,54.0,5.0,1.0,1.0,2.0,0.0,4.0,1.0,1.0,1.0,4.0,2916.0,3.0,1.0,1.0,0.0,12.0,0.0,1.0,1.0,1.0,1.0,2.0,2.0,0.0,2.0,8.0,5.0,1.0,1.0,4.0,2.0,2.0,2.0,2.0,5.0,2.0,2.0,2.0,2.0,5.0,2.0,2.0,1.0,4.0,33.0,1
3.0,1.0,51.0,5.0,1.0,1.0,2.0,0.0,4.0,1.0,1.0,1.0,4.0,2601.0,3.0,1.0,1.0,0.0,18.0,0.0,1.0,1.0,1.0,1.0,2.0,2.0,0.0,99.0,8.0,6.0,1.0,1.0,4.0,2.0,2.0,2.0,2.0,5.0,2.0,2.0,2.0,2.0,5.0,2.0,2.0,1.0,4.0,33.0,1
1.0,2.0,47.0,2.0,1.0,1.0,2.0,0.0,6.0,1.0,1.0,1.0,6.0,2209.0,3.0,2.0,1.0,0.0,45.0,0.0,2.0,0.0,2.0,2.0,2.0,2.0,0.0,9.0,11.0,5.0,2.0,0.0,0.0,2.0,2.0,2.0,2.0,5.0,1.0,1.0,1.0,1.0,0.0,1.0,0.0,1.0,1.0,33.0,0
2.0,1.0,50.0,2.0,1.0,1.0,2.0,0.0,6.0,1.0,3.0,1.0,6.0,2500.0,3.0,2.0,1.0,0.0,45.0,0.0,2.0,0.0,2.0,2.0,2.0,2.0,0.0,12.0,6.0,5.0,2.0,0.0,0.0,1.0,2.0,2.0,2.0,0.0,1.0,1.0,1.0,1.0,0.0,1.0,0.0,1.0,1.0,33.0,0
1.0,2.0,40.0,5.0,4.0,1.0,2.0,0.0,2.0,1.0,1.0,1.0,2.0,1600.0,3.0,1.0,1.0,0.0,24.0,0.0,1.0,1.0,1.0,1.0,2.0,1.0,1.0,0.0,0.0,0.0,0.0,0.0,0.0,1.0,2.0,2.0,2.0,0.0,2.0,2.0,2.0,2.0,5.0,2.0,2.0,1.0,4.0,33.0,1
1.0,2.0,52.0,4.0,1.0,1.0,2.0,0.0,4.0,1.0,1.0,1.0,4.0,2704.0,2.0,3.0,1.0,0.0,84.0,0.0,2.0,0.0,2.0,2.0,2.0,2.0,0.0,1.0,11.0,0.0,0.0,0.0,0.0,0.0,0.0,0.0,0.0,0.0,0.0,0.0,0.0,0.0,0.0,0.0,0.0,0.0,0.0,33.0,0
1.0,1.0,47.0,1.0,1.0,1.0,2.0,0.0,2.0,1.0,1.0,1.0,2.0,2209.0,3.0,2.0,1.0,0.0,40.0,0.0,1.0,1.0,2.0,2.0,2.0,2.0,0.0,11.0,11.0,6.0,2.0,0.0,0.0,1.0,2.0,2.0,2.0,0.0,1.0,1.0,1.0,1.0,0.0,1.0,0.0,1.0,1.0,33.0,0
1.0,1.0,32.0,5.0,1.0,1.0,2.0,0.0,4.0,1.0,1.0,1.0,4.0,1024.0,3.0,2.0,1.0,0.0,40.0,0.0,1.0,1.0,1.0,2.0,2.0,2.0,0.0,12.0,11.0,6.0,2.0,0.0,0.0,1.0,2.0,2.0,2.0,0.0,1.0,1.0,1.0,1.0,0.0,1.0,0.0,1.0,1.0,33.0,0
1.0,1.0,57.0,5.0,1.0,1.0,2.0,0.0,2.0,1.0,3.0,1.0,2.0,3249.0,3.0,3.0,1.0,0.0,48.0,0.0,2.0,0.0,2.0,2.0,2.0,2.0,0.0,6.0,11.0,6.0,9.0,9.0,4.0,2.0,2.0,2.0,2.0,5.0,1.0,1.0,1.0,1.0,0.0,1.0,0.0,1.0,1.0,32.0,0
1.0,1.0,54.0,2.0,1.0,1.0,2.0,0.0,4.0,1.0,3.0,1.0,4.0,2916.0,3.0,3.0,1.0,0.0,48.0,0.0,2.0,0.0,2.0,2.0,2.0,2.0,0.0,12.0,11.0,6.0,2.0,0.0,0.0,2.0,2.0,2.0,2.0,5.0,1.0,1.0,1.0,1.0,0.0,1.0,0.0,1.0,1.0,32.0,0
2.0,2.0,46.0,2.0,1.0,1.0,2.0,0.0,6.0,1.0,3.0,1.0,6.0,2116.0,3.0,2.0,1.0,0.0,40.0,0.0,2.0,0.0,2.0,2.0,2.0,2.0,0.0,99.0,11.0,5.0,2.0,0.0,0.0,2.0,2.0,2.0,2.0,5.0,1.0,1.0,1.0,1.0,0.0,1.0,0.0,1.0,1.0,32.0,0
1.0,2.0,25.0,1.0,4.0,1.0,2.0,0.0,4.0,2.0,1.0,1.0,3.0,625.0,3.0,2.0,1.0,0.0,32.0,0.0,2.0,0.0,2.0,2.0,2.0,2.0,0.0,4.0,11.0,5.0,2.0,0.0,0.0,1.0,2.0,2.0,2.0,0.0,2.0,2.0,2.0,2.0,5.0,2.0,2.0,2.0,4.0,33.0,1
2.0,1.0,27.0,1.0,4.0,1.0,2.0,0.0,4.0,2.0,1.0,1.0,3.0,729.0,3.0,3.0,1.0,0.0,72.0,0.0,2.0,0.0,2.0,2.0,2.0,2.0,0.0,99.0,11.0,5.0,1.0,9.0,4.0,2.0,2.0,2.0,2.0,5.0,2.0,2.0,2.0,2.0,5.0,2.0,2.0,2.0,4.0,33.0,1
1.0,1.0,25.0,1.0,4.0,1.0,2.0,0.0,4.0,1.0,1.0,1.0,4.0,625.0,3.0,3.0,1.0,0.0,60.0,0.0,2.0,0.0,2.0,2.0,2.0,2.0,0.0,6.0,11.0,5.0,9.0,9.0,4.0,2.0,2.0,1.0,2.0,0.0,2.0,2.0,2.0,2.0,5.0,2.0,2.0,1.0,4.0,33.0,1
1.0,1.0,22.0,5.0,1.0,1.0,2.0,0.0,4.0,1.0,3.0,3.0,4.0,484.0,3.0,2.0,1.0,0.0,40.0,0.0,2.0,0.0,2.0,2.0,2.0,2.0,0.0,6.0,11.0,4.0,9.0,9.0,4.0,2.0,2.0,2.0,2.0,5.0,2.0,2.0,2.0,2.0,5.0,2.0,2.0,1.0,4.0,33.0,1
2.0,2.0,29.0,1.0,4.0,1.0,2.0,0.0,7.0,1.0,1.0,1.0,6.0,841.0,3.0,1.0,1.0,0.0,12.0,0.0,1.0,1.0,1.0,1.0,2.0,1.0,1.0,0.0,0.0,0.0,0.0,0.0,0.0,1.0,2.0,2.0,2.0,0.0,2.0,2.0,2.0,2.0,5.0,2.0,2.0,2.0,4.0,33.0,1
3.0,2.0,49.0,1.0,4.0,1.0,2.0,0.0,4.0,1.0,1.0,1.0,4.0,2401.0,3.0,2.0,1.0,0.0,36.0,0.0,2.0,0.0,2.0,1.0,2.0,1.0,1.0,0.0,0.0,0.0,0.0,0.0,0.0,2.0,2.0,2.0,2.0,5.0,2.0,2.0,2.0,2.0,5.0,2.0,2.0,1.0,4.0,33.0,1
4.0,1.0,50.0,1.0,4.0,1.0,2.0,0.0,2.0,1.0,3.0,1.0,2.0,2500.0,3.0,2.0,1.0,0.0,45.0,0.0,1.0,1.0,2.0,1.0,2.0,2.0,0.0,4.0,11.0,6.0,2.0,0.0,0.0,2.0,2.0,2.0,2.0,5.0,1.0,1.0,1.0,2.0,0.0,1.0,0.0,1.0,1.0,33.0,0
1.0,1.0,50.0,5.0,4.0,1.0,2.0,0.0,7.0,2.0,1.0,1.0,5.0,2500.0,3.0,2.0,1.0,0.0,45.0,0.0,2.0,0.0,2.0,2.0,2.0,2.0,0.0,7.0,11.0,5.0,2.0,0.0,0.0,2.0,2.0,2.0,1.0,0.0,1.0,1.0,1.0,2.0,0.0,2.0,2.0,2.0,4.0,33.0,1
1.0,1.0,39.0,5.0,1.0,1.0,2.0,0.0,7.0,1.0,1.0,1.0,6.0,1521.0,3.0,2.0,1.0,0.0,40.0,0.0,2.0,0.0,2.0,2.0,2.0,2.0,0.0,12.0,11.0,6.0,2.0,0.0,0.0,2.0,2.0,2.0,2.0,5.0,1.0,1.0,1.0,1.0,0.0,1.0,0.0,1.0,1.0,33.0,0
1.0,1.0,65.0,1.0,4.0,1.0,2.0,0.0,4.0,2.0,3.0,1.0,3.0,4225.0,2.0,1.0,1.0,0.0,2.0,0.0,1.0,1.0,1.0,1.0,2.0,2.0,0.0,1.0,8.0,0.0,0.0,0.0,0.0,0.0,0.0,0.0,0.0,0.0,0.0,0.0,0.0,0.0,0.0,0.0,0.0,0.0,0.0,33.0,0
3.0,1.0,64.0,5.0,4.0,1.0,2.0,0.0,2.0,1.0,1.0,1.0,2.0,4096.0,3.0,3.0,1.0,0.0,48.0,0.0,2.0,0.0,2.0,2.0,2.0,2.0,0.0,1.0,6.0,5.0,2.0,0.0,0.0,2.0,2.0,2.0,2.0,5.0,2.0,2.0,2.0,2.0,5.0,2.0,2.0,1.0,4.0,33.0,1
1.0,2.0,45.0,1.0,1.0,1.0,2.0,0.0,6.0,1.0,1.0,1.0,6.0,2025.0,3.0,2.0,1.0,0.0,28.0,0.0,2.0,0.0,2.0,2.0,2.0,2.0,0.0,12.0,11.0,6.0,2.0,0.0,0.0,2.0,2.0,2.0,2.0,5.0,1.0,1.0,1.0,1.0,0.0,1.0,0.0,1.0,1.0,33.0,0
2.0,1.0,44.0,1.0,1.0,1.0,2.0,0.0,2.0,1.0,1.0,1.0,2.0,1936.0,3.0,2.0,1.0,0.0,36.0,0.0,2.0,0.0,2.0,2.0,2.0,2.0,0.0,12.0,11.0,6.0,2.0,0.0,0.0,2.0,2.0,2.0,2.0,5.0,1.0,1.0,1.0,1.0,0.0,1.0,0.0,1.0,1.0,33.0,0
1.0,2.0,52.0,2.0,1.0,1.0,2.0,0.0,4.0,1.0,3.0,1.0,4.0,2704.0,3.0,2.0,1.0,0.0,40.0,0.0,2.0,0.0,2.0,2.0,2.0,2.0,0.0,99.0,11.0,6.0,2.0,0.0,0.0,2.0,2.0,2.0,2.0,5.0,1.0,1.0,1.0,1.0,0.0,1.0,0.0,1.0,1.0,33.0,0
1.0,1.0,63.0,1.0,1.0,1.0,2.0,0.0,2.0,1.0,3.0,1.0,2.0,3969.0,3.0,2.0,1.0,0.0,44.0,0.0,2.0,0.0,2.0,2.0,2.0,2.0,0.0,99.0,11.0,5.0,2.0,0.0,0.0,2.0,2.0,2.0,2.0,5.0,1.0,1.0,1.0,1.0,0.0,1.0,0.0,1.0,1.0,33.0,0
2.0,2.0,61.0,1.0,1.0,1.0,2.0,0.0,2.0,1.0,3.0,1.0,2.0,3721.0,2.0,2.0,1.0,0.0,28.0,0.0,2.0,0.0,2.0,2.0,2.0,2.0,0.0,1.0,6.0,0.0,0.0,0.0,0.0,0.0,0.0,0.0,0.0,0.0,0.0,0.0,0.0,0.0,0.0,0.0,0.0,0.0,0.0,33.0,0
1.0,1.0,61.0,1.0,1.0,1.0,2.0,0.0,7.0,1.0,1.0,1.0,6.0,3721.0,3.0,2.0,1.0,0.0,20.0,0.0,2.0,0.0,2.0,2.0,1.0,2.0,0.0,12.0,11.0,6.0,2.0,0.0,0.0,2.0,2.0,2.0,2.0,5.0,1.0,1.0,1.0,1.0,0.0,1.0,0.0,1.0,1.0,33.0,0
2.0,2.0,54.0,1.0,1.0,1.0,2.0,0.0,4.0,1.0,1.0,1.0,4.0,2916.0,3.0,2.0,1.0,0.0,30.0,0.0,2.0,0.0,2.0,2.0,2.0,2.0,0.0,99.0,11.0,6.0,2.0,0.0,0.0,2.0,2.0,2.0,2.0,5.0,1.0,1.0,1.0,1.0,0.0,1.0,0.0,1.0,1.0,33.0,0
1.0,1.0,63.0,1.0,1.0,1.0,2.0,0.0,4.0,2.0,1.0,1.0,3.0,3969.0,2.0,2.0,1.0,0.0,12.0,0.0,2.0,0.0,2.0,2.0,2.0,2.0,0.0,1.0,8.0,0.0,0.0,0.0,0.0,0.0,0.0,0.0,0.0,0.0,0.0,0.0,0.0,0.0,0.0,0.0,0.0,0.0,0.0,33.0,0
2.0,2.0,60.0,1.0,1.0,1.0,2.0,0.0,6.0,1.0,1.0,1.0,6.0,3600.0,3.0,2.0,1.0,0.0,40.0,0.0,2.0,0.0,2.0,2.0,2.0,2.0,0.0,10.0,11.0,6.0,2.0,0.0,0.0,1.0,2.0,2.0,2.0,0.0,1.0,1.0,1.0,1.0,0.0,1.0,0.0,1.0,1.0,33.0,0
1.0,1.0,47.0,3.0,1.0,1.0,2.0,0.0,7.0,2.0,1.0,1.0,5.0,2209.0,3.0,3.0,2.0,3.0,36.0,12.0,1.0,1.0,1.0,2.0,2.0,2.0,0.0,4.0,11.0,3.0,2.0,0.0,0.0,2.0,2.0,2.0,2.0,5.0,1.0,1.0,1.0,1.0,0.0,1.0,0.0,1.0,1.0,33.0,0
3.0,1.0,44.0,3.0,1.0,1.0,2.0,0.0,4.0,1.0,1.0,1.0,4.0,1936.0,3.0,2.0,1.0,0.0,40.0,0.0,2.0,0.0,2.0,2.0,1.0,2.0,0.0,99.0,11.0,6.0,2.0,0.0,0.0,1.0,2.0,2.0,2.0,0.0,1.0,1.0,1.0,1.0,0.0,1.0,0.0,1.0,1.0,33.0,0
1.0,1.0,42.0,3.0,1.0,1.0,2.0,0.0,4.0,2.0,1.0,1.0,3.0,1764.0,3.0,2.0,1.0,0.0,40.0,0.0,2.0,0.0,2.0,2.0,1.0,2.0,0.0,6.0,4.0,6.0,2.0,0.0,0.0,2.0,2.0,2.0,2.0,5.0,1.0,2.0,1.0,2.0,0.0,2.0,1.0,1.0,3.0,33.0,1
1.0,1.0,50.0,5.0,1.0,1.0,2.0,0.0,4.0,1.0,1.0,1.0,4.0,2500.0,3.0,2.0,1.0,0.0,45.0,0.0,2.0,0.0,2.0,2.0,2.0,2.0,0.0,2.0,11.0,6.0,2.0,0.0,0.0,2.0,2.0,2.0,2.0,5.0,1.0,1.0,1.0,1.0,0.0,1.0,0.0,1.0,1.0,33.0,0
1.0,2.0,39.0,2.0,1.0,1.0,1.0,1.0,8.0,2.0,1.0,1.0,6.0,1521.0,3.0,2.0,1.0,0.0,40.0,0.0,2.0,0.0,1.0,1.0,1.0,2.0,0.0,12.0,12.0,6.0,2.0,0.0,0.0,2.0,2.0,2.0,2.0,5.0,1.0,1.0,1.0,1.0,0.0,1.0,0.0,1.0,1.0,33.0,0
2.0,1.0,37.0,2.0,1.0,1.0,1.0,1.0,7.0,2.0,1.0,1.0,5.0,1369.0,3.0,3.0,1.0,0.0,54.0,0.0,2.0,0.0,2.0,2.0,1.0,2.0,0.0,12.0,11.0,6.0,2.0,0.0,0.0,2.0,2.0,2.0,2.0,5.0,1.0,1.0,1.0,1.0,0.0,1.0,0.0,1.0,1.0,33.0,0
2.0,1.0,56.0,2.0,1.0,1.0,2.0,0.0,4.0,2.0,3.0,1.0,3.0,3136.0,3.0,2.0,1.0,0.0,40.0,0.0,2.0,0.0,2.0,2.0,2.0,2.0,0.0,7.0,11.0,6.0,2.0,0.0,0.0,2.0,2.0,2.0,2.0,5.0,1.0,1.0,1.0,1.0,0.0,1.0,0.0,1.0,1.0,33.0,0
3.0,2.0,25.0,5.0,4.0,1.0,2.0,0.0,4.0,2.0,1.0,1.0,3.0,625.0,3.0,1.0,1.0,0.0,12.0,0.0,1.0,1.0,1.0,1.0,2.0,1.0,1.0,0.0,0.0,0.0,0.0,0.0,0.0,1.0,2.0,2.0,2.0,0.0,2.0,2.0,2.0,2.0,5.0,2.0,2.0,1.0,4.0,33.0,1
3.0,2.0,17.0,5.0,1.0,1.0,2.0,0.0,4.0,2.0,1.0,1.0,3.0,289.0,3.0,2.0,1.0,0.0,24.0,0.0,2.0,0.0,2.0,2.0,2.0,1.0,1.0,0.0,0.0,0.0,0.0,0.0,0.0,2.0,2.0,2.0,2.0,5.0,2.0,2.0,2.0,2.0,5.0,2.0,2.0,1.0,4.0,33.0,1
1.0,1.0,53.0,2.0,4.0,1.0,2.0,0.0,4.0,2.0,3.0,1.0,3.0,2809.0,3.0,2.0,1.0,0.0,40.0,0.0,1.0,1.0,1.0,1.0,2.0,2.0,0.0,5.0,11.0,6.0,2.0,0.0,0.0,2.0,2.0,2.0,2.0,5.0,2.0,2.0,2.0,2.0,5.0,2.0,2.0,2.0,4.0,33.0,1
3.0,2.0,31.0,1.0,1.0,1.0,2.0,0.0,6.0,1.0,1.0,1.0,6.0,961.0,3.0,2.0,2.0,2.0,20.0,20.0,2.0,0.0,2.0,2.0,2.0,2.0,0.0,99.0,11.0,5.0,2.0,0.0,0.0,2.0,2.0,2.0,2.0,5.0,1.0,1.0,1.0,1.0,0.0,1.0,0.0,1.0,1.0,33.0,0
3.0,2.0,38.0,1.0,1.0,1.0,2.0,0.0,6.0,1.0,1.0,1.0,6.0,1444.0,3.0,2.0,1.0,0.0,40.0,0.0,2.0,0.0,2.0,2.0,1.0,2.0,0.0,99.0,11.0,6.0,2.0,0.0,0.0,2.0,2.0,2.0,2.0,5.0,1.0,1.0,1.0,1.0,0.0,1.0,0.0,1.0,1.0,33.0,0
4.0,1.0,30.0,1.0,4.0,1.0,2.0,0.0,2.0,1.0,1.0,1.0,2.0,900.0,3.0,2.0,1.0,0.0,40.0,0.0,2.0,0.0,2.0,2.0,2.0,2.0,0.0,3.0,11.0,5.0,2.0,0.0,0.0,2.0,2.0,2.0,2.0,5.0,1.0,1.0,1.0,2.0,0.0,2.0,2.0,1.0,1.0,33.0,1
4.0,1.0,40.0,1.0,1.0,1.0,2.0,0.0,4.0,1.0,1.0,1.0,4.0,1600.0,3.0,3.0,1.0,0.0,50.0,0.0,2.0,0.0,2.0,2.0,2.0,2.0,0.0,99.0,4.0,6.0,2.0,0.0,0.0,2.0,2.0,2.0,2.0,5.0,1.0,1.0,1.0,1.0,0.0,1.0,0.0,1.0,1.0,33.0,0
1.0,1.0,41.0,5.0,1.0,1.0,2.0,0.0,7.0,2.0,1.0,1.0,5.0,1681.0,3.0,2.0,1.0,0.0,45.0,0.0,2.0,0.0,2.0,2.0,2.0,2.0,0.0,8.0,11.0,6.0,2.0,0.0,0.0,1.0,2.0,2.0,2.0,0.0,1.0,1.0,1.0,1.0,0.0,1.0,0.0,1.0,1.0,33.0,0
1.0,1.0,74.0,1.0,1.0,1.0,2.0,0.0,4.0,1.0,1.0,1.0,4.0,5476.0,2.0,3.0,1.0,0.0,48.0,0.0,2.0,0.0,2.0,2.0,2.0,2.0,0.0,1.0,11.0,0.0,0.0,0.0,0.0,0.0,0.0,0.0,0.0,0.0,0.0,0.0,0.0,0.0,0.0,0.0,0.0,0.0,0.0,33.0,0
2.0,2.0,61.0,1.0,4.0,1.0,2.0,0.0,4.0,2.0,4.0,1.0,3.0,3721.0,3.0,2.0,1.0,0.0,10.0,0.0,2.0,0.0,2.0,2.0,2.0,1.0,1.0,0.0,0.0,0.0,0.0,0.0,0.0,2.0,2.0,2.0,2.0,5.0,2.0,2.0,2.0,2.0,5.0,2.0,2.0,1.0,4.0,33.0,1
1.0,1.0,65.0,1.0,1.0,1.0,2.0,0.0,2.0,1.0,1.0,1.0,2.0,4225.0,3.0,3.0,1.0,0.0,60.0,0.0,2.0,0.0,2.0,2.0,2.0,2.0,0.0,99.0,11.0,6.0,2.0,0.0,0.0,2.0,2.0,2.0,2.0,5.0,1.0,1.0,1.0,1.0,0.0,1.0,0.0,1.0,1.0,33.0,0
2.0,2.0,47.0,1.0,1.0,1.0,2.0,0.0,4.0,2.0,1.0,1.0,3.0,2209.0,3.0,2.0,2.0,5.0,20.0,19.0,1.0,1.0,2.0,2.0,2.0,1.0,5.0,0.0,0.0,0.0,0.0,0.0,0.0,1.0,2.0,2.0,2.0,0.0,1.0,1.0,1.0,2.0,0.0,2.0,2.0,1.0,4.0,33.0,1
3.0,1.0,45.0,5.0,4.0,1.0,2.0,0.0,4.0,2.0,1.0,1.0,3.0,2025.0,3.0,2.0,1.0,0.0,30.0,0.0,2.0,0.0,2.0,2.0,2.0,2.0,0.0,99.0,11.0,6.0,2.0,0.0,0.0,2.0,2.0,2.0,2.0,5.0,2.0,2.0,2.0,2.0,5.0,2.0,2.0,1.0,4.0,33.0,1
1.0,2.0,62.0,5.0,1.0,1.0,2.0,0.0,7.0,1.0,3.0,1.0,6.0,3844.0,2.0,2.0,1.0,0.0,18.0,0.0,2.0,0.0,2.0,2.0,2.0,2.0,0.0,1.0,6.0,0.0,0.0,0.0,0.0,0.0,0.0,0.0,0.0,0.0,0.0,0.0,0.0,0.0,0.0,0.0,0.0,0.0,0.0,33.0,0
3.0,1.0,33.0,1.0,1.0,1.0,2.0,0.0,4.0,1.0,1.0,1.0,4.0,1089.0,3.0,3.0,1.0,0.0,66.0,0.0,2.0,0.0,2.0,2.0,2.0,2.0,0.0,99.0,11.0,6.0,2.0,0.0,0.0,1.0,2.0,2.0,2.0,0.0,1.0,1.0,1.0,1.0,0.0,1.0,0.0,1.0,1.0,33.0,0
1.0,2.0,64.0,5.0,1.0,1.0,2.0,0.0,4.0,1.0,1.0,1.0,4.0,4096.0,3.0,2.0,1.0,0.0,18.0,0.0,2.0,0.0,2.0,2.0,2.0,1.0,1.0,0.0,0.0,0.0,0.0,0.0,0.0,2.0,2.0,2.0,2.0,5.0,1.0,1.0,1.0,2.0,0.0,2.0,1.0,1.0,3.0,33.0,1
1.0,1.0,49.0,2.0,4.0,1.0,2.0,0.0,1.0,1.0,1.0,1.0,7.0,2401.0,3.0,2.0,1.0,0.0,40.0,0.0,2.0,0.0,2.0,2.0,2.0,2.0,0.0,3.0,11.0,6.0,2.0,0.0,0.0,1.0,2.0,2.0,2.0,0.0,2.0,2.0,2.0,2.0,5.0,2.0,2.0,1.0,4.0,33.0,1
3.0,1.0,27.0,5.0,4.0,1.0,2.0,0.0,4.0,2.0,1.0,1.0,3.0,729.0,3.0,2.0,1.0,0.0,40.0,0.0,1.0,1.0,1.0,1.0,2.0,2.0,0.0,3.0,4.0,5.0,2.0,0.0,0.0,1.0,2.0,2.0,2.0,0.0,2.0,2.0,2.0,2.0,5.0,2.0,2.0,2.0,4.0,33.0,1
1.0,2.0,45.0,1.0,2.0,1.0,2.0,0.0,6.0,1.0,1.0,1.0,6.0,2025.0,3.0,2.0,1.0,0.0,45.0,0.0,2.0,0.0,2.0,2.0,2.0,2.0,0.0,12.0,11.0,2.0,2.0,0.0,0.0,2.0,2.0,2.0,2.0,5.0,1.0,1.0,1.0,1.0,0.0,1.0,0.0,1.0,1.0,33.0,0
2.0,1.0,41.0,1.0,2.0,1.0,2.0,0.0,4.0,1.0,1.0,1.0,4.0,1681.0,2.0,3.0,1.0,0.0,54.0,0.0,2.0,0.0,2.0,2.0,2.0,2.0,0.0,1.0,11.0,0.0,0.0,0.0,0.0,0.0,0.0,0.0,0.0,0.0,0.0,0.0,0.0,0.0,0.0,0.0,0.0,0.0,0.0,33.0,0
1.0,1.0,33.0,5.0,1.0,1.0,2.0,0.0,4.0,1.0,1.0,1.0,4.0,1089.0,3.0,3.0,2.0,2.0,40.0,9.0,2.0,0.0,2.0,2.0,2.0,2.0,0.0,4.0,11.0,6.0,2.0,0.0,0.0,2.0,2.0,2.0,2.0,5.0,1.0,1.0,1.0,1.0,0.0,1.0,0.0,1.0,1.0,33.0,0
1.0,2.0,70.0,3.0,1.0,1.0,2.0,0.0,4.0,1.0,3.0,1.0,4.0,4900.0,3.0,2.0,2.0,2.0,8.0,4.0,2.0,0.0,2.0,2.0,2.0,1.0,1.0,0.0,0.0,0.0,0.0,0.0,0.0,2.0,2.0,2.0,2.0,5.0,1.0,1.0,1.0,2.0,0.0,2.0,2.0,1.0,4.0,33.0,1
1.0,1.0,42.0,5.0,4.0,1.0,2.0,0.0,4.0,2.0,1.0,1.0,3.0,1764.0,3.0,2.0,1.0,0.0,40.0,0.0,2.0,0.0,2.0,2.0,2.0,2.0,0.0,5.0,11.0,4.0,2.0,0.0,0.0,2.0,2.0,2.0,2.0,5.0,2.0,2.0,2.0,2.0,5.0,2.0,2.0,3.0,4.0,33.0,1
10.0,2.0,29.0,5.0,4.0,1.0,2.0,0.0,4.0,2.0,1.0,1.0,3.0,841.0,3.0,3.0,1.0,0.0,40.0,0.0,9.0,0.0,9.0,9.0,2.0,2.0,0.0,99.0,11.0,9.0,9.0,9.0,4.0,9.0,9.0,9.0,9.0,0.0,9.0,9.0,9.0,9.0,0.0,2.0,2.0,9.0,9.0,33.0,1
1.0,2.0,44.0,3.0,1.0,1.0,2.0,0.0,4.0,1.0,1.0,1.0,4.0,1936.0,3.0,3.0,1.0,0.0,48.0,0.0,2.0,0.0,2.0,2.0,1.0,2.0,0.0,11.0,11.0,6.0,2.0,0.0,0.0,2.0,2.0,2.0,2.0,5.0,1.0,1.0,1.0,1.0,0.0,1.0,0.0,1.0,1.0,33.0,0
3.0,1.0,24.0,1.0,1.0,1.0,2.0,0.0,4.0,1.0,1.0,1.0,4.0,576.0,3.0,2.0,1.0,0.0,45.0,0.0,2.0,0.0,2.0,2.0,2.0,2.0,0.0,99.0,11.0,6.0,2.0,0.0,0.0,2.0,2.0,2.0,2.0,5.0,1.0,1.0,1.0,1.0,0.0,1.0,0.0,1.0,1.0,33.0,0
3.0,1.0,19.0,1.0,1.0,1.0,2.0,0.0,4.0,1.0,1.0,1.0,4.0,361.0,3.0,1.0,1.0,0.0,20.0,0.0,1.0,1.0,1.0,1.0,2.0,2.0,0.0,3.0,11.0,6.0,2.0,0.0,0.0,2.0,2.0,2.0,2.0,5.0,2.0,2.0,2.0,2.0,5.0,2.0,2.0,1.0,4.0,33.0,1
4.0,2.0,25.0,1.0,1.0,1.0,2.0,0.0,4.0,1.0,1.0,1.0,4.0,625.0,3.0,3.0,1.0,0.0,48.0,0.0,2.0,0.0,2.0,2.0,2.0,2.0,0.0,7.0,11.0,5.0,2.0,0.0,0.0,2.0,2.0,2.0,2.0,5.0,1.0,1.0,1.0,1.0,0.0,1.0,0.0,3.0,1.0,33.0,0
3.0,1.0,23.0,5.0,1.0,1.0,1.0,1.0,6.0,2.0,1.0,1.0,5.0,529.0,3.0,2.0,1.0,0.0,36.0,0.0,1.0,1.0,2.0,2.0,3.0,2.0,0.0,99.0,11.0,5.0,2.0,0.0,0.0,2.0,2.0,2.0,2.0,5.0,2.0,2.0,2.0,2.0,5.0,2.0,1.0,1.0,3.0,33.0,1
3.0,1.0,22.0,5.0,4.0,1.0,2.0,0.0,4.0,1.0,1.0,1.0,4.0,484.0,3.0,3.0,1.0,0.0,50.0,0.0,2.0,0.0,2.0,2.0,2.0,2.0,0.0,4.0,11.0,3.0,2.0,0.0,0.0,2.0,2.0,2.0,2.0,5.0,2.0,2.0,2.0,2.0,5.0,2.0,2.0,2.0,4.0,33.0,1
3.0,2.0,20.0,5.0,4.0,1.0,2.0,0.0,4.0,1.0,1.0,1.0,4.0,400.0,3.0,3.0,1.0,0.0,60.0,0.0,2.0,0.0,1.0,1.0,2.0,2.0,0.0,4.0,11.0,3.0,1.0,9.0,4.0,2.0,2.0,2.0,2.0,5.0,2.0,2.0,2.0,2.0,5.0,2.0,2.0,1.0,4.0,33.0,1
3.0,2.0,31.0,5.0,4.0,1.0,2.0,0.0,4.0,2.0,1.0,1.0,3.0,961.0,2.0,1.0,1.0,0.0,8.0,0.0,1.0,1.0,1.0,1.0,3.0,2.0,0.0,1.0,8.0,0.0,0.0,0.0,0.0,0.0,0.0,0.0,0.0,0.0,0.0,0.0,0.0,0.0,0.0,0.0,0.0,0.0,0.0,33.0,0
3.0,2.0,24.0,5.0,4.0,1.0,2.0,0.0,4.0,1.0,1.0,1.0,4.0,576.0,2.0,1.0,1.0,0.0,18.0,0.0,1.0,1.0,1.0,1.0,2.0,2.0,0.0,1.0,11.0,0.0,0.0,0.0,0.0,0.0,0.0,0.0,0.0,0.0,0.0,0.0,0.0,0.0,0.0,0.0,0.0,0.0,0.0,33.0,0
1.0,1.0,54.0,2.0,1.0,1.0,2.0,0.0,6.0,1.0,1.0,1.0,6.0,2916.0,2.0,2.0,1.0,0.0,24.0,0.0,2.0,0.0,2.0,2.0,2.0,2.0,0.0,1.0,11.0,0.0,0.0,0.0,0.0,0.0,0.0,0.0,0.0,0.0,0.0,0.0,0.0,0.0,0.0,0.0,0.0,0.0,0.0,33.0,0
3.0,1.0,24.0,5.0,4.0,1.0,2.0,0.0,6.0,1.0,1.0,1.0,6.0,576.0,1.0,2.0,2.0,2.0,14.0,24.0,1.0,1.0,1.0,2.0,2.0,2.0,0.0,6.0,6.0,0.0,0.0,0.0,0.0,0.0,0.0,0.0,0.0,0.0,0.0,0.0,0.0,0.0,0.0,0.0,0.0,0.0,0.0,33.0,0
1.0,1.0,56.0,2.0,1.0,1.0,2.0,0.0,4.0,1.0,1.0,1.0,4.0,3136.0,3.0,3.0,1.0,0.0,50.0,0.0,2.0,0.0,2.0,2.0,2.0,2.0,0.0,10.0,3.0,6.0,2.0,0.0,0.0,2.0,2.0,2.0,2.0,5.0,1.0,1.0,1.0,1.0,0.0,1.0,0.0,1.0,1.0,33.0,0
3.0,1.0,27.0,5.0,1.0,1.0,2.0,0.0,4.0,1.0,1.0,1.0,4.0,729.0,3.0,2.0,1.0,0.0,40.0,0.0,2.0,0.0,2.0,2.0,2.0,2.0,0.0,10.0,11.0,5.0,2.0,0.0,0.0,2.0,2.0,2.0,2.0,5.0,1.0,1.0,1.0,1.0,0.0,1.0,0.0,1.0,1.0,33.0,0
3.0,1.0,24.0,5.0,1.0,1.0,1.0,1.0,7.0,2.0,1.0,1.0,5.0,576.0,3.0,2.0,2.0,2.0,20.0,3.0,1.0,3.0,2.0,2.0,2.0,2.0,0.0,7.0,6.0,5.0,1.0,9.0,3.0,2.0,2.0,2.0,2.0,5.0,1.0,1.0,2.0,2.0,0.0,2.0,2.0,1.0,2.0,33.0,1
1.0,1.0,54.0,1.0,1.0,1.0,2.0,0.0,4.0,2.0,1.0,1.0,3.0,2916.0,3.0,2.0,1.0,0.0,44.0,0.0,2.0,0.0,2.0,2.0,2.0,2.0,0.0,11.0,11.0,6.0,2.0,0.0,0.0,2.0,2.0,2.0,2.0,5.0,1.0,1.0,1.0,1.0,0.0,1.0,0.0,1.0,1.0,33.0,0
2.0,2.0,55.0,1.0,1.0,1.0,2.0,0.0,7.0,1.0,1.0,1.0,6.0,3025.0,3.0,2.0,1.0,0.0,35.0,0.0,1.0,3.0,2.0,2.0,2.0,2.0,0.0,12.0,11.0,6.0,2.0,0.0,0.0,2.0,2.0,2.0,2.0,5.0,1.0,1.0,1.0,1.0,0.0,1.0,0.0,3.0,1.0,33.0,0
1.0,1.0,55.0,1.0,4.0,1.0,2.0,0.0,2.0,1.0,1.0,1.0,2.0,3025.0,2.0,2.0,1.0,0.0,36.0,0.0,1.0,1.0,1.0,1.0,2.0,2.0,0.0,1.0,9.0,0.0,0.0,0.0,0.0,0.0,0.0,0.0,0.0,0.0,0.0,0.0,0.0,0.0,0.0,0.0,0.0,0.0,0.0,33.0,0
1.0,1.0,40.0,1.0,4.0,1.0,2.0,0.0,4.0,2.0,1.0,1.0,3.0,1600.0,3.0,1.0,1.0,0.0,6.0,0.0,1.0,1.0,1.0,1.0,2.0,2.0,0.0,2.0,8.0,5.0,2.0,0.0,0.0,2.0,2.0,2.0,2.0,5.0,2.0,2.0,2.0,2.0,5.0,2.0,2.0,1.0,4.0,33.0,1
2.0,2.0,45.0,1.0,4.0,1.0,2.0,0.0,4.0,2.0,1.0,1.0,3.0,2025.0,3.0,1.0,1.0,0.0,15.0,0.0,1.0,2.0,2.0,2.0,2.0,2.0,0.0,2.0,11.0,3.0,9.0,9.0,4.0,1.0,2.0,2.0,2.0,0.0,2.0,2.0,2.0,2.0,5.0,2.0,2.0,1.0,4.0,33.0,1
3.0,1.0,35.0,5.0,4.0,1.0,2.0,0.0,5.0,2.0,1.0,1.0,3.0,1225.0,2.0,2.0,1.0,0.0,36.0,0.0,2.0,0.0,2.0,2.0,2.0,2.0,0.0,1.0,11.0,0.0,0.0,0.0,0.0,0.0,0.0,0.0,0.0,0.0,0.0,0.0,0.0,0.0,0.0,0.0,0.0,0.0,0.0,33.0,0
9.0,1.0,40.0,5.0,4.0,1.0,2.0,0.0,4.0,2.0,1.0,1.0,3.0,1600.0,2.0,2.0,1.0,0.0,30.0,0.0,2.0,0.0,2.0,1.0,2.0,2.0,0.0,99.0,8.0,0.0,0.0,0.0,0.0,0.0,0.0,0.0,0.0,0.0,0.0,0.0,0.0,0.0,0.0,0.0,0.0,0.0,0.0,33.0,0
1.0,2.0,44.0,5.0,4.0,1.0,2.0,0.0,4.0,2.0,1.0,1.0,3.0,1936.0,3.0,1.0,1.0,0.0,20.0,0.0,1.0,1.0,1.0,1.0,2.0,1.0,3.0,0.0,0.0,0.0,0.0,0.0,0.0,1.0,2.0,2.0,2.0,0.0,2.0,2.0,2.0,2.0,5.0,2.0,2.0,1.0,4.0,33.0,1
3.0,2.0,36.0,5.0,1.0,1.0,2.0,0.0,4.0,1.0,1.0,1.0,4.0,1296.0,1.0,2.0,1.0,0.0,40.0,0.0,1.0,1.0,1.0,2.0,2.0,2.0,0.0,6.0,11.0,0.0,0.0,0.0,0.0,0.0,0.0,0.0,0.0,0.0,0.0,0.0,0.0,0.0,0.0,0.0,0.0,0.0,0.0,33.0,0
5.0,1.0,23.0,5.0,1.0,1.0,1.0,1.0,7.0,2.0,1.0,1.0,5.0,529.0,2.0,2.0,1.0,0.0,40.0,0.0,2.0,0.0,9.0,2.0,2.0,2.0,0.0,1.0,6.0,0.0,0.0,0.0,0.0,0.0,0.0,0.0,0.0,0.0,0.0,0.0,0.0,0.0,0.0,0.0,0.0,0.0,0.0,33.0,0
1.0,1.0,57.0,3.0,1.0,1.0,2.0,0.0,7.0,1.0,1.0,1.0,6.0,3249.0,2.0,2.0,1.0,0.0,40.0,0.0,2.0,0.0,2.0,2.0,2.0,2.0,0.0,99.0,11.0,0.0,0.0,0.0,0.0,0.0,0.0,0.0,0.0,0.0,0.0,0.0,0.0,0.0,0.0,0.0,0.0,0.0,0.0,32.0,0
1.0,2.0,24.0,5.0,4.0,1.0,2.0,0.0,4.0,2.0,1.0,1.0,3.0,576.0,3.0,3.0,1.0,0.0,50.0,0.0,2.0,0.0,2.0,2.0,2.0,2.0,0.0,8.0,11.0,5.0,2.0,0.0,0.0,2.0,2.0,2.0,2.0,5.0,2.0,2.0,2.0,2.0,5.0,2.0,2.0,1.0,4.0,32.0,1
1.0,2.0,45.0,4.0,1.0,1.0,2.0,0.0,4.0,1.0,3.0,1.0,4.0,2025.0,3.0,3.0,1.0,0.0,48.0,0.0,2.0,0.0,2.0,2.0,2.0,2.0,0.0,3.0,11.0,5.0,2.0,0.0,0.0,2.0,2.0,2.0,2.0,5.0,2.0,2.0,2.0,2.0,5.0,2.0,2.0,1.0,4.0,32.0,1
3.0,1.0,23.0,5.0,1.0,1.0,2.0,0.0,6.0,2.0,1.0,1.0,5.0,529.0,3.0,2.0,1.0,0.0,40.0,0.0,2.0,0.0,2.0,2.0,1.0,2.0,0.0,12.0,11.0,5.0,2.0,0.0,0.0,2.0,2.0,2.0,2.0,5.0,1.0,1.0,1.0,1.0,0.0,1.0,0.0,1.0,1.0,32.0,0
1.0,1.0,66.0,1.0,1.0,1.0,2.0,0.0,4.0,2.0,1.0,1.0,3.0,4356.0,3.0,3.0,1.0,0.0,72.0,0.0,2.0,0.0,2.0,2.0,2.0,2.0,0.0,7.0,4.0,6.0,2.0,0.0,0.0,1.0,2.0,2.0,1.0,0.0,2.0,2.0,2.0,2.0,5.0,2.0,2.0,1.0,4.0,33.0,1
2.0,2.0,44.0,1.0,1.0,1.0,2.0,0.0,4.0,2.0,1.0,1.0,3.0,1936.0,3.0,2.0,1.0,0.0,35.0,0.0,2.0,0.0,2.0,2.0,2.0,1.0,1.0,0.0,0.0,0.0,0.0,0.0,0.0,1.0,2.0,2.0,1.0,0.0,1.0,1.0,1.0,1.0,0.0,1.0,0.0,1.0,1.0,33.0,0
3.0,1.0,32.0,5.0,4.0,1.0,2.0,0.0,4.0,1.0,1.0,1.0,4.0,1024.0,3.0,2.0,1.0,0.0,35.0,0.0,2.0,0.0,2.0,2.0,2.0,2.0,0.0,5.0,11.0,5.0,2.0,0.0,0.0,2.0,2.0,2.0,2.0,5.0,1.0,2.0,1.0,2.0,0.0,2.0,2.0,1.0,4.0,33.0,1
1.0,1.0,39.0,2.0,1.0,1.0,2.0,0.0,4.0,1.0,1.0,1.0,4.0,1521.0,3.0,2.0,1.0,0.0,45.0,0.0,2.0,0.0,2.0,2.0,2.0,2.0,0.0,9.0,11.0,6.0,2.0,0.0,0.0,2.0,2.0,2.0,2.0,5.0,1.0,1.0,1.0,1.0,0.0,1.0,0.0,1.0,1.0,33.0,0
2.0,2.0,38.0,2.0,1.0,1.0,2.0,0.0,6.0,2.0,1.0,1.0,5.0,1444.0,3.0,2.0,2.0,2.0,16.0,4.0,2.0,0.0,2.0,2.0,3.0,2.0,0.0,4.0,11.0,3.0,2.0,0.0,0.0,2.0,2.0,2.0,2.0,5.0,1.0,2.0,1.0,2.0,0.0,2.0,1.0,1.0,3.0,33.0,1
1.0,1.0,58.0,2.0,2.0,1.0,2.0,0.0,7.0,2.0,1.0,1.0,5.0,3364.0,3.0,2.0,1.0,0.0,45.0,0.0,2.0,0.0,2.0,2.0,2.0,2.0,0.0,12.0,11.0,6.0,2.0,0.0,0.0,2.0,2.0,2.0,2.0,5.0,1.0,1.0,1.0,1.0,0.0,1.0,0.0,1.0,1.0,32.0,0
2.0,2.0,35.0,1.0,1.0,1.0,2.0,0.0,7.0,1.0,5.0,1.0,6.0,1225.0,3.0,2.0,1.0,0.0,40.0,0.0,2.0,0.0,2.0,2.0,2.0,2.0,0.0,10.0,11.0,5.0,2.0,0.0,0.0,2.0,2.0,2.0,2.0,5.0,1.0,1.0,1.0,1.0,0.0,1.0,0.0,1.0,1.0,33.0,0
1.0,1.0,55.0,3.0,1.0,1.0,2.0,0.0,4.0,1.0,1.0,1.0,4.0,3025.0,3.0,3.0,1.0,0.0,54.0,0.0,2.0,0.0,2.0,2.0,2.0,2.0,0.0,6.0,11.0,6.0,2.0,0.0,0.0,1.0,2.0,2.0,2.0,0.0,1.0,1.0,1.0,1.0,0.0,1.0,0.0,1.0,1.0,33.0,0
2.0,1.0,65.0,2.0,1.0,1.0,2.0,0.0,2.0,1.0,4.0,1.0,2.0,4225.0,2.0,3.0,1.0,0.0,48.0,0.0,1.0,1.0,2.0,1.0,2.0,2.0,0.0,1.0,8.0,0.0,0.0,0.0,0.0,0.0,0.0,0.0,0.0,0.0,0.0,0.0,0.0,0.0,0.0,0.0,0.0,0.0,0.0,33.0,0
3.0,1.0,22.0,5.0,4.0,1.0,2.0,0.0,4.0,1.0,1.0,1.0,4.0,484.0,3.0,3.0,1.0,0.0,48.0,0.0,1.0,1.0,1.0,1.0,2.0,2.0,0.0,2.0,8.0,6.0,2.0,0.0,0.0,2.0,2.0,2.0,2.0,5.0,2.0,2.0,2.0,2.0,5.0,2.0,2.0,1.0,4.0,33.0,1
1.0,1.0,55.0,2.0,1.0,1.0,2.0,0.0,2.0,1.0,3.0,1.0,2.0,3025.0,3.0,2.0,1.0,0.0,30.0,0.0,2.0,0.0,2.0,2.0,1.0,2.0,0.0,5.0,11.0,6.0,2.0,0.0,0.0,2.0,2.0,1.0,2.0,0.0,2.0,1.0,1.0,1.0,0.0,1.0,0.0,1.0,1.0,33.0,0
3.0,1.0,41.0,5.0,4.0,1.0,2.0,0.0,4.0,2.0,1.0,1.0,3.0,1681.0,2.0,2.0,1.0,0.0,40.0,0.0,1.0,1.0,1.0,1.0,2.0,2.0,0.0,1.0,8.0,0.0,0.0,0.0,0.0,0.0,0.0,0.0,0.0,0.0,0.0,0.0,0.0,0.0,0.0,0.0,0.0,0.0,0.0,33.0,0
1.0,1.0,66.0,2.0,1.0,1.0,2.0,0.0,2.0,1.0,1.0,1.0,2.0,4356.0,2.0,2.0,1.0,0.0,30.0,0.0,1.0,3.0,1.0,2.0,2.0,2.0,0.0,1.0,6.0,0.0,0.0,0.0,0.0,0.0,0.0,0.0,0.0,0.0,0.0,0.0,0.0,0.0,0.0,0.0,0.0,0.0,0.0,33.0,0
1.0,2.0,49.0,3.0,4.0,1.0,2.0,0.0,2.0,1.0,3.0,1.0,2.0,2401.0,3.0,3.0,2.0,2.0,32.0,22.0,2.0,0.0,2.0,2.0,2.0,2.0,0.0,2.0,11.0,5.0,1.0,9.0,4.0,2.0,2.0,2.0,2.0,5.0,2.0,2.0,2.0,2.0,5.0,2.0,2.0,1.0,4.0,33.0,1
3.0,2.0,25.0,5.0,4.0,1.0,1.0,1.0,6.0,2.0,1.0,1.0,5.0,625.0,3.0,3.0,1.0,0.0,48.0,0.0,2.0,0.0,2.0,2.0,2.0,2.0,0.0,3.0,11.0,5.0,1.0,9.0,4.0,2.0,2.0,2.0,2.0,5.0,2.0,2.0,2.0,2.0,5.0,2.0,2.0,1.0,4.0,33.0,1
2.0,2.0,59.0,2.0,2.0,1.0,2.0,0.0,6.0,2.0,1.0,1.0,5.0,3481.0,2.0,2.0,1.0,0.0,40.0,0.0,2.0,0.0,2.0,2.0,2.0,2.0,0.0,99.0,8.0,0.0,0.0,0.0,0.0,0.0,0.0,0.0,0.0,0.0,0.0,0.0,0.0,0.0,0.0,0.0,0.0,0.0,0.0,32.0,0
3.0,2.0,27.0,1.0,1.0,1.0,1.0,2.0,7.0,2.0,1.0,1.0,5.0,729.0,2.0,1.0,1.0,0.0,1.0,0.0,1.0,1.0,2.0,2.0,2.0,2.0,0.0,1.0,6.0,0.0,0.0,0.0,0.0,0.0,0.0,0.0,0.0,0.0,0.0,0.0,0.0,0.0,0.0,0.0,0.0,0.0,0.0,33.0,0
4.0,1.0,29.0,1.0,1.0,1.0,2.0,0.0,4.0,1.0,1.0,1.0,4.0,841.0,3.0,3.0,1.0,0.0,48.0,0.0,1.0,1.0,2.0,2.0,1.0,2.0,0.0,6.0,11.0,6.0,2.0,0.0,0.0,2.0,2.0,2.0,2.0,5.0,1.0,1.0,1.0,1.0,0.0,1.0,0.0,1.0,1.0,33.0,0
1.0,1.0,54.0,2.0,4.0,1.0,2.0,0.0,4.0,2.0,1.0,1.0,3.0,2916.0,3.0,1.0,1.0,0.0,9.0,0.0,1.0,1.0,1.0,2.0,2.0,2.0,0.0,2.0,7.0,1.0,1.0,1.0,4.0,2.0,2.0,2.0,2.0,5.0,2.0,2.0,2.0,2.0,5.0,2.0,2.0,1.0,4.0,33.0,1
2.0,2.0,47.0,2.0,4.0,1.0,1.0,1.0,4.0,2.0,1.0,1.0,3.0,2209.0,3.0,2.0,1.0,0.0,3.0,0.0,2.0,0.0,1.0,1.0,1.0,2.0,0.0,10.0,11.0,6.0,1.0,9.0,4.0,2.0,2.0,2.0,2.0,5.0,2.0,2.0,1.0,2.0,0.0,2.0,2.0,1.0,4.0,33.0,1
5.0,2.0,32.0,5.0,1.0,1.0,2.0,0.0,7.0,1.0,1.0,1.0,6.0,1024.0,3.0,2.0,1.0,0.0,40.0,0.0,2.0,0.0,2.0,2.0,1.0,2.0,0.0,99.0,11.0,5.0,2.0,0.0,0.0,1.0,2.0,2.0,2.0,0.0,1.0,1.0,1.0,1.0,0.0,1.0,0.0,2.0,1.0,33.0,0
1.0,2.0,28.0,2.0,1.0,1.0,2.0,0.0,4.0,1.0,1.0,1.0,4.0,784.0,3.0,2.0,1.0,0.0,14.0,0.0,2.0,0.0,2.0,2.0,2.0,2.0,0.0,99.0,6.0,5.0,2.0,0.0,0.0,2.0,2.0,1.0,1.0,0.0,1.0,2.0,1.0,2.0,0.0,2.0,2.0,3.0,4.0,32.0,1
2.0,1.0,29.0,2.0,1.0,1.0,2.0,0.0,4.0,1.0,1.0,1.0,4.0,841.0,1.0,2.0,1.0,0.0,40.0,0.0,2.0,0.0,2.0,2.0,2.0,2.0,0.0,99.0,11.0,0.0,0.0,0.0,0.0,0.0,0.0,0.0,0.0,0.0,0.0,0.0,0.0,0.0,0.0,0.0,0.0,0.0,0.0,32.0,0
1.0,1.0,50.0,5.0,1.0,1.0,2.0,0.0,4.0,1.0,4.0,1.0,4.0,2500.0,3.0,3.0,1.0,0.0,66.0,0.0,2.0,0.0,2.0,2.0,2.0,2.0,0.0,8.0,8.0,5.0,2.0,0.0,0.0,2.0,2.0,2.0,2.0,5.0,2.0,2.0,2.0,1.0,0.0,2.0,1.0,1.0,4.0,33.0,1
3.0,2.0,29.0,5.0,4.0,1.0,1.0,1.0,7.0,2.0,4.0,1.0,5.0,841.0,3.0,2.0,1.0,0.0,44.0,0.0,2.0,0.0,2.0,2.0,2.0,2.0,0.0,5.0,11.0,5.0,2.0,0.0,0.0,1.0,2.0,2.0,2.0,0.0,2.0,2.0,2.0,2.0,5.0,2.0,2.0,1.0,4.0,33.0,1
3.0,2.0,27.0,5.0,1.0,1.0,2.0,0.0,4.0,1.0,4.0,1.0,4.0,729.0,3.0,2.0,1.0,0.0,24.0,0.0,2.0,0.0,2.0,2.0,2.0,2.0,0.0,9.0,11.0,5.0,2.0,0.0,0.0,2.0,2.0,2.0,2.0,5.0,1.0,1.0,1.0,1.0,0.0,1.0,0.0,1.0,1.0,33.0,0
1.0,2.0,44.0,1.0,2.0,1.0,2.0,0.0,7.0,1.0,1.0,1.0,6.0,1936.0,3.0,2.0,1.0,0.0,40.0,0.0,2.0,0.0,2.0,2.0,2.0,2.0,0.0,12.0,11.0,6.0,2.0,0.0,0.0,2.0,2.0,2.0,2.0,5.0,1.0,1.0,1.0,1.0,0.0,1.0,0.0,1.0,1.0,33.0,0
2.0,1.0,45.0,1.0,2.0,1.0,2.0,0.0,6.0,1.0,1.0,1.0,6.0,2025.0,3.0,3.0,1.0,0.0,50.0,0.0,2.0,0.0,2.0,1.0,2.0,2.0,0.0,4.0,11.0,6.0,2.0,0.0,0.0,1.0,2.0,2.0,2.0,0.0,2.0,2.0,2.0,2.0,5.0,2.0,1.0,1.0,3.0,33.0,1
1.0,1.0,31.0,2.0,1.0,1.0,2.0,0.0,5.0,2.0,1.0,1.0,3.0,961.0,3.0,3.0,1.0,0.0,54.0,0.0,2.0,0.0,2.0,2.0,2.0,2.0,0.0,99.0,11.0,6.0,2.0,0.0,0.0,1.0,2.0,2.0,2.0,0.0,1.0,1.0,1.0,1.0,0.0,1.0,0.0,1.0,1.0,33.0,0
3.0,1.0,20.0,5.0,1.0,1.0,2.0,0.0,6.0,2.0,1.0,1.0,5.0,400.0,3.0,1.0,1.0,0.0,3.0,0.0,1.0,1.0,1.0,1.0,3.0,2.0,0.0,99.0,11.0,5.0,1.0,9.0,4.0,2.0,2.0,2.0,2.0,5.0,2.0,2.0,2.0,2.0,5.0,2.0,2.0,1.0,4.0,33.0,1
1.0,1.0,43.0,2.0,1.0,1.0,2.0,0.0,4.0,1.0,1.0,1.0,4.0,1849.0,3.0,3.0,1.0,0.0,60.0,0.0,2.0,0.0,2.0,2.0,2.0,2.0,0.0,99.0,11.0,6.0,2.0,0.0,0.0,2.0,2.0,2.0,2.0,5.0,1.0,1.0,1.0,1.0,0.0,1.0,0.0,1.0,1.0,33.0,0
2.0,2.0,32.0,1.0,4.0,1.0,2.0,0.0,4.0,1.0,1.0,1.0,4.0,1024.0,2.0,1.0,1.0,0.0,12.0,0.0,1.0,1.0,1.0,1.0,2.0,2.0,0.0,1.0,11.0,0.0,0.0,0.0,0.0,0.0,0.0,0.0,0.0,0.0,0.0,0.0,0.0,0.0,0.0,0.0,0.0,0.0,0.0,33.0,0
2.0,2.0,76.0,2.0,1.0,1.0,2.0,0.0,2.0,1.0,3.0,1.0,2.0,5776.0,2.0,3.0,1.0,0.0,91.0,0.0,2.0,0.0,2.0,2.0,2.0,2.0,0.0,1.0,12.0,0.0,0.0,0.0,0.0,0.0,0.0,0.0,0.0,0.0,0.0,0.0,0.0,0.0,0.0,0.0,0.0,0.0,0.0,33.0,0
1.0,1.0,62.0,4.0,4.0,1.0,2.0,0.0,4.0,2.0,3.0,1.0,3.0,3844.0,2.0,2.0,1.0,0.0,45.0,0.0,2.0,0.0,2.0,2.0,2.0,2.0,0.0,1.0,11.0,0.0,0.0,0.0,0.0,0.0,0.0,0.0,0.0,0.0,0.0,0.0,0.0,0.0,0.0,0.0,0.0,0.0,0.0,33.0,0
1.0,1.0,54.0,2.0,1.0,1.0,2.0,0.0,4.0,2.0,1.0,1.0,3.0,2916.0,2.0,3.0,1.0,0.0,69.0,0.0,2.0,0.0,2.0,2.0,2.0,2.0,0.0,1.0,11.0,0.0,0.0,0.0,0.0,0.0,0.0,0.0,0.0,0.0,0.0,0.0,0.0,0.0,0.0,0.0,0.0,0.0,0.0,33.0,0
1.0,1.0,40.0,5.0,1.0,1.0,2.0,0.0,6.0,1.0,1.0,1.0,6.0,1600.0,2.0,2.0,1.0,0.0,40.0,0.0,2.0,0.0,2.0,2.0,2.0,2.0,0.0,1.0,8.0,0.0,0.0,0.0,0.0,0.0,0.0,0.0,0.0,0.0,0.0,0.0,0.0,0.0,0.0,0.0,0.0,0.0,0.0,33.0,0
1.0,2.0,46.0,1.0,1.0,1.0,2.0,0.0,7.0,1.0,1.0,1.0,6.0,2116.0,3.0,1.0,2.0,6.0,2.0,10.0,1.0,1.0,1.0,1.0,1.0,2.0,0.0,99.0,11.0,5.0,2.0,0.0,0.0,2.0,2.0,2.0,2.0,5.0,1.0,1.0,1.0,1.0,0.0,1.0,0.0,1.0,1.0,33.0,0
2.0,1.0,41.0,1.0,1.0,1.0,2.0,0.0,4.0,2.0,1.0,1.0,3.0,1681.0,3.0,3.0,1.0,0.0,78.0,0.0,2.0,0.0,2.0,2.0,2.0,2.0,0.0,99.0,11.0,2.0,2.0,0.0,0.0,2.0,2.0,2.0,2.0,5.0,1.0,1.0,1.0,1.0,0.0,1.0,0.0,1.0,1.0,33.0,0
1.0,2.0,63.0,5.0,1.0,1.0,2.0,0.0,2.0,1.0,1.0,1.0,2.0,3969.0,3.0,1.0,1.0,0.0,30.0,0.0,1.0,1.0,1.0,2.0,1.0,2.0,0.0,8.0,11.0,6.0,2.0,0.0,0.0,1.0,2.0,2.0,2.0,0.0,1.0,1.0,1.0,1.0,0.0,1.0,0.0,1.0,1.0,33.0,0
3.0,1.0,35.0,5.0,1.0,1.0,2.0,0.0,4.0,2.0,1.0,1.0,3.0,1225.0,3.0,3.0,1.0,0.0,48.0,0.0,2.0,0.0,2.0,2.0,2.0,2.0,0.0,99.0,11.0,6.0,2.0,0.0,0.0,2.0,2.0,2.0,2.0,5.0,1.0,1.0,1.0,1.0,0.0,1.0,0.0,1.0,1.0,33.0,0
1.0,1.0,39.0,5.0,1.0,1.0,2.0,0.0,6.0,1.0,1.0,1.0,6.0,1521.0,3.0,2.0,1.0,0.0,40.0,0.0,2.0,0.0,2.0,2.0,1.0,2.0,0.0,7.0,11.0,6.0,2.0,0.0,0.0,2.0,2.0,2.0,2.0,5.0,1.0,1.0,1.0,1.0,0.0,1.0,0.0,1.0,1.0,33.0,0
2.0,1.0,42.0,1.0,4.0,1.0,2.0,0.0,2.0,1.0,1.0,1.0,2.0,1764.0,2.0,2.0,1.0,0.0,40.0,0.0,2.0,0.0,2.0,2.0,2.0,2.0,0.0,99.0,5.0,0.0,0.0,0.0,0.0,0.0,0.0,0.0,0.0,0.0,0.0,0.0,0.0,0.0,0.0,0.0,0.0,0.0,0.0,33.0,0
1.0,2.0,51.0,1.0,1.0,2.0,2.0,0.0,2.0,2.0,1.0,1.0,1.0,2601.0,2.0,2.0,1.0,0.0,12.0,0.0,2.0,0.0,2.0,2.0,2.0,2.0,0.0,1.0,6.0,0.0,0.0,0.0,0.0,0.0,0.0,0.0,0.0,0.0,0.0,0.0,0.0,0.0,0.0,0.0,0.0,0.0,0.0,33.0,0
1.0,1.0,26.0,5.0,1.0,1.0,2.0,0.0,4.0,1.0,1.0,1.0,4.0,676.0,3.0,3.0,1.0,0.0,56.0,0.0,2.0,0.0,2.0,1.0,2.0,2.0,0.0,9.0,11.0,5.0,2.0,0.0,0.0,1.0,2.0,2.0,2.0,0.0,1.0,1.0,1.0,1.0,0.0,1.0,0.0,1.0,1.0,33.0,0
1.0,1.0,51.0,2.0,1.0,1.0,2.0,0.0,4.0,2.0,1.0,1.0,3.0,2601.0,3.0,3.0,1.0,0.0,55.0,0.0,1.0,1.0,2.0,2.0,2.0,2.0,0.0,99.0,11.0,6.0,2.0,0.0,0.0,1.0,2.0,2.0,2.0,0.0,1.0,1.0,1.0,1.0,0.0,1.0,0.0,1.0,1.0,33.0,0
2.0,2.0,49.0,2.0,1.0,1.0,2.0,0.0,4.0,2.0,1.0,1.0,3.0,2401.0,3.0,2.0,1.0,0.0,24.0,0.0,2.0,0.0,2.0,2.0,2.0,2.0,0.0,99.0,11.0,6.0,2.0,0.0,0.0,2.0,2.0,2.0,1.0,0.0,1.0,1.0,1.0,1.0,0.0,1.0,0.0,1.0,1.0,33.0,0
3.0,1.0,43.0,3.0,1.0,1.0,2.0,0.0,6.0,1.0,1.0,1.0,6.0,1849.0,3.0,2.0,1.0,0.0,40.0,0.0,2.0,0.0,2.0,2.0,2.0,2.0,0.0,8.0,11.0,6.0,2.0,0.0,0.0,2.0,2.0,2.0,2.0,5.0,1.0,1.0,1.0,1.0,0.0,1.0,0.0,1.0,1.0,33.0,0
1.0,2.0,47.0,5.0,2.0,1.0,2.0,0.0,6.0,1.0,1.0,1.0,6.0,2209.0,3.0,2.0,1.0,0.0,20.0,0.0,2.0,0.0,2.0,2.0,2.0,1.0,1.0,0.0,0.0,0.0,0.0,0.0,0.0,2.0,2.0,2.0,2.0,5.0,2.0,2.0,2.0,2.0,5.0,2.0,2.0,1.0,4.0,33.0,1
1.0,1.0,32.0,1.0,1.0,1.0,2.0,0.0,4.0,1.0,1.0,1.0,4.0,1024.0,2.0,3.0,1.0,0.0,48.0,0.0,2.0,0.0,2.0,2.0,2.0,2.0,0.0,1.0,8.0,0.0,0.0,0.0,0.0,0.0,0.0,0.0,0.0,0.0,0.0,0.0,0.0,0.0,0.0,0.0,0.0,0.0,0.0,33.0,0
2.0,1.0,36.0,1.0,4.0,1.0,2.0,0.0,2.0,1.0,3.0,1.0,2.0,1296.0,3.0,1.0,1.0,0.0,6.0,0.0,1.0,1.0,1.0,1.0,2.0,2.0,0.0,99.0,5.0,6.0,2.0,0.0,0.0,2.0,2.0,2.0,2.0,5.0,2.0,2.0,2.0,2.0,5.0,1.0,0.0,1.0,1.0,33.0,0
1.0,2.0,49.0,5.0,1.0,1.0,2.0,0.0,6.0,1.0,1.0,1.0,6.0,2401.0,3.0,3.0,2.0,2.0,30.0,24.0,2.0,0.0,2.0,2.0,1.0,2.0,0.0,8.0,11.0,6.0,2.0,0.0,0.0,2.0,2.0,2.0,2.0,5.0,1.0,1.0,1.0,1.0,0.0,1.0,0.0,1.0,1.0,32.0,0
2.0,2.0,53.0,5.0,1.0,1.0,2.0,0.0,4.0,1.0,2.0,1.0,4.0,2809.0,3.0,3.0,2.0,2.0,30.0,24.0,2.0,0.0,2.0,2.0,2.0,2.0,0.0,99.0,11.0,6.0,2.0,0.0,0.0,2.0,2.0,2.0,2.0,5.0,1.0,1.0,1.0,1.0,0.0,1.0,0.0,1.0,1.0,32.0,0
1.0,1.0,26.0,5.0,4.0,1.0,1.0,1.0,7.0,2.0,2.0,1.0,5.0,676.0,3.0,1.0,1.0,0.0,27.0,0.0,1.0,1.0,1.0,2.0,2.0,2.0,0.0,6.0,8.0,5.0,2.0,0.0,0.0,1.0,2.0,2.0,2.0,0.0,2.0,2.0,2.0,2.0,5.0,2.0,2.0,2.0,4.0,32.0,1
3.0,1.0,31.0,5.0,4.0,1.0,2.0,0.0,4.0,1.0,1.0,1.0,4.0,961.0,2.0,2.0,1.0,0.0,40.0,0.0,2.0,0.0,2.0,2.0,2.0,2.0,0.0,1.0,4.0,0.0,0.0,0.0,0.0,0.0,0.0,0.0,0.0,0.0,0.0,0.0,0.0,0.0,0.0,0.0,0.0,0.0,0.0,33.0,0
1.0,2.0,66.0,2.0,1.0,1.0,2.0,0.0,7.0,1.0,1.0,1.0,6.0,4356.0,3.0,2.0,1.0,0.0,10.0,0.0,1.0,3.0,2.0,2.0,3.0,2.0,0.0,6.0,11.0,6.0,2.0,0.0,0.0,2.0,2.0,2.0,2.0,5.0,2.0,2.0,2.0,2.0,5.0,2.0,1.0,1.0,3.0,33.0,1
2.0,1.0,67.0,2.0,1.0,1.0,2.0,0.0,4.0,2.0,1.0,1.0,3.0,4489.0,3.0,2.0,1.0,0.0,25.0,0.0,2.0,0.0,2.0,2.0,2.0,2.0,0.0,6.0,8.0,6.0,2.0,0.0,0.0,2.0,2.0,2.0,2.0,5.0,2.0,2.0,2.0,2.0,5.0,2.0,1.0,1.0,3.0,33.0,1
1.0,1.0,59.0,2.0,1.0,1.0,2.0,0.0,6.0,1.0,1.0,1.0,6.0,3481.0,3.0,2.0,1.0,0.0,40.0,0.0,2.0,0.0,2.0,2.0,1.0,2.0,0.0,11.0,11.0,6.0,2.0,0.0,0.0,2.0,2.0,2.0,2.0,5.0,1.0,1.0,1.0,1.0,0.0,1.0,0.0,1.0,1.0,33.0,0
2.0,2.0,50.0,2.0,1.0,1.0,2.0,0.0,4.0,1.0,1.0,1.0,4.0,2500.0,3.0,2.0,1.0,0.0,40.0,0.0,2.0,0.0,2.0,2.0,1.0,2.0,0.0,12.0,11.0,6.0,2.0,0.0,0.0,2.0,2.0,2.0,2.0,5.0,1.0,1.0,1.0,1.0,0.0,1.0,0.0,1.0,1.0,33.0,0
3.0,1.0,30.0,5.0,1.0,1.0,2.0,0.0,4.0,2.0,1.0,1.0,3.0,900.0,3.0,2.0,1.0,0.0,40.0,0.0,2.0,0.0,2.0,2.0,1.0,2.0,0.0,12.0,11.0,6.0,2.0,0.0,0.0,2.0,2.0,2.0,2.0,5.0,1.0,1.0,1.0,1.0,0.0,1.0,0.0,1.0,1.0,33.0,0
1.0,1.0,47.0,2.0,1.0,1.0,2.0,0.0,6.0,2.0,1.0,1.0,5.0,2209.0,3.0,2.0,1.0,0.0,45.0,0.0,2.0,0.0,2.0,2.0,2.0,2.0,0.0,11.0,11.0,6.0,2.0,0.0,0.0,1.0,2.0,2.0,2.0,0.0,1.0,1.0,1.0,1.0,0.0,1.0,0.0,1.0,1.0,33.0,0
2.0,2.0,55.0,2.0,3.0,1.0,2.0,0.0,2.0,1.0,3.0,1.0,2.0,3025.0,3.0,1.0,1.0,0.0,4.0,0.0,1.0,1.0,1.0,2.0,2.0,1.0,1.0,0.0,0.0,0.0,0.0,0.0,0.0,2.0,2.0,2.0,2.0,5.0,2.0,2.0,2.0,2.0,5.0,2.0,2.0,1.0,4.0,33.0,1
3.0,1.0,24.0,5.0,1.0,1.0,1.0,1.0,7.0,2.0,1.0,1.0,5.0,576.0,3.0,2.0,1.0,0.0,40.0,0.0,2.0,0.0,2.0,2.0,2.0,2.0,0.0,12.0,11.0,5.0,2.0,0.0,0.0,1.0,2.0,2.0,2.0,0.0,1.0,1.0,1.0,1.0,0.0,1.0,0.0,1.0,1.0,33.0,0
3.0,1.0,60.0,5.0,4.0,1.0,2.0,0.0,4.0,1.0,2.0,1.0,4.0,3600.0,2.0,3.0,1.0,0.0,72.0,0.0,2.0,0.0,2.0,2.0,2.0,2.0,0.0,1.0,11.0,0.0,0.0,0.0,0.0,0.0,0.0,0.0,0.0,0.0,0.0,0.0,0.0,0.0,0.0,0.0,0.0,0.0,0.0,33.0,0
1.0,2.0,47.0,3.0,1.0,1.0,2.0,0.0,6.0,1.0,1.0,1.0,6.0,2209.0,3.0,1.0,1.0,0.0,28.0,0.0,1.0,1.0,1.0,2.0,2.0,2.0,0.0,99.0,11.0,6.0,2.0,0.0,0.0,2.0,2.0,2.0,2.0,5.0,2.0,2.0,2.0,2.0,5.0,2.0,1.0,1.0,3.0,33.0,1
1.0,2.0,25.0,1.0,4.0,1.0,2.0,0.0,4.0,1.0,3.0,1.0,4.0,625.0,2.0,2.0,1.0,0.0,40.0,0.0,1.0,1.0,1.0,1.0,2.0,2.0,0.0,2.0,6.0,0.0,0.0,0.0,0.0,0.0,0.0,0.0,0.0,0.0,0.0,0.0,0.0,0.0,0.0,0.0,0.0,0.0,0.0,33.0,0
2.0,1.0,27.0,1.0,4.0,1.0,2.0,0.0,2.0,1.0,1.0,1.0,2.0,729.0,2.0,1.0,1.0,0.0,40.0,0.0,1.0,1.0,1.0,2.0,2.0,2.0,0.0,2.0,6.0,0.0,0.0,0.0,0.0,0.0,0.0,0.0,0.0,0.0,0.0,0.0,0.0,0.0,0.0,0.0,0.0,0.0,0.0,33.0,0
2.0,2.0,33.0,2.0,2.0,1.0,2.0,0.0,7.0,2.0,1.0,1.0,5.0,1089.0,1.0,2.0,1.0,0.0,20.0,0.0,2.0,0.0,2.0,2.0,2.0,2.0,0.0,2.0,4.0,0.0,0.0,0.0,0.0,0.0,0.0,0.0,0.0,0.0,0.0,0.0,0.0,0.0,0.0,0.0,0.0,0.0,0.0,33.0,0
1.0,1.0,40.0,2.0,2.0,1.0,2.0,0.0,7.0,1.0,1.0,1.0,6.0,1600.0,2.0,2.0,1.0,0.0,30.0,0.0,2.0,0.0,2.0,2.0,2.0,2.0,0.0,1.0,12.0,0.0,0.0,0.0,0.0,0.0,0.0,0.0,0.0,0.0,0.0,0.0,0.0,0.0,0.0,0.0,0.0,0.0,0.0,33.0,0
1.0,2.0,55.0,3.0,4.0,1.0,2.0,0.0,4.0,2.0,1.0,1.0,3.0,3025.0,3.0,1.0,2.0,4.0,8.0,24.0,1.0,1.0,1.0,1.0,2.0,1.0,4.0,0.0,0.0,0.0,0.0,0.0,0.0,1.0,2.0,2.0,2.0,0.0,2.0,2.0,2.0,2.0,5.0,2.0,2.0,1.0,4.0,33.0,1
3.0,1.0,35.0,5.0,1.0,1.0,2.0,0.0,4.0,1.0,1.0,1.0,4.0,1225.0,3.0,3.0,1.0,0.0,66.0,0.0,2.0,0.0,2.0,2.0,2.0,2.0,0.0,12.0,11.0,4.0,9.0,9.0,4.0,1.0,2.0,2.0,1.0,0.0,1.0,1.0,1.0,1.0,0.0,1.0,0.0,3.0,1.0,33.0,0
1.0,2.0,40.0,3.0,1.0,1.0,2.0,0.0,6.0,2.0,1.0,1.0,5.0,1600.0,3.0,3.0,1.0,0.0,54.0,0.0,2.0,0.0,2.0,2.0,2.0,2.0,0.0,6.0,11.0,5.0,2.0,0.0,0.0,1.0,2.0,2.0,2.0,0.0,1.0,1.0,1.0,1.0,0.0,1.0,0.0,1.0,1.0,33.0,0
3.0,1.0,20.0,5.0,4.0,1.0,2.0,0.0,4.0,1.0,1.0,1.0,4.0,400.0,2.0,2.0,1.0,0.0,12.0,0.0,2.0,0.0,2.0,2.0,2.0,2.0,0.0,2.0,8.0,0.0,0.0,0.0,0.0,0.0,0.0,0.0,0.0,0.0,0.0,0.0,0.0,0.0,0.0,0.0,0.0,0.0,0.0,33.0,0
1.0,2.0,46.0,5.0,4.0,1.0,2.0,0.0,2.0,1.0,1.0,1.0,2.0,2116.0,3.0,1.0,1.0,0.0,16.0,0.0,1.0,1.0,1.0,1.0,2.0,1.0,1.0,0.0,0.0,0.0,0.0,0.0,0.0,1.0,2.0,2.0,2.0,0.0,2.0,2.0,2.0,2.0,5.0,2.0,2.0,1.0,4.0,33.0,1
1.0,2.0,56.0,3.0,1.0,1.0,2.0,0.0,6.0,1.0,2.0,1.0,6.0,3136.0,3.0,2.0,1.0,0.0,38.0,0.0,1.0,1.0,1.0,1.0,2.0,2.0,0.0,5.0,11.0,6.0,2.0,0.0,0.0,2.0,2.0,2.0,2.0,5.0,1.0,1.0,1.0,1.0,0.0,1.0,0.0,1.0,1.0,32.0,0
1.0,2.0,36.0,1.0,4.0,1.0,2.0,0.0,4.0,1.0,1.0,1.0,4.0,1296.0,2.0,1.0,1.0,0.0,20.0,0.0,1.0,1.0,1.0,2.0,2.0,2.0,0.0,1.0,11.0,0.0,0.0,0.0,0.0,0.0,0.0,0.0,0.0,0.0,0.0,0.0,0.0,0.0,0.0,0.0,0.0,0.0,0.0,33.0,0
2.0,1.0,33.0,1.0,1.0,1.0,2.0,0.0,4.0,1.0,1.0,1.0,4.0,1089.0,3.0,2.0,1.0,0.0,45.0,0.0,2.0,0.0,2.0,2.0,2.0,2.0,0.0,7.0,4.0,6.0,2.0,0.0,0.0,2.0,2.0,2.0,2.0,5.0,1.0,1.0,1.0,1.0,0.0,1.0,0.0,1.0,1.0,33.0,0
1.0,1.0,58.0,2.0,1.0,1.0,2.0,0.0,4.0,1.0,3.0,1.0,4.0,3364.0,3.0,2.0,1.0,0.0,40.0,0.0,2.0,0.0,2.0,2.0,2.0,2.0,0.0,99.0,11.0,6.0,2.0,0.0,0.0,2.0,2.0,2.0,2.0,5.0,1.0,1.0,1.0,1.0,0.0,1.0,0.0,1.0,1.0,33.0,0
1.0,2.0,35.0,5.0,1.0,1.0,2.0,0.0,3.0,1.0,1.0,1.0,3.0,1225.0,3.0,1.0,1.0,0.0,9.0,0.0,1.0,1.0,1.0,1.0,2.0,1.0,1.0,0.0,0.0,0.0,0.0,0.0,0.0,1.0,2.0,1.0,2.0,0.0,2.0,2.0,2.0,2.0,5.0,2.0,2.0,1.0,4.0,33.0,1
1.0,1.0,34.0,1.0,4.0,1.0,2.0,0.0,4.0,1.0,1.0,1.0,4.0,1156.0,2.0,2.0,1.0,0.0,40.0,0.0,2.0,0.0,2.0,2.0,2.0,2.0,0.0,1.0,8.0,0.0,0.0,0.0,0.0,0.0,0.0,0.0,0.0,0.0,0.0,0.0,0.0,0.0,0.0,0.0,0.0,0.0,0.0,33.0,0
2.0,2.0,38.0,1.0,1.0,1.0,1.0,1.0,6.0,2.0,1.0,1.0,5.0,1444.0,3.0,2.0,1.0,0.0,40.0,0.0,2.0,0.0,2.0,2.0,1.0,2.0,0.0,12.0,11.0,6.0,2.0,0.0,0.0,2.0,2.0,2.0,2.0,5.0,1.0,1.0,1.0,1.0,0.0,1.0,0.0,1.0,1.0,33.0,0
1.0,2.0,60.0,2.0,1.0,1.0,2.0,0.0,6.0,1.0,1.0,1.0,6.0,3600.0,3.0,2.0,1.0,0.0,30.0,0.0,2.0,0.0,2.0,2.0,3.0,2.0,0.0,7.0,11.0,5.0,2.0,0.0,0.0,2.0,2.0,2.0,2.0,5.0,1.0,1.0,1.0,1.0,0.0,1.0,0.0,1.0,1.0,33.0,0
3.0,2.0,24.0,5.0,1.0,1.0,1.0,1.0,7.0,2.0,1.0,1.0,5.0,576.0,3.0,2.0,1.0,0.0,36.0,0.0,2.0,0.0,2.0,2.0,2.0,2.0,0.0,2.0,11.0,4.0,1.0,9.0,4.0,2.0,2.0,2.0,2.0,5.0,2.0,2.0,2.0,2.0,5.0,2.0,2.0,1.0,4.0,33.0,1
1.0,1.0,50.0,5.0,1.0,1.0,2.0,0.0,4.0,1.0,2.0,1.0,4.0,2500.0,1.0,3.0,2.0,2.0,54.0,18.0,2.0,0.0,2.0,2.0,2.0,2.0,0.0,3.0,11.0,0.0,0.0,0.0,0.0,0.0,0.0,0.0,0.0,0.0,0.0,0.0,0.0,0.0,0.0,0.0,0.0,0.0,0.0,33.0,0
1.0,1.0,44.0,3.0,1.0,1.0,2.0,0.0,4.0,1.0,1.0,1.0,4.0,1936.0,3.0,3.0,1.0,0.0,56.0,0.0,2.0,0.0,2.0,2.0,2.0,2.0,0.0,9.0,11.0,6.0,2.0,0.0,0.0,1.0,2.0,2.0,1.0,0.0,1.0,1.0,1.0,1.0,0.0,1.0,0.0,3.0,1.0,33.0,0
1.0,1.0,45.0,5.0,1.0,1.0,2.0,0.0,7.0,1.0,1.0,1.0,6.0,2025.0,3.0,2.0,1.0,0.0,40.0,0.0,2.0,0.0,2.0,2.0,2.0,2.0,0.0,4.0,11.0,5.0,2.0,0.0,0.0,1.0,2.0,2.0,2.0,0.0,1.0,1.0,1.0,1.0,0.0,1.0,0.0,1.0,1.0,33.0,0
1.0,1.0,44.0,2.0,1.0,1.0,2.0,0.0,2.0,1.0,1.0,1.0,2.0,1936.0,3.0,2.0,1.0,0.0,40.0,0.0,2.0,0.0,2.0,2.0,2.0,2.0,0.0,99.0,11.0,6.0,2.0,0.0,0.0,2.0,2.0,2.0,2.0,5.0,1.0,1.0,1.0,1.0,0.0,1.0,0.0,1.0,1.0,33.0,0
2.0,2.0,43.0,2.0,1.0,1.0,2.0,0.0,2.0,1.0,1.0,1.0,2.0,1849.0,3.0,2.0,1.0,0.0,24.0,0.0,2.0,0.0,2.0,2.0,1.0,2.0,0.0,10.0,11.0,5.0,2.0,0.0,0.0,2.0,2.0,2.0,2.0,5.0,1.0,1.0,1.0,1.0,0.0,1.0,0.0,1.0,1.0,33.0,0
1.0,2.0,37.0,1.0,4.0,1.0,2.0,0.0,2.0,2.0,1.0,1.0,1.0,1369.0,2.0,2.0,1.0,0.0,12.0,0.0,1.0,3.0,1.0,2.0,2.0,2.0,0.0,1.0,9.0,0.0,0.0,0.0,0.0,0.0,0.0,0.0,0.0,0.0,0.0,0.0,0.0,0.0,0.0,0.0,0.0,0.0,0.0,33.0,0
2.0,1.0,30.0,1.0,4.0,1.0,2.0,0.0,4.0,2.0,1.0,1.0,3.0,900.0,2.0,1.0,1.0,0.0,20.0,0.0,1.0,1.0,1.0,2.0,2.0,2.0,0.0,1.0,9.0,0.0,0.0,0.0,0.0,0.0,0.0,0.0,0.0,0.0,0.0,0.0,0.0,0.0,0.0,0.0,0.0,0.0,0.0,33.0,0
1.0,1.0,47.0,2.0,4.0,1.0,2.0,0.0,2.0,1.0,1.0,1.0,2.0,2209.0,3.0,2.0,1.0,0.0,32.0,0.0,2.0,0.0,2.0,2.0,2.0,2.0,0.0,7.0,4.0,5.0,2.0,0.0,0.0,2.0,2.0,2.0,2.0,5.0,2.0,2.0,2.0,2.0,5.0,2.0,2.0,1.0,4.0,33.0,1
1.0,1.0,45.0,3.0,1.0,1.0,1.0,1.0,7.0,2.0,1.0,1.0,5.0,2025.0,3.0,2.0,2.0,5.0,23.0,19.0,1.0,1.0,1.0,2.0,2.0,2.0,0.0,8.0,11.0,5.0,2.0,0.0,0.0,2.0,2.0,2.0,2.0,5.0,1.0,1.0,1.0,1.0,0.0,1.0,0.0,1.0,1.0,33.0,0
3.0,1.0,23.0,5.0,1.0,1.0,1.0,1.0,6.0,2.0,1.0,1.0,5.0,529.0,3.0,2.0,1.0,0.0,35.0,0.0,1.0,1.0,9.0,1.0,1.0,2.0,0.0,99.0,9.0,5.0,2.0,0.0,0.0,2.0,2.0,2.0,2.0,5.0,2.0,2.0,2.0,2.0,5.0,2.0,1.0,1.0,3.0,33.0,1
3.0,1.0,19.0,5.0,4.0,1.0,2.0,0.0,4.0,1.0,1.0,1.0,4.0,361.0,2.0,1.0,1.0,0.0,12.0,0.0,1.0,1.0,1.0,2.0,2.0,2.0,0.0,1.0,6.0,0.0,0.0,0.0,0.0,0.0,0.0,0.0,0.0,0.0,0.0,0.0,0.0,0.0,0.0,0.0,0.0,0.0,0.0,33.0,0
1.0,2.0,34.0,2.0,4.0,1.0,2.0,0.0,5.0,2.0,4.0,1.0,3.0,1156.0,2.0,1.0,1.0,0.0,6.0,0.0,1.0,1.0,1.0,1.0,2.0,2.0,0.0,1.0,9.0,0.0,0.0,0.0,0.0,0.0,0.0,0.0,0.0,0.0,0.0,0.0,0.0,0.0,0.0,0.0,0.0,0.0,0.0,33.0,0
2.0,1.0,32.0,2.0,4.0,1.0,2.0,0.0,5.0,1.0,4.0,1.0,4.0,1024.0,3.0,3.0,2.0,2.0,40.0,7.0,1.0,1.0,1.0,2.0,2.0,2.0,0.0,7.0,5.0,5.0,1.0,3.0,4.0,2.0,2.0,2.0,2.0,5.0,1.0,1.0,1.0,2.0,0.0,2.0,2.0,1.0,4.0,33.0,1
1.0,1.0,39.0,1.0,1.0,1.0,2.0,0.0,4.0,1.0,5.0,1.0,4.0,1521.0,3.0,3.0,1.0,0.0,56.0,0.0,2.0,0.0,2.0,2.0,2.0,2.0,0.0,12.0,4.0,5.0,2.0,0.0,0.0,2.0,2.0,2.0,2.0,5.0,2.0,2.0,2.0,2.0,5.0,2.0,2.0,3.0,4.0,33.0,1
1.0,2.0,63.0,3.0,1.0,1.0,2.0,0.0,2.0,1.0,3.0,1.0,2.0,3969.0,2.0,2.0,1.0,0.0,4.0,0.0,2.0,0.0,2.0,2.0,2.0,2.0,0.0,1.0,6.0,0.0,0.0,0.0,0.0,0.0,0.0,0.0,0.0,0.0,0.0,0.0,0.0,0.0,0.0,0.0,0.0,0.0,0.0,33.0,0
3.0,2.0,49.0,5.0,1.0,1.0,2.0,0.0,4.0,1.0,1.0,1.0,4.0,2401.0,3.0,2.0,1.0,0.0,45.0,0.0,2.0,0.0,2.0,2.0,2.0,2.0,0.0,99.0,11.0,6.0,2.0,0.0,0.0,2.0,2.0,2.0,2.0,5.0,1.0,1.0,1.0,1.0,0.0,1.0,0.0,1.0,1.0,33.0,0
2.0,2.0,40.0,1.0,4.0,1.0,2.0,0.0,4.0,2.0,1.0,1.0,3.0,1600.0,3.0,2.0,1.0,0.0,24.0,0.0,2.0,0.0,2.0,2.0,2.0,2.0,0.0,4.0,11.0,5.0,2.0,0.0,0.0,1.0,2.0,2.0,2.0,0.0,2.0,2.0,2.0,2.0,5.0,2.0,2.0,1.0,4.0,33.0,1
3.0,1.0,20.0,5.0,1.0,1.0,2.0,0.0,4.0,1.0,1.0,1.0,4.0,400.0,3.0,3.0,1.0,0.0,67.0,0.0,2.0,0.0,2.0,2.0,2.0,2.0,0.0,99.0,8.0,2.0,2.0,0.0,0.0,2.0,2.0,2.0,2.0,5.0,1.0,1.0,1.0,1.0,0.0,1.0,0.0,1.0,1.0,33.0,0
3.0,2.0,18.0,5.0,4.0,1.0,2.0,0.0,4.0,1.0,1.0,1.0,4.0,324.0,3.0,2.0,1.0,0.0,24.0,0.0,2.0,0.0,2.0,2.0,2.0,2.0,0.0,4.0,11.0,5.0,2.0,0.0,0.0,1.0,2.0,2.0,2.0,0.0,2.0,2.0,2.0,2.0,5.0,2.0,2.0,1.0,4.0,33.0,1
3.0,2.0,39.0,5.0,4.0,1.0,2.0,0.0,4.0,1.0,1.0,1.0,4.0,1521.0,2.0,3.0,1.0,0.0,48.0,0.0,2.0,0.0,2.0,2.0,2.0,2.0,0.0,1.0,11.0,0.0,0.0,0.0,0.0,0.0,0.0,0.0,0.0,0.0,0.0,0.0,0.0,0.0,0.0,0.0,0.0,0.0,0.0,33.0,0
1.0,2.0,44.0,3.0,4.0,1.0,2.0,0.0,2.0,1.0,4.0,1.0,2.0,1936.0,3.0,2.0,1.0,0.0,45.0,0.0,2.0,0.0,2.0,1.0,2.0,1.0,1.0,0.0,0.0,0.0,0.0,0.0,0.0,1.0,2.0,2.0,2.0,0.0,2.0,2.0,2.0,2.0,5.0,2.0,2.0,1.0,4.0,33.0,1
1.0,1.0,30.0,5.0,1.0,1.0,1.0,1.0,7.0,2.0,3.0,1.0,5.0,900.0,3.0,2.0,1.0,0.0,40.0,0.0,2.0,0.0,2.0,2.0,1.0,2.0,0.0,9.0,11.0,6.0,2.0,0.0,0.0,2.0,2.0,2.0,2.0,5.0,1.0,1.0,1.0,1.0,0.0,1.0,0.0,3.0,1.0,32.0,0
1.0,1.0,47.0,1.0,4.0,1.0,2.0,0.0,4.0,2.0,1.0,1.0,3.0,2209.0,2.0,3.0,1.0,0.0,70.0,0.0,2.0,0.0,2.0,2.0,2.0,2.0,0.0,2.0,12.0,0.0,0.0,0.0,0.0,0.0,0.0,0.0,0.0,0.0,0.0,0.0,0.0,0.0,0.0,0.0,0.0,0.0,0.0,33.0,0
2.0,2.0,49.0,1.0,4.0,1.0,2.0,0.0,4.0,2.0,1.0,1.0,3.0,2401.0,2.0,3.0,1.0,0.0,70.0,0.0,2.0,0.0,2.0,2.0,2.0,2.0,0.0,2.0,12.0,0.0,0.0,0.0,0.0,0.0,0.0,0.0,0.0,0.0,0.0,0.0,0.0,0.0,0.0,0.0,0.0,0.0,0.0,33.0,0
3.0,1.0,19.0,5.0,1.0,1.0,2.0,0.0,4.0,1.0,1.0,1.0,4.0,361.0,3.0,2.0,1.0,0.0,30.0,0.0,2.0,0.0,2.0,2.0,1.0,2.0,0.0,12.0,11.0,5.0,2.0,0.0,0.0,1.0,2.0,2.0,2.0,0.0,1.0,1.0,1.0,1.0,0.0,1.0,0.0,1.0,1.0,33.0,0
1.0,2.0,40.0,3.0,1.0,1.0,2.0,0.0,4.0,1.0,1.0,1.0,4.0,1600.0,3.0,3.0,1.0,0.0,48.0,0.0,2.0,0.0,2.0,1.0,2.0,2.0,0.0,99.0,11.0,5.0,2.0,0.0,0.0,1.0,2.0,2.0,2.0,0.0,1.0,1.0,1.0,1.0,0.0,1.0,0.0,3.0,1.0,33.0,0
1.0,2.0,51.0,2.0,1.0,1.0,2.0,0.0,4.0,2.0,5.0,1.0,3.0,2601.0,3.0,2.0,1.0,0.0,24.0,0.0,2.0,0.0,2.0,2.0,2.0,2.0,0.0,7.0,11.0,6.0,2.0,0.0,0.0,2.0,2.0,2.0,2.0,5.0,1.0,1.0,1.0,1.0,0.0,1.0,0.0,1.0,1.0,33.0,0
3.0,1.0,28.0,2.0,1.0,1.0,2.0,0.0,4.0,1.0,1.0,1.0,4.0,784.0,3.0,4.0,0.0,0.0,0.0,0.0,2.0,0.0,2.0,2.0,2.0,2.0,0.0,7.0,11.0,6.0,2.0,0.0,0.0,2.0,2.0,2.0,2.0,5.0,1.0,1.0,1.0,1.0,0.0,1.0,0.0,1.0,1.0,33.0,0
3.0,2.0,25.0,2.0,1.0,1.0,2.0,0.0,4.0,1.0,1.0,1.0,4.0,625.0,3.0,2.0,1.0,0.0,24.0,0.0,2.0,0.0,2.0,2.0,2.0,2.0,0.0,9.0,8.0,6.0,2.0,0.0,0.0,2.0,2.0,2.0,2.0,5.0,1.0,1.0,1.0,1.0,0.0,1.0,0.0,1.0,1.0,33.0,0
3.0,1.0,23.0,2.0,4.0,1.0,2.0,0.0,4.0,1.0,1.0,1.0,4.0,529.0,3.0,2.0,1.0,0.0,40.0,0.0,2.0,0.0,2.0,2.0,2.0,2.0,0.0,7.0,5.0,5.0,2.0,0.0,0.0,2.0,2.0,2.0,2.0,5.0,2.0,2.0,2.0,2.0,5.0,2.0,2.0,1.0,4.0,33.0,1
2.0,1.0,45.0,2.0,4.0,1.0,2.0,0.0,2.0,1.0,4.0,1.0,2.0,2025.0,2.0,4.0,0.0,0.0,0.0,0.0,2.0,0.0,2.0,2.0,2.0,2.0,0.0,1.0,8.0,0.0,0.0,0.0,0.0,0.0,0.0,0.0,0.0,0.0,0.0,0.0,0.0,0.0,0.0,0.0,0.0,0.0,0.0,33.0,0
1.0,1.0,28.0,5.0,1.0,1.0,2.0,0.0,7.0,2.0,1.0,1.0,5.0,784.0,2.0,1.0,1.0,0.0,30.0,0.0,1.0,1.0,1.0,1.0,2.0,2.0,0.0,1.0,8.0,0.0,0.0,0.0,0.0,0.0,0.0,0.0,0.0,0.0,0.0,0.0,0.0,0.0,0.0,0.0,0.0,0.0,0.0,33.0,0
1.0,2.0,39.0,1.0,1.0,1.0,2.0,0.0,7.0,1.0,1.0,1.0,6.0,1521.0,3.0,2.0,1.0,0.0,40.0,0.0,2.0,0.0,2.0,2.0,2.0,2.0,0.0,12.0,11.0,5.0,2.0,0.0,0.0,2.0,2.0,2.0,2.0,5.0,1.0,1.0,1.0,1.0,0.0,1.0,0.0,1.0,1.0,33.0,0
2.0,1.0,34.0,1.0,1.0,1.0,2.0,0.0,4.0,1.0,1.0,1.0,4.0,1156.0,3.0,2.0,1.0,0.0,40.0,0.0,2.0,0.0,2.0,2.0,2.0,2.0,0.0,99.0,11.0,5.0,2.0,0.0,0.0,2.0,2.0,2.0,2.0,5.0,1.0,1.0,1.0,1.0,0.0,1.0,0.0,1.0,1.0,33.0,0
1.0,1.0,45.0,5.0,4.0,1.0,2.0,0.0,7.0,1.0,1.0,1.0,6.0,2025.0,3.0,3.0,2.0,3.0,30.0,20.0,2.0,0.0,2.0,2.0,2.0,2.0,0.0,1.0,6.0,6.0,9.0,9.0,4.0,2.0,2.0,2.0,2.0,5.0,2.0,2.0,2.0,2.0,5.0,2.0,1.0,1.0,4.0,33.0,1
8.0,1.0,40.0,5.0,1.0,1.0,2.0,0.0,4.0,1.0,1.0,1.0,4.0,1600.0,3.0,3.0,1.0,0.0,48.0,0.0,2.0,0.0,2.0,2.0,2.0,2.0,0.0,8.0,11.0,6.0,2.0,0.0,0.0,2.0,2.0,2.0,2.0,5.0,1.0,1.0,1.0,1.0,0.0,1.0,0.0,1.0,1.0,33.0,0
1.0,1.0,38.0,5.0,1.0,1.0,2.0,0.0,6.0,1.0,1.0,1.0,6.0,1444.0,3.0,2.0,1.0,0.0,36.0,0.0,2.0,0.0,2.0,2.0,2.0,2.0,0.0,99.0,11.0,6.0,2.0,0.0,0.0,2.0,2.0,2.0,2.0,5.0,1.0,1.0,1.0,1.0,0.0,1.0,0.0,1.0,1.0,33.0,0
2.0,1.0,25.0,1.0,1.0,1.0,2.0,0.0,4.0,1.0,1.0,1.0,4.0,625.0,3.0,3.0,1.0,0.0,54.0,0.0,2.0,0.0,2.0,2.0,2.0,2.0,0.0,11.0,11.0,6.0,2.0,0.0,0.0,1.0,2.0,2.0,2.0,0.0,1.0,1.0,1.0,1.0,0.0,1.0,0.0,1.0,1.0,33.0,0
3.0,2.0,25.0,5.0,4.0,1.0,1.0,1.0,4.0,2.0,1.0,1.0,3.0,625.0,3.0,2.0,1.0,0.0,12.0,0.0,2.0,0.0,2.0,2.0,2.0,1.0,1.0,0.0,0.0,0.0,0.0,0.0,0.0,2.0,2.0,2.0,2.0,5.0,2.0,2.0,2.0,2.0,5.0,2.0,2.0,1.0,1.0,33.0,1
1.0,1.0,73.0,2.0,1.0,2.0,2.0,0.0,2.0,2.0,3.0,1.0,1.0,5329.0,2.0,1.0,2.0,2.0,20.0,5.0,1.0,1.0,1.0,2.0,2.0,2.0,0.0,3.0,3.0,0.0,0.0,0.0,0.0,0.0,0.0,0.0,0.0,0.0,0.0,0.0,0.0,0.0,0.0,0.0,0.0,0.0,0.0,33.0,0
2.0,2.0,63.0,2.0,1.0,1.0,2.0,0.0,2.0,2.0,1.0,1.0,1.0,3969.0,2.0,2.0,1.0,0.0,25.0,0.0,2.0,0.0,2.0,2.0,2.0,2.0,0.0,3.0,6.0,0.0,0.0,0.0,0.0,0.0,0.0,0.0,0.0,0.0,0.0,0.0,0.0,0.0,0.0,0.0,0.0,0.0,0.0,33.0,0
5.0,1.0,18.0,5.0,4.0,1.0,2.0,0.0,2.0,2.0,1.0,1.0,1.0,324.0,2.0,2.0,1.0,0.0,40.0,0.0,1.0,1.0,1.0,1.0,2.0,2.0,0.0,1.0,6.0,0.0,0.0,0.0,0.0,0.0,0.0,0.0,0.0,0.0,0.0,0.0,0.0,0.0,0.0,0.0,0.0,0.0,0.0,33.0,0
5.0,2.0,20.0,5.0,4.0,1.0,2.0,0.0,2.0,2.0,1.0,1.0,1.0,400.0,4.0,2.0,1.0,0.0,25.0,0.0,2.0,0.0,2.0,2.0,2.0,2.0,0.0,3.0,6.0,0.0,0.0,0.0,0.0,0.0,0.0,0.0,0.0,0.0,0.0,0.0,0.0,0.0,0.0,0.0,0.0,0.0,0.0,33.0,1
1.0,2.0,30.0,5.0,1.0,1.0,2.0,0.0,7.0,1.0,1.0,1.0,6.0,900.0,3.0,2.0,1.0,0.0,40.0,0.0,2.0,0.0,2.0,1.0,2.0,2.0,0.0,6.0,6.0,5.0,2.0,0.0,0.0,2.0,2.0,2.0,2.0,5.0,2.0,2.0,2.0,2.0,5.0,2.0,1.0,1.0,3.0,33.0,1
1.0,1.0,58.0,2.0,1.0,1.0,2.0,0.0,4.0,1.0,1.0,1.0,4.0,3364.0,3.0,4.0,0.0,0.0,0.0,0.0,2.0,0.0,2.0,2.0,1.0,2.0,0.0,7.0,9.0,6.0,2.0,0.0,0.0,2.0,2.0,2.0,2.0,5.0,1.0,1.0,1.0,1.0,0.0,1.0,0.0,3.0,1.0,33.0,0
1.0,1.0,68.0,2.0,1.0,1.0,2.0,0.0,6.0,2.0,1.0,1.0,5.0,4624.0,3.0,2.0,1.0,0.0,45.0,0.0,2.0,0.0,2.0,2.0,2.0,2.0,0.0,99.0,5.0,5.0,2.0,0.0,0.0,2.0,2.0,2.0,2.0,5.0,1.0,1.0,1.0,1.0,0.0,1.0,0.0,1.0,1.0,33.0,0
1.0,2.0,39.0,1.0,1.0,1.0,2.0,0.0,7.0,1.0,1.0,1.0,6.0,1521.0,3.0,2.0,1.0,0.0,45.0,0.0,2.0,0.0,2.0,2.0,2.0,2.0,0.0,8.0,10.0,6.0,2.0,0.0,0.0,2.0,2.0,2.0,2.0,5.0,1.0,1.0,1.0,1.0,0.0,1.0,0.0,1.0,1.0,32.0,0
2.0,1.0,40.0,1.0,1.0,1.0,2.0,0.0,7.0,1.0,1.0,1.0,6.0,1600.0,3.0,2.0,1.0,0.0,45.0,0.0,2.0,0.0,2.0,2.0,2.0,2.0,0.0,12.0,11.0,6.0,2.0,0.0,0.0,2.0,2.0,2.0,2.0,5.0,1.0,1.0,1.0,1.0,0.0,1.0,0.0,1.0,1.0,32.0,0
1.0,2.0,50.0,1.0,1.0,1.0,2.0,0.0,7.0,2.0,1.0,1.0,5.0,2500.0,3.0,2.0,1.0,0.0,45.0,0.0,2.0,0.0,2.0,2.0,2.0,2.0,0.0,9.0,11.0,6.0,2.0,0.0,0.0,1.0,2.0,2.0,2.0,0.0,1.0,1.0,1.0,1.0,0.0,1.0,0.0,1.0,1.0,32.0,0
2.0,1.0,50.0,1.0,1.0,1.0,2.0,0.0,7.0,2.0,1.0,1.0,5.0,2500.0,3.0,3.0,1.0,0.0,54.0,0.0,2.0,0.0,2.0,2.0,2.0,2.0,0.0,8.0,11.0,6.0,2.0,0.0,0.0,1.0,2.0,2.0,2.0,0.0,1.0,1.0,1.0,1.0,0.0,1.0,0.0,1.0,1.0,32.0,0
1.0,2.0,60.0,3.0,2.0,1.0,2.0,0.0,7.0,1.0,1.0,1.0,6.0,3600.0,2.0,2.0,1.0,0.0,40.0,0.0,2.0,0.0,2.0,2.0,2.0,2.0,0.0,1.0,6.0,0.0,0.0,0.0,0.0,0.0,0.0,0.0,0.0,0.0,0.0,0.0,0.0,0.0,0.0,0.0,0.0,0.0,0.0,32.0,0
2.0,2.0,53.0,2.0,1.0,1.0,2.0,0.0,2.0,1.0,1.0,1.0,2.0,2809.0,2.0,2.0,1.0,0.0,12.0,0.0,2.0,0.0,2.0,2.0,2.0,2.0,0.0,1.0,6.0,0.0,0.0,0.0,0.0,0.0,0.0,0.0,0.0,0.0,0.0,0.0,0.0,0.0,0.0,0.0,0.0,0.0,0.0,33.0,0
1.0,1.0,55.0,2.0,1.0,1.0,2.0,0.0,4.0,1.0,1.0,1.0,4.0,3025.0,1.0,2.0,1.0,0.0,35.0,0.0,2.0,0.0,2.0,2.0,2.0,2.0,0.0,2.0,4.0,0.0,0.0,0.0,0.0,0.0,0.0,0.0,0.0,0.0,0.0,0.0,0.0,0.0,0.0,0.0,0.0,0.0,0.0,33.0,0
2.0,2.0,51.0,2.0,1.0,1.0,2.0,0.0,6.0,1.0,1.0,1.0,6.0,2601.0,3.0,2.0,1.0,0.0,18.0,0.0,2.0,0.0,2.0,2.0,1.0,2.0,0.0,99.0,11.0,6.0,2.0,0.0,0.0,1.0,2.0,2.0,2.0,0.0,1.0,1.0,1.0,1.0,0.0,1.0,0.0,1.0,1.0,33.0,0
3.0,1.0,26.0,5.0,1.0,1.0,2.0,0.0,6.0,1.0,1.0,1.0,6.0,676.0,3.0,3.0,2.0,3.0,30.0,36.0,2.0,0.0,2.0,2.0,2.0,2.0,0.0,99.0,11.0,5.0,2.0,0.0,0.0,2.0,2.0,2.0,2.0,5.0,2.0,2.0,2.0,2.0,5.0,2.0,2.0,1.0,4.0,33.0,1
3.0,1.0,25.0,5.0,1.0,1.0,1.0,1.0,7.0,2.0,1.0,1.0,5.0,625.0,3.0,2.0,2.0,2.0,30.0,15.0,2.0,0.0,2.0,2.0,2.0,2.0,0.0,99.0,11.0,5.0,2.0,0.0,0.0,2.0,2.0,2.0,2.0,5.0,1.0,1.0,1.0,1.0,0.0,1.0,0.0,1.0,1.0,33.0,0
3.0,2.0,23.0,5.0,1.0,1.0,1.0,1.0,7.0,2.0,1.0,1.0,5.0,529.0,3.0,2.0,1.0,0.0,40.0,0.0,2.0,0.0,2.0,2.0,2.0,2.0,0.0,11.0,11.0,5.0,2.0,0.0,0.0,2.0,2.0,2.0,2.0,5.0,1.0,1.0,1.0,1.0,0.0,1.0,0.0,1.0,1.0,33.0,0
3.0,2.0,20.0,5.0,1.0,1.0,1.0,2.0,6.0,2.0,1.0,1.0,5.0,400.0,3.0,1.0,1.0,0.0,9.0,0.0,1.0,1.0,1.0,2.0,2.0,2.0,0.0,7.0,8.0,5.0,1.0,9.0,4.0,1.0,2.0,2.0,2.0,0.0,2.0,2.0,2.0,2.0,5.0,2.0,2.0,1.0,4.0,33.0,1
1.0,2.0,31.0,3.0,4.0,1.0,2.0,0.0,4.0,1.0,1.0,1.0,4.0,961.0,3.0,2.0,1.0,0.0,16.0,0.0,2.0,0.0,2.0,2.0,2.0,1.0,4.0,0.0,0.0,0.0,0.0,0.0,0.0,1.0,2.0,2.0,2.0,0.0,2.0,2.0,2.0,2.0,5.0,2.0,2.0,3.0,4.0,33.0,1
1.0,2.0,32.0,2.0,1.0,1.0,2.0,0.0,4.0,1.0,1.0,1.0,4.0,1024.0,3.0,1.0,1.0,0.0,8.0,0.0,1.0,1.0,1.0,2.0,2.0,1.0,1.0,0.0,0.0,0.0,0.0,0.0,0.0,1.0,2.0,2.0,2.0,0.0,2.0,2.0,2.0,2.0,5.0,2.0,2.0,1.0,4.0,33.0,1
2.0,1.0,35.0,2.0,4.0,1.0,2.0,0.0,4.0,1.0,1.0,1.0,4.0,1225.0,2.0,1.0,1.0,0.0,15.0,0.0,1.0,1.0,1.0,2.0,2.0,2.0,0.0,1.0,9.0,0.0,0.0,0.0,0.0,0.0,0.0,0.0,0.0,0.0,0.0,0.0,0.0,0.0,0.0,0.0,0.0,0.0,0.0,33.0,0
1.0,1.0,47.0,1.0,1.0,2.0,2.0,0.0,2.0,2.0,3.0,1.0,1.0,2209.0,3.0,3.0,1.0,0.0,48.0,0.0,2.0,0.0,2.0,2.0,2.0,2.0,0.0,7.0,11.0,6.0,2.0,0.0,0.0,1.0,2.0,2.0,2.0,0.0,1.0,1.0,1.0,1.0,0.0,1.0,0.0,3.0,1.0,33.0,0
2.0,2.0,42.0,1.0,1.0,1.0,2.0,0.0,4.0,1.0,1.0,1.0,4.0,1764.0,3.0,2.0,1.0,0.0,9.0,0.0,2.0,0.0,2.0,2.0,2.0,1.0,1.0,0.0,0.0,0.0,0.0,0.0,0.0,2.0,2.0,2.0,2.0,5.0,1.0,1.0,1.0,1.0,0.0,1.0,0.0,1.0,1.0,33.0,0
2.0,2.0,43.0,1.0,4.0,1.0,2.0,0.0,4.0,2.0,3.0,1.0,3.0,1849.0,3.0,1.0,2.0,2.0,10.0,5.0,1.0,1.0,2.0,1.0,2.0,1.0,2.0,0.0,0.0,0.0,0.0,0.0,0.0,2.0,2.0,1.0,1.0,0.0,2.0,2.0,2.0,2.0,5.0,2.0,2.0,2.0,4.0,33.0,1
1.0,2.0,44.0,1.0,1.0,1.0,2.0,0.0,7.0,1.0,1.0,1.0,6.0,1936.0,3.0,2.0,1.0,0.0,40.0,0.0,2.0,0.0,2.0,2.0,2.0,2.0,0.0,5.0,11.0,6.0,2.0,0.0,0.0,2.0,2.0,2.0,2.0,5.0,1.0,1.0,1.0,1.0,0.0,1.0,0.0,1.0,1.0,32.0,0
2.0,1.0,31.0,1.0,1.0,1.0,2.0,0.0,4.0,1.0,4.0,4.0,4.0,961.0,3.0,2.0,1.0,0.0,45.0,0.0,2.0,0.0,2.0,2.0,2.0,2.0,0.0,99.0,11.0,4.0,2.0,0.0,0.0,1.0,2.0,2.0,2.0,0.0,1.0,1.0,1.0,1.0,0.0,1.0,0.0,1.0,1.0,32.0,0
1.0,1.0,38.0,5.0,1.0,1.0,1.0,1.0,7.0,2.0,1.0,1.0,5.0,1444.0,2.0,3.0,2.0,3.0,35.0,14.0,2.0,0.0,2.0,1.0,2.0,2.0,0.0,1.0,4.0,0.0,0.0,0.0,0.0,0.0,0.0,0.0,0.0,0.0,0.0,0.0,0.0,0.0,0.0,0.0,0.0,0.0,0.0,32.0,0
1.0,1.0,33.0,2.0,2.0,1.0,2.0,0.0,4.0,1.0,1.0,1.0,4.0,1089.0,2.0,2.0,1.0,0.0,37.0,0.0,1.0,1.0,1.0,1.0,2.0,2.0,0.0,1.0,8.0,0.0,0.0,0.0,0.0,0.0,0.0,0.0,0.0,0.0,0.0,0.0,0.0,0.0,0.0,0.0,0.0,0.0,0.0,32.0,0
2.0,2.0,34.0,2.0,2.0,1.0,2.0,0.0,4.0,1.0,1.0,1.0,4.0,1156.0,3.0,2.0,1.0,0.0,40.0,0.0,2.0,0.0,2.0,2.0,2.0,2.0,0.0,12.0,11.0,6.0,2.0,0.0,0.0,2.0,2.0,2.0,2.0,5.0,1.0,1.0,1.0,1.0,0.0,1.0,0.0,1.0,1.0,32.0,0
1.0,1.0,59.0,4.0,1.0,1.0,2.0,0.0,7.0,2.0,1.0,1.0,5.0,3481.0,3.0,2.0,1.0,0.0,40.0,0.0,2.0,0.0,2.0,2.0,2.0,2.0,0.0,9.0,11.0,5.0,2.0,0.0,0.0,2.0,2.0,2.0,2.0,5.0,1.0,1.0,1.0,1.0,0.0,1.0,0.0,1.0,1.0,32.0,0
1.0,1.0,51.0,4.0,1.0,1.0,2.0,0.0,2.0,2.0,3.0,1.0,1.0,2601.0,2.0,3.0,1.0,0.0,48.0,0.0,2.0,0.0,2.0,2.0,2.0,2.0,0.0,2.0,2.0,0.0,0.0,0.0,0.0,0.0,0.0,0.0,0.0,0.0,0.0,0.0,0.0,0.0,0.0,0.0,0.0,0.0,0.0,33.0,0
3.0,2.0,29.0,5.0,4.0,1.0,2.0,0.0,4.0,2.0,1.0,1.0,3.0,841.0,2.0,3.0,1.0,0.0,48.0,0.0,2.0,0.0,2.0,2.0,2.0,2.0,0.0,2.0,2.0,0.0,0.0,0.0,0.0,0.0,0.0,0.0,0.0,0.0,0.0,0.0,0.0,0.0,0.0,0.0,0.0,0.0,0.0,33.0,0
1.0,2.0,55.0,5.0,1.0,1.0,2.0,0.0,4.0,1.0,1.0,1.0,4.0,3025.0,3.0,1.0,1.0,0.0,20.0,0.0,1.0,1.0,1.0,2.0,2.0,2.0,0.0,10.0,11.0,5.0,2.0,0.0,0.0,2.0,2.0,2.0,1.0,0.0,1.0,1.0,1.0,1.0,0.0,1.0,0.0,1.0,1.0,33.0,0
8.0,2.0,56.0,5.0,4.0,1.0,2.0,0.0,4.0,1.0,5.0,1.0,4.0,3136.0,3.0,2.0,1.0,0.0,12.0,0.0,2.0,0.0,2.0,2.0,2.0,1.0,1.0,0.0,0.0,0.0,0.0,0.0,0.0,2.0,2.0,2.0,2.0,5.0,2.0,2.0,2.0,2.0,5.0,2.0,2.0,1.0,4.0,33.0,1
1.0,1.0,32.0,1.0,1.0,1.0,2.0,0.0,4.0,1.0,1.0,1.0,4.0,1024.0,3.0,2.0,1.0,0.0,40.0,0.0,2.0,0.0,2.0,2.0,2.0,2.0,0.0,7.0,11.0,6.0,2.0,0.0,0.0,1.0,2.0,2.0,2.0,0.0,1.0,1.0,1.0,1.0,0.0,1.0,0.0,1.0,1.0,33.0,0
2.0,2.0,30.0,1.0,1.0,1.0,2.0,0.0,4.0,1.0,1.0,1.0,4.0,900.0,3.0,1.0,1.0,0.0,30.0,0.0,1.0,1.0,1.0,2.0,2.0,2.0,0.0,12.0,11.0,6.0,2.0,0.0,0.0,1.0,2.0,2.0,2.0,0.0,1.0,1.0,1.0,1.0,0.0,1.0,0.0,1.0,1.0,33.0,0
1.0,1.0,44.0,3.0,4.0,1.0,2.0,0.0,4.0,1.0,1.0,1.0,4.0,1936.0,2.0,3.0,2.0,2.0,40.0,18.0,1.0,1.0,1.0,1.0,2.0,2.0,0.0,1.0,8.0,0.0,0.0,0.0,0.0,0.0,0.0,0.0,0.0,0.0,0.0,0.0,0.0,0.0,0.0,0.0,0.0,0.0,0.0,33.0,0
1.0,2.0,43.0,3.0,1.0,1.0,2.0,0.0,6.0,1.0,1.0,1.0,6.0,1849.0,3.0,3.0,1.0,0.0,48.0,0.0,2.0,0.0,2.0,2.0,2.0,2.0,0.0,99.0,11.0,4.0,2.0,0.0,0.0,2.0,2.0,2.0,2.0,5.0,2.0,2.0,2.0,1.0,0.0,2.0,1.0,1.0,3.0,32.0,1
3.0,2.0,21.0,5.0,1.0,1.0,2.0,0.0,4.0,1.0,1.0,1.0,4.0,441.0,3.0,2.0,1.0,0.0,40.0,0.0,2.0,0.0,2.0,2.0,2.0,2.0,0.0,99.0,11.0,2.0,1.0,9.0,2.0,2.0,2.0,2.0,2.0,5.0,1.0,1.0,1.0,1.0,0.0,1.0,0.0,1.0,1.0,32.0,0
1.0,2.0,52.0,2.0,4.0,1.0,2.0,0.0,4.0,2.0,3.0,1.0,3.0,2704.0,3.0,2.0,1.0,0.0,8.0,0.0,2.0,0.0,2.0,1.0,2.0,1.0,1.0,0.0,0.0,0.0,0.0,0.0,0.0,1.0,2.0,2.0,2.0,0.0,2.0,2.0,2.0,2.0,5.0,2.0,2.0,1.0,4.0,33.0,1
2.0,1.0,60.0,2.0,4.0,1.0,2.0,0.0,2.0,1.0,3.0,1.0,2.0,3600.0,2.0,1.0,1.0,0.0,18.0,0.0,1.0,1.0,1.0,1.0,2.0,2.0,0.0,1.0,8.0,0.0,0.0,0.0,0.0,0.0,0.0,0.0,0.0,0.0,0.0,0.0,0.0,0.0,0.0,0.0,0.0,0.0,0.0,33.0,0
1.0,2.0,45.0,1.0,1.0,1.0,2.0,0.0,4.0,2.0,4.0,1.0,3.0,2025.0,3.0,2.0,1.0,0.0,20.0,0.0,2.0,0.0,2.0,2.0,2.0,1.0,1.0,0.0,0.0,0.0,0.0,0.0,0.0,1.0,2.0,2.0,2.0,0.0,1.0,1.0,1.0,1.0,0.0,1.0,0.0,1.0,1.0,33.0,0
2.0,1.0,54.0,1.0,4.0,1.0,2.0,0.0,2.0,1.0,4.0,1.0,2.0,2916.0,1.0,3.0,1.0,0.0,48.0,0.0,2.0,0.0,2.0,2.0,2.0,2.0,0.0,4.0,8.0,0.0,0.0,0.0,0.0,0.0,0.0,0.0,0.0,0.0,0.0,0.0,0.0,0.0,0.0,0.0,0.0,0.0,0.0,33.0,0
3.0,2.0,26.0,5.0,4.0,1.0,1.0,1.0,7.0,2.0,1.0,1.0,5.0,676.0,3.0,1.0,1.0,0.0,21.0,0.0,1.0,1.0,1.0,1.0,2.0,2.0,0.0,2.0,11.0,5.0,2.0,0.0,0.0,2.0,2.0,2.0,2.0,5.0,2.0,2.0,2.0,2.0,5.0,2.0,2.0,3.0,4.0,33.0,1
3.0,2.0,39.0,3.0,1.0,1.0,2.0,0.0,4.0,1.0,1.0,1.0,4.0,1521.0,3.0,2.0,1.0,0.0,10.0,0.0,2.0,0.0,2.0,2.0,2.0,2.0,0.0,7.0,11.0,6.0,2.0,0.0,0.0,2.0,2.0,2.0,2.0,5.0,2.0,1.0,1.0,2.0,0.0,2.0,2.0,2.0,4.0,33.0,1
1.0,2.0,28.0,5.0,1.0,1.0,1.0,1.0,7.0,2.0,1.0,1.0,5.0,784.0,3.0,3.0,1.0,0.0,48.0,0.0,1.0,1.0,1.0,2.0,2.0,2.0,0.0,6.0,11.0,4.0,2.0,0.0,0.0,2.0,2.0,1.0,2.0,0.0,1.0,1.0,1.0,1.0,0.0,1.0,0.0,3.0,1.0,33.0,0
1.0,1.0,52.0,5.0,4.0,1.0,2.0,0.0,6.0,2.0,1.0,1.0,5.0,2704.0,2.0,1.0,2.0,2.0,8.0,4.0,1.0,1.0,1.0,2.0,2.0,2.0,0.0,1.0,8.0,0.0,0.0,0.0,0.0,0.0,0.0,0.0,0.0,0.0,0.0,0.0,0.0,0.0,0.0,0.0,0.0,0.0,0.0,32.0,0
1.0,1.0,67.0,2.0,1.0,1.0,2.0,0.0,4.0,2.0,1.0,1.0,3.0,4489.0,2.0,2.0,1.0,0.0,20.0,0.0,2.0,0.0,2.0,2.0,2.0,2.0,0.0,1.0,6.0,0.0,0.0,0.0,0.0,0.0,0.0,0.0,0.0,0.0,0.0,0.0,0.0,0.0,0.0,0.0,0.0,0.0,0.0,33.0,0
3.0,2.0,23.0,5.0,1.0,1.0,2.0,0.0,6.0,1.0,1.0,1.0,6.0,529.0,3.0,2.0,2.0,5.0,30.0,15.0,2.0,0.0,2.0,2.0,1.0,2.0,0.0,7.0,11.0,3.0,2.0,0.0,0.0,2.0,2.0,2.0,2.0,5.0,1.0,1.0,1.0,1.0,0.0,1.0,0.0,1.0,1.0,33.0,0
1.0,1.0,59.0,2.0,1.0,1.0,2.0,0.0,4.0,1.0,1.0,1.0,4.0,3481.0,2.0,3.0,1.0,0.0,46.0,0.0,2.0,0.0,2.0,2.0,2.0,2.0,0.0,1.0,11.0,0.0,0.0,0.0,0.0,0.0,0.0,0.0,0.0,0.0,0.0,0.0,0.0,0.0,0.0,0.0,0.0,0.0,0.0,33.0,0
2.0,2.0,55.0,2.0,1.0,1.0,2.0,0.0,4.0,1.0,1.0,1.0,4.0,3025.0,3.0,2.0,1.0,0.0,40.0,0.0,2.0,0.0,2.0,2.0,2.0,2.0,0.0,7.0,11.0,6.0,2.0,0.0,0.0,2.0,2.0,2.0,2.0,5.0,1.0,1.0,1.0,1.0,0.0,1.0,0.0,1.0,1.0,33.0,0
1.0,2.0,58.0,3.0,1.0,1.0,2.0,0.0,2.0,2.0,4.0,1.0,1.0,3364.0,3.0,3.0,1.0,0.0,80.0,0.0,2.0,0.0,2.0,2.0,2.0,1.0,1.0,0.0,0.0,0.0,0.0,0.0,0.0,1.0,1.0,2.0,2.0,0.0,1.0,1.0,1.0,1.0,0.0,1.0,0.0,1.0,1.0,32.0,0
1.0,1.0,38.0,2.0,1.0,1.0,1.0,2.0,8.0,2.0,5.0,1.0,6.0,1444.0,3.0,2.0,2.0,2.0,24.0,12.0,2.0,0.0,2.0,2.0,1.0,2.0,0.0,8.0,11.0,5.0,1.0,4.0,3.0,1.0,2.0,2.0,2.0,0.0,1.0,2.0,1.0,1.0,0.0,1.0,0.0,3.0,1.0,32.0,0
2.0,2.0,33.0,2.0,2.0,1.0,1.0,2.0,8.0,2.0,5.0,1.0,6.0,1089.0,3.0,2.0,1.0,0.0,12.0,0.0,2.0,0.0,2.0,2.0,2.0,2.0,0.0,12.0,11.0,3.0,2.0,0.0,0.0,2.0,2.0,2.0,1.0,0.0,2.0,2.0,2.0,2.0,5.0,2.0,1.0,1.0,3.0,32.0,1
1.0,1.0,32.0,5.0,1.0,1.0,2.0,0.0,4.0,1.0,3.0,1.0,4.0,1024.0,3.0,2.0,1.0,0.0,40.0,0.0,2.0,0.0,2.0,2.0,2.0,2.0,0.0,99.0,8.0,6.0,2.0,0.0,0.0,2.0,2.0,2.0,2.0,5.0,1.0,1.0,1.0,1.0,0.0,1.0,0.0,3.0,1.0,32.0,0
1.0,1.0,45.0,2.0,4.0,1.0,2.0,0.0,4.0,1.0,1.0,1.0,4.0,2025.0,2.0,1.0,1.0,0.0,8.0,0.0,1.0,1.0,1.0,1.0,2.0,2.0,0.0,2.0,9.0,0.0,0.0,0.0,0.0,0.0,0.0,0.0,0.0,0.0,0.0,0.0,0.0,0.0,0.0,0.0,0.0,0.0,0.0,33.0,0
1.0,2.0,53.0,5.0,4.0,1.0,2.0,0.0,7.0,2.0,4.0,1.0,5.0,2809.0,3.0,1.0,1.0,0.0,6.0,0.0,1.0,1.0,1.0,1.0,2.0,2.0,0.0,99.0,11.0,1.0,1.0,4.0,2.0,2.0,2.0,2.0,2.0,5.0,2.0,2.0,2.0,2.0,5.0,2.0,2.0,1.0,2.0,32.0,1
1.0,1.0,36.0,2.0,4.0,1.0,2.0,0.0,4.0,1.0,3.0,1.0,4.0,1296.0,3.0,1.0,1.0,0.0,30.0,0.0,1.0,1.0,1.0,1.0,2.0,2.0,0.0,2.0,11.0,6.0,2.0,0.0,0.0,1.0,2.0,2.0,2.0,0.0,1.0,1.0,1.0,2.0,0.0,2.0,2.0,1.0,4.0,33.0,1
1.0,2.0,58.0,3.0,1.0,1.0,2.0,0.0,2.0,1.0,4.0,1.0,2.0,3364.0,3.0,2.0,1.0,0.0,28.0,0.0,2.0,0.0,2.0,2.0,2.0,2.0,0.0,7.0,11.0,6.0,2.0,0.0,0.0,2.0,2.0,2.0,2.0,5.0,2.0,2.0,2.0,2.0,5.0,2.0,1.0,1.0,4.0,33.0,1
3.0,2.0,26.0,5.0,1.0,1.0,2.0,0.0,4.0,2.0,1.0,1.0,3.0,676.0,3.0,3.0,1.0,0.0,54.0,0.0,2.0,0.0,2.0,2.0,2.0,2.0,0.0,6.0,11.0,5.0,2.0,0.0,0.0,2.0,2.0,2.0,2.0,5.0,1.0,1.0,1.0,1.0,0.0,1.0,0.0,1.0,1.0,33.0,0
1.0,2.0,49.0,3.0,3.0,1.0,2.0,0.0,7.0,2.0,1.0,1.0,5.0,2401.0,3.0,3.0,1.0,0.0,66.0,0.0,2.0,0.0,2.0,2.0,2.0,2.0,0.0,12.0,11.0,6.0,2.0,0.0,0.0,2.0,2.0,2.0,2.0,5.0,2.0,2.0,2.0,2.0,5.0,2.0,2.0,1.0,4.0,33.0,1
3.0,1.0,30.0,5.0,3.0,1.0,2.0,0.0,7.0,2.0,1.0,1.0,5.0,900.0,3.0,3.0,1.0,0.0,54.0,0.0,2.0,0.0,2.0,2.0,2.0,2.0,0.0,12.0,11.0,1.0,1.0,9.0,2.0,2.0,2.0,2.0,2.0,5.0,2.0,2.0,2.0,2.0,5.0,2.0,2.0,2.0,4.0,33.0,1
1.0,2.0,66.0,1.0,1.0,1.0,2.0,0.0,4.0,2.0,1.0,1.0,3.0,4356.0,2.0,3.0,1.0,0.0,105.0,0.0,2.0,0.0,2.0,2.0,2.0,2.0,0.0,2.0,11.0,0.0,0.0,0.0,0.0,0.0,0.0,0.0,0.0,0.0,0.0,0.0,0.0,0.0,0.0,0.0,0.0,0.0,0.0,33.0,0
2.0,1.0,75.0,1.0,1.0,1.0,2.0,0.0,2.0,1.0,1.0,1.0,2.0,5625.0,2.0,3.0,1.0,0.0,105.0,0.0,2.0,0.0,2.0,2.0,2.0,2.0,0.0,2.0,11.0,0.0,0.0,0.0,0.0,0.0,0.0,0.0,0.0,0.0,0.0,0.0,0.0,0.0,0.0,0.0,0.0,0.0,0.0,33.0,0
3.0,1.0,21.0,5.0,1.0,1.0,1.0,1.0,6.0,2.0,1.0,1.0,5.0,441.0,3.0,2.0,1.0,0.0,40.0,0.0,2.0,0.0,2.0,2.0,2.0,2.0,0.0,6.0,11.0,5.0,2.0,0.0,0.0,2.0,2.0,2.0,2.0,5.0,1.0,1.0,1.0,1.0,0.0,1.0,0.0,1.0,1.0,33.0,0
1.0,1.0,56.0,1.0,1.0,1.0,2.0,0.0,8.0,1.0,1.0,1.0,6.0,3136.0,3.0,2.0,1.0,0.0,30.0,0.0,2.0,0.0,2.0,2.0,1.0,2.0,0.0,9.0,11.0,6.0,2.0,0.0,0.0,2.0,2.0,2.0,1.0,0.0,1.0,1.0,1.0,1.0,0.0,1.0,0.0,1.0,1.0,32.0,0
2.0,2.0,54.0,1.0,1.0,1.0,2.0,0.0,6.0,1.0,1.0,1.0,6.0,2916.0,3.0,2.0,1.0,0.0,35.0,0.0,2.0,0.0,2.0,2.0,2.0,2.0,0.0,4.0,11.0,6.0,2.0,0.0,0.0,2.0,2.0,2.0,2.0,5.0,1.0,1.0,1.0,1.0,0.0,1.0,0.0,1.0,1.0,32.0,0
1.0,1.0,35.0,2.0,2.0,1.0,2.0,0.0,7.0,1.0,1.0,1.0,6.0,1225.0,2.0,2.0,1.0,0.0,40.0,0.0,2.0,0.0,2.0,2.0,2.0,2.0,0.0,3.0,11.0,0.0,0.0,0.0,0.0,0.0,0.0,0.0,0.0,0.0,0.0,0.0,0.0,0.0,0.0,0.0,0.0,0.0,0.0,32.0,0
2.0,2.0,34.0,2.0,2.0,1.0,2.0,0.0,7.0,1.0,1.0,1.0,6.0,1156.0,2.0,3.0,2.0,2.0,35.0,20.0,2.0,0.0,2.0,2.0,2.0,2.0,0.0,1.0,6.0,0.0,0.0,0.0,0.0,0.0,0.0,0.0,0.0,0.0,0.0,0.0,0.0,0.0,0.0,0.0,0.0,0.0,0.0,32.0,0
1.0,1.0,32.0,5.0,1.0,1.0,2.0,0.0,6.0,1.0,5.0,1.0,6.0,1024.0,3.0,1.0,1.0,0.0,30.0,0.0,1.0,1.0,1.0,2.0,2.0,2.0,0.0,10.0,11.0,6.0,2.0,0.0,0.0,1.0,2.0,2.0,2.0,0.0,1.0,1.0,1.0,1.0,0.0,1.0,0.0,2.0,1.0,32.0,0
1.0,2.0,26.0,1.0,1.0,1.0,2.0,0.0,4.0,1.0,1.0,1.0,4.0,676.0,3.0,2.0,1.0,0.0,39.0,0.0,2.0,0.0,2.0,2.0,1.0,2.0,0.0,12.0,11.0,6.0,2.0,0.0,0.0,2.0,2.0,2.0,2.0,5.0,1.0,1.0,1.0,1.0,0.0,1.0,0.0,1.0,1.0,32.0,0
2.0,1.0,26.0,1.0,1.0,1.0,2.0,0.0,4.0,1.0,1.0,1.0,4.0,676.0,2.0,2.0,1.0,0.0,25.0,0.0,2.0,0.0,2.0,1.0,2.0,2.0,0.0,2.0,6.0,0.0,0.0,0.0,0.0,0.0,0.0,0.0,0.0,0.0,0.0,0.0,0.0,0.0,0.0,0.0,0.0,0.0,0.0,32.0,0
1.0,2.0,32.0,2.0,1.0,1.0,2.0,0.0,6.0,1.0,2.0,2.0,6.0,1024.0,2.0,2.0,2.0,2.0,33.0,12.0,2.0,0.0,2.0,2.0,2.0,2.0,0.0,1.0,12.0,0.0,0.0,0.0,0.0,0.0,0.0,0.0,0.0,0.0,0.0,0.0,0.0,0.0,0.0,0.0,0.0,0.0,0.0,32.0,0
2.0,1.0,35.0,2.0,1.0,1.0,2.0,0.0,7.0,1.0,3.0,3.0,6.0,1225.0,3.0,2.0,1.0,0.0,40.0,0.0,2.0,0.0,2.0,2.0,1.0,2.0,0.0,99.0,11.0,1.0,2.0,0.0,0.0,2.0,2.0,2.0,2.0,5.0,1.0,1.0,1.0,1.0,0.0,1.0,0.0,1.0,1.0,32.0,0
1.0,1.0,43.0,1.0,4.0,1.0,2.0,0.0,2.0,1.0,3.0,1.0,2.0,1849.0,2.0,1.0,1.0,0.0,19.0,0.0,1.0,1.0,1.0,2.0,2.0,2.0,0.0,1.0,2.0,0.0,0.0,0.0,0.0,0.0,0.0,0.0,0.0,0.0,0.0,0.0,0.0,0.0,0.0,0.0,0.0,0.0,0.0,33.0,0
1.0,2.0,33.0,1.0,1.0,1.0,2.0,0.0,4.0,2.0,1.0,1.0,3.0,1089.0,3.0,2.0,1.0,0.0,30.0,0.0,2.0,0.0,2.0,2.0,2.0,2.0,0.0,4.0,11.0,5.0,2.0,0.0,0.0,1.0,2.0,2.0,2.0,0.0,1.0,1.0,1.0,1.0,0.0,1.0,0.0,1.0,1.0,33.0,0
2.0,1.0,38.0,1.0,4.0,1.0,2.0,0.0,4.0,2.0,1.0,1.0,3.0,1444.0,1.0,2.0,1.0,0.0,40.0,0.0,2.0,0.0,2.0,2.0,2.0,2.0,0.0,2.0,11.0,0.0,0.0,0.0,0.0,0.0,0.0,0.0,0.0,0.0,0.0,0.0,0.0,0.0,0.0,0.0,0.0,0.0,0.0,33.0,0
3.0,2.0,23.0,5.0,2.0,1.0,2.0,0.0,4.0,1.0,1.0,1.0,4.0,529.0,3.0,2.0,1.0,0.0,40.0,0.0,2.0,0.0,2.0,2.0,2.0,2.0,0.0,99.0,11.0,5.0,2.0,0.0,0.0,2.0,2.0,2.0,2.0,5.0,2.0,2.0,2.0,2.0,5.0,2.0,2.0,1.0,4.0,32.0,1
1.0,1.0,47.0,5.0,2.0,1.0,1.0,1.0,7.0,2.0,1.0,1.0,5.0,2209.0,3.0,4.0,0.0,0.0,0.0,0.0,2.0,0.0,2.0,2.0,1.0,2.0,0.0,9.0,11.0,5.0,2.0,0.0,0.0,2.0,2.0,2.0,2.0,5.0,1.0,1.0,1.0,1.0,0.0,1.0,0.0,1.0,1.0,32.0,0
1.0,1.0,41.0,5.0,1.0,1.0,2.0,0.0,4.0,1.0,1.0,1.0,4.0,1681.0,3.0,3.0,2.0,4.0,40.0,9.0,2.0,0.0,2.0,2.0,1.0,2.0,0.0,9.0,11.0,6.0,2.0,0.0,0.0,2.0,2.0,2.0,2.0,5.0,1.0,1.0,1.0,1.0,0.0,1.0,0.0,1.0,1.0,32.0,0
1.0,2.0,30.0,2.0,2.0,1.0,1.0,1.0,7.0,2.0,1.0,1.0,5.0,900.0,3.0,2.0,1.0,0.0,45.0,0.0,2.0,0.0,2.0,2.0,2.0,2.0,0.0,11.0,11.0,2.0,2.0,0.0,0.0,2.0,2.0,2.0,2.0,5.0,1.0,1.0,1.0,1.0,0.0,1.0,0.0,1.0,1.0,32.0,0
2.0,1.0,29.0,2.0,2.0,1.0,2.0,0.0,7.0,1.0,2.0,1.0,6.0,841.0,3.0,2.0,1.0,0.0,45.0,0.0,2.0,0.0,2.0,2.0,2.0,2.0,0.0,10.0,12.0,5.0,2.0,0.0,0.0,1.0,2.0,2.0,1.0,0.0,1.0,1.0,1.0,1.0,0.0,1.0,0.0,1.0,1.0,32.0,0
1.0,1.0,31.0,5.0,1.0,1.0,2.0,0.0,7.0,1.0,5.0,1.0,6.0,961.0,3.0,2.0,1.0,0.0,35.0,0.0,2.0,0.0,2.0,2.0,2.0,2.0,0.0,11.0,6.0,5.0,2.0,0.0,0.0,2.0,2.0,2.0,2.0,5.0,1.0,1.0,1.0,1.0,0.0,1.0,0.0,1.0,1.0,32.0,0
5.0,1.0,23.0,5.0,1.0,1.0,2.0,0.0,4.0,1.0,1.0,1.0,4.0,529.0,3.0,2.0,1.0,0.0,40.0,0.0,2.0,0.0,2.0,2.0,1.0,2.0,0.0,99.0,11.0,5.0,2.0,0.0,0.0,2.0,2.0,2.0,2.0,5.0,1.0,1.0,1.0,1.0,0.0,1.0,0.0,1.0,1.0,32.0,0
2.0,2.0,38.0,2.0,4.0,1.0,2.0,0.0,4.0,1.0,1.0,1.0,4.0,1444.0,2.0,1.0,1.0,0.0,8.0,0.0,1.0,1.0,1.0,1.0,2.0,2.0,0.0,2.0,9.0,0.0,0.0,0.0,0.0,0.0,0.0,0.0,0.0,0.0,0.0,0.0,0.0,0.0,0.0,0.0,0.0,0.0,0.0,33.0,0
1.0,2.0,25.0,1.0,1.0,1.0,1.0,1.0,7.0,2.0,3.0,3.0,5.0,625.0,3.0,2.0,1.0,0.0,30.0,0.0,2.0,0.0,2.0,1.0,2.0,2.0,0.0,8.0,11.0,5.0,2.0,0.0,0.0,2.0,2.0,2.0,1.0,0.0,1.0,1.0,1.0,1.0,0.0,1.0,0.0,1.0,1.0,32.0,0
2.0,1.0,27.0,1.0,1.0,1.0,2.0,0.0,4.0,1.0,3.0,3.0,4.0,729.0,3.0,2.0,1.0,0.0,42.0,0.0,2.0,0.0,2.0,2.0,2.0,2.0,0.0,8.0,11.0,5.0,2.0,0.0,0.0,2.0,2.0,2.0,1.0,0.0,1.0,1.0,1.0,1.0,0.0,1.0,0.0,1.0,1.0,32.0,0
1.0,1.0,65.0,2.0,1.0,1.0,2.0,0.0,7.0,1.0,1.0,1.0,6.0,4225.0,2.0,4.0,0.0,0.0,0.0,0.0,2.0,0.0,9.0,2.0,2.0,2.0,0.0,1.0,11.0,0.0,0.0,0.0,0.0,0.0,0.0,0.0,0.0,0.0,0.0,0.0,0.0,0.0,0.0,0.0,0.0,0.0,0.0,32.0,0
2.0,2.0,65.0,2.0,1.0,1.0,2.0,0.0,8.0,1.0,1.0,1.0,6.0,4225.0,3.0,4.0,0.0,0.0,0.0,0.0,1.0,3.0,1.0,2.0,1.0,2.0,0.0,12.0,11.0,6.0,2.0,0.0,0.0,2.0,2.0,2.0,2.0,5.0,1.0,1.0,1.0,1.0,0.0,1.0,0.0,1.0,1.0,32.0,0
3.0,1.0,34.0,5.0,1.0,1.0,2.0,0.0,8.0,1.0,1.0,1.0,6.0,1156.0,2.0,2.0,1.0,0.0,38.0,0.0,2.0,0.0,2.0,1.0,2.0,2.0,0.0,1.0,6.0,0.0,0.0,0.0,0.0,0.0,0.0,0.0,0.0,0.0,0.0,0.0,0.0,0.0,0.0,0.0,0.0,0.0,0.0,32.0,0
1.0,2.0,46.0,3.0,12.0,1.0,2.0,0.0,8.0,1.0,2.0,1.0,6.0,2116.0,1.0,3.0,2.0,2.0,40.0,8.0,2.0,0.0,2.0,2.0,2.0,2.0,0.0,3.0,11.0,0.0,0.0,0.0,0.0,0.0,0.0,0.0,0.0,0.0,0.0,0.0,0.0,0.0,0.0,0.0,0.0,0.0,0.0,32.0,0
1.0,1.0,33.0,1.0,4.0,1.0,2.0,0.0,4.0,1.0,1.0,1.0,4.0,1089.0,2.0,3.0,1.0,0.0,66.0,0.0,2.0,0.0,2.0,2.0,2.0,2.0,0.0,1.0,8.0,0.0,0.0,0.0,0.0,0.0,0.0,0.0,0.0,0.0,0.0,0.0,0.0,0.0,0.0,0.0,0.0,0.0,0.0,33.0,0
5.0,1.0,22.0,5.0,1.0,1.0,1.0,1.0,7.0,2.0,1.0,1.0,5.0,484.0,3.0,2.0,1.0,0.0,40.0,0.0,2.0,0.0,2.0,2.0,2.0,2.0,0.0,99.0,11.0,3.0,1.0,9.0,3.0,2.0,2.0,2.0,2.0,5.0,1.0,1.0,1.0,1.0,0.0,1.0,0.0,1.0,1.0,33.0,0
1.0,2.0,54.0,3.0,1.0,1.0,2.0,0.0,7.0,1.0,1.0,1.0,6.0,2916.0,3.0,4.0,0.0,0.0,0.0,0.0,2.0,0.0,2.0,2.0,1.0,2.0,0.0,7.0,11.0,6.0,2.0,0.0,0.0,2.0,2.0,2.0,2.0,5.0,1.0,1.0,1.0,1.0,0.0,1.0,0.0,2.0,1.0,33.0,0
3.0,2.0,27.0,5.0,1.0,1.0,1.0,1.0,7.0,2.0,1.0,1.0,5.0,729.0,3.0,2.0,1.0,0.0,40.0,0.0,2.0,0.0,2.0,2.0,2.0,2.0,0.0,6.0,11.0,3.0,2.0,0.0,0.0,2.0,2.0,2.0,2.0,5.0,2.0,2.0,2.0,2.0,5.0,2.0,2.0,1.0,4.0,33.0,1
1.0,2.0,43.0,1.0,1.0,1.0,2.0,0.0,7.0,2.0,4.0,1.0,5.0,1849.0,3.0,2.0,2.0,2.0,30.0,6.0,2.0,0.0,2.0,2.0,1.0,2.0,0.0,11.0,11.0,6.0,2.0,0.0,0.0,2.0,2.0,2.0,2.0,5.0,1.0,1.0,1.0,1.0,0.0,1.0,0.0,1.0,1.0,33.0,0
3.0,2.0,21.0,5.0,1.0,1.0,2.0,0.0,7.0,1.0,1.0,1.0,6.0,441.0,3.0,3.0,1.0,0.0,48.0,0.0,2.0,0.0,2.0,2.0,2.0,2.0,0.0,99.0,11.0,5.0,2.0,0.0,0.0,2.0,2.0,2.0,2.0,5.0,1.0,1.0,1.0,1.0,0.0,1.0,0.0,1.0,1.0,33.0,0
3.0,2.0,19.0,5.0,1.0,1.0,2.0,0.0,4.0,1.0,1.0,1.0,4.0,361.0,3.0,3.0,1.0,0.0,48.0,0.0,2.0,0.0,2.0,2.0,2.0,2.0,0.0,11.0,11.0,5.0,2.0,0.0,0.0,2.0,2.0,2.0,2.0,5.0,1.0,1.0,1.0,1.0,0.0,1.0,0.0,3.0,1.0,33.0,0
2.0,2.0,53.0,1.0,4.0,1.0,2.0,0.0,2.0,1.0,3.0,1.0,2.0,2809.0,3.0,2.0,1.0,0.0,20.0,0.0,2.0,0.0,2.0,2.0,1.0,2.0,0.0,12.0,11.0,6.0,2.0,0.0,0.0,2.0,2.0,2.0,2.0,5.0,2.0,2.0,2.0,2.0,5.0,2.0,2.0,1.0,4.0,33.0,1
3.0,1.0,25.0,5.0,4.0,1.0,2.0,0.0,4.0,1.0,1.0,1.0,4.0,625.0,3.0,2.0,1.0,0.0,40.0,0.0,2.0,0.0,2.0,2.0,2.0,2.0,0.0,6.0,11.0,5.0,2.0,0.0,0.0,2.0,2.0,2.0,2.0,5.0,2.0,2.0,2.0,2.0,5.0,2.0,2.0,1.0,4.0,33.0,1
1.0,2.0,19.0,1.0,1.0,1.0,2.0,0.0,4.0,2.0,1.0,1.0,3.0,361.0,3.0,3.0,1.0,0.0,56.0,0.0,2.0,0.0,2.0,2.0,2.0,2.0,0.0,6.0,11.0,5.0,2.0,0.0,0.0,2.0,2.0,2.0,2.0,5.0,1.0,1.0,1.0,1.0,0.0,1.0,0.0,1.0,1.0,33.0,0
2.0,1.0,20.0,1.0,1.0,1.0,2.0,0.0,4.0,1.0,3.0,1.0,4.0,400.0,3.0,3.0,1.0,0.0,50.0,0.0,2.0,0.0,2.0,2.0,1.0,2.0,0.0,99.0,11.0,5.0,2.0,0.0,0.0,2.0,1.0,1.0,2.0,0.0,1.0,1.0,1.0,1.0,0.0,1.0,0.0,1.0,1.0,33.0,0
1.0,1.0,32.0,2.0,4.0,1.0,2.0,0.0,7.0,2.0,1.0,1.0,5.0,1024.0,2.0,1.0,1.0,0.0,30.0,0.0,1.0,1.0,1.0,1.0,2.0,2.0,0.0,1.0,8.0,0.0,0.0,0.0,0.0,0.0,0.0,0.0,0.0,0.0,0.0,0.0,0.0,0.0,0.0,0.0,0.0,0.0,0.0,33.0,0
2.0,2.0,32.0,2.0,4.0,1.0,2.0,0.0,4.0,1.0,1.0,1.0,4.0,1024.0,3.0,2.0,1.0,0.0,40.0,0.0,2.0,0.0,2.0,2.0,2.0,1.0,1.0,0.0,0.0,0.0,0.0,0.0,0.0,1.0,2.0,2.0,2.0,0.0,2.0,2.0,2.0,2.0,5.0,2.0,2.0,1.0,4.0,33.0,1
1.0,1.0,55.0,5.0,4.0,1.0,2.0,0.0,2.0,1.0,1.0,1.0,2.0,3025.0,2.0,2.0,1.0,0.0,12.0,0.0,2.0,0.0,2.0,2.0,2.0,2.0,0.0,1.0,8.0,0.0,0.0,0.0,0.0,0.0,0.0,0.0,0.0,0.0,0.0,0.0,0.0,0.0,0.0,0.0,0.0,0.0,0.0,33.0,0
1.0,1.0,35.0,5.0,1.0,1.0,1.0,1.0,7.0,2.0,1.0,1.0,5.0,1225.0,3.0,2.0,2.0,2.0,18.0,5.0,2.0,0.0,2.0,2.0,1.0,2.0,0.0,9.0,11.0,6.0,2.0,0.0,0.0,2.0,2.0,2.0,2.0,5.0,1.0,1.0,1.0,1.0,0.0,1.0,0.0,1.0,1.0,32.0,0
3.0,1.0,20.0,1.0,1.0,1.0,2.0,0.0,4.0,1.0,1.0,1.0,4.0,400.0,3.0,2.0,1.0,0.0,30.0,0.0,2.0,0.0,2.0,2.0,2.0,2.0,0.0,4.0,11.0,4.0,9.0,9.0,4.0,1.0,2.0,2.0,2.0,0.0,2.0,1.0,1.0,1.0,0.0,1.0,0.0,1.0,1.0,32.0,0
1.0,1.0,40.0,1.0,4.0,1.0,2.0,0.0,4.0,2.0,1.0,1.0,3.0,1600.0,3.0,3.0,1.0,0.0,48.0,0.0,2.0,0.0,2.0,2.0,2.0,2.0,0.0,3.0,4.0,6.0,2.0,0.0,0.0,2.0,2.0,2.0,2.0,5.0,2.0,2.0,2.0,2.0,5.0,2.0,2.0,1.0,1.0,32.0,1
1.0,1.0,51.0,3.0,1.0,1.0,2.0,0.0,6.0,1.0,1.0,1.0,6.0,2601.0,3.0,2.0,2.0,2.0,20.0,20.0,2.0,0.0,2.0,2.0,1.0,2.0,0.0,10.0,11.0,6.0,2.0,0.0,0.0,2.0,2.0,2.0,2.0,5.0,1.0,1.0,1.0,1.0,0.0,1.0,0.0,1.0,1.0,32.0,0
1.0,2.0,30.0,1.0,1.0,1.0,2.0,0.0,7.0,1.0,1.0,1.0,6.0,900.0,3.0,1.0,2.0,4.0,10.0,8.0,1.0,1.0,1.0,1.0,2.0,2.0,0.0,7.0,11.0,6.0,2.0,0.0,0.0,2.0,2.0,2.0,2.0,5.0,2.0,2.0,2.0,2.0,5.0,2.0,1.0,1.0,3.0,32.0,1
2.0,1.0,43.0,1.0,1.0,1.0,1.0,2.0,7.0,2.0,1.0,1.0,5.0,1849.0,3.0,2.0,1.0,0.0,40.0,0.0,2.0,0.0,2.0,2.0,2.0,2.0,0.0,12.0,11.0,4.0,2.0,0.0,0.0,1.0,2.0,2.0,2.0,0.0,1.0,1.0,1.0,1.0,0.0,1.0,0.0,1.0,1.0,32.0,0
3.0,2.0,49.0,5.0,4.0,1.0,2.0,0.0,4.0,1.0,1.0,1.0,4.0,2401.0,3.0,2.0,1.0,0.0,36.0,0.0,1.0,1.0,1.0,2.0,2.0,2.0,0.0,99.0,11.0,5.0,2.0,0.0,0.0,2.0,2.0,2.0,2.0,5.0,2.0,2.0,2.0,2.0,5.0,2.0,2.0,1.0,4.0,32.0,1
1.0,1.0,60.0,2.0,1.0,1.0,2.0,0.0,4.0,2.0,1.0,1.0,3.0,3600.0,3.0,2.0,1.0,0.0,30.0,0.0,2.0,0.0,2.0,2.0,1.0,2.0,0.0,99.0,11.0,6.0,2.0,0.0,0.0,2.0,2.0,2.0,2.0,5.0,1.0,1.0,1.0,1.0,0.0,1.0,0.0,1.0,1.0,32.0,0
3.0,1.0,22.0,5.0,1.0,1.0,1.0,1.0,7.0,2.0,1.0,1.0,5.0,484.0,3.0,2.0,1.0,0.0,42.0,0.0,2.0,0.0,2.0,2.0,2.0,2.0,0.0,99.0,11.0,6.0,2.0,0.0,0.0,1.0,2.0,2.0,2.0,0.0,1.0,1.0,1.0,1.0,0.0,1.0,0.0,1.0,1.0,32.0,0
1.0,1.0,58.0,2.0,1.0,1.0,2.0,0.0,7.0,1.0,1.0,1.0,6.0,3364.0,3.0,2.0,1.0,0.0,40.0,0.0,2.0,0.0,2.0,2.0,2.0,2.0,0.0,99.0,11.0,6.0,2.0,0.0,0.0,2.0,2.0,2.0,2.0,5.0,1.0,1.0,1.0,1.0,0.0,1.0,0.0,3.0,1.0,33.0,0
2.0,2.0,56.0,2.0,1.0,1.0,2.0,0.0,2.0,1.0,1.0,1.0,2.0,3136.0,2.0,3.0,1.0,0.0,56.0,0.0,2.0,0.0,2.0,2.0,2.0,2.0,0.0,1.0,11.0,0.0,0.0,0.0,0.0,0.0,0.0,0.0,0.0,0.0,0.0,0.0,0.0,0.0,0.0,0.0,0.0,0.0,0.0,33.0,0
2.0,1.0,34.0,1.0,4.0,1.0,2.0,0.0,4.0,1.0,1.0,1.0,4.0,1156.0,3.0,2.0,1.0,0.0,35.0,0.0,2.0,0.0,2.0,2.0,2.0,2.0,0.0,99.0,11.0,5.0,2.0,0.0,0.0,2.0,2.0,2.0,2.0,5.0,2.0,2.0,2.0,2.0,5.0,2.0,2.0,3.0,4.0,33.0,1
3.0,1.0,29.0,5.0,1.0,1.0,2.0,0.0,7.0,2.0,1.0,1.0,5.0,841.0,2.0,2.0,1.0,0.0,32.0,0.0,2.0,0.0,2.0,2.0,2.0,2.0,0.0,1.0,8.0,0.0,0.0,0.0,0.0,0.0,0.0,0.0,0.0,0.0,0.0,0.0,0.0,0.0,0.0,0.0,0.0,0.0,0.0,33.0,0
1.0,2.0,61.0,5.0,1.0,1.0,2.0,0.0,6.0,2.0,1.0,1.0,5.0,3721.0,2.0,2.0,1.0,0.0,25.0,0.0,2.0,0.0,2.0,2.0,2.0,2.0,0.0,1.0,11.0,0.0,0.0,0.0,0.0,0.0,0.0,0.0,0.0,0.0,0.0,0.0,0.0,0.0,0.0,0.0,0.0,0.0,0.0,33.0,0
1.0,1.0,23.0,3.0,1.0,1.0,1.0,1.0,7.0,2.0,1.0,1.0,5.0,529.0,3.0,3.0,2.0,3.0,48.0,14.0,2.0,0.0,2.0,2.0,1.0,2.0,0.0,10.0,11.0,3.0,2.0,0.0,0.0,2.0,2.0,2.0,2.0,5.0,1.0,1.0,1.0,1.0,0.0,1.0,0.0,1.0,1.0,33.0,0
1.0,2.0,46.0,1.0,1.0,1.0,1.0,1.0,7.0,2.0,1.0,1.0,5.0,2116.0,3.0,3.0,2.0,3.0,70.0,46.0,2.0,0.0,2.0,2.0,2.0,2.0,0.0,12.0,6.0,6.0,2.0,0.0,0.0,2.0,2.0,2.0,2.0,5.0,1.0,1.0,1.0,1.0,0.0,1.0,0.0,1.0,1.0,33.0,0
2.0,1.0,45.0,1.0,1.0,1.0,2.0,0.0,7.0,2.0,1.0,1.0,5.0,2025.0,3.0,3.0,2.0,2.0,40.0,6.0,2.0,0.0,2.0,2.0,1.0,2.0,0.0,12.0,11.0,6.0,2.0,0.0,0.0,1.0,2.0,2.0,2.0,0.0,1.0,1.0,1.0,1.0,0.0,1.0,0.0,1.0,1.0,33.0,0
3.0,2.0,20.0,5.0,1.0,1.0,1.0,1.0,7.0,2.0,1.0,1.0,5.0,400.0,3.0,2.0,1.0,0.0,35.0,0.0,2.0,0.0,2.0,2.0,2.0,2.0,0.0,5.0,6.0,5.0,2.0,0.0,0.0,2.0,2.0,2.0,2.0,5.0,2.0,2.0,2.0,2.0,5.0,2.0,2.0,1.0,4.0,33.0,1
1.0,2.0,38.0,1.0,1.0,1.0,2.0,0.0,7.0,2.0,1.0,1.0,5.0,1444.0,3.0,4.0,0.0,0.0,0.0,0.0,2.0,0.0,1.0,2.0,1.0,2.0,0.0,12.0,11.0,6.0,2.0,0.0,0.0,2.0,2.0,2.0,2.0,5.0,1.0,1.0,1.0,1.0,0.0,1.0,0.0,1.0,1.0,33.0,0
2.0,1.0,39.0,1.0,1.0,1.0,2.0,0.0,4.0,1.0,1.0,1.0,4.0,1521.0,3.0,1.0,1.0,0.0,22.0,0.0,1.0,1.0,1.0,1.0,2.0,2.0,0.0,2.0,11.0,5.0,2.0,0.0,0.0,2.0,2.0,1.0,2.0,0.0,2.0,1.0,2.0,2.0,0.0,2.0,2.0,1.0,4.0,33.0,1
1.0,2.0,55.0,3.0,1.0,1.0,2.0,0.0,4.0,1.0,1.0,1.0,4.0,3025.0,3.0,2.0,1.0,0.0,30.0,0.0,2.0,0.0,2.0,2.0,2.0,2.0,0.0,99.0,11.0,6.0,2.0,0.0,0.0,1.0,2.0,2.0,2.0,0.0,2.0,2.0,2.0,2.0,5.0,2.0,2.0,1.0,4.0,33.0,1
1.0,2.0,28.0,5.0,1.0,1.0,1.0,1.0,7.0,2.0,1.0,1.0,5.0,784.0,3.0,2.0,1.0,0.0,45.0,0.0,2.0,0.0,2.0,2.0,2.0,2.0,0.0,12.0,12.0,6.0,2.0,0.0,0.0,2.0,2.0,2.0,1.0,0.0,1.0,1.0,1.0,1.0,0.0,1.0,0.0,1.0,1.0,32.0,0
1.0,2.0,57.0,5.0,1.0,1.0,2.0,0.0,7.0,1.0,2.0,1.0,6.0,3249.0,3.0,2.0,1.0,0.0,40.0,0.0,2.0,0.0,2.0,2.0,2.0,2.0,0.0,12.0,12.0,5.0,2.0,0.0,0.0,2.0,2.0,2.0,2.0,5.0,1.0,1.0,1.0,1.0,0.0,1.0,0.0,1.0,1.0,32.0,0
1.0,1.0,68.0,2.0,1.0,1.0,2.0,0.0,2.0,1.0,3.0,1.0,2.0,4624.0,3.0,3.0,2.0,2.0,44.0,5.0,2.0,0.0,2.0,2.0,2.0,2.0,0.0,2.0,11.0,6.0,2.0,0.0,0.0,2.0,2.0,2.0,2.0,5.0,1.0,1.0,1.0,1.0,0.0,1.0,0.0,1.0,1.0,32.0,0
1.0,1.0,30.0,3.0,1.0,1.0,2.0,0.0,4.0,2.0,1.0,1.0,3.0,900.0,1.0,3.0,1.0,0.0,70.0,0.0,2.0,0.0,2.0,2.0,2.0,2.0,0.0,4.0,11.0,0.0,0.0,0.0,0.0,0.0,0.0,0.0,0.0,0.0,0.0,0.0,0.0,0.0,0.0,0.0,0.0,0.0,0.0,33.0,0
2.0,2.0,27.0,1.0,1.0,1.0,2.0,0.0,4.0,1.0,1.0,1.0,4.0,729.0,3.0,3.0,1.0,0.0,48.0,0.0,2.0,0.0,2.0,2.0,2.0,2.0,0.0,99.0,11.0,6.0,2.0,0.0,0.0,2.0,2.0,2.0,2.0,5.0,1.0,1.0,1.0,1.0,0.0,1.0,0.0,1.0,1.0,33.0,0
1.0,2.0,42.0,2.0,1.0,1.0,2.0,0.0,6.0,1.0,1.0,1.0,6.0,1764.0,2.0,3.0,2.0,2.0,49.0,20.0,1.0,1.0,1.0,2.0,2.0,2.0,0.0,2.0,6.0,0.0,0.0,0.0,0.0,0.0,0.0,0.0,0.0,0.0,0.0,0.0,0.0,0.0,0.0,0.0,0.0,0.0,0.0,33.0,0
2.0,1.0,47.0,2.0,4.0,1.0,2.0,0.0,4.0,2.0,3.0,1.0,3.0,2209.0,2.0,1.0,1.0,0.0,28.0,0.0,1.0,1.0,1.0,1.0,2.0,2.0,0.0,2.0,6.0,0.0,0.0,0.0,0.0,0.0,0.0,0.0,0.0,0.0,0.0,0.0,0.0,0.0,0.0,0.0,0.0,0.0,0.0,33.0,0
3.0,2.0,39.0,5.0,1.0,1.0,2.0,0.0,6.0,1.0,1.0,1.0,6.0,1521.0,3.0,3.0,2.0,2.0,24.0,0.0,1.0,1.0,1.0,2.0,1.0,2.0,0.0,11.0,11.0,5.0,1.0,9.0,4.0,2.0,2.0,2.0,2.0,5.0,2.0,2.0,2.0,2.0,5.0,2.0,1.0,1.0,1.0,32.0,1
1.0,2.0,59.0,2.0,4.0,1.0,2.0,0.0,2.0,1.0,4.0,1.0,2.0,3481.0,3.0,1.0,2.0,2.0,6.0,4.0,1.0,1.0,1.0,1.0,2.0,1.0,2.0,0.0,0.0,0.0,0.0,0.0,0.0,2.0,2.0,2.0,2.0,5.0,2.0,2.0,2.0,2.0,5.0,2.0,2.0,1.0,4.0,33.0,1
1.0,1.0,41.0,5.0,4.0,1.0,2.0,0.0,7.0,2.0,1.0,1.0,5.0,1681.0,2.0,1.0,1.0,0.0,30.0,0.0,1.0,1.0,1.0,1.0,2.0,2.0,0.0,1.0,4.0,0.0,0.0,0.0,0.0,0.0,0.0,0.0,0.0,0.0,0.0,0.0,0.0,0.0,0.0,0.0,0.0,0.0,0.0,33.0,0
1.0,1.0,26.0,5.0,2.0,1.0,2.0,0.0,7.0,1.0,1.0,1.0,6.0,676.0,3.0,2.0,2.0,2.0,24.0,12.0,2.0,0.0,2.0,2.0,2.0,2.0,0.0,8.0,11.0,6.0,2.0,0.0,0.0,1.0,2.0,2.0,1.0,0.0,1.0,1.0,1.0,1.0,0.0,1.0,0.0,1.0,1.0,33.0,0
1.0,1.0,30.0,5.0,1.0,1.0,2.0,0.0,4.0,1.0,1.0,1.0,4.0,900.0,2.0,3.0,1.0,0.0,77.0,0.0,2.0,0.0,2.0,2.0,2.0,2.0,0.0,1.0,4.0,0.0,0.0,0.0,0.0,0.0,0.0,0.0,0.0,0.0,0.0,0.0,0.0,0.0,0.0,0.0,0.0,0.0,0.0,33.0,0
6.0,1.0,52.0,2.0,1.0,1.0,2.0,0.0,2.0,1.0,9.0,1.0,2.0,2704.0,3.0,3.0,1.0,0.0,55.0,0.0,2.0,0.0,2.0,2.0,2.0,2.0,0.0,5.0,11.0,6.0,2.0,0.0,0.0,2.0,2.0,2.0,2.0,5.0,1.0,1.0,1.0,1.0,0.0,1.0,0.0,1.0,1.0,33.0,0
1.0,2.0,49.0,3.0,4.0,1.0,2.0,0.0,4.0,2.0,4.0,1.0,3.0,2401.0,2.0,3.0,1.0,0.0,84.0,0.0,2.0,0.0,2.0,2.0,2.0,2.0,0.0,1.0,12.0,0.0,0.0,0.0,0.0,0.0,0.0,0.0,0.0,0.0,0.0,0.0,0.0,0.0,0.0,0.0,0.0,0.0,0.0,33.0,0
3.0,2.0,24.0,5.0,1.0,1.0,2.0,0.0,4.0,1.0,1.0,1.0,4.0,576.0,3.0,2.0,1.0,0.0,35.0,0.0,2.0,0.0,2.0,2.0,2.0,2.0,0.0,8.0,11.0,5.0,2.0,0.0,0.0,2.0,2.0,2.0,2.0,5.0,1.0,1.0,1.0,1.0,0.0,1.0,0.0,1.0,1.0,33.0,0
1.0,2.0,30.0,1.0,12.0,1.0,1.0,2.0,6.0,2.0,1.0,1.0,5.0,900.0,3.0,2.0,1.0,0.0,45.0,0.0,2.0,0.0,2.0,2.0,2.0,2.0,0.0,11.0,6.0,5.0,2.0,0.0,0.0,2.0,2.0,1.0,2.0,0.0,1.0,1.0,1.0,1.0,0.0,1.0,0.0,1.0,1.0,32.0,0
2.0,1.0,29.0,1.0,12.0,1.0,1.0,2.0,6.0,2.0,1.0,1.0,5.0,841.0,3.0,2.0,1.0,0.0,23.0,0.0,2.0,0.0,2.0,2.0,1.0,2.0,0.0,99.0,11.0,5.0,1.0,5.0,4.0,2.0,2.0,2.0,2.0,5.0,1.0,1.0,1.0,1.0,0.0,1.0,0.0,1.0,1.0,32.0,0
1.0,2.0,31.0,1.0,12.0,1.0,2.0,0.0,7.0,1.0,1.0,1.0,6.0,961.0,2.0,2.0,1.0,0.0,12.0,0.0,2.0,0.0,2.0,2.0,2.0,2.0,0.0,1.0,12.0,0.0,0.0,0.0,0.0,0.0,0.0,0.0,0.0,0.0,0.0,0.0,0.0,0.0,0.0,0.0,0.0,0.0,0.0,32.0,0
2.0,1.0,35.0,1.0,1.0,1.0,2.0,0.0,4.0,1.0,3.0,1.0,4.0,1225.0,1.0,2.0,1.0,0.0,42.0,0.0,1.0,3.0,2.0,2.0,2.0,2.0,0.0,2.0,7.0,0.0,0.0,0.0,0.0,0.0,0.0,0.0,0.0,0.0,0.0,0.0,0.0,0.0,0.0,0.0,0.0,0.0,0.0,32.0,0
8.0,1.0,34.0,5.0,4.0,1.0,2.0,0.0,2.0,1.0,1.0,1.0,2.0,1156.0,3.0,1.0,1.0,0.0,20.0,0.0,1.0,1.0,1.0,1.0,2.0,2.0,0.0,4.0,11.0,4.0,2.0,0.0,0.0,2.0,2.0,2.0,2.0,5.0,2.0,2.0,2.0,2.0,5.0,2.0,2.0,1.0,4.0,33.0,1
3.0,2.0,51.0,5.0,1.0,1.0,2.0,0.0,7.0,1.0,1.0,1.0,6.0,2601.0,3.0,2.0,1.0,0.0,45.0,0.0,2.0,0.0,2.0,1.0,1.0,2.0,0.0,12.0,11.0,6.0,2.0,0.0,0.0,2.0,2.0,2.0,2.0,5.0,1.0,1.0,1.0,1.0,0.0,1.0,0.0,1.0,1.0,33.0,0
1.0,1.0,73.0,2.0,1.0,1.0,2.0,0.0,7.0,1.0,1.0,1.0,6.0,5329.0,1.0,3.0,1.0,0.0,54.0,0.0,2.0,0.0,2.0,2.0,2.0,2.0,0.0,6.0,11.0,0.0,0.0,0.0,0.0,0.0,0.0,0.0,0.0,0.0,0.0,0.0,0.0,0.0,0.0,0.0,0.0,0.0,0.0,32.0,0
1.0,1.0,48.0,1.0,4.0,1.0,2.0,0.0,4.0,1.0,1.0,1.0,4.0,2304.0,2.0,2.0,1.0,0.0,32.0,0.0,2.0,0.0,2.0,2.0,2.0,2.0,0.0,1.0,8.0,0.0,0.0,0.0,0.0,0.0,0.0,0.0,0.0,0.0,0.0,0.0,0.0,0.0,0.0,0.0,0.0,0.0,0.0,33.0,0
2.0,2.0,43.0,1.0,4.0,1.0,2.0,0.0,6.0,2.0,1.0,4.0,5.0,1849.0,3.0,3.0,1.0,0.0,48.0,0.0,2.0,0.0,2.0,2.0,2.0,2.0,0.0,2.0,11.0,3.0,1.0,9.0,4.0,2.0,2.0,2.0,2.0,5.0,2.0,2.0,2.0,2.0,5.0,2.0,2.0,1.0,4.0,33.0,1
3.0,2.0,20.0,5.0,1.0,1.0,2.0,0.0,4.0,2.0,1.0,1.0,3.0,400.0,3.0,3.0,1.0,0.0,56.0,0.0,2.0,0.0,2.0,2.0,2.0,2.0,0.0,6.0,11.0,4.0,1.0,9.0,4.0,2.0,2.0,2.0,2.0,5.0,2.0,2.0,2.0,2.0,5.0,2.0,2.0,1.0,4.0,33.0,1
1.0,2.0,56.0,5.0,4.0,1.0,2.0,0.0,2.0,1.0,1.0,1.0,2.0,3136.0,3.0,2.0,1.0,0.0,5.0,0.0,2.0,0.0,2.0,2.0,2.0,1.0,1.0,0.0,0.0,0.0,0.0,0.0,0.0,1.0,2.0,2.0,2.0,0.0,2.0,2.0,2.0,2.0,5.0,2.0,2.0,1.0,4.0,33.0,1
3.0,1.0,25.0,5.0,1.0,1.0,2.0,0.0,4.0,1.0,1.0,1.0,4.0,625.0,3.0,2.0,1.0,0.0,45.0,0.0,2.0,0.0,2.0,2.0,2.0,2.0,0.0,10.0,8.0,3.0,2.0,0.0,0.0,2.0,2.0,2.0,2.0,5.0,1.0,1.0,1.0,1.0,0.0,1.0,0.0,1.0,1.0,33.0,0
1.0,1.0,38.0,1.0,4.0,1.0,2.0,0.0,4.0,1.0,5.0,1.0,4.0,1444.0,3.0,2.0,1.0,0.0,40.0,0.0,1.0,1.0,1.0,1.0,2.0,2.0,0.0,99.0,11.0,5.0,2.0,0.0,0.0,2.0,2.0,2.0,2.0,5.0,2.0,2.0,2.0,2.0,5.0,2.0,2.0,1.0,4.0,33.0,1
2.0,2.0,29.0,1.0,1.0,1.0,1.0,1.0,7.0,2.0,5.0,1.0,5.0,841.0,3.0,2.0,1.0,0.0,40.0,0.0,2.0,0.0,2.0,1.0,1.0,2.0,0.0,12.0,11.0,5.0,2.0,0.0,0.0,2.0,2.0,2.0,2.0,5.0,1.0,1.0,1.0,1.0,0.0,1.0,0.0,1.0,1.0,33.0,0
8.0,1.0,29.0,5.0,1.0,1.0,2.0,0.0,2.0,1.0,1.0,1.0,2.0,841.0,3.0,2.0,1.0,0.0,45.0,0.0,2.0,0.0,2.0,2.0,2.0,2.0,0.0,99.0,11.0,6.0,2.0,0.0,0.0,2.0,2.0,2.0,2.0,5.0,2.0,2.0,2.0,2.0,5.0,2.0,1.0,1.0,4.0,33.0,1
8.0,1.0,23.0,5.0,1.0,1.0,2.0,0.0,4.0,2.0,1.0,1.0,3.0,529.0,3.0,2.0,1.0,0.0,30.0,0.0,2.0,0.0,2.0,2.0,2.0,2.0,0.0,99.0,11.0,4.0,2.0,0.0,0.0,2.0,2.0,2.0,2.0,5.0,1.0,1.0,1.0,1.0,0.0,1.0,0.0,1.0,1.0,33.0,0
1.0,1.0,29.0,1.0,1.0,1.0,2.0,0.0,4.0,1.0,1.0,1.0,4.0,841.0,3.0,2.0,2.0,2.0,26.0,6.0,2.0,0.0,2.0,2.0,2.0,2.0,0.0,7.0,8.0,6.0,2.0,0.0,0.0,2.0,2.0,2.0,2.0,5.0,1.0,1.0,1.0,1.0,0.0,1.0,0.0,1.0,1.0,33.0,0
8.0,2.0,23.0,5.0,4.0,1.0,2.0,0.0,4.0,1.0,1.0,1.0,4.0,529.0,3.0,3.0,1.0,0.0,60.0,0.0,2.0,0.0,2.0,2.0,2.0,2.0,0.0,3.0,11.0,6.0,2.0,0.0,0.0,2.0,2.0,2.0,2.0,5.0,2.0,2.0,2.0,2.0,5.0,2.0,2.0,1.0,4.0,33.0,1
2.0,2.0,36.0,1.0,1.0,1.0,1.0,2.0,6.0,2.0,1.0,1.0,5.0,1296.0,3.0,2.0,1.0,0.0,10.0,0.0,2.0,0.0,2.0,2.0,2.0,1.0,1.0,0.0,0.0,0.0,0.0,0.0,0.0,2.0,2.0,2.0,2.0,5.0,2.0,2.0,2.0,2.0,5.0,2.0,2.0,1.0,4.0,33.0,1
1.0,2.0,39.0,5.0,1.0,1.0,2.0,0.0,6.0,1.0,1.0,1.0,6.0,1521.0,3.0,4.0,0.0,0.0,0.0,0.0,2.0,0.0,2.0,2.0,1.0,2.0,0.0,8.0,11.0,5.0,2.0,0.0,0.0,2.0,2.0,2.0,2.0,5.0,1.0,1.0,1.0,1.0,0.0,1.0,0.0,1.0,1.0,33.0,0
1.0,1.0,40.0,2.0,1.0,1.0,2.0,0.0,5.0,1.0,1.0,1.0,4.0,1600.0,3.0,3.0,1.0,0.0,70.0,0.0,2.0,0.0,2.0,2.0,2.0,2.0,0.0,11.0,11.0,5.0,2.0,0.0,0.0,2.0,2.0,2.0,2.0,5.0,1.0,1.0,1.0,1.0,0.0,1.0,0.0,1.0,1.0,33.0,0
1.0,1.0,21.0,1.0,4.0,1.0,2.0,0.0,4.0,2.0,1.0,1.0,3.0,441.0,2.0,2.0,1.0,0.0,35.0,0.0,1.0,1.0,1.0,1.0,2.0,2.0,0.0,3.0,8.0,0.0,0.0,0.0,0.0,0.0,0.0,0.0,0.0,0.0,0.0,0.0,0.0,0.0,0.0,0.0,0.0,0.0,0.0,33.0,0
1.0,1.0,79.0,2.0,12.0,1.0,2.0,0.0,7.0,1.0,2.0,1.0,6.0,6241.0,3.0,2.0,1.0,0.0,12.0,0.0,2.0,0.0,2.0,2.0,2.0,2.0,0.0,99.0,6.0,6.0,2.0,0.0,0.0,2.0,2.0,2.0,2.0,5.0,1.0,2.0,2.0,2.0,0.0,2.0,1.0,1.0,3.0,32.0,1
1.0,1.0,49.0,5.0,1.0,1.0,1.0,1.0,6.0,2.0,1.0,1.0,5.0,2401.0,2.0,3.0,1.0,0.0,58.0,0.0,2.0,0.0,2.0,2.0,2.0,2.0,0.0,1.0,11.0,0.0,0.0,0.0,0.0,0.0,0.0,0.0,0.0,0.0,0.0,0.0,0.0,0.0,0.0,0.0,0.0,0.0,0.0,32.0,0
1.0,1.0,57.0,2.0,1.0,1.0,2.0,0.0,7.0,2.0,3.0,1.0,5.0,3249.0,3.0,2.0,1.0,0.0,30.0,0.0,2.0,0.0,2.0,2.0,2.0,2.0,0.0,11.0,11.0,6.0,2.0,0.0,0.0,2.0,2.0,2.0,2.0,5.0,1.0,1.0,1.0,1.0,0.0,1.0,0.0,1.0,1.0,32.0,0
2.0,2.0,57.0,2.0,1.0,1.0,2.0,0.0,7.0,1.0,1.0,1.0,6.0,3249.0,3.0,2.0,1.0,0.0,30.0,0.0,2.0,0.0,2.0,2.0,2.0,2.0,0.0,6.0,8.0,6.0,2.0,0.0,0.0,2.0,2.0,2.0,2.0,5.0,1.0,1.0,1.0,1.0,0.0,1.0,0.0,1.0,1.0,32.0,0
3.0,1.0,26.0,5.0,1.0,1.0,2.0,0.0,7.0,2.0,1.0,1.0,5.0,676.0,3.0,1.0,1.0,0.0,30.0,0.0,1.0,1.0,1.0,1.0,2.0,2.0,0.0,6.0,11.0,5.0,2.0,0.0,0.0,2.0,2.0,2.0,2.0,5.0,1.0,1.0,1.0,1.0,0.0,1.0,0.0,1.0,1.0,32.0,0
1.0,2.0,38.0,5.0,4.0,1.0,2.0,0.0,4.0,1.0,1.0,1.0,4.0,1444.0,2.0,3.0,1.0,0.0,70.0,0.0,2.0,0.0,2.0,2.0,2.0,2.0,0.0,1.0,11.0,0.0,0.0,0.0,0.0,0.0,0.0,0.0,0.0,0.0,0.0,0.0,0.0,0.0,0.0,0.0,0.0,0.0,0.0,33.0,0
1.0,1.0,41.0,1.0,4.0,1.0,2.0,0.0,5.0,1.0,3.0,1.0,4.0,1681.0,2.0,2.0,1.0,0.0,40.0,0.0,1.0,1.0,1.0,1.0,2.0,2.0,0.0,1.0,9.0,0.0,0.0,0.0,0.0,0.0,0.0,0.0,0.0,0.0,0.0,0.0,0.0,0.0,0.0,0.0,0.0,0.0,0.0,33.0,0
2.0,2.0,34.0,1.0,1.0,1.0,2.0,0.0,4.0,1.0,1.0,1.0,4.0,1156.0,3.0,3.0,1.0,0.0,64.0,0.0,1.0,1.0,1.0,2.0,1.0,2.0,0.0,12.0,11.0,6.0,2.0,0.0,0.0,2.0,2.0,2.0,2.0,5.0,1.0,1.0,1.0,1.0,0.0,1.0,0.0,3.0,1.0,33.0,0
1.0,1.0,50.0,1.0,1.0,1.0,2.0,0.0,4.0,2.0,1.0,1.0,3.0,2500.0,3.0,2.0,1.0,0.0,40.0,0.0,2.0,0.0,2.0,2.0,1.0,2.0,0.0,12.0,9.0,6.0,2.0,0.0,0.0,2.0,2.0,2.0,2.0,5.0,1.0,1.0,1.0,1.0,0.0,1.0,0.0,1.0,1.0,33.0,0
3.0,1.0,30.0,5.0,4.0,1.0,2.0,0.0,4.0,2.0,1.0,1.0,3.0,900.0,3.0,3.0,1.0,0.0,60.0,0.0,2.0,0.0,2.0,2.0,2.0,2.0,0.0,3.0,11.0,5.0,2.0,0.0,0.0,2.0,2.0,2.0,2.0,5.0,2.0,2.0,2.0,2.0,5.0,2.0,2.0,1.0,4.0,33.0,1
1.0,2.0,53.0,5.0,1.0,1.0,2.0,0.0,7.0,1.0,1.0,1.0,6.0,2809.0,2.0,2.0,1.0,0.0,44.0,0.0,2.0,0.0,2.0,2.0,2.0,2.0,0.0,1.0,6.0,0.0,0.0,0.0,0.0,0.0,0.0,0.0,0.0,0.0,0.0,0.0,0.0,0.0,0.0,0.0,0.0,0.0,0.0,33.0,0
3.0,1.0,28.0,5.0,4.0,1.0,2.0,0.0,3.0,1.0,1.0,1.0,3.0,784.0,2.0,1.0,1.0,0.0,8.0,0.0,1.0,1.0,1.0,1.0,2.0,2.0,0.0,1.0,6.0,0.0,0.0,0.0,0.0,0.0,0.0,0.0,0.0,0.0,0.0,0.0,0.0,0.0,0.0,0.0,0.0,0.0,0.0,33.0,0
1.0,1.0,50.0,2.0,1.0,1.0,2.0,0.0,7.0,1.0,4.0,1.0,6.0,2500.0,3.0,2.0,1.0,0.0,30.0,0.0,2.0,0.0,2.0,2.0,2.0,2.0,0.0,12.0,11.0,5.0,2.0,0.0,0.0,1.0,2.0,2.0,2.0,0.0,1.0,1.0,1.0,1.0,0.0,1.0,0.0,1.0,1.0,33.0,0
2.0,2.0,44.0,2.0,1.0,1.0,2.0,0.0,4.0,2.0,4.0,1.0,3.0,1936.0,2.0,2.0,1.0,0.0,30.0,0.0,2.0,0.0,2.0,2.0,2.0,2.0,0.0,1.0,2.0,0.0,0.0,0.0,0.0,0.0,0.0,0.0,0.0,0.0,0.0,0.0,0.0,0.0,0.0,0.0,0.0,0.0,0.0,33.0,0
1.0,2.0,53.0,1.0,1.0,1.0,2.0,0.0,6.0,1.0,1.0,1.0,6.0,2809.0,3.0,3.0,1.0,0.0,54.0,0.0,2.0,0.0,2.0,2.0,2.0,2.0,0.0,4.0,11.0,5.0,2.0,0.0,0.0,2.0,2.0,2.0,2.0,5.0,1.0,1.0,1.0,2.0,0.0,2.0,1.0,1.0,3.0,33.0,1
2.0,1.0,48.0,1.0,1.0,1.0,2.0,0.0,4.0,2.0,1.0,1.0,3.0,2304.0,2.0,2.0,1.0,0.0,40.0,0.0,2.0,0.0,2.0,2.0,2.0,2.0,0.0,1.0,8.0,0.0,0.0,0.0,0.0,0.0,0.0,0.0,0.0,0.0,0.0,0.0,0.0,0.0,0.0,0.0,0.0,0.0,0.0,33.0,0
3.0,1.0,22.0,1.0,1.0,1.0,2.0,0.0,4.0,2.0,1.0,1.0,3.0,484.0,3.0,3.0,1.0,0.0,50.0,0.0,1.0,1.0,1.0,1.0,2.0,2.0,0.0,10.0,11.0,5.0,2.0,0.0,0.0,2.0,2.0,2.0,2.0,5.0,1.0,1.0,1.0,1.0,0.0,1.0,0.0,1.0,1.0,33.0,0
1.0,1.0,40.0,2.0,1.0,1.0,2.0,0.0,7.0,1.0,1.0,1.0,6.0,1600.0,3.0,2.0,1.0,0.0,45.0,0.0,2.0,0.0,2.0,2.0,2.0,2.0,0.0,11.0,11.0,4.0,2.0,0.0,0.0,2.0,2.0,2.0,2.0,5.0,1.0,1.0,1.0,1.0,0.0,1.0,0.0,1.0,1.0,33.0,0
3.0,1.0,21.0,5.0,1.0,1.0,1.0,2.0,7.0,2.0,1.0,1.0,5.0,441.0,3.0,3.0,1.0,0.0,63.0,0.0,2.0,0.0,2.0,2.0,3.0,2.0,0.0,99.0,11.0,5.0,2.0,0.0,0.0,1.0,2.0,2.0,2.0,0.0,2.0,2.0,2.0,2.0,5.0,2.0,2.0,1.0,4.0,32.0,1
1.0,2.0,25.0,1.0,1.0,1.0,1.0,2.0,7.0,2.0,1.0,1.0,5.0,625.0,3.0,1.0,1.0,0.0,30.0,0.0,1.0,1.0,2.0,1.0,2.0,2.0,0.0,7.0,11.0,2.0,2.0,0.0,0.0,2.0,2.0,2.0,2.0,5.0,1.0,1.0,1.0,1.0,0.0,1.0,0.0,3.0,1.0,32.0,0
2.0,2.0,28.0,1.0,1.0,1.0,1.0,2.0,6.0,2.0,1.0,1.0,5.0,784.0,3.0,3.0,2.0,2.0,40.0,9.0,1.0,1.0,2.0,1.0,2.0,2.0,0.0,8.0,11.0,5.0,2.0,0.0,0.0,1.0,2.0,2.0,2.0,0.0,1.0,1.0,1.0,1.0,0.0,1.0,0.0,1.0,1.0,32.0,0
1.0,2.0,64.0,4.0,1.0,1.0,2.0,0.0,4.0,1.0,3.0,1.0,4.0,4096.0,3.0,2.0,1.0,0.0,40.0,0.0,2.0,0.0,2.0,2.0,2.0,2.0,0.0,8.0,11.0,6.0,2.0,0.0,0.0,2.0,2.0,2.0,2.0,5.0,1.0,1.0,1.0,1.0,0.0,1.0,0.0,1.0,1.0,33.0,0
3.0,2.0,42.0,5.0,1.0,1.0,2.0,0.0,6.0,1.0,1.0,1.0,6.0,1764.0,3.0,2.0,1.0,0.0,20.0,0.0,1.0,3.0,1.0,1.0,1.0,2.0,0.0,7.0,11.0,6.0,2.0,0.0,0.0,2.0,2.0,2.0,2.0,5.0,1.0,1.0,1.0,1.0,0.0,1.0,0.0,1.0,1.0,33.0,0
1.0,1.0,52.0,2.0,4.0,1.0,2.0,0.0,2.0,1.0,1.0,1.0,2.0,2704.0,2.0,2.0,1.0,0.0,40.0,0.0,2.0,0.0,2.0,2.0,2.0,2.0,0.0,1.0,8.0,0.0,0.0,0.0,0.0,0.0,0.0,0.0,0.0,0.0,0.0,0.0,0.0,0.0,0.0,0.0,0.0,0.0,0.0,33.0,0
3.0,1.0,23.0,5.0,4.0,1.0,2.0,0.0,4.0,2.0,1.0,1.0,3.0,529.0,3.0,3.0,1.0,0.0,50.0,0.0,2.0,0.0,2.0,2.0,2.0,2.0,0.0,99.0,4.0,1.0,9.0,9.0,2.0,2.0,2.0,2.0,2.0,5.0,2.0,2.0,2.0,2.0,5.0,2.0,2.0,1.0,1.0,33.0,1
1.0,1.0,24.0,5.0,1.0,1.0,2.0,0.0,4.0,1.0,1.0,1.0,4.0,576.0,3.0,2.0,1.0,0.0,40.0,0.0,2.0,0.0,2.0,2.0,1.0,2.0,0.0,3.0,11.0,3.0,2.0,0.0,0.0,2.0,2.0,2.0,2.0,5.0,1.0,1.0,1.0,1.0,0.0,1.0,0.0,1.0,1.0,33.0,0
1.0,1.0,47.0,1.0,4.0,1.0,2.0,0.0,2.0,1.0,1.0,1.0,2.0,2209.0,2.0,3.0,1.0,0.0,49.0,0.0,2.0,0.0,2.0,2.0,2.0,2.0,0.0,1.0,12.0,0.0,0.0,0.0,0.0,0.0,0.0,0.0,0.0,0.0,0.0,0.0,0.0,0.0,0.0,0.0,0.0,0.0,0.0,33.0,0
2.0,2.0,40.0,1.0,4.0,1.0,2.0,0.0,2.0,1.0,1.0,1.0,2.0,1600.0,3.0,2.0,2.0,2.0,40.0,4.0,2.0,0.0,2.0,2.0,2.0,1.0,2.0,0.0,0.0,0.0,0.0,0.0,0.0,2.0,2.0,2.0,2.0,5.0,2.0,2.0,2.0,2.0,5.0,2.0,2.0,1.0,4.0,33.0,1
3.0,1.0,20.0,5.0,4.0,1.0,1.0,1.0,4.0,2.0,1.0,1.0,3.0,400.0,3.0,3.0,1.0,0.0,56.0,0.0,2.0,0.0,2.0,1.0,2.0,2.0,0.0,6.0,11.0,5.0,2.0,0.0,0.0,2.0,2.0,2.0,2.0,5.0,2.0,2.0,2.0,2.0,5.0,2.0,2.0,1.0,4.0,33.0,1
1.0,2.0,56.0,5.0,1.0,1.0,2.0,0.0,4.0,1.0,1.0,1.0,4.0,3136.0,3.0,2.0,1.0,0.0,40.0,0.0,2.0,0.0,2.0,2.0,2.0,2.0,0.0,7.0,11.0,6.0,2.0,0.0,0.0,2.0,2.0,2.0,2.0,5.0,1.0,1.0,1.0,1.0,0.0,1.0,0.0,1.0,1.0,33.0,0
3.0,1.0,32.0,5.0,1.0,1.0,2.0,0.0,4.0,2.0,1.0,1.0,3.0,1024.0,2.0,1.0,1.0,0.0,24.0,0.0,1.0,1.0,1.0,1.0,2.0,2.0,0.0,1.0,9.0,0.0,0.0,0.0,0.0,0.0,0.0,0.0,0.0,0.0,0.0,0.0,0.0,0.0,0.0,0.0,0.0,0.0,0.0,33.0,0
3.0,1.0,55.0,5.0,1.0,1.0,2.0,0.0,2.0,1.0,1.0,1.0,2.0,3025.0,3.0,2.0,1.0,0.0,42.0,0.0,2.0,0.0,2.0,2.0,2.0,2.0,0.0,99.0,11.0,5.0,1.0,9.0,4.0,2.0,2.0,2.0,2.0,5.0,1.0,1.0,1.0,1.0,0.0,1.0,0.0,3.0,1.0,33.0,0
1.0,1.0,53.0,2.0,2.0,1.0,2.0,0.0,4.0,2.0,1.0,1.0,3.0,2809.0,3.0,3.0,1.0,0.0,70.0,0.0,2.0,0.0,2.0,2.0,2.0,2.0,0.0,12.0,4.0,6.0,9.0,9.0,4.0,2.0,2.0,2.0,2.0,5.0,2.0,2.0,2.0,2.0,5.0,2.0,1.0,1.0,3.0,33.0,1
2.0,1.0,31.0,2.0,1.0,1.0,2.0,0.0,2.0,1.0,1.0,1.0,2.0,961.0,3.0,2.0,1.0,0.0,36.0,0.0,1.0,1.0,1.0,1.0,2.0,2.0,0.0,6.0,5.0,5.0,2.0,0.0,0.0,2.0,2.0,2.0,2.0,5.0,2.0,2.0,2.0,1.0,0.0,1.0,0.0,1.0,1.0,33.0,0
3.0,1.0,30.0,5.0,1.0,1.0,2.0,0.0,4.0,1.0,1.0,1.0,4.0,900.0,3.0,2.0,1.0,0.0,32.0,0.0,2.0,0.0,2.0,1.0,2.0,2.0,0.0,6.0,11.0,6.0,2.0,0.0,0.0,2.0,2.0,2.0,2.0,5.0,1.0,1.0,1.0,1.0,0.0,1.0,0.0,1.0,1.0,32.0,0
3.0,2.0,28.0,5.0,1.0,1.0,2.0,0.0,6.0,1.0,1.0,1.0,6.0,784.0,3.0,4.0,0.0,0.0,0.0,0.0,2.0,0.0,2.0,2.0,1.0,2.0,0.0,12.0,11.0,6.0,2.0,0.0,0.0,2.0,2.0,2.0,2.0,5.0,1.0,1.0,1.0,1.0,0.0,1.0,0.0,1.0,1.0,32.0,0
3.0,2.0,23.0,5.0,1.0,1.0,2.0,0.0,6.0,2.0,1.0,1.0,5.0,529.0,3.0,2.0,1.0,0.0,18.0,0.0,2.0,0.0,2.0,2.0,2.0,2.0,0.0,99.0,11.0,5.0,2.0,0.0,0.0,2.0,2.0,2.0,2.0,5.0,1.0,1.0,1.0,1.0,0.0,1.0,0.0,1.0,1.0,32.0,0
1.0,2.0,45.0,2.0,1.0,1.0,2.0,0.0,6.0,1.0,1.0,1.0,6.0,2025.0,2.0,2.0,1.0,0.0,36.0,0.0,1.0,1.0,2.0,2.0,2.0,2.0,0.0,1.0,6.0,0.0,0.0,0.0,0.0,0.0,0.0,0.0,0.0,0.0,0.0,0.0,0.0,0.0,0.0,0.0,0.0,0.0,0.0,32.0,0
2.0,1.0,58.0,2.0,1.0,1.0,2.0,0.0,6.0,1.0,1.0,1.0,6.0,3364.0,2.0,3.0,1.0,0.0,60.0,0.0,2.0,0.0,2.0,2.0,2.0,2.0,0.0,1.0,6.0,0.0,0.0,0.0,0.0,0.0,0.0,0.0,0.0,0.0,0.0,0.0,0.0,0.0,0.0,0.0,0.0,0.0,0.0,32.0,0
1.0,1.0,52.0,3.0,4.0,1.0,2.0,0.0,4.0,2.0,1.0,1.0,3.0,2704.0,2.0,2.0,1.0,0.0,40.0,0.0,1.0,1.0,1.0,1.0,2.0,2.0,0.0,1.0,8.0,0.0,0.0,0.0,0.0,0.0,0.0,0.0,0.0,0.0,0.0,0.0,0.0,0.0,0.0,0.0,0.0,0.0,0.0,33.0,0
1.0,2.0,45.0,3.0,4.0,1.0,2.0,0.0,4.0,1.0,1.0,1.0,4.0,2025.0,3.0,1.0,1.0,0.0,18.0,0.0,1.0,1.0,1.0,2.0,2.0,1.0,1.0,0.0,0.0,0.0,0.0,0.0,0.0,1.0,2.0,2.0,2.0,0.0,2.0,2.0,2.0,2.0,5.0,2.0,2.0,1.0,4.0,33.0,1
3.0,2.0,23.0,5.0,1.0,1.0,2.0,0.0,4.0,1.0,1.0,1.0,4.0,529.0,3.0,3.0,1.0,0.0,56.0,0.0,2.0,0.0,2.0,2.0,2.0,2.0,0.0,6.0,11.0,5.0,2.0,0.0,0.0,1.0,2.0,2.0,2.0,0.0,1.0,1.0,1.0,1.0,0.0,1.0,0.0,1.0,1.0,33.0,0
3.0,2.0,50.0,1.0,4.0,1.0,2.0,0.0,4.0,2.0,1.0,1.0,3.0,2500.0,3.0,2.0,1.0,0.0,25.0,0.0,2.0,0.0,1.0,1.0,1.0,2.0,0.0,6.0,11.0,5.0,1.0,4.0,4.0,1.0,2.0,2.0,2.0,0.0,2.0,2.0,2.0,2.0,5.0,2.0,2.0,1.0,4.0,33.0,1
4.0,1.0,51.0,1.0,4.0,1.0,2.0,0.0,4.0,2.0,1.0,1.0,3.0,2601.0,3.0,2.0,1.0,0.0,40.0,0.0,9.0,0.0,9.0,9.0,2.0,2.0,0.0,99.0,11.0,9.0,9.0,9.0,4.0,9.0,9.0,9.0,9.0,0.0,9.0,9.0,9.0,9.0,0.0,2.0,2.0,9.0,9.0,33.0,1
1.0,1.0,61.0,3.0,1.0,1.0,2.0,0.0,6.0,2.0,1.0,1.0,5.0,3721.0,1.0,2.0,1.0,0.0,28.0,0.0,2.0,0.0,2.0,2.0,2.0,2.0,0.0,2.0,11.0,0.0,0.0,0.0,0.0,0.0,0.0,0.0,0.0,0.0,0.0,0.0,0.0,0.0,0.0,0.0,0.0,0.0,0.0,33.0,0
8.0,2.0,57.0,5.0,1.0,1.0,2.0,0.0,4.0,1.0,1.0,1.0,4.0,3249.0,3.0,3.0,1.0,0.0,48.0,0.0,2.0,0.0,2.0,2.0,1.0,2.0,0.0,99.0,11.0,6.0,2.0,0.0,0.0,2.0,2.0,2.0,2.0,5.0,1.0,1.0,1.0,1.0,0.0,1.0,0.0,1.0,1.0,33.0,0
3.0,2.0,32.0,5.0,4.0,1.0,2.0,0.0,4.0,1.0,1.0,1.0,4.0,1024.0,3.0,1.0,1.0,0.0,20.0,0.0,1.0,1.0,1.0,1.0,2.0,2.0,0.0,99.0,11.0,5.0,2.0,0.0,0.0,2.0,2.0,2.0,2.0,5.0,2.0,2.0,2.0,2.0,5.0,2.0,2.0,1.0,4.0,33.0,1
1.0,1.0,73.0,2.0,1.0,1.0,2.0,0.0,4.0,1.0,1.0,1.0,4.0,5329.0,3.0,2.0,1.0,0.0,4.0,0.0,2.0,0.0,2.0,2.0,2.0,2.0,0.0,99.0,11.0,6.0,1.0,9.0,4.0,2.0,2.0,2.0,2.0,5.0,2.0,2.0,2.0,2.0,5.0,2.0,2.0,1.0,4.0,33.0,1
1.0,2.0,38.0,1.0,4.0,1.0,2.0,0.0,4.0,1.0,1.0,1.0,4.0,1444.0,3.0,1.0,1.0,0.0,18.0,0.0,1.0,1.0,1.0,1.0,2.0,1.0,1.0,0.0,0.0,0.0,0.0,0.0,0.0,1.0,2.0,2.0,2.0,0.0,2.0,2.0,2.0,2.0,5.0,2.0,2.0,1.0,4.0,33.0,1
3.0,2.0,21.0,5.0,4.0,1.0,2.0,0.0,4.0,1.0,1.0,1.0,4.0,441.0,2.0,2.0,1.0,0.0,36.0,0.0,2.0,0.0,2.0,2.0,2.0,2.0,0.0,1.0,9.0,0.0,0.0,0.0,0.0,0.0,0.0,0.0,0.0,0.0,0.0,0.0,0.0,0.0,0.0,0.0,0.0,0.0,0.0,33.0,0
1.0,1.0,41.0,1.0,4.0,1.0,2.0,0.0,2.0,1.0,1.0,1.0,2.0,1681.0,2.0,2.0,1.0,0.0,40.0,0.0,2.0,0.0,2.0,2.0,2.0,2.0,0.0,1.0,8.0,0.0,0.0,0.0,0.0,0.0,0.0,0.0,0.0,0.0,0.0,0.0,0.0,0.0,0.0,0.0,0.0,0.0,0.0,33.0,0
2.0,2.0,40.0,2.0,1.0,1.0,1.0,2.0,8.0,2.0,1.0,1.0,6.0,1600.0,1.0,2.0,1.0,0.0,30.0,0.0,2.0,0.0,2.0,2.0,2.0,2.0,0.0,2.0,8.0,0.0,0.0,0.0,0.0,0.0,0.0,0.0,0.0,0.0,0.0,0.0,0.0,0.0,0.0,0.0,0.0,0.0,0.0,33.0,0
1.0,1.0,50.0,2.0,1.0,1.0,2.0,0.0,7.0,1.0,1.0,1.0,6.0,2500.0,1.0,3.0,2.0,2.0,40.0,16.0,2.0,0.0,2.0,2.0,2.0,2.0,0.0,99.0,11.0,0.0,0.0,0.0,0.0,0.0,0.0,0.0,0.0,0.0,0.0,0.0,0.0,0.0,0.0,0.0,0.0,0.0,0.0,33.0,0
1.0,1.0,57.0,3.0,4.0,1.0,2.0,0.0,2.0,1.0,3.0,1.0,2.0,3249.0,2.0,3.0,1.0,0.0,60.0,0.0,2.0,0.0,2.0,2.0,2.0,2.0,0.0,1.0,4.0,0.0,0.0,0.0,0.0,0.0,0.0,0.0,0.0,0.0,0.0,0.0,0.0,0.0,0.0,0.0,0.0,0.0,0.0,33.0,0
3.0,2.0,25.0,5.0,4.0,1.0,2.0,0.0,4.0,1.0,1.0,1.0,4.0,625.0,2.0,2.0,1.0,0.0,30.0,0.0,2.0,0.0,2.0,2.0,2.0,2.0,0.0,1.0,6.0,0.0,0.0,0.0,0.0,0.0,0.0,0.0,0.0,0.0,0.0,0.0,0.0,0.0,0.0,0.0,0.0,0.0,0.0,33.0,0
1.0,1.0,41.0,5.0,3.0,1.0,2.0,0.0,4.0,1.0,1.0,1.0,4.0,1681.0,2.0,2.0,1.0,0.0,8.0,0.0,1.0,3.0,2.0,2.0,2.0,2.0,0.0,1.0,4.0,0.0,0.0,0.0,0.0,0.0,0.0,0.0,0.0,0.0,0.0,0.0,0.0,0.0,0.0,0.0,0.0,0.0,0.0,33.0,0
2.0,1.0,27.0,1.0,4.0,1.0,2.0,0.0,4.0,1.0,1.0,1.0,4.0,729.0,2.0,2.0,1.0,0.0,18.0,0.0,2.0,0.0,2.0,2.0,2.0,2.0,0.0,1.0,9.0,0.0,0.0,0.0,0.0,0.0,0.0,0.0,0.0,0.0,0.0,0.0,0.0,0.0,0.0,0.0,0.0,0.0,0.0,33.0,0
2.0,1.0,47.0,2.0,4.0,1.0,2.0,0.0,4.0,1.0,1.0,1.0,4.0,2209.0,3.0,3.0,1.0,0.0,50.0,0.0,2.0,0.0,2.0,2.0,2.0,2.0,0.0,99.0,5.0,6.0,9.0,9.0,4.0,2.0,2.0,2.0,2.0,5.0,2.0,2.0,2.0,2.0,5.0,2.0,2.0,1.0,4.0,33.0,1
3.0,1.0,21.0,5.0,1.0,1.0,2.0,0.0,4.0,1.0,1.0,1.0,4.0,441.0,3.0,3.0,1.0,0.0,54.0,0.0,2.0,0.0,2.0,2.0,2.0,2.0,0.0,9.0,11.0,2.0,2.0,0.0,0.0,1.0,2.0,2.0,2.0,0.0,1.0,1.0,1.0,1.0,0.0,1.0,0.0,1.0,1.0,33.0,0
3.0,1.0,36.0,3.0,4.0,1.0,2.0,0.0,5.0,1.0,1.0,1.0,4.0,1296.0,3.0,2.0,1.0,0.0,40.0,0.0,2.0,0.0,2.0,1.0,2.0,2.0,0.0,99.0,4.0,4.0,1.0,9.0,4.0,2.0,2.0,2.0,2.0,5.0,2.0,2.0,2.0,2.0,5.0,2.0,2.0,1.0,4.0,33.0,1
3.0,1.0,71.0,5.0,4.0,1.0,2.0,0.0,4.0,1.0,3.0,1.0,4.0,5041.0,2.0,3.0,1.0,0.0,46.0,0.0,2.0,0.0,2.0,2.0,2.0,2.0,0.0,1.0,11.0,0.0,0.0,0.0,0.0,0.0,0.0,0.0,0.0,0.0,0.0,0.0,0.0,0.0,0.0,0.0,0.0,0.0,0.0,33.0,0
2.0,2.0,32.0,1.0,4.0,1.0,1.0,1.0,7.0,2.0,2.0,1.0,5.0,1024.0,3.0,2.0,1.0,0.0,9.0,0.0,2.0,0.0,2.0,2.0,1.0,2.0,0.0,99.0,11.0,6.0,9.0,5.0,4.0,1.0,2.0,1.0,2.0,0.0,2.0,2.0,2.0,2.0,5.0,2.0,2.0,1.0,1.0,33.0,1
3.0,2.0,28.0,5.0,1.0,1.0,1.0,1.0,6.0,2.0,1.0,1.0,5.0,784.0,3.0,1.0,2.0,2.0,4.0,2.0,1.0,1.0,1.0,2.0,1.0,2.0,0.0,99.0,11.0,2.0,1.0,2.0,4.0,2.0,2.0,2.0,2.0,5.0,1.0,1.0,1.0,1.0,0.0,1.0,0.0,1.0,1.0,33.0,0
2.0,2.0,29.0,1.0,1.0,1.0,2.0,0.0,4.0,1.0,1.0,1.0,4.0,841.0,3.0,2.0,1.0,0.0,40.0,0.0,2.0,0.0,2.0,2.0,2.0,2.0,0.0,99.0,11.0,5.0,2.0,0.0,0.0,2.0,2.0,2.0,2.0,5.0,1.0,1.0,1.0,1.0,0.0,1.0,0.0,1.0,1.0,33.0,0
1.0,2.0,47.0,1.0,1.0,1.0,2.0,0.0,4.0,1.0,1.0,1.0,4.0,2209.0,3.0,2.0,1.0,0.0,45.0,0.0,2.0,0.0,2.0,2.0,2.0,2.0,0.0,11.0,11.0,6.0,2.0,0.0,0.0,1.0,2.0,2.0,2.0,0.0,1.0,1.0,1.0,1.0,0.0,1.0,0.0,1.0,1.0,32.0,0
2.0,1.0,56.0,1.0,1.0,1.0,2.0,0.0,4.0,2.0,1.0,1.0,3.0,3136.0,3.0,2.0,1.0,0.0,36.0,0.0,2.0,0.0,2.0,2.0,2.0,2.0,0.0,99.0,3.0,6.0,2.0,0.0,0.0,2.0,2.0,2.0,2.0,5.0,1.0,1.0,1.0,1.0,0.0,1.0,0.0,3.0,1.0,32.0,0
3.0,1.0,19.0,5.0,1.0,1.0,2.0,0.0,4.0,1.0,1.0,1.0,4.0,361.0,2.0,1.0,1.0,0.0,9.0,0.0,1.0,1.0,1.0,1.0,2.0,2.0,0.0,1.0,6.0,0.0,0.0,0.0,0.0,0.0,0.0,0.0,0.0,0.0,0.0,0.0,0.0,0.0,0.0,0.0,0.0,0.0,0.0,32.0,0
3.0,2.0,20.0,5.0,1.0,1.0,2.0,0.0,4.0,1.0,1.0,1.0,4.0,400.0,3.0,3.0,1.0,0.0,54.0,0.0,1.0,1.0,1.0,1.0,2.0,2.0,0.0,7.0,11.0,2.0,2.0,0.0,0.0,1.0,2.0,2.0,2.0,0.0,1.0,1.0,1.0,2.0,0.0,2.0,2.0,1.0,4.0,32.0,1
1.0,2.0,55.0,5.0,1.0,1.0,2.0,0.0,7.0,1.0,1.0,1.0,6.0,3025.0,2.0,2.0,1.0,0.0,40.0,0.0,2.0,0.0,2.0,2.0,2.0,2.0,0.0,1.0,11.0,0.0,0.0,0.0,0.0,0.0,0.0,0.0,0.0,0.0,0.0,0.0,0.0,0.0,0.0,0.0,0.0,0.0,0.0,32.0,0
1.0,1.0,51.0,2.0,1.0,1.0,2.0,0.0,2.0,1.0,1.0,1.0,2.0,2601.0,3.0,3.0,1.0,0.0,54.0,0.0,2.0,0.0,2.0,2.0,2.0,2.0,0.0,10.0,4.0,6.0,2.0,0.0,0.0,2.0,2.0,2.0,2.0,5.0,1.0,1.0,1.0,1.0,0.0,1.0,0.0,1.0,1.0,33.0,0
2.0,2.0,47.0,2.0,4.0,1.0,2.0,0.0,4.0,1.0,1.0,1.0,4.0,2209.0,2.0,1.0,1.0,0.0,10.0,0.0,1.0,1.0,1.0,1.0,2.0,2.0,0.0,1.0,6.0,0.0,0.0,0.0,0.0,0.0,0.0,0.0,0.0,0.0,0.0,0.0,0.0,0.0,0.0,0.0,0.0,0.0,0.0,33.0,0
1.0,1.0,42.0,5.0,1.0,1.0,2.0,0.0,7.0,1.0,1.0,1.0,6.0,1764.0,3.0,2.0,1.0,0.0,45.0,0.0,2.0,0.0,2.0,2.0,2.0,2.0,0.0,8.0,6.0,6.0,1.0,9.0,4.0,2.0,2.0,2.0,1.0,0.0,1.0,1.0,1.0,1.0,0.0,1.0,0.0,1.0,1.0,32.0,0
1.0,1.0,67.0,2.0,1.0,1.0,2.0,0.0,6.0,2.0,1.0,1.0,5.0,4489.0,3.0,2.0,1.0,0.0,18.0,0.0,2.0,0.0,2.0,2.0,2.0,2.0,0.0,2.0,5.0,6.0,2.0,0.0,0.0,2.0,2.0,2.0,2.0,5.0,2.0,2.0,2.0,2.0,5.0,2.0,2.0,1.0,4.0,32.0,1
1.0,1.0,70.0,2.0,1.0,1.0,2.0,0.0,6.0,1.0,1.0,1.0,6.0,4900.0,3.0,2.0,1.0,0.0,40.0,0.0,2.0,0.0,2.0,2.0,2.0,2.0,0.0,99.0,11.0,6.0,2.0,0.0,0.0,2.0,2.0,2.0,2.0,5.0,1.0,1.0,1.0,1.0,0.0,1.0,0.0,1.0,1.0,32.0,0
1.0,1.0,41.0,5.0,1.0,1.0,2.0,0.0,8.0,1.0,1.0,1.0,6.0,1681.0,3.0,2.0,2.0,2.0,16.0,8.0,2.0,0.0,2.0,2.0,1.0,2.0,0.0,9.0,11.0,6.0,2.0,0.0,0.0,2.0,2.0,2.0,2.0,5.0,1.0,1.0,1.0,1.0,0.0,1.0,0.0,1.0,1.0,32.0,0
1.0,1.0,50.0,1.0,4.0,1.0,2.0,0.0,4.0,2.0,5.0,1.0,3.0,2500.0,2.0,1.0,1.0,0.0,32.0,0.0,1.0,1.0,1.0,1.0,2.0,2.0,0.0,1.0,8.0,0.0,0.0,0.0,0.0,0.0,0.0,0.0,0.0,0.0,0.0,0.0,0.0,0.0,0.0,0.0,0.0,0.0,0.0,32.0,0
1.0,2.0,62.0,3.0,1.0,1.0,2.0,0.0,6.0,1.0,1.0,1.0,6.0,3844.0,3.0,2.0,2.0,2.0,25.0,15.0,1.0,1.0,1.0,1.0,1.0,2.0,0.0,6.0,11.0,5.0,2.0,0.0,0.0,2.0,2.0,2.0,2.0,5.0,1.0,1.0,1.0,1.0,0.0,1.0,0.0,1.0,1.0,33.0,0
3.0,2.0,25.0,5.0,1.0,1.0,2.0,0.0,4.0,1.0,1.0,1.0,4.0,625.0,3.0,2.0,1.0,0.0,40.0,0.0,2.0,0.0,2.0,2.0,2.0,2.0,0.0,99.0,11.0,2.0,2.0,0.0,0.0,1.0,2.0,2.0,2.0,0.0,1.0,1.0,1.0,1.0,0.0,1.0,0.0,1.0,1.0,33.0,0
1.0,1.0,53.0,1.0,1.0,1.0,2.0,0.0,4.0,1.0,1.0,1.0,4.0,2809.0,3.0,2.0,1.0,0.0,44.0,0.0,2.0,0.0,2.0,2.0,2.0,2.0,0.0,1.0,11.0,6.0,2.0,0.0,0.0,2.0,1.0,2.0,2.0,0.0,1.0,1.0,1.0,1.0,0.0,1.0,0.0,1.0,1.0,32.0,0
2.0,2.0,58.0,1.0,1.0,1.0,2.0,0.0,4.0,1.0,1.0,1.0,4.0,3364.0,2.0,4.0,0.0,0.0,0.0,0.0,2.0,0.0,2.0,2.0,2.0,2.0,0.0,1.0,2.0,0.0,0.0,0.0,0.0,0.0,0.0,0.0,0.0,0.0,0.0,0.0,0.0,0.0,0.0,0.0,0.0,0.0,0.0,32.0,0
1.0,1.0,21.0,5.0,1.0,1.0,1.0,2.0,7.0,2.0,1.0,1.0,5.0,441.0,3.0,2.0,1.0,0.0,40.0,0.0,2.0,0.0,2.0,2.0,2.0,2.0,0.0,99.0,6.0,5.0,2.0,0.0,0.0,2.0,2.0,2.0,2.0,5.0,1.0,1.0,1.0,1.0,0.0,1.0,0.0,1.0,4.0,32.0,0
6.0,2.0,55.0,4.0,12.0,1.0,2.0,0.0,4.0,1.0,1.0,1.0,4.0,3025.0,2.0,2.0,1.0,0.0,28.0,0.0,2.0,0.0,2.0,2.0,2.0,2.0,0.0,2.0,6.0,0.0,0.0,0.0,0.0,0.0,0.0,0.0,0.0,0.0,0.0,0.0,0.0,0.0,0.0,0.0,0.0,0.0,0.0,32.0,0
1.0,2.0,40.0,5.0,4.0,1.0,2.0,0.0,4.0,2.0,1.0,1.0,3.0,1600.0,2.0,1.0,1.0,0.0,18.0,0.0,1.0,1.0,1.0,1.0,2.0,2.0,0.0,1.0,11.0,0.0,0.0,0.0,0.0,0.0,0.0,0.0,0.0,0.0,0.0,0.0,0.0,0.0,0.0,0.0,0.0,0.0,0.0,33.0,0
3.0,2.0,21.0,5.0,4.0,1.0,2.0,0.0,4.0,1.0,1.0,1.0,4.0,441.0,3.0,3.0,1.0,0.0,48.0,0.0,1.0,1.0,1.0,1.0,2.0,2.0,0.0,5.0,11.0,5.0,2.0,0.0,0.0,1.0,2.0,2.0,2.0,0.0,2.0,2.0,2.0,2.0,5.0,2.0,2.0,1.0,4.0,33.0,1
1.0,1.0,40.0,2.0,2.0,1.0,2.0,0.0,2.0,2.0,1.0,1.0,1.0,1600.0,3.0,4.0,0.0,0.0,0.0,0.0,2.0,0.0,2.0,2.0,2.0,2.0,0.0,10.0,11.0,6.0,2.0,0.0,0.0,1.0,2.0,2.0,2.0,0.0,1.0,1.0,1.0,1.0,0.0,1.0,0.0,1.0,1.0,33.0,0
1.0,1.0,54.0,2.0,1.0,1.0,2.0,0.0,2.0,1.0,4.0,1.0,2.0,2916.0,2.0,2.0,1.0,0.0,40.0,0.0,2.0,0.0,2.0,1.0,2.0,2.0,0.0,1.0,8.0,0.0,0.0,0.0,0.0,0.0,0.0,0.0,0.0,0.0,0.0,0.0,0.0,0.0,0.0,0.0,0.0,0.0,0.0,33.0,0
1.0,2.0,28.0,5.0,1.0,1.0,2.0,0.0,6.0,1.0,1.0,1.0,6.0,784.0,2.0,2.0,2.0,2.0,21.0,6.0,2.0,0.0,2.0,2.0,2.0,2.0,0.0,5.0,6.0,0.0,0.0,0.0,0.0,0.0,0.0,0.0,0.0,0.0,0.0,0.0,0.0,0.0,0.0,0.0,0.0,0.0,0.0,32.0,0
1.0,2.0,57.0,3.0,4.0,1.0,2.0,0.0,2.0,1.0,1.0,1.0,2.0,3249.0,3.0,2.0,1.0,0.0,12.0,0.0,2.0,0.0,2.0,2.0,1.0,2.0,0.0,5.0,11.0,6.0,1.0,5.0,4.0,2.0,2.0,2.0,2.0,5.0,2.0,2.0,2.0,2.0,5.0,2.0,2.0,1.0,4.0,33.0,1
1.0,1.0,32.0,1.0,1.0,1.0,2.0,0.0,4.0,1.0,1.0,1.0,4.0,1024.0,3.0,2.0,1.0,0.0,40.0,0.0,2.0,0.0,2.0,2.0,2.0,2.0,0.0,7.0,11.0,6.0,2.0,0.0,0.0,2.0,2.0,2.0,2.0,5.0,1.0,1.0,1.0,1.0,0.0,1.0,0.0,1.0,1.0,33.0,0
2.0,2.0,32.0,1.0,1.0,1.0,2.0,0.0,4.0,1.0,1.0,1.0,4.0,1024.0,2.0,2.0,1.0,0.0,30.0,0.0,2.0,0.0,2.0,2.0,2.0,2.0,0.0,1.0,6.0,0.0,0.0,0.0,0.0,0.0,0.0,0.0,0.0,0.0,0.0,0.0,0.0,0.0,0.0,0.0,0.0,0.0,0.0,33.0,0
3.0,1.0,23.0,5.0,4.0,1.0,2.0,0.0,4.0,1.0,1.0,1.0,4.0,529.0,3.0,3.0,1.0,0.0,48.0,0.0,2.0,0.0,2.0,2.0,2.0,2.0,0.0,4.0,4.0,2.0,1.0,9.0,2.0,2.0,2.0,2.0,2.0,5.0,2.0,2.0,2.0,2.0,5.0,2.0,2.0,1.0,4.0,33.0,1
1.0,1.0,47.0,2.0,1.0,1.0,2.0,0.0,2.0,1.0,1.0,1.0,2.0,2209.0,3.0,4.0,0.0,0.0,0.0,0.0,2.0,0.0,2.0,2.0,2.0,2.0,0.0,9.0,11.0,6.0,2.0,0.0,0.0,2.0,2.0,2.0,2.0,5.0,1.0,1.0,1.0,1.0,0.0,1.0,0.0,1.0,1.0,33.0,0
2.0,2.0,49.0,2.0,1.0,1.0,2.0,0.0,2.0,1.0,1.0,1.0,2.0,2401.0,3.0,2.0,1.0,0.0,15.0,0.0,2.0,0.0,2.0,2.0,2.0,2.0,0.0,99.0,8.0,6.0,2.0,0.0,0.0,2.0,2.0,2.0,2.0,5.0,1.0,1.0,1.0,1.0,0.0,1.0,0.0,1.0,1.0,33.0,0
1.0,1.0,61.0,5.0,4.0,1.0,2.0,0.0,2.0,1.0,1.0,1.0,2.0,3721.0,2.0,2.0,1.0,0.0,21.0,0.0,2.0,0.0,2.0,2.0,2.0,2.0,0.0,1.0,6.0,0.0,0.0,0.0,0.0,0.0,0.0,0.0,0.0,0.0,0.0,0.0,0.0,0.0,0.0,0.0,0.0,0.0,0.0,33.0,0
1.0,1.0,80.0,1.0,4.0,1.0,2.0,0.0,2.0,1.0,1.0,1.0,2.0,6400.0,3.0,2.0,1.0,0.0,32.0,0.0,2.0,0.0,2.0,2.0,2.0,2.0,0.0,2.0,8.0,6.0,2.0,0.0,0.0,2.0,2.0,2.0,2.0,5.0,2.0,2.0,2.0,2.0,5.0,2.0,2.0,1.0,4.0,33.0,1
2.0,2.0,59.0,1.0,4.0,1.0,2.0,0.0,2.0,1.0,1.0,1.0,2.0,3481.0,3.0,3.0,2.0,2.0,50.0,10.0,2.0,0.0,2.0,2.0,2.0,1.0,2.0,0.0,0.0,0.0,0.0,0.0,0.0,2.0,2.0,2.0,2.0,5.0,2.0,2.0,2.0,2.0,5.0,2.0,2.0,1.0,4.0,33.0,1
3.0,1.0,35.0,1.0,4.0,1.0,2.0,0.0,4.0,2.0,1.0,1.0,3.0,1225.0,3.0,3.0,1.0,0.0,50.0,0.0,2.0,0.0,2.0,2.0,2.0,2.0,0.0,5.0,5.0,5.0,2.0,0.0,0.0,2.0,2.0,2.0,2.0,5.0,2.0,2.0,2.0,2.0,5.0,2.0,2.0,1.0,4.0,33.0,1
1.0,1.0,53.0,1.0,4.0,2.0,3.0,0.0,0.0,0.0,1.0,1.0,7.0,2809.0,2.0,2.0,1.0,0.0,36.0,0.0,2.0,0.0,2.0,2.0,2.0,2.0,0.0,1.0,9.0,0.0,0.0,0.0,0.0,0.0,0.0,0.0,0.0,0.0,0.0,0.0,0.0,0.0,0.0,0.0,0.0,0.0,0.0,33.0,0
1.0,1.0,37.0,2.0,1.0,1.0,2.0,0.0,5.0,1.0,1.0,1.0,4.0,1369.0,3.0,3.0,1.0,0.0,48.0,0.0,2.0,0.0,2.0,2.0,1.0,2.0,0.0,12.0,9.0,6.0,2.0,0.0,0.0,2.0,2.0,2.0,2.0,5.0,1.0,1.0,1.0,1.0,0.0,1.0,0.0,1.0,1.0,33.0,0
2.0,2.0,34.0,2.0,1.0,1.0,1.0,1.0,7.0,2.0,1.0,1.0,5.0,1156.0,3.0,2.0,1.0,0.0,36.0,0.0,2.0,0.0,2.0,2.0,1.0,2.0,0.0,12.0,11.0,6.0,2.0,0.0,0.0,2.0,2.0,2.0,2.0,5.0,1.0,1.0,1.0,1.0,0.0,1.0,0.0,1.0,1.0,33.0,0
1.0,1.0,68.0,2.0,2.0,1.0,2.0,0.0,8.0,1.0,2.0,1.0,6.0,4624.0,1.0,2.0,1.0,0.0,45.0,0.0,2.0,0.0,2.0,2.0,2.0,2.0,0.0,2.0,11.0,0.0,0.0,0.0,0.0,0.0,0.0,0.0,0.0,0.0,0.0,0.0,0.0,0.0,0.0,0.0,0.0,0.0,0.0,32.0,0
3.0,1.0,40.0,5.0,1.0,1.0,2.0,0.0,4.0,2.0,1.0,1.0,3.0,1600.0,3.0,3.0,1.0,0.0,48.0,0.0,1.0,1.0,1.0,2.0,2.0,2.0,0.0,99.0,4.0,5.0,2.0,0.0,0.0,2.0,2.0,2.0,2.0,5.0,1.0,1.0,1.0,1.0,0.0,1.0,0.0,1.0,1.0,33.0,0
1.0,2.0,61.0,2.0,1.0,1.0,2.0,0.0,4.0,1.0,1.0,1.0,4.0,3721.0,3.0,3.0,2.0,2.0,48.0,8.0,1.0,1.0,1.0,1.0,2.0,1.0,2.0,0.0,0.0,0.0,0.0,0.0,0.0,1.0,2.0,2.0,2.0,0.0,1.0,1.0,1.0,1.0,0.0,1.0,0.0,3.0,1.0,33.0,0
2.0,1.0,64.0,2.0,4.0,1.0,2.0,0.0,2.0,1.0,1.0,1.0,2.0,4096.0,2.0,3.0,1.0,0.0,72.0,0.0,2.0,0.0,2.0,2.0,2.0,2.0,0.0,1.0,6.0,0.0,0.0,0.0,0.0,0.0,0.0,0.0,0.0,0.0,0.0,0.0,0.0,0.0,0.0,0.0,0.0,0.0,0.0,33.0,0
3.0,2.0,25.0,5.0,1.0,1.0,1.0,1.0,6.0,2.0,1.0,1.0,5.0,625.0,3.0,3.0,1.0,0.0,48.0,0.0,2.0,0.0,2.0,2.0,2.0,2.0,0.0,5.0,11.0,4.0,2.0,0.0,0.0,1.0,2.0,2.0,2.0,0.0,1.0,1.0,1.0,1.0,0.0,1.0,0.0,2.0,1.0,33.0,0
3.0,1.0,32.0,5.0,4.0,1.0,2.0,0.0,4.0,2.0,1.0,1.0,3.0,1024.0,2.0,2.0,1.0,0.0,40.0,0.0,2.0,0.0,2.0,2.0,2.0,2.0,0.0,1.0,8.0,0.0,0.0,0.0,0.0,0.0,0.0,0.0,0.0,0.0,0.0,0.0,0.0,0.0,0.0,0.0,0.0,0.0,0.0,33.0,0
2.0,2.0,24.0,1.0,1.0,1.0,1.0,1.0,7.0,2.0,3.0,3.0,5.0,576.0,3.0,2.0,1.0,0.0,28.0,0.0,2.0,0.0,2.0,2.0,2.0,2.0,0.0,3.0,11.0,4.0,9.0,9.0,4.0,2.0,2.0,2.0,1.0,0.0,1.0,1.0,1.0,1.0,0.0,1.0,0.0,1.0,1.0,32.0,0
1.0,1.0,57.0,1.0,1.0,1.0,2.0,0.0,7.0,2.0,1.0,1.0,5.0,3249.0,3.0,2.0,1.0,0.0,40.0,0.0,2.0,0.0,2.0,2.0,2.0,2.0,0.0,7.0,11.0,5.0,2.0,0.0,0.0,2.0,2.0,2.0,2.0,5.0,1.0,1.0,1.0,1.0,0.0,1.0,0.0,1.0,1.0,32.0,0
2.0,2.0,53.0,1.0,1.0,1.0,2.0,0.0,8.0,1.0,1.0,1.0,6.0,2809.0,3.0,3.0,2.0,2.0,30.0,20.0,2.0,0.0,2.0,2.0,1.0,2.0,0.0,11.0,12.0,6.0,2.0,0.0,0.0,2.0,2.0,2.0,2.0,5.0,1.0,1.0,1.0,1.0,0.0,1.0,0.0,1.0,1.0,32.0,0
3.0,1.0,23.0,5.0,1.0,1.0,2.0,0.0,4.0,1.0,1.0,1.0,4.0,529.0,3.0,3.0,1.0,0.0,48.0,0.0,2.0,0.0,2.0,2.0,2.0,2.0,0.0,7.0,11.0,5.0,1.0,9.0,4.0,2.0,2.0,2.0,2.0,5.0,2.0,2.0,2.0,2.0,5.0,2.0,1.0,1.0,4.0,32.0,1
1.0,2.0,51.0,1.0,2.0,1.0,2.0,0.0,6.0,1.0,5.0,1.0,6.0,2601.0,2.0,1.0,1.0,0.0,16.0,0.0,1.0,1.0,1.0,1.0,2.0,2.0,0.0,1.0,6.0,0.0,0.0,0.0,0.0,0.0,0.0,0.0,0.0,0.0,0.0,0.0,0.0,0.0,0.0,0.0,0.0,0.0,0.0,32.0,0
1.0,1.0,69.0,1.0,1.0,1.0,2.0,0.0,2.0,1.0,3.0,1.0,2.0,4761.0,2.0,1.0,1.0,0.0,8.0,0.0,1.0,1.0,1.0,2.0,2.0,2.0,0.0,1.0,6.0,0.0,0.0,0.0,0.0,0.0,0.0,0.0,0.0,0.0,0.0,0.0,0.0,0.0,0.0,0.0,0.0,0.0,0.0,33.0,0
3.0,2.0,25.0,5.0,1.0,1.0,2.0,0.0,7.0,1.0,1.0,1.0,6.0,625.0,3.0,4.0,0.0,0.0,0.0,0.0,2.0,0.0,2.0,2.0,2.0,2.0,0.0,99.0,8.0,4.0,2.0,0.0,0.0,2.0,2.0,2.0,2.0,5.0,2.0,2.0,2.0,2.0,5.0,2.0,1.0,3.0,3.0,33.0,1
3.0,1.0,28.0,3.0,1.0,1.0,2.0,0.0,4.0,1.0,1.0,1.0,4.0,784.0,2.0,3.0,1.0,0.0,72.0,0.0,2.0,0.0,2.0,2.0,2.0,2.0,0.0,1.0,8.0,0.0,0.0,0.0,0.0,0.0,0.0,0.0,0.0,0.0,0.0,0.0,0.0,0.0,0.0,0.0,0.0,0.0,0.0,33.0,0
1.0,1.0,65.0,1.0,4.0,1.0,2.0,0.0,2.0,2.0,3.0,1.0,1.0,4225.0,3.0,4.0,0.0,0.0,0.0,0.0,2.0,0.0,2.0,1.0,2.0,2.0,0.0,1.0,8.0,3.0,1.0,1.0,4.0,2.0,2.0,2.0,2.0,5.0,2.0,2.0,2.0,2.0,5.0,2.0,2.0,1.0,4.0,33.0,1
1.0,1.0,51.0,2.0,1.0,1.0,1.0,1.0,4.0,2.0,1.0,1.0,3.0,2601.0,3.0,2.0,1.0,0.0,40.0,0.0,2.0,0.0,2.0,2.0,2.0,2.0,0.0,2.0,11.0,5.0,1.0,9.0,3.0,2.0,2.0,2.0,2.0,5.0,2.0,2.0,1.0,2.0,0.0,2.0,2.0,1.0,4.0,33.0,1
2.0,2.0,51.0,2.0,1.0,1.0,1.0,1.0,7.0,2.0,1.0,1.0,5.0,2601.0,3.0,4.0,0.0,0.0,0.0,0.0,2.0,0.0,2.0,2.0,1.0,2.0,0.0,99.0,11.0,5.0,2.0,0.0,0.0,1.0,2.0,2.0,2.0,0.0,1.0,1.0,1.0,1.0,0.0,1.0,0.0,1.0,1.0,33.0,0
3.0,2.0,21.0,5.0,1.0,1.0,1.0,1.0,6.0,2.0,1.0,1.0,5.0,441.0,3.0,1.0,1.0,0.0,16.0,0.0,1.0,1.0,1.0,1.0,2.0,2.0,0.0,8.0,11.0,4.0,1.0,9.0,4.0,1.0,2.0,2.0,1.0,0.0,2.0,1.0,1.0,1.0,0.0,1.0,0.0,1.0,1.0,33.0,0
1.0,1.0,64.0,2.0,1.0,1.0,2.0,0.0,7.0,1.0,1.0,1.0,6.0,4096.0,3.0,2.0,1.0,0.0,40.0,0.0,2.0,0.0,2.0,2.0,2.0,2.0,0.0,11.0,12.0,5.0,2.0,0.0,0.0,2.0,2.0,2.0,2.0,5.0,1.0,1.0,1.0,1.0,0.0,1.0,0.0,1.0,1.0,33.0,0
2.0,2.0,63.0,2.0,1.0,1.0,2.0,0.0,7.0,1.0,2.0,1.0,6.0,3969.0,3.0,2.0,1.0,0.0,24.0,0.0,2.0,0.0,1.0,2.0,2.0,2.0,0.0,11.0,8.0,6.0,2.0,0.0,0.0,2.0,2.0,2.0,2.0,5.0,2.0,2.0,2.0,2.0,5.0,2.0,1.0,1.0,3.0,33.0,1
3.0,1.0,31.0,5.0,1.0,1.0,2.0,0.0,2.0,1.0,1.0,1.0,2.0,961.0,3.0,2.0,1.0,0.0,28.0,0.0,2.0,0.0,2.0,1.0,2.0,2.0,0.0,99.0,9.0,5.0,1.0,9.0,4.0,2.0,2.0,2.0,2.0,5.0,2.0,2.0,2.0,2.0,5.0,2.0,1.0,3.0,3.0,33.0,1
1.0,2.0,50.0,1.0,1.0,1.0,2.0,0.0,2.0,1.0,1.0,1.0,2.0,2500.0,3.0,2.0,1.0,0.0,40.0,0.0,2.0,0.0,2.0,2.0,2.0,2.0,0.0,9.0,11.0,6.0,2.0,0.0,0.0,2.0,2.0,2.0,2.0,5.0,1.0,1.0,1.0,1.0,0.0,1.0,0.0,1.0,1.0,33.0,0
1.0,1.0,47.0,1.0,4.0,1.0,2.0,0.0,2.0,1.0,1.0,1.0,2.0,2209.0,3.0,2.0,1.0,0.0,20.0,0.0,2.0,0.0,2.0,2.0,2.0,2.0,0.0,5.0,7.0,6.0,2.0,0.0,0.0,2.0,2.0,2.0,2.0,5.0,2.0,2.0,2.0,2.0,5.0,2.0,2.0,1.0,4.0,33.0,1
2.0,2.0,47.0,1.0,4.0,1.0,2.0,0.0,2.0,1.0,1.0,1.0,2.0,2209.0,3.0,3.0,1.0,0.0,50.0,0.0,2.0,0.0,2.0,2.0,2.0,2.0,0.0,5.0,11.0,5.0,2.0,0.0,0.0,1.0,2.0,2.0,2.0,0.0,2.0,2.0,2.0,2.0,5.0,2.0,2.0,1.0,4.0,33.0,1
2.0,1.0,40.0,1.0,1.0,1.0,2.0,0.0,2.0,1.0,4.0,1.0,2.0,1600.0,3.0,3.0,1.0,0.0,48.0,0.0,2.0,0.0,2.0,2.0,2.0,2.0,0.0,6.0,11.0,5.0,2.0,0.0,0.0,2.0,2.0,2.0,2.0,5.0,1.0,1.0,1.0,1.0,0.0,1.0,0.0,1.0,1.0,33.0,0
1.0,1.0,51.0,2.0,1.0,1.0,2.0,0.0,2.0,1.0,1.0,1.0,2.0,2601.0,2.0,3.0,1.0,0.0,48.0,0.0,2.0,0.0,2.0,2.0,2.0,2.0,0.0,1.0,11.0,0.0,0.0,0.0,0.0,0.0,0.0,0.0,0.0,0.0,0.0,0.0,0.0,0.0,0.0,0.0,0.0,0.0,0.0,33.0,0
1.0,2.0,39.0,5.0,2.0,1.0,2.0,0.0,6.0,2.0,1.0,1.0,5.0,1521.0,2.0,3.0,1.0,0.0,48.0,0.0,2.0,0.0,2.0,2.0,2.0,2.0,0.0,1.0,11.0,0.0,0.0,0.0,0.0,0.0,0.0,0.0,0.0,0.0,0.0,0.0,0.0,0.0,0.0,0.0,0.0,0.0,0.0,33.0,0
3.0,1.0,28.0,5.0,4.0,1.0,2.0,0.0,4.0,1.0,1.0,1.0,4.0,784.0,3.0,3.0,1.0,0.0,60.0,0.0,2.0,0.0,2.0,2.0,2.0,2.0,0.0,6.0,8.0,6.0,2.0,0.0,0.0,2.0,2.0,2.0,2.0,5.0,2.0,2.0,2.0,2.0,5.0,2.0,2.0,1.0,4.0,33.0,1
2.0,1.0,42.0,1.0,4.0,1.0,2.0,0.0,4.0,2.0,1.0,1.0,3.0,1764.0,3.0,3.0,1.0,0.0,84.0,0.0,2.0,0.0,2.0,2.0,2.0,2.0,0.0,5.0,4.0,6.0,2.0,0.0,0.0,2.0,2.0,2.0,2.0,5.0,2.0,2.0,2.0,2.0,5.0,2.0,2.0,1.0,4.0,33.0,1
1.0,1.0,56.0,3.0,4.0,1.0,2.0,0.0,2.0,1.0,1.0,1.0,2.0,3136.0,2.0,2.0,1.0,0.0,36.0,0.0,2.0,0.0,2.0,2.0,2.0,2.0,0.0,1.0,9.0,0.0,0.0,0.0,0.0,0.0,0.0,0.0,0.0,0.0,0.0,0.0,0.0,0.0,0.0,0.0,0.0,0.0,0.0,33.0,0
1.0,1.0,41.0,2.0,1.0,1.0,2.0,0.0,4.0,2.0,1.0,1.0,3.0,1681.0,3.0,2.0,1.0,0.0,36.0,0.0,1.0,1.0,1.0,1.0,2.0,2.0,0.0,12.0,11.0,6.0,2.0,0.0,0.0,2.0,2.0,2.0,2.0,5.0,1.0,1.0,1.0,1.0,0.0,1.0,0.0,1.0,1.0,33.0,0
1.0,2.0,62.0,1.0,1.0,1.0,2.0,0.0,2.0,2.0,3.0,1.0,1.0,3844.0,2.0,3.0,1.0,0.0,84.0,0.0,2.0,0.0,2.0,2.0,2.0,2.0,0.0,2.0,12.0,0.0,0.0,0.0,0.0,0.0,0.0,0.0,0.0,0.0,0.0,0.0,0.0,0.0,0.0,0.0,0.0,0.0,0.0,33.0,0
2.0,1.0,62.0,1.0,1.0,1.0,2.0,0.0,2.0,2.0,4.0,1.0,1.0,3844.0,2.0,3.0,1.0,0.0,84.0,0.0,2.0,0.0,2.0,2.0,2.0,2.0,0.0,1.0,12.0,0.0,0.0,0.0,0.0,0.0,0.0,0.0,0.0,0.0,0.0,0.0,0.0,0.0,0.0,0.0,0.0,0.0,0.0,33.0,0
1.0,2.0,73.0,4.0,1.0,1.0,2.0,0.0,2.0,1.0,1.0,1.0,2.0,5329.0,3.0,2.0,2.0,2.0,2.0,2.0,2.0,0.0,2.0,2.0,2.0,1.0,2.0,0.0,0.0,0.0,0.0,0.0,0.0,2.0,2.0,2.0,2.0,5.0,2.0,2.0,2.0,2.0,5.0,2.0,2.0,1.0,4.0,33.0,1
3.0,2.0,23.0,5.0,4.0,1.0,2.0,0.0,4.0,1.0,1.0,1.0,4.0,529.0,3.0,3.0,1.0,0.0,48.0,0.0,2.0,0.0,2.0,2.0,2.0,2.0,0.0,5.0,11.0,5.0,2.0,0.0,0.0,1.0,2.0,2.0,2.0,0.0,2.0,2.0,2.0,2.0,5.0,2.0,1.0,1.0,4.0,33.0,1
3.0,1.0,19.0,5.0,4.0,1.0,2.0,0.0,4.0,1.0,1.0,1.0,4.0,361.0,3.0,2.0,1.0,0.0,40.0,0.0,2.0,0.0,2.0,2.0,2.0,2.0,0.0,5.0,11.0,5.0,2.0,0.0,0.0,1.0,2.0,2.0,2.0,0.0,2.0,2.0,2.0,2.0,5.0,2.0,2.0,1.0,4.0,33.0,1
1.0,1.0,55.0,2.0,1.0,1.0,2.0,0.0,4.0,1.0,4.0,1.0,4.0,3025.0,3.0,3.0,1.0,0.0,48.0,0.0,1.0,1.0,2.0,1.0,2.0,2.0,0.0,12.0,4.0,6.0,2.0,0.0,0.0,2.0,2.0,2.0,2.0,5.0,1.0,1.0,1.0,1.0,0.0,1.0,0.0,2.0,1.0,33.0,0
3.0,1.0,20.0,5.0,4.0,1.0,2.0,0.0,4.0,2.0,4.0,1.0,3.0,400.0,3.0,1.0,1.0,0.0,24.0,0.0,1.0,1.0,1.0,1.0,2.0,2.0,0.0,99.0,3.0,4.0,2.0,0.0,0.0,2.0,2.0,2.0,2.0,5.0,2.0,2.0,2.0,2.0,5.0,2.0,2.0,1.0,4.0,33.0,1
1.0,1.0,60.0,2.0,1.0,1.0,2.0,0.0,4.0,2.0,3.0,1.0,3.0,3600.0,3.0,2.0,1.0,0.0,24.0,0.0,2.0,0.0,2.0,2.0,1.0,2.0,0.0,10.0,11.0,6.0,2.0,0.0,0.0,2.0,2.0,2.0,2.0,5.0,1.0,1.0,1.0,1.0,0.0,1.0,0.0,1.0,1.0,33.0,0
1.0,1.0,25.0,5.0,1.0,1.0,2.0,0.0,4.0,1.0,1.0,1.0,4.0,625.0,3.0,2.0,1.0,0.0,30.0,0.0,2.0,0.0,2.0,1.0,2.0,2.0,0.0,99.0,4.0,2.0,1.0,9.0,4.0,2.0,2.0,2.0,2.0,5.0,2.0,2.0,2.0,2.0,5.0,2.0,1.0,3.0,2.0,32.0,1
6.0,2.0,57.0,3.0,1.0,1.0,2.0,0.0,4.0,1.0,1.0,1.0,4.0,3249.0,3.0,1.0,1.0,0.0,24.0,0.0,1.0,1.0,1.0,1.0,2.0,2.0,0.0,99.0,11.0,6.0,2.0,0.0,0.0,1.0,2.0,2.0,2.0,0.0,1.0,1.0,1.0,1.0,0.0,1.0,0.0,1.0,1.0,32.0,0
1.0,1.0,24.0,1.0,4.0,1.0,2.0,0.0,6.0,1.0,1.0,1.0,6.0,576.0,3.0,1.0,2.0,2.0,3.0,0.0,1.0,1.0,1.0,1.0,2.0,2.0,0.0,5.0,11.0,5.0,1.0,9.0,4.0,1.0,2.0,2.0,2.0,0.0,2.0,2.0,2.0,2.0,5.0,2.0,2.0,3.0,4.0,32.0,1
1.0,2.0,50.0,2.0,1.0,1.0,2.0,0.0,4.0,1.0,1.0,1.0,4.0,2500.0,3.0,2.0,1.0,0.0,35.0,0.0,2.0,0.0,2.0,2.0,2.0,2.0,0.0,6.0,11.0,6.0,2.0,0.0,0.0,2.0,2.0,2.0,2.0,5.0,1.0,1.0,1.0,1.0,0.0,1.0,0.0,1.0,1.0,32.0,0
2.0,1.0,59.0,2.0,1.0,1.0,2.0,0.0,2.0,1.0,1.0,1.0,2.0,3481.0,2.0,2.0,1.0,0.0,6.0,0.0,2.0,0.0,2.0,2.0,2.0,2.0,0.0,1.0,11.0,0.0,0.0,0.0,0.0,0.0,0.0,0.0,0.0,0.0,0.0,0.0,0.0,0.0,0.0,0.0,0.0,0.0,0.0,32.0,0
1.0,2.0,60.0,5.0,1.0,1.0,2.0,0.0,4.0,1.0,1.0,1.0,4.0,3600.0,2.0,1.0,1.0,0.0,12.0,0.0,1.0,1.0,1.0,1.0,2.0,2.0,0.0,1.0,6.0,0.0,0.0,0.0,0.0,0.0,0.0,0.0,0.0,0.0,0.0,0.0,0.0,0.0,0.0,0.0,0.0,0.0,0.0,33.0,0
1.0,2.0,52.0,4.0,4.0,1.0,2.0,0.0,2.0,2.0,4.0,1.0,1.0,2704.0,2.0,3.0,1.0,0.0,95.0,0.0,2.0,0.0,2.0,2.0,2.0,2.0,0.0,1.0,11.0,0.0,0.0,0.0,0.0,0.0,0.0,0.0,0.0,0.0,0.0,0.0,0.0,0.0,0.0,0.0,0.0,0.0,0.0,33.0,0
3.0,1.0,24.0,5.0,4.0,1.0,2.0,0.0,4.0,1.0,1.0,1.0,4.0,576.0,3.0,2.0,1.0,0.0,45.0,0.0,2.0,0.0,2.0,2.0,2.0,2.0,0.0,99.0,11.0,5.0,2.0,0.0,0.0,2.0,2.0,2.0,2.0,5.0,2.0,2.0,2.0,2.0,5.0,2.0,2.0,1.0,4.0,33.0,1
3.0,2.0,22.0,5.0,4.0,1.0,2.0,0.0,4.0,1.0,1.0,1.0,4.0,484.0,3.0,3.0,1.0,0.0,51.0,0.0,2.0,0.0,2.0,2.0,2.0,1.0,1.0,0.0,0.0,0.0,0.0,0.0,0.0,2.0,2.0,2.0,2.0,5.0,2.0,2.0,2.0,2.0,5.0,2.0,2.0,1.0,4.0,33.0,1
1.0,1.0,23.0,2.0,1.0,1.0,2.0,0.0,4.0,1.0,1.0,1.0,4.0,529.0,1.0,2.0,2.0,2.0,40.0,4.0,2.0,0.0,2.0,2.0,2.0,2.0,0.0,3.0,12.0,0.0,0.0,0.0,0.0,0.0,0.0,0.0,0.0,0.0,0.0,0.0,0.0,0.0,0.0,0.0,0.0,0.0,0.0,33.0,0
2.0,2.0,23.0,2.0,1.0,1.0,2.0,0.0,4.0,1.0,1.0,1.0,4.0,529.0,3.0,2.0,2.0,2.0,10.0,4.0,2.0,0.0,2.0,2.0,2.0,1.0,2.0,0.0,0.0,0.0,0.0,0.0,0.0,1.0,2.0,2.0,2.0,0.0,2.0,2.0,2.0,2.0,5.0,2.0,2.0,1.0,1.0,33.0,1
3.0,1.0,35.0,5.0,1.0,1.0,2.0,0.0,4.0,1.0,1.0,1.0,4.0,1225.0,3.0,2.0,1.0,0.0,40.0,0.0,2.0,0.0,2.0,2.0,2.0,2.0,0.0,99.0,11.0,5.0,2.0,0.0,0.0,2.0,2.0,2.0,2.0,5.0,1.0,1.0,1.0,1.0,0.0,1.0,0.0,1.0,1.0,33.0,0
1.0,1.0,67.0,3.0,1.0,1.0,2.0,0.0,6.0,1.0,1.0,1.0,6.0,4489.0,3.0,3.0,1.0,0.0,82.0,0.0,2.0,0.0,2.0,2.0,2.0,2.0,0.0,6.0,11.0,6.0,2.0,0.0,0.0,1.0,2.0,2.0,2.0,0.0,1.0,2.0,2.0,2.0,0.0,2.0,1.0,1.0,3.0,32.0,1
2.0,2.0,55.0,2.0,1.0,1.0,2.0,0.0,6.0,1.0,1.0,1.0,6.0,3025.0,3.0,2.0,1.0,0.0,25.0,0.0,2.0,0.0,2.0,2.0,1.0,2.0,0.0,8.0,11.0,6.0,2.0,0.0,0.0,2.0,2.0,2.0,1.0,0.0,1.0,1.0,1.0,1.0,0.0,1.0,0.0,1.0,1.0,33.0,0
3.0,1.0,23.0,5.0,1.0,1.0,2.0,0.0,7.0,1.0,1.0,1.0,6.0,529.0,3.0,2.0,1.0,0.0,30.0,0.0,2.0,0.0,2.0,2.0,2.0,2.0,0.0,99.0,11.0,4.0,2.0,0.0,0.0,2.0,2.0,2.0,2.0,5.0,2.0,2.0,2.0,2.0,5.0,2.0,1.0,1.0,3.0,33.0,1
1.0,1.0,29.0,1.0,1.0,1.0,2.0,0.0,4.0,1.0,1.0,1.0,4.0,841.0,3.0,3.0,1.0,0.0,48.0,0.0,2.0,0.0,2.0,2.0,2.0,2.0,0.0,6.0,11.0,5.0,2.0,0.0,0.0,1.0,2.0,2.0,2.0,0.0,1.0,1.0,1.0,1.0,0.0,1.0,0.0,3.0,1.0,33.0,0
2.0,2.0,20.0,1.0,1.0,1.0,2.0,0.0,4.0,1.0,1.0,1.0,4.0,400.0,3.0,3.0,1.0,0.0,54.0,0.0,2.0,0.0,2.0,2.0,2.0,2.0,0.0,8.0,11.0,6.0,1.0,9.0,4.0,1.0,2.0,2.0,2.0,0.0,1.0,1.0,1.0,1.0,0.0,1.0,0.0,3.0,1.0,33.0,0
1.0,1.0,50.0,2.0,1.0,1.0,2.0,0.0,7.0,2.0,1.0,1.0,5.0,2500.0,3.0,2.0,1.0,0.0,45.0,0.0,2.0,0.0,2.0,2.0,2.0,2.0,0.0,7.0,11.0,6.0,2.0,0.0,0.0,2.0,2.0,2.0,2.0,5.0,1.0,1.0,1.0,1.0,0.0,1.0,0.0,1.0,1.0,33.0,0
1.0,2.0,71.0,3.0,1.0,1.0,2.0,0.0,6.0,2.0,1.0,1.0,5.0,5041.0,2.0,1.0,2.0,3.0,18.0,8.0,1.0,1.0,1.0,1.0,2.0,2.0,0.0,1.0,11.0,0.0,0.0,0.0,0.0,0.0,0.0,0.0,0.0,0.0,0.0,0.0,0.0,0.0,0.0,0.0,0.0,0.0,0.0,33.0,0
1.0,2.0,52.0,5.0,4.0,1.0,2.0,0.0,2.0,2.0,4.0,1.0,1.0,2704.0,2.0,1.0,1.0,0.0,20.0,0.0,1.0,1.0,1.0,2.0,2.0,2.0,0.0,1.0,9.0,0.0,0.0,0.0,0.0,0.0,0.0,0.0,0.0,0.0,0.0,0.0,0.0,0.0,0.0,0.0,0.0,0.0,0.0,32.0,0
2.0,1.0,44.0,2.0,1.0,1.0,2.0,0.0,4.0,2.0,1.0,1.0,3.0,1936.0,3.0,2.0,1.0,0.0,44.0,0.0,2.0,0.0,2.0,2.0,2.0,2.0,0.0,99.0,8.0,6.0,2.0,0.0,0.0,1.0,2.0,2.0,2.0,0.0,1.0,1.0,2.0,1.0,0.0,1.0,0.0,1.0,1.0,33.0,0
1.0,1.0,48.0,2.0,1.0,1.0,2.0,0.0,4.0,1.0,3.0,1.0,4.0,2304.0,3.0,3.0,1.0,0.0,48.0,0.0,2.0,0.0,2.0,2.0,1.0,2.0,0.0,12.0,11.0,6.0,2.0,0.0,0.0,1.0,2.0,2.0,2.0,0.0,1.0,1.0,1.0,1.0,0.0,1.0,0.0,1.0,1.0,33.0,0
2.0,2.0,45.0,2.0,1.0,1.0,2.0,0.0,4.0,1.0,3.0,1.0,4.0,2025.0,3.0,2.0,1.0,0.0,36.0,0.0,2.0,0.0,2.0,2.0,1.0,2.0,0.0,12.0,11.0,6.0,2.0,0.0,0.0,2.0,2.0,2.0,2.0,5.0,1.0,1.0,1.0,1.0,0.0,1.0,0.0,1.0,1.0,33.0,0
2.0,1.0,57.0,2.0,2.0,1.0,2.0,0.0,7.0,2.0,1.0,1.0,5.0,3249.0,1.0,3.0,1.0,0.0,50.0,0.0,2.0,0.0,2.0,2.0,2.0,2.0,0.0,3.0,11.0,0.0,0.0,0.0,0.0,0.0,0.0,0.0,0.0,0.0,0.0,0.0,0.0,0.0,0.0,0.0,0.0,0.0,0.0,33.0,0
1.0,1.0,48.0,3.0,4.0,1.0,2.0,0.0,2.0,1.0,1.0,1.0,2.0,2304.0,3.0,3.0,1.0,0.0,84.0,0.0,2.0,0.0,2.0,2.0,2.0,2.0,0.0,6.0,11.0,5.0,1.0,9.0,4.0,2.0,2.0,2.0,2.0,5.0,2.0,2.0,2.0,2.0,5.0,2.0,2.0,3.0,4.0,33.0,1
1.0,1.0,51.0,2.0,4.0,1.0,2.0,0.0,4.0,2.0,1.0,1.0,3.0,2601.0,2.0,3.0,1.0,0.0,84.0,0.0,2.0,0.0,2.0,2.0,2.0,2.0,0.0,2.0,11.0,0.0,0.0,0.0,0.0,0.0,0.0,0.0,0.0,0.0,0.0,0.0,0.0,0.0,0.0,0.0,0.0,0.0,0.0,33.0,0
2.0,2.0,40.0,2.0,4.0,1.0,2.0,0.0,2.0,1.0,1.0,1.0,2.0,1600.0,2.0,3.0,1.0,0.0,72.0,0.0,2.0,0.0,2.0,2.0,2.0,2.0,0.0,2.0,11.0,0.0,0.0,0.0,0.0,0.0,0.0,0.0,0.0,0.0,0.0,0.0,0.0,0.0,0.0,0.0,0.0,0.0,0.0,33.0,0
3.0,1.0,23.0,5.0,4.0,1.0,2.0,0.0,2.0,1.0,1.0,1.0,2.0,529.0,3.0,3.0,1.0,0.0,70.0,0.0,2.0,0.0,2.0,2.0,2.0,2.0,0.0,99.0,3.0,6.0,2.0,0.0,0.0,2.0,2.0,2.0,2.0,5.0,2.0,2.0,2.0,2.0,5.0,2.0,2.0,3.0,4.0,33.0,1
1.0,2.0,45.0,3.0,1.0,1.0,1.0,2.0,7.0,2.0,1.0,1.0,5.0,2025.0,3.0,2.0,1.0,0.0,28.0,0.0,2.0,0.0,2.0,2.0,2.0,2.0,0.0,12.0,11.0,6.0,2.0,0.0,0.0,1.0,2.0,2.0,2.0,0.0,1.0,1.0,1.0,1.0,0.0,1.0,0.0,1.0,1.0,33.0,0
3.0,1.0,27.0,1.0,4.0,1.0,2.0,0.0,4.0,2.0,1.0,1.0,3.0,729.0,2.0,3.0,1.0,0.0,84.0,0.0,2.0,0.0,2.0,2.0,2.0,2.0,0.0,1.0,8.0,0.0,0.0,0.0,0.0,0.0,0.0,0.0,0.0,0.0,0.0,0.0,0.0,0.0,0.0,0.0,0.0,0.0,0.0,33.0,0
2.0,1.0,41.0,1.0,1.0,1.0,2.0,0.0,4.0,1.0,1.0,1.0,4.0,1681.0,3.0,2.0,1.0,0.0,45.0,0.0,2.0,0.0,2.0,2.0,1.0,2.0,0.0,99.0,4.0,6.0,2.0,0.0,0.0,2.0,2.0,2.0,1.0,0.0,1.0,1.0,1.0,1.0,0.0,1.0,0.0,1.0,1.0,33.0,0
1.0,2.0,39.0,1.0,1.0,1.0,1.0,2.0,8.0,2.0,1.0,1.0,6.0,1521.0,3.0,2.0,1.0,0.0,40.0,0.0,2.0,0.0,2.0,2.0,2.0,2.0,0.0,10.0,11.0,6.0,2.0,0.0,0.0,1.0,2.0,2.0,2.0,0.0,1.0,1.0,1.0,1.0,0.0,1.0,0.0,1.0,1.0,33.0,0
2.0,1.0,37.0,1.0,1.0,1.0,2.0,0.0,6.0,1.0,1.0,1.0,6.0,1369.0,2.0,2.0,1.0,0.0,40.0,0.0,2.0,0.0,2.0,2.0,2.0,2.0,0.0,2.0,11.0,0.0,0.0,0.0,0.0,0.0,0.0,0.0,0.0,0.0,0.0,0.0,0.0,0.0,0.0,0.0,0.0,0.0,0.0,33.0,0
1.0,1.0,71.0,5.0,1.0,1.0,2.0,0.0,4.0,1.0,1.0,1.0,4.0,5041.0,3.0,3.0,1.0,0.0,70.0,0.0,2.0,0.0,2.0,2.0,2.0,2.0,0.0,2.0,11.0,5.0,2.0,0.0,0.0,2.0,2.0,2.0,2.0,5.0,2.0,2.0,2.0,2.0,5.0,2.0,2.0,1.0,4.0,33.0,1
1.0,2.0,64.0,5.0,1.0,1.0,2.0,0.0,7.0,2.0,1.0,1.0,5.0,4096.0,3.0,1.0,2.0,3.0,4.0,8.0,1.0,1.0,1.0,2.0,1.0,2.0,0.0,9.0,11.0,6.0,1.0,9.0,4.0,2.0,2.0,2.0,2.0,5.0,1.0,1.0,1.0,1.0,0.0,1.0,0.0,1.0,1.0,33.0,0
1.0,1.0,48.0,3.0,1.0,1.0,2.0,0.0,7.0,1.0,1.0,1.0,6.0,2304.0,3.0,1.0,2.0,3.0,13.0,12.0,1.0,1.0,1.0,1.0,2.0,2.0,0.0,8.0,11.0,5.0,2.0,0.0,0.0,2.0,2.0,1.0,2.0,0.0,2.0,2.0,2.0,2.0,5.0,2.0,1.0,1.0,3.0,33.0,1
2.0,2.0,34.0,1.0,4.0,1.0,2.0,0.0,4.0,1.0,4.0,1.0,4.0,1156.0,3.0,2.0,1.0,0.0,19.0,0.0,2.0,0.0,2.0,2.0,2.0,2.0,0.0,2.0,11.0,4.0,1.0,9.0,4.0,2.0,2.0,2.0,2.0,5.0,2.0,2.0,2.0,2.0,5.0,2.0,2.0,1.0,4.0,32.0,1
1.0,1.0,44.0,1.0,4.0,1.0,2.0,0.0,4.0,1.0,4.0,1.0,4.0,1936.0,3.0,2.0,1.0,0.0,42.0,0.0,2.0,0.0,2.0,2.0,2.0,2.0,0.0,2.0,11.0,5.0,1.0,9.0,4.0,2.0,2.0,2.0,2.0,5.0,2.0,2.0,2.0,2.0,5.0,2.0,2.0,1.0,4.0,32.0,1
2.0,1.0,39.0,1.0,4.0,1.0,2.0,0.0,2.0,1.0,3.0,1.0,2.0,1521.0,2.0,1.0,1.0,0.0,30.0,0.0,1.0,1.0,1.0,1.0,2.0,2.0,0.0,1.0,8.0,0.0,0.0,0.0,0.0,0.0,0.0,0.0,0.0,0.0,0.0,0.0,0.0,0.0,0.0,0.0,0.0,0.0,0.0,33.0,0
1.0,2.0,30.0,5.0,1.0,1.0,2.0,0.0,4.0,1.0,1.0,1.0,4.0,900.0,3.0,3.0,1.0,0.0,54.0,0.0,2.0,0.0,2.0,1.0,2.0,2.0,0.0,8.0,11.0,1.0,2.0,0.0,0.0,1.0,2.0,2.0,2.0,0.0,2.0,2.0,2.0,2.0,5.0,2.0,2.0,1.0,9.0,33.0,1
1.0,2.0,41.0,5.0,1.0,1.0,2.0,0.0,4.0,2.0,1.0,1.0,3.0,1681.0,3.0,2.0,2.0,2.0,14.0,8.0,2.0,0.0,2.0,2.0,2.0,1.0,2.0,0.0,0.0,0.0,0.0,0.0,0.0,2.0,2.0,2.0,2.0,5.0,1.0,1.0,1.0,1.0,0.0,1.0,0.0,1.0,1.0,33.0,0
8.0,2.0,29.0,5.0,1.0,1.0,2.0,0.0,4.0,1.0,1.0,1.0,4.0,841.0,3.0,3.0,1.0,0.0,48.0,0.0,2.0,0.0,2.0,2.0,2.0,2.0,0.0,4.0,11.0,5.0,2.0,0.0,0.0,2.0,2.0,2.0,2.0,5.0,2.0,2.0,2.0,2.0,5.0,2.0,2.0,1.0,4.0,33.0,1
3.0,1.0,47.0,1.0,4.0,1.0,2.0,0.0,4.0,2.0,1.0,1.0,3.0,2209.0,2.0,2.0,1.0,0.0,38.0,0.0,1.0,1.0,1.0,2.0,2.0,2.0,0.0,2.0,8.0,0.0,0.0,0.0,0.0,0.0,0.0,0.0,0.0,0.0,0.0,0.0,0.0,0.0,0.0,0.0,0.0,0.0,0.0,33.0,0
4.0,2.0,44.0,1.0,4.0,1.0,2.0,0.0,4.0,2.0,1.0,1.0,3.0,1936.0,3.0,2.0,1.0,0.0,15.0,0.0,2.0,0.0,2.0,2.0,2.0,1.0,1.0,0.0,0.0,0.0,0.0,0.0,0.0,2.0,2.0,2.0,2.0,5.0,2.0,2.0,2.0,2.0,5.0,2.0,2.0,1.0,4.0,33.0,1
5.0,1.0,21.0,5.0,4.0,1.0,2.0,0.0,4.0,1.0,1.0,1.0,4.0,441.0,3.0,2.0,1.0,0.0,38.0,0.0,1.0,1.0,1.0,2.0,2.0,2.0,0.0,2.0,8.0,3.0,2.0,0.0,0.0,2.0,2.0,2.0,2.0,5.0,2.0,2.0,2.0,2.0,5.0,2.0,2.0,1.0,4.0,33.0,1
1.0,1.0,58.0,2.0,1.0,1.0,2.0,0.0,2.0,1.0,1.0,1.0,2.0,3364.0,3.0,2.0,1.0,0.0,40.0,0.0,2.0,0.0,2.0,2.0,1.0,2.0,0.0,99.0,9.0,6.0,2.0,0.0,0.0,2.0,2.0,2.0,2.0,5.0,1.0,1.0,1.0,1.0,0.0,1.0,0.0,1.0,1.0,33.0,0
1.0,1.0,31.0,1.0,1.0,1.0,1.0,1.0,8.0,2.0,5.0,1.0,6.0,961.0,3.0,2.0,1.0,0.0,40.0,0.0,1.0,1.0,1.0,1.0,1.0,2.0,0.0,12.0,11.0,5.0,1.0,3.0,3.0,2.0,2.0,2.0,2.0,5.0,1.0,2.0,1.0,1.0,0.0,2.0,2.0,1.0,1.0,33.0,1
2.0,2.0,29.0,1.0,4.0,1.0,1.0,2.0,6.0,2.0,1.0,1.0,5.0,841.0,3.0,1.0,1.0,0.0,4.0,0.0,1.0,1.0,1.0,1.0,2.0,2.0,0.0,6.0,11.0,1.0,9.0,1.0,4.0,2.0,2.0,2.0,2.0,5.0,2.0,2.0,2.0,2.0,5.0,2.0,2.0,3.0,4.0,33.0,1
2.0,2.0,44.0,2.0,2.0,1.0,2.0,0.0,4.0,2.0,1.0,1.0,3.0,1936.0,3.0,2.0,1.0,0.0,24.0,0.0,2.0,0.0,2.0,2.0,2.0,1.0,1.0,0.0,0.0,0.0,0.0,0.0,0.0,2.0,2.0,2.0,2.0,5.0,2.0,2.0,2.0,2.0,5.0,2.0,2.0,1.0,4.0,33.0,1
1.0,1.0,62.0,2.0,1.0,1.0,2.0,0.0,4.0,2.0,1.0,1.0,3.0,3844.0,3.0,2.0,1.0,0.0,12.0,0.0,2.0,0.0,2.0,2.0,2.0,2.0,0.0,1.0,4.0,5.0,1.0,9.0,4.0,2.0,2.0,2.0,2.0,5.0,2.0,2.0,2.0,2.0,5.0,2.0,2.0,1.0,4.0,33.0,1
3.0,1.0,40.0,5.0,4.0,1.0,2.0,0.0,4.0,1.0,1.0,1.0,4.0,1600.0,3.0,2.0,1.0,0.0,35.0,0.0,1.0,1.0,1.0,1.0,2.0,2.0,0.0,1.0,4.0,5.0,1.0,9.0,4.0,2.0,2.0,2.0,2.0,5.0,2.0,2.0,2.0,2.0,5.0,2.0,2.0,3.0,3.0,33.0,1
1.0,1.0,62.0,5.0,1.0,1.0,2.0,0.0,6.0,2.0,1.0,1.0,5.0,3844.0,3.0,2.0,1.0,0.0,45.0,0.0,2.0,0.0,2.0,2.0,2.0,2.0,0.0,9.0,6.0,6.0,2.0,0.0,0.0,2.0,2.0,2.0,2.0,5.0,1.0,1.0,1.0,1.0,0.0,1.0,0.0,1.0,1.0,33.0,0
2.0,1.0,54.0,2.0,4.0,1.0,2.0,0.0,2.0,1.0,3.0,1.0,2.0,2916.0,2.0,3.0,1.0,0.0,40.0,0.0,2.0,0.0,1.0,2.0,2.0,2.0,0.0,1.0,8.0,0.0,0.0,0.0,0.0,0.0,0.0,0.0,0.0,0.0,0.0,0.0,0.0,0.0,0.0,0.0,0.0,0.0,0.0,33.0,0
3.0,1.0,36.0,5.0,4.0,1.0,2.0,0.0,4.0,1.0,1.0,1.0,4.0,1296.0,3.0,2.0,1.0,0.0,12.0,0.0,2.0,0.0,2.0,2.0,2.0,2.0,0.0,3.0,11.0,2.0,2.0,0.0,0.0,1.0,2.0,2.0,2.0,0.0,2.0,2.0,2.0,2.0,5.0,2.0,2.0,2.0,4.0,33.0,1
1.0,2.0,68.0,2.0,1.0,1.0,2.0,0.0,4.0,1.0,1.0,1.0,4.0,4624.0,3.0,2.0,1.0,0.0,21.0,0.0,2.0,0.0,2.0,2.0,1.0,2.0,0.0,12.0,11.0,6.0,2.0,0.0,0.0,2.0,2.0,2.0,2.0,5.0,1.0,1.0,1.0,1.0,0.0,1.0,0.0,1.0,1.0,32.0,0
2.0,1.0,63.0,2.0,1.0,1.0,2.0,0.0,2.0,1.0,1.0,1.0,2.0,3969.0,3.0,4.0,0.0,0.0,0.0,0.0,2.0,0.0,2.0,2.0,1.0,2.0,0.0,8.0,4.0,6.0,2.0,0.0,0.0,2.0,2.0,2.0,2.0,5.0,1.0,1.0,1.0,1.0,0.0,1.0,0.0,1.0,1.0,32.0,0
1.0,1.0,53.0,2.0,1.0,1.0,2.0,0.0,2.0,1.0,1.0,1.0,2.0,2809.0,3.0,2.0,1.0,0.0,40.0,0.0,2.0,0.0,2.0,2.0,2.0,2.0,0.0,99.0,11.0,5.0,2.0,0.0,0.0,2.0,2.0,2.0,2.0,5.0,1.0,1.0,1.0,1.0,0.0,1.0,0.0,1.0,1.0,33.0,0
2.0,2.0,54.0,2.0,1.0,1.0,2.0,0.0,4.0,1.0,1.0,1.0,4.0,2916.0,3.0,2.0,1.0,0.0,30.0,0.0,2.0,0.0,2.0,2.0,2.0,1.0,1.0,0.0,0.0,0.0,0.0,0.0,0.0,1.0,2.0,2.0,1.0,0.0,1.0,1.0,1.0,1.0,0.0,1.0,0.0,1.0,1.0,33.0,0
3.0,2.0,25.0,1.0,4.0,1.0,2.0,0.0,4.0,2.0,1.0,1.0,3.0,625.0,3.0,2.0,1.0,0.0,8.0,0.0,2.0,0.0,2.0,2.0,2.0,1.0,1.0,0.0,0.0,0.0,0.0,0.0,0.0,2.0,2.0,2.0,1.0,0.0,2.0,2.0,2.0,2.0,5.0,2.0,2.0,1.0,4.0,33.0,1
4.0,1.0,23.0,1.0,1.0,1.0,2.0,0.0,2.0,1.0,1.0,1.0,2.0,529.0,3.0,2.0,1.0,0.0,40.0,0.0,2.0,0.0,2.0,2.0,2.0,2.0,0.0,99.0,11.0,2.0,2.0,0.0,0.0,2.0,2.0,2.0,2.0,5.0,1.0,1.0,1.0,1.0,0.0,1.0,0.0,1.0,1.0,33.0,0
1.0,2.0,47.0,2.0,1.0,1.0,2.0,0.0,4.0,1.0,1.0,1.0,4.0,2209.0,3.0,3.0,2.0,2.0,30.0,27.0,2.0,0.0,2.0,2.0,2.0,2.0,0.0,11.0,11.0,6.0,2.0,0.0,0.0,2.0,2.0,2.0,2.0,5.0,1.0,1.0,1.0,1.0,0.0,1.0,0.0,1.0,1.0,33.0,0
2.0,1.0,46.0,2.0,1.0,1.0,2.0,0.0,6.0,1.0,1.0,1.0,6.0,2116.0,3.0,2.0,1.0,0.0,40.0,0.0,1.0,1.0,2.0,2.0,2.0,2.0,0.0,7.0,11.0,5.0,2.0,0.0,0.0,2.0,2.0,2.0,2.0,5.0,1.0,1.0,1.0,1.0,0.0,1.0,0.0,1.0,1.0,33.0,0
1.0,1.0,48.0,2.0,1.0,1.0,2.0,0.0,4.0,1.0,1.0,1.0,4.0,2304.0,3.0,1.0,1.0,0.0,6.0,0.0,1.0,1.0,1.0,1.0,2.0,2.0,0.0,3.0,11.0,3.0,1.0,9.0,2.0,2.0,2.0,2.0,2.0,5.0,2.0,2.0,2.0,2.0,5.0,2.0,2.0,1.0,4.0,33.0,1
2.0,2.0,53.0,2.0,1.0,1.0,2.0,0.0,6.0,1.0,1.0,1.0,6.0,2809.0,3.0,2.0,1.0,0.0,40.0,0.0,2.0,0.0,2.0,2.0,2.0,2.0,0.0,6.0,11.0,5.0,2.0,0.0,0.0,2.0,2.0,2.0,2.0,5.0,1.0,1.0,1.0,1.0,0.0,1.0,0.0,1.0,1.0,33.0,0
1.0,2.0,75.0,3.0,1.0,1.0,2.0,0.0,7.0,2.0,1.0,1.0,5.0,5625.0,2.0,2.0,1.0,0.0,41.0,0.0,2.0,0.0,2.0,2.0,2.0,2.0,0.0,1.0,11.0,0.0,0.0,0.0,0.0,0.0,0.0,0.0,0.0,0.0,0.0,0.0,0.0,0.0,0.0,0.0,0.0,0.0,0.0,33.0,0
3.0,2.0,39.0,3.0,2.0,1.0,2.0,0.0,4.0,1.0,1.0,1.0,4.0,1521.0,2.0,2.0,1.0,0.0,40.0,0.0,1.0,1.0,1.0,1.0,2.0,2.0,0.0,1.0,6.0,0.0,0.0,0.0,0.0,0.0,0.0,0.0,0.0,0.0,0.0,0.0,0.0,0.0,0.0,0.0,0.0,0.0,0.0,33.0,0
1.0,1.0,57.0,5.0,1.0,1.0,2.0,0.0,7.0,2.0,3.0,1.0,5.0,3249.0,3.0,2.0,1.0,0.0,42.0,0.0,2.0,0.0,2.0,2.0,2.0,2.0,0.0,7.0,11.0,6.0,2.0,0.0,0.0,2.0,2.0,2.0,1.0,0.0,1.0,1.0,1.0,1.0,0.0,1.0,0.0,1.0,1.0,33.0,0
2.0,2.0,57.0,1.0,1.0,1.0,2.0,0.0,4.0,2.0,4.0,1.0,3.0,3249.0,3.0,3.0,1.0,0.0,60.0,0.0,2.0,0.0,2.0,2.0,2.0,1.0,1.0,0.0,0.0,0.0,0.0,0.0,0.0,2.0,2.0,2.0,2.0,5.0,2.0,2.0,2.0,1.0,0.0,2.0,1.0,1.0,3.0,33.0,1
4.0,1.0,29.0,1.0,4.0,1.0,2.0,0.0,4.0,1.0,1.0,1.0,4.0,841.0,3.0,3.0,1.0,0.0,48.0,0.0,2.0,0.0,2.0,1.0,2.0,2.0,0.0,99.0,4.0,5.0,1.0,9.0,4.0,2.0,2.0,2.0,2.0,5.0,2.0,2.0,2.0,2.0,5.0,2.0,2.0,3.0,4.0,33.0,1
3.0,1.0,22.0,5.0,1.0,1.0,2.0,0.0,4.0,1.0,1.0,1.0,4.0,484.0,3.0,2.0,1.0,0.0,40.0,0.0,2.0,0.0,9.0,9.0,2.0,2.0,0.0,99.0,11.0,9.0,2.0,0.0,0.0,2.0,2.0,2.0,2.0,5.0,1.0,1.0,1.0,1.0,0.0,1.0,0.0,1.0,1.0,33.0,0
1.0,1.0,48.0,5.0,4.0,1.0,2.0,0.0,4.0,1.0,1.0,1.0,4.0,2304.0,3.0,1.0,1.0,0.0,16.0,0.0,1.0,1.0,1.0,1.0,2.0,2.0,0.0,6.0,11.0,3.0,2.0,0.0,0.0,2.0,2.0,2.0,2.0,5.0,2.0,2.0,2.0,2.0,5.0,2.0,2.0,2.0,4.0,33.0,1
8.0,1.0,50.0,3.0,4.0,1.0,2.0,0.0,4.0,2.0,1.0,1.0,3.0,2500.0,3.0,2.0,1.0,0.0,40.0,0.0,2.0,0.0,2.0,2.0,2.0,2.0,0.0,5.0,11.0,3.0,2.0,0.0,0.0,2.0,2.0,2.0,2.0,5.0,2.0,2.0,2.0,2.0,5.0,2.0,2.0,1.0,4.0,33.0,1
5.0,2.0,21.0,5.0,4.0,1.0,2.0,0.0,4.0,1.0,1.0,1.0,4.0,441.0,3.0,3.0,1.0,0.0,56.0,0.0,2.0,0.0,2.0,2.0,2.0,2.0,0.0,3.0,11.0,5.0,2.0,0.0,0.0,2.0,2.0,2.0,2.0,5.0,2.0,2.0,2.0,2.0,5.0,2.0,2.0,1.0,4.0,33.0,1
3.0,2.0,30.0,3.0,4.0,1.0,2.0,0.0,4.0,1.0,2.0,1.0,4.0,900.0,2.0,1.0,1.0,0.0,40.0,0.0,1.0,1.0,1.0,1.0,2.0,2.0,0.0,1.0,9.0,0.0,0.0,0.0,0.0,0.0,0.0,0.0,0.0,0.0,0.0,0.0,0.0,0.0,0.0,0.0,0.0,0.0,0.0,33.0,0
1.0,2.0,29.0,5.0,12.0,1.0,2.0,0.0,7.0,1.0,3.0,3.0,6.0,841.0,2.0,3.0,1.0,0.0,48.0,0.0,2.0,0.0,2.0,2.0,2.0,2.0,0.0,99.0,8.0,0.0,0.0,0.0,0.0,0.0,0.0,0.0,0.0,0.0,0.0,0.0,0.0,0.0,0.0,0.0,0.0,0.0,0.0,32.0,0
1.0,1.0,49.0,5.0,1.0,1.0,2.0,0.0,4.0,1.0,1.0,1.0,4.0,2401.0,3.0,2.0,1.0,0.0,40.0,0.0,2.0,0.0,2.0,2.0,2.0,2.0,0.0,9.0,11.0,6.0,2.0,0.0,0.0,2.0,2.0,2.0,2.0,5.0,1.0,1.0,1.0,1.0,0.0,1.0,0.0,1.0,1.0,33.0,0
3.0,1.0,30.0,5.0,4.0,1.0,2.0,0.0,4.0,2.0,1.0,1.0,3.0,900.0,2.0,1.0,1.0,0.0,2.0,0.0,1.0,1.0,1.0,1.0,2.0,2.0,0.0,1.0,8.0,0.0,0.0,0.0,0.0,0.0,0.0,0.0,0.0,0.0,0.0,0.0,0.0,0.0,0.0,0.0,0.0,0.0,0.0,33.0,0
1.0,2.0,22.0,1.0,4.0,1.0,2.0,0.0,4.0,1.0,4.0,1.0,4.0,484.0,3.0,3.0,2.0,2.0,48.0,2.0,2.0,0.0,2.0,2.0,2.0,2.0,0.0,2.0,11.0,5.0,9.0,9.0,4.0,2.0,2.0,2.0,2.0,5.0,2.0,2.0,2.0,2.0,5.0,2.0,2.0,1.0,4.0,33.0,1
2.0,1.0,22.0,1.0,4.0,1.0,2.0,0.0,4.0,1.0,1.0,1.0,4.0,484.0,2.0,2.0,1.0,0.0,45.0,0.0,2.0,0.0,2.0,2.0,2.0,2.0,0.0,1.0,8.0,0.0,0.0,0.0,0.0,0.0,0.0,0.0,0.0,0.0,0.0,0.0,0.0,0.0,0.0,0.0,0.0,0.0,0.0,33.0,0
1.0,2.0,43.0,2.0,4.0,1.0,2.0,0.0,2.0,2.0,1.0,1.0,1.0,1849.0,2.0,2.0,1.0,0.0,40.0,0.0,1.0,1.0,2.0,2.0,2.0,2.0,0.0,1.0,12.0,0.0,0.0,0.0,0.0,0.0,0.0,0.0,0.0,0.0,0.0,0.0,0.0,0.0,0.0,0.0,0.0,0.0,0.0,33.0,0
1.0,1.0,38.0,2.0,1.0,1.0,2.0,0.0,4.0,1.0,3.0,1.0,4.0,1444.0,3.0,2.0,1.0,0.0,36.0,0.0,2.0,0.0,2.0,2.0,1.0,2.0,0.0,99.0,11.0,6.0,2.0,0.0,0.0,2.0,2.0,2.0,2.0,5.0,1.0,1.0,1.0,1.0,0.0,1.0,0.0,1.0,1.0,33.0,0
1.0,2.0,89.0,4.0,1.0,1.0,2.0,0.0,2.0,1.0,3.0,1.0,2.0,7921.0,2.0,3.0,1.0,0.0,70.0,0.0,2.0,0.0,2.0,2.0,2.0,2.0,0.0,1.0,12.0,0.0,0.0,0.0,0.0,0.0,0.0,0.0,0.0,0.0,0.0,0.0,0.0,0.0,0.0,0.0,0.0,0.0,0.0,33.0,0
1.0,1.0,65.0,1.0,4.0,1.0,2.0,0.0,7.0,2.0,1.0,1.0,5.0,4225.0,3.0,2.0,1.0,0.0,20.0,0.0,2.0,0.0,2.0,2.0,2.0,1.0,1.0,0.0,0.0,0.0,0.0,0.0,0.0,2.0,2.0,2.0,2.0,5.0,2.0,2.0,2.0,2.0,5.0,2.0,2.0,1.0,4.0,32.0,1
1.0,1.0,52.0,2.0,1.0,1.0,2.0,0.0,7.0,1.0,1.0,1.0,6.0,2704.0,3.0,3.0,2.0,2.0,40.0,18.0,2.0,0.0,2.0,2.0,2.0,2.0,0.0,9.0,11.0,6.0,2.0,0.0,0.0,1.0,2.0,2.0,2.0,0.0,1.0,1.0,1.0,1.0,0.0,1.0,0.0,1.0,1.0,32.0,0
1.0,1.0,32.0,5.0,1.0,1.0,1.0,1.0,7.0,2.0,1.0,1.0,5.0,1024.0,3.0,3.0,1.0,0.0,40.0,0.0,1.0,1.0,1.0,1.0,2.0,2.0,0.0,99.0,5.0,1.0,1.0,9.0,4.0,1.0,2.0,2.0,2.0,0.0,2.0,2.0,1.0,2.0,0.0,2.0,1.0,1.0,4.0,33.0,1
8.0,1.0,36.0,5.0,1.0,1.0,2.0,0.0,4.0,1.0,1.0,1.0,4.0,1296.0,3.0,2.0,1.0,0.0,36.0,0.0,2.0,0.0,2.0,2.0,1.0,2.0,0.0,12.0,9.0,6.0,2.0,0.0,0.0,2.0,2.0,2.0,2.0,5.0,1.0,1.0,1.0,1.0,0.0,1.0,0.0,3.0,1.0,33.0,0
8.0,2.0,24.0,5.0,1.0,1.0,1.0,1.0,6.0,2.0,1.0,1.0,5.0,576.0,3.0,3.0,1.0,0.0,48.0,0.0,1.0,1.0,1.0,1.0,2.0,2.0,0.0,99.0,11.0,3.0,2.0,0.0,0.0,2.0,2.0,2.0,2.0,5.0,1.0,1.0,1.0,1.0,0.0,1.0,0.0,1.0,1.0,33.0,0
1.0,1.0,49.0,3.0,4.0,1.0,2.0,0.0,4.0,1.0,1.0,1.0,4.0,2401.0,2.0,3.0,1.0,0.0,84.0,0.0,2.0,0.0,2.0,2.0,2.0,2.0,0.0,1.0,11.0,0.0,0.0,0.0,0.0,0.0,0.0,0.0,0.0,0.0,0.0,0.0,0.0,0.0,0.0,0.0,0.0,0.0,0.0,33.0,0
1.0,1.0,40.0,1.0,1.0,1.0,2.0,0.0,4.0,1.0,4.0,1.0,4.0,1600.0,3.0,2.0,1.0,0.0,40.0,0.0,2.0,0.0,2.0,2.0,2.0,2.0,0.0,9.0,11.0,6.0,2.0,0.0,0.0,1.0,2.0,2.0,2.0,0.0,1.0,1.0,1.0,1.0,0.0,1.0,0.0,1.0,1.0,33.0,0
1.0,2.0,55.0,3.0,1.0,1.0,1.0,1.0,6.0,2.0,1.0,1.0,5.0,3025.0,3.0,2.0,2.0,2.0,24.0,4.0,2.0,0.0,2.0,2.0,2.0,2.0,0.0,7.0,11.0,5.0,2.0,0.0,0.0,2.0,2.0,2.0,2.0,5.0,1.0,1.0,1.0,1.0,0.0,1.0,0.0,1.0,1.0,33.0,0
2.0,2.0,42.0,1.0,1.0,1.0,2.0,0.0,2.0,1.0,1.0,1.0,2.0,1764.0,3.0,2.0,1.0,0.0,40.0,0.0,1.0,1.0,2.0,2.0,2.0,2.0,0.0,8.0,11.0,6.0,2.0,0.0,0.0,2.0,2.0,2.0,2.0,5.0,1.0,1.0,1.0,1.0,0.0,1.0,0.0,2.0,1.0,33.0,0
1.0,1.0,43.0,1.0,1.0,1.0,2.0,0.0,4.0,1.0,1.0,1.0,4.0,1849.0,3.0,3.0,1.0,0.0,48.0,0.0,2.0,0.0,2.0,2.0,2.0,2.0,0.0,6.0,11.0,6.0,2.0,0.0,0.0,2.0,2.0,2.0,2.0,5.0,1.0,1.0,1.0,1.0,0.0,1.0,0.0,1.0,1.0,33.0,0
2.0,2.0,37.0,1.0,1.0,1.0,2.0,0.0,4.0,1.0,3.0,1.0,4.0,1369.0,3.0,2.0,1.0,0.0,30.0,0.0,2.0,0.0,2.0,2.0,2.0,1.0,1.0,0.0,0.0,0.0,0.0,0.0,0.0,1.0,2.0,2.0,2.0,0.0,1.0,1.0,1.0,2.0,0.0,2.0,2.0,1.0,4.0,33.0,1
1.0,1.0,51.0,2.0,1.0,1.0,2.0,0.0,4.0,1.0,3.0,1.0,4.0,2601.0,3.0,2.0,1.0,0.0,45.0,0.0,2.0,0.0,2.0,2.0,2.0,2.0,0.0,6.0,11.0,6.0,2.0,0.0,0.0,2.0,2.0,2.0,2.0,5.0,1.0,1.0,1.0,1.0,0.0,1.0,0.0,1.0,1.0,33.0,0
3.0,1.0,28.0,5.0,1.0,1.0,1.0,1.0,7.0,2.0,3.0,1.0,5.0,784.0,3.0,2.0,1.0,0.0,45.0,0.0,2.0,0.0,2.0,2.0,2.0,2.0,0.0,99.0,11.0,5.0,2.0,0.0,0.0,2.0,2.0,2.0,2.0,5.0,1.0,1.0,1.0,1.0,0.0,1.0,0.0,1.0,1.0,33.0,0
3.0,1.0,25.0,1.0,1.0,1.0,1.0,1.0,7.0,2.0,1.0,1.0,5.0,625.0,3.0,2.0,1.0,0.0,45.0,0.0,2.0,0.0,2.0,2.0,2.0,2.0,0.0,4.0,11.0,5.0,2.0,0.0,0.0,2.0,2.0,2.0,2.0,5.0,1.0,1.0,1.0,1.0,0.0,1.0,0.0,1.0,1.0,33.0,0
3.0,2.0,23.0,5.0,1.0,1.0,2.0,0.0,4.0,1.0,1.0,1.0,4.0,529.0,3.0,2.0,1.0,0.0,30.0,0.0,2.0,0.0,2.0,2.0,1.0,2.0,0.0,12.0,11.0,5.0,2.0,0.0,0.0,2.0,2.0,2.0,2.0,5.0,1.0,1.0,1.0,1.0,0.0,1.0,0.0,1.0,1.0,33.0,0
1.0,1.0,41.0,2.0,4.0,1.0,2.0,0.0,3.0,1.0,1.0,1.0,3.0,1681.0,3.0,3.0,1.0,0.0,54.0,0.0,1.0,1.0,1.0,1.0,2.0,2.0,0.0,99.0,4.0,5.0,2.0,0.0,0.0,2.0,2.0,2.0,2.0,5.0,2.0,2.0,2.0,2.0,5.0,2.0,2.0,1.0,2.0,33.0,1
1.0,1.0,40.0,5.0,4.0,1.0,2.0,0.0,4.0,1.0,3.0,1.0,4.0,1600.0,3.0,3.0,1.0,0.0,48.0,0.0,2.0,0.0,2.0,2.0,2.0,2.0,0.0,99.0,11.0,5.0,2.0,0.0,0.0,2.0,2.0,2.0,2.0,5.0,2.0,2.0,2.0,2.0,5.0,2.0,2.0,1.0,4.0,33.0,1
3.0,1.0,54.0,3.0,1.0,1.0,2.0,0.0,4.0,1.0,1.0,1.0,4.0,2916.0,2.0,3.0,1.0,0.0,60.0,0.0,2.0,0.0,2.0,2.0,2.0,2.0,0.0,1.0,11.0,0.0,0.0,0.0,0.0,0.0,0.0,0.0,0.0,0.0,0.0,0.0,0.0,0.0,0.0,0.0,0.0,0.0,0.0,33.0,0
3.0,2.0,49.0,5.0,1.0,1.0,2.0,0.0,4.0,1.0,1.0,1.0,4.0,2401.0,3.0,1.0,1.0,0.0,12.0,0.0,1.0,1.0,1.0,2.0,2.0,1.0,1.0,0.0,0.0,0.0,0.0,0.0,0.0,1.0,2.0,2.0,2.0,0.0,2.0,2.0,2.0,2.0,5.0,2.0,2.0,1.0,4.0,33.0,1
1.0,2.0,54.0,1.0,4.0,1.0,2.0,0.0,2.0,1.0,1.0,1.0,2.0,2916.0,3.0,2.0,1.0,0.0,40.0,0.0,2.0,0.0,2.0,2.0,2.0,1.0,1.0,0.0,0.0,0.0,0.0,0.0,0.0,2.0,2.0,2.0,2.0,5.0,2.0,2.0,2.0,2.0,5.0,2.0,2.0,1.0,4.0,33.0,1
3.0,2.0,28.0,5.0,4.0,1.0,2.0,0.0,4.0,2.0,1.0,1.0,3.0,784.0,3.0,3.0,2.0,4.0,36.0,36.0,1.0,1.0,1.0,2.0,2.0,1.0,4.0,0.0,0.0,0.0,0.0,0.0,0.0,2.0,2.0,2.0,2.0,5.0,2.0,2.0,2.0,2.0,5.0,2.0,2.0,1.0,4.0,33.0,1
1.0,2.0,55.0,3.0,2.0,1.0,2.0,0.0,7.0,1.0,1.0,1.0,6.0,3025.0,1.0,2.0,1.0,0.0,35.0,0.0,2.0,0.0,2.0,2.0,2.0,2.0,0.0,3.0,11.0,0.0,0.0,0.0,0.0,0.0,0.0,0.0,0.0,0.0,0.0,0.0,0.0,0.0,0.0,0.0,0.0,0.0,0.0,33.0,0
1.0,2.0,71.0,4.0,1.0,1.0,2.0,0.0,4.0,1.0,1.0,1.0,4.0,5041.0,2.0,2.0,1.0,0.0,28.0,0.0,2.0,0.0,2.0,2.0,2.0,2.0,0.0,1.0,11.0,0.0,0.0,0.0,0.0,0.0,0.0,0.0,0.0,0.0,0.0,0.0,0.0,0.0,0.0,0.0,0.0,0.0,0.0,33.0,0
1.0,1.0,46.0,2.0,1.0,1.0,2.0,0.0,4.0,1.0,1.0,1.0,4.0,2116.0,3.0,2.0,1.0,0.0,45.0,0.0,2.0,0.0,2.0,2.0,2.0,2.0,0.0,3.0,11.0,6.0,2.0,0.0,0.0,2.0,2.0,2.0,2.0,5.0,2.0,2.0,2.0,2.0,5.0,2.0,1.0,1.0,3.0,33.0,1
1.0,2.0,36.0,1.0,4.0,1.0,2.0,0.0,4.0,2.0,1.0,1.0,3.0,1296.0,2.0,1.0,1.0,0.0,2.0,0.0,1.0,1.0,2.0,2.0,2.0,2.0,0.0,1.0,6.0,0.0,0.0,0.0,0.0,0.0,0.0,0.0,0.0,0.0,0.0,0.0,0.0,0.0,0.0,0.0,0.0,0.0,0.0,33.0,0
2.0,1.0,42.0,1.0,4.0,1.0,2.0,0.0,2.0,1.0,1.0,1.0,2.0,1764.0,3.0,3.0,1.0,0.0,56.0,0.0,2.0,0.0,2.0,2.0,2.0,2.0,0.0,99.0,4.0,5.0,2.0,0.0,0.0,2.0,2.0,2.0,2.0,5.0,2.0,2.0,2.0,2.0,5.0,2.0,2.0,3.0,4.0,33.0,1
1.0,2.0,41.0,2.0,4.0,1.0,2.0,0.0,2.0,1.0,4.0,1.0,2.0,1681.0,2.0,3.0,1.0,0.0,56.0,0.0,2.0,0.0,2.0,2.0,2.0,2.0,0.0,1.0,9.0,0.0,0.0,0.0,0.0,0.0,0.0,0.0,0.0,0.0,0.0,0.0,0.0,0.0,0.0,0.0,0.0,0.0,0.0,33.0,0
1.0,2.0,44.0,2.0,4.0,1.0,2.0,0.0,4.0,1.0,1.0,1.0,4.0,1936.0,2.0,3.0,1.0,0.0,56.0,0.0,1.0,1.0,2.0,2.0,2.0,2.0,0.0,1.0,12.0,0.0,0.0,0.0,0.0,0.0,0.0,0.0,0.0,0.0,0.0,0.0,0.0,0.0,0.0,0.0,0.0,0.0,0.0,33.0,0
2.0,1.0,47.0,2.0,4.0,1.0,2.0,0.0,4.0,1.0,1.0,1.0,4.0,2209.0,3.0,2.0,1.0,0.0,40.0,0.0,1.0,1.0,2.0,1.0,2.0,2.0,0.0,2.0,8.0,6.0,2.0,0.0,0.0,2.0,2.0,2.0,2.0,5.0,2.0,2.0,2.0,2.0,5.0,2.0,1.0,3.0,3.0,33.0,1
1.0,1.0,49.0,1.0,1.0,1.0,2.0,0.0,8.0,1.0,1.0,1.0,6.0,2401.0,3.0,2.0,1.0,0.0,30.0,0.0,2.0,0.0,2.0,2.0,2.0,2.0,0.0,7.0,6.0,6.0,2.0,0.0,0.0,2.0,2.0,2.0,2.0,5.0,1.0,1.0,1.0,1.0,0.0,1.0,0.0,1.0,1.0,33.0,0
2.0,2.0,47.0,1.0,1.0,1.0,2.0,0.0,7.0,1.0,1.0,1.0,6.0,2209.0,2.0,2.0,1.0,0.0,36.0,0.0,2.0,0.0,2.0,2.0,2.0,2.0,0.0,1.0,11.0,0.0,0.0,0.0,0.0,0.0,0.0,0.0,0.0,0.0,0.0,0.0,0.0,0.0,0.0,0.0,0.0,0.0,0.0,33.0,0
1.0,1.0,41.0,1.0,1.0,1.0,2.0,0.0,4.0,1.0,1.0,1.0,4.0,1681.0,3.0,3.0,1.0,0.0,60.0,0.0,2.0,0.0,2.0,2.0,2.0,2.0,0.0,99.0,11.0,6.0,2.0,0.0,0.0,1.0,2.0,2.0,2.0,0.0,1.0,1.0,1.0,1.0,0.0,1.0,0.0,1.0,1.0,33.0,0
1.0,2.0,56.0,1.0,1.0,1.0,2.0,0.0,7.0,1.0,1.0,1.0,6.0,3136.0,3.0,2.0,1.0,0.0,32.0,0.0,2.0,0.0,2.0,2.0,1.0,2.0,0.0,9.0,11.0,9.0,9.0,9.0,4.0,2.0,2.0,2.0,1.0,0.0,1.0,1.0,1.0,1.0,0.0,1.0,0.0,1.0,1.0,33.0,0
1.0,1.0,41.0,3.0,1.0,1.0,2.0,0.0,7.0,1.0,1.0,1.0,6.0,1681.0,3.0,2.0,1.0,0.0,40.0,0.0,2.0,0.0,2.0,2.0,2.0,2.0,0.0,7.0,11.0,6.0,2.0,0.0,0.0,2.0,2.0,2.0,1.0,0.0,1.0,1.0,1.0,1.0,0.0,1.0,0.0,1.0,1.0,33.0,0
10.0,1.0,45.0,5.0,1.0,1.0,2.0,0.0,4.0,1.0,1.0,1.0,4.0,2025.0,3.0,2.0,1.0,0.0,40.0,0.0,2.0,0.0,2.0,2.0,2.0,2.0,0.0,7.0,11.0,6.0,2.0,0.0,0.0,2.0,2.0,2.0,2.0,5.0,1.0,1.0,1.0,1.0,0.0,1.0,0.0,1.0,1.0,33.0,0
1.0,1.0,54.0,5.0,2.0,1.0,2.0,0.0,4.0,1.0,1.0,1.0,4.0,2916.0,1.0,2.0,1.0,0.0,40.0,0.0,2.0,0.0,2.0,2.0,2.0,2.0,0.0,2.0,11.0,0.0,0.0,0.0,0.0,0.0,0.0,0.0,0.0,0.0,0.0,0.0,0.0,0.0,0.0,0.0,0.0,0.0,0.0,33.0,0
1.0,2.0,52.0,2.0,1.0,1.0,2.0,0.0,6.0,2.0,1.0,1.0,5.0,2704.0,3.0,1.0,2.0,2.0,12.0,12.0,1.0,1.0,1.0,1.0,2.0,2.0,0.0,2.0,8.0,5.0,2.0,0.0,0.0,2.0,2.0,2.0,2.0,5.0,1.0,1.0,1.0,1.0,0.0,1.0,0.0,1.0,1.0,33.0,0
2.0,1.0,52.0,2.0,1.0,1.0,2.0,0.0,4.0,1.0,1.0,1.0,4.0,2704.0,3.0,2.0,1.0,0.0,40.0,0.0,1.0,1.0,1.0,1.0,2.0,2.0,0.0,9.0,12.0,6.0,2.0,0.0,0.0,2.0,2.0,2.0,2.0,5.0,1.0,1.0,1.0,1.0,0.0,1.0,0.0,1.0,1.0,33.0,0
3.0,2.0,21.0,5.0,1.0,1.0,1.0,1.0,7.0,2.0,1.0,1.0,5.0,441.0,3.0,2.0,1.0,0.0,20.0,0.0,2.0,0.0,2.0,2.0,2.0,2.0,0.0,9.0,11.0,5.0,1.0,9.0,3.0,2.0,2.0,2.0,2.0,5.0,1.0,2.0,2.0,1.0,0.0,2.0,2.0,1.0,4.0,33.0,1
1.0,2.0,33.0,5.0,4.0,1.0,2.0,0.0,4.0,1.0,1.0,1.0,4.0,1089.0,3.0,2.0,1.0,0.0,36.0,0.0,2.0,0.0,2.0,1.0,2.0,2.0,0.0,2.0,11.0,5.0,2.0,0.0,0.0,2.0,2.0,2.0,2.0,5.0,1.0,1.0,1.0,2.0,0.0,2.0,2.0,1.0,4.0,33.0,1
6.0,2.0,65.0,4.0,1.0,1.0,2.0,0.0,2.0,1.0,3.0,1.0,2.0,4225.0,2.0,2.0,1.0,0.0,40.0,0.0,2.0,0.0,2.0,2.0,2.0,2.0,0.0,1.0,11.0,0.0,0.0,0.0,0.0,0.0,0.0,0.0,0.0,0.0,0.0,0.0,0.0,0.0,0.0,0.0,0.0,0.0,0.0,33.0,0
1.0,2.0,51.0,3.0,1.0,1.0,2.0,0.0,7.0,2.0,1.0,1.0,5.0,2601.0,3.0,2.0,1.0,0.0,32.0,0.0,2.0,0.0,2.0,2.0,2.0,2.0,0.0,6.0,11.0,6.0,2.0,0.0,0.0,2.0,2.0,2.0,2.0,5.0,1.0,1.0,1.0,1.0,0.0,1.0,0.0,1.0,1.0,33.0,0
3.0,1.0,21.0,5.0,4.0,1.0,2.0,0.0,4.0,2.0,1.0,1.0,3.0,441.0,3.0,2.0,1.0,0.0,44.0,0.0,2.0,0.0,2.0,1.0,2.0,2.0,0.0,6.0,11.0,2.0,2.0,0.0,0.0,2.0,2.0,2.0,2.0,5.0,1.0,1.0,1.0,2.0,0.0,2.0,2.0,1.0,4.0,33.0,1
2.0,1.0,59.0,1.0,1.0,1.0,2.0,0.0,4.0,1.0,1.0,1.0,4.0,3481.0,3.0,2.0,1.0,0.0,40.0,0.0,1.0,1.0,1.0,2.0,2.0,2.0,0.0,99.0,4.0,1.0,2.0,0.0,0.0,2.0,2.0,2.0,2.0,5.0,2.0,2.0,2.0,2.0,5.0,2.0,2.0,1.0,4.0,33.0,1
1.0,1.0,54.0,1.0,1.0,1.0,2.0,0.0,8.0,1.0,1.0,1.0,6.0,2916.0,1.0,3.0,1.0,0.0,46.0,0.0,2.0,0.0,2.0,2.0,2.0,2.0,0.0,2.0,6.0,0.0,0.0,0.0,0.0,0.0,0.0,0.0,0.0,0.0,0.0,0.0,0.0,0.0,0.0,0.0,0.0,0.0,0.0,32.0,0
2.0,2.0,54.0,1.0,1.0,1.0,2.0,0.0,8.0,1.0,1.0,1.0,6.0,2916.0,3.0,2.0,1.0,0.0,35.0,0.0,2.0,0.0,2.0,2.0,2.0,2.0,0.0,2.0,6.0,6.0,2.0,0.0,0.0,2.0,2.0,2.0,2.0,5.0,1.0,1.0,1.0,1.0,0.0,1.0,0.0,1.0,1.0,32.0,0
3.0,1.0,20.0,5.0,1.0,1.0,2.0,0.0,4.0,1.0,1.0,1.0,4.0,400.0,3.0,2.0,1.0,0.0,32.0,0.0,2.0,0.0,2.0,2.0,2.0,2.0,0.0,3.0,11.0,5.0,2.0,0.0,0.0,1.0,2.0,2.0,2.0,0.0,2.0,2.0,2.0,2.0,5.0,2.0,2.0,1.0,4.0,32.0,1
1.0,1.0,56.0,2.0,1.0,1.0,2.0,0.0,6.0,1.0,1.0,1.0,6.0,3136.0,2.0,3.0,1.0,0.0,72.0,0.0,2.0,0.0,2.0,2.0,2.0,2.0,0.0,3.0,11.0,0.0,0.0,0.0,0.0,0.0,0.0,0.0,0.0,0.0,0.0,0.0,0.0,0.0,0.0,0.0,0.0,0.0,0.0,32.0,0
2.0,2.0,52.0,2.0,1.0,1.0,2.0,0.0,6.0,1.0,1.0,1.0,6.0,2704.0,2.0,3.0,1.0,0.0,72.0,0.0,2.0,0.0,2.0,2.0,2.0,2.0,0.0,3.0,10.0,0.0,0.0,0.0,0.0,0.0,0.0,0.0,0.0,0.0,0.0,0.0,0.0,0.0,0.0,0.0,0.0,0.0,0.0,32.0,0
3.0,1.0,25.0,5.0,1.0,1.0,1.0,2.0,6.0,2.0,1.0,1.0,5.0,625.0,3.0,3.0,1.0,0.0,54.0,0.0,2.0,0.0,2.0,2.0,2.0,2.0,0.0,99.0,11.0,5.0,2.0,0.0,0.0,2.0,2.0,2.0,2.0,5.0,1.0,1.0,1.0,1.0,0.0,1.0,0.0,1.0,1.0,32.0,0
1.0,1.0,29.0,1.0,1.0,1.0,2.0,0.0,4.0,1.0,1.0,1.0,4.0,841.0,3.0,2.0,1.0,0.0,40.0,0.0,2.0,0.0,2.0,2.0,2.0,2.0,0.0,9.0,11.0,5.0,2.0,0.0,0.0,2.0,2.0,2.0,2.0,5.0,1.0,1.0,1.0,1.0,0.0,1.0,0.0,1.0,1.0,33.0,0
1.0,2.0,33.0,5.0,4.0,1.0,2.0,0.0,4.0,1.0,1.0,1.0,4.0,1089.0,3.0,2.0,1.0,0.0,18.0,0.0,2.0,0.0,2.0,2.0,2.0,2.0,0.0,6.0,11.0,5.0,9.0,9.0,4.0,1.0,2.0,2.0,2.0,0.0,2.0,2.0,2.0,2.0,5.0,2.0,2.0,2.0,4.0,33.0,1
6.0,1.0,69.0,4.0,1.0,1.0,2.0,0.0,2.0,1.0,4.0,1.0,2.0,4761.0,3.0,3.0,1.0,0.0,48.0,0.0,2.0,0.0,2.0,2.0,2.0,2.0,0.0,99.0,5.0,6.0,2.0,0.0,0.0,1.0,2.0,2.0,2.0,0.0,2.0,2.0,2.0,2.0,5.0,2.0,2.0,1.0,4.0,33.0,1
2.0,1.0,59.0,2.0,4.0,1.0,2.0,0.0,2.0,1.0,4.0,1.0,2.0,3481.0,2.0,2.0,1.0,0.0,36.0,0.0,1.0,1.0,1.0,2.0,2.0,2.0,0.0,1.0,6.0,0.0,0.0,0.0,0.0,0.0,0.0,0.0,0.0,0.0,0.0,0.0,0.0,0.0,0.0,0.0,0.0,0.0,0.0,33.0,0
1.0,1.0,37.0,5.0,1.0,1.0,1.0,1.0,7.0,2.0,1.0,1.0,5.0,1369.0,3.0,2.0,1.0,0.0,6.0,0.0,2.0,0.0,1.0,2.0,2.0,2.0,0.0,3.0,6.0,4.0,2.0,0.0,0.0,1.0,2.0,2.0,1.0,0.0,1.0,2.0,1.0,2.0,0.0,2.0,2.0,1.0,4.0,33.0,1
1.0,1.0,58.0,2.0,4.0,1.0,2.0,0.0,4.0,2.0,1.0,1.0,3.0,3364.0,3.0,3.0,1.0,0.0,72.0,0.0,2.0,0.0,1.0,1.0,2.0,2.0,0.0,99.0,5.0,1.0,1.0,9.0,4.0,2.0,2.0,2.0,2.0,5.0,2.0,2.0,2.0,2.0,5.0,2.0,2.0,2.0,4.0,33.0,1
3.0,1.0,26.0,5.0,1.0,1.0,2.0,0.0,4.0,1.0,1.0,1.0,4.0,676.0,3.0,2.0,1.0,0.0,43.0,0.0,1.0,1.0,1.0,1.0,2.0,2.0,0.0,99.0,11.0,3.0,2.0,0.0,0.0,2.0,2.0,2.0,2.0,5.0,1.0,2.0,1.0,1.0,0.0,1.0,0.0,1.0,1.0,33.0,0
1.0,2.0,38.0,5.0,4.0,1.0,2.0,0.0,7.0,1.0,5.0,1.0,6.0,1444.0,3.0,3.0,1.0,0.0,72.0,0.0,2.0,0.0,2.0,2.0,2.0,2.0,0.0,3.0,11.0,6.0,1.0,9.0,4.0,1.0,2.0,1.0,2.0,0.0,2.0,1.0,2.0,2.0,0.0,2.0,2.0,1.0,4.0,33.0,1
3.0,2.0,33.0,5.0,1.0,1.0,2.0,0.0,6.0,1.0,2.0,1.0,6.0,1089.0,3.0,2.0,1.0,0.0,40.0,0.0,2.0,0.0,2.0,2.0,2.0,2.0,0.0,99.0,11.0,5.0,2.0,0.0,0.0,2.0,2.0,2.0,2.0,5.0,1.0,1.0,1.0,1.0,0.0,1.0,0.0,1.0,1.0,33.0,0
1.0,1.0,63.0,2.0,1.0,1.0,2.0,0.0,6.0,1.0,2.0,1.0,6.0,3969.0,3.0,2.0,2.0,2.0,20.0,20.0,2.0,0.0,2.0,2.0,1.0,2.0,0.0,8.0,11.0,6.0,2.0,0.0,0.0,2.0,2.0,2.0,2.0,5.0,1.0,1.0,1.0,1.0,0.0,1.0,0.0,1.0,1.0,33.0,0
2.0,2.0,64.0,2.0,1.0,1.0,2.0,0.0,6.0,1.0,1.0,1.0,6.0,4096.0,3.0,2.0,2.0,2.0,20.0,20.0,2.0,0.0,2.0,2.0,1.0,2.0,0.0,8.0,11.0,6.0,2.0,0.0,0.0,2.0,2.0,2.0,2.0,5.0,1.0,1.0,1.0,1.0,0.0,1.0,0.0,1.0,1.0,33.0,0
1.0,1.0,55.0,2.0,1.0,1.0,2.0,0.0,6.0,1.0,1.0,1.0,6.0,3025.0,3.0,3.0,1.0,0.0,48.0,0.0,2.0,0.0,2.0,2.0,2.0,2.0,0.0,99.0,11.0,6.0,2.0,0.0,0.0,2.0,2.0,2.0,2.0,5.0,1.0,1.0,1.0,1.0,0.0,1.0,0.0,1.0,1.0,33.0,0
3.0,1.0,52.0,5.0,4.0,1.0,2.0,0.0,4.0,2.0,1.0,1.0,3.0,2704.0,3.0,2.0,1.0,0.0,36.0,0.0,2.0,0.0,2.0,2.0,2.0,2.0,0.0,4.0,11.0,6.0,9.0,9.0,4.0,1.0,2.0,2.0,2.0,0.0,2.0,2.0,2.0,2.0,5.0,2.0,2.0,1.0,4.0,33.0,1
3.0,2.0,55.0,5.0,4.0,1.0,2.0,0.0,4.0,2.0,1.0,1.0,3.0,3025.0,3.0,1.0,1.0,0.0,12.0,0.0,1.0,1.0,1.0,2.0,2.0,1.0,1.0,0.0,0.0,0.0,0.0,0.0,0.0,1.0,2.0,2.0,2.0,0.0,2.0,2.0,2.0,2.0,5.0,2.0,2.0,1.0,4.0,33.0,1
3.0,1.0,25.0,5.0,4.0,1.0,1.0,1.0,6.0,2.0,1.0,1.0,5.0,625.0,3.0,1.0,1.0,0.0,20.0,0.0,1.0,9.0,2.0,2.0,2.0,2.0,0.0,99.0,11.0,4.0,1.0,4.0,3.0,2.0,2.0,2.0,2.0,5.0,2.0,2.0,2.0,2.0,5.0,2.0,2.0,1.0,2.0,33.0,1
1.0,2.0,55.0,2.0,1.0,1.0,2.0,0.0,8.0,2.0,2.0,1.0,6.0,3025.0,3.0,2.0,2.0,5.0,9.0,16.0,2.0,0.0,2.0,2.0,1.0,2.0,0.0,10.0,11.0,5.0,2.0,0.0,0.0,2.0,2.0,2.0,2.0,5.0,1.0,1.0,1.0,1.0,0.0,1.0,0.0,3.0,1.0,32.0,0
2.0,1.0,57.0,2.0,1.0,1.0,2.0,0.0,8.0,1.0,3.0,1.0,6.0,3249.0,3.0,2.0,2.0,2.0,25.0,12.0,2.0,0.0,2.0,2.0,1.0,2.0,0.0,12.0,11.0,6.0,2.0,0.0,0.0,2.0,2.0,2.0,2.0,5.0,1.0,1.0,1.0,1.0,0.0,1.0,0.0,1.0,1.0,32.0,0
1.0,2.0,64.0,3.0,1.0,1.0,2.0,0.0,6.0,1.0,1.0,1.0,6.0,4096.0,3.0,2.0,1.0,0.0,17.0,0.0,2.0,0.0,2.0,2.0,2.0,2.0,0.0,4.0,6.0,5.0,2.0,0.0,0.0,2.0,2.0,2.0,2.0,5.0,2.0,2.0,2.0,2.0,5.0,2.0,2.0,1.0,4.0,32.0,1
3.0,1.0,37.0,5.0,1.0,1.0,2.0,0.0,4.0,1.0,1.0,1.0,4.0,1369.0,3.0,2.0,1.0,0.0,45.0,0.0,2.0,0.0,2.0,2.0,2.0,2.0,0.0,99.0,3.0,6.0,9.0,4.0,2.0,2.0,2.0,2.0,2.0,5.0,2.0,2.0,2.0,2.0,5.0,2.0,2.0,1.0,4.0,33.0,1
1.0,2.0,66.0,3.0,1.0,1.0,2.0,0.0,4.0,1.0,4.0,1.0,4.0,4356.0,2.0,1.0,1.0,0.0,11.0,0.0,1.0,1.0,1.0,1.0,2.0,2.0,0.0,1.0,6.0,0.0,0.0,0.0,0.0,0.0,0.0,0.0,0.0,0.0,0.0,0.0,0.0,0.0,0.0,0.0,0.0,0.0,0.0,33.0,0
1.0,1.0,30.0,1.0,4.0,1.0,2.0,0.0,4.0,1.0,1.0,1.0,4.0,900.0,3.0,2.0,1.0,0.0,40.0,0.0,2.0,0.0,2.0,2.0,2.0,2.0,0.0,5.0,8.0,1.0,1.0,1.0,4.0,2.0,2.0,2.0,2.0,5.0,2.0,2.0,2.0,2.0,5.0,2.0,2.0,1.0,4.0,33.0,1
1.0,1.0,60.0,1.0,1.0,1.0,2.0,0.0,4.0,1.0,3.0,1.0,4.0,3600.0,3.0,2.0,1.0,0.0,45.0,0.0,2.0,0.0,2.0,2.0,2.0,2.0,0.0,7.0,11.0,6.0,2.0,0.0,0.0,2.0,2.0,1.0,2.0,0.0,1.0,1.0,1.0,1.0,0.0,1.0,0.0,1.0,1.0,33.0,0
2.0,2.0,61.0,1.0,1.0,1.0,2.0,0.0,4.0,1.0,1.0,1.0,4.0,3721.0,2.0,4.0,0.0,0.0,0.0,0.0,1.0,1.0,2.0,2.0,2.0,2.0,0.0,1.0,6.0,0.0,0.0,0.0,0.0,0.0,0.0,0.0,0.0,0.0,0.0,0.0,0.0,0.0,0.0,0.0,0.0,0.0,0.0,33.0,0
1.0,2.0,63.0,2.0,1.0,1.0,2.0,0.0,4.0,2.0,3.0,1.0,3.0,3969.0,3.0,2.0,1.0,0.0,8.0,0.0,2.0,0.0,2.0,2.0,2.0,1.0,1.0,0.0,0.0,0.0,0.0,0.0,0.0,1.0,2.0,2.0,2.0,0.0,2.0,2.0,2.0,2.0,5.0,2.0,2.0,1.0,4.0,33.0,1
3.0,1.0,40.0,1.0,1.0,1.0,2.0,0.0,4.0,1.0,1.0,1.0,4.0,1600.0,3.0,2.0,1.0,0.0,40.0,0.0,2.0,0.0,2.0,2.0,2.0,2.0,0.0,10.0,4.0,6.0,2.0,0.0,0.0,1.0,2.0,2.0,2.0,0.0,1.0,1.0,1.0,1.0,0.0,1.0,0.0,1.0,1.0,33.0,0
5.0,2.0,33.0,1.0,1.0,1.0,2.0,0.0,4.0,1.0,3.0,1.0,4.0,1089.0,3.0,1.0,1.0,0.0,4.0,0.0,1.0,1.0,1.0,1.0,2.0,1.0,1.0,0.0,0.0,0.0,0.0,0.0,0.0,1.0,2.0,2.0,2.0,0.0,2.0,2.0,2.0,2.0,5.0,2.0,2.0,1.0,4.0,33.0,1
3.0,2.0,32.0,5.0,4.0,1.0,2.0,0.0,4.0,1.0,1.0,1.0,4.0,1024.0,3.0,1.0,1.0,0.0,12.0,0.0,1.0,1.0,1.0,1.0,2.0,1.0,1.0,0.0,0.0,0.0,0.0,0.0,0.0,2.0,2.0,2.0,2.0,5.0,2.0,2.0,2.0,2.0,5.0,2.0,2.0,1.0,4.0,33.0,1
1.0,2.0,61.0,3.0,1.0,1.0,2.0,0.0,6.0,1.0,1.0,1.0,6.0,3721.0,2.0,1.0,1.0,0.0,27.0,0.0,1.0,1.0,1.0,1.0,2.0,2.0,0.0,1.0,9.0,0.0,0.0,0.0,0.0,0.0,0.0,0.0,0.0,0.0,0.0,0.0,0.0,0.0,0.0,0.0,0.0,0.0,0.0,33.0,0
1.0,1.0,45.0,2.0,1.0,1.0,2.0,0.0,4.0,2.0,1.0,1.0,3.0,2025.0,3.0,2.0,1.0,0.0,40.0,0.0,2.0,0.0,2.0,2.0,2.0,2.0,0.0,7.0,11.0,5.0,2.0,0.0,0.0,1.0,2.0,2.0,2.0,0.0,1.0,1.0,1.0,1.0,0.0,1.0,0.0,1.0,1.0,33.0,0
1.0,1.0,34.0,5.0,1.0,1.0,2.0,0.0,4.0,1.0,3.0,1.0,4.0,1156.0,3.0,2.0,1.0,0.0,35.0,0.0,2.0,0.0,2.0,2.0,2.0,2.0,0.0,7.0,8.0,6.0,2.0,0.0,0.0,2.0,2.0,2.0,2.0,5.0,1.0,1.0,1.0,1.0,0.0,1.0,0.0,1.0,1.0,33.0,0
3.0,2.0,33.0,5.0,1.0,1.0,2.0,0.0,4.0,1.0,1.0,1.0,4.0,1089.0,3.0,2.0,1.0,0.0,40.0,0.0,2.0,0.0,2.0,2.0,1.0,2.0,0.0,99.0,11.0,6.0,2.0,0.0,0.0,2.0,2.0,2.0,2.0,5.0,1.0,1.0,1.0,1.0,0.0,1.0,0.0,1.0,1.0,33.0,0
1.0,1.0,64.0,2.0,1.0,1.0,2.0,0.0,6.0,1.0,1.0,1.0,6.0,4096.0,3.0,2.0,1.0,0.0,40.0,0.0,2.0,0.0,2.0,2.0,2.0,2.0,0.0,10.0,11.0,6.0,2.0,0.0,0.0,1.0,2.0,2.0,2.0,0.0,1.0,1.0,1.0,1.0,0.0,1.0,0.0,1.0,1.0,33.0,0
3.0,1.0,32.0,5.0,1.0,1.0,2.0,0.0,7.0,1.0,1.0,1.0,6.0,1024.0,3.0,3.0,1.0,0.0,48.0,0.0,2.0,0.0,2.0,2.0,2.0,2.0,0.0,3.0,11.0,6.0,2.0,0.0,0.0,2.0,2.0,2.0,2.0,5.0,1.0,1.0,1.0,1.0,0.0,1.0,0.0,1.0,1.0,33.0,0
1.0,1.0,39.0,1.0,1.0,1.0,2.0,0.0,4.0,1.0,1.0,1.0,4.0,1521.0,3.0,2.0,1.0,0.0,42.0,0.0,2.0,0.0,2.0,2.0,2.0,2.0,0.0,9.0,11.0,5.0,2.0,0.0,0.0,2.0,2.0,2.0,2.0,5.0,1.0,1.0,1.0,1.0,0.0,1.0,0.0,3.0,1.0,33.0,0
1.0,2.0,51.0,1.0,1.0,1.0,2.0,0.0,4.0,1.0,1.0,1.0,4.0,2601.0,3.0,2.0,1.0,0.0,40.0,0.0,2.0,0.0,2.0,2.0,2.0,2.0,0.0,3.0,6.0,6.0,2.0,0.0,0.0,2.0,2.0,2.0,2.0,5.0,1.0,1.0,1.0,1.0,0.0,1.0,0.0,1.0,1.0,33.0,0
2.0,1.0,48.0,1.0,1.0,1.0,2.0,0.0,4.0,1.0,1.0,1.0,4.0,2304.0,3.0,2.0,1.0,0.0,40.0,0.0,2.0,0.0,2.0,2.0,2.0,2.0,0.0,2.0,11.0,6.0,2.0,0.0,0.0,2.0,2.0,2.0,2.0,5.0,1.0,1.0,1.0,1.0,0.0,1.0,0.0,1.0,1.0,33.0,0
1.0,1.0,36.0,1.0,1.0,1.0,2.0,0.0,4.0,1.0,1.0,1.0,4.0,1296.0,3.0,2.0,1.0,0.0,40.0,0.0,2.0,0.0,2.0,2.0,2.0,2.0,0.0,9.0,9.0,6.0,2.0,0.0,0.0,2.0,2.0,2.0,2.0,5.0,1.0,1.0,1.0,1.0,0.0,1.0,0.0,1.0,1.0,33.0,0
1.0,1.0,61.0,2.0,1.0,1.0,2.0,0.0,4.0,1.0,1.0,1.0,4.0,3721.0,3.0,2.0,1.0,0.0,40.0,0.0,2.0,0.0,2.0,2.0,2.0,2.0,0.0,6.0,11.0,6.0,2.0,0.0,0.0,2.0,2.0,2.0,2.0,5.0,1.0,1.0,1.0,1.0,0.0,1.0,0.0,1.0,1.0,33.0,0
3.0,1.0,26.0,5.0,1.0,1.0,1.0,1.0,7.0,2.0,1.0,1.0,5.0,676.0,3.0,2.0,1.0,0.0,40.0,0.0,2.0,0.0,2.0,2.0,2.0,2.0,0.0,9.0,11.0,3.0,2.0,0.0,0.0,2.0,2.0,2.0,2.0,5.0,1.0,1.0,1.0,1.0,0.0,1.0,0.0,1.0,1.0,33.0,0
5.0,1.0,34.0,5.0,1.0,1.0,2.0,0.0,4.0,2.0,1.0,1.0,3.0,1156.0,3.0,3.0,1.0,0.0,60.0,0.0,2.0,0.0,2.0,2.0,2.0,2.0,0.0,8.0,11.0,5.0,2.0,0.0,0.0,2.0,2.0,2.0,2.0,5.0,1.0,1.0,1.0,1.0,0.0,1.0,0.0,1.0,1.0,33.0,0
1.0,1.0,53.0,2.0,1.0,1.0,2.0,0.0,4.0,1.0,1.0,1.0,4.0,2809.0,3.0,3.0,1.0,0.0,56.0,0.0,2.0,0.0,2.0,2.0,2.0,2.0,0.0,99.0,11.0,6.0,2.0,0.0,0.0,2.0,2.0,2.0,2.0,5.0,1.0,1.0,1.0,1.0,0.0,1.0,0.0,3.0,1.0,33.0,0
3.0,1.0,22.0,1.0,1.0,1.0,2.0,0.0,4.0,1.0,1.0,1.0,4.0,484.0,3.0,2.0,1.0,0.0,40.0,0.0,1.0,1.0,2.0,1.0,1.0,2.0,0.0,11.0,11.0,5.0,1.0,4.0,3.0,2.0,2.0,2.0,2.0,5.0,1.0,2.0,1.0,1.0,0.0,2.0,2.0,3.0,2.0,33.0,1
1.0,1.0,44.0,2.0,1.0,1.0,2.0,0.0,7.0,2.0,1.0,1.0,5.0,1936.0,3.0,4.0,0.0,0.0,0.0,0.0,2.0,0.0,2.0,2.0,1.0,2.0,0.0,8.0,11.0,6.0,2.0,0.0,0.0,2.0,2.0,2.0,2.0,5.0,1.0,1.0,1.0,1.0,0.0,1.0,0.0,1.0,1.0,32.0,0
2.0,2.0,43.0,2.0,1.0,1.0,2.0,0.0,7.0,1.0,1.0,1.0,6.0,1849.0,3.0,2.0,1.0,0.0,40.0,0.0,2.0,0.0,2.0,2.0,2.0,2.0,0.0,99.0,11.0,5.0,2.0,0.0,0.0,2.0,2.0,2.0,2.0,5.0,1.0,1.0,1.0,1.0,0.0,1.0,0.0,1.0,1.0,32.0,0
1.0,2.0,28.0,5.0,4.0,1.0,1.0,1.0,7.0,2.0,1.0,1.0,5.0,784.0,3.0,2.0,1.0,0.0,23.0,0.0,2.0,0.0,2.0,1.0,2.0,2.0,0.0,99.0,11.0,5.0,2.0,0.0,0.0,2.0,2.0,2.0,2.0,5.0,2.0,2.0,2.0,2.0,5.0,2.0,1.0,1.0,3.0,32.0,1
8.0,1.0,25.0,5.0,1.0,1.0,1.0,1.0,6.0,2.0,1.0,1.0,5.0,625.0,3.0,2.0,2.0,3.0,24.0,5.0,2.0,0.0,2.0,1.0,2.0,2.0,0.0,9.0,11.0,5.0,2.0,0.0,0.0,1.0,2.0,2.0,2.0,0.0,1.0,1.0,1.0,1.0,0.0,1.0,0.0,1.0,1.0,32.0,0
1.0,1.0,54.0,2.0,4.0,1.0,2.0,0.0,7.0,2.0,5.0,1.0,5.0,2916.0,3.0,2.0,1.0,0.0,45.0,0.0,2.0,0.0,2.0,2.0,2.0,2.0,0.0,6.0,11.0,6.0,2.0,0.0,0.0,2.0,2.0,2.0,2.0,5.0,2.0,2.0,2.0,2.0,5.0,2.0,2.0,1.0,1.0,32.0,1
3.0,1.0,35.0,5.0,4.0,1.0,2.0,0.0,7.0,1.0,5.0,1.0,6.0,1225.0,3.0,2.0,1.0,0.0,40.0,0.0,2.0,0.0,2.0,2.0,2.0,2.0,0.0,1.0,4.0,5.0,2.0,0.0,0.0,2.0,2.0,2.0,2.0,5.0,2.0,2.0,2.0,2.0,5.0,2.0,2.0,1.0,2.0,32.0,1
2.0,2.0,44.0,2.0,1.0,1.0,2.0,0.0,6.0,1.0,1.0,1.0,6.0,1936.0,3.0,2.0,1.0,0.0,25.0,0.0,2.0,0.0,2.0,2.0,2.0,2.0,0.0,99.0,11.0,6.0,2.0,0.0,0.0,2.0,2.0,2.0,2.0,5.0,1.0,1.0,1.0,1.0,0.0,1.0,0.0,1.0,1.0,33.0,0
3.0,2.0,35.0,5.0,1.0,1.0,2.0,0.0,4.0,1.0,1.0,1.0,4.0,1225.0,3.0,1.0,2.0,2.0,12.0,9.0,1.0,1.0,1.0,1.0,2.0,2.0,0.0,9.0,8.0,3.0,9.0,9.0,4.0,2.0,2.0,2.0,2.0,5.0,1.0,1.0,1.0,1.0,0.0,1.0,0.0,1.0,1.0,33.0,0
3.0,2.0,33.0,5.0,1.0,1.0,2.0,0.0,4.0,1.0,1.0,1.0,4.0,1089.0,3.0,2.0,1.0,0.0,30.0,0.0,2.0,0.0,2.0,2.0,1.0,2.0,0.0,12.0,11.0,5.0,2.0,0.0,0.0,2.0,2.0,2.0,2.0,5.0,1.0,1.0,1.0,1.0,0.0,1.0,0.0,1.0,1.0,33.0,0
1.0,2.0,32.0,5.0,4.0,1.0,2.0,0.0,7.0,2.0,1.0,1.0,5.0,1024.0,3.0,3.0,1.0,0.0,60.0,0.0,2.0,0.0,2.0,2.0,2.0,2.0,0.0,2.0,11.0,5.0,2.0,0.0,0.0,2.0,2.0,2.0,2.0,5.0,2.0,2.0,2.0,2.0,5.0,2.0,2.0,1.0,4.0,33.0,1
1.0,1.0,48.0,2.0,2.0,1.0,2.0,0.0,8.0,1.0,1.0,1.0,6.0,2304.0,3.0,3.0,1.0,0.0,46.0,0.0,2.0,0.0,2.0,2.0,2.0,2.0,0.0,11.0,11.0,6.0,2.0,0.0,0.0,2.0,2.0,2.0,1.0,0.0,1.0,1.0,1.0,1.0,0.0,1.0,0.0,1.0,1.0,33.0,0
2.0,2.0,45.0,2.0,2.0,1.0,2.0,0.0,7.0,1.0,1.0,1.0,6.0,2025.0,3.0,3.0,2.0,2.0,50.0,20.0,2.0,0.0,2.0,2.0,2.0,2.0,0.0,10.0,11.0,6.0,2.0,0.0,0.0,2.0,2.0,2.0,2.0,5.0,1.0,1.0,1.0,1.0,0.0,1.0,0.0,1.0,1.0,33.0,0
1.0,1.0,58.0,2.0,1.0,1.0,2.0,0.0,4.0,1.0,1.0,1.0,4.0,3364.0,3.0,2.0,1.0,0.0,40.0,0.0,2.0,0.0,2.0,2.0,2.0,2.0,0.0,12.0,11.0,6.0,2.0,0.0,0.0,1.0,2.0,2.0,2.0,0.0,1.0,1.0,1.0,1.0,0.0,1.0,0.0,3.0,1.0,33.0,0
1.0,2.0,28.0,1.0,1.0,1.0,2.0,0.0,6.0,1.0,1.0,1.0,6.0,784.0,3.0,2.0,1.0,0.0,30.0,0.0,2.0,0.0,2.0,2.0,1.0,2.0,0.0,12.0,11.0,6.0,2.0,0.0,0.0,2.0,2.0,2.0,2.0,5.0,1.0,1.0,1.0,1.0,0.0,1.0,0.0,1.0,1.0,33.0,0
10.0,2.0,28.0,5.0,4.0,1.0,1.0,1.0,7.0,2.0,1.0,1.0,5.0,784.0,2.0,2.0,1.0,0.0,30.0,0.0,2.0,0.0,2.0,2.0,2.0,2.0,0.0,1.0,6.0,0.0,0.0,0.0,0.0,0.0,0.0,0.0,0.0,0.0,0.0,0.0,0.0,0.0,0.0,0.0,0.0,0.0,0.0,33.0,0
2.0,1.0,25.0,1.0,1.0,1.0,2.0,0.0,6.0,1.0,1.0,1.0,6.0,625.0,3.0,2.0,1.0,0.0,30.0,0.0,2.0,0.0,2.0,2.0,1.0,2.0,0.0,12.0,11.0,6.0,2.0,0.0,0.0,2.0,2.0,2.0,2.0,5.0,1.0,1.0,1.0,1.0,0.0,1.0,0.0,1.0,1.0,33.0,0
1.0,1.0,28.0,1.0,1.0,1.0,2.0,0.0,4.0,1.0,1.0,1.0,4.0,784.0,3.0,2.0,1.0,0.0,40.0,0.0,2.0,0.0,2.0,2.0,2.0,2.0,0.0,7.0,11.0,3.0,2.0,0.0,0.0,2.0,2.0,2.0,2.0,5.0,1.0,1.0,1.0,1.0,0.0,1.0,0.0,1.0,1.0,33.0,0
2.0,2.0,29.0,1.0,1.0,1.0,2.0,0.0,4.0,1.0,1.0,1.0,4.0,841.0,3.0,2.0,1.0,0.0,40.0,0.0,2.0,0.0,2.0,2.0,3.0,2.0,0.0,99.0,11.0,6.0,2.0,0.0,0.0,2.0,2.0,2.0,2.0,5.0,1.0,1.0,1.0,1.0,0.0,1.0,0.0,1.0,1.0,33.0,0
1.0,1.0,30.0,3.0,4.0,1.0,2.0,0.0,2.0,1.0,1.0,1.0,2.0,900.0,2.0,2.0,1.0,0.0,24.0,0.0,2.0,0.0,2.0,2.0,2.0,2.0,0.0,1.0,8.0,0.0,0.0,0.0,0.0,0.0,0.0,0.0,0.0,0.0,0.0,0.0,0.0,0.0,0.0,0.0,0.0,0.0,0.0,33.0,0
1.0,1.0,63.0,2.0,1.0,1.0,2.0,0.0,7.0,1.0,1.0,1.0,6.0,3969.0,3.0,2.0,1.0,0.0,40.0,0.0,2.0,0.0,2.0,2.0,2.0,2.0,0.0,99.0,11.0,6.0,2.0,0.0,0.0,2.0,2.0,2.0,2.0,5.0,1.0,1.0,1.0,1.0,0.0,1.0,0.0,1.0,1.0,33.0,0
3.0,1.0,28.0,5.0,1.0,1.0,1.0,1.0,7.0,2.0,1.0,1.0,5.0,784.0,3.0,2.0,1.0,0.0,20.0,0.0,2.0,0.0,2.0,2.0,2.0,2.0,0.0,99.0,11.0,5.0,1.0,9.0,4.0,2.0,2.0,2.0,2.0,5.0,2.0,2.0,2.0,2.0,5.0,2.0,2.0,1.0,2.0,33.0,1
1.0,1.0,46.0,2.0,1.0,1.0,2.0,0.0,1.0,1.0,1.0,1.0,7.0,2116.0,3.0,2.0,1.0,0.0,45.0,0.0,2.0,0.0,2.0,2.0,2.0,2.0,0.0,8.0,11.0,6.0,2.0,0.0,0.0,2.0,2.0,2.0,2.0,5.0,1.0,1.0,1.0,1.0,0.0,1.0,0.0,1.0,1.0,33.0,0
1.0,1.0,62.0,2.0,1.0,1.0,2.0,0.0,4.0,1.0,1.0,1.0,4.0,3844.0,3.0,2.0,1.0,0.0,44.0,0.0,2.0,0.0,2.0,2.0,2.0,2.0,0.0,6.0,11.0,6.0,2.0,0.0,0.0,2.0,2.0,2.0,2.0,5.0,1.0,1.0,1.0,1.0,0.0,1.0,0.0,1.0,1.0,33.0,0
3.0,1.0,21.0,5.0,1.0,1.0,1.0,1.0,6.0,2.0,1.0,1.0,5.0,441.0,3.0,2.0,1.0,0.0,44.0,0.0,2.0,0.0,2.0,2.0,2.0,2.0,0.0,6.0,11.0,5.0,2.0,0.0,0.0,2.0,2.0,2.0,2.0,5.0,1.0,1.0,1.0,1.0,0.0,1.0,0.0,1.0,1.0,33.0,0
3.0,2.0,23.0,5.0,1.0,1.0,1.0,2.0,6.0,2.0,1.0,1.0,5.0,529.0,3.0,2.0,1.0,0.0,44.0,0.0,2.0,0.0,2.0,2.0,2.0,2.0,0.0,6.0,11.0,5.0,2.0,0.0,0.0,2.0,2.0,2.0,2.0,5.0,1.0,1.0,1.0,1.0,0.0,1.0,0.0,1.0,1.0,33.0,0
1.0,1.0,38.0,1.0,1.0,1.0,2.0,0.0,4.0,2.0,3.0,1.0,3.0,1444.0,3.0,3.0,1.0,0.0,48.0,0.0,2.0,0.0,2.0,2.0,2.0,2.0,0.0,11.0,11.0,6.0,2.0,0.0,0.0,1.0,2.0,2.0,2.0,0.0,1.0,1.0,2.0,1.0,0.0,1.0,0.0,3.0,1.0,33.0,0
3.0,1.0,23.0,5.0,1.0,1.0,2.0,0.0,7.0,1.0,1.0,1.0,6.0,529.0,2.0,1.0,1.0,0.0,5.0,0.0,1.0,1.0,1.0,1.0,2.0,2.0,0.0,1.0,6.0,0.0,0.0,0.0,0.0,0.0,0.0,0.0,0.0,0.0,0.0,0.0,0.0,0.0,0.0,0.0,0.0,0.0,0.0,33.0,0
1.0,2.0,37.0,3.0,4.0,1.0,2.0,0.0,4.0,2.0,1.0,1.0,3.0,1369.0,2.0,3.0,1.0,0.0,84.0,0.0,2.0,0.0,2.0,1.0,2.0,2.0,0.0,1.0,6.0,0.0,0.0,0.0,0.0,0.0,0.0,0.0,0.0,0.0,0.0,0.0,0.0,0.0,0.0,0.0,0.0,0.0,0.0,33.0,0
3.0,2.0,20.0,5.0,4.0,1.0,2.0,0.0,4.0,1.0,1.0,1.0,4.0,400.0,3.0,3.0,1.0,0.0,48.0,0.0,2.0,0.0,2.0,1.0,2.0,2.0,0.0,4.0,11.0,4.0,2.0,0.0,0.0,2.0,2.0,2.0,2.0,5.0,2.0,2.0,2.0,2.0,5.0,2.0,2.0,1.0,4.0,33.0,1
1.0,1.0,41.0,1.0,4.0,1.0,2.0,0.0,4.0,1.0,4.0,1.0,4.0,1681.0,3.0,3.0,1.0,0.0,50.0,0.0,2.0,0.0,2.0,2.0,2.0,2.0,0.0,99.0,8.0,6.0,2.0,0.0,0.0,2.0,2.0,2.0,2.0,5.0,2.0,2.0,2.0,2.0,5.0,2.0,2.0,1.0,4.0,33.0,1
2.0,2.0,37.0,1.0,4.0,1.0,2.0,0.0,4.0,1.0,4.0,1.0,4.0,1369.0,2.0,2.0,1.0,0.0,12.0,0.0,2.0,0.0,2.0,2.0,2.0,2.0,0.0,1.0,12.0,0.0,0.0,0.0,0.0,0.0,0.0,0.0,0.0,0.0,0.0,0.0,0.0,0.0,0.0,0.0,0.0,0.0,0.0,33.0,0
1.0,2.0,38.0,3.0,4.0,1.0,2.0,0.0,4.0,2.0,3.0,1.0,3.0,1444.0,2.0,3.0,2.0,3.0,36.0,42.0,2.0,0.0,2.0,2.0,2.0,2.0,0.0,1.0,11.0,0.0,0.0,0.0,0.0,0.0,0.0,0.0,0.0,0.0,0.0,0.0,0.0,0.0,0.0,0.0,0.0,0.0,0.0,33.0,0
1.0,2.0,26.0,3.0,1.0,1.0,2.0,0.0,4.0,1.0,1.0,1.0,4.0,676.0,3.0,1.0,1.0,0.0,30.0,0.0,1.0,1.0,2.0,2.0,1.0,2.0,0.0,12.0,11.0,5.0,2.0,0.0,0.0,1.0,2.0,2.0,2.0,0.0,2.0,2.0,2.0,2.0,5.0,2.0,1.0,2.0,3.0,33.0,1
1.0,1.0,56.0,3.0,1.0,1.0,2.0,0.0,4.0,2.0,1.0,1.0,3.0,3136.0,2.0,3.0,1.0,0.0,62.0,0.0,2.0,0.0,2.0,2.0,2.0,2.0,0.0,1.0,11.0,0.0,0.0,0.0,0.0,0.0,0.0,0.0,0.0,0.0,0.0,0.0,0.0,0.0,0.0,0.0,0.0,0.0,0.0,33.0,0
1.0,1.0,34.0,1.0,1.0,1.0,2.0,0.0,7.0,2.0,1.0,1.0,5.0,1156.0,3.0,2.0,1.0,0.0,40.0,0.0,1.0,1.0,2.0,2.0,2.0,2.0,0.0,11.0,6.0,6.0,2.0,0.0,0.0,2.0,2.0,2.0,2.0,5.0,1.0,1.0,1.0,1.0,0.0,1.0,0.0,1.0,1.0,33.0,0
2.0,1.0,49.0,1.0,4.0,1.0,2.0,0.0,4.0,2.0,1.0,1.0,3.0,2401.0,3.0,3.0,1.0,0.0,48.0,0.0,2.0,0.0,2.0,2.0,2.0,2.0,0.0,7.0,11.0,6.0,2.0,0.0,0.0,2.0,2.0,2.0,2.0,5.0,2.0,2.0,2.0,2.0,5.0,2.0,2.0,1.0,4.0,33.0,1
3.0,2.0,17.0,5.0,4.0,1.0,2.0,0.0,4.0,2.0,1.0,1.0,3.0,289.0,3.0,3.0,1.0,0.0,48.0,0.0,2.0,0.0,2.0,2.0,2.0,2.0,0.0,6.0,11.0,1.0,2.0,0.0,0.0,2.0,2.0,2.0,2.0,5.0,2.0,2.0,2.0,2.0,5.0,2.0,2.0,1.0,3.0,33.0,1
2.0,2.0,44.0,2.0,1.0,1.0,2.0,0.0,4.0,1.0,1.0,1.0,4.0,1936.0,3.0,2.0,1.0,0.0,40.0,0.0,2.0,0.0,2.0,2.0,1.0,2.0,0.0,7.0,11.0,6.0,2.0,0.0,0.0,1.0,2.0,2.0,2.0,0.0,1.0,1.0,1.0,1.0,0.0,1.0,0.0,1.0,1.0,33.0,0
1.0,1.0,43.0,3.0,1.0,1.0,2.0,0.0,7.0,1.0,1.0,1.0,6.0,1849.0,3.0,3.0,2.0,2.0,45.0,8.0,2.0,0.0,2.0,2.0,1.0,2.0,0.0,99.0,11.0,6.0,2.0,0.0,0.0,2.0,2.0,2.0,2.0,5.0,1.0,1.0,1.0,1.0,0.0,1.0,0.0,1.0,1.0,33.0,0
1.0,1.0,48.0,1.0,1.0,1.0,2.0,0.0,4.0,1.0,1.0,1.0,4.0,2304.0,3.0,3.0,1.0,0.0,48.0,0.0,2.0,0.0,2.0,2.0,2.0,2.0,0.0,7.0,11.0,5.0,2.0,0.0,0.0,2.0,2.0,2.0,2.0,5.0,1.0,1.0,1.0,1.0,0.0,1.0,0.0,1.0,2.0,33.0,0
2.0,2.0,45.0,1.0,1.0,1.0,2.0,0.0,7.0,2.0,1.0,1.0,5.0,2025.0,3.0,2.0,1.0,0.0,30.0,0.0,2.0,0.0,2.0,2.0,1.0,2.0,0.0,7.0,11.0,6.0,2.0,0.0,0.0,2.0,2.0,2.0,2.0,5.0,1.0,1.0,1.0,1.0,0.0,1.0,0.0,1.0,1.0,33.0,0
1.0,1.0,39.0,5.0,4.0,1.0,2.0,0.0,4.0,1.0,1.0,1.0,4.0,1521.0,2.0,3.0,1.0,0.0,50.0,0.0,2.0,0.0,2.0,2.0,2.0,2.0,0.0,1.0,12.0,0.0,0.0,0.0,0.0,0.0,0.0,0.0,0.0,0.0,0.0,0.0,0.0,0.0,0.0,0.0,0.0,0.0,0.0,33.0,0
9.0,2.0,21.0,5.0,4.0,1.0,2.0,0.0,4.0,1.0,1.0,1.0,4.0,441.0,3.0,2.0,1.0,0.0,45.0,0.0,2.0,0.0,2.0,2.0,2.0,2.0,0.0,99.0,11.0,4.0,2.0,0.0,0.0,1.0,2.0,2.0,2.0,0.0,2.0,2.0,2.0,2.0,5.0,2.0,2.0,1.0,4.0,33.0,1
1.0,1.0,33.0,1.0,1.0,1.0,2.0,0.0,7.0,2.0,1.0,1.0,5.0,1089.0,3.0,2.0,1.0,0.0,36.0,0.0,2.0,0.0,2.0,2.0,2.0,2.0,0.0,9.0,11.0,5.0,2.0,0.0,0.0,2.0,2.0,2.0,1.0,0.0,1.0,1.0,1.0,1.0,0.0,1.0,0.0,1.0,1.0,33.0,0
2.0,2.0,35.0,1.0,1.0,1.0,2.0,0.0,4.0,2.0,1.0,1.0,3.0,1225.0,3.0,2.0,1.0,0.0,36.0,0.0,2.0,0.0,2.0,2.0,2.0,2.0,0.0,99.0,11.0,1.0,2.0,0.0,0.0,2.0,2.0,2.0,1.0,0.0,1.0,1.0,1.0,1.0,0.0,1.0,0.0,1.0,1.0,33.0,0
2.0,1.0,26.0,1.0,1.0,1.0,2.0,0.0,4.0,2.0,1.0,1.0,3.0,676.0,3.0,2.0,1.0,0.0,44.0,0.0,2.0,0.0,2.0,2.0,2.0,2.0,0.0,99.0,11.0,4.0,2.0,0.0,0.0,2.0,2.0,2.0,2.0,5.0,1.0,1.0,1.0,1.0,0.0,1.0,0.0,1.0,1.0,33.0,0
7.0,1.0,43.0,1.0,1.0,1.0,2.0,0.0,4.0,2.0,1.0,1.0,3.0,1849.0,3.0,2.0,1.0,0.0,44.0,0.0,2.0,0.0,2.0,9.0,2.0,2.0,0.0,99.0,11.0,6.0,9.0,9.0,4.0,9.0,9.0,9.0,9.0,0.0,9.0,9.0,9.0,9.0,0.0,1.0,0.0,9.0,9.0,33.0,0
1.0,2.0,65.0,4.0,1.0,1.0,2.0,0.0,4.0,1.0,4.0,1.0,4.0,4225.0,3.0,2.0,1.0,0.0,30.0,0.0,2.0,0.0,2.0,2.0,2.0,2.0,0.0,99.0,11.0,6.0,9.0,9.0,4.0,2.0,2.0,2.0,2.0,5.0,2.0,2.0,2.0,2.0,5.0,2.0,2.0,1.0,5.0,33.0,1
1.0,1.0,30.0,5.0,1.0,1.0,2.0,0.0,4.0,1.0,1.0,1.0,4.0,900.0,3.0,2.0,1.0,0.0,16.0,0.0,2.0,0.0,1.0,1.0,1.0,2.0,0.0,12.0,11.0,6.0,9.0,9.0,4.0,1.0,2.0,2.0,2.0,0.0,2.0,2.0,2.0,1.0,0.0,1.0,0.0,1.0,1.0,33.0,0
8.0,2.0,26.0,5.0,1.0,1.0,1.0,1.0,6.0,2.0,1.0,1.0,5.0,676.0,3.0,2.0,1.0,0.0,12.0,0.0,2.0,0.0,2.0,2.0,1.0,2.0,0.0,12.0,11.0,5.0,9.0,9.0,4.0,2.0,2.0,2.0,2.0,5.0,2.0,2.0,2.0,1.0,0.0,1.0,0.0,1.0,1.0,33.0,0
1.0,2.0,46.0,3.0,4.0,1.0,2.0,0.0,4.0,1.0,1.0,1.0,4.0,2116.0,3.0,3.0,1.0,0.0,60.0,0.0,2.0,0.0,2.0,2.0,2.0,1.0,1.0,0.0,0.0,0.0,0.0,0.0,0.0,2.0,2.0,2.0,2.0,5.0,2.0,2.0,2.0,2.0,5.0,2.0,2.0,1.0,4.0,33.0,1
3.0,2.0,22.0,5.0,4.0,1.0,2.0,0.0,4.0,2.0,1.0,1.0,3.0,484.0,3.0,3.0,1.0,0.0,60.0,0.0,2.0,0.0,2.0,2.0,2.0,2.0,0.0,99.0,8.0,2.0,9.0,9.0,4.0,2.0,2.0,2.0,2.0,5.0,2.0,2.0,2.0,2.0,5.0,2.0,2.0,1.0,4.0,33.0,1
3.0,2.0,44.0,3.0,1.0,1.0,2.0,0.0,6.0,1.0,1.0,1.0,6.0,1936.0,3.0,2.0,1.0,0.0,40.0,0.0,2.0,0.0,2.0,2.0,2.0,2.0,0.0,12.0,11.0,6.0,2.0,0.0,0.0,2.0,2.0,2.0,2.0,5.0,1.0,1.0,1.0,1.0,0.0,1.0,0.0,1.0,1.0,33.0,0
3.0,1.0,18.0,5.0,1.0,1.0,2.0,0.0,4.0,1.0,1.0,1.0,4.0,324.0,3.0,2.0,1.0,0.0,36.0,0.0,2.0,0.0,2.0,2.0,2.0,2.0,0.0,99.0,11.0,1.0,1.0,2.0,2.0,2.0,2.0,2.0,2.0,5.0,2.0,2.0,2.0,2.0,5.0,2.0,2.0,1.0,1.0,33.0,1
1.0,1.0,37.0,3.0,1.0,1.0,2.0,0.0,4.0,1.0,1.0,1.0,4.0,1369.0,3.0,3.0,1.0,0.0,48.0,0.0,2.0,0.0,2.0,1.0,1.0,2.0,0.0,12.0,11.0,6.0,2.0,0.0,0.0,1.0,2.0,2.0,2.0,0.0,1.0,1.0,1.0,1.0,0.0,1.0,0.0,2.0,1.0,33.0,0
1.0,2.0,33.0,3.0,4.0,1.0,2.0,0.0,2.0,1.0,1.0,1.0,2.0,1089.0,3.0,1.0,1.0,0.0,4.0,0.0,1.0,1.0,1.0,1.0,2.0,1.0,1.0,0.0,0.0,0.0,0.0,0.0,0.0,1.0,2.0,2.0,2.0,0.0,2.0,2.0,2.0,2.0,5.0,2.0,2.0,1.0,4.0,33.0,1
3.0,1.0,19.0,5.0,4.0,1.0,2.0,0.0,4.0,2.0,1.0,1.0,3.0,361.0,3.0,2.0,1.0,0.0,7.0,0.0,2.0,0.0,2.0,1.0,2.0,2.0,0.0,99.0,11.0,5.0,1.0,1.0,4.0,1.0,2.0,2.0,2.0,0.0,2.0,2.0,2.0,2.0,5.0,2.0,2.0,1.0,4.0,33.0,1
1.0,1.0,65.0,2.0,1.0,1.0,2.0,0.0,4.0,1.0,1.0,1.0,4.0,4225.0,2.0,2.0,1.0,0.0,25.0,0.0,2.0,0.0,2.0,2.0,2.0,2.0,0.0,2.0,12.0,0.0,0.0,0.0,0.0,0.0,0.0,0.0,0.0,0.0,0.0,0.0,0.0,0.0,0.0,0.0,0.0,0.0,0.0,33.0,0
2.0,2.0,66.0,2.0,1.0,1.0,2.0,0.0,4.0,1.0,1.0,1.0,4.0,4356.0,2.0,2.0,1.0,0.0,25.0,0.0,2.0,0.0,2.0,2.0,2.0,2.0,0.0,2.0,12.0,0.0,0.0,0.0,0.0,0.0,0.0,0.0,0.0,0.0,0.0,0.0,0.0,0.0,0.0,0.0,0.0,0.0,0.0,33.0,0
1.0,1.0,33.0,5.0,4.0,1.0,2.0,0.0,7.0,2.0,1.0,1.0,5.0,1089.0,2.0,3.0,1.0,0.0,60.0,0.0,2.0,0.0,2.0,1.0,2.0,2.0,0.0,2.0,11.0,0.0,0.0,0.0,0.0,0.0,0.0,0.0,0.0,0.0,0.0,0.0,0.0,0.0,0.0,0.0,0.0,0.0,0.0,33.0,0
1.0,2.0,58.0,4.0,1.0,1.0,2.0,0.0,4.0,1.0,1.0,1.0,4.0,3364.0,2.0,2.0,1.0,0.0,10.0,0.0,2.0,0.0,2.0,2.0,2.0,2.0,0.0,1.0,6.0,0.0,0.0,0.0,0.0,0.0,0.0,0.0,0.0,0.0,0.0,0.0,0.0,0.0,0.0,0.0,0.0,0.0,0.0,33.0,0
3.0,1.0,21.0,5.0,4.0,1.0,2.0,0.0,4.0,1.0,1.0,1.0,4.0,441.0,3.0,3.0,1.0,0.0,54.0,0.0,2.0,0.0,2.0,2.0,2.0,2.0,0.0,7.0,4.0,3.0,2.0,0.0,0.0,2.0,2.0,2.0,2.0,5.0,1.0,1.0,1.0,2.0,0.0,2.0,2.0,1.0,2.0,33.0,1
1.0,1.0,43.0,5.0,1.0,1.0,2.0,0.0,4.0,1.0,1.0,1.0,4.0,1849.0,3.0,2.0,1.0,0.0,40.0,0.0,2.0,0.0,2.0,2.0,2.0,2.0,0.0,7.0,4.0,6.0,2.0,0.0,0.0,2.0,2.0,2.0,2.0,5.0,1.0,1.0,1.0,1.0,0.0,1.0,0.0,1.0,1.0,33.0,0
8.0,2.0,40.0,5.0,1.0,1.0,2.0,0.0,6.0,1.0,1.0,1.0,6.0,1600.0,3.0,2.0,1.0,0.0,40.0,0.0,2.0,0.0,2.0,2.0,1.0,2.0,0.0,99.0,11.0,6.0,2.0,0.0,0.0,2.0,2.0,2.0,2.0,5.0,1.0,1.0,1.0,1.0,0.0,1.0,0.0,1.0,1.0,33.0,0
1.0,2.0,35.0,5.0,4.0,1.0,2.0,0.0,4.0,2.0,1.0,1.0,3.0,1225.0,2.0,2.0,1.0,0.0,42.0,0.0,2.0,0.0,2.0,1.0,2.0,2.0,0.0,1.0,6.0,0.0,0.0,0.0,0.0,0.0,0.0,0.0,0.0,0.0,0.0,0.0,0.0,0.0,0.0,0.0,0.0,0.0,0.0,33.0,0
3.0,1.0,19.0,5.0,4.0,1.0,2.0,0.0,4.0,2.0,1.0,1.0,3.0,361.0,2.0,1.0,1.0,0.0,20.0,0.0,1.0,1.0,1.0,1.0,2.0,2.0,0.0,1.0,8.0,0.0,0.0,0.0,0.0,0.0,0.0,0.0,0.0,0.0,0.0,0.0,0.0,0.0,0.0,0.0,0.0,0.0,0.0,33.0,0
1.0,1.0,71.0,2.0,1.0,1.0,2.0,0.0,6.0,1.0,1.0,1.0,6.0,5041.0,3.0,2.0,1.0,0.0,30.0,0.0,2.0,0.0,2.0,2.0,2.0,2.0,0.0,99.0,11.0,6.0,2.0,0.0,0.0,2.0,2.0,2.0,2.0,5.0,1.0,1.0,1.0,1.0,0.0,1.0,0.0,1.0,1.0,32.0,0
1.0,2.0,27.0,5.0,4.0,1.0,2.0,0.0,4.0,2.0,1.0,1.0,3.0,729.0,3.0,3.0,1.0,0.0,48.0,0.0,2.0,0.0,2.0,2.0,1.0,2.0,0.0,99.0,11.0,5.0,2.0,0.0,0.0,1.0,2.0,2.0,2.0,0.0,2.0,2.0,2.0,2.0,5.0,2.0,2.0,1.0,4.0,33.0,1
4.0,1.0,50.0,1.0,4.0,1.0,2.0,0.0,2.0,1.0,1.0,1.0,2.0,2500.0,3.0,3.0,1.0,0.0,60.0,0.0,2.0,0.0,2.0,2.0,2.0,2.0,0.0,6.0,4.0,6.0,2.0,0.0,0.0,2.0,2.0,2.0,2.0,5.0,2.0,2.0,2.0,2.0,5.0,2.0,2.0,1.0,4.0,33.0,1
1.0,1.0,44.0,5.0,4.0,1.0,2.0,0.0,6.0,2.0,1.0,1.0,5.0,1936.0,2.0,3.0,1.0,0.0,84.0,0.0,2.0,0.0,2.0,2.0,2.0,2.0,0.0,2.0,11.0,0.0,0.0,0.0,0.0,0.0,0.0,0.0,0.0,0.0,0.0,0.0,0.0,0.0,0.0,0.0,0.0,0.0,0.0,33.0,0
6.0,2.0,78.0,4.0,1.0,1.0,2.0,0.0,4.0,2.0,1.0,1.0,3.0,6084.0,2.0,3.0,1.0,0.0,84.0,0.0,2.0,0.0,2.0,2.0,2.0,2.0,0.0,2.0,11.0,0.0,0.0,0.0,0.0,0.0,0.0,0.0,0.0,0.0,0.0,0.0,0.0,0.0,0.0,0.0,0.0,0.0,0.0,33.0,0
1.0,2.0,36.0,3.0,1.0,1.0,1.0,1.0,7.0,2.0,4.0,1.0,5.0,1296.0,3.0,2.0,2.0,3.0,4.0,8.0,2.0,0.0,2.0,2.0,2.0,1.0,3.0,0.0,0.0,0.0,0.0,0.0,0.0,1.0,2.0,2.0,2.0,0.0,2.0,2.0,2.0,2.0,5.0,2.0,2.0,1.0,4.0,33.0,1
1.0,1.0,30.0,5.0,1.0,1.0,2.0,0.0,4.0,1.0,1.0,1.0,4.0,900.0,2.0,2.0,1.0,0.0,40.0,0.0,2.0,0.0,2.0,2.0,2.0,2.0,0.0,2.0,11.0,0.0,0.0,0.0,0.0,0.0,0.0,0.0,0.0,0.0,0.0,0.0,0.0,0.0,0.0,0.0,0.0,0.0,0.0,33.0,0
1.0,1.0,30.0,1.0,1.0,1.0,2.0,0.0,6.0,1.0,1.0,1.0,6.0,900.0,3.0,2.0,1.0,0.0,45.0,0.0,2.0,0.0,2.0,1.0,2.0,2.0,0.0,3.0,11.0,5.0,2.0,0.0,0.0,2.0,2.0,2.0,1.0,0.0,1.0,1.0,1.0,1.0,0.0,1.0,0.0,1.0,1.0,32.0,0
1.0,1.0,62.0,2.0,4.0,1.0,2.0,0.0,4.0,1.0,1.0,1.0,4.0,3844.0,2.0,3.0,1.0,0.0,98.0,0.0,2.0,0.0,2.0,2.0,2.0,2.0,0.0,2.0,11.0,0.0,0.0,0.0,0.0,0.0,0.0,0.0,0.0,0.0,0.0,0.0,0.0,0.0,0.0,0.0,0.0,0.0,0.0,33.0,0
3.0,1.0,20.0,5.0,4.0,1.0,2.0,0.0,4.0,2.0,1.0,1.0,3.0,400.0,2.0,3.0,1.0,0.0,56.0,0.0,2.0,0.0,2.0,1.0,2.0,2.0,0.0,2.0,11.0,0.0,0.0,0.0,0.0,0.0,0.0,0.0,0.0,0.0,0.0,0.0,0.0,0.0,0.0,0.0,0.0,0.0,0.0,33.0,0
1.0,2.0,49.0,1.0,4.0,1.0,3.0,0.0,0.0,0.0,3.0,1.0,7.0,2401.0,3.0,2.0,1.0,0.0,30.0,0.0,2.0,0.0,2.0,2.0,2.0,1.0,1.0,0.0,0.0,0.0,0.0,0.0,0.0,1.0,2.0,2.0,2.0,0.0,2.0,2.0,2.0,2.0,5.0,2.0,2.0,1.0,4.0,33.0,1
2.0,1.0,53.0,1.0,4.0,1.0,2.0,0.0,4.0,2.0,4.0,1.0,3.0,2809.0,1.0,3.0,1.0,0.0,60.0,0.0,2.0,0.0,2.0,2.0,2.0,2.0,0.0,2.0,5.0,0.0,0.0,0.0,0.0,0.0,0.0,0.0,0.0,0.0,0.0,0.0,0.0,0.0,0.0,0.0,0.0,0.0,0.0,33.0,0
4.0,1.0,25.0,1.0,4.0,1.0,2.0,0.0,4.0,2.0,4.0,1.0,3.0,625.0,3.0,4.0,0.0,0.0,0.0,0.0,2.0,0.0,2.0,1.0,2.0,2.0,0.0,3.0,5.0,5.0,2.0,0.0,0.0,1.0,1.0,2.0,2.0,0.0,2.0,2.0,2.0,2.0,5.0,2.0,2.0,1.0,4.0,33.0,1
3.0,2.0,23.0,1.0,4.0,1.0,2.0,0.0,4.0,2.0,1.0,1.0,3.0,529.0,3.0,4.0,0.0,0.0,0.0,0.0,2.0,0.0,2.0,2.0,2.0,1.0,1.0,0.0,0.0,0.0,0.0,0.0,0.0,2.0,2.0,2.0,2.0,5.0,2.0,2.0,2.0,2.0,5.0,2.0,2.0,1.0,4.0,33.0,1
1.0,2.0,42.0,3.0,4.0,1.0,2.0,0.0,4.0,2.0,1.0,1.0,3.0,1764.0,3.0,3.0,1.0,0.0,72.0,0.0,2.0,0.0,2.0,2.0,2.0,1.0,1.0,0.0,0.0,0.0,0.0,0.0,0.0,1.0,2.0,2.0,2.0,0.0,2.0,2.0,2.0,2.0,5.0,2.0,2.0,1.0,1.0,33.0,1
3.0,1.0,32.0,5.0,1.0,1.0,2.0,0.0,4.0,1.0,1.0,1.0,4.0,1024.0,3.0,2.0,1.0,0.0,45.0,0.0,2.0,0.0,2.0,2.0,1.0,2.0,0.0,12.0,11.0,6.0,2.0,0.0,0.0,1.0,2.0,2.0,2.0,0.0,1.0,1.0,1.0,1.0,0.0,1.0,0.0,1.0,1.0,33.0,0
3.0,1.0,22.0,5.0,1.0,1.0,2.0,0.0,4.0,1.0,1.0,1.0,4.0,484.0,3.0,2.0,1.0,0.0,30.0,0.0,2.0,0.0,2.0,2.0,1.0,2.0,0.0,12.0,11.0,5.0,2.0,0.0,0.0,1.0,2.0,2.0,2.0,0.0,1.0,1.0,1.0,1.0,0.0,1.0,0.0,1.0,1.0,33.0,0
8.0,1.0,24.0,5.0,1.0,1.0,2.0,0.0,4.0,1.0,1.0,1.0,4.0,576.0,3.0,2.0,1.0,0.0,30.0,0.0,2.0,0.0,2.0,2.0,1.0,2.0,0.0,12.0,11.0,5.0,2.0,0.0,0.0,1.0,2.0,2.0,2.0,0.0,1.0,1.0,1.0,1.0,0.0,1.0,0.0,1.0,1.0,33.0,0
2.0,1.0,36.0,1.0,4.0,1.0,2.0,0.0,2.0,1.0,1.0,1.0,2.0,1296.0,3.0,3.0,1.0,0.0,50.0,0.0,2.0,0.0,2.0,2.0,2.0,2.0,0.0,6.0,11.0,4.0,9.0,9.0,4.0,2.0,2.0,2.0,1.0,0.0,2.0,2.0,2.0,2.0,5.0,2.0,2.0,1.0,4.0,33.0,1
1.0,2.0,52.0,2.0,1.0,1.0,2.0,0.0,6.0,1.0,1.0,1.0,6.0,2704.0,3.0,2.0,2.0,2.0,20.0,10.0,2.0,0.0,2.0,2.0,2.0,2.0,0.0,99.0,11.0,6.0,2.0,0.0,0.0,2.0,2.0,2.0,2.0,5.0,1.0,1.0,1.0,1.0,0.0,1.0,0.0,1.0,1.0,33.0,0
1.0,2.0,30.0,5.0,4.0,1.0,2.0,0.0,4.0,1.0,1.0,1.0,4.0,900.0,3.0,2.0,1.0,0.0,20.0,0.0,2.0,0.0,2.0,2.0,2.0,1.0,1.0,0.0,0.0,0.0,0.0,0.0,0.0,2.0,2.0,2.0,2.0,5.0,2.0,2.0,2.0,2.0,5.0,2.0,2.0,1.0,4.0,33.0,1
6.0,2.0,50.0,3.0,1.0,1.0,2.0,0.0,4.0,1.0,1.0,1.0,4.0,2500.0,3.0,2.0,1.0,0.0,40.0,0.0,2.0,0.0,2.0,2.0,2.0,2.0,0.0,99.0,6.0,6.0,2.0,0.0,0.0,2.0,2.0,2.0,1.0,0.0,1.0,1.0,1.0,1.0,0.0,1.0,0.0,1.0,1.0,33.0,0
2.0,2.0,43.0,1.0,1.0,1.0,2.0,0.0,7.0,1.0,1.0,1.0,6.0,1849.0,3.0,2.0,1.0,0.0,24.0,0.0,2.0,0.0,2.0,2.0,1.0,2.0,0.0,99.0,11.0,6.0,2.0,0.0,0.0,2.0,2.0,2.0,2.0,5.0,1.0,1.0,1.0,1.0,0.0,1.0,0.0,1.0,1.0,33.0,0
1.0,1.0,64.0,2.0,1.0,1.0,2.0,0.0,4.0,1.0,1.0,1.0,4.0,4096.0,1.0,2.0,1.0,0.0,32.0,0.0,2.0,0.0,2.0,2.0,2.0,2.0,0.0,5.0,8.0,0.0,0.0,0.0,0.0,0.0,0.0,0.0,0.0,0.0,0.0,0.0,0.0,0.0,0.0,0.0,0.0,0.0,0.0,33.0,0
3.0,1.0,29.0,5.0,1.0,1.0,1.0,1.0,7.0,2.0,1.0,1.0,5.0,841.0,3.0,2.0,2.0,2.0,28.0,2.0,2.0,0.0,2.0,2.0,1.0,2.0,0.0,12.0,11.0,5.0,2.0,0.0,0.0,1.0,2.0,2.0,2.0,0.0,1.0,1.0,1.0,1.0,0.0,1.0,0.0,1.0,1.0,33.0,0
3.0,1.0,26.0,5.0,1.0,1.0,2.0,0.0,7.0,1.0,1.0,1.0,6.0,676.0,2.0,2.0,1.0,0.0,40.0,0.0,2.0,0.0,2.0,2.0,2.0,2.0,0.0,2.0,6.0,0.0,0.0,0.0,0.0,0.0,0.0,0.0,0.0,0.0,0.0,0.0,0.0,0.0,0.0,0.0,0.0,0.0,0.0,33.0,0
1.0,1.0,49.0,1.0,1.0,1.0,2.0,0.0,7.0,1.0,1.0,1.0,6.0,2401.0,3.0,2.0,1.0,0.0,40.0,0.0,2.0,0.0,2.0,2.0,2.0,2.0,0.0,12.0,11.0,6.0,2.0,0.0,0.0,1.0,2.0,2.0,1.0,0.0,1.0,1.0,1.0,1.0,0.0,1.0,0.0,3.0,1.0,33.0,0
2.0,2.0,45.0,1.0,1.0,1.0,2.0,0.0,7.0,1.0,1.0,1.0,6.0,2025.0,3.0,2.0,1.0,0.0,40.0,0.0,2.0,0.0,2.0,2.0,2.0,2.0,0.0,10.0,11.0,5.0,2.0,0.0,0.0,2.0,2.0,2.0,2.0,5.0,1.0,1.0,1.0,1.0,0.0,1.0,0.0,1.0,1.0,33.0,0
2.0,1.0,46.0,1.0,4.0,1.0,2.0,0.0,2.0,1.0,1.0,1.0,2.0,2116.0,2.0,2.0,1.0,0.0,36.0,0.0,1.0,1.0,1.0,1.0,2.0,2.0,0.0,99.0,9.0,0.0,0.0,0.0,0.0,0.0,0.0,0.0,0.0,0.0,0.0,0.0,0.0,0.0,0.0,0.0,0.0,0.0,0.0,33.0,0
1.0,1.0,40.0,1.0,2.0,1.0,2.0,0.0,6.0,1.0,1.0,1.0,6.0,1600.0,1.0,2.0,1.0,0.0,45.0,0.0,2.0,0.0,2.0,2.0,3.0,2.0,0.0,3.0,11.0,0.0,0.0,0.0,0.0,0.0,0.0,0.0,0.0,0.0,0.0,0.0,0.0,0.0,0.0,0.0,0.0,0.0,0.0,32.0,0
2.0,1.0,41.0,1.0,12.0,1.0,2.0,0.0,7.0,2.0,4.0,1.0,5.0,1681.0,1.0,2.0,1.0,0.0,45.0,0.0,2.0,0.0,2.0,2.0,2.0,2.0,0.0,6.0,12.0,0.0,0.0,0.0,0.0,0.0,0.0,0.0,0.0,0.0,0.0,0.0,0.0,0.0,0.0,0.0,0.0,0.0,0.0,32.0,0
1.0,1.0,36.0,5.0,1.0,1.0,2.0,0.0,4.0,1.0,1.0,1.0,4.0,1296.0,3.0,2.0,1.0,0.0,44.0,0.0,2.0,0.0,2.0,2.0,2.0,2.0,0.0,12.0,11.0,5.0,2.0,0.0,0.0,2.0,2.0,2.0,2.0,5.0,1.0,1.0,1.0,1.0,0.0,1.0,0.0,1.0,1.0,33.0,0
1.0,1.0,64.0,3.0,4.0,1.0,2.0,0.0,2.0,1.0,3.0,1.0,2.0,4096.0,3.0,3.0,1.0,0.0,60.0,0.0,2.0,0.0,2.0,2.0,2.0,2.0,0.0,99.0,11.0,4.0,2.0,0.0,0.0,2.0,1.0,2.0,2.0,0.0,2.0,2.0,2.0,2.0,5.0,2.0,2.0,1.0,4.0,33.0,1
3.0,2.0,38.0,1.0,4.0,1.0,2.0,0.0,4.0,2.0,1.0,1.0,3.0,1444.0,3.0,2.0,1.0,0.0,25.0,0.0,2.0,0.0,2.0,2.0,2.0,1.0,1.0,0.0,0.0,0.0,0.0,0.0,0.0,1.0,2.0,2.0,2.0,0.0,1.0,1.0,1.0,2.0,0.0,2.0,2.0,1.0,4.0,33.0,1
4.0,1.0,36.0,1.0,4.0,1.0,2.0,0.0,4.0,1.0,1.0,1.0,4.0,1296.0,3.0,3.0,1.0,0.0,84.0,0.0,2.0,0.0,2.0,2.0,2.0,2.0,0.0,5.0,11.0,5.0,2.0,0.0,0.0,2.0,2.0,1.0,2.0,0.0,2.0,2.0,2.0,2.0,5.0,2.0,2.0,9.0,4.0,33.0,1
2.0,2.0,42.0,1.0,1.0,1.0,2.0,0.0,7.0,1.0,3.0,1.0,6.0,1764.0,3.0,3.0,1.0,0.0,48.0,0.0,2.0,0.0,1.0,1.0,2.0,2.0,0.0,99.0,11.0,5.0,2.0,0.0,0.0,1.0,2.0,2.0,2.0,0.0,1.0,1.0,1.0,1.0,0.0,1.0,0.0,2.0,1.0,33.0,0
1.0,1.0,37.0,3.0,2.0,1.0,2.0,0.0,4.0,1.0,1.0,1.0,4.0,1369.0,2.0,2.0,1.0,0.0,30.0,0.0,2.0,0.0,2.0,2.0,2.0,2.0,0.0,1.0,8.0,0.0,0.0,0.0,0.0,0.0,0.0,0.0,0.0,0.0,0.0,0.0,0.0,0.0,0.0,0.0,0.0,0.0,0.0,32.0,0
1.0,2.0,49.0,3.0,1.0,1.0,1.0,2.0,7.0,2.0,1.0,1.0,5.0,2401.0,2.0,1.0,1.0,0.0,2.0,0.0,1.0,1.0,1.0,1.0,2.0,2.0,0.0,1.0,8.0,0.0,0.0,0.0,0.0,0.0,0.0,0.0,0.0,0.0,0.0,0.0,0.0,0.0,0.0,0.0,0.0,0.0,0.0,33.0,0
1.0,1.0,39.0,5.0,1.0,1.0,2.0,0.0,4.0,2.0,2.0,1.0,3.0,1521.0,3.0,2.0,1.0,0.0,45.0,0.0,2.0,0.0,2.0,2.0,2.0,2.0,0.0,6.0,11.0,6.0,2.0,0.0,0.0,1.0,2.0,2.0,2.0,0.0,1.0,1.0,1.0,1.0,0.0,1.0,0.0,1.0,1.0,33.0,0
1.0,1.0,34.0,5.0,1.0,1.0,2.0,0.0,4.0,2.0,1.0,1.0,3.0,1156.0,3.0,3.0,1.0,0.0,65.0,0.0,2.0,0.0,2.0,2.0,2.0,2.0,0.0,10.0,5.0,5.0,1.0,5.0,4.0,1.0,2.0,2.0,1.0,0.0,1.0,1.0,1.0,1.0,0.0,1.0,0.0,1.0,1.0,33.0,0
1.0,2.0,43.0,1.0,1.0,1.0,2.0,0.0,7.0,1.0,1.0,1.0,6.0,1849.0,3.0,3.0,1.0,0.0,47.0,0.0,2.0,0.0,2.0,2.0,1.0,2.0,0.0,11.0,11.0,6.0,2.0,0.0,0.0,1.0,2.0,2.0,2.0,0.0,1.0,1.0,1.0,1.0,0.0,1.0,0.0,1.0,1.0,33.0,0
2.0,1.0,46.0,1.0,1.0,1.0,2.0,0.0,4.0,1.0,1.0,1.0,4.0,2116.0,3.0,3.0,1.0,0.0,60.0,0.0,2.0,0.0,2.0,2.0,2.0,2.0,0.0,99.0,11.0,6.0,2.0,0.0,0.0,2.0,2.0,2.0,2.0,5.0,1.0,1.0,1.0,1.0,0.0,1.0,0.0,2.0,1.0,33.0,0
2.0,1.0,53.0,2.0,1.0,1.0,2.0,0.0,7.0,1.0,1.0,1.0,6.0,2809.0,2.0,3.0,1.0,0.0,49.0,0.0,2.0,0.0,2.0,2.0,2.0,2.0,0.0,1.0,11.0,0.0,0.0,0.0,0.0,0.0,0.0,0.0,0.0,0.0,0.0,0.0,0.0,0.0,0.0,0.0,0.0,0.0,0.0,33.0,0
3.0,2.0,43.0,5.0,1.0,1.0,2.0,0.0,4.0,1.0,1.0,1.0,4.0,1849.0,3.0,3.0,1.0,0.0,84.0,0.0,2.0,0.0,2.0,2.0,1.0,2.0,0.0,99.0,9.0,6.0,2.0,0.0,0.0,2.0,2.0,2.0,2.0,5.0,1.0,1.0,1.0,1.0,0.0,1.0,0.0,1.0,1.0,33.0,0
1.0,2.0,37.0,1.0,4.0,1.0,2.0,0.0,2.0,1.0,1.0,1.0,2.0,1369.0,1.0,3.0,1.0,0.0,60.0,0.0,2.0,0.0,2.0,2.0,2.0,2.0,0.0,2.0,11.0,0.0,0.0,0.0,0.0,0.0,0.0,0.0,0.0,0.0,0.0,0.0,0.0,0.0,0.0,0.0,0.0,0.0,0.0,33.0,0
1.0,2.0,33.0,2.0,1.0,1.0,2.0,0.0,4.0,1.0,1.0,1.0,4.0,1089.0,3.0,2.0,2.0,2.0,30.0,4.0,2.0,0.0,2.0,1.0,2.0,2.0,0.0,8.0,6.0,5.0,2.0,0.0,0.0,2.0,2.0,2.0,2.0,5.0,1.0,1.0,1.0,1.0,0.0,1.0,0.0,1.0,1.0,33.0,0
2.0,1.0,35.0,2.0,1.0,1.0,2.0,0.0,4.0,1.0,1.0,1.0,4.0,1225.0,3.0,3.0,1.0,0.0,48.0,0.0,2.0,0.0,2.0,1.0,2.0,2.0,0.0,9.0,4.0,6.0,9.0,9.0,4.0,2.0,2.0,2.0,2.0,5.0,1.0,1.0,1.0,1.0,0.0,1.0,0.0,1.0,1.0,33.0,0
1.0,2.0,54.0,4.0,4.0,1.0,2.0,0.0,4.0,1.0,1.0,1.0,4.0,2916.0,2.0,2.0,1.0,0.0,40.0,0.0,2.0,0.0,2.0,2.0,2.0,2.0,0.0,1.0,6.0,0.0,0.0,0.0,0.0,0.0,0.0,0.0,0.0,0.0,0.0,0.0,0.0,0.0,0.0,0.0,0.0,0.0,0.0,33.0,0
1.0,1.0,33.0,3.0,1.0,1.0,1.0,1.0,7.0,2.0,1.0,1.0,5.0,1089.0,3.0,3.0,2.0,2.0,40.0,41.0,2.0,0.0,2.0,2.0,1.0,2.0,0.0,99.0,11.0,6.0,2.0,0.0,0.0,2.0,2.0,2.0,2.0,5.0,1.0,1.0,1.0,1.0,0.0,1.0,0.0,1.0,1.0,33.0,0
6.0,1.0,59.0,2.0,1.0,1.0,2.0,0.0,7.0,2.0,1.0,1.0,5.0,3481.0,3.0,2.0,1.0,0.0,40.0,0.0,2.0,0.0,2.0,2.0,1.0,2.0,0.0,99.0,11.0,6.0,2.0,0.0,0.0,2.0,2.0,2.0,2.0,5.0,1.0,1.0,1.0,1.0,0.0,1.0,0.0,1.0,1.0,33.0,0
1.0,1.0,50.0,1.0,4.0,1.0,2.0,0.0,2.0,1.0,1.0,1.0,2.0,2500.0,2.0,2.0,1.0,0.0,30.0,0.0,2.0,0.0,2.0,2.0,2.0,2.0,0.0,1.0,8.0,0.0,0.0,0.0,0.0,0.0,0.0,0.0,0.0,0.0,0.0,0.0,0.0,0.0,0.0,0.0,0.0,0.0,0.0,33.0,0
3.0,1.0,23.0,1.0,4.0,1.0,2.0,0.0,4.0,2.0,1.0,1.0,3.0,529.0,3.0,3.0,1.0,0.0,54.0,0.0,2.0,0.0,2.0,2.0,2.0,2.0,0.0,2.0,11.0,5.0,2.0,0.0,0.0,1.0,2.0,2.0,2.0,0.0,2.0,2.0,2.0,2.0,5.0,2.0,2.0,1.0,4.0,33.0,1
1.0,2.0,61.0,4.0,1.0,1.0,2.0,0.0,4.0,1.0,1.0,1.0,4.0,3721.0,2.0,3.0,1.0,0.0,70.0,0.0,2.0,0.0,2.0,2.0,2.0,2.0,0.0,1.0,11.0,0.0,0.0,0.0,0.0,0.0,0.0,0.0,0.0,0.0,0.0,0.0,0.0,0.0,0.0,0.0,0.0,0.0,0.0,33.0,0
1.0,1.0,33.0,2.0,1.0,1.0,2.0,0.0,5.0,1.0,1.0,1.0,4.0,1089.0,3.0,2.0,1.0,0.0,40.0,0.0,1.0,1.0,1.0,1.0,2.0,2.0,0.0,6.0,11.0,9.0,1.0,2.0,2.0,1.0,2.0,2.0,2.0,0.0,1.0,1.0,1.0,1.0,0.0,1.0,0.0,1.0,1.0,33.0,0
1.0,2.0,39.0,2.0,1.0,1.0,2.0,0.0,7.0,1.0,1.0,1.0,6.0,1521.0,3.0,3.0,2.0,2.0,30.0,20.0,2.0,0.0,2.0,2.0,2.0,2.0,0.0,8.0,11.0,6.0,2.0,0.0,0.0,2.0,2.0,2.0,2.0,5.0,1.0,1.0,1.0,1.0,0.0,1.0,0.0,1.0,1.0,32.0,0
2.0,1.0,39.0,2.0,1.0,1.0,2.0,0.0,7.0,1.0,3.0,1.0,6.0,1521.0,3.0,2.0,1.0,0.0,40.0,0.0,2.0,0.0,2.0,2.0,1.0,2.0,0.0,12.0,11.0,6.0,2.0,0.0,0.0,2.0,2.0,2.0,2.0,5.0,1.0,1.0,1.0,1.0,0.0,1.0,0.0,1.0,1.0,32.0,0
1.0,1.0,49.0,5.0,4.0,1.0,2.0,0.0,2.0,2.0,1.0,1.0,1.0,2401.0,2.0,1.0,1.0,0.0,21.0,0.0,1.0,1.0,1.0,2.0,2.0,2.0,0.0,1.0,8.0,0.0,0.0,0.0,0.0,0.0,0.0,0.0,0.0,0.0,0.0,0.0,0.0,0.0,0.0,0.0,0.0,0.0,0.0,33.0,0
1.0,1.0,28.0,1.0,4.0,1.0,1.0,1.0,7.0,2.0,1.0,1.0,5.0,784.0,2.0,1.0,1.0,0.0,9.0,0.0,1.0,1.0,1.0,1.0,2.0,2.0,0.0,1.0,9.0,0.0,0.0,0.0,0.0,0.0,0.0,0.0,0.0,0.0,0.0,0.0,0.0,0.0,0.0,0.0,0.0,0.0,0.0,33.0,0
2.0,2.0,27.0,1.0,4.0,1.0,1.0,1.0,7.0,2.0,1.0,1.0,5.0,729.0,2.0,1.0,1.0,0.0,9.0,0.0,1.0,1.0,1.0,1.0,2.0,2.0,0.0,1.0,9.0,0.0,0.0,0.0,0.0,0.0,0.0,0.0,0.0,0.0,0.0,0.0,0.0,0.0,0.0,0.0,0.0,0.0,0.0,33.0,0
1.0,2.0,29.0,5.0,4.0,1.0,2.0,0.0,2.0,1.0,1.0,1.0,2.0,841.0,3.0,3.0,1.0,0.0,50.0,0.0,1.0,1.0,1.0,1.0,2.0,2.0,0.0,2.0,9.0,3.0,1.0,9.0,4.0,1.0,2.0,2.0,2.0,0.0,2.0,2.0,2.0,2.0,5.0,2.0,2.0,1.0,4.0,33.0,1
8.0,1.0,22.0,5.0,1.0,1.0,2.0,0.0,4.0,1.0,1.0,1.0,4.0,484.0,3.0,1.0,1.0,0.0,24.0,0.0,1.0,1.0,2.0,2.0,2.0,2.0,0.0,99.0,8.0,2.0,1.0,9.0,4.0,2.0,2.0,2.0,2.0,5.0,2.0,2.0,2.0,2.0,5.0,2.0,1.0,3.0,4.0,33.0,1
1.0,2.0,44.0,3.0,1.0,1.0,2.0,0.0,7.0,2.0,1.0,1.0,5.0,1936.0,2.0,2.0,1.0,0.0,4.0,0.0,2.0,0.0,2.0,1.0,2.0,2.0,0.0,1.0,8.0,0.0,0.0,0.0,0.0,0.0,0.0,0.0,0.0,0.0,0.0,0.0,0.0,0.0,0.0,0.0,0.0,0.0,0.0,33.0,0
1.0,2.0,59.0,4.0,1.0,1.0,2.0,0.0,4.0,2.0,1.0,1.0,3.0,3481.0,3.0,3.0,1.0,0.0,48.0,0.0,2.0,0.0,2.0,2.0,2.0,2.0,0.0,3.0,11.0,6.0,2.0,0.0,0.0,2.0,2.0,2.0,2.0,5.0,1.0,1.0,1.0,1.0,0.0,1.0,0.0,1.0,1.0,33.0,0
1.0,2.0,50.0,3.0,1.0,1.0,2.0,0.0,6.0,1.0,1.0,1.0,6.0,2500.0,3.0,2.0,1.0,0.0,20.0,0.0,1.0,3.0,1.0,2.0,1.0,2.0,0.0,7.0,11.0,6.0,2.0,0.0,0.0,2.0,2.0,2.0,2.0,5.0,1.0,1.0,1.0,1.0,0.0,1.0,0.0,1.0,1.0,33.0,0
1.0,1.0,66.0,2.0,1.0,1.0,2.0,0.0,2.0,1.0,1.0,1.0,2.0,4356.0,3.0,2.0,1.0,0.0,40.0,0.0,2.0,0.0,2.0,2.0,2.0,2.0,0.0,9.0,11.0,6.0,2.0,0.0,0.0,2.0,2.0,2.0,2.0,5.0,1.0,1.0,1.0,1.0,0.0,1.0,0.0,1.0,1.0,33.0,0
2.0,2.0,65.0,2.0,1.0,1.0,2.0,0.0,7.0,1.0,2.0,1.0,6.0,4225.0,2.0,2.0,1.0,0.0,36.0,0.0,2.0,0.0,2.0,2.0,2.0,2.0,0.0,99.0,6.0,0.0,0.0,0.0,0.0,0.0,0.0,0.0,0.0,0.0,0.0,0.0,0.0,0.0,0.0,0.0,0.0,0.0,0.0,33.0,0
1.0,1.0,54.0,5.0,1.0,1.0,2.0,0.0,2.0,1.0,2.0,1.0,2.0,2916.0,3.0,3.0,2.0,2.0,45.0,9.0,2.0,0.0,2.0,2.0,2.0,2.0,0.0,6.0,11.0,6.0,2.0,0.0,0.0,2.0,2.0,2.0,2.0,5.0,1.0,1.0,1.0,1.0,0.0,1.0,0.0,1.0,1.0,33.0,0
3.0,1.0,24.0,5.0,1.0,1.0,2.0,0.0,4.0,2.0,1.0,1.0,3.0,576.0,3.0,3.0,1.0,0.0,56.0,0.0,2.0,0.0,2.0,2.0,2.0,2.0,0.0,5.0,8.0,5.0,2.0,0.0,0.0,2.0,2.0,2.0,2.0,5.0,2.0,2.0,2.0,2.0,5.0,2.0,2.0,1.0,4.0,33.0,1
3.0,1.0,23.0,1.0,1.0,1.0,2.0,0.0,4.0,2.0,1.0,1.0,3.0,529.0,3.0,2.0,1.0,0.0,40.0,0.0,2.0,0.0,2.0,2.0,2.0,2.0,0.0,7.0,8.0,5.0,2.0,0.0,0.0,2.0,2.0,2.0,2.0,5.0,1.0,1.0,1.0,1.0,0.0,1.0,0.0,1.0,1.0,33.0,0
1.0,1.0,62.0,3.0,4.0,1.0,2.0,0.0,2.0,1.0,1.0,1.0,2.0,3844.0,2.0,1.0,1.0,0.0,8.0,0.0,1.0,1.0,1.0,1.0,2.0,2.0,0.0,1.0,8.0,0.0,0.0,0.0,0.0,0.0,0.0,0.0,0.0,0.0,0.0,0.0,0.0,0.0,0.0,0.0,0.0,0.0,0.0,33.0,0
1.0,2.0,75.0,3.0,1.0,1.0,2.0,0.0,2.0,1.0,3.0,1.0,2.0,5625.0,2.0,4.0,0.0,0.0,0.0,0.0,2.0,0.0,2.0,2.0,2.0,2.0,0.0,1.0,9.0,0.0,0.0,0.0,0.0,0.0,0.0,0.0,0.0,0.0,0.0,0.0,0.0,0.0,0.0,0.0,0.0,0.0,0.0,33.0,0
3.0,2.0,47.0,5.0,4.0,1.0,2.0,0.0,4.0,1.0,1.0,1.0,4.0,2209.0,3.0,4.0,0.0,0.0,0.0,0.0,2.0,0.0,2.0,2.0,2.0,2.0,0.0,3.0,11.0,6.0,2.0,0.0,0.0,2.0,2.0,2.0,2.0,5.0,1.0,2.0,2.0,2.0,0.0,2.0,2.0,1.0,4.0,33.0,1
1.0,1.0,35.0,5.0,1.0,1.0,2.0,0.0,4.0,1.0,1.0,1.0,4.0,1225.0,3.0,2.0,1.0,0.0,32.0,0.0,2.0,0.0,2.0,2.0,2.0,2.0,0.0,12.0,6.0,6.0,2.0,0.0,0.0,2.0,2.0,2.0,2.0,5.0,1.0,1.0,1.0,1.0,0.0,1.0,0.0,1.0,1.0,33.0,0
1.0,2.0,38.0,1.0,1.0,1.0,2.0,0.0,2.0,1.0,1.0,1.0,2.0,1444.0,3.0,2.0,1.0,0.0,40.0,0.0,2.0,0.0,2.0,2.0,2.0,2.0,0.0,5.0,11.0,6.0,2.0,0.0,0.0,2.0,2.0,2.0,2.0,5.0,1.0,1.0,1.0,1.0,0.0,1.0,0.0,1.0,1.0,33.0,0
2.0,1.0,38.0,1.0,1.0,1.0,2.0,0.0,4.0,1.0,1.0,1.0,4.0,1444.0,3.0,2.0,1.0,0.0,40.0,0.0,2.0,0.0,2.0,2.0,2.0,2.0,0.0,5.0,11.0,5.0,2.0,0.0,0.0,1.0,2.0,2.0,2.0,0.0,1.0,1.0,1.0,1.0,0.0,1.0,0.0,1.0,1.0,33.0,0
1.0,2.0,35.0,2.0,1.0,1.0,2.0,0.0,4.0,1.0,1.0,1.0,4.0,1225.0,3.0,2.0,1.0,0.0,35.0,0.0,2.0,0.0,2.0,2.0,2.0,2.0,0.0,12.0,11.0,6.0,2.0,0.0,0.0,2.0,2.0,2.0,2.0,5.0,1.0,1.0,1.0,1.0,0.0,1.0,0.0,1.0,1.0,33.0,0
2.0,1.0,41.0,2.0,1.0,1.0,2.0,0.0,4.0,2.0,1.0,1.0,3.0,1681.0,2.0,2.0,1.0,0.0,45.0,0.0,2.0,0.0,2.0,2.0,2.0,2.0,0.0,1.0,4.0,0.0,0.0,0.0,0.0,0.0,0.0,0.0,0.0,0.0,0.0,0.0,0.0,0.0,0.0,0.0,0.0,0.0,0.0,33.0,0
2.0,2.0,37.0,1.0,1.0,1.0,2.0,0.0,4.0,1.0,1.0,1.0,4.0,1369.0,3.0,2.0,1.0,0.0,15.0,0.0,2.0,0.0,2.0,2.0,2.0,2.0,0.0,99.0,11.0,6.0,2.0,0.0,0.0,2.0,2.0,2.0,2.0,5.0,1.0,1.0,1.0,1.0,0.0,1.0,0.0,1.0,1.0,33.0,0
1.0,1.0,35.0,1.0,4.0,1.0,2.0,0.0,4.0,1.0,1.0,1.0,4.0,1225.0,3.0,1.0,1.0,0.0,26.0,0.0,1.0,1.0,1.0,1.0,2.0,2.0,0.0,1.0,8.0,0.0,0.0,0.0,0.0,0.0,0.0,0.0,0.0,0.0,0.0,0.0,0.0,0.0,0.0,2.0,0.0,0.0,0.0,33.0,1
1.0,1.0,43.0,1.0,1.0,1.0,2.0,0.0,4.0,2.0,3.0,1.0,3.0,1849.0,2.0,3.0,1.0,0.0,60.0,0.0,2.0,0.0,2.0,2.0,2.0,2.0,0.0,1.0,11.0,0.0,0.0,0.0,0.0,0.0,0.0,0.0,0.0,0.0,0.0,0.0,0.0,0.0,0.0,0.0,0.0,0.0,0.0,33.0,0
1.0,2.0,66.0,4.0,1.0,1.0,2.0,0.0,2.0,1.0,3.0,1.0,2.0,4356.0,2.0,2.0,1.0,0.0,30.0,0.0,2.0,0.0,2.0,2.0,2.0,2.0,0.0,1.0,6.0,0.0,0.0,0.0,0.0,0.0,0.0,0.0,0.0,0.0,0.0,0.0,0.0,0.0,0.0,0.0,0.0,0.0,0.0,33.0,0
3.0,2.0,31.0,5.0,1.0,1.0,2.0,0.0,6.0,1.0,1.0,1.0,6.0,961.0,3.0,2.0,1.0,0.0,25.0,0.0,2.0,0.0,2.0,2.0,1.0,2.0,0.0,99.0,11.0,5.0,2.0,0.0,0.0,2.0,2.0,2.0,2.0,5.0,1.0,1.0,1.0,1.0,0.0,1.0,0.0,1.0,1.0,33.0,0
3.0,1.0,28.0,5.0,1.0,1.0,2.0,0.0,4.0,1.0,1.0,1.0,4.0,784.0,3.0,2.0,1.0,0.0,30.0,0.0,2.0,0.0,2.0,2.0,2.0,2.0,0.0,1.0,11.0,4.0,2.0,0.0,0.0,2.0,2.0,2.0,2.0,5.0,1.0,1.0,1.0,1.0,0.0,1.0,0.0,1.0,1.0,33.0,0
3.0,1.0,21.0,5.0,4.0,1.0,1.0,1.0,6.0,2.0,1.0,1.0,5.0,441.0,2.0,1.0,1.0,0.0,20.0,0.0,1.0,1.0,1.0,2.0,2.0,2.0,0.0,1.0,8.0,0.0,0.0,0.0,0.0,0.0,0.0,0.0,0.0,0.0,0.0,0.0,0.0,0.0,0.0,0.0,0.0,0.0,0.0,33.0,0
1.0,1.0,52.0,1.0,2.0,1.0,2.0,0.0,4.0,1.0,1.0,1.0,4.0,2704.0,3.0,2.0,1.0,0.0,40.0,0.0,2.0,0.0,2.0,2.0,2.0,2.0,0.0,8.0,4.0,6.0,2.0,0.0,0.0,2.0,2.0,2.0,2.0,5.0,2.0,2.0,2.0,2.0,5.0,2.0,1.0,1.0,3.0,32.0,1
2.0,2.0,51.0,1.0,2.0,1.0,2.0,0.0,4.0,1.0,1.0,1.0,4.0,2601.0,3.0,2.0,1.0,0.0,30.0,0.0,2.0,0.0,2.0,2.0,2.0,2.0,0.0,12.0,11.0,6.0,2.0,0.0,0.0,2.0,2.0,2.0,2.0,5.0,1.0,1.0,1.0,1.0,0.0,1.0,0.0,1.0,1.0,32.0,0
3.0,1.0,40.0,5.0,4.0,1.0,2.0,0.0,4.0,2.0,1.0,1.0,3.0,1600.0,3.0,1.0,1.0,0.0,25.0,0.0,1.0,1.0,1.0,2.0,2.0,2.0,0.0,6.0,4.0,5.0,2.0,0.0,0.0,1.0,2.0,2.0,2.0,0.0,2.0,2.0,2.0,2.0,5.0,2.0,2.0,1.0,4.0,33.0,1
3.0,1.0,38.0,5.0,4.0,1.0,2.0,0.0,4.0,2.0,1.0,1.0,3.0,1444.0,3.0,3.0,1.0,0.0,66.0,0.0,2.0,0.0,2.0,2.0,2.0,2.0,0.0,6.0,11.0,5.0,2.0,0.0,0.0,1.0,2.0,2.0,2.0,0.0,2.0,2.0,2.0,2.0,5.0,2.0,2.0,1.0,4.0,33.0,1
3.0,2.0,26.0,5.0,1.0,1.0,2.0,0.0,4.0,1.0,1.0,1.0,4.0,676.0,3.0,3.0,1.0,0.0,50.0,0.0,2.0,0.0,2.0,2.0,2.0,2.0,0.0,12.0,11.0,5.0,2.0,0.0,0.0,2.0,2.0,2.0,2.0,5.0,1.0,1.0,1.0,1.0,0.0,1.0,0.0,1.0,1.0,33.0,0
1.0,2.0,45.0,1.0,1.0,1.0,2.0,0.0,7.0,1.0,1.0,1.0,6.0,2025.0,3.0,2.0,2.0,2.0,20.0,20.0,1.0,1.0,1.0,1.0,1.0,2.0,0.0,99.0,11.0,4.0,1.0,4.0,4.0,2.0,2.0,2.0,2.0,5.0,1.0,1.0,1.0,1.0,0.0,1.0,0.0,1.0,1.0,33.0,0
2.0,1.0,51.0,1.0,1.0,1.0,2.0,0.0,7.0,2.0,2.0,1.0,5.0,2601.0,1.0,3.0,1.0,0.0,54.0,0.0,2.0,0.0,2.0,2.0,2.0,2.0,0.0,7.0,11.0,0.0,0.0,0.0,0.0,0.0,0.0,0.0,0.0,0.0,0.0,0.0,0.0,0.0,0.0,0.0,0.0,0.0,0.0,33.0,0
1.0,1.0,79.0,2.0,2.0,1.0,2.0,0.0,7.0,1.0,1.0,1.0,6.0,6241.0,2.0,2.0,1.0,0.0,40.0,0.0,2.0,0.0,2.0,2.0,2.0,2.0,0.0,2.0,11.0,0.0,0.0,0.0,0.0,0.0,0.0,0.0,0.0,0.0,0.0,0.0,0.0,0.0,0.0,0.0,0.0,0.0,0.0,33.0,0
2.0,2.0,65.0,2.0,2.0,1.0,2.0,0.0,7.0,1.0,4.0,1.0,6.0,4225.0,2.0,2.0,1.0,0.0,40.0,0.0,2.0,0.0,2.0,2.0,2.0,2.0,0.0,2.0,11.0,0.0,0.0,0.0,0.0,0.0,0.0,0.0,0.0,0.0,0.0,0.0,0.0,0.0,0.0,0.0,0.0,0.0,0.0,33.0,0
3.0,1.0,30.0,5.0,2.0,1.0,2.0,0.0,7.0,1.0,4.0,1.0,6.0,900.0,3.0,1.0,1.0,0.0,20.0,0.0,1.0,2.0,1.0,1.0,1.0,2.0,0.0,99.0,11.0,5.0,1.0,9.0,3.0,2.0,2.0,2.0,2.0,5.0,2.0,2.0,2.0,2.0,5.0,2.0,2.0,1.0,5.0,33.0,1
3.0,1.0,25.0,5.0,2.0,1.0,2.0,0.0,7.0,1.0,4.0,1.0,6.0,625.0,2.0,2.0,1.0,0.0,40.0,0.0,1.0,1.0,1.0,1.0,2.0,2.0,0.0,1.0,6.0,0.0,0.0,0.0,0.0,0.0,0.0,0.0,0.0,0.0,0.0,0.0,0.0,0.0,0.0,0.0,0.0,0.0,0.0,33.0,0
1.0,1.0,28.0,5.0,4.0,1.0,2.0,0.0,4.0,1.0,1.0,1.0,4.0,784.0,3.0,2.0,1.0,0.0,40.0,0.0,2.0,0.0,2.0,1.0,2.0,2.0,0.0,6.0,4.0,2.0,2.0,0.0,0.0,2.0,2.0,2.0,2.0,5.0,2.0,2.0,2.0,2.0,5.0,2.0,2.0,1.0,4.0,33.0,1
8.0,2.0,26.0,5.0,4.0,1.0,2.0,0.0,4.0,2.0,1.0,1.0,3.0,676.0,3.0,3.0,1.0,0.0,48.0,0.0,2.0,0.0,2.0,2.0,2.0,2.0,0.0,2.0,11.0,5.0,2.0,0.0,0.0,1.0,2.0,2.0,2.0,0.0,2.0,2.0,2.0,2.0,5.0,2.0,2.0,1.0,4.0,33.0,1
8.0,2.0,25.0,5.0,4.0,1.0,2.0,0.0,4.0,2.0,1.0,1.0,3.0,625.0,3.0,3.0,1.0,0.0,48.0,0.0,2.0,0.0,2.0,1.0,2.0,2.0,0.0,3.0,11.0,5.0,2.0,0.0,0.0,2.0,2.0,2.0,2.0,5.0,2.0,2.0,2.0,2.0,5.0,2.0,2.0,1.0,4.0,33.0,1
1.0,2.0,32.0,1.0,4.0,1.0,2.0,0.0,3.0,2.0,1.0,1.0,3.0,1024.0,2.0,2.0,1.0,0.0,8.0,0.0,1.0,3.0,2.0,1.0,2.0,2.0,0.0,1.0,6.0,0.0,0.0,0.0,0.0,0.0,0.0,0.0,0.0,0.0,0.0,0.0,0.0,0.0,0.0,0.0,0.0,0.0,0.0,33.0,0
1.0,1.0,50.0,2.0,1.0,1.0,2.0,0.0,4.0,1.0,1.0,1.0,4.0,2500.0,2.0,2.0,1.0,0.0,40.0,0.0,2.0,0.0,2.0,2.0,2.0,2.0,0.0,99.0,11.0,0.0,0.0,0.0,0.0,0.0,0.0,0.0,0.0,0.0,0.0,0.0,0.0,0.0,0.0,0.0,0.0,0.0,0.0,32.0,0
2.0,2.0,49.0,2.0,1.0,1.0,2.0,0.0,6.0,1.0,1.0,1.0,6.0,2401.0,3.0,2.0,1.0,0.0,40.0,0.0,2.0,0.0,2.0,2.0,2.0,2.0,0.0,99.0,6.0,6.0,2.0,0.0,0.0,2.0,2.0,2.0,2.0,5.0,2.0,2.0,2.0,2.0,5.0,2.0,2.0,1.0,3.0,32.0,1
1.0,2.0,33.0,5.0,4.0,1.0,2.0,0.0,6.0,2.0,4.0,1.0,5.0,1089.0,2.0,2.0,1.0,0.0,15.0,0.0,2.0,0.0,2.0,2.0,2.0,2.0,0.0,1.0,9.0,0.0,0.0,0.0,0.0,0.0,0.0,0.0,0.0,0.0,0.0,0.0,0.0,0.0,0.0,0.0,0.0,0.0,0.0,33.0,0
1.0,1.0,61.0,2.0,4.0,1.0,2.0,0.0,2.0,1.0,1.0,1.0,2.0,3721.0,3.0,2.0,1.0,0.0,18.0,0.0,2.0,0.0,2.0,2.0,2.0,2.0,0.0,1.0,9.0,0.0,0.0,0.0,0.0,0.0,0.0,0.0,0.0,0.0,0.0,0.0,0.0,0.0,0.0,2.0,0.0,0.0,0.0,33.0,1
1.0,1.0,45.0,1.0,2.0,1.0,2.0,0.0,6.0,1.0,1.0,1.0,6.0,2025.0,1.0,3.0,1.0,0.0,72.0,0.0,1.0,1.0,2.0,2.0,2.0,2.0,0.0,6.0,11.0,0.0,0.0,0.0,0.0,0.0,0.0,0.0,0.0,0.0,0.0,0.0,0.0,0.0,0.0,0.0,0.0,0.0,0.0,33.0,0
2.0,2.0,32.0,1.0,1.0,1.0,2.0,0.0,4.0,2.0,1.0,1.0,3.0,1024.0,2.0,3.0,1.0,0.0,48.0,0.0,2.0,0.0,1.0,1.0,2.0,2.0,0.0,1.0,11.0,0.0,0.0,0.0,0.0,0.0,0.0,0.0,0.0,0.0,0.0,0.0,0.0,0.0,0.0,0.0,0.0,0.0,0.0,33.0,0
1.0,1.0,35.0,3.0,1.0,1.0,2.0,0.0,7.0,2.0,1.0,1.0,5.0,1225.0,3.0,2.0,1.0,0.0,40.0,0.0,2.0,0.0,2.0,2.0,2.0,2.0,0.0,99.0,6.0,5.0,2.0,0.0,0.0,2.0,2.0,2.0,2.0,5.0,2.0,2.0,2.0,2.0,5.0,2.0,1.0,1.0,3.0,33.0,1
1.0,2.0,47.0,5.0,4.0,1.0,2.0,0.0,7.0,2.0,3.0,1.0,5.0,2209.0,3.0,2.0,2.0,5.0,6.0,8.0,2.0,0.0,1.0,1.0,2.0,1.0,5.0,0.0,0.0,0.0,0.0,0.0,0.0,2.0,2.0,2.0,2.0,5.0,2.0,2.0,2.0,2.0,5.0,2.0,2.0,1.0,4.0,33.0,1
3.0,1.0,34.0,5.0,1.0,1.0,2.0,0.0,6.0,1.0,1.0,1.0,6.0,1156.0,3.0,2.0,1.0,0.0,45.0,0.0,2.0,0.0,2.0,2.0,2.0,2.0,0.0,99.0,8.0,6.0,2.0,0.0,0.0,2.0,2.0,2.0,2.0,5.0,1.0,1.0,1.0,1.0,0.0,1.0,0.0,1.0,1.0,32.0,0
3.0,2.0,32.0,5.0,1.0,1.0,2.0,0.0,4.0,2.0,1.0,1.0,3.0,1024.0,2.0,1.0,1.0,0.0,16.0,0.0,1.0,1.0,2.0,2.0,2.0,2.0,0.0,1.0,6.0,0.0,0.0,0.0,0.0,0.0,0.0,0.0,0.0,0.0,0.0,0.0,0.0,0.0,0.0,0.0,0.0,0.0,0.0,32.0,0
1.0,1.0,51.0,2.0,1.0,1.0,2.0,0.0,6.0,1.0,3.0,1.0,6.0,2601.0,3.0,2.0,1.0,0.0,40.0,0.0,2.0,0.0,2.0,2.0,1.0,2.0,0.0,8.0,11.0,5.0,2.0,0.0,0.0,1.0,2.0,2.0,2.0,0.0,1.0,1.0,1.0,1.0,0.0,1.0,0.0,1.0,1.0,32.0,0
1.0,2.0,26.0,5.0,1.0,1.0,2.0,0.0,7.0,1.0,3.0,1.0,6.0,676.0,3.0,2.0,1.0,0.0,45.0,0.0,2.0,0.0,2.0,2.0,2.0,2.0,0.0,99.0,6.0,5.0,2.0,0.0,0.0,2.0,2.0,2.0,2.0,5.0,1.0,1.0,1.0,1.0,0.0,1.0,0.0,1.0,1.0,32.0,0
2.0,2.0,61.0,2.0,1.0,1.0,2.0,0.0,2.0,1.0,1.0,1.0,2.0,3721.0,3.0,2.0,1.0,0.0,31.0,0.0,2.0,0.0,2.0,2.0,1.0,2.0,0.0,99.0,11.0,6.0,2.0,0.0,0.0,1.0,2.0,2.0,2.0,0.0,1.0,1.0,1.0,1.0,0.0,1.0,0.0,1.0,1.0,33.0,0
1.0,1.0,45.0,2.0,2.0,1.0,2.0,0.0,4.0,1.0,4.0,1.0,4.0,2025.0,1.0,2.0,1.0,0.0,40.0,0.0,2.0,0.0,2.0,2.0,2.0,2.0,0.0,4.0,6.0,0.0,0.0,0.0,0.0,0.0,0.0,0.0,0.0,0.0,0.0,0.0,0.0,0.0,0.0,0.0,0.0,0.0,0.0,33.0,0
1.0,1.0,60.0,1.0,4.0,1.0,2.0,0.0,4.0,1.0,1.0,1.0,4.0,3600.0,3.0,1.0,1.0,0.0,10.0,0.0,1.0,1.0,1.0,2.0,2.0,2.0,0.0,2.0,4.0,5.0,2.0,0.0,0.0,2.0,2.0,2.0,2.0,5.0,2.0,2.0,2.0,2.0,5.0,2.0,2.0,1.0,4.0,33.0,1
2.0,2.0,58.0,1.0,4.0,1.0,2.0,0.0,4.0,1.0,1.0,1.0,4.0,3364.0,3.0,1.0,1.0,0.0,8.0,0.0,1.0,1.0,1.0,1.0,2.0,1.0,1.0,0.0,0.0,0.0,0.0,0.0,0.0,2.0,2.0,2.0,2.0,5.0,2.0,2.0,2.0,2.0,5.0,2.0,2.0,1.0,4.0,33.0,1
1.0,1.0,33.0,2.0,1.0,1.0,2.0,0.0,7.0,1.0,3.0,1.0,6.0,1089.0,3.0,2.0,1.0,0.0,35.0,0.0,2.0,0.0,2.0,2.0,1.0,2.0,0.0,7.0,11.0,5.0,2.0,0.0,0.0,2.0,2.0,2.0,2.0,5.0,1.0,1.0,1.0,1.0,0.0,1.0,0.0,1.0,1.0,32.0,0
2.0,2.0,32.0,2.0,1.0,1.0,2.0,0.0,6.0,1.0,1.0,1.0,6.0,1024.0,3.0,4.0,0.0,0.0,0.0,0.0,2.0,0.0,2.0,2.0,2.0,2.0,0.0,8.0,11.0,6.0,2.0,0.0,0.0,2.0,2.0,2.0,2.0,5.0,1.0,1.0,1.0,1.0,0.0,1.0,0.0,1.0,1.0,32.0,0
2.0,1.0,33.0,1.0,4.0,1.0,2.0,0.0,4.0,1.0,1.0,1.0,4.0,1089.0,3.0,3.0,1.0,0.0,60.0,0.0,2.0,0.0,2.0,1.0,2.0,2.0,0.0,6.0,11.0,6.0,2.0,0.0,0.0,2.0,2.0,2.0,2.0,5.0,1.0,2.0,1.0,2.0,0.0,2.0,2.0,1.0,4.0,33.0,1
3.0,1.0,42.0,5.0,4.0,1.0,2.0,0.0,4.0,1.0,4.0,1.0,4.0,1764.0,2.0,1.0,1.0,0.0,16.0,0.0,1.0,1.0,1.0,2.0,2.0,2.0,0.0,1.0,8.0,0.0,0.0,0.0,0.0,0.0,0.0,0.0,0.0,0.0,0.0,0.0,0.0,0.0,0.0,0.0,0.0,0.0,0.0,33.0,0
1.0,1.0,54.0,5.0,4.0,1.0,2.0,0.0,4.0,1.0,1.0,1.0,4.0,2916.0,2.0,3.0,1.0,0.0,56.0,0.0,2.0,0.0,2.0,2.0,2.0,2.0,0.0,2.0,11.0,0.0,0.0,0.0,0.0,0.0,0.0,0.0,0.0,0.0,0.0,0.0,0.0,0.0,0.0,0.0,0.0,0.0,0.0,33.0,0
3.0,1.0,33.0,5.0,4.0,1.0,2.0,0.0,4.0,1.0,1.0,1.0,4.0,1089.0,2.0,3.0,1.0,0.0,60.0,0.0,2.0,0.0,2.0,2.0,2.0,2.0,0.0,5.0,8.0,0.0,0.0,0.0,0.0,0.0,0.0,0.0,0.0,0.0,0.0,0.0,0.0,0.0,0.0,0.0,0.0,0.0,0.0,33.0,0
1.0,1.0,39.0,3.0,1.0,1.0,1.0,1.0,7.0,2.0,1.0,1.0,5.0,1521.0,2.0,3.0,2.0,2.0,70.0,10.0,2.0,0.0,2.0,2.0,2.0,2.0,0.0,1.0,6.0,0.0,0.0,0.0,0.0,0.0,0.0,0.0,0.0,0.0,0.0,0.0,0.0,0.0,0.0,0.0,0.0,0.0,0.0,33.0,0
2.0,2.0,76.0,2.0,12.0,1.0,2.0,0.0,7.0,1.0,1.0,1.0,6.0,5776.0,2.0,2.0,1.0,0.0,20.0,0.0,2.0,0.0,2.0,2.0,2.0,2.0,0.0,1.0,12.0,0.0,0.0,0.0,0.0,0.0,0.0,0.0,0.0,0.0,0.0,0.0,0.0,0.0,0.0,0.0,0.0,0.0,0.0,33.0,0
2.0,2.0,49.0,2.0,2.0,1.0,1.0,1.0,7.0,2.0,1.0,1.0,5.0,2401.0,1.0,2.0,1.0,0.0,21.0,0.0,2.0,0.0,2.0,1.0,2.0,2.0,0.0,2.0,6.0,0.0,0.0,0.0,0.0,0.0,0.0,0.0,0.0,0.0,0.0,0.0,0.0,0.0,0.0,0.0,0.0,0.0,0.0,33.0,0
1.0,1.0,43.0,1.0,1.0,1.0,2.0,0.0,4.0,1.0,1.0,1.0,4.0,1849.0,3.0,3.0,1.0,0.0,50.0,0.0,2.0,0.0,2.0,2.0,2.0,2.0,0.0,7.0,4.0,6.0,2.0,0.0,0.0,2.0,2.0,2.0,2.0,5.0,1.0,1.0,1.0,1.0,0.0,1.0,0.0,1.0,1.0,33.0,0
2.0,2.0,36.0,1.0,1.0,1.0,2.0,0.0,4.0,1.0,1.0,1.0,4.0,1296.0,3.0,2.0,1.0,0.0,40.0,0.0,2.0,0.0,2.0,2.0,2.0,2.0,0.0,12.0,11.0,6.0,2.0,0.0,0.0,2.0,2.0,2.0,2.0,5.0,1.0,1.0,1.0,1.0,0.0,1.0,0.0,1.0,1.0,33.0,0
1.0,1.0,33.0,1.0,4.0,1.0,2.0,0.0,3.0,2.0,1.0,1.0,3.0,1089.0,2.0,2.0,1.0,0.0,24.0,0.0,2.0,0.0,2.0,2.0,2.0,2.0,0.0,3.0,11.0,0.0,0.0,0.0,0.0,0.0,0.0,0.0,0.0,0.0,0.0,0.0,0.0,0.0,0.0,0.0,0.0,0.0,0.0,33.0,0
2.0,2.0,32.0,1.0,4.0,1.0,2.0,0.0,3.0,2.0,1.0,1.0,3.0,1024.0,2.0,2.0,1.0,0.0,24.0,0.0,2.0,0.0,2.0,2.0,2.0,2.0,0.0,3.0,11.0,0.0,0.0,0.0,0.0,0.0,0.0,0.0,0.0,0.0,0.0,0.0,0.0,0.0,0.0,0.0,0.0,0.0,0.0,33.0,0
1.0,1.0,45.0,3.0,1.0,1.0,2.0,0.0,7.0,2.0,1.0,1.0,5.0,2025.0,1.0,3.0,1.0,0.0,48.0,0.0,2.0,0.0,2.0,2.0,2.0,2.0,0.0,7.0,11.0,0.0,0.0,0.0,0.0,0.0,0.0,0.0,0.0,0.0,0.0,0.0,0.0,0.0,0.0,0.0,0.0,0.0,0.0,32.0,0
1.0,1.0,44.0,5.0,1.0,1.0,2.0,0.0,4.0,2.0,1.0,1.0,3.0,1936.0,3.0,2.0,1.0,0.0,40.0,0.0,2.0,0.0,2.0,2.0,2.0,2.0,0.0,99.0,11.0,6.0,9.0,9.0,4.0,1.0,2.0,2.0,2.0,0.0,1.0,1.0,1.0,1.0,0.0,1.0,0.0,1.0,1.0,33.0,0
3.0,1.0,25.0,5.0,1.0,1.0,2.0,0.0,4.0,1.0,1.0,1.0,4.0,625.0,3.0,2.0,1.0,0.0,40.0,0.0,1.0,1.0,2.0,2.0,2.0,2.0,0.0,99.0,11.0,5.0,2.0,0.0,0.0,1.0,2.0,2.0,2.0,0.0,1.0,1.0,1.0,1.0,0.0,1.0,0.0,1.0,1.0,33.0,0
1.0,1.0,36.0,5.0,1.0,1.0,2.0,0.0,7.0,2.0,1.0,1.0,5.0,1296.0,3.0,2.0,1.0,0.0,36.0,0.0,2.0,0.0,2.0,2.0,2.0,2.0,0.0,9.0,11.0,5.0,2.0,0.0,0.0,1.0,2.0,2.0,2.0,0.0,1.0,1.0,1.0,1.0,0.0,1.0,0.0,1.0,1.0,32.0,0
1.0,1.0,38.0,1.0,1.0,1.0,2.0,0.0,4.0,1.0,1.0,1.0,4.0,1444.0,3.0,2.0,1.0,0.0,40.0,0.0,2.0,0.0,2.0,2.0,2.0,2.0,0.0,99.0,11.0,6.0,2.0,0.0,0.0,2.0,2.0,2.0,2.0,5.0,1.0,1.0,1.0,1.0,0.0,1.0,0.0,1.0,1.0,33.0,0
1.0,1.0,72.0,3.0,1.0,1.0,2.0,0.0,2.0,1.0,1.0,1.0,2.0,5184.0,2.0,1.0,1.0,0.0,9.0,0.0,1.0,1.0,1.0,2.0,2.0,2.0,0.0,1.0,4.0,0.0,0.0,0.0,0.0,0.0,0.0,0.0,0.0,0.0,0.0,0.0,0.0,0.0,0.0,0.0,0.0,0.0,0.0,33.0,0
3.0,1.0,32.0,5.0,4.0,1.0,2.0,0.0,2.0,1.0,1.0,1.0,2.0,1024.0,2.0,3.0,1.0,0.0,50.0,0.0,2.0,0.0,2.0,2.0,2.0,2.0,0.0,1.0,4.0,0.0,0.0,0.0,0.0,0.0,0.0,0.0,0.0,0.0,0.0,0.0,0.0,0.0,0.0,0.0,0.0,0.0,0.0,33.0,0
1.0,2.0,31.0,5.0,1.0,1.0,2.0,0.0,4.0,1.0,1.0,1.0,4.0,961.0,3.0,2.0,1.0,0.0,40.0,0.0,2.0,0.0,2.0,2.0,2.0,2.0,0.0,7.0,11.0,5.0,2.0,0.0,0.0,2.0,2.0,2.0,2.0,5.0,1.0,1.0,1.0,1.0,0.0,1.0,0.0,1.0,1.0,32.0,0
1.0,1.0,64.0,2.0,1.0,1.0,2.0,0.0,4.0,1.0,3.0,1.0,4.0,4096.0,1.0,2.0,1.0,0.0,42.0,0.0,2.0,0.0,2.0,2.0,2.0,2.0,0.0,4.0,8.0,0.0,0.0,0.0,0.0,0.0,0.0,0.0,0.0,0.0,0.0,0.0,0.0,0.0,0.0,0.0,0.0,0.0,0.0,33.0,0
2.0,2.0,56.0,2.0,1.0,1.0,2.0,0.0,4.0,1.0,1.0,1.0,4.0,3136.0,3.0,2.0,2.0,3.0,8.0,16.0,2.0,0.0,2.0,2.0,2.0,1.0,3.0,0.0,0.0,0.0,0.0,0.0,0.0,1.0,2.0,2.0,2.0,0.0,1.0,1.0,1.0,1.0,0.0,1.0,0.0,1.0,1.0,33.0,0
3.0,1.0,36.0,5.0,1.0,1.0,2.0,0.0,4.0,1.0,1.0,1.0,4.0,1296.0,3.0,2.0,1.0,0.0,42.0,0.0,2.0,0.0,2.0,2.0,2.0,2.0,0.0,2.0,8.0,5.0,2.0,0.0,0.0,2.0,2.0,2.0,2.0,5.0,2.0,2.0,2.0,2.0,5.0,2.0,2.0,1.0,4.0,33.0,1
1.0,1.0,53.0,2.0,1.0,1.0,2.0,0.0,6.0,1.0,1.0,1.0,6.0,2809.0,3.0,2.0,1.0,0.0,24.0,0.0,2.0,0.0,2.0,2.0,1.0,2.0,0.0,8.0,11.0,6.0,2.0,0.0,0.0,2.0,2.0,2.0,2.0,5.0,1.0,1.0,1.0,1.0,0.0,1.0,0.0,1.0,1.0,33.0,0
2.0,2.0,48.0,2.0,1.0,1.0,2.0,0.0,6.0,1.0,1.0,1.0,6.0,2304.0,3.0,2.0,1.0,0.0,40.0,0.0,2.0,0.0,2.0,2.0,1.0,2.0,0.0,7.0,11.0,6.0,2.0,0.0,0.0,2.0,2.0,2.0,2.0,5.0,1.0,1.0,1.0,1.0,0.0,1.0,0.0,1.0,1.0,33.0,0
3.0,2.0,28.0,5.0,1.0,1.0,2.0,0.0,5.0,1.0,1.0,1.0,4.0,784.0,3.0,2.0,1.0,0.0,40.0,0.0,2.0,0.0,2.0,2.0,1.0,2.0,0.0,7.0,11.0,6.0,2.0,0.0,0.0,2.0,2.0,2.0,2.0,5.0,1.0,1.0,1.0,1.0,0.0,1.0,0.0,1.0,1.0,33.0,0
3.0,2.0,27.0,1.0,1.0,1.0,2.0,0.0,6.0,1.0,1.0,1.0,6.0,729.0,3.0,2.0,1.0,0.0,40.0,0.0,2.0,0.0,2.0,2.0,1.0,2.0,0.0,10.0,11.0,4.0,2.0,0.0,0.0,2.0,2.0,2.0,2.0,5.0,1.0,1.0,1.0,1.0,0.0,1.0,0.0,1.0,1.0,33.0,0
3.0,2.0,19.0,5.0,1.0,1.0,2.0,0.0,4.0,1.0,1.0,1.0,4.0,361.0,3.0,2.0,1.0,0.0,40.0,0.0,2.0,0.0,2.0,2.0,2.0,2.0,0.0,8.0,11.0,4.0,2.0,0.0,0.0,2.0,2.0,2.0,2.0,5.0,1.0,1.0,1.0,1.0,0.0,1.0,0.0,1.0,1.0,33.0,0
4.0,1.0,26.0,1.0,1.0,1.0,2.0,0.0,4.0,1.0,1.0,1.0,4.0,676.0,3.0,2.0,1.0,0.0,40.0,0.0,2.0,0.0,2.0,2.0,2.0,2.0,0.0,9.0,11.0,6.0,2.0,0.0,0.0,2.0,2.0,2.0,2.0,5.0,1.0,1.0,1.0,1.0,0.0,1.0,0.0,2.0,1.0,33.0,0
1.0,2.0,60.0,4.0,4.0,1.0,2.0,0.0,2.0,1.0,1.0,1.0,2.0,3600.0,2.0,3.0,1.0,0.0,70.0,0.0,2.0,0.0,2.0,2.0,2.0,2.0,0.0,1.0,12.0,0.0,0.0,0.0,0.0,0.0,0.0,0.0,0.0,0.0,0.0,0.0,0.0,0.0,0.0,0.0,0.0,0.0,0.0,33.0,0
1.0,2.0,25.0,1.0,1.0,1.0,1.0,2.0,7.0,2.0,2.0,1.0,5.0,625.0,3.0,2.0,1.0,0.0,40.0,0.0,1.0,9.0,2.0,1.0,2.0,2.0,0.0,8.0,11.0,3.0,1.0,9.0,2.0,2.0,2.0,2.0,2.0,5.0,1.0,1.0,1.0,1.0,0.0,1.0,0.0,1.0,1.0,32.0,0
2.0,1.0,25.0,1.0,1.0,1.0,1.0,1.0,7.0,2.0,2.0,2.0,5.0,625.0,3.0,2.0,1.0,0.0,40.0,0.0,2.0,0.0,2.0,2.0,1.0,2.0,0.0,12.0,11.0,6.0,1.0,4.0,4.0,2.0,2.0,2.0,2.0,5.0,1.0,1.0,1.0,1.0,0.0,1.0,0.0,1.0,1.0,32.0,0
3.0,2.0,24.0,5.0,1.0,1.0,1.0,1.0,7.0,2.0,1.0,1.0,5.0,576.0,3.0,2.0,1.0,0.0,16.0,0.0,2.0,0.0,2.0,2.0,2.0,2.0,0.0,3.0,11.0,4.0,2.0,0.0,0.0,2.0,2.0,2.0,2.0,5.0,1.0,1.0,1.0,2.0,0.0,2.0,2.0,1.0,4.0,33.0,1
1.0,2.0,44.0,5.0,1.0,1.0,2.0,0.0,6.0,1.0,1.0,1.0,6.0,1936.0,3.0,4.0,0.0,0.0,0.0,0.0,2.0,0.0,2.0,1.0,1.0,2.0,0.0,9.0,11.0,6.0,2.0,0.0,0.0,2.0,2.0,2.0,2.0,5.0,1.0,1.0,1.0,1.0,0.0,1.0,0.0,1.0,1.0,33.0,0
1.0,2.0,28.0,1.0,4.0,1.0,2.0,0.0,4.0,1.0,1.0,1.0,4.0,784.0,2.0,2.0,1.0,0.0,12.0,0.0,2.0,0.0,2.0,2.0,2.0,2.0,0.0,1.0,9.0,0.0,0.0,0.0,0.0,0.0,0.0,0.0,0.0,0.0,0.0,0.0,0.0,0.0,0.0,0.0,0.0,0.0,0.0,33.0,0
2.0,1.0,29.0,1.0,1.0,1.0,2.0,0.0,4.0,1.0,1.0,1.0,4.0,841.0,3.0,2.0,1.0,0.0,36.0,0.0,2.0,0.0,2.0,2.0,2.0,2.0,0.0,99.0,11.0,5.0,2.0,0.0,0.0,2.0,2.0,2.0,2.0,5.0,1.0,1.0,1.0,1.0,0.0,1.0,0.0,1.0,1.0,33.0,0
1.0,1.0,35.0,5.0,1.0,1.0,2.0,0.0,4.0,1.0,1.0,1.0,4.0,1225.0,3.0,3.0,1.0,0.0,60.0,0.0,2.0,0.0,2.0,2.0,2.0,2.0,0.0,12.0,4.0,5.0,2.0,0.0,0.0,2.0,2.0,2.0,2.0,5.0,2.0,2.0,2.0,2.0,5.0,2.0,1.0,1.0,4.0,33.0,1
1.0,2.0,44.0,2.0,1.0,1.0,2.0,0.0,2.0,1.0,1.0,1.0,2.0,1936.0,3.0,2.0,2.0,5.0,9.0,32.0,2.0,0.0,2.0,2.0,2.0,1.0,5.0,0.0,0.0,0.0,0.0,0.0,0.0,1.0,2.0,2.0,1.0,0.0,1.0,1.0,1.0,1.0,0.0,1.0,0.0,1.0,1.0,33.0,0
2.0,1.0,58.0,2.0,1.0,1.0,2.0,0.0,4.0,1.0,4.0,1.0,4.0,3364.0,3.0,3.0,1.0,0.0,55.0,0.0,2.0,0.0,2.0,2.0,2.0,2.0,0.0,99.0,11.0,6.0,2.0,0.0,0.0,2.0,2.0,2.0,2.0,5.0,1.0,1.0,1.0,1.0,0.0,1.0,0.0,1.0,1.0,33.0,0
3.0,1.0,25.0,5.0,4.0,1.0,2.0,0.0,4.0,1.0,1.0,1.0,4.0,625.0,3.0,3.0,1.0,0.0,66.0,0.0,2.0,0.0,2.0,2.0,2.0,2.0,0.0,2.0,12.0,5.0,2.0,0.0,0.0,2.0,2.0,2.0,2.0,5.0,2.0,2.0,2.0,2.0,5.0,2.0,2.0,1.0,4.0,33.0,1
3.0,2.0,22.0,5.0,4.0,1.0,2.0,0.0,4.0,2.0,1.0,1.0,3.0,484.0,3.0,3.0,1.0,0.0,66.0,0.0,2.0,0.0,2.0,2.0,2.0,2.0,0.0,2.0,12.0,5.0,2.0,0.0,0.0,2.0,2.0,2.0,2.0,5.0,2.0,2.0,2.0,2.0,5.0,2.0,2.0,1.0,4.0,33.0,1
2.0,1.0,34.0,1.0,1.0,1.0,2.0,0.0,2.0,1.0,1.0,1.0,2.0,1156.0,3.0,3.0,1.0,0.0,48.0,0.0,2.0,0.0,2.0,2.0,2.0,2.0,0.0,9.0,11.0,6.0,2.0,0.0,0.0,2.0,2.0,2.0,2.0,5.0,1.0,1.0,1.0,1.0,0.0,1.0,0.0,1.0,1.0,33.0,0
1.0,2.0,50.0,3.0,1.0,1.0,2.0,0.0,4.0,2.0,3.0,1.0,3.0,2500.0,2.0,2.0,2.0,2.0,28.0,10.0,2.0,0.0,2.0,2.0,2.0,2.0,0.0,1.0,6.0,0.0,0.0,0.0,0.0,0.0,0.0,0.0,0.0,0.0,0.0,0.0,0.0,0.0,0.0,0.0,0.0,0.0,0.0,33.0,0
1.0,1.0,39.0,5.0,1.0,1.0,2.0,0.0,7.0,2.0,1.0,1.0,5.0,1521.0,3.0,2.0,1.0,0.0,45.0,0.0,2.0,0.0,2.0,2.0,2.0,2.0,0.0,9.0,11.0,6.0,2.0,0.0,0.0,2.0,2.0,2.0,2.0,5.0,1.0,1.0,1.0,1.0,0.0,1.0,0.0,1.0,1.0,33.0,0
1.0,1.0,53.0,2.0,1.0,1.0,2.0,0.0,4.0,1.0,3.0,1.0,4.0,2809.0,3.0,3.0,1.0,0.0,60.0,0.0,2.0,0.0,2.0,2.0,1.0,2.0,0.0,12.0,11.0,6.0,2.0,0.0,0.0,2.0,2.0,2.0,2.0,5.0,1.0,1.0,1.0,1.0,0.0,1.0,0.0,1.0,1.0,33.0,0
1.0,1.0,60.0,5.0,1.0,1.0,2.0,0.0,2.0,1.0,1.0,1.0,2.0,3600.0,3.0,3.0,1.0,0.0,55.0,0.0,2.0,0.0,2.0,2.0,2.0,2.0,0.0,9.0,11.0,5.0,2.0,0.0,0.0,2.0,2.0,2.0,2.0,5.0,1.0,1.0,1.0,1.0,0.0,1.0,0.0,1.0,1.0,33.0,0
4.0,1.0,24.0,1.0,1.0,1.0,2.0,0.0,2.0,1.0,1.0,1.0,2.0,576.0,2.0,3.0,1.0,0.0,48.0,0.0,2.0,0.0,2.0,2.0,2.0,2.0,0.0,1.0,8.0,0.0,0.0,0.0,0.0,0.0,0.0,0.0,0.0,0.0,0.0,0.0,0.0,0.0,0.0,0.0,0.0,0.0,0.0,33.0,0
2.0,1.0,47.0,2.0,4.0,1.0,2.0,0.0,4.0,2.0,1.0,1.0,3.0,2209.0,3.0,1.0,1.0,0.0,12.0,0.0,1.0,1.0,1.0,1.0,2.0,2.0,0.0,99.0,4.0,2.0,2.0,0.0,0.0,1.0,2.0,2.0,2.0,0.0,2.0,2.0,2.0,2.0,5.0,2.0,2.0,3.0,4.0,33.0,1
1.0,2.0,40.0,2.0,4.0,1.0,2.0,0.0,6.0,1.0,1.0,1.0,6.0,1600.0,3.0,1.0,1.0,0.0,12.0,0.0,1.0,1.0,1.0,1.0,2.0,1.0,1.0,0.0,0.0,0.0,0.0,0.0,0.0,1.0,2.0,2.0,2.0,0.0,2.0,2.0,2.0,2.0,5.0,2.0,2.0,1.0,4.0,33.0,1
2.0,2.0,40.0,2.0,1.0,1.0,2.0,0.0,4.0,1.0,1.0,1.0,4.0,1600.0,3.0,2.0,1.0,0.0,45.0,0.0,2.0,0.0,2.0,2.0,2.0,2.0,0.0,8.0,11.0,6.0,2.0,0.0,0.0,2.0,2.0,2.0,2.0,5.0,1.0,1.0,1.0,1.0,0.0,1.0,0.0,1.0,1.0,33.0,0
3.0,1.0,30.0,5.0,1.0,1.0,2.0,0.0,6.0,1.0,1.0,1.0,6.0,900.0,3.0,2.0,2.0,2.0,20.0,20.0,1.0,1.0,1.0,2.0,2.0,2.0,0.0,8.0,11.0,5.0,2.0,0.0,0.0,2.0,2.0,2.0,2.0,5.0,1.0,1.0,1.0,1.0,0.0,1.0,0.0,1.0,1.0,33.0,0
2.0,1.0,35.0,1.0,4.0,1.0,2.0,0.0,4.0,2.0,2.0,1.0,3.0,1225.0,2.0,3.0,1.0,0.0,54.0,0.0,2.0,0.0,2.0,2.0,2.0,2.0,0.0,1.0,5.0,0.0,0.0,0.0,0.0,0.0,0.0,0.0,0.0,0.0,0.0,0.0,0.0,0.0,0.0,0.0,0.0,0.0,0.0,33.0,0
1.0,2.0,70.0,4.0,4.0,1.0,2.0,0.0,2.0,2.0,4.0,1.0,1.0,4900.0,3.0,1.0,1.0,0.0,4.0,0.0,1.0,1.0,1.0,1.0,2.0,1.0,1.0,0.0,0.0,0.0,0.0,0.0,0.0,1.0,2.0,2.0,2.0,0.0,2.0,1.0,2.0,2.0,0.0,2.0,2.0,1.0,4.0,33.0,1
9.0,1.0,39.0,5.0,4.0,1.0,2.0,0.0,4.0,2.0,1.0,1.0,3.0,1521.0,3.0,3.0,1.0,0.0,48.0,0.0,2.0,0.0,2.0,2.0,2.0,2.0,0.0,99.0,4.0,6.0,9.0,9.0,4.0,2.0,2.0,2.0,2.0,5.0,2.0,2.0,2.0,2.0,5.0,1.0,0.0,1.0,4.0,33.0,0
1.0,2.0,30.0,5.0,1.0,1.0,2.0,0.0,4.0,1.0,1.0,1.0,4.0,900.0,3.0,3.0,1.0,0.0,60.0,0.0,2.0,0.0,2.0,2.0,2.0,2.0,0.0,6.0,11.0,6.0,2.0,0.0,0.0,2.0,2.0,2.0,2.0,5.0,2.0,2.0,2.0,2.0,5.0,2.0,1.0,1.0,3.0,33.0,1
2.0,2.0,44.0,2.0,1.0,1.0,2.0,0.0,6.0,1.0,1.0,1.0,6.0,1936.0,3.0,4.0,0.0,0.0,0.0,0.0,2.0,0.0,2.0,2.0,1.0,2.0,0.0,9.0,11.0,6.0,2.0,0.0,0.0,2.0,2.0,2.0,2.0,5.0,1.0,1.0,1.0,1.0,0.0,1.0,0.0,1.0,1.0,33.0,0
1.0,2.0,46.0,3.0,4.0,1.0,2.0,0.0,4.0,1.0,1.0,1.0,4.0,2116.0,3.0,1.0,2.0,2.0,6.0,4.0,1.0,1.0,1.0,1.0,2.0,1.0,1.0,0.0,0.0,0.0,0.0,0.0,0.0,1.0,2.0,2.0,2.0,0.0,2.0,2.0,2.0,2.0,5.0,2.0,2.0,1.0,4.0,32.0,1
3.0,2.0,25.0,5.0,4.0,1.0,1.0,1.0,4.0,2.0,1.0,1.0,3.0,625.0,3.0,1.0,1.0,0.0,12.0,0.0,1.0,1.0,1.0,1.0,2.0,1.0,1.0,0.0,0.0,0.0,0.0,0.0,0.0,2.0,2.0,2.0,2.0,5.0,2.0,2.0,2.0,2.0,5.0,2.0,2.0,1.0,4.0,32.0,1
3.0,2.0,22.0,5.0,4.0,1.0,2.0,0.0,4.0,1.0,1.0,1.0,4.0,484.0,3.0,1.0,1.0,0.0,8.0,0.0,1.0,1.0,1.0,1.0,2.0,1.0,1.0,0.0,0.0,0.0,0.0,0.0,0.0,2.0,2.0,2.0,2.0,5.0,2.0,2.0,2.0,2.0,5.0,2.0,2.0,1.0,4.0,32.0,1
2.0,1.0,65.0,1.0,4.0,1.0,2.0,0.0,4.0,1.0,3.0,1.0,4.0,4225.0,2.0,1.0,1.0,0.0,18.0,0.0,1.0,1.0,2.0,2.0,2.0,2.0,0.0,1.0,8.0,0.0,0.0,0.0,0.0,0.0,0.0,0.0,0.0,0.0,0.0,0.0,0.0,0.0,0.0,0.0,0.0,0.0,0.0,32.0,0
1.0,1.0,38.0,2.0,1.0,1.0,2.0,0.0,4.0,2.0,1.0,1.0,3.0,1444.0,2.0,3.0,1.0,0.0,66.0,0.0,2.0,0.0,2.0,2.0,2.0,2.0,0.0,6.0,11.0,0.0,0.0,0.0,0.0,0.0,0.0,0.0,0.0,0.0,0.0,0.0,0.0,0.0,0.0,0.0,0.0,0.0,0.0,32.0,0
2.0,2.0,37.0,2.0,1.0,1.0,2.0,0.0,7.0,1.0,1.0,1.0,6.0,1369.0,3.0,3.0,2.0,3.0,45.0,1.0,2.0,0.0,2.0,2.0,2.0,2.0,0.0,10.0,11.0,6.0,2.0,0.0,0.0,1.0,2.0,2.0,1.0,0.0,1.0,1.0,1.0,1.0,0.0,1.0,0.0,1.0,1.0,32.0,0
1.0,2.0,38.0,3.0,4.0,1.0,2.0,0.0,4.0,1.0,1.0,1.0,4.0,1444.0,3.0,1.0,2.0,2.0,14.0,2.0,1.0,1.0,1.0,1.0,2.0,2.0,0.0,99.0,9.0,5.0,2.0,0.0,0.0,2.0,2.0,1.0,2.0,0.0,2.0,2.0,2.0,2.0,5.0,2.0,2.0,1.0,4.0,33.0,1
1.0,2.0,47.0,3.0,2.0,1.0,2.0,0.0,8.0,1.0,2.0,1.0,6.0,2209.0,1.0,2.0,1.0,0.0,40.0,0.0,2.0,0.0,2.0,2.0,2.0,2.0,0.0,7.0,11.0,0.0,0.0,0.0,0.0,0.0,0.0,0.0,0.0,0.0,0.0,0.0,0.0,0.0,0.0,0.0,0.0,0.0,0.0,33.0,0
1.0,1.0,39.0,5.0,1.0,1.0,2.0,0.0,4.0,1.0,1.0,1.0,4.0,1521.0,3.0,2.0,2.0,2.0,30.0,8.0,1.0,1.0,1.0,2.0,1.0,2.0,0.0,99.0,11.0,6.0,2.0,0.0,0.0,2.0,2.0,2.0,2.0,5.0,1.0,1.0,1.0,1.0,0.0,1.0,0.0,1.0,1.0,33.0,0
8.0,2.0,43.0,5.0,1.0,1.0,2.0,0.0,4.0,1.0,1.0,1.0,4.0,1849.0,3.0,2.0,1.0,0.0,30.0,0.0,2.0,0.0,2.0,2.0,1.0,2.0,0.0,99.0,11.0,6.0,2.0,0.0,0.0,2.0,2.0,2.0,2.0,5.0,1.0,1.0,1.0,1.0,0.0,1.0,0.0,1.0,1.0,33.0,0
1.0,1.0,43.0,1.0,1.0,1.0,2.0,0.0,4.0,2.0,1.0,1.0,3.0,1849.0,3.0,2.0,1.0,0.0,45.0,0.0,1.0,1.0,2.0,2.0,2.0,2.0,0.0,3.0,11.0,6.0,2.0,0.0,0.0,2.0,2.0,2.0,2.0,5.0,1.0,1.0,1.0,1.0,0.0,1.0,0.0,1.0,1.0,33.0,0
1.0,1.0,40.0,5.0,1.0,1.0,2.0,0.0,7.0,1.0,1.0,1.0,6.0,1600.0,3.0,2.0,1.0,0.0,30.0,0.0,2.0,0.0,2.0,2.0,1.0,2.0,0.0,99.0,11.0,5.0,2.0,0.0,0.0,2.0,2.0,2.0,2.0,5.0,1.0,1.0,1.0,1.0,0.0,1.0,0.0,1.0,1.0,33.0,0
1.0,2.0,31.0,5.0,4.0,1.0,2.0,0.0,4.0,1.0,4.0,1.0,4.0,961.0,3.0,2.0,1.0,0.0,35.0,0.0,2.0,0.0,2.0,2.0,2.0,1.0,1.0,0.0,0.0,0.0,0.0,0.0,0.0,2.0,2.0,2.0,2.0,5.0,1.0,1.0,1.0,2.0,0.0,2.0,2.0,1.0,4.0,33.0,1
8.0,1.0,27.0,5.0,4.0,1.0,2.0,0.0,4.0,1.0,4.0,1.0,4.0,729.0,3.0,1.0,1.0,0.0,32.0,0.0,1.0,1.0,1.0,1.0,2.0,2.0,0.0,99.0,3.0,5.0,2.0,0.0,0.0,2.0,2.0,2.0,2.0,5.0,2.0,2.0,2.0,2.0,5.0,2.0,2.0,1.0,4.0,33.0,1
8.0,2.0,22.0,5.0,4.0,1.0,2.0,0.0,4.0,2.0,4.0,1.0,3.0,484.0,3.0,1.0,1.0,0.0,30.0,0.0,1.0,1.0,1.0,9.0,2.0,2.0,0.0,99.0,11.0,4.0,2.0,0.0,0.0,2.0,2.0,2.0,2.0,5.0,2.0,2.0,2.0,2.0,5.0,2.0,2.0,2.0,4.0,33.0,1
1.0,1.0,42.0,2.0,1.0,1.0,2.0,0.0,7.0,1.0,1.0,1.0,6.0,1764.0,3.0,3.0,1.0,0.0,63.0,0.0,2.0,0.0,2.0,2.0,2.0,2.0,0.0,99.0,4.0,5.0,1.0,2.0,2.0,2.0,2.0,2.0,2.0,5.0,1.0,2.0,2.0,2.0,0.0,2.0,1.0,1.0,3.0,33.0,1
2.0,2.0,44.0,2.0,12.0,1.0,2.0,0.0,7.0,1.0,1.0,1.0,6.0,1936.0,3.0,2.0,2.0,3.0,20.0,7.0,2.0,0.0,2.0,2.0,1.0,2.0,0.0,11.0,3.0,6.0,2.0,0.0,0.0,2.0,2.0,2.0,2.0,5.0,1.0,1.0,1.0,1.0,0.0,1.0,0.0,1.0,1.0,33.0,0
1.0,2.0,37.0,1.0,1.0,1.0,2.0,0.0,4.0,1.0,1.0,1.0,4.0,1369.0,3.0,2.0,1.0,0.0,40.0,0.0,2.0,0.0,2.0,2.0,1.0,2.0,0.0,12.0,11.0,6.0,2.0,0.0,0.0,2.0,2.0,2.0,2.0,5.0,1.0,1.0,1.0,1.0,0.0,1.0,0.0,1.0,1.0,33.0,0
2.0,1.0,43.0,1.0,1.0,1.0,2.0,0.0,4.0,1.0,1.0,1.0,4.0,1849.0,3.0,2.0,1.0,0.0,40.0,0.0,2.0,0.0,2.0,2.0,1.0,2.0,0.0,12.0,11.0,6.0,2.0,0.0,0.0,2.0,2.0,2.0,2.0,5.0,1.0,1.0,1.0,1.0,0.0,1.0,0.0,1.0,1.0,33.0,0
1.0,1.0,36.0,2.0,1.0,1.0,2.0,0.0,7.0,1.0,1.0,1.0,6.0,1296.0,3.0,2.0,1.0,0.0,40.0,0.0,2.0,0.0,2.0,2.0,2.0,2.0,0.0,9.0,11.0,6.0,2.0,0.0,0.0,2.0,2.0,2.0,2.0,5.0,1.0,1.0,1.0,1.0,0.0,1.0,0.0,1.0,1.0,32.0,0
2.0,2.0,42.0,2.0,1.0,1.0,1.0,1.0,7.0,2.0,1.0,1.0,5.0,1764.0,3.0,2.0,1.0,0.0,40.0,0.0,2.0,0.0,2.0,2.0,2.0,2.0,0.0,5.0,12.0,6.0,2.0,0.0,0.0,2.0,2.0,2.0,2.0,5.0,1.0,1.0,1.0,1.0,0.0,1.0,0.0,1.0,1.0,32.0,0
1.0,2.0,51.0,3.0,1.0,1.0,2.0,0.0,4.0,1.0,1.0,1.0,4.0,2601.0,3.0,3.0,1.0,0.0,57.0,0.0,2.0,0.0,2.0,2.0,1.0,2.0,0.0,5.0,11.0,6.0,2.0,0.0,0.0,2.0,2.0,2.0,2.0,5.0,1.0,1.0,1.0,1.0,0.0,1.0,0.0,1.0,1.0,33.0,0
3.0,2.0,28.0,5.0,2.0,1.0,2.0,0.0,7.0,1.0,1.0,1.0,6.0,784.0,3.0,2.0,1.0,0.0,45.0,0.0,2.0,0.0,2.0,2.0,2.0,2.0,0.0,9.0,11.0,5.0,2.0,0.0,0.0,1.0,2.0,2.0,1.0,0.0,1.0,1.0,1.0,1.0,0.0,1.0,0.0,1.0,1.0,33.0,0
2.0,1.0,69.0,2.0,1.0,1.0,2.0,0.0,4.0,1.0,3.0,1.0,4.0,4761.0,2.0,2.0,1.0,0.0,30.0,0.0,2.0,0.0,2.0,2.0,2.0,2.0,0.0,1.0,6.0,0.0,0.0,0.0,0.0,0.0,0.0,0.0,0.0,0.0,0.0,0.0,0.0,0.0,0.0,0.0,0.0,0.0,0.0,33.0,0
3.0,1.0,35.0,5.0,1.0,1.0,2.0,0.0,4.0,1.0,3.0,1.0,4.0,1225.0,3.0,3.0,1.0,0.0,48.0,0.0,2.0,0.0,2.0,2.0,2.0,2.0,0.0,8.0,11.0,3.0,2.0,0.0,0.0,2.0,2.0,2.0,2.0,5.0,1.0,1.0,1.0,1.0,0.0,1.0,0.0,1.0,1.0,33.0,0
1.0,1.0,59.0,2.0,1.0,1.0,2.0,0.0,6.0,1.0,1.0,1.0,6.0,3481.0,3.0,2.0,2.0,2.0,10.0,8.0,2.0,0.0,2.0,2.0,1.0,2.0,0.0,6.0,11.0,6.0,2.0,0.0,0.0,2.0,2.0,2.0,2.0,5.0,1.0,1.0,1.0,1.0,0.0,1.0,0.0,1.0,1.0,32.0,0
2.0,2.0,52.0,2.0,1.0,1.0,2.0,0.0,6.0,1.0,1.0,1.0,6.0,2704.0,3.0,2.0,1.0,0.0,30.0,0.0,2.0,0.0,2.0,2.0,1.0,2.0,0.0,99.0,11.0,6.0,2.0,0.0,0.0,2.0,2.0,2.0,2.0,5.0,1.0,1.0,1.0,1.0,0.0,1.0,0.0,1.0,1.0,32.0,0
2.0,2.0,46.0,1.0,2.0,1.0,2.0,0.0,7.0,1.0,1.0,1.0,6.0,2116.0,3.0,2.0,1.0,0.0,40.0,0.0,2.0,0.0,2.0,2.0,2.0,2.0,0.0,10.0,11.0,2.0,2.0,0.0,0.0,2.0,2.0,2.0,2.0,5.0,1.0,1.0,1.0,1.0,0.0,1.0,0.0,1.0,1.0,33.0,0
3.0,2.0,20.0,5.0,2.0,1.0,1.0,1.0,7.0,2.0,1.0,1.0,5.0,400.0,3.0,2.0,1.0,0.0,20.0,0.0,2.0,0.0,2.0,2.0,2.0,2.0,0.0,6.0,11.0,3.0,2.0,0.0,0.0,2.0,2.0,2.0,2.0,5.0,2.0,2.0,2.0,2.0,5.0,2.0,2.0,1.0,4.0,33.0,1
1.0,1.0,45.0,1.0,2.0,1.0,2.0,0.0,6.0,1.0,1.0,1.0,6.0,2025.0,1.0,3.0,2.0,2.0,40.0,12.0,2.0,0.0,2.0,2.0,2.0,2.0,0.0,6.0,11.0,0.0,0.0,0.0,0.0,0.0,0.0,0.0,0.0,0.0,0.0,0.0,0.0,0.0,0.0,0.0,0.0,0.0,0.0,33.0,0
1.0,2.0,50.0,4.0,1.0,1.0,2.0,0.0,6.0,1.0,1.0,1.0,6.0,2500.0,2.0,3.0,1.0,0.0,56.0,0.0,2.0,0.0,2.0,2.0,2.0,2.0,0.0,1.0,11.0,0.0,0.0,0.0,0.0,0.0,0.0,0.0,0.0,0.0,0.0,0.0,0.0,0.0,0.0,0.0,0.0,0.0,0.0,33.0,0
3.0,1.0,30.0,5.0,4.0,1.0,2.0,0.0,4.0,1.0,1.0,1.0,4.0,900.0,3.0,3.0,1.0,0.0,50.0,0.0,2.0,0.0,2.0,2.0,2.0,2.0,0.0,99.0,4.0,6.0,9.0,9.0,4.0,2.0,2.0,2.0,2.0,5.0,2.0,2.0,2.0,2.0,5.0,2.0,2.0,1.0,4.0,33.0,1
1.0,2.0,54.0,1.0,1.0,1.0,1.0,2.0,7.0,2.0,1.0,1.0,5.0,2916.0,3.0,2.0,1.0,0.0,40.0,0.0,2.0,0.0,2.0,2.0,2.0,2.0,0.0,12.0,12.0,6.0,2.0,0.0,0.0,2.0,2.0,2.0,2.0,5.0,1.0,1.0,1.0,1.0,0.0,1.0,0.0,1.0,1.0,33.0,0
2.0,1.0,49.0,1.0,1.0,1.0,2.0,0.0,6.0,1.0,3.0,1.0,6.0,2401.0,3.0,2.0,1.0,0.0,30.0,0.0,2.0,0.0,2.0,2.0,1.0,2.0,0.0,99.0,12.0,6.0,1.0,4.0,4.0,2.0,2.0,2.0,2.0,5.0,1.0,2.0,1.0,2.0,0.0,2.0,1.0,3.0,3.0,33.0,1
9.0,1.0,22.0,1.0,4.0,1.0,2.0,0.0,4.0,1.0,1.0,1.0,4.0,484.0,3.0,3.0,1.0,0.0,56.0,0.0,2.0,0.0,2.0,2.0,2.0,2.0,0.0,3.0,11.0,3.0,9.0,9.0,4.0,1.0,2.0,2.0,2.0,0.0,2.0,2.0,2.0,2.0,5.0,2.0,2.0,2.0,4.0,33.0,1
1.0,1.0,30.0,5.0,1.0,1.0,2.0,0.0,4.0,1.0,1.0,1.0,4.0,900.0,3.0,2.0,1.0,0.0,40.0,0.0,2.0,0.0,2.0,2.0,2.0,2.0,0.0,99.0,11.0,6.0,2.0,0.0,0.0,2.0,2.0,2.0,2.0,5.0,1.0,1.0,1.0,1.0,0.0,1.0,0.0,1.0,1.0,33.0,0
8.0,1.0,35.0,5.0,4.0,1.0,2.0,0.0,4.0,1.0,1.0,1.0,4.0,1225.0,3.0,2.0,1.0,0.0,42.0,0.0,2.0,0.0,2.0,2.0,2.0,2.0,0.0,99.0,8.0,6.0,9.0,9.0,4.0,2.0,2.0,2.0,2.0,5.0,2.0,2.0,2.0,2.0,5.0,2.0,2.0,1.0,4.0,33.0,1
1.0,1.0,58.0,2.0,4.0,1.0,2.0,0.0,2.0,1.0,1.0,1.0,2.0,3364.0,2.0,1.0,1.0,0.0,5.0,0.0,1.0,1.0,1.0,2.0,2.0,2.0,0.0,1.0,8.0,0.0,0.0,0.0,0.0,0.0,0.0,0.0,0.0,0.0,0.0,0.0,0.0,0.0,0.0,0.0,0.0,0.0,0.0,33.0,0
3.0,1.0,31.0,5.0,1.0,1.0,2.0,0.0,4.0,1.0,1.0,1.0,4.0,961.0,3.0,2.0,1.0,0.0,40.0,0.0,2.0,0.0,2.0,2.0,2.0,2.0,0.0,99.0,11.0,6.0,2.0,0.0,0.0,2.0,2.0,2.0,2.0,5.0,1.0,1.0,1.0,1.0,0.0,1.0,0.0,1.0,1.0,33.0,0
1.0,2.0,53.0,5.0,1.0,1.0,2.0,0.0,8.0,1.0,5.0,1.0,6.0,2809.0,3.0,2.0,2.0,2.0,22.0,6.0,2.0,0.0,2.0,2.0,3.0,2.0,0.0,12.0,11.0,6.0,2.0,0.0,0.0,1.0,2.0,2.0,2.0,0.0,1.0,1.0,1.0,1.0,0.0,1.0,0.0,1.0,1.0,32.0,0
1.0,2.0,48.0,5.0,1.0,1.0,2.0,0.0,7.0,1.0,3.0,1.0,6.0,2304.0,3.0,2.0,1.0,0.0,30.0,0.0,2.0,0.0,2.0,1.0,1.0,2.0,0.0,12.0,11.0,6.0,2.0,0.0,0.0,2.0,2.0,2.0,2.0,5.0,1.0,1.0,1.0,1.0,0.0,1.0,0.0,1.0,1.0,32.0,0
3.0,2.0,27.0,5.0,1.0,1.0,2.0,0.0,7.0,1.0,1.0,1.0,6.0,729.0,2.0,1.0,1.0,0.0,2.0,0.0,1.0,1.0,1.0,1.0,2.0,2.0,0.0,1.0,11.0,0.0,0.0,0.0,0.0,0.0,0.0,0.0,0.0,0.0,0.0,0.0,0.0,0.0,0.0,0.0,0.0,0.0,0.0,33.0,0
1.0,1.0,33.0,1.0,4.0,1.0,2.0,0.0,4.0,1.0,1.0,1.0,4.0,1089.0,3.0,2.0,1.0,0.0,40.0,0.0,2.0,0.0,2.0,2.0,2.0,2.0,0.0,3.0,8.0,6.0,2.0,0.0,0.0,2.0,2.0,2.0,2.0,5.0,2.0,2.0,2.0,2.0,5.0,2.0,2.0,1.0,4.0,33.0,1
2.0,2.0,33.0,1.0,1.0,1.0,2.0,0.0,6.0,1.0,1.0,1.0,6.0,1089.0,3.0,2.0,1.0,0.0,35.0,0.0,2.0,0.0,2.0,2.0,1.0,2.0,0.0,99.0,11.0,6.0,2.0,0.0,0.0,1.0,2.0,2.0,2.0,0.0,1.0,1.0,1.0,1.0,0.0,1.0,0.0,1.0,1.0,33.0,0
3.0,1.0,60.0,5.0,1.0,1.0,2.0,0.0,4.0,1.0,3.0,1.0,4.0,3600.0,3.0,3.0,1.0,0.0,60.0,0.0,2.0,0.0,2.0,2.0,2.0,2.0,0.0,6.0,11.0,6.0,2.0,0.0,0.0,2.0,2.0,2.0,2.0,5.0,1.0,1.0,1.0,1.0,0.0,1.0,0.0,3.0,1.0,33.0,0
3.0,1.0,58.0,3.0,4.0,1.0,2.0,0.0,4.0,1.0,1.0,1.0,4.0,3364.0,3.0,1.0,1.0,0.0,16.0,0.0,1.0,1.0,1.0,1.0,2.0,2.0,0.0,2.0,8.0,1.0,1.0,1.0,4.0,2.0,2.0,2.0,2.0,5.0,2.0,2.0,2.0,2.0,5.0,2.0,2.0,1.0,4.0,33.0,1
3.0,1.0,48.0,3.0,1.0,1.0,2.0,0.0,4.0,2.0,1.0,1.0,3.0,2304.0,3.0,3.0,1.0,0.0,60.0,0.0,2.0,0.0,2.0,2.0,2.0,2.0,0.0,6.0,11.0,6.0,2.0,0.0,0.0,2.0,2.0,2.0,2.0,5.0,1.0,1.0,1.0,1.0,0.0,1.0,0.0,1.0,1.0,33.0,0
1.0,1.0,56.0,3.0,4.0,1.0,2.0,0.0,6.0,1.0,1.0,1.0,6.0,3136.0,2.0,2.0,1.0,0.0,36.0,0.0,2.0,0.0,2.0,2.0,2.0,2.0,0.0,1.0,8.0,0.0,0.0,0.0,0.0,0.0,0.0,0.0,0.0,0.0,0.0,0.0,0.0,0.0,0.0,0.0,0.0,0.0,0.0,32.0,0
3.0,1.0,29.0,5.0,1.0,1.0,2.0,0.0,6.0,1.0,1.0,1.0,6.0,841.0,3.0,2.0,1.0,0.0,40.0,0.0,2.0,0.0,2.0,2.0,2.0,2.0,0.0,9.0,11.0,6.0,2.0,0.0,0.0,2.0,2.0,2.0,1.0,0.0,1.0,1.0,1.0,1.0,0.0,1.0,0.0,1.0,1.0,32.0,0
3.0,1.0,27.0,5.0,1.0,1.0,2.0,0.0,7.0,1.0,1.0,1.0,6.0,729.0,3.0,2.0,1.0,0.0,40.0,0.0,2.0,0.0,2.0,2.0,2.0,2.0,0.0,7.0,11.0,4.0,2.0,0.0,0.0,9.0,9.0,2.0,2.0,0.0,1.0,1.0,1.0,1.0,0.0,1.0,0.0,1.0,1.0,32.0,0
3.0,1.0,26.0,5.0,1.0,1.0,1.0,1.0,7.0,2.0,1.0,1.0,5.0,676.0,3.0,2.0,1.0,0.0,40.0,0.0,2.0,0.0,2.0,2.0,2.0,2.0,0.0,10.0,11.0,5.0,2.0,0.0,0.0,2.0,2.0,2.0,1.0,0.0,1.0,1.0,1.0,1.0,0.0,1.0,0.0,1.0,1.0,32.0,0
1.0,2.0,54.0,3.0,1.0,1.0,2.0,0.0,6.0,2.0,1.0,1.0,5.0,2916.0,3.0,3.0,2.0,2.0,40.0,14.0,1.0,1.0,1.0,1.0,1.0,2.0,0.0,12.0,11.0,6.0,2.0,0.0,0.0,2.0,2.0,2.0,2.0,5.0,1.0,1.0,1.0,1.0,0.0,1.0,0.0,1.0,1.0,32.0,0
1.0,1.0,47.0,1.0,1.0,1.0,2.0,0.0,4.0,2.0,3.0,1.0,3.0,2209.0,3.0,4.0,0.0,0.0,0.0,0.0,2.0,0.0,2.0,2.0,2.0,2.0,0.0,6.0,11.0,6.0,2.0,0.0,0.0,1.0,2.0,2.0,2.0,0.0,1.0,1.0,1.0,1.0,0.0,1.0,0.0,1.0,1.0,32.0,0
2.0,2.0,48.0,1.0,4.0,1.0,2.0,0.0,4.0,1.0,3.0,1.0,4.0,2304.0,3.0,2.0,2.0,2.0,10.0,8.0,2.0,0.0,2.0,2.0,2.0,1.0,2.0,0.0,0.0,0.0,0.0,0.0,0.0,2.0,2.0,2.0,1.0,0.0,2.0,2.0,2.0,2.0,5.0,2.0,2.0,1.0,4.0,32.0,1
1.0,1.0,40.0,1.0,1.0,1.0,1.0,1.0,7.0,2.0,5.0,1.0,5.0,1600.0,3.0,2.0,1.0,0.0,40.0,0.0,2.0,0.0,2.0,2.0,1.0,2.0,0.0,12.0,11.0,6.0,2.0,0.0,0.0,2.0,2.0,2.0,2.0,5.0,1.0,1.0,1.0,1.0,0.0,1.0,0.0,1.0,1.0,32.0,0
3.0,2.0,36.0,3.0,1.0,1.0,2.0,0.0,4.0,2.0,1.0,1.0,3.0,1296.0,3.0,2.0,1.0,0.0,44.0,0.0,2.0,0.0,2.0,2.0,2.0,2.0,0.0,99.0,11.0,6.0,2.0,0.0,0.0,2.0,2.0,2.0,2.0,5.0,1.0,1.0,1.0,1.0,0.0,1.0,0.0,1.0,1.0,33.0,0
1.0,2.0,36.0,3.0,2.0,1.0,2.0,0.0,6.0,2.0,3.0,1.0,5.0,1296.0,3.0,1.0,1.0,0.0,25.0,0.0,1.0,1.0,1.0,1.0,2.0,2.0,0.0,9.0,11.0,6.0,2.0,0.0,0.0,1.0,2.0,2.0,2.0,0.0,1.0,1.0,1.0,1.0,0.0,1.0,0.0,3.0,1.0,32.0,0
1.0,2.0,43.0,1.0,4.0,1.0,2.0,0.0,4.0,1.0,5.0,1.0,4.0,1849.0,3.0,3.0,1.0,0.0,60.0,0.0,2.0,0.0,2.0,2.0,2.0,2.0,0.0,1.0,11.0,5.0,2.0,0.0,0.0,1.0,2.0,2.0,2.0,0.0,2.0,2.0,2.0,2.0,5.0,2.0,2.0,1.0,4.0,32.0,1
2.0,1.0,45.0,1.0,1.0,1.0,2.0,0.0,4.0,1.0,5.0,1.0,4.0,2025.0,3.0,3.0,1.0,0.0,53.0,0.0,2.0,0.0,2.0,2.0,2.0,2.0,0.0,12.0,4.0,5.0,2.0,0.0,0.0,2.0,2.0,2.0,2.0,5.0,2.0,2.0,2.0,2.0,5.0,2.0,1.0,1.0,3.0,32.0,1
3.0,1.0,23.0,5.0,1.0,1.0,2.0,0.0,4.0,1.0,5.0,1.0,4.0,529.0,3.0,2.0,1.0,0.0,35.0,0.0,2.0,0.0,2.0,2.0,2.0,2.0,0.0,12.0,4.0,5.0,2.0,0.0,0.0,2.0,2.0,2.0,2.0,5.0,2.0,2.0,2.0,2.0,5.0,2.0,1.0,1.0,3.0,32.0,1
1.0,1.0,57.0,2.0,1.0,1.0,2.0,0.0,4.0,1.0,1.0,1.0,4.0,3249.0,1.0,2.0,1.0,0.0,40.0,0.0,2.0,0.0,2.0,2.0,2.0,2.0,0.0,4.0,11.0,0.0,0.0,0.0,0.0,0.0,0.0,0.0,0.0,0.0,0.0,0.0,0.0,0.0,0.0,0.0,0.0,0.0,0.0,32.0,0
2.0,2.0,55.0,2.0,1.0,1.0,2.0,0.0,7.0,1.0,4.0,1.0,6.0,3025.0,3.0,2.0,2.0,2.0,18.0,8.0,2.0,0.0,2.0,2.0,2.0,2.0,0.0,7.0,11.0,6.0,2.0,0.0,0.0,2.0,2.0,2.0,2.0,5.0,1.0,1.0,1.0,1.0,0.0,1.0,0.0,1.0,1.0,32.0,0
1.0,1.0,52.0,2.0,1.0,1.0,2.0,0.0,7.0,1.0,1.0,1.0,6.0,2704.0,3.0,2.0,2.0,2.0,24.0,20.0,1.0,1.0,1.0,1.0,2.0,2.0,0.0,12.0,11.0,6.0,2.0,0.0,0.0,1.0,2.0,2.0,2.0,0.0,2.0,2.0,2.0,2.0,5.0,2.0,1.0,1.0,3.0,33.0,1
2.0,2.0,49.0,2.0,1.0,1.0,2.0,0.0,6.0,1.0,1.0,1.0,6.0,2401.0,2.0,2.0,1.0,0.0,35.0,0.0,1.0,1.0,1.0,1.0,2.0,2.0,0.0,1.0,6.0,0.0,0.0,0.0,0.0,0.0,0.0,0.0,0.0,0.0,0.0,0.0,0.0,0.0,0.0,0.0,0.0,0.0,0.0,33.0,0
1.0,1.0,28.0,5.0,1.0,1.0,2.0,0.0,6.0,1.0,1.0,1.0,6.0,784.0,2.0,2.0,2.0,2.0,37.0,6.0,2.0,0.0,1.0,2.0,2.0,2.0,0.0,1.0,12.0,0.0,0.0,0.0,0.0,0.0,0.0,0.0,0.0,0.0,0.0,0.0,0.0,0.0,0.0,0.0,0.0,0.0,0.0,33.0,0
1.0,2.0,39.0,5.0,1.0,1.0,2.0,0.0,7.0,2.0,1.0,1.0,5.0,1521.0,3.0,2.0,2.0,2.0,16.0,8.0,2.0,0.0,2.0,2.0,2.0,2.0,0.0,99.0,11.0,6.0,2.0,0.0,0.0,2.0,2.0,2.0,2.0,5.0,1.0,1.0,1.0,1.0,0.0,1.0,0.0,1.0,1.0,33.0,0
2.0,2.0,40.0,1.0,1.0,1.0,2.0,0.0,7.0,1.0,1.0,1.0,6.0,1600.0,3.0,2.0,1.0,0.0,40.0,0.0,2.0,0.0,2.0,2.0,1.0,2.0,0.0,12.0,11.0,6.0,2.0,0.0,0.0,2.0,2.0,2.0,2.0,5.0,1.0,1.0,1.0,1.0,0.0,1.0,0.0,1.0,1.0,32.0,0
1.0,2.0,39.0,2.0,1.0,1.0,2.0,0.0,7.0,2.0,1.0,1.0,5.0,1521.0,3.0,2.0,2.0,3.0,40.0,4.0,2.0,0.0,2.0,2.0,2.0,2.0,0.0,99.0,11.0,6.0,2.0,0.0,0.0,2.0,2.0,2.0,2.0,5.0,1.0,1.0,1.0,1.0,0.0,1.0,0.0,1.0,1.0,33.0,0
2.0,1.0,40.0,2.0,1.0,1.0,2.0,0.0,7.0,2.0,1.0,1.0,5.0,1600.0,3.0,3.0,1.0,0.0,48.0,0.0,2.0,0.0,2.0,2.0,2.0,2.0,0.0,10.0,4.0,4.0,2.0,0.0,0.0,2.0,2.0,2.0,2.0,5.0,1.0,1.0,1.0,1.0,0.0,1.0,0.0,3.0,1.0,33.0,0
1.0,2.0,37.0,1.0,1.0,1.0,1.0,2.0,7.0,2.0,1.0,1.0,5.0,1369.0,3.0,2.0,2.0,3.0,16.0,16.0,2.0,0.0,2.0,2.0,2.0,2.0,0.0,5.0,8.0,6.0,2.0,0.0,0.0,2.0,2.0,2.0,1.0,0.0,2.0,2.0,2.0,2.0,5.0,2.0,1.0,1.0,1.0,33.0,1
2.0,1.0,33.0,1.0,1.0,1.0,1.0,1.0,7.0,2.0,1.0,1.0,5.0,1089.0,3.0,2.0,1.0,0.0,45.0,0.0,2.0,0.0,2.0,2.0,2.0,2.0,0.0,11.0,11.0,5.0,2.0,0.0,0.0,2.0,2.0,2.0,2.0,5.0,1.0,1.0,1.0,1.0,0.0,1.0,0.0,1.0,1.0,33.0,0
1.0,2.0,53.0,3.0,1.0,1.0,2.0,0.0,7.0,1.0,1.0,1.0,6.0,2809.0,2.0,2.0,1.0,0.0,37.0,0.0,2.0,0.0,2.0,2.0,2.0,2.0,0.0,1.0,6.0,0.0,0.0,0.0,0.0,0.0,0.0,0.0,0.0,0.0,0.0,0.0,0.0,0.0,0.0,0.0,0.0,0.0,0.0,33.0,0
3.0,1.0,24.0,5.0,1.0,1.0,1.0,2.0,7.0,2.0,1.0,1.0,5.0,576.0,3.0,2.0,1.0,0.0,35.0,0.0,2.0,0.0,2.0,2.0,2.0,2.0,0.0,8.0,6.0,5.0,2.0,0.0,0.0,2.0,2.0,2.0,2.0,5.0,1.0,2.0,1.0,2.0,0.0,2.0,1.0,1.0,3.0,33.0,1
1.0,2.0,59.0,3.0,4.0,1.0,2.0,0.0,4.0,2.0,1.0,1.0,3.0,3481.0,3.0,3.0,2.0,2.0,50.0,12.0,2.0,0.0,2.0,1.0,2.0,1.0,2.0,0.0,0.0,0.0,0.0,0.0,0.0,1.0,2.0,2.0,2.0,0.0,2.0,2.0,2.0,2.0,5.0,2.0,2.0,1.0,4.0,33.0,1
3.0,1.0,53.0,2.0,2.0,1.0,2.0,0.0,7.0,2.0,1.0,1.0,5.0,2809.0,2.0,3.0,1.0,0.0,54.0,0.0,2.0,0.0,2.0,2.0,2.0,2.0,0.0,5.0,11.0,0.0,0.0,0.0,0.0,0.0,0.0,0.0,0.0,0.0,0.0,0.0,0.0,0.0,0.0,0.0,0.0,0.0,0.0,33.0,0
1.0,1.0,77.0,2.0,2.0,1.0,2.0,0.0,7.0,2.0,5.0,1.0,5.0,5929.0,3.0,2.0,1.0,0.0,30.0,0.0,2.0,0.0,2.0,2.0,2.0,2.0,0.0,9.0,11.0,6.0,2.0,0.0,0.0,2.0,2.0,2.0,2.0,5.0,2.0,2.0,2.0,2.0,5.0,2.0,1.0,1.0,3.0,33.0,1
1.0,1.0,34.0,5.0,1.0,1.0,2.0,0.0,4.0,1.0,1.0,1.0,4.0,1156.0,3.0,3.0,1.0,0.0,55.0,0.0,2.0,0.0,1.0,2.0,2.0,2.0,0.0,12.0,8.0,6.0,2.0,0.0,0.0,2.0,2.0,2.0,2.0,5.0,1.0,1.0,1.0,1.0,0.0,1.0,0.0,3.0,1.0,33.0,0
1.0,1.0,42.0,2.0,1.0,1.0,2.0,0.0,4.0,2.0,1.0,1.0,3.0,1764.0,3.0,2.0,1.0,0.0,40.0,0.0,2.0,0.0,2.0,2.0,2.0,2.0,0.0,99.0,11.0,6.0,2.0,0.0,0.0,2.0,2.0,2.0,2.0,5.0,1.0,1.0,1.0,1.0,0.0,1.0,0.0,1.0,1.0,33.0,0
4.0,1.0,38.0,2.0,4.0,1.0,2.0,0.0,4.0,1.0,1.0,1.0,4.0,1444.0,2.0,3.0,1.0,0.0,60.0,0.0,2.0,0.0,2.0,2.0,2.0,2.0,0.0,1.0,5.0,0.0,0.0,0.0,0.0,0.0,0.0,0.0,0.0,0.0,0.0,0.0,0.0,0.0,0.0,0.0,0.0,0.0,0.0,33.0,0
1.0,1.0,68.0,4.0,1.0,1.0,2.0,0.0,2.0,1.0,1.0,1.0,2.0,4624.0,3.0,2.0,1.0,0.0,40.0,0.0,2.0,0.0,2.0,2.0,2.0,2.0,0.0,6.0,11.0,6.0,2.0,0.0,0.0,2.0,2.0,2.0,2.0,5.0,2.0,2.0,2.0,2.0,5.0,2.0,2.0,1.0,4.0,33.0,1
1.0,2.0,54.0,4.0,1.0,1.0,2.0,0.0,2.0,1.0,1.0,1.0,2.0,2916.0,3.0,1.0,1.0,0.0,9.0,0.0,1.0,1.0,1.0,2.0,2.0,1.0,1.0,0.0,0.0,0.0,0.0,0.0,0.0,1.0,2.0,2.0,2.0,0.0,2.0,2.0,2.0,2.0,5.0,2.0,2.0,1.0,4.0,33.0,1
2.0,1.0,71.0,2.0,1.0,1.0,2.0,0.0,7.0,2.0,3.0,1.0,5.0,5041.0,2.0,3.0,1.0,0.0,48.0,0.0,2.0,0.0,2.0,2.0,2.0,2.0,0.0,1.0,8.0,0.0,0.0,0.0,0.0,0.0,0.0,0.0,0.0,0.0,0.0,0.0,0.0,0.0,0.0,0.0,0.0,0.0,0.0,33.0,0
2.0,1.0,58.0,1.0,1.0,1.0,2.0,0.0,4.0,1.0,1.0,1.0,4.0,3364.0,3.0,3.0,1.0,0.0,60.0,0.0,2.0,0.0,2.0,2.0,2.0,2.0,0.0,99.0,4.0,5.0,2.0,0.0,0.0,2.0,2.0,2.0,2.0,5.0,2.0,2.0,2.0,2.0,5.0,2.0,2.0,1.0,4.0,33.0,1
1.0,2.0,26.0,3.0,4.0,1.0,2.0,0.0,4.0,1.0,1.0,1.0,4.0,676.0,3.0,1.0,1.0,0.0,20.0,0.0,1.0,1.0,1.0,2.0,2.0,2.0,0.0,2.0,11.0,5.0,2.0,0.0,0.0,2.0,2.0,1.0,2.0,0.0,1.0,1.0,1.0,2.0,0.0,2.0,2.0,2.0,4.0,33.0,1
1.0,1.0,56.0,2.0,1.0,1.0,2.0,0.0,6.0,1.0,1.0,1.0,6.0,3136.0,3.0,2.0,1.0,0.0,40.0,0.0,2.0,0.0,2.0,1.0,1.0,2.0,0.0,6.0,11.0,6.0,2.0,0.0,0.0,2.0,2.0,2.0,2.0,5.0,2.0,2.0,2.0,2.0,5.0,2.0,1.0,2.0,1.0,33.0,1
2.0,2.0,56.0,2.0,1.0,1.0,2.0,0.0,4.0,1.0,1.0,1.0,4.0,3136.0,3.0,2.0,1.0,0.0,40.0,0.0,2.0,0.0,2.0,2.0,1.0,2.0,0.0,10.0,11.0,6.0,2.0,0.0,0.0,2.0,2.0,2.0,2.0,5.0,1.0,1.0,1.0,1.0,0.0,1.0,0.0,1.0,1.0,33.0,0
1.0,1.0,37.0,2.0,1.0,1.0,2.0,0.0,4.0,1.0,1.0,1.0,4.0,1369.0,3.0,2.0,1.0,0.0,45.0,0.0,2.0,0.0,2.0,2.0,1.0,2.0,0.0,7.0,11.0,6.0,2.0,0.0,0.0,2.0,2.0,2.0,2.0,5.0,1.0,1.0,1.0,1.0,0.0,1.0,0.0,1.0,1.0,33.0,0
2.0,2.0,33.0,2.0,1.0,1.0,2.0,0.0,4.0,1.0,1.0,1.0,4.0,1089.0,3.0,2.0,1.0,0.0,26.0,0.0,2.0,0.0,2.0,2.0,1.0,2.0,0.0,8.0,9.0,6.0,1.0,9.0,4.0,2.0,2.0,2.0,2.0,5.0,2.0,2.0,2.0,2.0,5.0,2.0,2.0,1.0,3.0,33.0,1
3.0,1.0,31.0,1.0,1.0,1.0,2.0,0.0,4.0,1.0,1.0,1.0,4.0,961.0,2.0,1.0,1.0,0.0,12.0,0.0,1.0,1.0,2.0,2.0,2.0,2.0,0.0,1.0,11.0,0.0,0.0,0.0,0.0,0.0,0.0,0.0,0.0,0.0,0.0,0.0,0.0,0.0,0.0,0.0,0.0,0.0,0.0,33.0,0
4.0,2.0,20.0,1.0,4.0,1.0,2.0,0.0,4.0,1.0,1.0,1.0,4.0,400.0,2.0,1.0,1.0,0.0,4.0,0.0,1.0,1.0,1.0,2.0,2.0,2.0,0.0,1.0,6.0,0.0,0.0,0.0,0.0,0.0,0.0,0.0,0.0,0.0,0.0,0.0,0.0,0.0,0.0,0.0,0.0,0.0,0.0,33.0,0
1.0,2.0,52.0,2.0,1.0,1.0,2.0,0.0,4.0,1.0,3.0,1.0,4.0,2704.0,3.0,1.0,2.0,3.0,12.0,7.0,1.0,1.0,2.0,2.0,2.0,1.0,3.0,0.0,0.0,0.0,0.0,0.0,0.0,2.0,2.0,2.0,2.0,5.0,2.0,2.0,2.0,2.0,5.0,2.0,2.0,1.0,4.0,33.0,1
2.0,1.0,52.0,2.0,1.0,1.0,2.0,0.0,4.0,2.0,1.0,1.0,3.0,2704.0,2.0,2.0,1.0,0.0,20.0,0.0,2.0,0.0,2.0,2.0,2.0,2.0,0.0,2.0,8.0,0.0,0.0,0.0,0.0,0.0,0.0,0.0,0.0,0.0,0.0,0.0,0.0,0.0,0.0,0.0,0.0,0.0,0.0,33.0,0
3.0,2.0,26.0,5.0,1.0,1.0,1.0,1.0,6.0,2.0,1.0,1.0,5.0,676.0,3.0,2.0,1.0,0.0,16.0,0.0,2.0,0.0,2.0,2.0,2.0,2.0,0.0,99.0,11.0,6.0,2.0,0.0,0.0,2.0,2.0,2.0,2.0,5.0,1.0,1.0,1.0,1.0,0.0,1.0,0.0,1.0,1.0,33.0,0
1.0,1.0,64.0,2.0,1.0,1.0,2.0,0.0,6.0,1.0,1.0,1.0,6.0,4096.0,1.0,2.0,1.0,0.0,25.0,0.0,2.0,0.0,2.0,2.0,2.0,2.0,0.0,5.0,11.0,0.0,0.0,0.0,0.0,0.0,0.0,0.0,0.0,0.0,0.0,0.0,0.0,0.0,0.0,0.0,0.0,0.0,0.0,33.0,0
1.0,1.0,39.0,1.0,1.0,1.0,2.0,0.0,6.0,1.0,1.0,1.0,6.0,1521.0,3.0,2.0,1.0,0.0,45.0,0.0,2.0,0.0,2.0,2.0,2.0,2.0,0.0,12.0,11.0,6.0,2.0,0.0,0.0,2.0,2.0,2.0,2.0,5.0,2.0,2.0,2.0,2.0,5.0,1.0,0.0,1.0,1.0,33.0,0
1.0,1.0,61.0,2.0,1.0,1.0,2.0,0.0,2.0,1.0,1.0,1.0,2.0,3721.0,3.0,3.0,1.0,0.0,48.0,0.0,2.0,0.0,2.0,2.0,2.0,2.0,0.0,99.0,4.0,6.0,2.0,0.0,0.0,2.0,2.0,2.0,2.0,5.0,1.0,1.0,1.0,1.0,0.0,1.0,0.0,1.0,1.0,33.0,0
2.0,2.0,37.0,2.0,1.0,1.0,2.0,0.0,4.0,2.0,1.0,1.0,3.0,1369.0,2.0,2.0,1.0,0.0,36.0,0.0,2.0,0.0,2.0,2.0,2.0,2.0,0.0,2.0,11.0,0.0,0.0,0.0,0.0,0.0,0.0,0.0,0.0,0.0,0.0,0.0,0.0,0.0,0.0,0.0,0.0,0.0,0.0,33.0,0
3.0,2.0,19.0,5.0,1.0,1.0,2.0,0.0,4.0,1.0,1.0,1.0,4.0,361.0,2.0,2.0,1.0,0.0,36.0,0.0,2.0,0.0,2.0,2.0,2.0,2.0,0.0,2.0,11.0,0.0,0.0,0.0,0.0,0.0,0.0,0.0,0.0,0.0,0.0,0.0,0.0,0.0,0.0,0.0,0.0,0.0,0.0,33.0,0
1.0,2.0,62.0,3.0,1.0,1.0,1.0,1.0,6.0,2.0,1.0,1.0,5.0,3844.0,3.0,2.0,2.0,2.0,30.0,9.0,2.0,0.0,2.0,2.0,1.0,2.0,0.0,99.0,11.0,5.0,2.0,0.0,0.0,2.0,2.0,2.0,2.0,5.0,1.0,1.0,1.0,1.0,0.0,1.0,0.0,1.0,1.0,33.0,0
1.0,1.0,43.0,1.0,4.0,1.0,2.0,0.0,4.0,2.0,1.0,1.0,3.0,1849.0,2.0,3.0,1.0,0.0,84.0,0.0,2.0,0.0,2.0,2.0,2.0,2.0,0.0,1.0,11.0,0.0,0.0,0.0,0.0,0.0,0.0,0.0,0.0,0.0,0.0,0.0,0.0,0.0,0.0,0.0,0.0,0.0,0.0,33.0,0
3.0,1.0,30.0,5.0,4.0,1.0,2.0,0.0,4.0,2.0,1.0,1.0,3.0,900.0,2.0,2.0,1.0,0.0,35.0,0.0,1.0,1.0,1.0,2.0,2.0,2.0,0.0,1.0,5.0,0.0,0.0,0.0,0.0,0.0,0.0,0.0,0.0,0.0,0.0,0.0,0.0,0.0,0.0,0.0,0.0,0.0,0.0,33.0,0
1.0,1.0,60.0,2.0,1.0,1.0,2.0,0.0,4.0,1.0,1.0,1.0,4.0,3600.0,1.0,2.0,1.0,0.0,30.0,0.0,2.0,0.0,2.0,2.0,2.0,2.0,0.0,4.0,11.0,0.0,0.0,0.0,0.0,0.0,0.0,0.0,0.0,0.0,0.0,0.0,0.0,0.0,0.0,0.0,0.0,0.0,0.0,33.0,0
2.0,2.0,56.0,2.0,1.0,1.0,2.0,0.0,4.0,1.0,1.0,1.0,4.0,3136.0,1.0,2.0,1.0,0.0,30.0,0.0,2.0,0.0,2.0,2.0,2.0,2.0,0.0,4.0,11.0,0.0,0.0,0.0,0.0,0.0,0.0,0.0,0.0,0.0,0.0,0.0,0.0,0.0,0.0,0.0,0.0,0.0,0.0,33.0,0
3.0,1.0,25.0,5.0,1.0,1.0,1.0,2.0,6.0,2.0,1.0,1.0,5.0,625.0,1.0,2.0,1.0,0.0,30.0,0.0,2.0,0.0,2.0,2.0,2.0,2.0,0.0,4.0,11.0,0.0,0.0,0.0,0.0,0.0,0.0,0.0,0.0,0.0,0.0,0.0,0.0,0.0,0.0,0.0,0.0,0.0,0.0,33.0,0
3.0,2.0,22.0,5.0,1.0,1.0,1.0,2.0,7.0,2.0,1.0,1.0,5.0,484.0,1.0,2.0,1.0,0.0,30.0,0.0,2.0,0.0,2.0,2.0,2.0,2.0,0.0,4.0,11.0,0.0,0.0,0.0,0.0,0.0,0.0,0.0,0.0,0.0,0.0,0.0,0.0,0.0,0.0,0.0,0.0,0.0,0.0,33.0,0
1.0,1.0,26.0,5.0,1.0,1.0,1.0,1.0,6.0,2.0,1.0,1.0,5.0,676.0,3.0,2.0,1.0,0.0,40.0,0.0,2.0,0.0,2.0,2.0,2.0,2.0,0.0,99.0,11.0,6.0,2.0,0.0,0.0,1.0,2.0,2.0,2.0,0.0,1.0,1.0,1.0,1.0,0.0,1.0,0.0,1.0,1.0,33.0,0
1.0,1.0,65.0,1.0,1.0,1.0,2.0,0.0,4.0,2.0,1.0,1.0,3.0,4225.0,3.0,4.0,0.0,0.0,0.0,0.0,2.0,0.0,2.0,2.0,1.0,2.0,0.0,12.0,11.0,6.0,2.0,0.0,0.0,2.0,2.0,2.0,2.0,5.0,1.0,1.0,1.0,1.0,0.0,1.0,0.0,3.0,1.0,33.0,0
1.0,2.0,52.0,4.0,1.0,1.0,2.0,0.0,4.0,1.0,1.0,1.0,4.0,2704.0,2.0,2.0,1.0,0.0,30.0,0.0,2.0,0.0,2.0,2.0,2.0,2.0,0.0,1.0,11.0,0.0,0.0,0.0,0.0,0.0,0.0,0.0,0.0,0.0,0.0,0.0,0.0,0.0,0.0,0.0,0.0,0.0,0.0,33.0,0
3.0,1.0,22.0,5.0,4.0,1.0,2.0,0.0,4.0,1.0,1.0,1.0,4.0,484.0,3.0,3.0,1.0,0.0,56.0,0.0,2.0,0.0,2.0,2.0,2.0,2.0,0.0,99.0,9.0,5.0,1.0,9.0,4.0,2.0,2.0,2.0,2.0,5.0,2.0,2.0,2.0,2.0,5.0,2.0,2.0,3.0,3.0,33.0,1
3.0,2.0,19.0,5.0,1.0,1.0,2.0,0.0,4.0,1.0,1.0,1.0,4.0,361.0,3.0,2.0,1.0,0.0,30.0,0.0,2.0,0.0,2.0,2.0,2.0,2.0,0.0,6.0,11.0,2.0,2.0,0.0,0.0,2.0,2.0,2.0,2.0,5.0,1.0,1.0,1.0,1.0,0.0,1.0,0.0,1.0,1.0,33.0,0
1.0,1.0,66.0,2.0,1.0,1.0,3.0,0.0,0.0,0.0,3.0,1.0,7.0,4356.0,2.0,3.0,1.0,0.0,49.0,0.0,2.0,0.0,2.0,2.0,2.0,2.0,0.0,2.0,12.0,0.0,0.0,0.0,0.0,0.0,0.0,0.0,0.0,0.0,0.0,0.0,0.0,0.0,0.0,0.0,0.0,0.0,0.0,33.0,0
2.0,2.0,59.0,2.0,4.0,1.0,2.0,0.0,2.0,2.0,2.0,1.0,1.0,3481.0,2.0,3.0,1.0,0.0,49.0,0.0,2.0,0.0,2.0,2.0,2.0,2.0,0.0,2.0,12.0,0.0,0.0,0.0,0.0,0.0,0.0,0.0,0.0,0.0,0.0,0.0,0.0,0.0,0.0,0.0,0.0,0.0,0.0,33.0,0
2.0,1.0,56.0,2.0,4.0,1.0,2.0,0.0,2.0,1.0,3.0,1.0,2.0,3136.0,2.0,2.0,1.0,0.0,40.0,0.0,2.0,0.0,2.0,2.0,2.0,2.0,0.0,1.0,11.0,0.0,0.0,0.0,0.0,0.0,0.0,0.0,0.0,0.0,0.0,0.0,0.0,0.0,0.0,0.0,0.0,0.0,0.0,33.0,0
3.0,1.0,32.0,5.0,1.0,1.0,2.0,0.0,4.0,2.0,1.0,1.0,3.0,1024.0,3.0,2.0,1.0,0.0,40.0,0.0,2.0,0.0,2.0,2.0,2.0,2.0,0.0,99.0,11.0,5.0,2.0,0.0,0.0,2.0,2.0,2.0,2.0,5.0,2.0,2.0,2.0,2.0,5.0,2.0,2.0,1.0,4.0,33.0,1
3.0,2.0,22.0,5.0,1.0,1.0,2.0,0.0,6.0,2.0,1.0,1.0,5.0,484.0,3.0,3.0,1.0,0.0,48.0,0.0,2.0,0.0,2.0,2.0,2.0,2.0,0.0,99.0,11.0,5.0,2.0,0.0,0.0,1.0,2.0,2.0,2.0,0.0,1.0,1.0,1.0,1.0,0.0,1.0,0.0,1.0,1.0,33.0,0
1.0,1.0,65.0,3.0,1.0,1.0,2.0,0.0,4.0,2.0,1.0,1.0,3.0,4225.0,2.0,3.0,1.0,0.0,60.0,0.0,2.0,0.0,2.0,2.0,2.0,2.0,0.0,1.0,11.0,0.0,0.0,0.0,0.0,0.0,0.0,0.0,0.0,0.0,0.0,0.0,0.0,0.0,0.0,0.0,0.0,0.0,0.0,33.0,0
1.0,1.0,72.0,2.0,1.0,1.0,2.0,0.0,7.0,1.0,1.0,1.0,6.0,5184.0,3.0,2.0,1.0,0.0,40.0,0.0,2.0,0.0,2.0,2.0,1.0,2.0,0.0,10.0,11.0,6.0,2.0,0.0,0.0,2.0,2.0,2.0,2.0,5.0,1.0,1.0,1.0,1.0,0.0,1.0,0.0,1.0,1.0,33.0,0
2.0,2.0,50.0,2.0,1.0,1.0,2.0,0.0,2.0,2.0,3.0,1.0,1.0,2500.0,3.0,2.0,1.0,0.0,45.0,0.0,2.0,0.0,2.0,2.0,2.0,2.0,0.0,11.0,11.0,5.0,2.0,0.0,0.0,2.0,2.0,2.0,2.0,5.0,1.0,1.0,1.0,1.0,0.0,1.0,0.0,1.0,1.0,33.0,0
1.0,1.0,37.0,5.0,4.0,1.0,2.0,0.0,4.0,1.0,1.0,1.0,4.0,1369.0,2.0,2.0,1.0,0.0,35.0,0.0,2.0,0.0,2.0,2.0,2.0,2.0,0.0,1.0,4.0,0.0,0.0,0.0,0.0,0.0,0.0,0.0,0.0,0.0,0.0,0.0,0.0,0.0,0.0,0.0,0.0,0.0,0.0,33.0,0
8.0,1.0,33.0,5.0,1.0,1.0,2.0,0.0,4.0,1.0,1.0,1.0,4.0,1089.0,3.0,2.0,1.0,0.0,30.0,0.0,2.0,0.0,2.0,2.0,2.0,2.0,0.0,8.0,4.0,5.0,2.0,0.0,0.0,2.0,2.0,2.0,2.0,5.0,1.0,1.0,1.0,1.0,0.0,1.0,0.0,1.0,3.0,33.0,0
1.0,1.0,48.0,1.0,1.0,1.0,2.0,0.0,4.0,1.0,1.0,1.0,4.0,2304.0,3.0,3.0,1.0,0.0,48.0,0.0,2.0,0.0,2.0,2.0,2.0,2.0,0.0,6.0,11.0,3.0,2.0,0.0,0.0,2.0,2.0,2.0,2.0,5.0,1.0,1.0,1.0,1.0,0.0,1.0,0.0,1.0,1.0,33.0,0
1.0,1.0,34.0,5.0,4.0,1.0,2.0,0.0,4.0,1.0,4.0,1.0,4.0,1156.0,3.0,3.0,1.0,0.0,60.0,0.0,2.0,0.0,2.0,2.0,2.0,2.0,0.0,6.0,11.0,5.0,2.0,0.0,0.0,2.0,2.0,2.0,2.0,5.0,2.0,2.0,2.0,2.0,5.0,2.0,2.0,2.0,4.0,33.0,1
1.0,2.0,50.0,2.0,2.0,1.0,2.0,0.0,4.0,1.0,2.0,1.0,4.0,2500.0,2.0,2.0,1.0,0.0,18.0,0.0,2.0,0.0,2.0,2.0,2.0,2.0,0.0,1.0,11.0,0.0,0.0,0.0,0.0,0.0,0.0,0.0,0.0,0.0,0.0,0.0,0.0,0.0,0.0,0.0,0.0,0.0,0.0,33.0,0
2.0,1.0,55.0,2.0,2.0,1.0,2.0,0.0,4.0,2.0,1.0,1.0,3.0,3025.0,1.0,2.0,1.0,0.0,45.0,0.0,1.0,1.0,1.0,1.0,2.0,2.0,0.0,2.0,11.0,0.0,0.0,0.0,0.0,0.0,0.0,0.0,0.0,0.0,0.0,0.0,0.0,0.0,0.0,0.0,0.0,0.0,0.0,33.0,0
3.0,1.0,25.0,5.0,2.0,1.0,2.0,0.0,4.0,1.0,1.0,1.0,4.0,625.0,3.0,2.0,1.0,0.0,40.0,0.0,2.0,0.0,2.0,2.0,2.0,2.0,0.0,2.0,11.0,5.0,2.0,0.0,0.0,1.0,2.0,2.0,2.0,0.0,1.0,2.0,1.0,1.0,0.0,2.0,2.0,1.0,4.0,33.0,1
3.0,1.0,41.0,5.0,4.0,1.0,2.0,0.0,4.0,2.0,1.0,1.0,3.0,1681.0,2.0,1.0,1.0,0.0,8.0,0.0,1.0,1.0,1.0,1.0,2.0,2.0,0.0,1.0,8.0,0.0,0.0,0.0,0.0,0.0,0.0,0.0,0.0,0.0,0.0,0.0,0.0,0.0,0.0,0.0,0.0,0.0,0.0,33.0,0
1.0,2.0,47.0,3.0,1.0,1.0,2.0,0.0,4.0,1.0,1.0,1.0,4.0,2209.0,3.0,2.0,1.0,0.0,25.0,0.0,2.0,0.0,2.0,2.0,2.0,2.0,0.0,3.0,11.0,6.0,2.0,0.0,0.0,2.0,2.0,2.0,2.0,5.0,1.0,1.0,1.0,1.0,0.0,1.0,0.0,1.0,1.0,33.0,0
3.0,1.0,22.0,2.0,1.0,1.0,2.0,0.0,4.0,1.0,1.0,1.0,4.0,484.0,3.0,2.0,1.0,0.0,28.0,0.0,2.0,0.0,2.0,2.0,2.0,2.0,0.0,10.0,11.0,9.0,1.0,2.0,2.0,2.0,2.0,2.0,2.0,5.0,2.0,2.0,2.0,2.0,5.0,2.0,2.0,1.0,4.0,33.0,1
1.0,2.0,66.0,2.0,1.0,1.0,2.0,0.0,7.0,2.0,1.0,1.0,5.0,4356.0,2.0,1.0,1.0,0.0,8.0,0.0,1.0,1.0,1.0,1.0,2.0,2.0,0.0,1.0,6.0,0.0,0.0,0.0,0.0,0.0,0.0,0.0,0.0,0.0,0.0,0.0,0.0,0.0,0.0,0.0,0.0,0.0,0.0,33.0,0
3.0,2.0,27.0,5.0,1.0,1.0,2.0,0.0,7.0,1.0,1.0,1.0,6.0,729.0,2.0,3.0,2.0,2.0,40.0,12.0,1.0,3.0,1.0,2.0,2.0,2.0,0.0,5.0,11.0,0.0,0.0,0.0,0.0,0.0,0.0,0.0,0.0,0.0,0.0,0.0,0.0,0.0,0.0,0.0,0.0,0.0,0.0,33.0,0
1.0,2.0,49.0,1.0,1.0,1.0,2.0,0.0,7.0,1.0,1.0,1.0,6.0,2401.0,2.0,2.0,2.0,2.0,25.0,12.0,1.0,1.0,1.0,1.0,2.0,2.0,0.0,2.0,11.0,0.0,0.0,0.0,0.0,0.0,0.0,0.0,0.0,0.0,0.0,0.0,0.0,0.0,0.0,0.0,0.0,0.0,0.0,33.0,0
2.0,1.0,47.0,1.0,1.0,1.0,2.0,0.0,8.0,1.0,3.0,1.0,6.0,2209.0,3.0,2.0,1.0,0.0,38.0,0.0,2.0,0.0,2.0,2.0,1.0,2.0,0.0,99.0,11.0,6.0,2.0,0.0,0.0,2.0,2.0,2.0,2.0,5.0,1.0,1.0,1.0,1.0,0.0,1.0,0.0,1.0,1.0,33.0,0
3.0,1.0,21.0,5.0,4.0,1.0,2.0,0.0,4.0,1.0,1.0,1.0,4.0,441.0,3.0,3.0,1.0,0.0,60.0,0.0,2.0,0.0,2.0,2.0,2.0,2.0,0.0,3.0,11.0,5.0,2.0,0.0,0.0,2.0,2.0,2.0,2.0,5.0,2.0,2.0,2.0,2.0,5.0,2.0,2.0,1.0,4.0,33.0,1
1.0,1.0,34.0,2.0,1.0,1.0,1.0,1.0,7.0,2.0,1.0,1.0,5.0,1156.0,3.0,2.0,2.0,2.0,35.0,6.0,1.0,1.0,1.0,2.0,1.0,2.0,0.0,9.0,11.0,6.0,2.0,0.0,0.0,2.0,2.0,2.0,2.0,5.0,1.0,1.0,1.0,1.0,0.0,1.0,0.0,3.0,1.0,33.0,0
2.0,2.0,35.0,2.0,1.0,1.0,1.0,1.0,7.0,2.0,1.0,1.0,5.0,1225.0,3.0,4.0,0.0,0.0,0.0,0.0,2.0,0.0,2.0,2.0,1.0,2.0,0.0,99.0,11.0,6.0,2.0,0.0,0.0,2.0,2.0,2.0,2.0,5.0,1.0,1.0,1.0,1.0,0.0,1.0,0.0,1.0,1.0,33.0,0
1.0,1.0,56.0,2.0,4.0,1.0,2.0,0.0,2.0,2.0,1.0,1.0,1.0,3136.0,2.0,3.0,1.0,0.0,54.0,0.0,2.0,0.0,2.0,2.0,2.0,2.0,0.0,3.0,9.0,0.0,0.0,0.0,0.0,0.0,0.0,0.0,0.0,0.0,0.0,0.0,0.0,0.0,0.0,0.0,0.0,0.0,0.0,33.0,0
2.0,2.0,54.0,2.0,4.0,1.0,2.0,0.0,4.0,2.0,1.0,1.0,3.0,2916.0,2.0,3.0,1.0,0.0,54.0,0.0,2.0,0.0,2.0,2.0,2.0,2.0,0.0,3.0,12.0,0.0,0.0,0.0,0.0,0.0,0.0,0.0,0.0,0.0,0.0,0.0,0.0,0.0,0.0,0.0,0.0,0.0,0.0,33.0,0
3.0,1.0,29.0,5.0,1.0,1.0,2.0,0.0,9.0,2.0,1.0,1.0,1.0,841.0,4.0,2.0,1.0,0.0,42.0,0.0,2.0,0.0,2.0,2.0,2.0,2.0,0.0,3.0,12.0,0.0,0.0,0.0,0.0,0.0,0.0,0.0,0.0,0.0,0.0,0.0,0.0,0.0,0.0,0.0,0.0,0.0,0.0,33.0,1
1.0,1.0,59.0,1.0,1.0,1.0,2.0,0.0,2.0,1.0,1.0,1.0,2.0,3481.0,3.0,2.0,1.0,0.0,44.0,0.0,2.0,0.0,2.0,2.0,2.0,2.0,0.0,99.0,11.0,6.0,2.0,0.0,0.0,2.0,2.0,2.0,2.0,5.0,1.0,1.0,1.0,1.0,0.0,1.0,0.0,1.0,1.0,33.0,0
1.0,1.0,40.0,1.0,1.0,1.0,1.0,1.0,7.0,2.0,1.0,1.0,5.0,1600.0,3.0,2.0,2.0,2.0,24.0,8.0,2.0,0.0,2.0,2.0,2.0,2.0,0.0,12.0,6.0,3.0,2.0,0.0,0.0,2.0,2.0,2.0,2.0,5.0,1.0,1.0,1.0,1.0,0.0,1.0,0.0,1.0,1.0,33.0,0
2.0,2.0,36.0,1.0,1.0,1.0,2.0,0.0,7.0,1.0,1.0,1.0,6.0,1296.0,3.0,2.0,1.0,0.0,32.0,0.0,2.0,0.0,2.0,2.0,2.0,2.0,0.0,99.0,11.0,6.0,2.0,0.0,0.0,1.0,2.0,2.0,2.0,0.0,1.0,1.0,1.0,1.0,0.0,1.0,0.0,1.0,1.0,33.0,0
1.0,1.0,62.0,3.0,4.0,1.0,2.0,0.0,4.0,1.0,1.0,1.0,4.0,3844.0,3.0,2.0,1.0,0.0,40.0,0.0,2.0,0.0,2.0,2.0,2.0,2.0,0.0,12.0,4.0,6.0,2.0,0.0,0.0,2.0,2.0,2.0,2.0,5.0,2.0,2.0,2.0,2.0,5.0,2.0,2.0,1.0,4.0,33.0,1
3.0,2.0,34.0,1.0,1.0,1.0,2.0,0.0,4.0,2.0,1.0,1.0,3.0,1156.0,3.0,2.0,1.0,0.0,32.0,0.0,2.0,0.0,2.0,2.0,2.0,2.0,0.0,4.0,11.0,3.0,2.0,0.0,0.0,2.0,2.0,2.0,2.0,5.0,1.0,1.0,1.0,1.0,0.0,1.0,0.0,1.0,1.0,33.0,0
4.0,1.0,34.0,1.0,1.0,1.0,2.0,0.0,4.0,2.0,1.0,1.0,3.0,1156.0,3.0,2.0,1.0,0.0,20.0,0.0,2.0,0.0,2.0,2.0,2.0,2.0,0.0,99.0,11.0,6.0,2.0,0.0,0.0,2.0,2.0,2.0,2.0,5.0,1.0,1.0,1.0,1.0,0.0,1.0,0.0,1.0,1.0,33.0,0
1.0,1.0,43.0,1.0,1.0,1.0,2.0,0.0,6.0,1.0,5.0,1.0,6.0,1849.0,2.0,2.0,1.0,0.0,40.0,0.0,1.0,1.0,2.0,2.0,3.0,2.0,0.0,12.0,11.0,0.0,0.0,0.0,0.0,0.0,0.0,0.0,0.0,0.0,0.0,0.0,0.0,0.0,0.0,0.0,0.0,0.0,0.0,32.0,0
2.0,2.0,43.0,1.0,1.0,1.0,2.0,0.0,4.0,1.0,5.0,1.0,4.0,1849.0,3.0,2.0,1.0,0.0,24.0,0.0,2.0,0.0,2.0,2.0,2.0,2.0,0.0,99.0,11.0,6.0,2.0,0.0,0.0,1.0,2.0,2.0,2.0,0.0,1.0,1.0,1.0,1.0,0.0,1.0,0.0,2.0,1.0,32.0,0
3.0,1.0,25.0,5.0,1.0,1.0,2.0,0.0,4.0,1.0,5.0,1.0,4.0,625.0,2.0,2.0,1.0,0.0,14.0,0.0,2.0,0.0,2.0,2.0,3.0,2.0,0.0,12.0,8.0,0.0,0.0,0.0,0.0,0.0,0.0,0.0,0.0,0.0,0.0,0.0,0.0,0.0,0.0,0.0,0.0,0.0,0.0,32.0,0
1.0,2.0,43.0,1.0,1.0,1.0,2.0,0.0,4.0,1.0,1.0,1.0,4.0,1849.0,3.0,2.0,1.0,0.0,40.0,0.0,2.0,0.0,2.0,2.0,2.0,2.0,0.0,4.0,11.0,6.0,2.0,0.0,0.0,2.0,2.0,2.0,2.0,5.0,1.0,1.0,1.0,1.0,0.0,1.0,0.0,1.0,1.0,33.0,0
2.0,1.0,33.0,1.0,4.0,1.0,2.0,0.0,4.0,2.0,3.0,1.0,3.0,1089.0,3.0,2.0,1.0,0.0,40.0,0.0,2.0,0.0,2.0,2.0,2.0,2.0,0.0,99.0,11.0,6.0,2.0,0.0,0.0,2.0,2.0,2.0,2.0,5.0,2.0,2.0,2.0,2.0,5.0,2.0,2.0,1.0,4.0,33.0,1
1.0,1.0,25.0,1.0,4.0,1.0,2.0,0.0,4.0,2.0,1.0,1.0,3.0,625.0,3.0,2.0,1.0,0.0,45.0,0.0,2.0,0.0,2.0,1.0,2.0,2.0,0.0,9.0,5.0,4.0,1.0,4.0,4.0,2.0,2.0,2.0,2.0,5.0,2.0,2.0,2.0,2.0,5.0,2.0,2.0,1.0,4.0,33.0,1
1.0,1.0,28.0,1.0,1.0,1.0,2.0,0.0,4.0,1.0,1.0,1.0,4.0,784.0,1.0,2.0,1.0,0.0,32.0,0.0,2.0,0.0,2.0,2.0,2.0,2.0,0.0,6.0,11.0,0.0,0.0,0.0,0.0,0.0,0.0,0.0,0.0,0.0,0.0,0.0,0.0,0.0,0.0,0.0,0.0,0.0,0.0,33.0,0
3.0,2.0,26.0,5.0,1.0,1.0,2.0,0.0,7.0,1.0,1.0,1.0,6.0,676.0,3.0,2.0,1.0,0.0,45.0,0.0,2.0,0.0,2.0,2.0,2.0,2.0,0.0,12.0,11.0,5.0,2.0,0.0,0.0,2.0,2.0,2.0,2.0,5.0,1.0,1.0,1.0,1.0,0.0,1.0,0.0,1.0,1.0,33.0,0
1.0,2.0,59.0,4.0,4.0,1.0,2.0,0.0,7.0,2.0,3.0,1.0,5.0,3481.0,3.0,2.0,2.0,2.0,21.0,2.0,2.0,0.0,2.0,1.0,2.0,1.0,1.0,0.0,0.0,0.0,0.0,0.0,0.0,1.0,2.0,2.0,2.0,0.0,2.0,2.0,2.0,2.0,5.0,2.0,2.0,1.0,4.0,33.0,1
8.0,2.0,25.0,5.0,4.0,1.0,1.0,1.0,7.0,2.0,1.0,1.0,5.0,625.0,2.0,2.0,1.0,0.0,8.0,0.0,2.0,0.0,2.0,2.0,2.0,2.0,0.0,99.0,11.0,0.0,0.0,0.0,0.0,0.0,0.0,0.0,0.0,0.0,0.0,0.0,0.0,0.0,0.0,0.0,0.0,0.0,0.0,33.0,0
1.0,1.0,66.0,2.0,2.0,1.0,2.0,0.0,2.0,1.0,4.0,1.0,2.0,4356.0,3.0,2.0,1.0,0.0,40.0,0.0,2.0,0.0,2.0,2.0,2.0,2.0,0.0,99.0,11.0,6.0,2.0,0.0,0.0,2.0,2.0,2.0,2.0,5.0,1.0,1.0,1.0,1.0,0.0,1.0,0.0,1.0,1.0,33.0,0
2.0,1.0,71.0,1.0,1.0,1.0,2.0,0.0,2.0,2.0,3.0,1.0,1.0,5041.0,3.0,3.0,1.0,0.0,72.0,0.0,2.0,0.0,2.0,2.0,2.0,2.0,0.0,5.0,11.0,6.0,2.0,0.0,0.0,2.0,2.0,2.0,2.0,5.0,2.0,2.0,2.0,2.0,5.0,2.0,2.0,2.0,4.0,33.0,1
1.0,1.0,47.0,4.0,4.0,1.0,2.0,0.0,4.0,1.0,1.0,1.0,4.0,2209.0,2.0,2.0,1.0,0.0,39.0,0.0,1.0,3.0,1.0,1.0,2.0,2.0,0.0,1.0,9.0,0.0,0.0,0.0,0.0,0.0,0.0,0.0,0.0,0.0,0.0,0.0,0.0,0.0,0.0,0.0,0.0,0.0,0.0,33.0,0
3.0,1.0,24.0,5.0,4.0,1.0,2.0,0.0,4.0,1.0,1.0,1.0,4.0,576.0,2.0,2.0,1.0,0.0,34.0,0.0,1.0,3.0,1.0,9.0,2.0,2.0,0.0,1.0,9.0,0.0,0.0,0.0,0.0,0.0,0.0,0.0,0.0,0.0,0.0,0.0,0.0,0.0,0.0,0.0,0.0,0.0,0.0,33.0,0
3.0,2.0,23.0,1.0,1.0,1.0,2.0,0.0,4.0,1.0,1.0,1.0,4.0,529.0,3.0,2.0,1.0,0.0,14.0,0.0,2.0,0.0,2.0,2.0,1.0,2.0,0.0,99.0,11.0,5.0,2.0,0.0,0.0,2.0,2.0,2.0,2.0,5.0,1.0,1.0,1.0,1.0,0.0,1.0,0.0,1.0,1.0,33.0,0
4.0,1.0,27.0,1.0,4.0,1.0,2.0,0.0,4.0,2.0,1.0,1.0,3.0,729.0,3.0,2.0,1.0,0.0,36.0,0.0,2.0,0.0,2.0,1.0,2.0,2.0,0.0,12.0,4.0,4.0,1.0,9.0,4.0,2.0,2.0,2.0,2.0,5.0,2.0,2.0,2.0,2.0,5.0,2.0,2.0,3.0,4.0,33.0,1
1.0,1.0,42.0,1.0,4.0,1.0,2.0,0.0,4.0,2.0,3.0,1.0,3.0,1764.0,2.0,2.0,1.0,0.0,21.0,0.0,2.0,0.0,2.0,2.0,2.0,2.0,0.0,99.0,4.0,0.0,0.0,0.0,0.0,0.0,0.0,0.0,0.0,0.0,0.0,0.0,0.0,0.0,0.0,0.0,0.0,0.0,0.0,33.0,0
3.0,2.0,26.0,5.0,4.0,1.0,2.0,0.0,4.0,1.0,1.0,1.0,4.0,676.0,3.0,1.0,1.0,0.0,22.0,0.0,1.0,1.0,1.0,1.0,2.0,2.0,0.0,3.0,11.0,5.0,9.0,9.0,4.0,2.0,2.0,1.0,2.0,0.0,2.0,2.0,2.0,2.0,5.0,2.0,2.0,3.0,4.0,33.0,1
3.0,2.0,20.0,5.0,4.0,1.0,2.0,0.0,4.0,1.0,1.0,1.0,4.0,400.0,3.0,1.0,1.0,0.0,24.0,0.0,1.0,1.0,1.0,1.0,2.0,2.0,0.0,3.0,11.0,5.0,9.0,9.0,4.0,2.0,2.0,1.0,2.0,0.0,2.0,2.0,2.0,2.0,5.0,2.0,2.0,1.0,4.0,33.0,1
3.0,1.0,27.0,5.0,4.0,1.0,2.0,0.0,9.0,2.0,1.0,1.0,1.0,729.0,3.0,3.0,1.0,0.0,48.0,0.0,2.0,0.0,2.0,2.0,2.0,2.0,0.0,99.0,11.0,5.0,9.0,9.0,4.0,1.0,2.0,2.0,2.0,0.0,2.0,2.0,2.0,2.0,5.0,2.0,2.0,3.0,4.0,33.0,1
1.0,2.0,44.0,5.0,1.0,1.0,2.0,0.0,4.0,2.0,1.0,1.0,3.0,1936.0,3.0,1.0,2.0,3.0,16.0,8.0,1.0,1.0,1.0,1.0,3.0,2.0,0.0,3.0,11.0,6.0,1.0,1.0,4.0,2.0,2.0,2.0,2.0,5.0,2.0,2.0,2.0,1.0,0.0,2.0,1.0,1.0,1.0,33.0,1
3.0,2.0,19.0,5.0,4.0,1.0,2.0,0.0,4.0,1.0,1.0,1.0,4.0,361.0,2.0,1.0,1.0,0.0,3.0,0.0,1.0,1.0,1.0,1.0,2.0,2.0,0.0,1.0,9.0,0.0,0.0,0.0,0.0,0.0,0.0,0.0,0.0,0.0,0.0,0.0,0.0,0.0,0.0,0.0,0.0,0.0,0.0,33.0,0
1.0,2.0,34.0,2.0,4.0,1.0,2.0,0.0,4.0,2.0,1.0,1.0,3.0,1156.0,3.0,2.0,1.0,0.0,25.0,0.0,2.0,0.0,2.0,2.0,2.0,1.0,1.0,0.0,0.0,0.0,0.0,0.0,0.0,2.0,2.0,2.0,2.0,5.0,2.0,2.0,2.0,2.0,5.0,2.0,2.0,1.0,4.0,33.0,1
3.0,1.0,50.0,3.0,4.0,1.0,2.0,0.0,4.0,1.0,1.0,1.0,4.0,2500.0,2.0,2.0,1.0,0.0,42.0,0.0,2.0,0.0,2.0,2.0,2.0,2.0,0.0,1.0,8.0,0.0,0.0,0.0,0.0,0.0,0.0,0.0,0.0,0.0,0.0,0.0,0.0,0.0,0.0,0.0,0.0,0.0,0.0,33.0,0
9.0,1.0,56.0,5.0,4.0,1.0,2.0,0.0,4.0,2.0,1.0,1.0,3.0,3136.0,3.0,1.0,1.0,0.0,12.0,0.0,1.0,1.0,2.0,1.0,2.0,2.0,0.0,2.0,11.0,1.0,1.0,1.0,4.0,2.0,2.0,2.0,2.0,5.0,2.0,2.0,2.0,2.0,5.0,2.0,2.0,1.0,4.0,33.0,1
1.0,2.0,72.0,1.0,1.0,1.0,2.0,0.0,6.0,1.0,1.0,1.0,6.0,5184.0,2.0,2.0,1.0,0.0,36.0,0.0,2.0,0.0,2.0,2.0,2.0,2.0,0.0,2.0,12.0,0.0,0.0,0.0,0.0,0.0,0.0,0.0,0.0,0.0,0.0,0.0,0.0,0.0,0.0,0.0,0.0,0.0,0.0,33.0,0
2.0,1.0,53.0,1.0,4.0,1.0,2.0,0.0,2.0,1.0,3.0,1.0,2.0,2809.0,2.0,2.0,1.0,0.0,36.0,0.0,2.0,0.0,2.0,2.0,2.0,2.0,0.0,2.0,12.0,0.0,0.0,0.0,0.0,0.0,0.0,0.0,0.0,0.0,0.0,0.0,0.0,0.0,0.0,0.0,0.0,0.0,0.0,33.0,0
1.0,1.0,52.0,1.0,1.0,1.0,2.0,0.0,7.0,1.0,1.0,1.0,6.0,2704.0,3.0,2.0,1.0,0.0,45.0,0.0,2.0,0.0,2.0,2.0,2.0,2.0,0.0,8.0,11.0,5.0,2.0,0.0,0.0,2.0,2.0,2.0,2.0,5.0,1.0,1.0,1.0,1.0,0.0,1.0,0.0,1.0,1.0,33.0,0
2.0,2.0,50.0,1.0,1.0,1.0,2.0,0.0,7.0,1.0,3.0,1.0,6.0,2500.0,3.0,2.0,1.0,0.0,45.0,0.0,2.0,0.0,2.0,2.0,2.0,2.0,0.0,8.0,11.0,6.0,2.0,0.0,0.0,2.0,2.0,2.0,2.0,5.0,1.0,1.0,1.0,1.0,0.0,1.0,0.0,1.0,1.0,33.0,0
1.0,1.0,25.0,1.0,1.0,1.0,2.0,0.0,4.0,1.0,4.0,1.0,4.0,625.0,3.0,2.0,1.0,0.0,45.0,0.0,2.0,0.0,2.0,2.0,2.0,2.0,0.0,8.0,11.0,3.0,2.0,0.0,0.0,2.0,2.0,2.0,2.0,5.0,1.0,1.0,1.0,1.0,0.0,1.0,0.0,1.0,1.0,32.0,0
1.0,1.0,47.0,3.0,1.0,1.0,2.0,0.0,4.0,1.0,1.0,1.0,4.0,2209.0,3.0,2.0,1.0,0.0,40.0,0.0,2.0,0.0,2.0,2.0,1.0,2.0,0.0,99.0,11.0,6.0,2.0,0.0,0.0,2.0,2.0,2.0,2.0,5.0,1.0,1.0,1.0,1.0,0.0,1.0,0.0,1.0,1.0,33.0,0
1.0,1.0,48.0,2.0,1.0,1.0,2.0,0.0,6.0,1.0,1.0,1.0,6.0,2304.0,3.0,4.0,0.0,0.0,0.0,0.0,2.0,0.0,2.0,2.0,1.0,2.0,0.0,9.0,11.0,6.0,2.0,0.0,0.0,2.0,2.0,2.0,2.0,5.0,1.0,1.0,1.0,1.0,0.0,1.0,0.0,1.0,1.0,33.0,0
2.0,2.0,46.0,2.0,1.0,1.0,2.0,0.0,4.0,1.0,1.0,1.0,4.0,2116.0,2.0,1.0,1.0,0.0,15.0,0.0,1.0,1.0,1.0,2.0,2.0,2.0,0.0,1.0,11.0,0.0,0.0,0.0,0.0,0.0,0.0,0.0,0.0,0.0,0.0,0.0,0.0,0.0,0.0,0.0,0.0,0.0,0.0,33.0,0
3.0,2.0,27.0,5.0,1.0,1.0,2.0,0.0,4.0,1.0,1.0,1.0,4.0,729.0,3.0,2.0,1.0,0.0,45.0,0.0,2.0,0.0,2.0,2.0,2.0,2.0,0.0,11.0,11.0,6.0,2.0,0.0,0.0,2.0,2.0,2.0,2.0,5.0,1.0,1.0,1.0,1.0,0.0,1.0,0.0,1.0,1.0,33.0,0
2.0,2.0,47.0,1.0,4.0,1.0,2.0,0.0,4.0,2.0,1.0,1.0,3.0,2209.0,3.0,2.0,1.0,0.0,18.0,0.0,2.0,0.0,2.0,2.0,2.0,1.0,1.0,0.0,0.0,0.0,0.0,0.0,0.0,2.0,2.0,2.0,2.0,5.0,2.0,1.0,2.0,2.0,0.0,2.0,2.0,1.0,4.0,33.0,1
3.0,2.0,23.0,2.0,1.0,1.0,2.0,0.0,7.0,2.0,1.0,1.0,5.0,529.0,3.0,2.0,1.0,0.0,43.0,0.0,2.0,0.0,2.0,2.0,2.0,2.0,0.0,99.0,11.0,2.0,2.0,0.0,0.0,2.0,2.0,2.0,2.0,5.0,1.0,1.0,1.0,1.0,0.0,1.0,0.0,1.0,1.0,33.0,0
1.0,2.0,75.0,4.0,1.0,1.0,2.0,0.0,6.0,1.0,1.0,1.0,6.0,5625.0,2.0,2.0,1.0,0.0,4.0,0.0,2.0,0.0,2.0,2.0,2.0,2.0,0.0,1.0,12.0,0.0,0.0,0.0,0.0,0.0,0.0,0.0,0.0,0.0,0.0,0.0,0.0,0.0,0.0,0.0,0.0,0.0,0.0,33.0,0
3.0,1.0,39.0,3.0,4.0,1.0,2.0,0.0,4.0,2.0,1.0,1.0,3.0,1521.0,2.0,1.0,1.0,0.0,18.0,0.0,1.0,1.0,1.0,1.0,2.0,2.0,0.0,1.0,8.0,0.0,0.0,0.0,0.0,0.0,0.0,0.0,0.0,0.0,0.0,0.0,0.0,0.0,0.0,0.0,0.0,0.0,0.0,33.0,0
1.0,1.0,61.0,4.0,1.0,1.0,2.0,0.0,2.0,1.0,1.0,1.0,2.0,3721.0,3.0,2.0,1.0,0.0,35.0,0.0,1.0,1.0,1.0,2.0,2.0,2.0,0.0,5.0,11.0,6.0,2.0,0.0,0.0,2.0,2.0,2.0,2.0,5.0,1.0,1.0,1.0,1.0,0.0,1.0,0.0,1.0,1.0,33.0,0
3.0,1.0,33.0,5.0,4.0,1.0,2.0,0.0,4.0,1.0,1.0,1.0,4.0,1089.0,3.0,3.0,1.0,0.0,60.0,0.0,2.0,0.0,2.0,2.0,2.0,2.0,0.0,6.0,11.0,5.0,2.0,0.0,0.0,2.0,2.0,2.0,2.0,5.0,2.0,2.0,2.0,2.0,5.0,2.0,2.0,3.0,4.0,33.0,1
1.0,2.0,64.0,4.0,1.0,1.0,2.0,0.0,2.0,2.0,1.0,1.0,1.0,4096.0,3.0,2.0,1.0,0.0,24.0,0.0,2.0,0.0,2.0,2.0,2.0,2.0,0.0,8.0,8.0,6.0,2.0,0.0,0.0,2.0,2.0,2.0,2.0,5.0,1.0,1.0,1.0,1.0,0.0,1.0,0.0,1.0,1.0,32.0,0
1.0,1.0,66.0,3.0,1.0,1.0,2.0,0.0,7.0,2.0,1.0,1.0,5.0,4356.0,3.0,2.0,1.0,0.0,35.0,0.0,2.0,0.0,2.0,2.0,1.0,2.0,0.0,11.0,11.0,6.0,2.0,0.0,0.0,2.0,2.0,2.0,2.0,5.0,1.0,1.0,1.0,1.0,0.0,1.0,0.0,1.0,1.0,32.0,0
3.0,1.0,18.0,5.0,4.0,1.0,2.0,0.0,4.0,2.0,1.0,1.0,3.0,324.0,3.0,1.0,1.0,0.0,30.0,0.0,1.0,1.0,1.0,2.0,3.0,2.0,0.0,99.0,11.0,6.0,2.0,0.0,0.0,2.0,2.0,2.0,2.0,5.0,2.0,2.0,2.0,2.0,5.0,2.0,2.0,1.0,5.0,33.0,1
1.0,1.0,53.0,5.0,1.0,1.0,2.0,0.0,7.0,2.0,1.0,1.0,5.0,2809.0,3.0,4.0,0.0,0.0,0.0,0.0,2.0,0.0,2.0,2.0,2.0,2.0,0.0,12.0,11.0,6.0,2.0,0.0,0.0,1.0,2.0,1.0,2.0,0.0,1.0,1.0,1.0,1.0,0.0,1.0,0.0,3.0,1.0,33.0,0
2.0,1.0,29.0,2.0,4.0,1.0,2.0,0.0,4.0,2.0,1.0,1.0,3.0,841.0,2.0,3.0,1.0,0.0,60.0,0.0,2.0,0.0,2.0,2.0,2.0,2.0,0.0,1.0,11.0,0.0,0.0,0.0,0.0,0.0,0.0,0.0,0.0,0.0,0.0,0.0,0.0,0.0,0.0,0.0,0.0,0.0,0.0,33.0,0
3.0,1.0,32.0,5.0,1.0,1.0,2.0,0.0,4.0,1.0,1.0,1.0,4.0,1024.0,3.0,2.0,1.0,0.0,45.0,0.0,2.0,0.0,2.0,2.0,2.0,2.0,0.0,10.0,11.0,6.0,2.0,0.0,0.0,2.0,2.0,2.0,2.0,5.0,1.0,1.0,1.0,1.0,0.0,1.0,0.0,1.0,1.0,33.0,0
3.0,2.0,32.0,5.0,1.0,1.0,2.0,0.0,4.0,1.0,1.0,1.0,4.0,1024.0,3.0,2.0,1.0,0.0,40.0,0.0,2.0,0.0,2.0,2.0,2.0,2.0,0.0,8.0,11.0,6.0,2.0,0.0,0.0,2.0,2.0,2.0,2.0,5.0,1.0,1.0,1.0,1.0,0.0,1.0,0.0,1.0,1.0,33.0,0
1.0,1.0,54.0,1.0,4.0,1.0,2.0,0.0,4.0,2.0,4.0,1.0,3.0,2916.0,2.0,3.0,1.0,0.0,48.0,0.0,2.0,0.0,2.0,2.0,2.0,2.0,0.0,1.0,11.0,0.0,0.0,0.0,0.0,0.0,0.0,0.0,0.0,0.0,0.0,0.0,0.0,0.0,0.0,0.0,0.0,0.0,0.0,33.0,0
2.0,2.0,48.0,1.0,4.0,1.0,2.0,0.0,7.0,1.0,1.0,1.0,6.0,2304.0,2.0,1.0,1.0,0.0,20.0,0.0,1.0,1.0,1.0,1.0,2.0,2.0,0.0,1.0,8.0,0.0,0.0,0.0,0.0,0.0,0.0,0.0,0.0,0.0,0.0,0.0,0.0,0.0,0.0,0.0,0.0,0.0,0.0,33.0,0
3.0,2.0,21.0,5.0,1.0,1.0,2.0,0.0,4.0,2.0,1.0,1.0,3.0,441.0,3.0,3.0,1.0,0.0,48.0,0.0,2.0,0.0,2.0,2.0,2.0,2.0,0.0,2.0,11.0,5.0,2.0,0.0,0.0,1.0,2.0,2.0,2.0,0.0,1.0,1.0,1.0,1.0,0.0,1.0,0.0,1.0,1.0,33.0,0
1.0,1.0,44.0,1.0,1.0,1.0,2.0,0.0,7.0,1.0,1.0,1.0,6.0,1936.0,2.0,2.0,2.0,2.0,20.0,12.0,2.0,0.0,2.0,2.0,2.0,2.0,0.0,1.0,12.0,0.0,0.0,0.0,0.0,0.0,0.0,0.0,0.0,0.0,0.0,0.0,0.0,0.0,0.0,0.0,0.0,0.0,0.0,33.0,0
1.0,1.0,59.0,2.0,1.0,1.0,2.0,0.0,4.0,1.0,3.0,1.0,4.0,3481.0,3.0,3.0,1.0,0.0,50.0,0.0,2.0,0.0,2.0,2.0,2.0,2.0,0.0,99.0,11.0,6.0,2.0,0.0,0.0,2.0,2.0,2.0,2.0,5.0,1.0,1.0,1.0,1.0,0.0,1.0,0.0,1.0,1.0,33.0,0
9.0,2.0,52.0,5.0,1.0,1.0,2.0,0.0,4.0,1.0,1.0,1.0,4.0,2704.0,3.0,2.0,1.0,0.0,40.0,0.0,2.0,0.0,2.0,2.0,2.0,2.0,0.0,99.0,11.0,6.0,2.0,0.0,0.0,2.0,2.0,2.0,2.0,5.0,1.0,1.0,1.0,1.0,0.0,1.0,0.0,1.0,1.0,33.0,0
2.0,2.0,51.0,2.0,4.0,1.0,2.0,0.0,4.0,2.0,4.0,1.0,3.0,2601.0,3.0,4.0,0.0,0.0,0.0,0.0,2.0,0.0,2.0,2.0,2.0,1.0,3.0,0.0,0.0,0.0,0.0,0.0,0.0,1.0,2.0,2.0,2.0,0.0,2.0,2.0,2.0,2.0,5.0,2.0,2.0,1.0,4.0,33.0,1
1.0,1.0,41.0,1.0,1.0,1.0,2.0,0.0,2.0,1.0,3.0,1.0,2.0,1681.0,3.0,3.0,1.0,0.0,48.0,0.0,2.0,0.0,2.0,2.0,2.0,2.0,0.0,6.0,11.0,6.0,2.0,0.0,0.0,2.0,2.0,2.0,2.0,5.0,1.0,1.0,1.0,1.0,0.0,1.0,0.0,3.0,1.0,33.0,0
3.0,1.0,34.0,5.0,4.0,1.0,1.0,2.0,6.0,2.0,1.0,1.0,5.0,1156.0,3.0,3.0,1.0,0.0,48.0,0.0,2.0,0.0,2.0,2.0,2.0,2.0,0.0,3.0,11.0,6.0,2.0,0.0,0.0,2.0,2.0,2.0,2.0,5.0,2.0,2.0,2.0,2.0,5.0,2.0,2.0,1.0,4.0,33.0,1
3.0,2.0,33.0,3.0,4.0,1.0,2.0,0.0,2.0,1.0,1.0,1.0,2.0,1089.0,3.0,2.0,1.0,0.0,44.0,0.0,1.0,1.0,2.0,2.0,2.0,1.0,1.0,0.0,0.0,0.0,0.0,0.0,0.0,1.0,2.0,2.0,1.0,0.0,2.0,2.0,2.0,2.0,5.0,2.0,2.0,1.0,4.0,33.0,1
1.0,2.0,32.0,2.0,4.0,1.0,2.0,0.0,2.0,1.0,1.0,1.0,2.0,1024.0,3.0,3.0,2.0,2.0,36.0,18.0,2.0,0.0,2.0,2.0,2.0,2.0,0.0,5.0,11.0,2.0,2.0,0.0,0.0,1.0,2.0,2.0,2.0,0.0,2.0,2.0,2.0,2.0,5.0,2.0,2.0,1.0,4.0,33.0,1
2.0,1.0,33.0,2.0,4.0,1.0,2.0,0.0,2.0,1.0,1.0,1.0,2.0,1089.0,2.0,4.0,0.0,0.0,0.0,0.0,2.0,0.0,2.0,2.0,2.0,2.0,0.0,1.0,9.0,0.0,0.0,0.0,0.0,0.0,0.0,0.0,0.0,0.0,0.0,0.0,0.0,0.0,0.0,0.0,0.0,0.0,0.0,33.0,0
3.0,2.0,31.0,5.0,1.0,1.0,2.0,0.0,6.0,1.0,1.0,1.0,6.0,961.0,3.0,2.0,1.0,0.0,45.0,0.0,2.0,0.0,2.0,2.0,2.0,2.0,0.0,8.0,11.0,6.0,2.0,0.0,0.0,2.0,2.0,1.0,2.0,0.0,1.0,1.0,1.0,1.0,0.0,1.0,0.0,1.0,1.0,33.0,0
1.0,2.0,49.0,5.0,1.0,1.0,2.0,0.0,6.0,1.0,1.0,1.0,6.0,2401.0,3.0,1.0,2.0,2.0,14.0,5.0,1.0,1.0,1.0,1.0,1.0,2.0,0.0,9.0,11.0,6.0,2.0,0.0,0.0,2.0,2.0,2.0,2.0,5.0,1.0,1.0,1.0,1.0,0.0,1.0,0.0,1.0,1.0,33.0,0
1.0,1.0,46.0,1.0,4.0,1.0,2.0,0.0,4.0,1.0,1.0,1.0,4.0,2116.0,3.0,2.0,1.0,0.0,35.0,0.0,1.0,1.0,2.0,2.0,2.0,2.0,0.0,8.0,11.0,6.0,2.0,0.0,0.0,2.0,2.0,2.0,2.0,5.0,1.0,1.0,1.0,2.0,0.0,1.0,0.0,1.0,1.0,33.0,0
2.0,2.0,46.0,1.0,1.0,1.0,2.0,0.0,4.0,1.0,1.0,1.0,4.0,2116.0,3.0,2.0,1.0,0.0,42.0,0.0,2.0,0.0,2.0,2.0,2.0,2.0,0.0,5.0,11.0,2.0,2.0,0.0,0.0,2.0,2.0,2.0,2.0,5.0,1.0,1.0,1.0,1.0,0.0,1.0,0.0,1.0,9.0,33.0,0
3.0,1.0,53.0,1.0,1.0,1.0,2.0,0.0,4.0,1.0,1.0,1.0,4.0,2809.0,3.0,3.0,1.0,0.0,63.0,0.0,2.0,0.0,2.0,2.0,2.0,2.0,0.0,4.0,11.0,5.0,1.0,9.0,4.0,1.0,2.0,2.0,2.0,0.0,2.0,2.0,2.0,2.0,5.0,2.0,1.0,3.0,3.0,33.0,1
1.0,1.0,35.0,1.0,1.0,1.0,2.0,0.0,4.0,1.0,1.0,1.0,4.0,1225.0,3.0,3.0,1.0,0.0,48.0,0.0,2.0,0.0,2.0,2.0,2.0,2.0,0.0,99.0,11.0,6.0,2.0,0.0,0.0,2.0,2.0,2.0,2.0,5.0,1.0,1.0,1.0,1.0,0.0,1.0,0.0,1.0,1.0,33.0,0
2.0,2.0,36.0,1.0,1.0,1.0,1.0,1.0,6.0,2.0,1.0,1.0,5.0,1296.0,3.0,1.0,1.0,0.0,16.0,0.0,1.0,2.0,2.0,2.0,3.0,2.0,0.0,99.0,11.0,5.0,2.0,0.0,0.0,2.0,2.0,2.0,2.0,5.0,2.0,2.0,2.0,2.0,5.0,2.0,1.0,1.0,3.0,33.0,1
1.0,1.0,46.0,3.0,1.0,1.0,2.0,0.0,6.0,2.0,1.0,1.0,5.0,2116.0,1.0,2.0,1.0,0.0,45.0,0.0,2.0,0.0,2.0,2.0,2.0,2.0,0.0,3.0,8.0,0.0,0.0,0.0,0.0,0.0,0.0,0.0,0.0,0.0,0.0,0.0,0.0,0.0,0.0,0.0,0.0,0.0,0.0,33.0,0
3.0,2.0,25.0,5.0,1.0,1.0,1.0,1.0,6.0,2.0,1.0,1.0,5.0,625.0,3.0,2.0,1.0,0.0,25.0,0.0,2.0,0.0,2.0,2.0,2.0,2.0,0.0,99.0,11.0,5.0,2.0,0.0,0.0,2.0,2.0,2.0,2.0,5.0,1.0,1.0,1.0,1.0,0.0,1.0,0.0,1.0,1.0,33.0,0
1.0,1.0,50.0,1.0,1.0,1.0,2.0,0.0,7.0,1.0,1.0,1.0,6.0,2500.0,3.0,4.0,0.0,0.0,0.0,0.0,2.0,0.0,2.0,2.0,2.0,2.0,0.0,12.0,11.0,5.0,2.0,0.0,0.0,1.0,2.0,2.0,2.0,0.0,1.0,1.0,1.0,1.0,0.0,1.0,0.0,1.0,1.0,33.0,0
1.0,2.0,44.0,2.0,4.0,1.0,2.0,0.0,2.0,1.0,1.0,1.0,2.0,1936.0,3.0,4.0,0.0,0.0,0.0,0.0,2.0,0.0,2.0,1.0,1.0,2.0,0.0,6.0,11.0,6.0,1.0,9.0,4.0,1.0,2.0,2.0,2.0,0.0,2.0,2.0,2.0,2.0,5.0,2.0,2.0,1.0,4.0,33.0,1
2.0,1.0,62.0,2.0,1.0,1.0,2.0,0.0,2.0,1.0,3.0,1.0,2.0,3844.0,2.0,2.0,1.0,0.0,45.0,0.0,1.0,1.0,1.0,2.0,2.0,2.0,0.0,1.0,11.0,0.0,0.0,0.0,0.0,0.0,0.0,0.0,0.0,0.0,0.0,0.0,0.0,0.0,0.0,0.0,0.0,0.0,0.0,33.0,0
1.0,1.0,50.0,2.0,4.0,1.0,2.0,0.0,2.0,1.0,1.0,1.0,2.0,2500.0,2.0,3.0,1.0,0.0,50.0,0.0,2.0,0.0,2.0,2.0,2.0,2.0,0.0,1.0,11.0,0.0,0.0,0.0,0.0,0.0,0.0,0.0,0.0,0.0,0.0,0.0,0.0,0.0,0.0,0.0,0.0,0.0,0.0,33.0,0
3.0,2.0,23.0,5.0,1.0,1.0,2.0,0.0,4.0,1.0,1.0,1.0,4.0,529.0,3.0,2.0,1.0,0.0,40.0,0.0,2.0,0.0,2.0,2.0,1.0,2.0,0.0,99.0,11.0,4.0,2.0,0.0,0.0,2.0,2.0,2.0,2.0,5.0,1.0,1.0,1.0,1.0,0.0,1.0,0.0,1.0,1.0,33.0,0
1.0,2.0,57.0,1.0,1.0,1.0,2.0,0.0,4.0,1.0,1.0,1.0,4.0,3249.0,3.0,2.0,1.0,0.0,40.0,0.0,2.0,0.0,2.0,2.0,1.0,2.0,0.0,99.0,11.0,6.0,2.0,0.0,0.0,2.0,2.0,2.0,2.0,5.0,1.0,1.0,1.0,1.0,0.0,1.0,0.0,1.0,1.0,33.0,0
2.0,1.0,56.0,1.0,1.0,1.0,2.0,0.0,4.0,1.0,1.0,1.0,4.0,3136.0,2.0,2.0,1.0,0.0,35.0,0.0,2.0,0.0,2.0,2.0,2.0,2.0,0.0,1.0,8.0,0.0,0.0,0.0,0.0,0.0,0.0,0.0,0.0,0.0,0.0,0.0,0.0,0.0,0.0,0.0,0.0,0.0,0.0,33.0,0
3.0,1.0,29.0,5.0,1.0,1.0,2.0,0.0,4.0,1.0,1.0,1.0,4.0,841.0,3.0,2.0,1.0,0.0,35.0,0.0,2.0,0.0,2.0,2.0,1.0,2.0,0.0,99.0,11.0,5.0,2.0,0.0,0.0,2.0,2.0,2.0,2.0,5.0,1.0,1.0,1.0,1.0,0.0,1.0,0.0,3.0,1.0,33.0,0
1.0,2.0,57.0,4.0,1.0,1.0,2.0,0.0,2.0,1.0,3.0,1.0,2.0,3249.0,2.0,2.0,1.0,0.0,34.0,0.0,2.0,0.0,2.0,2.0,2.0,2.0,0.0,1.0,12.0,0.0,0.0,0.0,0.0,0.0,0.0,0.0,0.0,0.0,0.0,0.0,0.0,0.0,0.0,0.0,0.0,0.0,0.0,33.0,0
3.0,1.0,24.0,5.0,4.0,1.0,2.0,0.0,4.0,1.0,1.0,1.0,4.0,576.0,3.0,2.0,1.0,0.0,40.0,0.0,2.0,0.0,2.0,2.0,2.0,2.0,0.0,99.0,11.0,5.0,9.0,9.0,4.0,2.0,2.0,2.0,2.0,5.0,2.0,2.0,2.0,2.0,5.0,2.0,2.0,1.0,4.0,33.0,1
3.0,1.0,17.0,5.0,4.0,1.0,2.0,0.0,4.0,2.0,1.0,1.0,3.0,289.0,2.0,2.0,1.0,0.0,36.0,0.0,2.0,0.0,2.0,2.0,2.0,2.0,0.0,1.0,12.0,0.0,0.0,0.0,0.0,0.0,0.0,0.0,0.0,0.0,0.0,0.0,0.0,0.0,0.0,0.0,0.0,0.0,0.0,33.0,0
1.0,2.0,79.0,4.0,2.0,1.0,2.0,0.0,4.0,2.0,1.0,1.0,3.0,6241.0,3.0,2.0,1.0,0.0,20.0,0.0,2.0,0.0,2.0,2.0,2.0,2.0,0.0,3.0,12.0,6.0,2.0,0.0,0.0,2.0,2.0,2.0,2.0,5.0,2.0,2.0,2.0,2.0,5.0,2.0,2.0,1.0,4.0,33.0,1
1.0,2.0,49.0,5.0,1.0,1.0,2.0,0.0,7.0,2.0,1.0,1.0,5.0,2401.0,3.0,2.0,1.0,0.0,40.0,0.0,2.0,0.0,2.0,2.0,3.0,2.0,0.0,12.0,6.0,6.0,2.0,0.0,0.0,2.0,2.0,2.0,2.0,5.0,1.0,1.0,1.0,1.0,0.0,1.0,0.0,1.0,1.0,33.0,0
3.0,1.0,27.0,5.0,1.0,1.0,2.0,0.0,7.0,1.0,1.0,1.0,6.0,729.0,2.0,1.0,1.0,0.0,20.0,0.0,1.0,1.0,1.0,1.0,2.0,2.0,0.0,1.0,11.0,0.0,0.0,0.0,0.0,0.0,0.0,0.0,0.0,0.0,0.0,0.0,0.0,0.0,0.0,0.0,0.0,0.0,0.0,33.0,0
1.0,2.0,48.0,5.0,4.0,1.0,2.0,0.0,2.0,1.0,3.0,1.0,2.0,2304.0,3.0,2.0,1.0,0.0,12.0,0.0,2.0,0.0,2.0,2.0,2.0,1.0,1.0,0.0,0.0,0.0,0.0,0.0,0.0,2.0,2.0,2.0,2.0,5.0,2.0,2.0,2.0,2.0,5.0,2.0,2.0,3.0,4.0,33.0,1
3.0,1.0,19.0,5.0,4.0,1.0,2.0,0.0,4.0,2.0,1.0,1.0,3.0,361.0,3.0,2.0,1.0,0.0,24.0,0.0,2.0,0.0,2.0,1.0,2.0,2.0,0.0,2.0,9.0,1.0,9.0,1.0,4.0,2.0,2.0,2.0,2.0,5.0,2.0,2.0,2.0,2.0,5.0,2.0,2.0,2.0,4.0,33.0,1
1.0,2.0,40.0,1.0,1.0,1.0,2.0,0.0,4.0,1.0,3.0,1.0,4.0,1600.0,3.0,2.0,1.0,0.0,24.0,0.0,2.0,0.0,2.0,2.0,3.0,2.0,0.0,10.0,9.0,5.0,2.0,0.0,0.0,2.0,2.0,2.0,2.0,5.0,2.0,1.0,2.0,2.0,0.0,1.0,0.0,1.0,2.0,33.0,0
2.0,1.0,50.0,1.0,1.0,1.0,2.0,0.0,2.0,1.0,1.0,1.0,2.0,2500.0,3.0,2.0,1.0,0.0,45.0,0.0,2.0,0.0,2.0,2.0,1.0,2.0,0.0,4.0,11.0,6.0,2.0,0.0,0.0,2.0,2.0,2.0,2.0,5.0,1.0,1.0,1.0,1.0,0.0,1.0,0.0,1.0,1.0,33.0,0
1.0,1.0,70.0,1.0,4.0,1.0,2.0,0.0,2.0,2.0,4.0,1.0,1.0,4900.0,2.0,3.0,1.0,0.0,91.0,0.0,2.0,0.0,2.0,2.0,2.0,2.0,0.0,1.0,12.0,0.0,0.0,0.0,0.0,0.0,0.0,0.0,0.0,0.0,0.0,0.0,0.0,0.0,0.0,0.0,0.0,0.0,0.0,33.0,0
3.0,1.0,35.0,3.0,4.0,1.0,2.0,0.0,4.0,1.0,1.0,1.0,4.0,1225.0,2.0,2.0,1.0,0.0,45.0,0.0,2.0,0.0,2.0,2.0,2.0,2.0,0.0,2.0,8.0,0.0,0.0,0.0,0.0,0.0,0.0,0.0,0.0,0.0,0.0,0.0,0.0,0.0,0.0,0.0,0.0,0.0,0.0,33.0,0
1.0,1.0,27.0,1.0,1.0,1.0,2.0,0.0,6.0,1.0,1.0,1.0,6.0,729.0,3.0,2.0,1.0,0.0,40.0,0.0,2.0,0.0,2.0,2.0,2.0,2.0,0.0,99.0,6.0,5.0,2.0,0.0,0.0,2.0,2.0,2.0,2.0,5.0,1.0,1.0,1.0,1.0,0.0,1.0,0.0,1.0,1.0,32.0,0
2.0,2.0,27.0,1.0,1.0,1.0,2.0,0.0,4.0,1.0,1.0,1.0,4.0,729.0,3.0,2.0,1.0,0.0,40.0,0.0,2.0,0.0,2.0,2.0,2.0,2.0,0.0,6.0,11.0,3.0,2.0,0.0,0.0,2.0,2.0,2.0,2.0,5.0,1.0,1.0,1.0,1.0,0.0,1.0,0.0,1.0,1.0,32.0,0
1.0,2.0,52.0,5.0,1.0,1.0,2.0,0.0,7.0,1.0,1.0,1.0,6.0,2704.0,3.0,2.0,1.0,0.0,45.0,0.0,2.0,0.0,2.0,2.0,2.0,2.0,0.0,10.0,11.0,6.0,2.0,0.0,0.0,2.0,2.0,2.0,2.0,5.0,1.0,1.0,1.0,1.0,0.0,1.0,0.0,1.0,1.0,33.0,0
1.0,2.0,34.0,5.0,1.0,1.0,2.0,0.0,4.0,1.0,3.0,1.0,4.0,1156.0,3.0,2.0,1.0,0.0,36.0,0.0,1.0,1.0,1.0,2.0,1.0,2.0,0.0,11.0,11.0,6.0,2.0,0.0,0.0,1.0,1.0,2.0,2.0,0.0,1.0,1.0,1.0,1.0,0.0,1.0,0.0,3.0,1.0,33.0,0
1.0,1.0,55.0,2.0,1.0,1.0,2.0,0.0,4.0,1.0,1.0,1.0,4.0,3025.0,2.0,3.0,1.0,0.0,48.0,0.0,2.0,0.0,2.0,2.0,2.0,2.0,0.0,1.0,4.0,0.0,0.0,0.0,0.0,0.0,0.0,0.0,0.0,0.0,0.0,0.0,0.0,0.0,0.0,0.0,0.0,0.0,0.0,33.0,0
2.0,2.0,55.0,2.0,1.0,1.0,2.0,0.0,7.0,2.0,1.0,1.0,5.0,3025.0,3.0,2.0,1.0,0.0,40.0,0.0,2.0,0.0,2.0,2.0,2.0,2.0,0.0,12.0,11.0,6.0,2.0,0.0,0.0,2.0,2.0,2.0,2.0,5.0,1.0,1.0,1.0,1.0,0.0,1.0,0.0,1.0,1.0,33.0,0
1.0,2.0,42.0,2.0,1.0,1.0,2.0,0.0,7.0,1.0,5.0,1.0,6.0,1764.0,3.0,1.0,1.0,0.0,20.0,0.0,1.0,1.0,2.0,2.0,2.0,2.0,0.0,2.0,11.0,5.0,2.0,0.0,0.0,2.0,2.0,2.0,2.0,5.0,1.0,1.0,1.0,1.0,0.0,1.0,0.0,1.0,1.0,32.0,0
2.0,1.0,40.0,2.0,1.0,1.0,2.0,0.0,6.0,1.0,5.0,1.0,6.0,1600.0,2.0,2.0,1.0,0.0,20.0,0.0,2.0,0.0,2.0,2.0,2.0,2.0,0.0,1.0,8.0,0.0,0.0,0.0,0.0,0.0,0.0,0.0,0.0,0.0,0.0,0.0,0.0,0.0,0.0,0.0,0.0,0.0,0.0,32.0,0
1.0,1.0,71.0,2.0,2.0,1.0,2.0,0.0,7.0,2.0,1.0,1.0,5.0,5041.0,2.0,3.0,1.0,0.0,48.0,0.0,2.0,0.0,2.0,2.0,2.0,2.0,0.0,1.0,4.0,0.0,0.0,0.0,0.0,0.0,0.0,0.0,0.0,0.0,0.0,0.0,0.0,0.0,0.0,0.0,0.0,0.0,0.0,32.0,0
3.0,2.0,32.0,5.0,2.0,1.0,2.0,0.0,7.0,1.0,1.0,1.0,6.0,1024.0,3.0,2.0,2.0,2.0,35.0,6.0,2.0,0.0,2.0,2.0,1.0,2.0,0.0,12.0,11.0,5.0,2.0,0.0,0.0,2.0,2.0,2.0,2.0,5.0,1.0,1.0,1.0,1.0,0.0,1.0,0.0,1.0,1.0,32.0,0
3.0,2.0,32.0,5.0,2.0,1.0,2.0,0.0,7.0,1.0,1.0,1.0,6.0,1024.0,2.0,3.0,2.0,5.0,36.0,20.0,2.0,0.0,2.0,2.0,2.0,2.0,0.0,3.0,11.0,0.0,0.0,0.0,0.0,0.0,0.0,0.0,0.0,0.0,0.0,0.0,0.0,0.0,0.0,0.0,0.0,0.0,0.0,32.0,0
2.0,2.0,79.0,2.0,1.0,1.0,2.0,0.0,6.0,1.0,2.0,1.0,6.0,6241.0,3.0,2.0,1.0,0.0,4.0,0.0,2.0,0.0,2.0,2.0,2.0,2.0,0.0,99.0,11.0,5.0,2.0,0.0,0.0,2.0,2.0,2.0,2.0,5.0,2.0,2.0,2.0,2.0,5.0,2.0,2.0,1.0,2.0,33.0,1
1.0,1.0,44.0,1.0,4.0,1.0,2.0,0.0,4.0,1.0,1.0,1.0,4.0,1936.0,2.0,1.0,1.0,0.0,16.0,0.0,1.0,1.0,1.0,2.0,2.0,2.0,0.0,1.0,8.0,0.0,0.0,0.0,0.0,0.0,0.0,0.0,0.0,0.0,0.0,0.0,0.0,0.0,0.0,0.0,0.0,0.0,0.0,33.0,0
2.0,2.0,47.0,1.0,4.0,1.0,2.0,0.0,7.0,2.0,1.0,1.0,5.0,2209.0,2.0,1.0,1.0,0.0,9.0,0.0,1.0,1.0,1.0,2.0,2.0,2.0,0.0,1.0,6.0,0.0,0.0,0.0,0.0,0.0,0.0,0.0,0.0,0.0,0.0,0.0,0.0,0.0,0.0,0.0,0.0,0.0,0.0,33.0,0
3.0,2.0,45.0,5.0,1.0,1.0,2.0,0.0,2.0,1.0,1.0,1.0,2.0,2025.0,3.0,2.0,1.0,0.0,42.0,0.0,2.0,0.0,2.0,2.0,2.0,2.0,0.0,99.0,11.0,6.0,2.0,0.0,0.0,2.0,2.0,2.0,2.0,5.0,1.0,1.0,1.0,1.0,0.0,1.0,0.0,1.0,1.0,33.0,0
1.0,2.0,65.0,5.0,1.0,1.0,2.0,0.0,2.0,1.0,3.0,1.0,2.0,4225.0,3.0,1.0,1.0,0.0,2.0,0.0,1.0,1.0,2.0,1.0,2.0,1.0,1.0,0.0,0.0,0.0,0.0,0.0,0.0,2.0,2.0,2.0,2.0,5.0,2.0,2.0,2.0,2.0,5.0,2.0,2.0,1.0,4.0,33.0,1
1.0,1.0,38.0,5.0,2.0,1.0,2.0,0.0,4.0,1.0,1.0,1.0,4.0,1444.0,3.0,2.0,1.0,0.0,24.0,0.0,1.0,3.0,2.0,2.0,2.0,2.0,0.0,7.0,11.0,5.0,2.0,0.0,0.0,2.0,2.0,2.0,2.0,5.0,2.0,2.0,2.0,2.0,5.0,2.0,2.0,1.0,4.0,33.0,1
3.0,1.0,49.0,5.0,4.0,1.0,2.0,0.0,7.0,1.0,1.0,1.0,6.0,2401.0,3.0,3.0,1.0,0.0,50.0,0.0,2.0,0.0,2.0,2.0,2.0,2.0,0.0,99.0,11.0,6.0,2.0,0.0,0.0,2.0,2.0,2.0,2.0,5.0,2.0,2.0,2.0,2.0,5.0,2.0,2.0,1.0,4.0,32.0,1
1.0,2.0,48.0,1.0,1.0,1.0,2.0,0.0,7.0,1.0,5.0,1.0,6.0,2304.0,3.0,2.0,2.0,3.0,32.0,10.0,2.0,0.0,2.0,2.0,1.0,2.0,0.0,12.0,9.0,6.0,2.0,0.0,0.0,2.0,2.0,2.0,2.0,5.0,1.0,1.0,1.0,1.0,0.0,1.0,0.0,3.0,1.0,33.0,0
2.0,1.0,52.0,1.0,1.0,1.0,2.0,0.0,6.0,1.0,1.0,1.0,6.0,2704.0,3.0,2.0,2.0,2.0,35.0,5.0,2.0,0.0,2.0,2.0,1.0,2.0,0.0,11.0,11.0,6.0,2.0,0.0,0.0,2.0,2.0,2.0,2.0,5.0,1.0,1.0,1.0,1.0,0.0,1.0,0.0,1.0,1.0,33.0,0
1.0,2.0,62.0,5.0,1.0,1.0,2.0,0.0,6.0,1.0,1.0,1.0,6.0,3844.0,2.0,4.0,0.0,0.0,0.0,0.0,1.0,1.0,2.0,2.0,2.0,2.0,0.0,1.0,12.0,0.0,0.0,0.0,0.0,0.0,0.0,0.0,0.0,0.0,0.0,0.0,0.0,0.0,0.0,0.0,0.0,0.0,0.0,33.0,0
3.0,2.0,18.0,5.0,1.0,1.0,2.0,0.0,4.0,1.0,1.0,1.0,4.0,324.0,3.0,2.0,1.0,0.0,8.0,0.0,2.0,0.0,1.0,1.0,2.0,2.0,0.0,6.0,11.0,1.0,1.0,9.0,4.0,2.0,2.0,2.0,2.0,5.0,2.0,2.0,2.0,2.0,5.0,2.0,2.0,1.0,4.0,33.0,1
1.0,1.0,38.0,1.0,1.0,1.0,2.0,0.0,4.0,1.0,3.0,1.0,4.0,1444.0,3.0,2.0,1.0,0.0,40.0,0.0,2.0,0.0,2.0,1.0,1.0,2.0,0.0,99.0,11.0,6.0,2.0,0.0,0.0,2.0,2.0,2.0,2.0,5.0,1.0,1.0,1.0,1.0,0.0,1.0,0.0,1.0,1.0,33.0,0
2.0,2.0,37.0,1.0,1.0,1.0,2.0,0.0,4.0,1.0,1.0,1.0,4.0,1369.0,3.0,3.0,1.0,0.0,50.0,0.0,2.0,0.0,2.0,2.0,1.0,2.0,0.0,99.0,11.0,3.0,2.0,0.0,0.0,2.0,2.0,2.0,2.0,5.0,1.0,1.0,1.0,1.0,0.0,1.0,0.0,1.0,1.0,33.0,0
1.0,1.0,37.0,5.0,1.0,1.0,1.0,2.0,8.0,2.0,1.0,1.0,6.0,1369.0,3.0,2.0,1.0,0.0,37.0,0.0,2.0,0.0,2.0,2.0,2.0,2.0,0.0,8.0,11.0,3.0,2.0,0.0,0.0,2.0,2.0,2.0,1.0,0.0,1.0,1.0,1.0,1.0,0.0,1.0,0.0,1.0,1.0,33.0,0
1.0,1.0,34.0,5.0,12.0,1.0,2.0,0.0,8.0,1.0,1.0,1.0,6.0,1156.0,3.0,2.0,1.0,0.0,45.0,0.0,2.0,0.0,2.0,2.0,2.0,2.0,0.0,12.0,11.0,5.0,2.0,0.0,0.0,2.0,2.0,2.0,2.0,5.0,1.0,1.0,1.0,1.0,0.0,1.0,0.0,1.0,1.0,33.0,0
1.0,2.0,56.0,3.0,1.0,1.0,2.0,0.0,7.0,1.0,1.0,1.0,6.0,3136.0,2.0,1.0,1.0,0.0,12.0,0.0,1.0,1.0,1.0,2.0,2.0,2.0,0.0,1.0,6.0,0.0,0.0,0.0,0.0,0.0,0.0,0.0,0.0,0.0,0.0,0.0,0.0,0.0,0.0,0.0,0.0,0.0,0.0,33.0,0
2.0,1.0,63.0,2.0,1.0,1.0,2.0,0.0,4.0,1.0,1.0,1.0,4.0,3969.0,3.0,3.0,1.0,0.0,50.0,0.0,2.0,0.0,2.0,2.0,2.0,2.0,0.0,4.0,11.0,6.0,2.0,0.0,0.0,2.0,2.0,2.0,2.0,5.0,1.0,1.0,1.0,1.0,0.0,1.0,0.0,1.0,1.0,32.0,0
1.0,1.0,43.0,1.0,1.0,1.0,2.0,0.0,4.0,2.0,3.0,1.0,3.0,1849.0,3.0,2.0,1.0,0.0,44.0,0.0,2.0,0.0,2.0,2.0,2.0,2.0,0.0,2.0,11.0,6.0,2.0,0.0,0.0,2.0,1.0,2.0,2.0,0.0,1.0,1.0,1.0,1.0,0.0,1.0,0.0,1.0,1.0,32.0,0
2.0,2.0,45.0,1.0,1.0,1.0,2.0,0.0,4.0,2.0,3.0,1.0,3.0,2025.0,3.0,2.0,1.0,0.0,40.0,0.0,2.0,0.0,2.0,2.0,2.0,2.0,0.0,99.0,11.0,6.0,2.0,0.0,0.0,2.0,2.0,2.0,2.0,5.0,1.0,1.0,1.0,1.0,0.0,1.0,0.0,1.0,1.0,32.0,0
3.0,1.0,21.0,5.0,1.0,1.0,2.0,0.0,4.0,1.0,1.0,1.0,4.0,441.0,3.0,2.0,1.0,0.0,40.0,0.0,2.0,0.0,2.0,2.0,1.0,2.0,0.0,99.0,11.0,3.0,2.0,0.0,0.0,1.0,2.0,2.0,2.0,0.0,1.0,1.0,1.0,1.0,0.0,1.0,0.0,1.0,1.0,32.0,0
1.0,2.0,35.0,5.0,1.0,1.0,2.0,0.0,7.0,1.0,1.0,1.0,6.0,1225.0,2.0,2.0,1.0,0.0,40.0,0.0,2.0,0.0,2.0,2.0,2.0,2.0,0.0,6.0,11.0,0.0,0.0,0.0,0.0,0.0,0.0,0.0,0.0,0.0,0.0,0.0,0.0,0.0,0.0,0.0,0.0,0.0,0.0,33.0,0
1.0,2.0,23.0,5.0,1.0,1.0,2.0,0.0,4.0,1.0,1.0,1.0,4.0,529.0,3.0,2.0,1.0,0.0,44.0,0.0,2.0,0.0,2.0,1.0,2.0,2.0,0.0,7.0,11.0,5.0,2.0,0.0,0.0,1.0,2.0,2.0,1.0,0.0,1.0,1.0,1.0,1.0,0.0,1.0,0.0,3.0,1.0,33.0,0
3.0,2.0,25.0,5.0,4.0,1.0,2.0,0.0,7.0,1.0,1.0,1.0,6.0,625.0,3.0,1.0,1.0,0.0,30.0,0.0,1.0,1.0,1.0,1.0,2.0,2.0,0.0,6.0,11.0,5.0,2.0,0.0,0.0,2.0,2.0,2.0,2.0,5.0,2.0,2.0,2.0,2.0,5.0,2.0,2.0,1.0,4.0,33.0,1
1.0,2.0,78.0,2.0,1.0,1.0,2.0,0.0,6.0,1.0,1.0,1.0,6.0,6084.0,2.0,2.0,1.0,0.0,2.0,0.0,2.0,0.0,2.0,2.0,2.0,2.0,0.0,1.0,12.0,0.0,0.0,0.0,0.0,0.0,0.0,0.0,0.0,0.0,0.0,0.0,0.0,0.0,0.0,0.0,0.0,0.0,0.0,33.0,0
3.0,2.0,47.0,5.0,1.0,1.0,2.0,0.0,7.0,1.0,1.0,1.0,6.0,2209.0,3.0,2.0,2.0,2.0,33.0,10.0,2.0,0.0,2.0,2.0,2.0,2.0,0.0,99.0,11.0,5.0,2.0,0.0,0.0,2.0,2.0,2.0,2.0,5.0,1.0,1.0,1.0,1.0,0.0,1.0,0.0,1.0,1.0,33.0,0
1.0,1.0,39.0,2.0,1.0,1.0,2.0,0.0,4.0,1.0,1.0,1.0,4.0,1521.0,3.0,3.0,1.0,0.0,48.0,0.0,2.0,0.0,2.0,2.0,2.0,2.0,0.0,8.0,11.0,6.0,9.0,9.0,4.0,2.0,2.0,2.0,2.0,5.0,1.0,1.0,1.0,1.0,0.0,1.0,0.0,1.0,1.0,33.0,0
1.0,1.0,44.0,3.0,1.0,1.0,2.0,0.0,4.0,1.0,1.0,1.0,4.0,1936.0,3.0,2.0,1.0,0.0,40.0,0.0,2.0,0.0,2.0,2.0,1.0,2.0,0.0,9.0,11.0,6.0,2.0,0.0,0.0,2.0,2.0,2.0,2.0,5.0,1.0,1.0,1.0,1.0,0.0,1.0,0.0,1.0,1.0,33.0,0
1.0,2.0,43.0,5.0,1.0,1.0,2.0,0.0,6.0,2.0,1.0,1.0,5.0,1849.0,3.0,3.0,1.0,0.0,50.0,0.0,2.0,0.0,2.0,1.0,2.0,2.0,0.0,8.0,11.0,6.0,2.0,0.0,0.0,1.0,2.0,2.0,2.0,0.0,1.0,1.0,1.0,1.0,0.0,1.0,0.0,1.0,1.0,33.0,0
1.0,1.0,43.0,2.0,4.0,1.0,2.0,0.0,6.0,1.0,1.0,1.0,6.0,1849.0,2.0,2.0,1.0,0.0,40.0,0.0,2.0,0.0,2.0,2.0,2.0,2.0,0.0,3.0,11.0,0.0,0.0,0.0,0.0,0.0,0.0,0.0,0.0,0.0,0.0,0.0,0.0,0.0,0.0,0.0,0.0,0.0,0.0,33.0,0
3.0,1.0,32.0,5.0,1.0,1.0,2.0,0.0,6.0,1.0,1.0,1.0,6.0,1024.0,3.0,3.0,1.0,0.0,50.0,0.0,2.0,0.0,2.0,2.0,2.0,2.0,0.0,99.0,11.0,6.0,2.0,0.0,0.0,2.0,2.0,2.0,2.0,5.0,1.0,1.0,1.0,1.0,0.0,1.0,0.0,1.0,1.0,33.0,0
3.0,2.0,22.0,5.0,1.0,1.0,2.0,0.0,6.0,1.0,1.0,1.0,6.0,484.0,3.0,3.0,1.0,0.0,50.0,0.0,2.0,0.0,2.0,2.0,2.0,2.0,0.0,99.0,11.0,5.0,2.0,0.0,0.0,2.0,2.0,2.0,2.0,5.0,1.0,1.0,1.0,1.0,0.0,1.0,0.0,1.0,1.0,33.0,0
1.0,1.0,38.0,1.0,1.0,1.0,2.0,0.0,4.0,1.0,1.0,1.0,4.0,1444.0,3.0,2.0,1.0,0.0,44.0,0.0,1.0,1.0,1.0,2.0,2.0,2.0,0.0,12.0,11.0,6.0,2.0,0.0,0.0,1.0,2.0,2.0,2.0,0.0,1.0,1.0,1.0,1.0,0.0,1.0,0.0,3.0,1.0,33.0,0
1.0,1.0,68.0,1.0,1.0,1.0,2.0,0.0,2.0,1.0,3.0,1.0,2.0,4624.0,1.0,3.0,1.0,0.0,48.0,0.0,2.0,0.0,2.0,2.0,2.0,2.0,0.0,3.0,11.0,0.0,0.0,0.0,0.0,0.0,0.0,0.0,0.0,0.0,0.0,0.0,0.0,0.0,0.0,0.0,0.0,0.0,0.0,33.0,0
1.0,2.0,39.0,3.0,4.0,1.0,2.0,0.0,4.0,1.0,1.0,1.0,4.0,1521.0,3.0,3.0,1.0,0.0,72.0,0.0,2.0,0.0,2.0,2.0,2.0,2.0,0.0,3.0,11.0,4.0,2.0,0.0,0.0,2.0,2.0,2.0,2.0,5.0,2.0,2.0,2.0,2.0,5.0,2.0,2.0,1.0,4.0,33.0,1
3.0,1.0,20.0,5.0,4.0,1.0,1.0,1.0,4.0,2.0,1.0,1.0,3.0,400.0,3.0,2.0,1.0,0.0,40.0,0.0,2.0,0.0,2.0,2.0,2.0,2.0,0.0,3.0,11.0,3.0,2.0,0.0,0.0,2.0,2.0,2.0,2.0,5.0,2.0,2.0,2.0,2.0,5.0,2.0,2.0,1.0,4.0,33.0,1
1.0,2.0,49.0,4.0,4.0,1.0,2.0,0.0,2.0,1.0,1.0,1.0,2.0,2401.0,3.0,1.0,1.0,0.0,4.0,0.0,1.0,1.0,1.0,1.0,2.0,1.0,1.0,0.0,0.0,0.0,0.0,0.0,0.0,2.0,2.0,2.0,2.0,5.0,2.0,2.0,2.0,2.0,5.0,2.0,2.0,1.0,4.0,33.0,1
3.0,1.0,33.0,5.0,1.0,1.0,1.0,1.0,7.0,2.0,1.0,1.0,5.0,1089.0,3.0,2.0,1.0,0.0,32.0,0.0,2.0,0.0,2.0,2.0,2.0,2.0,0.0,2.0,8.0,6.0,2.0,0.0,0.0,1.0,2.0,2.0,2.0,0.0,2.0,2.0,2.0,2.0,5.0,2.0,2.0,1.0,4.0,33.0,1
1.0,1.0,78.0,2.0,1.0,1.0,2.0,0.0,2.0,1.0,1.0,1.0,2.0,6084.0,2.0,1.0,1.0,0.0,12.0,0.0,1.0,1.0,1.0,2.0,2.0,2.0,0.0,1.0,8.0,0.0,0.0,0.0,0.0,0.0,0.0,0.0,0.0,0.0,0.0,0.0,0.0,0.0,0.0,0.0,0.0,0.0,0.0,33.0,0
1.0,2.0,54.0,4.0,1.0,1.0,2.0,0.0,4.0,1.0,1.0,1.0,4.0,2916.0,3.0,2.0,1.0,0.0,30.0,0.0,2.0,0.0,2.0,2.0,2.0,2.0,0.0,11.0,11.0,6.0,2.0,0.0,0.0,1.0,2.0,2.0,2.0,0.0,1.0,1.0,1.0,1.0,0.0,1.0,0.0,1.0,1.0,32.0,0
1.0,2.0,56.0,2.0,1.0,1.0,2.0,0.0,4.0,1.0,1.0,1.0,4.0,3136.0,3.0,3.0,1.0,0.0,48.0,0.0,2.0,0.0,2.0,2.0,2.0,2.0,0.0,6.0,11.0,6.0,2.0,0.0,0.0,2.0,2.0,2.0,2.0,5.0,1.0,1.0,1.0,1.0,0.0,1.0,0.0,1.0,1.0,32.0,0
2.0,1.0,60.0,2.0,1.0,1.0,2.0,0.0,4.0,2.0,1.0,1.0,3.0,3600.0,2.0,2.0,1.0,0.0,40.0,0.0,2.0,0.0,2.0,2.0,2.0,2.0,0.0,1.0,11.0,0.0,0.0,0.0,0.0,0.0,0.0,0.0,0.0,0.0,0.0,0.0,0.0,0.0,0.0,0.0,0.0,0.0,0.0,32.0,0
3.0,1.0,29.0,5.0,1.0,1.0,2.0,0.0,7.0,1.0,1.0,1.0,6.0,841.0,3.0,1.0,1.0,0.0,30.0,0.0,1.0,1.0,9.0,2.0,2.0,2.0,0.0,2.0,6.0,5.0,2.0,0.0,0.0,2.0,2.0,2.0,2.0,5.0,2.0,2.0,2.0,2.0,5.0,2.0,1.0,1.0,3.0,32.0,1
1.0,1.0,83.0,1.0,1.0,1.0,2.0,0.0,4.0,1.0,5.0,1.0,4.0,6889.0,3.0,1.0,1.0,0.0,8.0,0.0,1.0,1.0,2.0,2.0,2.0,1.0,2.0,0.0,0.0,0.0,0.0,0.0,0.0,2.0,2.0,2.0,2.0,5.0,2.0,2.0,2.0,2.0,5.0,2.0,2.0,1.0,4.0,32.0,1
1.0,1.0,32.0,2.0,1.0,1.0,2.0,0.0,6.0,1.0,1.0,1.0,6.0,1024.0,2.0,2.0,1.0,0.0,45.0,0.0,2.0,0.0,2.0,2.0,2.0,2.0,0.0,1.0,8.0,0.0,0.0,0.0,0.0,0.0,0.0,0.0,0.0,0.0,0.0,0.0,0.0,0.0,0.0,0.0,0.0,0.0,0.0,32.0,0
2.0,2.0,34.0,2.0,1.0,1.0,2.0,0.0,7.0,1.0,1.0,1.0,6.0,1156.0,3.0,3.0,2.0,2.0,40.0,8.0,2.0,0.0,2.0,2.0,2.0,2.0,0.0,99.0,6.0,6.0,2.0,0.0,0.0,2.0,2.0,2.0,1.0,0.0,1.0,1.0,1.0,1.0,0.0,1.0,0.0,1.0,1.0,32.0,0
1.0,2.0,51.0,3.0,1.0,1.0,2.0,0.0,4.0,1.0,1.0,1.0,4.0,2601.0,3.0,2.0,1.0,0.0,40.0,0.0,2.0,0.0,2.0,2.0,2.0,2.0,0.0,9.0,11.0,6.0,2.0,0.0,0.0,2.0,2.0,2.0,2.0,5.0,1.0,1.0,1.0,1.0,0.0,1.0,0.0,1.0,1.0,33.0,0
3.0,2.0,24.0,5.0,1.0,1.0,2.0,0.0,6.0,1.0,1.0,1.0,6.0,576.0,3.0,2.0,2.0,3.0,16.0,8.0,2.0,0.0,2.0,1.0,2.0,2.0,0.0,8.0,11.0,5.0,2.0,0.0,0.0,2.0,2.0,2.0,2.0,5.0,1.0,1.0,1.0,1.0,0.0,1.0,0.0,1.0,1.0,33.0,0
1.0,2.0,39.0,2.0,1.0,1.0,2.0,0.0,4.0,1.0,1.0,1.0,4.0,1521.0,3.0,2.0,1.0,0.0,40.0,0.0,2.0,0.0,2.0,2.0,2.0,2.0,0.0,11.0,11.0,6.0,2.0,0.0,0.0,2.0,2.0,2.0,2.0,5.0,1.0,1.0,1.0,1.0,0.0,1.0,0.0,1.0,1.0,33.0,0
2.0,1.0,36.0,2.0,1.0,1.0,2.0,0.0,7.0,2.0,1.0,1.0,5.0,1296.0,3.0,2.0,1.0,0.0,42.0,0.0,2.0,0.0,2.0,2.0,2.0,2.0,0.0,9.0,11.0,6.0,2.0,0.0,0.0,2.0,2.0,2.0,2.0,5.0,1.0,1.0,1.0,1.0,0.0,1.0,0.0,1.0,1.0,33.0,0
3.0,2.0,33.0,3.0,1.0,1.0,2.0,0.0,4.0,1.0,1.0,1.0,4.0,1089.0,3.0,2.0,1.0,0.0,35.0,0.0,2.0,0.0,2.0,2.0,2.0,2.0,0.0,99.0,11.0,5.0,2.0,0.0,0.0,2.0,2.0,2.0,2.0,5.0,1.0,2.0,2.0,2.0,0.0,2.0,2.0,1.0,4.0,33.0,1
1.0,1.0,26.0,1.0,4.0,1.0,2.0,0.0,2.0,1.0,1.0,1.0,2.0,676.0,3.0,2.0,1.0,0.0,40.0,0.0,2.0,0.0,2.0,2.0,2.0,2.0,0.0,2.0,8.0,5.0,2.0,0.0,0.0,2.0,2.0,2.0,2.0,5.0,2.0,2.0,2.0,2.0,5.0,2.0,2.0,2.0,4.0,33.0,1
2.0,2.0,24.0,1.0,4.0,1.0,2.0,0.0,4.0,1.0,1.0,1.0,4.0,576.0,3.0,1.0,1.0,0.0,16.0,0.0,1.0,1.0,1.0,1.0,2.0,2.0,0.0,6.0,11.0,2.0,2.0,0.0,0.0,2.0,2.0,2.0,2.0,5.0,2.0,2.0,2.0,2.0,5.0,2.0,2.0,1.0,4.0,33.0,1
1.0,2.0,46.0,1.0,1.0,1.0,2.0,0.0,6.0,1.0,1.0,1.0,6.0,2116.0,3.0,2.0,2.0,2.0,40.0,0.0,1.0,1.0,2.0,2.0,1.0,2.0,0.0,99.0,11.0,6.0,2.0,0.0,0.0,2.0,2.0,2.0,2.0,5.0,1.0,1.0,1.0,1.0,0.0,1.0,0.0,1.0,1.0,33.0,0
2.0,1.0,32.0,1.0,4.0,1.0,2.0,0.0,4.0,1.0,1.0,1.0,4.0,1024.0,3.0,3.0,2.0,2.0,70.0,14.0,2.0,0.0,2.0,2.0,2.0,2.0,0.0,99.0,4.0,5.0,2.0,0.0,0.0,2.0,2.0,2.0,2.0,5.0,2.0,2.0,2.0,2.0,5.0,2.0,2.0,3.0,4.0,33.0,1
1.0,2.0,47.0,1.0,1.0,1.0,2.0,0.0,7.0,1.0,3.0,1.0,6.0,2209.0,3.0,1.0,2.0,3.0,18.0,8.0,1.0,1.0,1.0,1.0,1.0,2.0,0.0,7.0,11.0,6.0,2.0,0.0,0.0,2.0,2.0,2.0,2.0,5.0,1.0,1.0,1.0,1.0,0.0,1.0,0.0,1.0,1.0,33.0,0
2.0,1.0,47.0,1.0,1.0,1.0,2.0,0.0,7.0,1.0,1.0,1.0,6.0,2209.0,2.0,1.0,2.0,2.0,20.0,12.0,1.0,1.0,1.0,1.0,2.0,2.0,0.0,3.0,12.0,0.0,0.0,0.0,0.0,0.0,0.0,0.0,0.0,0.0,0.0,0.0,0.0,0.0,0.0,0.0,0.0,0.0,0.0,33.0,0
1.0,1.0,54.0,2.0,1.0,1.0,2.0,0.0,4.0,1.0,1.0,1.0,4.0,2916.0,2.0,2.0,1.0,0.0,40.0,0.0,2.0,0.0,2.0,2.0,2.0,2.0,0.0,1.0,8.0,0.0,0.0,0.0,0.0,0.0,0.0,0.0,0.0,0.0,0.0,0.0,0.0,0.0,0.0,0.0,0.0,0.0,0.0,33.0,0
2.0,2.0,54.0,2.0,1.0,1.0,2.0,0.0,4.0,1.0,1.0,1.0,4.0,2916.0,3.0,2.0,1.0,0.0,40.0,0.0,2.0,0.0,2.0,2.0,2.0,2.0,0.0,8.0,11.0,6.0,2.0,0.0,0.0,2.0,2.0,2.0,2.0,5.0,1.0,1.0,1.0,1.0,0.0,1.0,0.0,1.0,1.0,33.0,0
3.0,2.0,25.0,5.0,1.0,1.0,2.0,0.0,6.0,1.0,1.0,1.0,6.0,625.0,3.0,2.0,1.0,0.0,40.0,0.0,2.0,0.0,2.0,2.0,2.0,2.0,0.0,99.0,11.0,5.0,2.0,0.0,0.0,2.0,2.0,2.0,2.0,5.0,1.0,1.0,1.0,1.0,0.0,1.0,0.0,1.0,1.0,33.0,0
3.0,1.0,26.0,5.0,1.0,1.0,2.0,0.0,4.0,1.0,1.0,1.0,4.0,676.0,3.0,2.0,1.0,0.0,35.0,0.0,2.0,0.0,2.0,2.0,2.0,2.0,0.0,99.0,11.0,5.0,2.0,0.0,0.0,2.0,2.0,2.0,2.0,5.0,1.0,1.0,1.0,1.0,0.0,1.0,0.0,1.0,1.0,33.0,0
1.0,1.0,51.0,2.0,4.0,1.0,2.0,0.0,4.0,2.0,1.0,1.0,3.0,2601.0,2.0,1.0,1.0,0.0,28.0,0.0,1.0,1.0,1.0,1.0,2.0,2.0,0.0,1.0,4.0,0.0,0.0,0.0,0.0,0.0,0.0,0.0,0.0,0.0,0.0,0.0,0.0,0.0,0.0,0.0,0.0,0.0,0.0,33.0,0
1.0,1.0,59.0,2.0,1.0,1.0,2.0,0.0,2.0,1.0,1.0,1.0,2.0,3481.0,3.0,3.0,1.0,0.0,72.0,0.0,2.0,0.0,2.0,2.0,2.0,2.0,0.0,9.0,4.0,3.0,2.0,0.0,0.0,2.0,2.0,2.0,2.0,5.0,1.0,1.0,1.0,1.0,0.0,1.0,0.0,2.0,1.0,33.0,0
1.0,2.0,46.0,5.0,1.0,1.0,2.0,0.0,4.0,2.0,1.0,1.0,3.0,2116.0,3.0,2.0,2.0,3.0,24.0,16.0,1.0,1.0,1.0,1.0,2.0,2.0,0.0,1.0,11.0,6.0,2.0,0.0,0.0,2.0,2.0,2.0,2.0,5.0,1.0,1.0,1.0,1.0,0.0,1.0,0.0,1.0,1.0,32.0,0
1.0,2.0,39.0,5.0,1.0,1.0,2.0,0.0,4.0,2.0,1.0,1.0,3.0,1521.0,3.0,3.0,1.0,0.0,54.0,0.0,2.0,0.0,2.0,1.0,2.0,2.0,0.0,10.0,11.0,6.0,2.0,0.0,0.0,2.0,2.0,2.0,2.0,5.0,1.0,1.0,1.0,1.0,0.0,1.0,0.0,1.0,1.0,33.0,0
3.0,1.0,34.0,5.0,1.0,1.0,2.0,0.0,4.0,2.0,1.0,1.0,3.0,1156.0,3.0,4.0,0.0,0.0,0.0,0.0,2.0,0.0,2.0,2.0,2.0,2.0,0.0,8.0,11.0,5.0,2.0,0.0,0.0,2.0,2.0,2.0,2.0,5.0,1.0,1.0,1.0,1.0,0.0,1.0,0.0,1.0,1.0,33.0,0
1.0,1.0,61.0,1.0,1.0,1.0,2.0,0.0,4.0,2.0,3.0,1.0,3.0,3721.0,3.0,4.0,0.0,0.0,0.0,0.0,2.0,0.0,2.0,2.0,2.0,2.0,0.0,8.0,11.0,6.0,2.0,0.0,0.0,2.0,2.0,2.0,2.0,5.0,1.0,1.0,1.0,1.0,0.0,1.0,0.0,1.0,1.0,33.0,0
2.0,1.0,50.0,1.0,1.0,1.0,2.0,0.0,2.0,1.0,4.0,1.0,2.0,2500.0,2.0,3.0,1.0,0.0,50.0,0.0,2.0,0.0,2.0,2.0,2.0,2.0,0.0,1.0,8.0,0.0,0.0,0.0,0.0,0.0,0.0,0.0,0.0,0.0,0.0,0.0,0.0,0.0,0.0,0.0,0.0,0.0,0.0,33.0,0
1.0,2.0,52.0,5.0,4.0,1.0,2.0,0.0,4.0,2.0,1.0,1.0,3.0,2704.0,3.0,2.0,2.0,4.0,8.0,20.0,2.0,0.0,2.0,1.0,2.0,1.0,4.0,0.0,0.0,0.0,0.0,0.0,0.0,1.0,2.0,2.0,2.0,0.0,2.0,2.0,2.0,2.0,5.0,2.0,2.0,1.0,4.0,33.0,1
2.0,2.0,50.0,2.0,4.0,1.0,2.0,0.0,4.0,1.0,1.0,1.0,4.0,2500.0,3.0,2.0,1.0,0.0,40.0,0.0,2.0,0.0,2.0,2.0,2.0,2.0,0.0,99.0,11.0,5.0,2.0,0.0,0.0,2.0,2.0,2.0,2.0,5.0,2.0,2.0,2.0,2.0,5.0,2.0,2.0,1.0,4.0,33.0,1
1.0,1.0,62.0,4.0,1.0,1.0,2.0,0.0,2.0,2.0,1.0,1.0,1.0,3844.0,3.0,3.0,1.0,0.0,46.0,0.0,2.0,0.0,2.0,2.0,1.0,2.0,0.0,12.0,9.0,6.0,2.0,0.0,0.0,2.0,2.0,2.0,2.0,5.0,1.0,1.0,1.0,1.0,0.0,1.0,0.0,1.0,1.0,33.0,0
3.0,1.0,22.0,5.0,4.0,1.0,2.0,0.0,4.0,1.0,1.0,1.0,4.0,484.0,3.0,2.0,1.0,0.0,40.0,0.0,1.0,1.0,1.0,1.0,2.0,2.0,0.0,4.0,11.0,5.0,2.0,0.0,0.0,2.0,2.0,2.0,2.0,5.0,2.0,2.0,2.0,2.0,5.0,2.0,2.0,1.0,4.0,33.0,1
8.0,1.0,31.0,5.0,4.0,1.0,2.0,0.0,7.0,1.0,1.0,1.0,6.0,961.0,3.0,2.0,1.0,0.0,36.0,0.0,2.0,0.0,9.0,9.0,2.0,2.0,0.0,99.0,11.0,2.0,2.0,0.0,0.0,1.0,2.0,2.0,2.0,0.0,2.0,2.0,2.0,2.0,5.0,2.0,2.0,1.0,4.0,33.0,1
6.0,2.0,52.0,3.0,1.0,1.0,2.0,0.0,4.0,1.0,1.0,1.0,4.0,2704.0,3.0,2.0,1.0,0.0,35.0,0.0,9.0,0.0,9.0,9.0,2.0,2.0,0.0,2.0,11.0,9.0,2.0,0.0,0.0,2.0,2.0,2.0,2.0,5.0,2.0,2.0,2.0,2.0,5.0,2.0,1.0,1.0,3.0,33.0,1
3.0,1.0,21.0,5.0,4.0,1.0,2.0,0.0,4.0,2.0,1.0,1.0,3.0,441.0,3.0,1.0,1.0,0.0,18.0,0.0,1.0,1.0,2.0,1.0,2.0,2.0,0.0,10.0,11.0,1.0,1.0,1.0,2.0,1.0,2.0,2.0,2.0,0.0,2.0,2.0,2.0,2.0,5.0,2.0,2.0,1.0,4.0,33.0,1
1.0,1.0,43.0,1.0,4.0,1.0,2.0,0.0,4.0,1.0,1.0,1.0,4.0,1849.0,2.0,2.0,1.0,0.0,32.0,0.0,1.0,9.0,1.0,2.0,2.0,2.0,0.0,1.0,8.0,0.0,0.0,0.0,0.0,0.0,0.0,0.0,0.0,0.0,0.0,0.0,0.0,0.0,0.0,0.0,0.0,0.0,0.0,33.0,0
3.0,2.0,53.0,3.0,1.0,1.0,2.0,0.0,4.0,1.0,1.0,1.0,4.0,2809.0,3.0,2.0,1.0,0.0,12.0,0.0,2.0,0.0,2.0,2.0,2.0,1.0,1.0,0.0,0.0,0.0,0.0,0.0,0.0,1.0,2.0,2.0,2.0,0.0,2.0,2.0,2.0,2.0,5.0,2.0,2.0,1.0,4.0,33.0,1
1.0,1.0,60.0,1.0,4.0,1.0,2.0,0.0,2.0,1.0,4.0,1.0,2.0,3600.0,2.0,2.0,1.0,0.0,24.0,0.0,2.0,0.0,2.0,2.0,2.0,2.0,0.0,1.0,8.0,0.0,0.0,0.0,0.0,0.0,0.0,0.0,0.0,0.0,0.0,0.0,0.0,0.0,0.0,0.0,0.0,0.0,0.0,33.0,0
3.0,2.0,25.0,3.0,1.0,1.0,2.0,0.0,4.0,1.0,1.0,1.0,4.0,625.0,3.0,3.0,1.0,0.0,54.0,0.0,2.0,0.0,2.0,2.0,2.0,2.0,0.0,7.0,11.0,4.0,2.0,0.0,0.0,1.0,2.0,2.0,2.0,0.0,1.0,1.0,1.0,1.0,0.0,1.0,0.0,1.0,1.0,33.0,0
1.0,1.0,72.0,2.0,1.0,1.0,2.0,0.0,7.0,2.0,1.0,1.0,5.0,5184.0,2.0,3.0,2.0,2.0,36.0,12.0,2.0,0.0,2.0,2.0,2.0,2.0,0.0,2.0,11.0,0.0,0.0,0.0,0.0,0.0,0.0,0.0,0.0,0.0,0.0,0.0,0.0,0.0,0.0,0.0,0.0,0.0,0.0,33.0,0
1.0,1.0,63.0,2.0,2.0,1.0,2.0,0.0,6.0,1.0,1.0,1.0,6.0,3969.0,2.0,2.0,1.0,0.0,39.0,0.0,2.0,0.0,2.0,2.0,2.0,2.0,0.0,1.0,4.0,0.0,0.0,0.0,0.0,0.0,0.0,0.0,0.0,0.0,0.0,0.0,0.0,0.0,0.0,0.0,0.0,0.0,0.0,32.0,0
2.0,2.0,62.0,2.0,2.0,1.0,2.0,0.0,7.0,1.0,1.0,1.0,6.0,3844.0,3.0,2.0,1.0,0.0,24.0,0.0,2.0,0.0,2.0,2.0,2.0,2.0,0.0,6.0,11.0,5.0,2.0,0.0,0.0,2.0,2.0,2.0,2.0,5.0,1.0,1.0,1.0,1.0,0.0,1.0,0.0,1.0,1.0,32.0,0
1.0,1.0,48.0,2.0,1.0,1.0,2.0,0.0,2.0,1.0,1.0,1.0,2.0,2304.0,3.0,3.0,1.0,0.0,60.0,0.0,2.0,0.0,2.0,2.0,2.0,2.0,0.0,10.0,11.0,6.0,2.0,0.0,0.0,1.0,2.0,2.0,2.0,0.0,1.0,1.0,1.0,1.0,0.0,1.0,0.0,1.0,1.0,33.0,0
2.0,2.0,48.0,2.0,1.0,1.0,2.0,0.0,4.0,1.0,1.0,1.0,4.0,2304.0,3.0,2.0,1.0,0.0,30.0,0.0,2.0,0.0,2.0,2.0,2.0,2.0,0.0,99.0,11.0,6.0,2.0,0.0,0.0,2.0,2.0,2.0,2.0,5.0,2.0,2.0,2.0,2.0,5.0,2.0,2.0,1.0,4.0,33.0,1
3.0,2.0,25.0,5.0,1.0,1.0,1.0,1.0,7.0,2.0,1.0,1.0,5.0,625.0,3.0,2.0,1.0,0.0,16.0,0.0,2.0,0.0,2.0,2.0,2.0,2.0,0.0,2.0,11.0,5.0,9.0,9.0,4.0,2.0,2.0,2.0,2.0,5.0,2.0,2.0,2.0,2.0,5.0,2.0,2.0,1.0,4.0,33.0,1
3.0,1.0,19.0,5.0,1.0,1.0,1.0,1.0,6.0,2.0,1.0,1.0,5.0,361.0,3.0,2.0,1.0,0.0,16.0,0.0,2.0,0.0,2.0,2.0,2.0,2.0,0.0,8.0,11.0,5.0,9.0,9.0,4.0,2.0,2.0,2.0,2.0,5.0,2.0,2.0,2.0,2.0,5.0,2.0,2.0,1.0,4.0,33.0,1
2.0,1.0,50.0,1.0,1.0,1.0,2.0,0.0,4.0,1.0,1.0,1.0,4.0,2500.0,3.0,2.0,1.0,0.0,45.0,0.0,2.0,0.0,2.0,2.0,2.0,2.0,0.0,99.0,11.0,6.0,2.0,0.0,0.0,1.0,2.0,2.0,2.0,0.0,1.0,1.0,1.0,1.0,0.0,1.0,0.0,1.0,1.0,33.0,0
1.0,1.0,62.0,3.0,12.0,1.0,2.0,0.0,4.0,1.0,1.0,1.0,4.0,3844.0,3.0,3.0,1.0,0.0,70.0,0.0,2.0,0.0,2.0,2.0,2.0,2.0,0.0,12.0,11.0,6.0,2.0,0.0,0.0,2.0,2.0,2.0,2.0,5.0,1.0,1.0,1.0,1.0,0.0,1.0,0.0,1.0,1.0,33.0,0
8.0,1.0,58.0,5.0,1.0,1.0,2.0,0.0,4.0,1.0,1.0,1.0,4.0,3364.0,3.0,2.0,1.0,0.0,40.0,0.0,2.0,0.0,2.0,2.0,2.0,2.0,0.0,10.0,11.0,6.0,2.0,0.0,0.0,1.0,2.0,2.0,2.0,0.0,1.0,1.0,1.0,1.0,0.0,1.0,0.0,1.0,1.0,33.0,0
1.0,1.0,51.0,3.0,2.0,1.0,2.0,0.0,7.0,1.0,1.0,1.0,6.0,2601.0,3.0,2.0,1.0,0.0,45.0,0.0,2.0,0.0,2.0,2.0,2.0,2.0,0.0,11.0,11.0,6.0,2.0,0.0,0.0,1.0,2.0,2.0,1.0,0.0,1.0,1.0,1.0,1.0,0.0,1.0,0.0,1.0,1.0,33.0,0
2.0,1.0,50.0,1.0,1.0,1.0,2.0,0.0,6.0,1.0,1.0,1.0,6.0,2500.0,3.0,2.0,1.0,0.0,35.0,0.0,2.0,0.0,2.0,2.0,1.0,2.0,0.0,12.0,4.0,6.0,2.0,0.0,0.0,2.0,2.0,2.0,2.0,5.0,1.0,1.0,1.0,1.0,0.0,1.0,0.0,3.0,1.0,33.0,0
1.0,2.0,48.0,1.0,1.0,1.0,2.0,0.0,7.0,1.0,5.0,1.0,6.0,2304.0,3.0,2.0,1.0,0.0,28.0,0.0,2.0,0.0,2.0,2.0,2.0,2.0,0.0,11.0,11.0,6.0,2.0,0.0,0.0,1.0,2.0,2.0,2.0,0.0,1.0,1.0,1.0,1.0,0.0,1.0,0.0,1.0,1.0,33.0,0
1.0,2.0,63.0,1.0,1.0,1.0,2.0,0.0,4.0,1.0,1.0,1.0,4.0,3969.0,3.0,2.0,1.0,0.0,7.0,0.0,1.0,3.0,2.0,2.0,2.0,1.0,1.0,0.0,0.0,0.0,0.0,0.0,0.0,1.0,2.0,2.0,1.0,0.0,2.0,2.0,2.0,2.0,5.0,2.0,2.0,1.0,4.0,33.0,1
2.0,1.0,62.0,1.0,1.0,1.0,2.0,0.0,4.0,2.0,1.0,1.0,3.0,3844.0,3.0,2.0,1.0,0.0,42.0,0.0,2.0,0.0,2.0,2.0,2.0,2.0,0.0,6.0,4.0,5.0,2.0,0.0,0.0,2.0,2.0,2.0,2.0,5.0,2.0,2.0,2.0,2.0,5.0,2.0,2.0,1.0,4.0,33.0,1
1.0,2.0,59.0,3.0,4.0,1.0,2.0,0.0,6.0,2.0,1.0,1.0,5.0,3481.0,2.0,2.0,1.0,0.0,10.0,0.0,2.0,0.0,2.0,1.0,2.0,2.0,0.0,1.0,8.0,0.0,0.0,0.0,0.0,0.0,0.0,0.0,0.0,0.0,0.0,0.0,0.0,0.0,0.0,0.0,0.0,0.0,0.0,33.0,0
3.0,2.0,31.0,5.0,1.0,1.0,1.0,1.0,7.0,2.0,1.0,1.0,5.0,961.0,3.0,3.0,1.0,0.0,50.0,0.0,2.0,0.0,2.0,2.0,2.0,2.0,0.0,99.0,11.0,5.0,2.0,0.0,0.0,2.0,2.0,2.0,2.0,5.0,1.0,1.0,1.0,1.0,0.0,1.0,0.0,1.0,1.0,33.0,0
1.0,2.0,71.0,4.0,1.0,1.0,2.0,0.0,4.0,1.0,1.0,1.0,4.0,5041.0,2.0,2.0,1.0,0.0,42.0,0.0,2.0,0.0,2.0,2.0,2.0,2.0,0.0,1.0,11.0,0.0,0.0,0.0,0.0,0.0,0.0,0.0,0.0,0.0,0.0,0.0,0.0,0.0,0.0,0.0,0.0,0.0,0.0,33.0,0
3.0,1.0,27.0,1.0,1.0,1.0,2.0,0.0,4.0,1.0,1.0,1.0,4.0,729.0,3.0,2.0,1.0,0.0,44.0,0.0,2.0,0.0,2.0,2.0,2.0,2.0,0.0,99.0,11.0,6.0,2.0,0.0,0.0,2.0,2.0,2.0,2.0,5.0,1.0,1.0,1.0,1.0,0.0,1.0,0.0,1.0,1.0,33.0,0
1.0,2.0,28.0,5.0,1.0,1.0,2.0,0.0,4.0,1.0,1.0,1.0,4.0,784.0,3.0,3.0,1.0,0.0,48.0,0.0,2.0,0.0,2.0,2.0,2.0,2.0,0.0,4.0,11.0,5.0,2.0,0.0,0.0,2.0,2.0,2.0,2.0,5.0,1.0,1.0,1.0,1.0,0.0,1.0,0.0,3.0,1.0,33.0,0
2.0,2.0,48.0,2.0,1.0,1.0,2.0,0.0,4.0,1.0,1.0,1.0,4.0,2304.0,3.0,2.0,2.0,3.0,20.0,20.0,2.0,0.0,2.0,2.0,2.0,2.0,0.0,8.0,11.0,6.0,2.0,0.0,0.0,2.0,2.0,2.0,2.0,5.0,1.0,1.0,1.0,1.0,0.0,1.0,0.0,1.0,1.0,33.0,0
3.0,2.0,25.0,5.0,1.0,1.0,1.0,1.0,6.0,2.0,1.0,1.0,5.0,625.0,3.0,2.0,1.0,0.0,9.0,0.0,2.0,0.0,2.0,2.0,2.0,2.0,0.0,6.0,11.0,2.0,2.0,0.0,0.0,2.0,2.0,2.0,2.0,5.0,1.0,1.0,1.0,1.0,0.0,1.0,0.0,1.0,1.0,33.0,0
1.0,1.0,48.0,5.0,4.0,1.0,2.0,0.0,6.0,1.0,1.0,1.0,6.0,2304.0,3.0,2.0,1.0,0.0,20.0,0.0,2.0,0.0,2.0,2.0,2.0,2.0,0.0,99.0,3.0,5.0,2.0,0.0,0.0,2.0,2.0,2.0,2.0,5.0,2.0,2.0,2.0,2.0,5.0,2.0,2.0,2.0,4.0,33.0,1
2.0,1.0,65.0,2.0,4.0,1.0,2.0,0.0,2.0,1.0,1.0,1.0,2.0,4225.0,2.0,3.0,1.0,0.0,63.0,0.0,2.0,0.0,2.0,2.0,2.0,2.0,0.0,1.0,9.0,0.0,0.0,0.0,0.0,0.0,0.0,0.0,0.0,0.0,0.0,0.0,0.0,0.0,0.0,0.0,0.0,0.0,0.0,33.0,0
1.0,1.0,34.0,1.0,1.0,1.0,2.0,0.0,6.0,1.0,1.0,1.0,6.0,1156.0,3.0,4.0,0.0,0.0,0.0,0.0,2.0,0.0,2.0,2.0,1.0,2.0,0.0,9.0,11.0,6.0,2.0,0.0,0.0,2.0,2.0,2.0,2.0,5.0,1.0,1.0,1.0,1.0,0.0,1.0,0.0,1.0,1.0,33.0,0
2.0,2.0,30.0,1.0,4.0,1.0,2.0,0.0,8.0,1.0,1.0,1.0,6.0,900.0,2.0,1.0,1.0,0.0,12.0,0.0,1.0,1.0,2.0,2.0,2.0,2.0,0.0,1.0,6.0,0.0,0.0,0.0,0.0,0.0,0.0,0.0,0.0,0.0,0.0,0.0,0.0,0.0,0.0,0.0,0.0,0.0,0.0,33.0,0
1.0,1.0,43.0,2.0,4.0,1.0,2.0,0.0,2.0,1.0,3.0,1.0,2.0,1849.0,3.0,3.0,2.0,2.0,70.0,20.0,1.0,1.0,1.0,1.0,2.0,2.0,0.0,99.0,4.0,5.0,2.0,0.0,0.0,2.0,2.0,2.0,2.0,5.0,2.0,2.0,2.0,2.0,5.0,2.0,2.0,3.0,4.0,33.0,1
2.0,2.0,33.0,2.0,4.0,1.0,2.0,0.0,4.0,2.0,1.0,1.0,3.0,1089.0,2.0,2.0,1.0,0.0,20.0,0.0,2.0,0.0,2.0,2.0,2.0,2.0,0.0,2.0,6.0,0.0,0.0,0.0,0.0,0.0,0.0,0.0,0.0,0.0,0.0,0.0,0.0,0.0,0.0,0.0,0.0,0.0,0.0,33.0,0
3.0,1.0,28.0,5.0,4.0,1.0,1.0,2.0,7.0,2.0,1.0,1.0,5.0,784.0,2.0,2.0,1.0,0.0,36.0,0.0,2.0,0.0,2.0,2.0,2.0,2.0,0.0,99.0,11.0,0.0,0.0,0.0,0.0,0.0,0.0,0.0,0.0,0.0,0.0,0.0,0.0,0.0,0.0,0.0,0.0,0.0,0.0,33.0,0
1.0,2.0,49.0,5.0,4.0,1.0,2.0,0.0,4.0,1.0,5.0,1.0,4.0,2401.0,2.0,2.0,2.0,2.0,30.0,4.0,2.0,0.0,2.0,2.0,2.0,2.0,0.0,2.0,11.0,0.0,0.0,0.0,0.0,0.0,0.0,0.0,0.0,0.0,0.0,0.0,0.0,0.0,0.0,0.0,0.0,0.0,0.0,33.0,0
1.0,2.0,43.0,2.0,1.0,1.0,2.0,0.0,7.0,2.0,2.0,1.0,5.0,1849.0,3.0,2.0,1.0,0.0,40.0,0.0,2.0,0.0,2.0,2.0,2.0,2.0,0.0,6.0,11.0,6.0,2.0,0.0,0.0,1.0,2.0,2.0,2.0,0.0,1.0,1.0,1.0,1.0,0.0,1.0,0.0,1.0,1.0,33.0,0
2.0,1.0,49.0,2.0,1.0,1.0,2.0,0.0,8.0,2.0,2.0,1.0,6.0,2401.0,3.0,2.0,1.0,0.0,40.0,0.0,2.0,0.0,2.0,2.0,2.0,2.0,0.0,6.0,11.0,6.0,2.0,0.0,0.0,1.0,2.0,2.0,2.0,0.0,1.0,1.0,1.0,1.0,0.0,1.0,0.0,1.0,1.0,33.0,0
1.0,2.0,24.0,1.0,4.0,1.0,2.0,0.0,4.0,2.0,1.0,1.0,3.0,576.0,3.0,2.0,1.0,0.0,12.0,0.0,2.0,0.0,2.0,2.0,1.0,2.0,0.0,7.0,8.0,5.0,9.0,9.0,4.0,2.0,2.0,2.0,2.0,5.0,2.0,2.0,2.0,2.0,5.0,2.0,2.0,1.0,4.0,33.0,1
2.0,1.0,30.0,1.0,4.0,1.0,2.0,0.0,4.0,2.0,1.0,1.0,3.0,900.0,3.0,3.0,1.0,0.0,55.0,0.0,2.0,0.0,2.0,2.0,2.0,2.0,0.0,4.0,8.0,2.0,1.0,9.0,4.0,2.0,2.0,2.0,2.0,5.0,2.0,2.0,2.0,2.0,5.0,2.0,2.0,1.0,4.0,33.0,1
1.0,2.0,49.0,2.0,1.0,1.0,2.0,0.0,4.0,1.0,1.0,1.0,4.0,2401.0,3.0,3.0,1.0,0.0,50.0,0.0,2.0,0.0,2.0,2.0,2.0,2.0,0.0,12.0,11.0,6.0,2.0,0.0,0.0,2.0,2.0,2.0,2.0,5.0,1.0,1.0,1.0,1.0,0.0,1.0,0.0,1.0,1.0,33.0,0
2.0,1.0,50.0,2.0,1.0,1.0,2.0,0.0,4.0,1.0,1.0,1.0,4.0,2500.0,3.0,3.0,1.0,0.0,50.0,0.0,2.0,0.0,2.0,2.0,2.0,2.0,0.0,3.0,11.0,6.0,2.0,0.0,0.0,2.0,2.0,2.0,2.0,5.0,1.0,1.0,1.0,1.0,0.0,1.0,0.0,1.0,1.0,33.0,0
1.0,2.0,43.0,3.0,4.0,2.0,2.0,0.0,2.0,2.0,1.0,1.0,1.0,1849.0,2.0,2.0,1.0,0.0,8.0,0.0,2.0,0.0,1.0,1.0,2.0,2.0,0.0,1.0,6.0,0.0,0.0,0.0,0.0,0.0,0.0,0.0,0.0,0.0,0.0,0.0,0.0,0.0,0.0,0.0,0.0,0.0,0.0,33.0,0
1.0,1.0,55.0,2.0,1.0,1.0,2.0,0.0,2.0,1.0,1.0,1.0,2.0,3025.0,3.0,2.0,1.0,0.0,40.0,0.0,2.0,0.0,2.0,2.0,2.0,2.0,0.0,10.0,11.0,6.0,2.0,0.0,0.0,2.0,2.0,2.0,2.0,5.0,1.0,1.0,1.0,1.0,0.0,1.0,0.0,1.0,1.0,33.0,0
1.0,1.0,33.0,5.0,1.0,1.0,2.0,0.0,4.0,1.0,1.0,1.0,4.0,1089.0,3.0,2.0,1.0,0.0,40.0,0.0,2.0,0.0,2.0,2.0,2.0,2.0,0.0,7.0,11.0,6.0,2.0,0.0,0.0,2.0,2.0,2.0,2.0,5.0,1.0,1.0,1.0,1.0,0.0,1.0,0.0,1.0,1.0,33.0,0
1.0,1.0,78.0,1.0,1.0,1.0,2.0,0.0,4.0,2.0,3.0,1.0,3.0,6084.0,2.0,2.0,1.0,0.0,42.0,0.0,2.0,0.0,2.0,2.0,2.0,2.0,0.0,1.0,11.0,0.0,0.0,0.0,0.0,0.0,0.0,0.0,0.0,0.0,0.0,0.0,0.0,0.0,0.0,0.0,0.0,0.0,0.0,33.0,0
1.0,2.0,49.0,1.0,1.0,1.0,2.0,0.0,6.0,1.0,1.0,1.0,6.0,2401.0,3.0,2.0,2.0,2.0,28.0,6.0,2.0,0.0,2.0,2.0,1.0,2.0,0.0,9.0,11.0,6.0,2.0,0.0,0.0,2.0,2.0,2.0,2.0,5.0,1.0,1.0,1.0,1.0,0.0,1.0,0.0,1.0,1.0,33.0,0
2.0,1.0,47.0,1.0,4.0,1.0,2.0,0.0,4.0,2.0,1.0,1.0,3.0,2209.0,2.0,1.0,1.0,0.0,12.0,0.0,1.0,1.0,1.0,1.0,2.0,2.0,0.0,1.0,11.0,0.0,0.0,0.0,0.0,0.0,0.0,0.0,0.0,0.0,0.0,0.0,0.0,0.0,0.0,0.0,0.0,0.0,0.0,33.0,0
1.0,1.0,38.0,2.0,1.0,1.0,2.0,0.0,7.0,1.0,1.0,1.0,6.0,1444.0,2.0,2.0,2.0,2.0,32.0,5.0,2.0,0.0,2.0,2.0,2.0,2.0,0.0,1.0,6.0,0.0,0.0,0.0,0.0,0.0,0.0,0.0,0.0,0.0,0.0,0.0,0.0,0.0,0.0,0.0,0.0,0.0,0.0,33.0,0
1.0,2.0,59.0,2.0,1.0,1.0,2.0,0.0,7.0,1.0,1.0,1.0,6.0,3481.0,3.0,2.0,1.0,0.0,30.0,0.0,2.0,0.0,2.0,2.0,2.0,2.0,0.0,9.0,11.0,6.0,2.0,0.0,0.0,2.0,2.0,2.0,2.0,5.0,1.0,1.0,1.0,1.0,0.0,1.0,0.0,1.0,1.0,33.0,0
2.0,1.0,61.0,2.0,1.0,1.0,2.0,0.0,7.0,2.0,1.0,1.0,5.0,3721.0,1.0,2.0,1.0,0.0,24.0,0.0,2.0,0.0,2.0,2.0,2.0,2.0,0.0,3.0,11.0,0.0,0.0,0.0,0.0,0.0,0.0,0.0,0.0,0.0,0.0,0.0,0.0,0.0,0.0,0.0,0.0,0.0,0.0,33.0,0
3.0,2.0,23.0,5.0,1.0,1.0,1.0,1.0,7.0,2.0,1.0,1.0,5.0,529.0,3.0,2.0,1.0,0.0,6.0,0.0,2.0,0.0,2.0,2.0,2.0,2.0,0.0,9.0,12.0,5.0,2.0,0.0,0.0,2.0,2.0,2.0,2.0,5.0,1.0,1.0,1.0,1.0,0.0,1.0,0.0,1.0,1.0,33.0,0
1.0,1.0,71.0,4.0,1.0,1.0,2.0,0.0,2.0,1.0,1.0,1.0,2.0,5041.0,3.0,3.0,1.0,0.0,84.0,0.0,2.0,0.0,2.0,2.0,2.0,2.0,0.0,2.0,4.0,5.0,2.0,0.0,0.0,2.0,2.0,2.0,2.0,5.0,2.0,2.0,2.0,2.0,5.0,2.0,2.0,1.0,4.0,33.0,1
3.0,2.0,24.0,5.0,4.0,1.0,1.0,1.0,6.0,2.0,1.0,1.0,5.0,576.0,2.0,2.0,1.0,0.0,21.0,0.0,2.0,0.0,2.0,2.0,2.0,2.0,0.0,1.0,6.0,0.0,0.0,0.0,0.0,0.0,0.0,0.0,0.0,0.0,0.0,0.0,0.0,0.0,0.0,0.0,0.0,0.0,0.0,33.0,0
1.0,1.0,39.0,3.0,4.0,1.0,2.0,0.0,4.0,1.0,1.0,1.0,4.0,1521.0,2.0,2.0,1.0,0.0,40.0,0.0,2.0,0.0,2.0,2.0,2.0,2.0,0.0,1.0,9.0,0.0,0.0,0.0,0.0,0.0,0.0,0.0,0.0,0.0,0.0,0.0,0.0,0.0,0.0,0.0,0.0,0.0,0.0,33.0,0
1.0,2.0,41.0,5.0,1.0,1.0,2.0,0.0,6.0,1.0,1.0,1.0,6.0,1681.0,3.0,1.0,1.0,0.0,20.0,0.0,1.0,1.0,1.0,1.0,1.0,2.0,0.0,7.0,11.0,6.0,2.0,0.0,0.0,2.0,2.0,2.0,2.0,5.0,1.0,1.0,1.0,1.0,0.0,1.0,0.0,1.0,1.0,33.0,0
3.0,2.0,17.0,5.0,1.0,1.0,1.0,2.0,4.0,2.0,1.0,1.0,3.0,289.0,3.0,2.0,1.0,0.0,8.0,0.0,2.0,0.0,2.0,2.0,2.0,2.0,0.0,7.0,13.0,3.0,1.0,4.0,3.0,2.0,2.0,1.0,2.0,0.0,2.0,2.0,2.0,2.0,5.0,2.0,2.0,1.0,4.0,33.0,1
1.0,2.0,65.0,3.0,1.0,1.0,2.0,0.0,4.0,1.0,1.0,1.0,4.0,4225.0,2.0,1.0,1.0,0.0,6.0,0.0,1.0,1.0,2.0,2.0,2.0,2.0,0.0,1.0,6.0,0.0,0.0,0.0,0.0,0.0,0.0,0.0,0.0,0.0,0.0,0.0,0.0,0.0,0.0,0.0,0.0,0.0,0.0,33.0,0
2.0,1.0,47.0,2.0,4.0,1.0,2.0,0.0,2.0,1.0,1.0,1.0,2.0,2209.0,2.0,2.0,1.0,0.0,36.0,0.0,2.0,0.0,2.0,2.0,2.0,2.0,0.0,1.0,8.0,0.0,0.0,0.0,0.0,0.0,0.0,0.0,0.0,0.0,0.0,0.0,0.0,0.0,0.0,0.0,0.0,0.0,0.0,33.0,0
1.0,2.0,58.0,4.0,1.0,1.0,2.0,0.0,6.0,1.0,1.0,1.0,6.0,3364.0,2.0,2.0,1.0,0.0,20.0,0.0,2.0,0.0,2.0,2.0,2.0,2.0,0.0,2.0,11.0,0.0,0.0,0.0,0.0,0.0,0.0,0.0,0.0,0.0,0.0,0.0,0.0,0.0,0.0,0.0,0.0,0.0,0.0,32.0,0
1.0,2.0,43.0,1.0,1.0,1.0,2.0,0.0,7.0,1.0,1.0,1.0,6.0,1849.0,3.0,2.0,1.0,0.0,45.0,0.0,2.0,0.0,2.0,2.0,2.0,2.0,0.0,12.0,11.0,6.0,2.0,0.0,0.0,2.0,2.0,2.0,2.0,5.0,1.0,1.0,1.0,1.0,0.0,1.0,0.0,1.0,1.0,32.0,0
2.0,1.0,43.0,1.0,1.0,1.0,2.0,0.0,7.0,1.0,1.0,1.0,6.0,1849.0,2.0,2.0,1.0,0.0,45.0,0.0,2.0,0.0,2.0,2.0,2.0,2.0,0.0,1.0,6.0,0.0,0.0,0.0,0.0,0.0,0.0,0.0,0.0,0.0,0.0,0.0,0.0,0.0,0.0,0.0,0.0,0.0,0.0,32.0,0
1.0,1.0,35.0,5.0,1.0,1.0,2.0,0.0,7.0,1.0,1.0,1.0,6.0,1225.0,3.0,2.0,1.0,0.0,35.0,0.0,2.0,0.0,2.0,2.0,1.0,2.0,0.0,7.0,11.0,6.0,2.0,0.0,0.0,2.0,2.0,2.0,2.0,5.0,1.0,1.0,1.0,1.0,0.0,1.0,0.0,1.0,1.0,33.0,0
3.0,1.0,25.0,5.0,4.0,1.0,2.0,0.0,4.0,2.0,1.0,1.0,3.0,625.0,3.0,1.0,1.0,0.0,24.0,0.0,1.0,1.0,1.0,2.0,2.0,2.0,0.0,99.0,4.0,5.0,9.0,9.0,4.0,1.0,2.0,2.0,2.0,0.0,2.0,2.0,2.0,2.0,5.0,2.0,2.0,2.0,4.0,33.0,1
3.0,2.0,24.0,5.0,4.0,1.0,2.0,0.0,4.0,1.0,1.0,1.0,4.0,576.0,3.0,1.0,1.0,0.0,12.0,0.0,1.0,1.0,1.0,1.0,2.0,1.0,1.0,0.0,0.0,0.0,0.0,0.0,0.0,1.0,2.0,2.0,2.0,0.0,2.0,2.0,2.0,2.0,5.0,2.0,2.0,1.0,4.0,33.0,1
1.0,1.0,40.0,1.0,1.0,1.0,2.0,0.0,4.0,2.0,1.0,1.0,3.0,1600.0,3.0,3.0,1.0,0.0,72.0,0.0,2.0,0.0,2.0,2.0,2.0,2.0,0.0,3.0,11.0,5.0,2.0,0.0,0.0,2.0,2.0,2.0,2.0,5.0,2.0,2.0,2.0,2.0,5.0,2.0,1.0,1.0,3.0,33.0,1
1.0,1.0,44.0,3.0,4.0,1.0,2.0,0.0,4.0,2.0,1.0,1.0,3.0,1936.0,2.0,1.0,1.0,0.0,4.0,0.0,1.0,1.0,1.0,1.0,2.0,2.0,0.0,1.0,8.0,0.0,0.0,0.0,0.0,0.0,0.0,0.0,0.0,0.0,0.0,0.0,0.0,0.0,0.0,0.0,0.0,0.0,0.0,33.0,0
1.0,1.0,47.0,1.0,1.0,1.0,2.0,0.0,7.0,2.0,3.0,1.0,5.0,2209.0,3.0,3.0,1.0,0.0,60.0,0.0,2.0,0.0,2.0,2.0,2.0,2.0,0.0,99.0,11.0,5.0,2.0,0.0,0.0,2.0,2.0,2.0,2.0,5.0,1.0,1.0,1.0,1.0,0.0,1.0,0.0,1.0,1.0,33.0,0
2.0,2.0,49.0,1.0,1.0,1.0,2.0,0.0,7.0,1.0,1.0,1.0,6.0,2401.0,3.0,3.0,1.0,0.0,48.0,0.0,2.0,0.0,2.0,2.0,2.0,2.0,0.0,6.0,11.0,9.0,9.0,9.0,4.0,9.0,9.0,9.0,9.0,0.0,9.0,9.0,9.0,9.0,0.0,2.0,2.0,9.0,9.0,33.0,1
3.0,2.0,24.0,5.0,1.0,1.0,1.0,1.0,7.0,2.0,1.0,1.0,5.0,576.0,3.0,2.0,1.0,0.0,9.0,0.0,2.0,0.0,2.0,2.0,1.0,2.0,0.0,12.0,11.0,5.0,2.0,0.0,0.0,2.0,2.0,2.0,2.0,5.0,1.0,1.0,1.0,1.0,0.0,1.0,0.0,1.0,1.0,32.0,0
2.0,1.0,58.0,1.0,1.0,1.0,2.0,0.0,6.0,1.0,3.0,1.0,6.0,3364.0,1.0,3.0,1.0,0.0,50.0,0.0,2.0,0.0,2.0,1.0,2.0,2.0,0.0,7.0,11.0,0.0,0.0,0.0,0.0,0.0,0.0,0.0,0.0,0.0,0.0,0.0,0.0,0.0,0.0,0.0,0.0,0.0,0.0,32.0,0
1.0,1.0,73.0,3.0,1.0,1.0,2.0,0.0,8.0,1.0,1.0,1.0,6.0,5329.0,3.0,3.0,1.0,0.0,48.0,0.0,2.0,0.0,2.0,2.0,1.0,2.0,0.0,12.0,11.0,6.0,2.0,0.0,0.0,2.0,2.0,2.0,2.0,5.0,2.0,2.0,2.0,2.0,5.0,2.0,1.0,1.0,3.0,32.0,1
2.0,2.0,51.0,2.0,1.0,1.0,2.0,0.0,7.0,1.0,1.0,1.0,6.0,2601.0,3.0,2.0,1.0,0.0,40.0,0.0,2.0,0.0,2.0,2.0,1.0,2.0,0.0,99.0,11.0,6.0,2.0,0.0,0.0,2.0,2.0,2.0,2.0,5.0,1.0,1.0,1.0,1.0,0.0,1.0,0.0,1.0,1.0,32.0,0
1.0,1.0,57.0,2.0,1.0,1.0,2.0,0.0,7.0,1.0,2.0,1.0,6.0,3249.0,3.0,2.0,1.0,0.0,37.0,0.0,2.0,0.0,2.0,2.0,2.0,2.0,0.0,11.0,11.0,6.0,2.0,0.0,0.0,2.0,2.0,2.0,2.0,5.0,1.0,1.0,1.0,1.0,0.0,1.0,0.0,1.0,1.0,32.0,0
1.0,1.0,66.0,2.0,1.0,1.0,2.0,0.0,7.0,2.0,1.0,1.0,5.0,4356.0,2.0,2.0,1.0,0.0,40.0,0.0,2.0,0.0,2.0,2.0,2.0,2.0,0.0,1.0,8.0,0.0,0.0,0.0,0.0,0.0,0.0,0.0,0.0,0.0,0.0,0.0,0.0,0.0,0.0,0.0,0.0,0.0,0.0,32.0,0
1.0,2.0,30.0,5.0,4.0,1.0,2.0,0.0,4.0,2.0,1.0,1.0,3.0,900.0,3.0,3.0,1.0,0.0,96.0,0.0,2.0,0.0,1.0,1.0,2.0,1.0,1.0,0.0,0.0,0.0,0.0,0.0,0.0,1.0,2.0,2.0,2.0,0.0,2.0,2.0,2.0,2.0,5.0,2.0,2.0,3.0,4.0,33.0,1
1.0,1.0,49.0,1.0,2.0,1.0,2.0,0.0,4.0,1.0,3.0,1.0,4.0,2401.0,2.0,3.0,2.0,2.0,70.0,48.0,2.0,0.0,2.0,2.0,2.0,2.0,0.0,2.0,6.0,0.0,0.0,0.0,0.0,0.0,0.0,0.0,0.0,0.0,0.0,0.0,0.0,0.0,0.0,0.0,0.0,0.0,0.0,33.0,0
2.0,2.0,47.0,1.0,2.0,1.0,2.0,0.0,4.0,1.0,1.0,1.0,4.0,2209.0,3.0,3.0,2.0,2.0,66.0,29.0,2.0,0.0,2.0,2.0,2.0,2.0,0.0,6.0,11.0,6.0,2.0,0.0,0.0,2.0,2.0,2.0,2.0,5.0,1.0,1.0,1.0,1.0,0.0,1.0,0.0,1.0,1.0,33.0,0
1.0,1.0,42.0,2.0,1.0,1.0,2.0,0.0,2.0,1.0,1.0,1.0,2.0,1764.0,3.0,2.0,1.0,0.0,40.0,0.0,2.0,0.0,2.0,2.0,2.0,2.0,0.0,9.0,4.0,6.0,2.0,0.0,0.0,2.0,2.0,2.0,2.0,5.0,1.0,1.0,1.0,1.0,0.0,1.0,0.0,2.0,1.0,33.0,0
1.0,1.0,47.0,3.0,1.0,1.0,2.0,0.0,4.0,2.0,1.0,1.0,3.0,2209.0,3.0,3.0,1.0,0.0,46.0,0.0,2.0,0.0,2.0,2.0,2.0,2.0,0.0,11.0,11.0,5.0,9.0,9.0,4.0,2.0,2.0,2.0,1.0,0.0,1.0,1.0,1.0,1.0,0.0,1.0,0.0,1.0,1.0,33.0,0
3.0,1.0,21.0,5.0,1.0,1.0,2.0,0.0,4.0,2.0,1.0,1.0,3.0,441.0,3.0,2.0,1.0,0.0,35.0,0.0,2.0,0.0,2.0,1.0,2.0,2.0,0.0,4.0,11.0,3.0,2.0,0.0,0.0,2.0,2.0,2.0,2.0,5.0,2.0,2.0,2.0,2.0,5.0,2.0,2.0,1.0,1.0,33.0,1
1.0,2.0,77.0,3.0,2.0,1.0,2.0,0.0,4.0,1.0,5.0,1.0,4.0,5929.0,2.0,2.0,1.0,0.0,2.0,0.0,2.0,0.0,2.0,2.0,2.0,2.0,0.0,1.0,6.0,0.0,0.0,0.0,0.0,0.0,0.0,0.0,0.0,0.0,0.0,0.0,0.0,0.0,0.0,0.0,0.0,0.0,0.0,32.0,0
1.0,1.0,28.0,1.0,1.0,1.0,2.0,0.0,4.0,1.0,1.0,1.0,4.0,784.0,3.0,2.0,1.0,0.0,45.0,0.0,2.0,0.0,2.0,1.0,2.0,2.0,0.0,9.0,8.0,5.0,2.0,0.0,0.0,2.0,2.0,2.0,2.0,5.0,1.0,1.0,1.0,1.0,0.0,1.0,0.0,1.0,1.0,32.0,0
2.0,2.0,29.0,1.0,4.0,1.0,2.0,0.0,4.0,1.0,1.0,1.0,4.0,841.0,2.0,1.0,1.0,0.0,30.0,0.0,1.0,1.0,1.0,2.0,2.0,2.0,0.0,1.0,6.0,0.0,0.0,0.0,0.0,0.0,0.0,0.0,0.0,0.0,0.0,0.0,0.0,0.0,0.0,0.0,0.0,0.0,0.0,32.0,0
1.0,2.0,41.0,5.0,1.0,1.0,2.0,0.0,8.0,1.0,5.0,5.0,6.0,1681.0,3.0,2.0,1.0,0.0,8.0,0.0,1.0,3.0,2.0,2.0,2.0,2.0,0.0,99.0,11.0,5.0,2.0,0.0,0.0,2.0,2.0,2.0,2.0,5.0,2.0,1.0,2.0,1.0,0.0,1.0,0.0,1.0,1.0,32.0,0
3.0,2.0,34.0,5.0,1.0,1.0,2.0,0.0,6.0,1.0,1.0,1.0,6.0,1156.0,3.0,2.0,1.0,0.0,40.0,0.0,2.0,0.0,2.0,2.0,1.0,2.0,0.0,7.0,11.0,5.0,2.0,0.0,0.0,2.0,2.0,2.0,2.0,5.0,1.0,1.0,1.0,1.0,0.0,1.0,0.0,1.0,4.0,33.0,0
1.0,2.0,42.0,5.0,12.0,1.0,2.0,0.0,4.0,1.0,1.0,1.0,4.0,1764.0,3.0,3.0,1.0,0.0,108.0,0.0,2.0,0.0,2.0,2.0,2.0,1.0,1.0,0.0,0.0,0.0,0.0,0.0,0.0,1.0,2.0,2.0,2.0,0.0,1.0,1.0,1.0,1.0,0.0,1.0,0.0,1.0,4.0,33.0,0
1.0,1.0,38.0,1.0,1.0,1.0,2.0,0.0,6.0,2.0,1.0,1.0,5.0,1444.0,3.0,3.0,1.0,0.0,48.0,0.0,2.0,0.0,2.0,2.0,2.0,2.0,0.0,9.0,11.0,6.0,2.0,0.0,0.0,2.0,2.0,2.0,2.0,5.0,1.0,1.0,1.0,1.0,0.0,1.0,0.0,1.0,1.0,33.0,0
1.0,2.0,33.0,4.0,4.0,1.0,2.0,0.0,4.0,1.0,1.0,1.0,4.0,1089.0,2.0,3.0,1.0,0.0,48.0,0.0,2.0,0.0,2.0,2.0,2.0,2.0,0.0,1.0,6.0,0.0,0.0,0.0,0.0,0.0,0.0,0.0,0.0,0.0,0.0,0.0,0.0,0.0,0.0,0.0,0.0,0.0,0.0,33.0,0
1.0,2.0,36.0,1.0,1.0,1.0,2.0,0.0,4.0,1.0,1.0,1.0,4.0,1296.0,3.0,1.0,1.0,0.0,20.0,0.0,1.0,1.0,1.0,1.0,1.0,2.0,0.0,99.0,11.0,6.0,1.0,9.0,4.0,2.0,2.0,2.0,2.0,5.0,2.0,2.0,2.0,1.0,0.0,1.0,0.0,1.0,4.0,33.0,0
1.0,1.0,49.0,1.0,4.0,1.0,2.0,0.0,4.0,1.0,3.0,1.0,4.0,2401.0,2.0,3.0,1.0,0.0,47.0,0.0,1.0,1.0,1.0,1.0,2.0,2.0,0.0,2.0,11.0,0.0,0.0,0.0,0.0,0.0,0.0,0.0,0.0,0.0,0.0,0.0,0.0,0.0,0.0,0.0,0.0,0.0,0.0,33.0,0
2.0,2.0,46.0,1.0,4.0,1.0,2.0,0.0,4.0,1.0,1.0,1.0,4.0,2116.0,2.0,3.0,1.0,0.0,47.0,0.0,1.0,1.0,1.0,1.0,2.0,2.0,0.0,2.0,11.0,0.0,0.0,0.0,0.0,0.0,0.0,0.0,0.0,0.0,0.0,0.0,0.0,0.0,0.0,0.0,0.0,0.0,0.0,33.0,0
3.0,1.0,26.0,5.0,4.0,1.0,2.0,0.0,4.0,1.0,1.0,1.0,4.0,676.0,3.0,3.0,1.0,0.0,48.0,0.0,2.0,0.0,2.0,2.0,2.0,2.0,0.0,99.0,11.0,5.0,2.0,0.0,0.0,2.0,2.0,2.0,2.0,5.0,2.0,2.0,2.0,2.0,5.0,2.0,2.0,1.0,4.0,33.0,1
3.0,1.0,30.0,5.0,4.0,1.0,2.0,0.0,4.0,1.0,1.0,1.0,4.0,900.0,3.0,2.0,1.0,0.0,40.0,0.0,2.0,0.0,2.0,2.0,2.0,2.0,0.0,99.0,11.0,5.0,2.0,0.0,0.0,2.0,2.0,2.0,2.0,5.0,1.0,1.0,1.0,2.0,0.0,2.0,2.0,1.0,1.0,33.0,1
3.0,2.0,30.0,5.0,1.0,1.0,2.0,0.0,4.0,1.0,1.0,1.0,4.0,900.0,3.0,2.0,1.0,0.0,32.0,0.0,2.0,0.0,2.0,2.0,2.0,2.0,0.0,7.0,11.0,6.0,2.0,0.0,0.0,2.0,2.0,2.0,2.0,5.0,1.0,1.0,1.0,1.0,0.0,1.0,0.0,1.0,1.0,33.0,0
1.0,2.0,39.0,5.0,1.0,1.0,2.0,0.0,6.0,1.0,1.0,1.0,6.0,1521.0,3.0,2.0,1.0,0.0,40.0,0.0,2.0,0.0,2.0,2.0,2.0,2.0,0.0,5.0,11.0,5.0,2.0,0.0,0.0,1.0,2.0,2.0,2.0,0.0,1.0,1.0,1.0,1.0,0.0,1.0,0.0,1.0,1.0,33.0,0
1.0,1.0,74.0,2.0,1.0,1.0,2.0,0.0,4.0,1.0,1.0,1.0,4.0,5476.0,2.0,2.0,2.0,2.0,15.0,4.0,2.0,0.0,2.0,2.0,2.0,2.0,0.0,1.0,11.0,0.0,0.0,0.0,0.0,0.0,0.0,0.0,0.0,0.0,0.0,0.0,0.0,0.0,0.0,0.0,0.0,0.0,0.0,33.0,0
1.0,2.0,40.0,5.0,1.0,1.0,2.0,0.0,6.0,1.0,3.0,1.0,6.0,1600.0,3.0,1.0,2.0,2.0,16.0,4.0,1.0,1.0,1.0,2.0,1.0,2.0,0.0,12.0,11.0,6.0,2.0,0.0,0.0,2.0,2.0,2.0,2.0,5.0,1.0,1.0,1.0,1.0,0.0,1.0,0.0,1.0,1.0,33.0,0
3.0,2.0,39.0,1.0,1.0,1.0,2.0,0.0,7.0,2.0,1.0,1.0,5.0,1521.0,2.0,3.0,1.0,0.0,54.0,0.0,2.0,0.0,2.0,2.0,2.0,2.0,0.0,1.0,11.0,0.0,0.0,0.0,0.0,0.0,0.0,0.0,0.0,0.0,0.0,0.0,0.0,0.0,0.0,0.0,0.0,0.0,0.0,33.0,0
4.0,1.0,43.0,1.0,1.0,1.0,1.0,1.0,7.0,2.0,3.0,1.0,5.0,1849.0,2.0,2.0,1.0,0.0,8.0,0.0,2.0,0.0,2.0,2.0,2.0,2.0,0.0,1.0,11.0,0.0,0.0,0.0,0.0,0.0,0.0,0.0,0.0,0.0,0.0,0.0,0.0,0.0,0.0,0.0,0.0,0.0,0.0,33.0,0
3.0,2.0,36.0,1.0,1.0,1.0,1.0,1.0,7.0,2.0,1.0,1.0,5.0,1296.0,3.0,2.0,2.0,2.0,30.0,6.0,1.0,1.0,1.0,1.0,1.0,2.0,0.0,99.0,11.0,6.0,2.0,0.0,0.0,2.0,2.0,2.0,2.0,5.0,1.0,1.0,1.0,1.0,0.0,1.0,0.0,1.0,1.0,33.0,0
4.0,1.0,33.0,1.0,1.0,1.0,1.0,1.0,8.0,2.0,1.0,1.0,6.0,1089.0,3.0,3.0,1.0,0.0,40.0,0.0,1.0,1.0,1.0,1.0,2.0,2.0,0.0,99.0,11.0,5.0,2.0,0.0,0.0,2.0,2.0,2.0,2.0,5.0,1.0,1.0,1.0,1.0,0.0,1.0,0.0,1.0,1.0,33.0,0
1.0,2.0,69.0,3.0,1.0,1.0,2.0,0.0,2.0,1.0,3.0,1.0,2.0,4761.0,2.0,2.0,1.0,0.0,24.0,0.0,2.0,0.0,2.0,2.0,2.0,2.0,0.0,1.0,11.0,0.0,0.0,0.0,0.0,0.0,0.0,0.0,0.0,0.0,0.0,0.0,0.0,0.0,0.0,0.0,0.0,0.0,0.0,33.0,0
1.0,1.0,49.0,1.0,1.0,1.0,2.0,0.0,4.0,1.0,1.0,1.0,4.0,2401.0,3.0,2.0,1.0,0.0,40.0,0.0,2.0,0.0,2.0,2.0,2.0,2.0,0.0,5.0,11.0,6.0,2.0,0.0,0.0,1.0,2.0,2.0,2.0,0.0,1.0,1.0,1.0,1.0,0.0,1.0,0.0,1.0,1.0,33.0,0
1.0,1.0,31.0,1.0,1.0,1.0,2.0,0.0,4.0,1.0,1.0,1.0,4.0,961.0,3.0,4.0,0.0,0.0,0.0,0.0,2.0,0.0,2.0,2.0,2.0,2.0,0.0,10.0,4.0,6.0,2.0,0.0,0.0,2.0,2.0,2.0,2.0,5.0,1.0,1.0,1.0,1.0,0.0,1.0,0.0,1.0,1.0,33.0,0
2.0,2.0,30.0,1.0,1.0,1.0,2.0,0.0,4.0,1.0,1.0,1.0,4.0,900.0,3.0,2.0,1.0,0.0,22.0,0.0,2.0,0.0,2.0,2.0,2.0,2.0,0.0,7.0,11.0,6.0,2.0,0.0,0.0,1.0,2.0,2.0,2.0,0.0,1.0,1.0,1.0,1.0,0.0,1.0,0.0,1.0,1.0,33.0,0
3.0,2.0,38.0,3.0,1.0,1.0,2.0,0.0,7.0,1.0,1.0,1.0,6.0,1444.0,3.0,2.0,1.0,0.0,30.0,0.0,2.0,0.0,2.0,2.0,1.0,2.0,0.0,11.0,11.0,5.0,2.0,0.0,0.0,2.0,2.0,2.0,2.0,5.0,2.0,2.0,2.0,2.0,5.0,2.0,1.0,1.0,3.0,33.0,1
3.0,1.0,40.0,3.0,1.0,1.0,2.0,0.0,4.0,1.0,1.0,1.0,4.0,1600.0,3.0,2.0,1.0,0.0,40.0,0.0,2.0,0.0,2.0,2.0,1.0,2.0,0.0,9.0,11.0,6.0,2.0,0.0,0.0,2.0,2.0,2.0,2.0,5.0,1.0,1.0,1.0,1.0,0.0,1.0,0.0,1.0,1.0,33.0,0
2.0,1.0,58.0,2.0,1.0,1.0,2.0,0.0,4.0,1.0,1.0,1.0,4.0,3364.0,3.0,2.0,1.0,0.0,45.0,0.0,2.0,0.0,2.0,2.0,2.0,2.0,0.0,99.0,11.0,6.0,2.0,0.0,0.0,2.0,2.0,2.0,2.0,5.0,1.0,1.0,1.0,1.0,0.0,1.0,0.0,1.0,1.0,33.0,0
3.0,1.0,34.0,5.0,1.0,1.0,2.0,0.0,7.0,1.0,1.0,1.0,6.0,1156.0,3.0,1.0,1.0,0.0,18.0,0.0,1.0,1.0,1.0,2.0,1.0,2.0,0.0,7.0,11.0,5.0,2.0,0.0,0.0,2.0,2.0,2.0,2.0,5.0,1.0,1.0,1.0,1.0,0.0,1.0,0.0,1.0,1.0,33.0,0
3.0,2.0,24.0,5.0,4.0,1.0,2.0,0.0,4.0,1.0,1.0,1.0,4.0,576.0,3.0,2.0,1.0,0.0,40.0,0.0,2.0,0.0,2.0,2.0,2.0,2.0,0.0,99.0,11.0,5.0,9.0,2.0,2.0,2.0,2.0,2.0,2.0,5.0,2.0,2.0,2.0,2.0,5.0,2.0,2.0,9.0,1.0,33.0,1
1.0,2.0,60.0,5.0,12.0,1.0,2.0,0.0,7.0,2.0,1.0,1.0,5.0,3600.0,2.0,2.0,1.0,0.0,35.0,0.0,2.0,0.0,2.0,2.0,2.0,2.0,0.0,1.0,6.0,0.0,0.0,0.0,0.0,0.0,0.0,0.0,0.0,0.0,0.0,0.0,0.0,0.0,0.0,0.0,0.0,0.0,0.0,33.0,0
1.0,1.0,42.0,2.0,1.0,1.0,2.0,0.0,7.0,1.0,1.0,1.0,6.0,1764.0,3.0,4.0,0.0,0.0,0.0,0.0,2.0,0.0,2.0,2.0,1.0,2.0,0.0,12.0,11.0,6.0,2.0,0.0,0.0,2.0,2.0,2.0,2.0,5.0,1.0,1.0,1.0,1.0,0.0,1.0,0.0,3.0,1.0,33.0,0
1.0,1.0,46.0,1.0,1.0,1.0,2.0,0.0,2.0,2.0,1.0,1.0,1.0,2116.0,3.0,3.0,1.0,0.0,60.0,0.0,2.0,0.0,2.0,2.0,2.0,2.0,0.0,99.0,9.0,6.0,2.0,0.0,0.0,1.0,2.0,2.0,2.0,0.0,1.0,1.0,1.0,1.0,0.0,1.0,0.0,1.0,1.0,33.0,0
2.0,2.0,46.0,1.0,1.0,1.0,2.0,0.0,4.0,2.0,1.0,1.0,3.0,2116.0,2.0,2.0,1.0,0.0,9.0,0.0,2.0,0.0,2.0,2.0,2.0,2.0,0.0,1.0,2.0,0.0,0.0,0.0,0.0,0.0,0.0,0.0,0.0,0.0,0.0,0.0,0.0,0.0,0.0,0.0,0.0,0.0,0.0,33.0,0
1.0,1.0,47.0,5.0,1.0,1.0,2.0,0.0,7.0,1.0,1.0,1.0,6.0,2209.0,3.0,2.0,1.0,0.0,35.0,0.0,2.0,0.0,2.0,1.0,1.0,2.0,0.0,99.0,11.0,6.0,2.0,0.0,0.0,2.0,2.0,2.0,2.0,5.0,1.0,1.0,1.0,1.0,0.0,1.0,0.0,1.0,1.0,32.0,0
1.0,1.0,38.0,1.0,1.0,1.0,2.0,0.0,4.0,1.0,3.0,1.0,4.0,1444.0,3.0,3.0,2.0,2.0,56.0,6.0,1.0,1.0,1.0,1.0,2.0,2.0,0.0,12.0,4.0,6.0,2.0,0.0,0.0,2.0,2.0,2.0,2.0,5.0,1.0,1.0,1.0,1.0,0.0,1.0,0.0,1.0,1.0,33.0,0
1.0,1.0,54.0,2.0,1.0,1.0,2.0,0.0,6.0,1.0,1.0,1.0,6.0,2916.0,3.0,3.0,2.0,3.0,30.0,40.0,1.0,1.0,1.0,1.0,2.0,2.0,0.0,9.0,11.0,6.0,2.0,0.0,0.0,2.0,2.0,2.0,2.0,5.0,1.0,1.0,1.0,1.0,0.0,1.0,0.0,1.0,1.0,33.0,0
3.0,1.0,19.0,5.0,1.0,1.0,1.0,1.0,7.0,2.0,1.0,1.0,5.0,361.0,3.0,1.0,1.0,0.0,6.0,0.0,1.0,1.0,1.0,1.0,2.0,2.0,0.0,1.0,8.0,0.0,0.0,0.0,0.0,0.0,0.0,0.0,0.0,0.0,0.0,0.0,0.0,0.0,0.0,2.0,0.0,0.0,0.0,33.0,1
3.0,2.0,63.0,3.0,1.0,1.0,2.0,0.0,4.0,1.0,4.0,1.0,4.0,3969.0,3.0,2.0,1.0,0.0,30.0,0.0,2.0,0.0,2.0,2.0,1.0,2.0,0.0,6.0,11.0,6.0,2.0,0.0,0.0,2.0,2.0,2.0,2.0,5.0,1.0,1.0,1.0,1.0,0.0,1.0,0.0,1.0,1.0,33.0,0
1.0,2.0,44.0,5.0,1.0,1.0,2.0,0.0,7.0,1.0,1.0,1.0,6.0,1936.0,3.0,1.0,2.0,5.0,4.0,20.0,1.0,1.0,1.0,1.0,1.0,2.0,0.0,8.0,11.0,6.0,2.0,0.0,0.0,2.0,2.0,2.0,2.0,5.0,1.0,1.0,1.0,1.0,0.0,1.0,0.0,1.0,1.0,33.0,0
1.0,1.0,57.0,3.0,12.0,1.0,2.0,0.0,8.0,1.0,5.0,1.0,6.0,3249.0,2.0,2.0,2.0,3.0,20.0,10.0,2.0,0.0,2.0,2.0,2.0,2.0,0.0,1.0,8.0,0.0,0.0,0.0,0.0,0.0,0.0,0.0,0.0,0.0,0.0,0.0,0.0,0.0,0.0,0.0,0.0,0.0,0.0,32.0,0
2.0,1.0,29.0,1.0,4.0,1.0,2.0,0.0,4.0,1.0,1.0,1.0,4.0,841.0,3.0,2.0,1.0,0.0,24.0,0.0,2.0,0.0,2.0,2.0,2.0,2.0,0.0,2.0,11.0,3.0,1.0,1.0,4.0,1.0,2.0,2.0,2.0,0.0,2.0,2.0,2.0,2.0,5.0,2.0,2.0,1.0,4.0,33.0,1
1.0,2.0,42.0,5.0,4.0,1.0,2.0,0.0,4.0,1.0,1.0,1.0,4.0,1764.0,3.0,2.0,1.0,0.0,10.0,0.0,2.0,0.0,2.0,2.0,2.0,1.0,1.0,0.0,0.0,0.0,0.0,0.0,0.0,1.0,2.0,1.0,2.0,0.0,2.0,2.0,2.0,2.0,5.0,2.0,2.0,1.0,4.0,33.0,1
3.0,1.0,24.0,5.0,1.0,1.0,2.0,0.0,4.0,1.0,1.0,1.0,4.0,576.0,3.0,2.0,1.0,0.0,10.0,0.0,2.0,0.0,2.0,2.0,2.0,2.0,0.0,99.0,2.0,4.0,2.0,0.0,0.0,1.0,2.0,2.0,2.0,0.0,1.0,1.0,1.0,1.0,0.0,1.0,0.0,1.0,1.0,33.0,0
1.0,2.0,43.0,5.0,1.0,1.0,2.0,0.0,7.0,1.0,1.0,1.0,6.0,1849.0,2.0,2.0,1.0,0.0,30.0,0.0,2.0,0.0,2.0,2.0,2.0,2.0,0.0,1.0,11.0,0.0,0.0,0.0,0.0,0.0,0.0,0.0,0.0,0.0,0.0,0.0,0.0,0.0,0.0,0.0,0.0,0.0,0.0,33.0,0
3.0,1.0,23.0,5.0,1.0,1.0,1.0,2.0,7.0,2.0,1.0,1.0,5.0,529.0,2.0,2.0,1.0,0.0,35.0,0.0,2.0,0.0,2.0,2.0,2.0,2.0,0.0,1.0,12.0,0.0,0.0,0.0,0.0,0.0,0.0,0.0,0.0,0.0,0.0,0.0,0.0,0.0,0.0,0.0,0.0,0.0,0.0,33.0,0
2.0,1.0,58.0,2.0,1.0,1.0,2.0,0.0,7.0,1.0,1.0,1.0,6.0,3364.0,3.0,2.0,1.0,0.0,40.0,0.0,2.0,0.0,2.0,2.0,2.0,2.0,0.0,6.0,11.0,6.0,2.0,0.0,0.0,1.0,2.0,2.0,2.0,0.0,2.0,2.0,2.0,2.0,5.0,2.0,1.0,1.0,1.0,33.0,1
3.0,1.0,22.0,5.0,1.0,1.0,1.0,1.0,7.0,2.0,1.0,1.0,5.0,484.0,3.0,2.0,1.0,0.0,30.0,0.0,2.0,0.0,2.0,2.0,2.0,2.0,0.0,99.0,11.0,5.0,2.0,0.0,0.0,2.0,2.0,2.0,2.0,5.0,1.0,1.0,1.0,1.0,0.0,1.0,0.0,1.0,1.0,33.0,0
3.0,2.0,20.0,5.0,1.0,1.0,1.0,1.0,7.0,2.0,1.0,1.0,5.0,400.0,3.0,1.0,1.0,0.0,16.0,0.0,1.0,1.0,2.0,2.0,2.0,2.0,0.0,6.0,11.0,5.0,2.0,0.0,0.0,1.0,2.0,2.0,2.0,0.0,2.0,2.0,2.0,2.0,5.0,2.0,2.0,1.0,4.0,33.0,1
1.0,2.0,52.0,5.0,4.0,1.0,2.0,0.0,4.0,2.0,1.0,1.0,3.0,2704.0,2.0,2.0,1.0,0.0,24.0,0.0,2.0,0.0,1.0,1.0,2.0,2.0,0.0,1.0,6.0,0.0,0.0,0.0,0.0,0.0,0.0,0.0,0.0,0.0,0.0,0.0,0.0,0.0,0.0,0.0,0.0,0.0,0.0,33.0,0
1.0,1.0,62.0,1.0,1.0,1.0,2.0,0.0,4.0,1.0,1.0,1.0,4.0,3844.0,3.0,3.0,1.0,0.0,56.0,0.0,2.0,0.0,2.0,2.0,2.0,2.0,0.0,99.0,4.0,6.0,2.0,0.0,0.0,2.0,2.0,2.0,2.0,5.0,2.0,2.0,2.0,2.0,5.0,2.0,2.0,1.0,3.0,33.0,1
6.0,2.0,42.0,3.0,1.0,1.0,2.0,0.0,4.0,1.0,1.0,1.0,4.0,1764.0,3.0,2.0,2.0,3.0,20.0,4.0,2.0,0.0,2.0,2.0,2.0,1.0,3.0,0.0,0.0,0.0,0.0,0.0,0.0,1.0,2.0,2.0,2.0,0.0,1.0,1.0,1.0,1.0,0.0,1.0,0.0,1.0,1.0,33.0,0
1.0,1.0,38.0,1.0,4.0,1.0,2.0,0.0,4.0,2.0,1.0,1.0,3.0,1444.0,3.0,1.0,1.0,0.0,30.0,0.0,1.0,1.0,1.0,1.0,2.0,2.0,0.0,99.0,4.0,2.0,1.0,9.0,4.0,2.0,2.0,2.0,2.0,5.0,2.0,2.0,2.0,2.0,5.0,2.0,2.0,3.0,4.0,33.0,1
2.0,2.0,33.0,1.0,4.0,1.0,2.0,0.0,2.0,2.0,1.0,1.0,1.0,1089.0,3.0,2.0,1.0,0.0,20.0,0.0,2.0,0.0,2.0,2.0,2.0,2.0,0.0,6.0,11.0,4.0,2.0,0.0,0.0,2.0,2.0,2.0,2.0,5.0,2.0,2.0,2.0,2.0,5.0,2.0,2.0,1.0,4.0,33.0,1
1.0,1.0,31.0,1.0,1.0,1.0,2.0,0.0,4.0,1.0,1.0,1.0,4.0,961.0,3.0,2.0,1.0,0.0,40.0,0.0,2.0,0.0,2.0,2.0,2.0,2.0,0.0,6.0,11.0,6.0,2.0,0.0,0.0,2.0,2.0,2.0,2.0,5.0,1.0,1.0,1.0,1.0,0.0,1.0,0.0,1.0,1.0,33.0,0
2.0,2.0,26.0,1.0,1.0,1.0,2.0,0.0,6.0,1.0,1.0,1.0,6.0,676.0,3.0,2.0,1.0,0.0,45.0,0.0,2.0,0.0,2.0,2.0,2.0,2.0,0.0,8.0,11.0,2.0,2.0,0.0,0.0,2.0,2.0,2.0,2.0,5.0,1.0,1.0,1.0,1.0,0.0,1.0,0.0,1.0,1.0,33.0,0
1.0,1.0,40.0,2.0,1.0,1.0,2.0,0.0,6.0,2.0,1.0,1.0,5.0,1600.0,3.0,3.0,1.0,0.0,70.0,0.0,2.0,0.0,2.0,2.0,1.0,2.0,0.0,11.0,11.0,6.0,2.0,0.0,0.0,2.0,2.0,2.0,2.0,5.0,1.0,1.0,1.0,1.0,0.0,1.0,0.0,3.0,1.0,33.0,0
2.0,2.0,36.0,2.0,1.0,1.0,1.0,1.0,8.0,1.0,1.0,1.0,6.0,1296.0,3.0,4.0,0.0,0.0,0.0,0.0,2.0,0.0,2.0,2.0,2.0,2.0,0.0,8.0,11.0,6.0,2.0,0.0,0.0,2.0,2.0,2.0,2.0,5.0,1.0,1.0,1.0,1.0,0.0,1.0,0.0,1.0,1.0,33.0,0
1.0,2.0,40.0,1.0,1.0,1.0,1.0,1.0,7.0,2.0,1.0,1.0,5.0,1600.0,3.0,1.0,1.0,0.0,28.0,0.0,1.0,1.0,1.0,2.0,2.0,2.0,0.0,6.0,11.0,6.0,2.0,0.0,0.0,2.0,2.0,2.0,2.0,5.0,1.0,1.0,1.0,1.0,0.0,1.0,0.0,1.0,1.0,32.0,0
2.0,1.0,38.0,1.0,4.0,1.0,2.0,0.0,4.0,1.0,1.0,1.0,4.0,1444.0,3.0,2.0,1.0,0.0,35.0,0.0,1.0,1.0,1.0,2.0,2.0,2.0,0.0,4.0,11.0,5.0,2.0,0.0,0.0,2.0,2.0,2.0,2.0,5.0,2.0,2.0,2.0,2.0,5.0,2.0,2.0,1.0,4.0,32.0,1
1.0,1.0,53.0,2.0,2.0,1.0,2.0,0.0,4.0,1.0,3.0,1.0,4.0,2809.0,2.0,3.0,1.0,0.0,48.0,0.0,2.0,0.0,2.0,2.0,2.0,2.0,0.0,1.0,8.0,0.0,0.0,0.0,0.0,0.0,0.0,0.0,0.0,0.0,0.0,0.0,0.0,0.0,0.0,0.0,0.0,0.0,0.0,33.0,0
2.0,2.0,49.0,2.0,2.0,1.0,2.0,0.0,4.0,1.0,1.0,1.0,4.0,2401.0,2.0,2.0,1.0,0.0,40.0,0.0,2.0,0.0,2.0,2.0,2.0,2.0,0.0,1.0,11.0,0.0,0.0,0.0,0.0,0.0,0.0,0.0,0.0,0.0,0.0,0.0,0.0,0.0,0.0,0.0,0.0,0.0,0.0,33.0,0
3.0,1.0,24.0,5.0,1.0,1.0,1.0,1.0,7.0,2.0,1.0,1.0,5.0,576.0,3.0,1.0,1.0,0.0,8.0,0.0,1.0,1.0,1.0,1.0,1.0,2.0,0.0,12.0,11.0,5.0,2.0,0.0,0.0,2.0,2.0,2.0,2.0,5.0,1.0,1.0,1.0,1.0,0.0,1.0,0.0,1.0,1.0,33.0,0
1.0,1.0,39.0,2.0,1.0,1.0,2.0,0.0,7.0,1.0,1.0,1.0,6.0,1521.0,3.0,3.0,1.0,0.0,50.0,0.0,2.0,0.0,2.0,2.0,2.0,2.0,0.0,9.0,11.0,6.0,2.0,0.0,0.0,1.0,2.0,2.0,1.0,0.0,1.0,1.0,1.0,1.0,0.0,1.0,0.0,1.0,1.0,33.0,0
2.0,2.0,40.0,2.0,1.0,1.0,2.0,0.0,6.0,1.0,1.0,1.0,6.0,1600.0,3.0,2.0,1.0,0.0,30.0,0.0,2.0,0.0,2.0,2.0,2.0,2.0,0.0,9.0,11.0,6.0,2.0,0.0,0.0,2.0,2.0,2.0,2.0,5.0,1.0,1.0,1.0,1.0,0.0,1.0,0.0,1.0,1.0,33.0,0
2.0,2.0,26.0,1.0,2.0,1.0,1.0,1.0,7.0,2.0,1.0,1.0,5.0,676.0,3.0,2.0,2.0,2.0,20.0,8.0,2.0,0.0,2.0,2.0,2.0,2.0,0.0,10.0,11.0,5.0,2.0,0.0,0.0,2.0,2.0,2.0,2.0,5.0,1.0,1.0,1.0,1.0,0.0,1.0,0.0,1.0,1.0,33.0,0
1.0,1.0,29.0,1.0,2.0,1.0,2.0,0.0,7.0,1.0,1.0,1.0,6.0,841.0,3.0,2.0,1.0,0.0,30.0,0.0,2.0,0.0,2.0,2.0,1.0,2.0,0.0,11.0,11.0,5.0,2.0,0.0,0.0,2.0,2.0,2.0,2.0,5.0,1.0,1.0,1.0,1.0,0.0,1.0,0.0,1.0,1.0,33.0,0
1.0,2.0,33.0,5.0,1.0,1.0,1.0,1.0,7.0,2.0,1.0,1.0,5.0,1089.0,3.0,3.0,1.0,0.0,46.0,0.0,2.0,0.0,2.0,2.0,1.0,2.0,0.0,99.0,11.0,9.0,9.0,9.0,4.0,9.0,9.0,9.0,9.0,0.0,9.0,9.0,9.0,9.0,0.0,1.0,0.0,9.0,9.0,33.0,0
1.0,2.0,51.0,3.0,1.0,1.0,2.0,0.0,4.0,1.0,1.0,1.0,4.0,2601.0,3.0,2.0,2.0,3.0,16.0,16.0,2.0,0.0,2.0,2.0,1.0,2.0,0.0,99.0,11.0,6.0,2.0,0.0,0.0,2.0,2.0,2.0,2.0,5.0,1.0,1.0,1.0,1.0,0.0,1.0,0.0,1.0,1.0,33.0,0
3.0,2.0,20.0,5.0,1.0,1.0,2.0,0.0,4.0,1.0,1.0,1.0,4.0,400.0,3.0,4.0,0.0,0.0,0.0,0.0,2.0,0.0,2.0,2.0,2.0,2.0,0.0,8.0,11.0,5.0,2.0,0.0,0.0,1.0,2.0,2.0,2.0,0.0,2.0,2.0,2.0,2.0,5.0,2.0,2.0,3.0,4.0,33.0,1
1.0,1.0,56.0,2.0,1.0,1.0,2.0,0.0,7.0,1.0,1.0,1.0,6.0,3136.0,3.0,2.0,1.0,0.0,40.0,0.0,2.0,0.0,2.0,2.0,2.0,2.0,0.0,12.0,11.0,6.0,2.0,0.0,0.0,2.0,2.0,2.0,2.0,5.0,1.0,1.0,1.0,1.0,0.0,1.0,0.0,1.0,1.0,33.0,0
2.0,2.0,53.0,2.0,1.0,1.0,2.0,0.0,7.0,1.0,1.0,1.0,6.0,2809.0,3.0,2.0,1.0,0.0,40.0,0.0,2.0,0.0,2.0,2.0,2.0,2.0,0.0,8.0,11.0,6.0,2.0,0.0,0.0,2.0,2.0,2.0,2.0,5.0,1.0,1.0,1.0,1.0,0.0,1.0,0.0,1.0,1.0,33.0,0
3.0,1.0,26.0,5.0,1.0,1.0,2.0,0.0,7.0,1.0,1.0,1.0,6.0,676.0,3.0,2.0,1.0,0.0,40.0,0.0,2.0,0.0,2.0,2.0,2.0,2.0,0.0,12.0,11.0,6.0,2.0,0.0,0.0,2.0,2.0,2.0,2.0,5.0,1.0,1.0,1.0,1.0,0.0,1.0,0.0,1.0,1.0,33.0,0
1.0,1.0,24.0,5.0,1.0,1.0,2.0,0.0,4.0,1.0,5.0,1.0,4.0,576.0,3.0,2.0,1.0,0.0,45.0,0.0,2.0,0.0,2.0,2.0,2.0,2.0,0.0,7.0,11.0,4.0,2.0,0.0,0.0,1.0,2.0,2.0,1.0,0.0,1.0,1.0,1.0,1.0,0.0,1.0,0.0,1.0,1.0,33.0,0
1.0,1.0,35.0,1.0,1.0,1.0,2.0,0.0,4.0,2.0,1.0,1.0,3.0,1225.0,3.0,2.0,1.0,0.0,40.0,0.0,1.0,1.0,1.0,1.0,2.0,2.0,0.0,6.0,11.0,6.0,2.0,0.0,0.0,2.0,2.0,2.0,2.0,5.0,1.0,1.0,1.0,1.0,0.0,1.0,0.0,1.0,1.0,33.0,0
3.0,1.0,33.0,5.0,4.0,1.0,2.0,0.0,2.0,1.0,3.0,1.0,2.0,1089.0,3.0,3.0,1.0,0.0,50.0,0.0,2.0,0.0,2.0,2.0,2.0,2.0,0.0,3.0,11.0,6.0,9.0,9.0,4.0,1.0,2.0,2.0,1.0,0.0,1.0,2.0,2.0,2.0,0.0,2.0,2.0,1.0,4.0,33.0,1
1.0,2.0,55.0,5.0,4.0,1.0,2.0,0.0,7.0,1.0,5.0,1.0,6.0,3025.0,3.0,3.0,2.0,3.0,30.0,42.0,2.0,0.0,2.0,2.0,2.0,1.0,3.0,0.0,0.0,0.0,0.0,0.0,0.0,2.0,2.0,2.0,2.0,5.0,2.0,2.0,2.0,2.0,5.0,2.0,2.0,1.0,4.0,32.0,1
1.0,1.0,60.0,5.0,1.0,1.0,2.0,0.0,7.0,1.0,3.0,1.0,6.0,3600.0,3.0,4.0,0.0,0.0,0.0,0.0,2.0,0.0,2.0,2.0,1.0,2.0,0.0,9.0,11.0,6.0,2.0,0.0,0.0,2.0,2.0,2.0,2.0,5.0,1.0,1.0,1.0,1.0,0.0,1.0,0.0,1.0,1.0,33.0,0
1.0,1.0,36.0,2.0,1.0,1.0,2.0,0.0,4.0,1.0,1.0,1.0,4.0,1296.0,3.0,2.0,1.0,0.0,40.0,0.0,2.0,0.0,2.0,2.0,1.0,2.0,0.0,12.0,11.0,6.0,1.0,5.0,4.0,2.0,2.0,2.0,2.0,5.0,1.0,1.0,1.0,1.0,0.0,1.0,0.0,1.0,1.0,32.0,0
2.0,2.0,35.0,2.0,1.0,1.0,1.0,1.0,7.0,2.0,1.0,1.0,5.0,1225.0,3.0,2.0,1.0,0.0,40.0,0.0,2.0,0.0,2.0,2.0,1.0,2.0,0.0,8.0,11.0,3.0,1.0,9.0,2.0,2.0,2.0,2.0,2.0,5.0,1.0,1.0,1.0,1.0,0.0,1.0,0.0,1.0,1.0,32.0,0
1.0,2.0,53.0,3.0,4.0,1.0,2.0,0.0,6.0,1.0,1.0,1.0,6.0,2809.0,2.0,3.0,1.0,0.0,56.0,0.0,2.0,0.0,2.0,2.0,2.0,2.0,0.0,1.0,6.0,0.0,0.0,0.0,0.0,0.0,0.0,0.0,0.0,0.0,0.0,0.0,0.0,0.0,0.0,0.0,0.0,0.0,0.0,32.0,0
1.0,2.0,20.0,5.0,4.0,1.0,2.0,0.0,4.0,2.0,4.0,1.0,3.0,400.0,3.0,1.0,1.0,0.0,24.0,0.0,1.0,1.0,1.0,1.0,2.0,1.0,1.0,0.0,0.0,0.0,0.0,0.0,0.0,1.0,2.0,2.0,2.0,0.0,2.0,2.0,2.0,2.0,5.0,2.0,2.0,1.0,4.0,33.0,1
1.0,2.0,77.0,2.0,1.0,1.0,2.0,0.0,6.0,1.0,1.0,1.0,6.0,5929.0,2.0,1.0,1.0,0.0,8.0,0.0,1.0,1.0,1.0,2.0,2.0,2.0,0.0,1.0,6.0,0.0,0.0,0.0,0.0,0.0,0.0,0.0,0.0,0.0,0.0,0.0,0.0,0.0,0.0,0.0,0.0,0.0,0.0,32.0,0
1.0,1.0,57.0,2.0,1.0,1.0,2.0,0.0,4.0,1.0,1.0,1.0,4.0,3249.0,3.0,2.0,1.0,0.0,40.0,0.0,2.0,0.0,2.0,2.0,2.0,2.0,0.0,7.0,11.0,6.0,2.0,0.0,0.0,2.0,2.0,2.0,2.0,5.0,1.0,1.0,1.0,1.0,0.0,1.0,0.0,1.0,1.0,32.0,0
1.0,1.0,57.0,2.0,2.0,1.0,2.0,0.0,6.0,1.0,1.0,1.0,6.0,3249.0,2.0,2.0,1.0,0.0,30.0,0.0,2.0,0.0,2.0,2.0,2.0,2.0,0.0,1.0,8.0,0.0,0.0,0.0,0.0,0.0,0.0,0.0,0.0,0.0,0.0,0.0,0.0,0.0,0.0,0.0,0.0,0.0,0.0,33.0,0
2.0,2.0,59.0,2.0,2.0,1.0,2.0,0.0,6.0,1.0,1.0,1.0,6.0,3481.0,2.0,2.0,1.0,0.0,25.0,0.0,2.0,0.0,2.0,2.0,2.0,2.0,0.0,1.0,6.0,0.0,0.0,0.0,0.0,0.0,0.0,0.0,0.0,0.0,0.0,0.0,0.0,0.0,0.0,0.0,0.0,0.0,0.0,33.0,0
1.0,1.0,27.0,1.0,4.0,1.0,2.0,0.0,4.0,1.0,1.0,1.0,4.0,729.0,3.0,3.0,1.0,0.0,48.0,0.0,1.0,1.0,1.0,1.0,2.0,2.0,0.0,7.0,11.0,5.0,2.0,0.0,0.0,2.0,2.0,2.0,2.0,5.0,1.0,1.0,2.0,2.0,0.0,2.0,2.0,1.0,4.0,33.0,1
2.0,2.0,27.0,1.0,1.0,1.0,2.0,0.0,6.0,1.0,1.0,1.0,6.0,729.0,3.0,2.0,2.0,2.0,20.0,8.0,2.0,0.0,2.0,9.0,1.0,2.0,0.0,9.0,10.0,3.0,1.0,9.0,4.0,2.0,2.0,2.0,2.0,5.0,1.0,1.0,1.0,1.0,0.0,1.0,0.0,1.0,1.0,33.0,0
3.0,1.0,26.0,5.0,1.0,1.0,2.0,0.0,4.0,1.0,1.0,1.0,4.0,676.0,3.0,3.0,1.0,0.0,48.0,0.0,2.0,0.0,2.0,2.0,2.0,2.0,0.0,6.0,11.0,4.0,1.0,9.0,4.0,1.0,2.0,2.0,2.0,0.0,2.0,2.0,2.0,1.0,0.0,2.0,1.0,1.0,3.0,33.0,1
3.0,1.0,22.0,5.0,1.0,1.0,2.0,0.0,4.0,1.0,1.0,1.0,4.0,484.0,3.0,2.0,1.0,0.0,25.0,0.0,2.0,0.0,2.0,2.0,1.0,2.0,0.0,12.0,11.0,5.0,1.0,9.0,4.0,2.0,2.0,2.0,2.0,5.0,2.0,2.0,2.0,1.0,0.0,2.0,1.0,1.0,3.0,33.0,1
1.0,1.0,50.0,1.0,4.0,1.0,2.0,0.0,4.0,2.0,1.0,1.0,3.0,2500.0,2.0,3.0,1.0,0.0,54.0,0.0,2.0,0.0,2.0,2.0,2.0,2.0,0.0,1.0,11.0,0.0,0.0,0.0,0.0,0.0,0.0,0.0,0.0,0.0,0.0,0.0,0.0,0.0,0.0,0.0,0.0,0.0,0.0,33.0,0
1.0,1.0,28.0,2.0,1.0,1.0,1.0,2.0,6.0,2.0,1.0,1.0,5.0,784.0,3.0,3.0,1.0,0.0,48.0,0.0,2.0,0.0,2.0,2.0,2.0,2.0,0.0,10.0,4.0,5.0,2.0,0.0,0.0,2.0,2.0,2.0,2.0,5.0,1.0,1.0,1.0,1.0,0.0,1.0,0.0,1.0,1.0,33.0,0
1.0,1.0,51.0,5.0,4.0,1.0,2.0,0.0,4.0,2.0,1.0,1.0,3.0,2601.0,2.0,3.0,1.0,0.0,63.0,0.0,2.0,0.0,2.0,2.0,2.0,2.0,0.0,1.0,6.0,0.0,0.0,0.0,0.0,0.0,0.0,0.0,0.0,0.0,0.0,0.0,0.0,0.0,0.0,0.0,0.0,0.0,0.0,33.0,0
1.0,1.0,61.0,2.0,1.0,1.0,2.0,0.0,8.0,1.0,2.0,1.0,6.0,3721.0,2.0,2.0,1.0,0.0,5.0,0.0,2.0,0.0,2.0,2.0,2.0,2.0,0.0,1.0,6.0,0.0,0.0,0.0,0.0,0.0,0.0,0.0,0.0,0.0,0.0,0.0,0.0,0.0,0.0,0.0,0.0,0.0,0.0,32.0,0
1.0,2.0,74.0,4.0,1.0,1.0,2.0,0.0,4.0,1.0,1.0,1.0,4.0,5476.0,3.0,2.0,1.0,0.0,40.0,0.0,1.0,1.0,2.0,2.0,2.0,2.0,0.0,6.0,11.0,6.0,2.0,0.0,0.0,2.0,2.0,2.0,2.0,5.0,1.0,1.0,1.0,1.0,0.0,2.0,2.0,1.0,3.0,32.0,1
9.0,1.0,23.0,5.0,1.0,1.0,1.0,1.0,4.0,2.0,1.0,1.0,3.0,529.0,2.0,1.0,1.0,0.0,24.0,0.0,1.0,1.0,1.0,1.0,2.0,2.0,0.0,1.0,4.0,0.0,0.0,0.0,0.0,0.0,0.0,0.0,0.0,0.0,0.0,0.0,0.0,0.0,0.0,0.0,0.0,0.0,0.0,32.0,0
1.0,1.0,38.0,2.0,4.0,1.0,2.0,0.0,4.0,1.0,1.0,1.0,4.0,1444.0,3.0,1.0,1.0,0.0,27.0,0.0,1.0,1.0,1.0,1.0,2.0,2.0,0.0,2.0,4.0,5.0,2.0,0.0,0.0,2.0,2.0,2.0,2.0,5.0,2.0,2.0,2.0,2.0,5.0,2.0,2.0,1.0,4.0,33.0,1
1.0,2.0,41.0,1.0,1.0,1.0,1.0,9.0,7.0,2.0,1.0,1.0,5.0,1681.0,3.0,2.0,2.0,2.0,20.0,20.0,2.0,0.0,2.0,2.0,1.0,2.0,0.0,8.0,11.0,6.0,2.0,0.0,0.0,2.0,2.0,2.0,2.0,5.0,1.0,1.0,1.0,1.0,0.0,1.0,0.0,1.0,1.0,33.0,0
2.0,1.0,46.0,1.0,1.0,1.0,1.0,9.0,7.0,2.0,1.0,1.0,5.0,2116.0,3.0,3.0,1.0,0.0,60.0,0.0,2.0,0.0,2.0,2.0,2.0,2.0,0.0,12.0,11.0,6.0,2.0,0.0,0.0,2.0,2.0,2.0,2.0,5.0,1.0,1.0,1.0,1.0,0.0,1.0,0.0,1.0,1.0,33.0,0
1.0,1.0,42.0,1.0,1.0,1.0,2.0,0.0,4.0,1.0,1.0,1.0,4.0,1764.0,3.0,3.0,1.0,0.0,50.0,0.0,2.0,0.0,2.0,2.0,2.0,2.0,0.0,11.0,11.0,6.0,2.0,0.0,0.0,2.0,2.0,2.0,2.0,5.0,1.0,1.0,1.0,1.0,0.0,1.0,0.0,1.0,1.0,32.0,0
2.0,2.0,42.0,1.0,1.0,1.0,2.0,0.0,7.0,1.0,1.0,1.0,6.0,1764.0,3.0,2.0,1.0,0.0,30.0,0.0,2.0,0.0,2.0,2.0,2.0,2.0,0.0,11.0,11.0,6.0,2.0,0.0,0.0,2.0,2.0,2.0,2.0,5.0,1.0,1.0,1.0,1.0,0.0,1.0,0.0,1.0,1.0,32.0,0
1.0,2.0,60.0,3.0,1.0,1.0,2.0,0.0,4.0,2.0,1.0,1.0,3.0,3600.0,3.0,2.0,2.0,2.0,36.0,2.0,1.0,1.0,1.0,2.0,2.0,2.0,0.0,9.0,8.0,6.0,2.0,0.0,0.0,2.0,2.0,2.0,2.0,5.0,2.0,2.0,2.0,2.0,5.0,2.0,1.0,3.0,3.0,32.0,1
3.0,1.0,22.0,5.0,4.0,1.0,2.0,0.0,4.0,2.0,1.0,1.0,3.0,484.0,3.0,3.0,1.0,0.0,48.0,0.0,2.0,0.0,2.0,2.0,2.0,2.0,0.0,6.0,11.0,4.0,2.0,0.0,0.0,1.0,2.0,2.0,2.0,0.0,1.0,2.0,2.0,2.0,0.0,2.0,1.0,3.0,3.0,32.0,1
1.0,2.0,39.0,1.0,1.0,1.0,1.0,2.0,6.0,2.0,1.0,1.0,5.0,1521.0,1.0,2.0,1.0,0.0,40.0,0.0,2.0,0.0,2.0,2.0,3.0,2.0,0.0,7.0,11.0,0.0,0.0,0.0,0.0,0.0,0.0,0.0,0.0,0.0,0.0,0.0,0.0,0.0,0.0,0.0,0.0,0.0,0.0,32.0,0
2.0,1.0,39.0,1.0,1.0,1.0,2.0,0.0,7.0,2.0,2.0,1.0,5.0,1521.0,3.0,2.0,1.0,0.0,30.0,0.0,2.0,0.0,2.0,2.0,2.0,2.0,0.0,99.0,6.0,6.0,2.0,0.0,0.0,2.0,2.0,2.0,2.0,5.0,1.0,1.0,1.0,1.0,0.0,1.0,0.0,1.0,1.0,32.0,0
1.0,1.0,60.0,2.0,2.0,1.0,2.0,0.0,7.0,1.0,1.0,1.0,6.0,3600.0,2.0,3.0,1.0,0.0,65.0,0.0,2.0,0.0,2.0,2.0,2.0,2.0,0.0,1.0,11.0,0.0,0.0,0.0,0.0,0.0,0.0,0.0,0.0,0.0,0.0,0.0,0.0,0.0,0.0,0.0,0.0,0.0,0.0,33.0,0
3.0,1.0,24.0,5.0,1.0,1.0,2.0,0.0,7.0,1.0,1.0,1.0,6.0,576.0,3.0,2.0,1.0,0.0,35.0,0.0,2.0,0.0,2.0,2.0,2.0,2.0,0.0,10.0,11.0,5.0,2.0,0.0,0.0,2.0,2.0,2.0,2.0,5.0,1.0,1.0,1.0,1.0,0.0,1.0,0.0,1.0,1.0,33.0,0
1.0,2.0,26.0,1.0,2.0,1.0,2.0,0.0,7.0,1.0,1.0,1.0,6.0,676.0,3.0,2.0,1.0,0.0,35.0,0.0,2.0,0.0,2.0,2.0,2.0,2.0,0.0,6.0,11.0,5.0,2.0,0.0,0.0,1.0,2.0,2.0,2.0,0.0,2.0,2.0,2.0,2.0,5.0,2.0,2.0,1.0,4.0,33.0,1
1.0,2.0,34.0,3.0,4.0,1.0,2.0,0.0,4.0,2.0,1.0,1.0,3.0,1156.0,3.0,2.0,1.0,0.0,36.0,0.0,1.0,1.0,1.0,1.0,2.0,2.0,0.0,7.0,11.0,5.0,9.0,9.0,4.0,1.0,2.0,2.0,2.0,0.0,2.0,2.0,2.0,2.0,5.0,2.0,2.0,2.0,4.0,33.0,1
10.0,2.0,53.0,5.0,1.0,1.0,2.0,0.0,7.0,1.0,1.0,1.0,6.0,2809.0,3.0,3.0,1.0,0.0,72.0,0.0,2.0,0.0,2.0,2.0,2.0,2.0,0.0,12.0,8.0,5.0,2.0,0.0,0.0,1.0,2.0,2.0,1.0,0.0,2.0,2.0,2.0,2.0,5.0,2.0,1.0,3.0,3.0,33.0,1
1.0,2.0,52.0,5.0,1.0,1.0,2.0,0.0,6.0,1.0,3.0,1.0,6.0,2704.0,3.0,3.0,2.0,3.0,40.0,24.0,2.0,0.0,2.0,2.0,2.0,1.0,1.0,0.0,0.0,0.0,0.0,0.0,0.0,1.0,2.0,2.0,2.0,0.0,1.0,1.0,1.0,1.0,0.0,1.0,0.0,1.0,1.0,33.0,0
1.0,1.0,52.0,2.0,1.0,1.0,2.0,0.0,4.0,1.0,1.0,1.0,4.0,2704.0,3.0,3.0,1.0,0.0,60.0,0.0,2.0,0.0,2.0,2.0,2.0,2.0,0.0,8.0,4.0,6.0,2.0,0.0,0.0,2.0,2.0,2.0,2.0,5.0,1.0,1.0,1.0,1.0,0.0,1.0,0.0,3.0,1.0,33.0,0
2.0,2.0,49.0,2.0,1.0,1.0,2.0,0.0,4.0,1.0,1.0,1.0,4.0,2401.0,2.0,2.0,1.0,0.0,36.0,0.0,2.0,0.0,2.0,2.0,2.0,2.0,0.0,1.0,6.0,0.0,0.0,0.0,0.0,0.0,0.0,0.0,0.0,0.0,0.0,0.0,0.0,0.0,0.0,0.0,0.0,0.0,0.0,33.0,0
1.0,1.0,32.0,5.0,1.0,1.0,2.0,0.0,7.0,1.0,1.0,1.0,6.0,1024.0,3.0,2.0,1.0,0.0,40.0,0.0,2.0,0.0,2.0,1.0,2.0,2.0,0.0,9.0,11.0,5.0,2.0,0.0,0.0,2.0,2.0,2.0,1.0,0.0,1.0,1.0,1.0,1.0,0.0,1.0,0.0,1.0,1.0,32.0,0
3.0,2.0,31.0,5.0,1.0,1.0,2.0,0.0,7.0,1.0,1.0,1.0,6.0,961.0,3.0,2.0,1.0,0.0,45.0,0.0,2.0,0.0,2.0,2.0,2.0,2.0,0.0,12.0,11.0,5.0,2.0,0.0,0.0,1.0,2.0,2.0,2.0,0.0,1.0,1.0,1.0,1.0,0.0,1.0,0.0,1.0,1.0,32.0,0
1.0,1.0,43.0,2.0,1.0,1.0,2.0,0.0,6.0,1.0,1.0,1.0,6.0,1849.0,3.0,3.0,2.0,2.0,40.0,35.0,2.0,0.0,2.0,2.0,1.0,2.0,0.0,12.0,11.0,6.0,2.0,0.0,0.0,2.0,2.0,2.0,2.0,5.0,1.0,1.0,1.0,1.0,0.0,1.0,0.0,1.0,1.0,33.0,0
3.0,2.0,19.0,5.0,1.0,1.0,2.0,0.0,4.0,1.0,1.0,1.0,4.0,361.0,2.0,1.0,1.0,0.0,2.0,0.0,1.0,1.0,1.0,1.0,2.0,2.0,0.0,1.0,11.0,0.0,0.0,0.0,0.0,0.0,0.0,0.0,0.0,0.0,0.0,0.0,0.0,0.0,0.0,0.0,0.0,0.0,0.0,33.0,0
1.0,1.0,41.0,2.0,1.0,1.0,2.0,0.0,6.0,1.0,1.0,1.0,6.0,1681.0,3.0,3.0,1.0,0.0,54.0,0.0,2.0,0.0,2.0,1.0,1.0,2.0,0.0,99.0,11.0,9.0,9.0,9.0,4.0,9.0,9.0,9.0,9.0,0.0,9.0,9.0,9.0,9.0,0.0,1.0,0.0,9.0,9.0,33.0,0
1.0,1.0,52.0,5.0,1.0,1.0,2.0,0.0,4.0,1.0,1.0,1.0,4.0,2704.0,3.0,3.0,1.0,0.0,84.0,0.0,2.0,0.0,2.0,2.0,2.0,2.0,0.0,6.0,4.0,6.0,2.0,0.0,0.0,2.0,2.0,2.0,2.0,5.0,2.0,2.0,2.0,2.0,5.0,2.0,2.0,1.0,4.0,33.0,1
1.0,2.0,31.0,1.0,1.0,1.0,1.0,2.0,7.0,2.0,1.0,1.0,5.0,961.0,3.0,2.0,1.0,0.0,45.0,0.0,2.0,0.0,2.0,2.0,2.0,2.0,0.0,12.0,11.0,6.0,2.0,0.0,0.0,1.0,2.0,2.0,1.0,0.0,1.0,1.0,1.0,1.0,0.0,1.0,0.0,1.0,1.0,33.0,0
2.0,1.0,32.0,1.0,1.0,1.0,2.0,0.0,7.0,2.0,1.0,1.0,5.0,1024.0,3.0,3.0,1.0,0.0,72.0,0.0,2.0,0.0,2.0,2.0,1.0,2.0,0.0,12.0,11.0,6.0,2.0,0.0,0.0,2.0,2.0,2.0,2.0,5.0,1.0,1.0,1.0,1.0,0.0,1.0,0.0,1.0,1.0,33.0,0
3.0,1.0,28.0,5.0,4.0,1.0,2.0,0.0,4.0,1.0,1.0,1.0,4.0,784.0,3.0,2.0,1.0,0.0,36.0,0.0,1.0,1.0,1.0,1.0,2.0,2.0,0.0,99.0,11.0,5.0,2.0,0.0,0.0,2.0,2.0,2.0,2.0,5.0,2.0,2.0,2.0,2.0,5.0,2.0,2.0,1.0,4.0,33.0,1
2.0,1.0,26.0,1.0,2.0,1.0,2.0,0.0,7.0,2.0,1.0,1.0,5.0,676.0,3.0,2.0,1.0,0.0,35.0,0.0,2.0,0.0,2.0,2.0,2.0,2.0,0.0,99.0,11.0,5.0,2.0,0.0,0.0,2.0,2.0,2.0,2.0,5.0,1.0,1.0,1.0,1.0,0.0,1.0,0.0,1.0,1.0,33.0,0
3.0,1.0,47.0,5.0,4.0,1.0,2.0,0.0,4.0,1.0,1.0,1.0,4.0,2209.0,3.0,3.0,1.0,0.0,48.0,0.0,2.0,0.0,2.0,1.0,2.0,2.0,0.0,3.0,11.0,5.0,2.0,0.0,0.0,1.0,2.0,2.0,2.0,0.0,2.0,2.0,2.0,2.0,5.0,2.0,2.0,1.0,4.0,33.0,1
1.0,1.0,46.0,2.0,1.0,1.0,2.0,0.0,6.0,1.0,1.0,1.0,6.0,2116.0,3.0,3.0,1.0,0.0,64.0,0.0,2.0,0.0,2.0,2.0,1.0,2.0,0.0,8.0,11.0,6.0,2.0,0.0,0.0,2.0,2.0,2.0,2.0,5.0,1.0,1.0,1.0,1.0,0.0,1.0,0.0,3.0,1.0,33.0,0
1.0,2.0,36.0,5.0,2.0,1.0,2.0,0.0,6.0,2.0,5.0,1.0,5.0,1296.0,3.0,2.0,1.0,0.0,40.0,0.0,1.0,1.0,1.0,1.0,2.0,2.0,0.0,10.0,6.0,5.0,2.0,0.0,0.0,2.0,2.0,2.0,2.0,5.0,1.0,1.0,1.0,1.0,0.0,1.0,0.0,1.0,1.0,33.0,0
1.0,1.0,40.0,2.0,1.0,1.0,2.0,0.0,4.0,1.0,1.0,1.0,4.0,1600.0,3.0,2.0,1.0,0.0,24.0,0.0,2.0,0.0,2.0,2.0,2.0,2.0,0.0,99.0,11.0,6.0,2.0,0.0,0.0,1.0,2.0,2.0,2.0,0.0,1.0,1.0,1.0,1.0,0.0,1.0,0.0,1.0,1.0,33.0,0
2.0,2.0,40.0,2.0,1.0,1.0,2.0,0.0,4.0,1.0,1.0,1.0,4.0,1600.0,3.0,2.0,1.0,0.0,8.0,0.0,2.0,0.0,1.0,1.0,2.0,2.0,0.0,2.0,11.0,2.0,2.0,0.0,0.0,2.0,2.0,2.0,2.0,5.0,2.0,2.0,2.0,2.0,5.0,2.0,2.0,1.0,4.0,33.0,1
1.0,2.0,54.0,3.0,4.0,1.0,2.0,0.0,4.0,2.0,4.0,1.0,3.0,2916.0,1.0,3.0,1.0,0.0,56.0,0.0,2.0,0.0,2.0,2.0,2.0,2.0,0.0,3.0,12.0,0.0,0.0,0.0,0.0,0.0,0.0,0.0,0.0,0.0,0.0,0.0,0.0,0.0,0.0,0.0,0.0,0.0,0.0,33.0,0
3.0,2.0,25.0,5.0,1.0,1.0,2.0,0.0,4.0,1.0,1.0,1.0,4.0,625.0,3.0,3.0,1.0,0.0,56.0,0.0,2.0,0.0,2.0,2.0,2.0,2.0,0.0,3.0,12.0,5.0,2.0,0.0,0.0,1.0,2.0,2.0,2.0,0.0,2.0,2.0,2.0,2.0,5.0,2.0,2.0,1.0,4.0,33.0,1
3.0,1.0,23.0,5.0,1.0,1.0,2.0,0.0,4.0,1.0,1.0,1.0,4.0,529.0,3.0,3.0,1.0,0.0,56.0,0.0,2.0,0.0,2.0,2.0,2.0,2.0,0.0,3.0,12.0,5.0,1.0,9.0,4.0,1.0,2.0,2.0,2.0,0.0,2.0,2.0,2.0,2.0,5.0,2.0,2.0,2.0,4.0,33.0,1
1.0,2.0,51.0,3.0,1.0,1.0,2.0,0.0,6.0,1.0,3.0,1.0,6.0,2601.0,3.0,2.0,1.0,0.0,40.0,0.0,2.0,0.0,2.0,2.0,2.0,2.0,0.0,99.0,11.0,6.0,2.0,0.0,0.0,1.0,2.0,2.0,2.0,0.0,1.0,1.0,1.0,1.0,0.0,1.0,0.0,1.0,1.0,33.0,0
3.0,1.0,33.0,5.0,1.0,1.0,2.0,0.0,4.0,2.0,3.0,1.0,3.0,1089.0,3.0,3.0,1.0,0.0,48.0,0.0,2.0,0.0,2.0,2.0,2.0,2.0,0.0,99.0,11.0,6.0,2.0,0.0,0.0,2.0,2.0,2.0,2.0,5.0,1.0,1.0,1.0,1.0,0.0,1.0,0.0,1.0,1.0,33.0,0
3.0,2.0,32.0,5.0,4.0,1.0,2.0,0.0,4.0,2.0,3.0,1.0,3.0,1024.0,3.0,2.0,1.0,0.0,8.0,0.0,2.0,0.0,2.0,2.0,1.0,2.0,0.0,99.0,11.0,6.0,9.0,9.0,4.0,2.0,2.0,2.0,2.0,5.0,2.0,2.0,2.0,2.0,5.0,2.0,2.0,1.0,2.0,33.0,1
1.0,1.0,47.0,1.0,4.0,1.0,2.0,0.0,4.0,2.0,1.0,1.0,3.0,2209.0,3.0,2.0,1.0,0.0,40.0,0.0,2.0,0.0,2.0,2.0,2.0,2.0,0.0,99.0,11.0,5.0,2.0,0.0,0.0,2.0,2.0,2.0,2.0,5.0,2.0,2.0,2.0,2.0,5.0,2.0,2.0,1.0,4.0,33.0,1
2.0,2.0,43.0,1.0,4.0,1.0,2.0,0.0,4.0,1.0,1.0,1.0,4.0,1849.0,3.0,2.0,1.0,0.0,12.0,0.0,2.0,0.0,2.0,2.0,1.0,2.0,0.0,99.0,11.0,6.0,9.0,9.0,4.0,1.0,2.0,2.0,2.0,0.0,2.0,2.0,2.0,2.0,5.0,2.0,2.0,1.0,4.0,33.0,1
3.0,1.0,26.0,5.0,4.0,1.0,2.0,0.0,4.0,2.0,1.0,1.0,3.0,676.0,3.0,2.0,1.0,0.0,40.0,0.0,2.0,0.0,2.0,2.0,2.0,2.0,0.0,3.0,11.0,3.0,9.0,9.0,4.0,2.0,2.0,2.0,2.0,5.0,2.0,2.0,2.0,2.0,5.0,2.0,2.0,1.0,4.0,33.0,1
1.0,1.0,65.0,2.0,1.0,1.0,2.0,0.0,2.0,1.0,1.0,1.0,2.0,4225.0,2.0,3.0,1.0,0.0,55.0,0.0,2.0,0.0,2.0,2.0,2.0,2.0,0.0,3.0,11.0,0.0,0.0,0.0,0.0,0.0,0.0,0.0,0.0,0.0,0.0,0.0,0.0,0.0,0.0,0.0,0.0,0.0,0.0,33.0,0
3.0,1.0,23.0,5.0,1.0,1.0,2.0,0.0,4.0,2.0,1.0,1.0,3.0,529.0,3.0,2.0,1.0,0.0,42.0,0.0,1.0,1.0,1.0,1.0,2.0,2.0,0.0,6.0,3.0,0.0,0.0,0.0,0.0,0.0,0.0,0.0,0.0,0.0,0.0,0.0,0.0,0.0,0.0,2.0,0.0,0.0,0.0,33.0,1
1.0,1.0,58.0,5.0,1.0,1.0,2.0,0.0,2.0,1.0,1.0,1.0,2.0,3364.0,3.0,3.0,1.0,0.0,48.0,0.0,2.0,0.0,2.0,2.0,2.0,2.0,0.0,12.0,11.0,6.0,2.0,0.0,0.0,1.0,2.0,1.0,2.0,0.0,1.0,1.0,1.0,1.0,0.0,1.0,0.0,3.0,1.0,33.0,0
3.0,2.0,26.0,5.0,1.0,1.0,1.0,1.0,4.0,2.0,1.0,1.0,3.0,676.0,3.0,3.0,1.0,0.0,48.0,0.0,2.0,0.0,2.0,2.0,2.0,2.0,0.0,3.0,11.0,5.0,2.0,0.0,0.0,2.0,2.0,2.0,2.0,5.0,1.0,2.0,2.0,2.0,0.0,2.0,2.0,3.0,4.0,33.0,1
1.0,1.0,56.0,2.0,4.0,1.0,2.0,0.0,4.0,2.0,1.0,1.0,3.0,3136.0,2.0,2.0,1.0,0.0,24.0,0.0,2.0,0.0,2.0,2.0,2.0,2.0,0.0,3.0,8.0,0.0,0.0,0.0,0.0,0.0,0.0,0.0,0.0,0.0,0.0,0.0,0.0,0.0,0.0,0.0,0.0,0.0,0.0,33.0,0
3.0,1.0,34.0,5.0,4.0,1.0,2.0,0.0,5.0,2.0,1.0,1.0,3.0,1156.0,2.0,2.0,1.0,0.0,24.0,0.0,2.0,0.0,2.0,2.0,2.0,2.0,0.0,3.0,8.0,0.0,0.0,0.0,0.0,0.0,0.0,0.0,0.0,0.0,0.0,0.0,0.0,0.0,0.0,0.0,0.0,0.0,0.0,33.0,0
1.0,1.0,36.0,2.0,1.0,1.0,2.0,0.0,4.0,1.0,1.0,1.0,4.0,1296.0,3.0,2.0,1.0,0.0,45.0,0.0,2.0,0.0,2.0,2.0,2.0,2.0,0.0,6.0,11.0,5.0,2.0,0.0,0.0,2.0,2.0,2.0,2.0,5.0,1.0,1.0,1.0,1.0,0.0,1.0,0.0,1.0,1.0,33.0,0
1.0,1.0,63.0,3.0,4.0,1.0,2.0,0.0,1.0,1.0,1.0,1.0,7.0,3969.0,2.0,2.0,1.0,0.0,18.0,0.0,2.0,0.0,2.0,2.0,2.0,2.0,0.0,1.0,8.0,0.0,0.0,0.0,0.0,0.0,0.0,0.0,0.0,0.0,0.0,0.0,0.0,0.0,0.0,0.0,0.0,0.0,0.0,33.0,0
1.0,2.0,55.0,2.0,1.0,1.0,2.0,0.0,4.0,2.0,1.0,1.0,3.0,3025.0,3.0,4.0,0.0,0.0,0.0,0.0,2.0,0.0,2.0,2.0,2.0,2.0,0.0,10.0,11.0,6.0,1.0,2.0,2.0,2.0,2.0,2.0,2.0,5.0,1.0,1.0,1.0,1.0,0.0,1.0,0.0,1.0,1.0,33.0,0
2.0,1.0,55.0,2.0,1.0,1.0,2.0,0.0,6.0,1.0,1.0,1.0,6.0,3025.0,2.0,2.0,1.0,0.0,40.0,0.0,1.0,1.0,1.0,1.0,2.0,2.0,0.0,1.0,9.0,0.0,0.0,0.0,0.0,0.0,0.0,0.0,0.0,0.0,0.0,0.0,0.0,0.0,0.0,0.0,0.0,0.0,0.0,33.0,0
3.0,1.0,31.0,5.0,1.0,1.0,2.0,0.0,4.0,2.0,1.0,1.0,3.0,961.0,3.0,4.0,0.0,0.0,0.0,0.0,2.0,0.0,2.0,2.0,2.0,2.0,0.0,6.0,11.0,5.0,2.0,0.0,0.0,1.0,2.0,2.0,2.0,0.0,1.0,1.0,1.0,1.0,0.0,1.0,0.0,3.0,1.0,33.0,0
1.0,2.0,56.0,5.0,1.0,1.0,2.0,0.0,2.0,2.0,3.0,1.0,1.0,3136.0,3.0,3.0,1.0,0.0,50.0,0.0,2.0,0.0,2.0,2.0,2.0,1.0,1.0,0.0,0.0,0.0,0.0,0.0,0.0,2.0,2.0,2.0,2.0,5.0,1.0,1.0,1.0,1.0,0.0,1.0,0.0,1.0,1.0,33.0,0
3.0,2.0,29.0,5.0,1.0,1.0,1.0,1.0,7.0,2.0,1.0,1.0,5.0,841.0,3.0,2.0,1.0,0.0,30.0,0.0,2.0,0.0,2.0,2.0,2.0,1.0,1.0,0.0,0.0,0.0,0.0,0.0,0.0,1.0,2.0,2.0,2.0,0.0,1.0,1.0,1.0,1.0,0.0,1.0,0.0,1.0,1.0,33.0,0
1.0,1.0,26.0,5.0,1.0,1.0,2.0,0.0,4.0,1.0,1.0,1.0,4.0,676.0,3.0,2.0,1.0,0.0,40.0,0.0,2.0,0.0,2.0,2.0,2.0,2.0,0.0,11.0,11.0,5.0,2.0,0.0,0.0,1.0,2.0,2.0,2.0,0.0,1.0,1.0,1.0,1.0,0.0,1.0,0.0,1.0,1.0,33.0,0
1.0,2.0,43.0,2.0,1.0,1.0,2.0,0.0,7.0,2.0,1.0,1.0,5.0,1849.0,3.0,2.0,1.0,0.0,40.0,0.0,2.0,0.0,2.0,2.0,2.0,2.0,0.0,99.0,11.0,4.0,1.0,1.0,4.0,2.0,2.0,2.0,2.0,5.0,2.0,2.0,2.0,2.0,5.0,2.0,2.0,1.0,4.0,33.0,1
2.0,1.0,44.0,2.0,1.0,1.0,2.0,0.0,8.0,1.0,1.0,1.0,6.0,1936.0,3.0,2.0,1.0,0.0,40.0,0.0,2.0,0.0,2.0,2.0,2.0,2.0,0.0,99.0,11.0,6.0,2.0,0.0,0.0,1.0,2.0,2.0,2.0,0.0,1.0,1.0,1.0,1.0,0.0,1.0,0.0,1.0,1.0,33.0,0
1.0,1.0,47.0,2.0,1.0,1.0,2.0,0.0,4.0,2.0,1.0,1.0,3.0,2209.0,3.0,2.0,1.0,0.0,43.0,0.0,1.0,1.0,1.0,1.0,2.0,2.0,0.0,99.0,11.0,6.0,2.0,0.0,0.0,2.0,2.0,2.0,2.0,5.0,1.0,1.0,1.0,1.0,0.0,2.0,2.0,1.0,1.0,33.0,1
1.0,1.0,34.0,1.0,4.0,1.0,2.0,0.0,4.0,1.0,1.0,1.0,4.0,1156.0,2.0,2.0,1.0,0.0,36.0,0.0,2.0,0.0,2.0,1.0,2.0,2.0,0.0,1.0,4.0,0.0,0.0,0.0,0.0,0.0,0.0,0.0,0.0,0.0,0.0,0.0,0.0,0.0,0.0,0.0,0.0,0.0,0.0,33.0,0
2.0,2.0,33.0,1.0,4.0,1.0,2.0,0.0,4.0,2.0,1.0,1.0,3.0,1089.0,2.0,1.0,1.0,0.0,4.0,0.0,1.0,1.0,2.0,2.0,2.0,2.0,0.0,1.0,8.0,0.0,0.0,0.0,0.0,0.0,0.0,0.0,0.0,0.0,0.0,0.0,0.0,0.0,0.0,0.0,0.0,0.0,0.0,33.0,0
1.0,1.0,41.0,5.0,1.0,1.0,2.0,0.0,4.0,1.0,1.0,1.0,4.0,1681.0,3.0,2.0,2.0,2.0,30.0,0.0,1.0,1.0,1.0,1.0,2.0,2.0,0.0,99.0,4.0,5.0,2.0,0.0,0.0,2.0,2.0,2.0,2.0,5.0,2.0,2.0,2.0,2.0,5.0,2.0,1.0,1.0,3.0,32.0,1
1.0,2.0,69.0,4.0,1.0,1.0,2.0,0.0,7.0,1.0,1.0,1.0,6.0,4761.0,3.0,2.0,1.0,0.0,12.0,0.0,2.0,0.0,2.0,2.0,3.0,2.0,0.0,10.0,11.0,6.0,2.0,0.0,0.0,2.0,2.0,2.0,2.0,5.0,2.0,2.0,2.0,2.0,5.0,2.0,1.0,1.0,3.0,32.0,1
9.0,2.0,49.0,3.0,1.0,1.0,2.0,0.0,4.0,1.0,1.0,1.0,4.0,2401.0,2.0,2.0,1.0,0.0,45.0,0.0,2.0,0.0,2.0,2.0,2.0,2.0,0.0,1.0,6.0,0.0,0.0,0.0,0.0,0.0,0.0,0.0,0.0,0.0,0.0,0.0,0.0,0.0,0.0,0.0,0.0,0.0,0.0,32.0,0
1.0,2.0,40.0,5.0,1.0,1.0,2.0,0.0,7.0,2.0,1.0,1.0,5.0,1600.0,2.0,2.0,1.0,0.0,40.0,0.0,2.0,0.0,2.0,2.0,2.0,2.0,0.0,1.0,6.0,0.0,0.0,0.0,0.0,0.0,0.0,0.0,0.0,0.0,0.0,0.0,0.0,0.0,0.0,0.0,0.0,0.0,0.0,32.0,0
1.0,1.0,45.0,1.0,1.0,1.0,2.0,0.0,7.0,1.0,1.0,1.0,6.0,2025.0,3.0,2.0,1.0,0.0,43.0,0.0,2.0,0.0,9.0,9.0,1.0,2.0,0.0,12.0,11.0,6.0,2.0,0.0,0.0,2.0,2.0,2.0,2.0,5.0,1.0,1.0,1.0,1.0,0.0,1.0,0.0,1.0,1.0,32.0,0
1.0,1.0,45.0,2.0,1.0,1.0,2.0,0.0,7.0,2.0,1.0,1.0,5.0,2025.0,3.0,3.0,2.0,2.0,44.0,10.0,2.0,0.0,2.0,2.0,2.0,2.0,0.0,9.0,6.0,5.0,2.0,0.0,0.0,2.0,2.0,2.0,1.0,0.0,1.0,1.0,1.0,1.0,0.0,1.0,0.0,1.0,1.0,33.0,0
2.0,2.0,45.0,2.0,1.0,1.0,2.0,0.0,6.0,1.0,1.0,1.0,6.0,2025.0,3.0,2.0,1.0,0.0,20.0,0.0,2.0,0.0,2.0,1.0,1.0,2.0,0.0,99.0,11.0,5.0,2.0,0.0,0.0,2.0,2.0,2.0,2.0,5.0,1.0,1.0,1.0,1.0,0.0,1.0,0.0,1.0,1.0,33.0,0
3.0,1.0,21.0,5.0,1.0,1.0,1.0,1.0,7.0,2.0,1.0,1.0,5.0,441.0,2.0,2.0,1.0,0.0,24.0,0.0,2.0,0.0,2.0,2.0,2.0,2.0,0.0,2.0,6.0,0.0,0.0,0.0,0.0,0.0,0.0,0.0,0.0,0.0,0.0,0.0,0.0,0.0,0.0,0.0,0.0,0.0,0.0,33.0,0
1.0,2.0,51.0,5.0,12.0,1.0,2.0,0.0,7.0,1.0,1.0,1.0,6.0,2601.0,3.0,2.0,1.0,0.0,45.0,0.0,2.0,0.0,2.0,2.0,1.0,2.0,0.0,12.0,11.0,6.0,2.0,0.0,0.0,2.0,2.0,2.0,2.0,5.0,1.0,1.0,1.0,1.0,0.0,1.0,0.0,1.0,1.0,32.0,0
1.0,2.0,26.0,5.0,2.0,1.0,2.0,0.0,6.0,2.0,3.0,1.0,5.0,676.0,2.0,2.0,1.0,0.0,30.0,0.0,2.0,0.0,2.0,2.0,2.0,2.0,0.0,1.0,6.0,0.0,0.0,0.0,0.0,0.0,0.0,0.0,0.0,0.0,0.0,0.0,0.0,0.0,0.0,0.0,0.0,0.0,0.0,32.0,0
4.0,2.0,54.0,1.0,4.0,1.0,2.0,0.0,4.0,1.0,2.0,1.0,4.0,2916.0,3.0,2.0,2.0,5.0,8.0,16.0,2.0,0.0,2.0,2.0,2.0,1.0,5.0,0.0,0.0,0.0,0.0,0.0,0.0,1.0,2.0,2.0,2.0,0.0,2.0,2.0,2.0,2.0,5.0,2.0,2.0,1.0,4.0,33.0,1
3.0,1.0,50.0,1.0,4.0,1.0,2.0,0.0,4.0,1.0,1.0,1.0,4.0,2500.0,3.0,3.0,1.0,0.0,84.0,0.0,2.0,0.0,2.0,2.0,2.0,2.0,0.0,99.0,4.0,5.0,1.0,9.0,4.0,2.0,2.0,2.0,2.0,5.0,2.0,2.0,2.0,2.0,5.0,2.0,2.0,3.0,4.0,33.0,1
1.0,2.0,45.0,5.0,1.0,1.0,2.0,0.0,7.0,1.0,1.0,1.0,6.0,2025.0,3.0,2.0,1.0,0.0,32.0,0.0,2.0,0.0,2.0,2.0,2.0,2.0,0.0,10.0,11.0,6.0,2.0,0.0,0.0,2.0,2.0,2.0,2.0,5.0,1.0,1.0,1.0,1.0,0.0,1.0,0.0,1.0,1.0,33.0,0
1.0,1.0,62.0,2.0,1.0,1.0,2.0,0.0,7.0,1.0,1.0,1.0,6.0,3844.0,3.0,2.0,1.0,0.0,45.0,0.0,2.0,0.0,2.0,2.0,2.0,2.0,0.0,12.0,11.0,6.0,2.0,0.0,0.0,2.0,2.0,1.0,2.0,0.0,1.0,1.0,1.0,1.0,0.0,1.0,0.0,1.0,1.0,33.0,0
2.0,2.0,59.0,2.0,1.0,1.0,2.0,0.0,6.0,1.0,1.0,1.0,6.0,3481.0,3.0,2.0,1.0,0.0,25.0,0.0,2.0,0.0,2.0,2.0,2.0,2.0,0.0,99.0,11.0,6.0,2.0,0.0,0.0,2.0,2.0,2.0,2.0,5.0,1.0,1.0,1.0,1.0,0.0,1.0,0.0,1.0,1.0,33.0,0
1.0,2.0,38.0,3.0,4.0,1.0,1.0,1.0,7.0,2.0,1.0,1.0,5.0,1444.0,2.0,3.0,2.0,2.0,40.0,12.0,2.0,0.0,2.0,2.0,2.0,2.0,0.0,1.0,9.0,0.0,0.0,0.0,0.0,0.0,0.0,0.0,0.0,0.0,0.0,0.0,0.0,0.0,0.0,0.0,0.0,0.0,0.0,33.0,0
8.0,2.0,37.0,5.0,4.0,1.0,2.0,0.0,2.0,1.0,1.0,1.0,2.0,1369.0,3.0,3.0,1.0,0.0,48.0,0.0,1.0,1.0,1.0,2.0,2.0,1.0,1.0,0.0,0.0,0.0,0.0,0.0,0.0,1.0,2.0,2.0,2.0,0.0,2.0,2.0,2.0,2.0,5.0,2.0,2.0,1.0,4.0,33.0,1
2.0,2.0,45.0,2.0,1.0,1.0,2.0,0.0,4.0,1.0,1.0,1.0,4.0,2025.0,3.0,1.0,2.0,2.0,21.0,12.0,1.0,1.0,1.0,2.0,2.0,2.0,0.0,99.0,11.0,6.0,2.0,0.0,0.0,2.0,2.0,2.0,2.0,5.0,1.0,1.0,1.0,1.0,0.0,1.0,0.0,1.0,1.0,33.0,0
1.0,2.0,54.0,3.0,1.0,1.0,2.0,0.0,2.0,1.0,1.0,1.0,2.0,2916.0,3.0,2.0,1.0,0.0,20.0,0.0,1.0,3.0,2.0,1.0,2.0,1.0,1.0,0.0,0.0,0.0,0.0,0.0,0.0,2.0,2.0,2.0,2.0,5.0,1.0,1.0,1.0,2.0,0.0,2.0,2.0,1.0,4.0,33.0,1
3.0,1.0,30.0,1.0,4.0,1.0,2.0,0.0,4.0,2.0,1.0,1.0,3.0,900.0,2.0,3.0,1.0,0.0,56.0,0.0,1.0,1.0,1.0,2.0,2.0,2.0,0.0,2.0,6.0,0.0,0.0,0.0,0.0,0.0,0.0,0.0,0.0,0.0,0.0,0.0,0.0,0.0,0.0,0.0,0.0,0.0,0.0,33.0,0
4.0,2.0,29.0,1.0,4.0,1.0,2.0,0.0,4.0,1.0,1.0,1.0,4.0,841.0,2.0,3.0,1.0,0.0,56.0,0.0,1.0,1.0,1.0,1.0,2.0,2.0,0.0,2.0,6.0,0.0,0.0,0.0,0.0,0.0,0.0,0.0,0.0,0.0,0.0,0.0,0.0,0.0,0.0,0.0,0.0,0.0,0.0,33.0,0
2.0,1.0,67.0,2.0,1.0,1.0,2.0,0.0,4.0,1.0,3.0,1.0,4.0,4489.0,3.0,2.0,1.0,0.0,40.0,0.0,2.0,0.0,2.0,2.0,2.0,2.0,0.0,12.0,4.0,6.0,2.0,0.0,0.0,1.0,2.0,2.0,1.0,0.0,1.0,1.0,1.0,1.0,0.0,1.0,0.0,3.0,1.0,32.0,0
3.0,1.0,27.0,5.0,1.0,1.0,1.0,1.0,6.0,2.0,1.0,1.0,5.0,729.0,3.0,2.0,1.0,0.0,40.0,0.0,2.0,0.0,2.0,2.0,2.0,2.0,0.0,10.0,11.0,5.0,2.0,0.0,0.0,1.0,2.0,2.0,2.0,0.0,1.0,1.0,1.0,1.0,0.0,1.0,0.0,1.0,1.0,32.0,0
1.0,1.0,66.0,2.0,1.0,1.0,2.0,0.0,4.0,2.0,1.0,1.0,3.0,4356.0,1.0,3.0,1.0,0.0,50.0,0.0,2.0,0.0,1.0,2.0,2.0,2.0,0.0,2.0,11.0,0.0,0.0,0.0,0.0,0.0,0.0,0.0,0.0,0.0,0.0,0.0,0.0,0.0,0.0,0.0,0.0,0.0,0.0,32.0,0
1.0,2.0,55.0,1.0,2.0,1.0,1.0,1.0,8.0,1.0,1.0,1.0,6.0,3025.0,3.0,2.0,2.0,3.0,12.0,18.0,2.0,0.0,2.0,2.0,2.0,2.0,0.0,99.0,11.0,6.0,2.0,0.0,0.0,2.0,2.0,2.0,1.0,0.0,1.0,1.0,1.0,1.0,0.0,1.0,0.0,1.0,1.0,32.0,0
2.0,1.0,63.0,1.0,2.0,1.0,2.0,0.0,7.0,2.0,1.0,1.0,5.0,3969.0,3.0,2.0,1.0,0.0,40.0,0.0,2.0,0.0,2.0,2.0,2.0,2.0,0.0,6.0,11.0,6.0,2.0,0.0,0.0,2.0,2.0,2.0,2.0,5.0,1.0,1.0,1.0,1.0,0.0,1.0,0.0,1.0,1.0,32.0,0
1.0,1.0,37.0,5.0,2.0,1.0,2.0,0.0,7.0,1.0,1.0,1.0,6.0,1369.0,3.0,2.0,2.0,2.0,30.0,6.0,2.0,0.0,2.0,2.0,2.0,2.0,0.0,2.0,11.0,6.0,2.0,0.0,0.0,2.0,2.0,2.0,2.0,5.0,1.0,1.0,1.0,1.0,0.0,1.0,0.0,1.0,1.0,32.0,0
1.0,2.0,38.0,1.0,1.0,1.0,2.0,0.0,7.0,1.0,1.0,1.0,6.0,1444.0,3.0,2.0,1.0,0.0,30.0,0.0,2.0,0.0,2.0,2.0,2.0,2.0,0.0,12.0,11.0,6.0,2.0,0.0,0.0,1.0,2.0,2.0,2.0,0.0,1.0,1.0,1.0,1.0,0.0,1.0,0.0,2.0,1.0,32.0,0
2.0,1.0,36.0,1.0,1.0,1.0,2.0,0.0,4.0,1.0,1.0,1.0,4.0,1296.0,3.0,2.0,1.0,0.0,45.0,0.0,1.0,1.0,1.0,2.0,2.0,2.0,0.0,99.0,11.0,6.0,2.0,0.0,0.0,2.0,2.0,2.0,2.0,5.0,1.0,1.0,1.0,1.0,0.0,1.0,0.0,1.0,1.0,32.0,0
2.0,1.0,24.0,1.0,12.0,1.0,1.0,1.0,7.0,2.0,1.0,1.0,5.0,576.0,3.0,2.0,1.0,0.0,36.0,0.0,1.0,1.0,1.0,2.0,2.0,2.0,0.0,4.0,11.0,5.0,2.0,0.0,0.0,2.0,2.0,2.0,2.0,5.0,1.0,1.0,1.0,1.0,0.0,1.0,0.0,1.0,1.0,32.0,0
1.0,2.0,27.0,1.0,12.0,1.0,1.0,1.0,7.0,2.0,1.0,1.0,5.0,729.0,3.0,2.0,1.0,0.0,45.0,0.0,2.0,0.0,2.0,2.0,2.0,2.0,0.0,8.0,11.0,5.0,2.0,0.0,0.0,1.0,2.0,2.0,2.0,0.0,1.0,1.0,1.0,1.0,0.0,1.0,0.0,1.0,1.0,32.0,0
1.0,2.0,53.0,3.0,1.0,1.0,2.0,0.0,6.0,1.0,1.0,1.0,6.0,2809.0,2.0,2.0,1.0,0.0,36.0,0.0,2.0,0.0,2.0,1.0,2.0,2.0,0.0,7.0,11.0,0.0,0.0,0.0,0.0,0.0,0.0,0.0,0.0,0.0,0.0,0.0,0.0,0.0,0.0,0.0,0.0,0.0,0.0,32.0,0
1.0,1.0,34.0,1.0,4.0,1.0,2.0,0.0,2.0,1.0,1.0,1.0,2.0,1156.0,2.0,3.0,2.0,2.0,36.0,12.0,1.0,1.0,1.0,1.0,2.0,2.0,0.0,1.0,4.0,0.0,0.0,0.0,0.0,0.0,0.0,0.0,0.0,0.0,0.0,0.0,0.0,0.0,0.0,0.0,0.0,0.0,0.0,33.0,0
1.0,1.0,45.0,2.0,2.0,1.0,2.0,0.0,6.0,2.0,2.0,1.0,5.0,2025.0,3.0,2.0,1.0,0.0,40.0,0.0,2.0,0.0,2.0,2.0,2.0,2.0,0.0,7.0,12.0,6.0,2.0,0.0,0.0,2.0,2.0,2.0,2.0,5.0,1.0,1.0,1.0,1.0,0.0,1.0,0.0,1.0,1.0,33.0,0
3.0,2.0,19.0,5.0,2.0,1.0,1.0,2.0,6.0,2.0,1.0,1.0,5.0,361.0,3.0,3.0,1.0,0.0,50.0,0.0,2.0,0.0,2.0,2.0,2.0,2.0,0.0,7.0,11.0,5.0,2.0,0.0,0.0,1.0,2.0,2.0,2.0,0.0,1.0,1.0,1.0,1.0,0.0,1.0,0.0,1.0,1.0,33.0,0
1.0,1.0,56.0,2.0,1.0,1.0,2.0,0.0,4.0,1.0,1.0,1.0,4.0,3136.0,2.0,2.0,1.0,0.0,30.0,0.0,2.0,0.0,2.0,2.0,2.0,2.0,0.0,1.0,6.0,0.0,0.0,0.0,0.0,0.0,0.0,0.0,0.0,0.0,0.0,0.0,0.0,0.0,0.0,0.0,0.0,0.0,0.0,33.0,0
2.0,1.0,42.0,1.0,1.0,1.0,2.0,0.0,7.0,1.0,1.0,1.0,6.0,1764.0,3.0,2.0,1.0,0.0,45.0,0.0,2.0,0.0,2.0,2.0,2.0,2.0,0.0,11.0,11.0,6.0,2.0,0.0,0.0,1.0,2.0,2.0,1.0,0.0,1.0,1.0,1.0,1.0,0.0,1.0,0.0,1.0,1.0,33.0,0
3.0,1.0,24.0,5.0,2.0,1.0,2.0,0.0,4.0,1.0,1.0,1.0,4.0,576.0,3.0,2.0,1.0,0.0,25.0,0.0,2.0,0.0,2.0,2.0,2.0,2.0,0.0,99.0,11.0,5.0,2.0,0.0,0.0,2.0,2.0,2.0,2.0,5.0,2.0,2.0,2.0,2.0,5.0,2.0,1.0,1.0,4.0,32.0,1
1.0,2.0,40.0,1.0,1.0,1.0,2.0,0.0,7.0,1.0,1.0,1.0,6.0,1600.0,3.0,2.0,1.0,0.0,44.0,0.0,1.0,2.0,2.0,2.0,1.0,2.0,0.0,12.0,11.0,6.0,2.0,0.0,0.0,2.0,2.0,2.0,2.0,5.0,1.0,1.0,1.0,1.0,0.0,1.0,0.0,3.0,1.0,33.0,0
2.0,1.0,40.0,1.0,1.0,1.0,2.0,0.0,7.0,1.0,1.0,1.0,6.0,1600.0,3.0,3.0,2.0,4.0,68.0,11.0,2.0,0.0,2.0,2.0,3.0,2.0,0.0,12.0,11.0,5.0,2.0,0.0,0.0,2.0,2.0,2.0,2.0,5.0,1.0,1.0,1.0,1.0,0.0,1.0,0.0,1.0,1.0,33.0,0
10.0,1.0,41.0,5.0,4.0,1.0,2.0,0.0,4.0,1.0,4.0,1.0,4.0,1681.0,3.0,3.0,1.0,0.0,51.0,0.0,2.0,0.0,2.0,2.0,2.0,2.0,0.0,99.0,11.0,4.0,2.0,0.0,0.0,2.0,2.0,2.0,2.0,5.0,2.0,1.0,1.0,2.0,0.0,2.0,2.0,1.0,4.0,32.0,1
1.0,1.0,46.0,2.0,2.0,1.0,2.0,0.0,7.0,1.0,1.0,1.0,6.0,2116.0,3.0,2.0,1.0,0.0,45.0,0.0,2.0,0.0,2.0,2.0,2.0,2.0,0.0,11.0,11.0,6.0,2.0,0.0,0.0,2.0,2.0,2.0,2.0,5.0,1.0,1.0,1.0,1.0,0.0,1.0,0.0,1.0,1.0,32.0,0
2.0,2.0,46.0,2.0,2.0,1.0,2.0,0.0,7.0,1.0,1.0,1.0,6.0,2116.0,3.0,2.0,1.0,0.0,35.0,0.0,2.0,0.0,2.0,2.0,2.0,2.0,0.0,12.0,11.0,6.0,2.0,0.0,0.0,1.0,2.0,2.0,1.0,0.0,1.0,1.0,1.0,1.0,0.0,1.0,0.0,1.0,1.0,32.0,0
3.0,1.0,57.0,5.0,1.0,1.0,2.0,0.0,6.0,1.0,1.0,1.0,6.0,3249.0,2.0,3.0,1.0,0.0,60.0,0.0,2.0,0.0,2.0,2.0,2.0,2.0,0.0,1.0,11.0,0.0,0.0,0.0,0.0,0.0,0.0,0.0,0.0,0.0,0.0,0.0,0.0,0.0,0.0,0.0,0.0,0.0,0.0,32.0,0
5.0,1.0,29.0,5.0,4.0,1.0,2.0,0.0,6.0,1.0,1.0,1.0,6.0,841.0,2.0,2.0,1.0,0.0,36.0,0.0,2.0,0.0,2.0,1.0,2.0,2.0,0.0,1.0,4.0,0.0,0.0,0.0,0.0,0.0,0.0,0.0,0.0,0.0,0.0,0.0,0.0,0.0,0.0,0.0,0.0,0.0,0.0,32.0,0
1.0,2.0,61.0,4.0,4.0,1.0,2.0,0.0,2.0,1.0,3.0,1.0,2.0,3721.0,3.0,3.0,2.0,2.0,28.0,28.0,2.0,0.0,2.0,2.0,2.0,1.0,2.0,0.0,0.0,0.0,0.0,0.0,0.0,2.0,2.0,2.0,2.0,5.0,2.0,2.0,2.0,2.0,5.0,2.0,2.0,1.0,4.0,33.0,1
1.0,2.0,42.0,5.0,1.0,1.0,2.0,0.0,4.0,1.0,4.0,1.0,4.0,1764.0,2.0,2.0,1.0,0.0,16.0,0.0,2.0,0.0,2.0,2.0,2.0,2.0,0.0,1.0,8.0,0.0,0.0,0.0,0.0,0.0,0.0,0.0,0.0,0.0,0.0,0.0,0.0,0.0,0.0,0.0,0.0,0.0,0.0,33.0,0
6.0,1.0,64.0,2.0,4.0,1.0,2.0,0.0,2.0,1.0,4.0,1.0,2.0,4096.0,2.0,2.0,1.0,0.0,24.0,0.0,2.0,0.0,2.0,2.0,2.0,2.0,0.0,1.0,8.0,0.0,0.0,0.0,0.0,0.0,0.0,0.0,0.0,0.0,0.0,0.0,0.0,0.0,0.0,0.0,0.0,0.0,0.0,33.0,0
1.0,1.0,49.0,2.0,1.0,1.0,1.0,2.0,8.0,2.0,1.0,1.0,6.0,2401.0,1.0,3.0,1.0,0.0,50.0,0.0,2.0,0.0,2.0,2.0,2.0,2.0,0.0,3.0,11.0,0.0,0.0,0.0,0.0,0.0,0.0,0.0,0.0,0.0,0.0,0.0,0.0,0.0,0.0,0.0,0.0,0.0,0.0,33.0,0
2.0,2.0,50.0,2.0,1.0,1.0,2.0,0.0,6.0,1.0,1.0,1.0,6.0,2500.0,3.0,2.0,1.0,0.0,10.0,0.0,1.0,3.0,2.0,2.0,2.0,2.0,0.0,99.0,6.0,5.0,9.0,9.0,4.0,2.0,2.0,2.0,2.0,5.0,2.0,2.0,2.0,2.0,5.0,2.0,1.0,1.0,3.0,33.0,1
1.0,1.0,65.0,2.0,1.0,1.0,2.0,0.0,4.0,1.0,1.0,1.0,4.0,4225.0,2.0,2.0,1.0,0.0,10.0,0.0,2.0,0.0,2.0,2.0,2.0,2.0,0.0,1.0,8.0,0.0,0.0,0.0,0.0,0.0,0.0,0.0,0.0,0.0,0.0,0.0,0.0,0.0,0.0,0.0,0.0,0.0,0.0,33.0,0
1.0,2.0,63.0,5.0,1.0,1.0,2.0,0.0,2.0,1.0,3.0,1.0,2.0,3969.0,3.0,2.0,1.0,0.0,35.0,0.0,2.0,0.0,2.0,2.0,2.0,1.0,1.0,0.0,0.0,0.0,0.0,0.0,0.0,1.0,2.0,2.0,1.0,0.0,1.0,1.0,1.0,1.0,0.0,1.0,0.0,1.0,1.0,33.0,0
1.0,2.0,41.0,1.0,1.0,1.0,2.0,0.0,8.0,1.0,1.0,1.0,6.0,1681.0,2.0,3.0,1.0,0.0,50.0,0.0,2.0,0.0,2.0,2.0,2.0,2.0,0.0,1.0,12.0,0.0,0.0,0.0,0.0,0.0,0.0,0.0,0.0,0.0,0.0,0.0,0.0,0.0,0.0,0.0,0.0,0.0,0.0,33.0,0
3.0,1.0,22.0,5.0,1.0,1.0,2.0,0.0,4.0,1.0,1.0,1.0,4.0,484.0,3.0,3.0,1.0,0.0,154.0,0.0,2.0,0.0,2.0,2.0,1.0,2.0,0.0,8.0,3.0,6.0,2.0,0.0,0.0,2.0,2.0,2.0,2.0,5.0,1.0,1.0,1.0,1.0,0.0,1.0,0.0,3.0,1.0,33.0,0
2.0,1.0,75.0,5.0,1.0,1.0,2.0,0.0,4.0,1.0,1.0,1.0,4.0,5625.0,3.0,2.0,1.0,0.0,40.0,0.0,2.0,0.0,2.0,2.0,2.0,2.0,0.0,8.0,8.0,6.0,2.0,0.0,0.0,2.0,2.0,2.0,1.0,0.0,2.0,2.0,2.0,2.0,5.0,2.0,2.0,1.0,4.0,33.0,1
1.0,1.0,50.0,1.0,4.0,1.0,2.0,0.0,2.0,1.0,1.0,1.0,2.0,2500.0,3.0,2.0,1.0,0.0,36.0,0.0,1.0,1.0,1.0,1.0,2.0,2.0,0.0,99.0,11.0,6.0,2.0,0.0,0.0,2.0,2.0,2.0,2.0,5.0,2.0,2.0,2.0,2.0,5.0,2.0,2.0,2.0,2.0,33.0,1
1.0,2.0,53.0,4.0,1.0,1.0,2.0,0.0,4.0,1.0,3.0,1.0,4.0,2809.0,3.0,4.0,0.0,0.0,0.0,0.0,2.0,0.0,2.0,2.0,2.0,2.0,0.0,12.0,4.0,6.0,2.0,0.0,0.0,2.0,2.0,2.0,1.0,0.0,1.0,1.0,1.0,1.0,0.0,1.0,0.0,3.0,1.0,32.0,0
1.0,1.0,48.0,1.0,1.0,1.0,2.0,0.0,4.0,1.0,4.0,1.0,4.0,2304.0,2.0,3.0,1.0,0.0,48.0,0.0,2.0,0.0,2.0,2.0,2.0,2.0,0.0,2.0,11.0,0.0,0.0,0.0,0.0,0.0,0.0,0.0,0.0,0.0,0.0,0.0,0.0,0.0,0.0,0.0,0.0,0.0,0.0,33.0,0
2.0,2.0,45.0,1.0,1.0,1.0,2.0,0.0,4.0,1.0,1.0,1.0,4.0,2025.0,2.0,3.0,1.0,0.0,48.0,0.0,2.0,0.0,2.0,2.0,2.0,2.0,0.0,2.0,11.0,0.0,0.0,0.0,0.0,0.0,0.0,0.0,0.0,0.0,0.0,0.0,0.0,0.0,0.0,0.0,0.0,0.0,0.0,33.0,0
3.0,2.0,30.0,5.0,4.0,1.0,2.0,0.0,7.0,2.0,1.0,1.0,5.0,900.0,3.0,2.0,1.0,0.0,35.0,0.0,2.0,0.0,2.0,1.0,1.0,2.0,0.0,99.0,11.0,3.0,2.0,0.0,0.0,1.0,2.0,2.0,2.0,0.0,9.0,9.0,9.0,9.0,0.0,2.0,2.0,1.0,1.0,33.0,1
1.0,1.0,53.0,1.0,1.0,1.0,2.0,0.0,4.0,2.0,3.0,1.0,3.0,2809.0,2.0,3.0,1.0,0.0,70.0,0.0,2.0,0.0,2.0,2.0,2.0,2.0,0.0,1.0,6.0,0.0,0.0,0.0,0.0,0.0,0.0,0.0,0.0,0.0,0.0,0.0,0.0,0.0,0.0,0.0,0.0,0.0,0.0,33.0,0
2.0,2.0,56.0,1.0,1.0,1.0,2.0,0.0,2.0,1.0,1.0,1.0,2.0,3136.0,3.0,2.0,1.0,0.0,40.0,0.0,2.0,0.0,2.0,2.0,2.0,2.0,0.0,9.0,11.0,6.0,2.0,0.0,0.0,2.0,2.0,2.0,2.0,5.0,2.0,2.0,2.0,1.0,0.0,1.0,0.0,1.0,1.0,33.0,0
3.0,2.0,24.0,5.0,1.0,1.0,1.0,1.0,7.0,2.0,1.0,1.0,5.0,576.0,3.0,3.0,1.0,0.0,48.0,0.0,2.0,0.0,2.0,2.0,2.0,2.0,0.0,9.0,11.0,5.0,2.0,0.0,0.0,2.0,2.0,2.0,2.0,5.0,1.0,1.0,1.0,1.0,0.0,1.0,0.0,1.0,1.0,33.0,0
1.0,1.0,48.0,1.0,1.0,1.0,2.0,0.0,4.0,1.0,3.0,1.0,4.0,2304.0,3.0,4.0,0.0,0.0,0.0,0.0,2.0,0.0,2.0,2.0,1.0,2.0,0.0,8.0,11.0,6.0,2.0,0.0,0.0,1.0,2.0,2.0,2.0,0.0,1.0,1.0,1.0,1.0,0.0,1.0,0.0,1.0,1.0,33.0,0
2.0,2.0,42.0,1.0,1.0,1.0,2.0,0.0,4.0,1.0,1.0,1.0,4.0,1764.0,3.0,2.0,1.0,0.0,30.0,0.0,2.0,0.0,2.0,2.0,1.0,2.0,0.0,8.0,2.0,6.0,2.0,0.0,0.0,1.0,2.0,2.0,2.0,0.0,1.0,1.0,1.0,1.0,0.0,1.0,0.0,1.0,1.0,33.0,0
1.0,2.0,49.0,3.0,4.0,1.0,2.0,0.0,4.0,1.0,2.0,1.0,4.0,2401.0,2.0,1.0,1.0,0.0,6.0,0.0,1.0,1.0,1.0,1.0,2.0,2.0,0.0,1.0,12.0,0.0,0.0,0.0,0.0,0.0,0.0,0.0,0.0,0.0,0.0,0.0,0.0,0.0,0.0,0.0,0.0,0.0,0.0,33.0,0
2.0,1.0,60.0,3.0,4.0,1.0,2.0,0.0,6.0,2.0,2.0,1.0,5.0,3600.0,2.0,3.0,1.0,0.0,40.0,0.0,2.0,0.0,2.0,2.0,2.0,2.0,0.0,1.0,8.0,0.0,0.0,0.0,0.0,0.0,0.0,0.0,0.0,0.0,0.0,0.0,0.0,0.0,0.0,0.0,0.0,0.0,0.0,33.0,0
1.0,1.0,50.0,1.0,1.0,1.0,2.0,0.0,4.0,1.0,1.0,1.0,4.0,2500.0,3.0,3.0,1.0,0.0,48.0,0.0,2.0,0.0,2.0,2.0,2.0,2.0,0.0,99.0,11.0,6.0,2.0,0.0,0.0,2.0,2.0,2.0,2.0,5.0,1.0,1.0,1.0,1.0,0.0,1.0,0.0,1.0,1.0,33.0,0
2.0,2.0,35.0,1.0,1.0,1.0,2.0,0.0,4.0,1.0,1.0,1.0,4.0,1225.0,3.0,4.0,0.0,0.0,0.0,0.0,2.0,0.0,2.0,2.0,2.0,2.0,0.0,7.0,8.0,6.0,2.0,0.0,0.0,1.0,2.0,2.0,2.0,0.0,1.0,1.0,1.0,1.0,0.0,1.0,0.0,1.0,1.0,33.0,0
1.0,2.0,50.0,2.0,1.0,1.0,2.0,0.0,4.0,1.0,1.0,1.0,4.0,2500.0,3.0,2.0,1.0,0.0,40.0,0.0,2.0,0.0,2.0,2.0,2.0,2.0,0.0,12.0,11.0,6.0,2.0,0.0,0.0,1.0,2.0,2.0,2.0,0.0,1.0,1.0,1.0,1.0,0.0,1.0,0.0,1.0,1.0,33.0,0
2.0,1.0,63.0,2.0,1.0,1.0,2.0,0.0,4.0,1.0,1.0,1.0,4.0,3969.0,2.0,3.0,2.0,2.0,40.0,40.0,2.0,0.0,2.0,2.0,2.0,2.0,0.0,1.0,8.0,0.0,0.0,0.0,0.0,0.0,0.0,0.0,0.0,0.0,0.0,0.0,0.0,0.0,0.0,0.0,0.0,0.0,0.0,33.0,0
1.0,1.0,41.0,2.0,1.0,1.0,2.0,0.0,4.0,1.0,4.0,1.0,4.0,1681.0,3.0,2.0,1.0,0.0,45.0,0.0,2.0,0.0,2.0,2.0,2.0,2.0,0.0,7.0,11.0,6.0,2.0,0.0,0.0,2.0,2.0,2.0,2.0,5.0,1.0,1.0,1.0,1.0,0.0,1.0,0.0,1.0,1.0,33.0,0
1.0,1.0,55.0,5.0,4.0,1.0,2.0,0.0,4.0,2.0,1.0,1.0,3.0,3025.0,3.0,3.0,1.0,0.0,65.0,0.0,2.0,0.0,2.0,1.0,2.0,2.0,0.0,6.0,4.0,6.0,2.0,0.0,0.0,2.0,2.0,2.0,2.0,5.0,2.0,2.0,2.0,2.0,5.0,2.0,2.0,1.0,4.0,33.0,1
2.0,1.0,61.0,1.0,4.0,1.0,2.0,0.0,4.0,2.0,1.0,1.0,3.0,3721.0,2.0,2.0,1.0,0.0,40.0,0.0,2.0,0.0,2.0,2.0,2.0,2.0,0.0,1.0,8.0,0.0,0.0,0.0,0.0,0.0,0.0,0.0,0.0,0.0,0.0,0.0,0.0,0.0,0.0,0.0,0.0,0.0,0.0,33.0,0
3.0,1.0,20.0,5.0,4.0,1.0,2.0,0.0,4.0,1.0,1.0,1.0,4.0,400.0,3.0,2.0,1.0,0.0,40.0,0.0,2.0,0.0,2.0,2.0,2.0,2.0,0.0,3.0,8.0,5.0,2.0,0.0,0.0,2.0,2.0,2.0,2.0,5.0,2.0,2.0,2.0,2.0,5.0,2.0,2.0,1.0,4.0,33.0,1
3.0,1.0,21.0,5.0,4.0,1.0,2.0,0.0,4.0,1.0,1.0,1.0,4.0,441.0,3.0,2.0,1.0,0.0,40.0,0.0,2.0,0.0,2.0,2.0,2.0,2.0,0.0,3.0,8.0,4.0,2.0,0.0,0.0,2.0,2.0,2.0,2.0,5.0,2.0,2.0,2.0,2.0,5.0,2.0,2.0,1.0,4.0,33.0,1
1.0,2.0,54.0,1.0,1.0,1.0,2.0,0.0,4.0,1.0,1.0,1.0,4.0,2916.0,3.0,3.0,1.0,0.0,48.0,0.0,2.0,0.0,2.0,2.0,2.0,2.0,0.0,99.0,11.0,6.0,2.0,0.0,0.0,1.0,2.0,2.0,2.0,0.0,1.0,1.0,1.0,1.0,0.0,1.0,0.0,1.0,1.0,32.0,0
2.0,1.0,59.0,1.0,1.0,1.0,2.0,0.0,4.0,1.0,1.0,1.0,4.0,3481.0,3.0,2.0,1.0,0.0,30.0,0.0,2.0,0.0,9.0,9.0,2.0,2.0,0.0,99.0,4.0,0.0,0.0,0.0,0.0,0.0,0.0,0.0,0.0,0.0,0.0,0.0,0.0,0.0,0.0,2.0,0.0,0.0,0.0,32.0,1
1.0,2.0,47.0,3.0,4.0,1.0,2.0,0.0,6.0,2.0,1.0,1.0,5.0,2209.0,2.0,3.0,1.0,0.0,50.0,0.0,2.0,0.0,2.0,2.0,2.0,2.0,0.0,1.0,6.0,0.0,0.0,0.0,0.0,0.0,0.0,0.0,0.0,0.0,0.0,0.0,0.0,0.0,0.0,0.0,0.0,0.0,0.0,33.0,0
3.0,1.0,23.0,5.0,1.0,1.0,2.0,0.0,4.0,2.0,1.0,1.0,3.0,529.0,3.0,2.0,1.0,0.0,40.0,0.0,2.0,0.0,2.0,2.0,2.0,2.0,0.0,99.0,11.0,5.0,2.0,0.0,0.0,2.0,2.0,2.0,2.0,5.0,1.0,1.0,1.0,1.0,0.0,1.0,0.0,1.0,1.0,33.0,0
1.0,2.0,33.0,5.0,1.0,1.0,2.0,0.0,6.0,1.0,1.0,1.0,6.0,1089.0,3.0,2.0,2.0,2.0,8.0,8.0,2.0,0.0,2.0,2.0,1.0,2.0,0.0,99.0,11.0,5.0,2.0,0.0,0.0,2.0,2.0,2.0,2.0,5.0,1.0,1.0,1.0,1.0,0.0,1.0,0.0,1.0,1.0,33.0,0
1.0,2.0,51.0,5.0,1.0,1.0,2.0,0.0,4.0,2.0,1.0,1.0,3.0,2601.0,3.0,2.0,1.0,0.0,40.0,0.0,2.0,0.0,2.0,2.0,2.0,2.0,0.0,12.0,8.0,6.0,2.0,0.0,0.0,2.0,2.0,2.0,2.0,5.0,1.0,1.0,1.0,1.0,0.0,1.0,0.0,1.0,1.0,33.0,0
3.0,1.0,24.0,5.0,1.0,1.0,2.0,0.0,4.0,2.0,1.0,1.0,3.0,576.0,3.0,2.0,2.0,2.0,12.0,12.0,2.0,0.0,2.0,2.0,2.0,2.0,0.0,2.0,8.0,5.0,2.0,0.0,0.0,2.0,2.0,2.0,2.0,5.0,2.0,2.0,2.0,2.0,5.0,2.0,2.0,1.0,4.0,33.0,1
1.0,1.0,33.0,1.0,1.0,1.0,2.0,0.0,4.0,1.0,1.0,1.0,4.0,1089.0,3.0,3.0,1.0,0.0,48.0,0.0,2.0,0.0,2.0,2.0,2.0,2.0,0.0,8.0,4.0,5.0,2.0,0.0,0.0,2.0,2.0,2.0,2.0,5.0,1.0,1.0,1.0,1.0,0.0,1.0,0.0,1.0,1.0,33.0,0
2.0,2.0,30.0,1.0,4.0,1.0,2.0,0.0,7.0,2.0,1.0,1.0,5.0,900.0,3.0,2.0,1.0,0.0,34.0,0.0,2.0,0.0,2.0,2.0,2.0,2.0,0.0,9.0,11.0,6.0,2.0,0.0,0.0,2.0,2.0,2.0,2.0,5.0,2.0,2.0,2.0,2.0,5.0,2.0,2.0,1.0,4.0,33.0,1
3.0,2.0,23.0,5.0,2.0,1.0,1.0,1.0,7.0,2.0,1.0,1.0,5.0,529.0,3.0,1.0,1.0,0.0,6.0,0.0,1.0,1.0,1.0,1.0,3.0,2.0,0.0,99.0,6.0,1.0,1.0,3.0,3.0,2.0,2.0,2.0,2.0,5.0,2.0,2.0,2.0,2.0,5.0,2.0,2.0,1.0,5.0,33.0,1
3.0,1.0,30.0,5.0,4.0,1.0,2.0,0.0,4.0,2.0,1.0,1.0,3.0,900.0,3.0,2.0,1.0,0.0,40.0,0.0,2.0,0.0,2.0,2.0,2.0,2.0,0.0,99.0,11.0,5.0,9.0,9.0,4.0,2.0,2.0,2.0,2.0,5.0,2.0,2.0,2.0,2.0,5.0,2.0,2.0,1.0,4.0,32.0,1
1.0,1.0,43.0,2.0,1.0,1.0,2.0,0.0,4.0,1.0,1.0,1.0,4.0,1849.0,3.0,2.0,1.0,0.0,40.0,0.0,2.0,0.0,2.0,2.0,2.0,2.0,0.0,12.0,5.0,5.0,2.0,0.0,0.0,2.0,2.0,2.0,2.0,5.0,1.0,1.0,1.0,1.0,0.0,1.0,0.0,1.0,1.0,33.0,0
2.0,2.0,43.0,2.0,1.0,1.0,2.0,0.0,4.0,1.0,1.0,1.0,4.0,1849.0,3.0,3.0,1.0,0.0,48.0,0.0,2.0,0.0,2.0,2.0,2.0,2.0,0.0,11.0,11.0,6.0,2.0,0.0,0.0,2.0,2.0,2.0,2.0,5.0,1.0,1.0,1.0,1.0,0.0,1.0,0.0,1.0,1.0,33.0,0
1.0,1.0,59.0,2.0,2.0,1.0,2.0,0.0,7.0,1.0,2.0,1.0,6.0,3481.0,3.0,2.0,1.0,0.0,40.0,0.0,2.0,0.0,2.0,2.0,2.0,2.0,0.0,12.0,11.0,6.0,2.0,0.0,0.0,2.0,2.0,2.0,2.0,5.0,2.0,2.0,2.0,2.0,5.0,2.0,1.0,1.0,3.0,33.0,1
2.0,2.0,64.0,2.0,12.0,1.0,2.0,0.0,7.0,1.0,1.0,1.0,6.0,4096.0,3.0,2.0,1.0,0.0,18.0,0.0,2.0,0.0,2.0,2.0,2.0,2.0,0.0,12.0,11.0,6.0,2.0,0.0,0.0,2.0,2.0,2.0,2.0,5.0,2.0,2.0,2.0,2.0,5.0,2.0,1.0,1.0,3.0,33.0,1
3.0,2.0,30.0,1.0,1.0,1.0,1.0,1.0,7.0,2.0,1.0,1.0,5.0,900.0,2.0,3.0,1.0,0.0,60.0,0.0,2.0,0.0,2.0,2.0,2.0,2.0,0.0,5.0,11.0,0.0,0.0,0.0,0.0,0.0,0.0,0.0,0.0,0.0,0.0,0.0,0.0,0.0,0.0,0.0,0.0,0.0,0.0,33.0,0
4.0,1.0,24.0,1.0,1.0,1.0,1.0,2.0,4.0,2.0,1.0,1.0,3.0,576.0,2.0,3.0,1.0,0.0,60.0,0.0,2.0,0.0,2.0,2.0,2.0,2.0,0.0,5.0,11.0,0.0,0.0,0.0,0.0,0.0,0.0,0.0,0.0,0.0,0.0,0.0,0.0,0.0,0.0,0.0,0.0,0.0,0.0,33.0,0
8.0,1.0,54.0,4.0,1.0,1.0,2.0,0.0,6.0,2.0,1.0,1.0,5.0,2916.0,2.0,3.0,1.0,0.0,60.0,0.0,2.0,0.0,2.0,2.0,2.0,2.0,0.0,5.0,11.0,0.0,0.0,0.0,0.0,0.0,0.0,0.0,0.0,0.0,0.0,0.0,0.0,0.0,0.0,0.0,0.0,0.0,0.0,33.0,0
1.0,1.0,64.0,3.0,1.0,1.0,2.0,0.0,2.0,2.0,4.0,1.0,1.0,4096.0,2.0,3.0,1.0,0.0,60.0,0.0,2.0,0.0,2.0,2.0,2.0,2.0,0.0,5.0,11.0,0.0,0.0,0.0,0.0,0.0,0.0,0.0,0.0,0.0,0.0,0.0,0.0,0.0,0.0,0.0,0.0,0.0,0.0,33.0,0
3.0,2.0,43.0,3.0,4.0,1.0,2.0,0.0,2.0,2.0,4.0,1.0,1.0,1849.0,1.0,3.0,1.0,0.0,60.0,0.0,1.0,1.0,2.0,2.0,2.0,2.0,0.0,5.0,11.0,0.0,0.0,0.0,0.0,0.0,0.0,0.0,0.0,0.0,0.0,0.0,0.0,0.0,0.0,0.0,0.0,0.0,0.0,33.0,0
1.0,1.0,29.0,1.0,1.0,1.0,2.0,0.0,4.0,1.0,3.0,1.0,4.0,841.0,3.0,2.0,1.0,0.0,40.0,0.0,1.0,1.0,1.0,2.0,1.0,2.0,0.0,12.0,11.0,6.0,2.0,0.0,0.0,1.0,2.0,2.0,2.0,0.0,1.0,1.0,1.0,1.0,0.0,1.0,0.0,1.0,1.0,33.0,0
2.0,2.0,33.0,1.0,1.0,1.0,1.0,1.0,6.0,2.0,3.0,1.0,5.0,1089.0,3.0,2.0,1.0,0.0,40.0,0.0,1.0,1.0,1.0,2.0,1.0,2.0,0.0,12.0,11.0,6.0,2.0,0.0,0.0,1.0,2.0,2.0,2.0,0.0,1.0,1.0,1.0,1.0,0.0,1.0,0.0,1.0,1.0,33.0,0
1.0,1.0,53.0,2.0,1.0,1.0,2.0,0.0,2.0,1.0,1.0,1.0,2.0,2809.0,3.0,3.0,1.0,0.0,48.0,0.0,2.0,0.0,2.0,2.0,2.0,2.0,0.0,99.0,4.0,6.0,2.0,0.0,0.0,2.0,2.0,2.0,2.0,5.0,1.0,1.0,1.0,1.0,0.0,1.0,0.0,1.0,1.0,33.0,0
2.0,2.0,42.0,2.0,1.0,1.0,2.0,0.0,4.0,2.0,3.0,1.0,3.0,1764.0,3.0,2.0,1.0,0.0,25.0,0.0,2.0,0.0,2.0,2.0,2.0,2.0,0.0,3.0,11.0,4.0,2.0,0.0,0.0,1.0,2.0,2.0,2.0,0.0,1.0,1.0,1.0,1.0,0.0,1.0,0.0,1.0,1.0,33.0,0
1.0,1.0,66.0,2.0,1.0,1.0,2.0,0.0,2.0,1.0,3.0,1.0,2.0,4356.0,3.0,1.0,1.0,0.0,30.0,0.0,1.0,1.0,2.0,2.0,2.0,2.0,0.0,3.0,11.0,6.0,1.0,9.0,4.0,1.0,2.0,2.0,2.0,0.0,2.0,2.0,2.0,2.0,5.0,2.0,2.0,1.0,4.0,33.0,1
3.0,1.0,29.0,5.0,4.0,1.0,1.0,1.0,6.0,2.0,1.0,1.0,5.0,841.0,3.0,2.0,1.0,0.0,16.0,0.0,2.0,0.0,2.0,1.0,2.0,2.0,0.0,2.0,8.0,1.0,1.0,1.0,4.0,1.0,2.0,2.0,2.0,0.0,2.0,2.0,2.0,2.0,5.0,2.0,2.0,1.0,4.0,33.0,1
3.0,1.0,25.0,5.0,4.0,1.0,1.0,1.0,6.0,2.0,1.0,1.0,5.0,625.0,3.0,1.0,1.0,0.0,8.0,0.0,1.0,1.0,1.0,1.0,3.0,2.0,0.0,4.0,11.0,5.0,1.0,9.0,4.0,2.0,2.0,2.0,2.0,5.0,2.0,2.0,2.0,2.0,5.0,2.0,2.0,1.0,4.0,33.0,1
1.0,1.0,59.0,2.0,1.0,1.0,2.0,0.0,7.0,1.0,1.0,1.0,6.0,3481.0,3.0,2.0,2.0,2.0,4.0,31.0,2.0,0.0,2.0,2.0,1.0,2.0,0.0,9.0,11.0,6.0,2.0,0.0,0.0,2.0,2.0,2.0,2.0,5.0,1.0,1.0,1.0,1.0,0.0,1.0,0.0,1.0,1.0,32.0,0
1.0,1.0,45.0,2.0,1.0,1.0,2.0,0.0,7.0,2.0,1.0,1.0,5.0,2025.0,3.0,3.0,2.0,2.0,40.0,20.0,2.0,0.0,2.0,2.0,1.0,2.0,0.0,99.0,11.0,6.0,2.0,0.0,0.0,2.0,2.0,2.0,2.0,5.0,1.0,1.0,1.0,1.0,0.0,1.0,0.0,1.0,1.0,32.0,0
2.0,2.0,43.0,2.0,1.0,1.0,2.0,0.0,6.0,1.0,1.0,1.0,6.0,1849.0,3.0,3.0,2.0,2.0,40.0,20.0,2.0,0.0,2.0,2.0,1.0,2.0,0.0,99.0,11.0,6.0,2.0,0.0,0.0,2.0,2.0,2.0,2.0,5.0,1.0,1.0,1.0,1.0,0.0,1.0,0.0,1.0,1.0,32.0,0
3.0,1.0,19.0,5.0,1.0,1.0,1.0,1.0,7.0,2.0,1.0,1.0,5.0,361.0,3.0,2.0,2.0,3.0,24.0,14.0,2.0,0.0,2.0,2.0,2.0,2.0,0.0,9.0,4.0,2.0,2.0,0.0,0.0,2.0,2.0,2.0,2.0,5.0,1.0,2.0,2.0,2.0,0.0,2.0,2.0,3.0,4.0,32.0,1
3.0,1.0,52.0,3.0,1.0,1.0,2.0,0.0,8.0,1.0,1.0,1.0,6.0,2704.0,3.0,3.0,2.0,3.0,35.0,15.0,2.0,0.0,2.0,2.0,1.0,2.0,0.0,12.0,12.0,6.0,2.0,0.0,0.0,2.0,2.0,2.0,2.0,5.0,1.0,1.0,1.0,1.0,0.0,1.0,0.0,1.0,1.0,33.0,0
1.0,2.0,50.0,3.0,2.0,1.0,2.0,0.0,8.0,2.0,1.0,1.0,6.0,2500.0,3.0,1.0,2.0,4.0,12.0,5.0,1.0,1.0,1.0,1.0,2.0,2.0,0.0,5.0,11.0,6.0,2.0,0.0,0.0,2.0,2.0,2.0,2.0,5.0,1.0,1.0,1.0,1.0,0.0,1.0,0.0,1.0,1.0,33.0,0
3.0,1.0,19.0,5.0,2.0,1.0,2.0,0.0,4.0,1.0,5.0,1.0,4.0,361.0,3.0,1.0,1.0,0.0,24.0,0.0,1.0,1.0,1.0,1.0,2.0,2.0,0.0,5.0,11.0,5.0,1.0,1.0,4.0,2.0,2.0,2.0,2.0,5.0,2.0,1.0,2.0,2.0,0.0,2.0,2.0,1.0,4.0,33.0,1
3.0,2.0,24.0,5.0,2.0,1.0,2.0,0.0,4.0,1.0,1.0,1.0,4.0,576.0,2.0,3.0,2.0,3.0,48.0,4.0,1.0,1.0,1.0,1.0,2.0,2.0,0.0,1.0,6.0,0.0,0.0,0.0,0.0,0.0,0.0,0.0,0.0,0.0,0.0,0.0,0.0,0.0,0.0,0.0,0.0,0.0,0.0,33.0,0
3.0,1.0,26.0,5.0,4.0,1.0,2.0,0.0,4.0,1.0,1.0,1.0,4.0,676.0,3.0,2.0,1.0,0.0,40.0,0.0,2.0,0.0,2.0,2.0,2.0,2.0,0.0,99.0,6.0,5.0,2.0,0.0,0.0,2.0,2.0,2.0,2.0,5.0,2.0,2.0,2.0,2.0,5.0,2.0,2.0,1.0,4.0,33.0,1
1.0,2.0,37.0,1.0,1.0,1.0,2.0,0.0,7.0,2.0,1.0,1.0,5.0,1369.0,3.0,2.0,1.0,0.0,45.0,0.0,2.0,0.0,2.0,2.0,2.0,2.0,0.0,99.0,11.0,3.0,1.0,3.0,2.0,2.0,2.0,2.0,2.0,5.0,1.0,1.0,1.0,1.0,0.0,1.0,0.0,1.0,1.0,33.0,0
2.0,1.0,30.0,1.0,1.0,1.0,2.0,0.0,7.0,2.0,1.0,1.0,5.0,900.0,3.0,2.0,1.0,0.0,45.0,0.0,2.0,0.0,1.0,1.0,2.0,2.0,0.0,12.0,11.0,6.0,2.0,0.0,0.0,2.0,2.0,2.0,1.0,0.0,1.0,1.0,1.0,1.0,0.0,1.0,0.0,1.0,1.0,33.0,0
1.0,2.0,71.0,4.0,1.0,1.0,2.0,0.0,2.0,2.0,4.0,1.0,1.0,5041.0,2.0,3.0,1.0,0.0,60.0,0.0,2.0,0.0,2.0,2.0,2.0,2.0,0.0,1.0,11.0,0.0,0.0,0.0,0.0,0.0,0.0,0.0,0.0,0.0,0.0,0.0,0.0,0.0,0.0,0.0,0.0,0.0,0.0,33.0,0
3.0,2.0,37.0,5.0,1.0,1.0,2.0,0.0,8.0,1.0,1.0,1.0,6.0,1369.0,3.0,2.0,1.0,0.0,40.0,0.0,2.0,0.0,2.0,2.0,2.0,2.0,0.0,99.0,11.0,6.0,2.0,0.0,0.0,2.0,2.0,2.0,2.0,5.0,1.0,1.0,1.0,1.0,0.0,1.0,0.0,1.0,1.0,33.0,0
3.0,2.0,35.0,5.0,4.0,1.0,2.0,0.0,4.0,1.0,1.0,1.0,4.0,1225.0,2.0,3.0,1.0,0.0,66.0,0.0,2.0,0.0,2.0,2.0,2.0,2.0,0.0,1.0,8.0,0.0,0.0,0.0,0.0,0.0,0.0,0.0,0.0,0.0,0.0,0.0,0.0,0.0,0.0,0.0,0.0,0.0,0.0,33.0,0
3.0,1.0,30.0,5.0,1.0,1.0,2.0,0.0,7.0,2.0,1.0,1.0,5.0,900.0,3.0,2.0,1.0,0.0,40.0,0.0,2.0,0.0,2.0,2.0,2.0,2.0,0.0,4.0,11.0,6.0,2.0,0.0,0.0,2.0,2.0,2.0,2.0,5.0,1.0,1.0,1.0,1.0,0.0,1.0,0.0,1.0,1.0,33.0,0
1.0,1.0,39.0,1.0,3.0,1.0,2.0,0.0,4.0,2.0,1.0,1.0,3.0,1521.0,2.0,3.0,2.0,2.0,30.0,18.0,2.0,0.0,2.0,2.0,2.0,2.0,0.0,1.0,4.0,0.0,0.0,0.0,0.0,0.0,0.0,0.0,0.0,0.0,0.0,0.0,0.0,0.0,0.0,0.0,0.0,0.0,0.0,33.0,0
1.0,2.0,28.0,1.0,4.0,1.0,2.0,0.0,4.0,1.0,1.0,1.0,4.0,784.0,2.0,1.0,1.0,0.0,18.0,0.0,1.0,1.0,1.0,1.0,2.0,2.0,0.0,1.0,6.0,0.0,0.0,0.0,0.0,0.0,0.0,0.0,0.0,0.0,0.0,0.0,0.0,0.0,0.0,0.0,0.0,0.0,0.0,33.0,0
2.0,1.0,25.0,1.0,4.0,1.0,2.0,0.0,4.0,1.0,1.0,1.0,4.0,625.0,3.0,3.0,1.0,0.0,50.0,0.0,2.0,0.0,2.0,2.0,2.0,2.0,0.0,99.0,4.0,5.0,9.0,9.0,4.0,2.0,2.0,2.0,2.0,5.0,2.0,2.0,2.0,2.0,5.0,2.0,2.0,1.0,4.0,33.0,1
1.0,2.0,31.0,1.0,1.0,1.0,2.0,0.0,4.0,1.0,1.0,1.0,4.0,961.0,3.0,3.0,1.0,0.0,48.0,0.0,1.0,1.0,1.0,2.0,1.0,2.0,0.0,99.0,11.0,6.0,2.0,0.0,0.0,2.0,2.0,2.0,2.0,5.0,1.0,1.0,1.0,1.0,0.0,1.0,0.0,1.0,1.0,33.0,0
2.0,1.0,27.0,1.0,1.0,1.0,2.0,0.0,4.0,1.0,1.0,1.0,4.0,729.0,3.0,2.0,1.0,0.0,40.0,0.0,2.0,0.0,2.0,2.0,1.0,2.0,0.0,99.0,9.0,6.0,2.0,0.0,0.0,2.0,2.0,2.0,2.0,5.0,1.0,1.0,1.0,1.0,0.0,1.0,0.0,1.0,1.0,33.0,0
1.0,2.0,30.0,2.0,1.0,1.0,2.0,0.0,6.0,1.0,3.0,1.0,6.0,900.0,3.0,2.0,1.0,0.0,40.0,0.0,2.0,0.0,2.0,2.0,1.0,2.0,0.0,12.0,11.0,6.0,2.0,0.0,0.0,2.0,2.0,2.0,2.0,5.0,1.0,1.0,1.0,1.0,0.0,1.0,0.0,1.0,1.0,33.0,0
2.0,1.0,34.0,2.0,1.0,1.0,2.0,0.0,6.0,1.0,3.0,1.0,6.0,1156.0,3.0,3.0,1.0,0.0,50.0,0.0,2.0,0.0,2.0,2.0,1.0,2.0,0.0,12.0,11.0,6.0,2.0,0.0,0.0,2.0,2.0,2.0,2.0,5.0,1.0,1.0,1.0,1.0,0.0,1.0,0.0,1.0,1.0,33.0,0
1.0,2.0,38.0,1.0,1.0,1.0,2.0,0.0,7.0,1.0,1.0,1.0,6.0,1444.0,3.0,2.0,1.0,0.0,40.0,0.0,2.0,0.0,2.0,2.0,2.0,2.0,0.0,9.0,6.0,6.0,2.0,0.0,0.0,2.0,2.0,2.0,2.0,5.0,1.0,1.0,1.0,1.0,0.0,1.0,0.0,1.0,1.0,33.0,0
2.0,1.0,40.0,1.0,1.0,1.0,2.0,0.0,7.0,1.0,1.0,1.0,6.0,1600.0,3.0,2.0,1.0,0.0,40.0,0.0,2.0,0.0,2.0,2.0,2.0,2.0,0.0,9.0,11.0,3.0,2.0,0.0,0.0,1.0,2.0,2.0,2.0,0.0,1.0,1.0,1.0,1.0,0.0,1.0,0.0,1.0,1.0,33.0,0
1.0,1.0,32.0,1.0,2.0,1.0,2.0,0.0,7.0,2.0,1.0,1.0,5.0,1024.0,3.0,2.0,1.0,0.0,40.0,0.0,2.0,0.0,2.0,2.0,2.0,2.0,0.0,99.0,6.0,6.0,2.0,0.0,0.0,2.0,2.0,2.0,2.0,5.0,1.0,1.0,1.0,1.0,0.0,1.0,0.0,1.0,3.0,33.0,0
2.0,2.0,31.0,1.0,2.0,1.0,2.0,0.0,7.0,1.0,1.0,1.0,6.0,961.0,2.0,2.0,1.0,0.0,40.0,0.0,2.0,0.0,2.0,2.0,2.0,2.0,0.0,1.0,6.0,0.0,0.0,0.0,0.0,0.0,0.0,0.0,0.0,0.0,0.0,0.0,0.0,0.0,0.0,0.0,0.0,0.0,0.0,33.0,0
1.0,1.0,63.0,3.0,1.0,1.0,2.0,0.0,4.0,2.0,3.0,1.0,3.0,3969.0,3.0,2.0,1.0,0.0,30.0,0.0,2.0,0.0,2.0,2.0,2.0,2.0,0.0,6.0,8.0,6.0,2.0,0.0,0.0,2.0,2.0,2.0,2.0,5.0,1.0,1.0,1.0,1.0,0.0,1.0,0.0,1.0,1.0,33.0,0
1.0,2.0,33.0,1.0,4.0,1.0,2.0,0.0,2.0,1.0,1.0,1.0,2.0,1089.0,2.0,1.0,2.0,2.0,16.0,15.0,1.0,1.0,1.0,1.0,2.0,2.0,0.0,3.0,9.0,0.0,0.0,0.0,0.0,0.0,0.0,0.0,0.0,0.0,0.0,0.0,0.0,0.0,0.0,0.0,0.0,0.0,0.0,33.0,0
2.0,1.0,30.0,1.0,4.0,1.0,2.0,0.0,4.0,2.0,1.0,1.0,3.0,900.0,2.0,2.0,1.0,0.0,44.0,0.0,2.0,0.0,2.0,1.0,2.0,2.0,0.0,3.0,9.0,0.0,0.0,0.0,0.0,0.0,0.0,0.0,0.0,0.0,0.0,0.0,0.0,0.0,0.0,0.0,0.0,0.0,0.0,33.0,0
1.0,1.0,36.0,5.0,4.0,1.0,2.0,0.0,4.0,1.0,4.0,1.0,4.0,1296.0,3.0,3.0,1.0,0.0,54.0,0.0,1.0,1.0,1.0,1.0,2.0,2.0,0.0,8.0,11.0,6.0,2.0,0.0,0.0,2.0,2.0,2.0,2.0,5.0,2.0,2.0,2.0,2.0,5.0,2.0,2.0,1.0,4.0,33.0,1
1.0,1.0,61.0,2.0,1.0,1.0,2.0,0.0,4.0,1.0,1.0,1.0,4.0,3721.0,3.0,3.0,1.0,0.0,56.0,0.0,2.0,0.0,2.0,2.0,1.0,2.0,0.0,10.0,11.0,6.0,2.0,0.0,0.0,2.0,2.0,2.0,2.0,5.0,1.0,1.0,1.0,1.0,0.0,1.0,0.0,1.0,1.0,33.0,0
1.0,1.0,35.0,1.0,2.0,1.0,2.0,0.0,4.0,2.0,1.0,1.0,3.0,1225.0,3.0,2.0,1.0,0.0,45.0,0.0,2.0,0.0,2.0,2.0,2.0,2.0,0.0,11.0,11.0,6.0,2.0,0.0,0.0,2.0,2.0,2.0,2.0,5.0,1.0,1.0,1.0,1.0,0.0,1.0,0.0,1.0,1.0,33.0,0
1.0,2.0,30.0,3.0,1.0,1.0,2.0,0.0,6.0,1.0,1.0,1.0,6.0,900.0,3.0,2.0,2.0,2.0,20.0,20.0,2.0,0.0,2.0,2.0,2.0,2.0,0.0,9.0,11.0,5.0,2.0,0.0,0.0,2.0,2.0,2.0,1.0,0.0,1.0,1.0,1.0,1.0,0.0,1.0,0.0,1.0,1.0,33.0,0
3.0,1.0,19.0,5.0,1.0,1.0,2.0,0.0,4.0,1.0,1.0,1.0,4.0,361.0,3.0,2.0,1.0,0.0,45.0,0.0,2.0,0.0,2.0,2.0,1.0,2.0,0.0,8.0,11.0,4.0,2.0,0.0,0.0,2.0,2.0,2.0,2.0,5.0,1.0,1.0,1.0,1.0,0.0,1.0,0.0,1.0,1.0,33.0,0
5.0,1.0,24.0,5.0,2.0,1.0,2.0,0.0,3.0,2.0,1.0,1.0,2.0,576.0,3.0,1.0,1.0,0.0,32.0,0.0,1.0,1.0,1.0,1.0,2.0,2.0,0.0,2.0,11.0,5.0,2.0,0.0,0.0,1.0,2.0,2.0,2.0,0.0,2.0,2.0,2.0,2.0,5.0,2.0,2.0,1.0,4.0,33.0,1
1.0,2.0,73.0,4.0,1.0,1.0,2.0,0.0,6.0,1.0,3.0,1.0,6.0,5329.0,2.0,2.0,1.0,0.0,2.0,0.0,1.0,3.0,2.0,2.0,2.0,2.0,0.0,1.0,8.0,0.0,0.0,0.0,0.0,0.0,0.0,0.0,0.0,0.0,0.0,0.0,0.0,0.0,0.0,0.0,0.0,0.0,0.0,33.0,0
1.0,1.0,28.0,1.0,1.0,1.0,2.0,0.0,4.0,1.0,1.0,1.0,4.0,784.0,3.0,2.0,1.0,0.0,36.0,0.0,2.0,0.0,2.0,2.0,1.0,2.0,0.0,12.0,11.0,6.0,2.0,0.0,0.0,2.0,2.0,2.0,2.0,5.0,1.0,1.0,1.0,1.0,0.0,1.0,0.0,3.0,1.0,33.0,0
2.0,2.0,34.0,1.0,1.0,1.0,2.0,0.0,7.0,2.0,1.0,1.0,5.0,1156.0,3.0,2.0,1.0,0.0,40.0,0.0,2.0,0.0,2.0,2.0,1.0,2.0,0.0,12.0,11.0,6.0,2.0,0.0,0.0,2.0,2.0,2.0,2.0,5.0,1.0,1.0,1.0,1.0,0.0,1.0,0.0,1.0,1.0,33.0,0
1.0,1.0,32.0,2.0,1.0,1.0,1.0,1.0,7.0,2.0,1.0,1.0,5.0,1024.0,3.0,3.0,2.0,3.0,25.0,29.0,2.0,0.0,2.0,2.0,2.0,2.0,0.0,9.0,11.0,5.0,2.0,0.0,0.0,2.0,2.0,2.0,2.0,5.0,1.0,1.0,1.0,1.0,0.0,1.0,0.0,1.0,1.0,33.0,0
2.0,2.0,30.0,2.0,1.0,1.0,2.0,0.0,7.0,1.0,1.0,1.0,6.0,900.0,3.0,2.0,2.0,2.0,20.0,12.0,2.0,0.0,2.0,2.0,1.0,2.0,0.0,12.0,11.0,6.0,2.0,0.0,0.0,1.0,2.0,2.0,2.0,0.0,1.0,1.0,1.0,1.0,0.0,1.0,0.0,1.0,1.0,33.0,0
2.0,2.0,72.0,1.0,1.0,1.0,2.0,0.0,7.0,1.0,1.0,1.0,6.0,5184.0,3.0,2.0,1.0,0.0,4.0,0.0,2.0,0.0,2.0,2.0,2.0,2.0,0.0,9.0,11.0,6.0,2.0,0.0,0.0,2.0,2.0,2.0,2.0,5.0,2.0,2.0,2.0,2.0,5.0,2.0,2.0,1.0,4.0,33.0,1
1.0,2.0,47.0,5.0,4.0,1.0,2.0,0.0,4.0,1.0,1.0,1.0,4.0,2209.0,3.0,3.0,1.0,0.0,60.0,0.0,2.0,0.0,2.0,2.0,2.0,2.0,0.0,6.0,6.0,6.0,2.0,0.0,0.0,2.0,2.0,2.0,2.0,5.0,2.0,2.0,2.0,2.0,5.0,2.0,2.0,1.0,4.0,33.0,1
4.0,1.0,34.0,5.0,4.0,1.0,2.0,0.0,4.0,1.0,1.0,1.0,4.0,1156.0,3.0,3.0,1.0,0.0,64.0,0.0,2.0,0.0,2.0,2.0,2.0,2.0,0.0,2.0,5.0,5.0,2.0,0.0,0.0,2.0,2.0,2.0,2.0,5.0,2.0,2.0,2.0,2.0,5.0,2.0,2.0,1.0,4.0,33.0,1
8.0,1.0,67.0,5.0,4.0,1.0,2.0,0.0,2.0,1.0,4.0,1.0,2.0,4489.0,2.0,1.0,1.0,0.0,24.0,0.0,1.0,1.0,1.0,2.0,2.0,2.0,0.0,1.0,8.0,0.0,0.0,0.0,0.0,0.0,0.0,0.0,0.0,0.0,0.0,0.0,0.0,0.0,0.0,0.0,0.0,0.0,0.0,33.0,0
5.0,2.0,34.0,3.0,1.0,1.0,2.0,0.0,2.0,1.0,1.0,1.0,2.0,1156.0,3.0,4.0,0.0,0.0,0.0,0.0,2.0,0.0,2.0,2.0,1.0,2.0,0.0,8.0,11.0,3.0,2.0,0.0,0.0,1.0,2.0,1.0,2.0,0.0,1.0,1.0,1.0,1.0,0.0,1.0,0.0,1.0,1.0,33.0,0
1.0,1.0,30.0,1.0,4.0,1.0,2.0,0.0,4.0,1.0,1.0,1.0,4.0,900.0,2.0,2.0,1.0,0.0,40.0,0.0,1.0,1.0,1.0,1.0,2.0,2.0,0.0,2.0,5.0,0.0,0.0,0.0,0.0,0.0,0.0,0.0,0.0,0.0,0.0,0.0,0.0,0.0,0.0,0.0,0.0,0.0,0.0,33.0,0
10.0,2.0,40.0,3.0,4.0,1.0,2.0,0.0,6.0,1.0,2.0,1.0,6.0,1600.0,2.0,2.0,1.0,0.0,36.0,0.0,2.0,0.0,2.0,2.0,2.0,2.0,0.0,1.0,6.0,0.0,0.0,0.0,0.0,0.0,0.0,0.0,0.0,0.0,0.0,0.0,0.0,0.0,0.0,0.0,0.0,0.0,0.0,33.0,0
4.0,1.0,27.0,1.0,4.0,1.0,2.0,0.0,4.0,1.0,3.0,1.0,4.0,729.0,3.0,2.0,1.0,0.0,45.0,0.0,2.0,0.0,2.0,2.0,2.0,2.0,0.0,6.0,8.0,5.0,2.0,0.0,0.0,2.0,2.0,2.0,2.0,5.0,2.0,2.0,2.0,2.0,5.0,2.0,2.0,1.0,4.0,33.0,1
1.0,2.0,58.0,2.0,4.0,1.0,2.0,0.0,4.0,2.0,1.0,1.0,3.0,3364.0,2.0,1.0,1.0,0.0,9.0,0.0,1.0,1.0,1.0,2.0,2.0,2.0,0.0,1.0,6.0,0.0,0.0,0.0,0.0,0.0,0.0,0.0,0.0,0.0,0.0,0.0,0.0,0.0,0.0,0.0,0.0,0.0,0.0,33.0,0
2.0,1.0,55.0,2.0,4.0,1.0,2.0,0.0,2.0,1.0,1.0,1.0,2.0,3025.0,2.0,2.0,1.0,0.0,45.0,0.0,2.0,0.0,2.0,1.0,2.0,2.0,0.0,1.0,4.0,0.0,0.0,0.0,0.0,0.0,0.0,0.0,0.0,0.0,0.0,0.0,0.0,0.0,0.0,0.0,0.0,0.0,0.0,33.0,0
3.0,1.0,34.0,5.0,1.0,1.0,2.0,0.0,4.0,1.0,1.0,1.0,4.0,1156.0,3.0,2.0,1.0,0.0,40.0,0.0,2.0,0.0,2.0,2.0,2.0,2.0,0.0,2.0,8.0,5.0,9.0,9.0,4.0,2.0,2.0,2.0,2.0,5.0,1.0,1.0,1.0,1.0,0.0,1.0,0.0,1.0,3.0,33.0,0
1.0,1.0,57.0,5.0,4.0,1.0,1.0,1.0,7.0,2.0,1.0,1.0,5.0,3249.0,2.0,1.0,1.0,0.0,18.0,0.0,1.0,1.0,1.0,1.0,2.0,2.0,0.0,1.0,8.0,0.0,0.0,0.0,0.0,0.0,0.0,0.0,0.0,0.0,0.0,0.0,0.0,0.0,0.0,0.0,0.0,0.0,0.0,33.0,0
3.0,2.0,48.0,1.0,1.0,1.0,2.0,0.0,7.0,2.0,1.0,1.0,5.0,2304.0,3.0,2.0,1.0,0.0,40.0,0.0,2.0,0.0,2.0,2.0,1.0,2.0,0.0,12.0,11.0,6.0,2.0,0.0,0.0,2.0,2.0,2.0,2.0,5.0,1.0,1.0,1.0,1.0,0.0,1.0,0.0,1.0,1.0,33.0,0
4.0,1.0,49.0,1.0,4.0,1.0,2.0,0.0,4.0,1.0,1.0,1.0,4.0,2401.0,3.0,3.0,1.0,0.0,56.0,0.0,2.0,0.0,2.0,2.0,2.0,2.0,0.0,99.0,4.0,5.0,9.0,9.0,4.0,2.0,2.0,2.0,2.0,5.0,2.0,2.0,2.0,2.0,5.0,2.0,2.0,3.0,4.0,33.0,1
3.0,2.0,28.0,3.0,4.0,1.0,2.0,0.0,4.0,1.0,1.0,1.0,4.0,784.0,3.0,2.0,1.0,0.0,42.0,0.0,2.0,0.0,2.0,2.0,2.0,2.0,0.0,99.0,11.0,3.0,9.0,9.0,4.0,2.0,2.0,2.0,2.0,5.0,2.0,2.0,2.0,2.0,5.0,2.0,2.0,1.0,4.0,33.0,1
1.0,1.0,62.0,1.0,4.0,1.0,2.0,0.0,2.0,1.0,3.0,1.0,2.0,3844.0,3.0,2.0,1.0,0.0,45.0,0.0,2.0,0.0,2.0,2.0,2.0,2.0,0.0,2.0,8.0,6.0,1.0,1.0,4.0,2.0,2.0,2.0,2.0,5.0,2.0,2.0,2.0,2.0,5.0,2.0,2.0,1.0,4.0,33.0,1
1.0,1.0,44.0,2.0,1.0,1.0,2.0,0.0,2.0,1.0,1.0,1.0,2.0,1936.0,3.0,2.0,1.0,0.0,40.0,0.0,2.0,0.0,2.0,2.0,2.0,2.0,0.0,8.0,11.0,6.0,2.0,0.0,0.0,2.0,2.0,2.0,2.0,5.0,1.0,1.0,1.0,1.0,0.0,1.0,0.0,1.0,1.0,32.0,0
2.0,2.0,51.0,2.0,1.0,1.0,2.0,0.0,4.0,1.0,1.0,1.0,4.0,2601.0,3.0,2.0,1.0,0.0,40.0,0.0,2.0,0.0,2.0,2.0,2.0,2.0,0.0,8.0,11.0,6.0,2.0,0.0,0.0,2.0,2.0,2.0,2.0,5.0,1.0,1.0,1.0,1.0,0.0,1.0,0.0,1.0,1.0,32.0,0
3.0,2.0,58.0,5.0,1.0,1.0,2.0,0.0,6.0,1.0,1.0,1.0,6.0,3364.0,3.0,2.0,1.0,0.0,24.0,0.0,2.0,0.0,2.0,2.0,2.0,2.0,0.0,12.0,11.0,6.0,2.0,0.0,0.0,2.0,2.0,2.0,2.0,5.0,1.0,1.0,1.0,1.0,0.0,1.0,0.0,1.0,1.0,33.0,0
1.0,1.0,48.0,3.0,1.0,1.0,2.0,0.0,7.0,1.0,1.0,1.0,6.0,2304.0,3.0,2.0,1.0,0.0,44.0,0.0,1.0,1.0,1.0,2.0,2.0,2.0,0.0,12.0,11.0,6.0,2.0,0.0,0.0,2.0,2.0,2.0,2.0,5.0,1.0,1.0,1.0,1.0,0.0,1.0,0.0,2.0,1.0,33.0,0
1.0,1.0,37.0,2.0,1.0,1.0,2.0,0.0,4.0,1.0,1.0,1.0,4.0,1369.0,3.0,2.0,1.0,0.0,45.0,0.0,2.0,0.0,2.0,2.0,2.0,2.0,0.0,99.0,11.0,6.0,2.0,0.0,0.0,2.0,2.0,2.0,2.0,5.0,1.0,1.0,1.0,1.0,0.0,1.0,0.0,1.0,1.0,33.0,0
3.0,2.0,28.0,5.0,4.0,1.0,1.0,2.0,7.0,2.0,1.0,1.0,5.0,784.0,3.0,2.0,1.0,0.0,40.0,0.0,1.0,9.0,9.0,9.0,2.0,2.0,0.0,99.0,11.0,1.0,1.0,9.0,3.0,2.0,2.0,2.0,2.0,5.0,2.0,2.0,2.0,2.0,5.0,2.0,2.0,1.0,5.0,32.0,1
1.0,2.0,44.0,5.0,1.0,1.0,2.0,0.0,7.0,1.0,1.0,1.0,6.0,1936.0,3.0,2.0,1.0,0.0,40.0,0.0,2.0,0.0,1.0,2.0,1.0,2.0,0.0,11.0,10.0,5.0,1.0,5.0,2.0,2.0,2.0,2.0,2.0,5.0,1.0,2.0,1.0,1.0,0.0,2.0,1.0,1.0,3.0,32.0,1
3.0,2.0,19.0,5.0,1.0,1.0,1.0,1.0,7.0,2.0,1.0,1.0,5.0,361.0,2.0,2.0,1.0,0.0,15.0,0.0,2.0,0.0,2.0,2.0,2.0,2.0,0.0,2.0,10.0,0.0,0.0,0.0,0.0,0.0,0.0,0.0,0.0,0.0,0.0,0.0,0.0,0.0,0.0,0.0,0.0,0.0,0.0,32.0,0
1.0,1.0,51.0,2.0,1.0,1.0,2.0,0.0,7.0,2.0,1.0,1.0,5.0,2601.0,3.0,2.0,1.0,0.0,45.0,0.0,2.0,0.0,2.0,2.0,2.0,2.0,0.0,9.0,11.0,6.0,2.0,0.0,0.0,2.0,2.0,2.0,1.0,0.0,1.0,1.0,1.0,1.0,0.0,1.0,0.0,1.0,1.0,33.0,0
2.0,2.0,57.0,2.0,1.0,1.0,2.0,0.0,7.0,2.0,1.0,1.0,5.0,3249.0,3.0,4.0,0.0,0.0,0.0,0.0,2.0,0.0,2.0,2.0,2.0,2.0,0.0,9.0,11.0,6.0,2.0,0.0,0.0,2.0,2.0,2.0,1.0,0.0,1.0,1.0,1.0,1.0,0.0,1.0,0.0,1.0,1.0,33.0,0
1.0,2.0,47.0,3.0,1.0,1.0,2.0,0.0,6.0,1.0,1.0,1.0,6.0,2209.0,3.0,2.0,2.0,4.0,16.0,5.0,2.0,0.0,2.0,2.0,1.0,2.0,0.0,7.0,11.0,6.0,2.0,0.0,0.0,2.0,2.0,2.0,2.0,5.0,1.0,1.0,1.0,1.0,0.0,1.0,0.0,1.0,1.0,33.0,0
1.0,1.0,50.0,2.0,1.0,1.0,2.0,0.0,4.0,1.0,3.0,1.0,4.0,2500.0,3.0,2.0,1.0,0.0,32.0,0.0,2.0,0.0,2.0,2.0,1.0,2.0,0.0,11.0,9.0,6.0,2.0,0.0,0.0,2.0,2.0,2.0,2.0,5.0,1.0,1.0,1.0,1.0,0.0,1.0,0.0,2.0,1.0,33.0,0
3.0,2.0,32.0,3.0,1.0,1.0,2.0,0.0,4.0,1.0,1.0,1.0,4.0,1024.0,3.0,2.0,1.0,0.0,36.0,0.0,2.0,0.0,2.0,2.0,1.0,2.0,0.0,6.0,11.0,6.0,2.0,0.0,0.0,2.0,2.0,2.0,2.0,5.0,1.0,1.0,1.0,1.0,0.0,1.0,0.0,1.0,1.0,33.0,0
3.0,2.0,23.0,1.0,1.0,1.0,1.0,1.0,7.0,2.0,3.0,1.0,5.0,529.0,3.0,2.0,1.0,0.0,25.0,0.0,2.0,0.0,2.0,2.0,2.0,2.0,0.0,1.0,11.0,4.0,1.0,1.0,4.0,2.0,2.0,2.0,2.0,5.0,2.0,2.0,2.0,1.0,0.0,2.0,1.0,1.0,3.0,33.0,1
1.0,1.0,50.0,2.0,2.0,1.0,2.0,0.0,7.0,1.0,1.0,1.0,6.0,2500.0,3.0,2.0,1.0,0.0,45.0,0.0,2.0,0.0,2.0,2.0,2.0,2.0,0.0,9.0,12.0,2.0,2.0,0.0,0.0,2.0,2.0,2.0,2.0,5.0,1.0,1.0,1.0,1.0,0.0,1.0,0.0,1.0,1.0,32.0,0
2.0,2.0,52.0,2.0,2.0,1.0,2.0,0.0,6.0,1.0,1.0,1.0,6.0,2704.0,2.0,2.0,1.0,0.0,35.0,0.0,2.0,0.0,2.0,2.0,2.0,2.0,0.0,1.0,12.0,0.0,0.0,0.0,0.0,0.0,0.0,0.0,0.0,0.0,0.0,0.0,0.0,0.0,0.0,0.0,0.0,0.0,0.0,32.0,0
4.0,1.0,47.0,1.0,4.0,1.0,2.0,0.0,2.0,2.0,1.0,1.0,1.0,2209.0,3.0,3.0,1.0,0.0,60.0,0.0,2.0,0.0,2.0,1.0,2.0,2.0,0.0,4.0,8.0,5.0,1.0,9.0,4.0,2.0,2.0,2.0,2.0,5.0,2.0,2.0,2.0,2.0,5.0,2.0,2.0,1.0,4.0,33.0,1
5.0,1.0,18.0,5.0,4.0,1.0,1.0,1.0,4.0,2.0,1.0,1.0,3.0,324.0,3.0,1.0,1.0,0.0,4.0,0.0,1.0,1.0,1.0,2.0,2.0,2.0,0.0,3.0,11.0,1.0,1.0,1.0,4.0,2.0,2.0,2.0,2.0,5.0,2.0,2.0,2.0,2.0,5.0,2.0,2.0,1.0,4.0,33.0,1
1.0,2.0,48.0,5.0,1.0,1.0,2.0,0.0,7.0,1.0,3.0,1.0,6.0,2304.0,3.0,2.0,1.0,0.0,32.0,0.0,2.0,0.0,2.0,2.0,1.0,2.0,0.0,12.0,11.0,6.0,2.0,0.0,0.0,1.0,2.0,2.0,2.0,0.0,1.0,1.0,1.0,1.0,0.0,1.0,0.0,1.0,1.0,32.0,0
3.0,1.0,23.0,5.0,1.0,1.0,1.0,1.0,6.0,2.0,3.0,1.0,5.0,529.0,2.0,3.0,1.0,0.0,54.0,0.0,2.0,0.0,2.0,2.0,2.0,2.0,0.0,99.0,6.0,0.0,0.0,0.0,0.0,0.0,0.0,0.0,0.0,0.0,0.0,0.0,0.0,0.0,0.0,0.0,0.0,0.0,0.0,32.0,0
3.0,2.0,20.0,5.0,1.0,1.0,1.0,1.0,7.0,2.0,3.0,1.0,5.0,400.0,3.0,3.0,1.0,0.0,48.0,0.0,2.0,0.0,2.0,2.0,2.0,2.0,0.0,12.0,11.0,5.0,2.0,0.0,0.0,1.0,2.0,2.0,2.0,0.0,1.0,1.0,1.0,1.0,0.0,1.0,0.0,3.0,1.0,32.0,0
1.0,1.0,68.0,3.0,1.0,1.0,2.0,0.0,8.0,1.0,1.0,1.0,6.0,4624.0,3.0,2.0,2.0,3.0,30.0,15.0,2.0,0.0,2.0,2.0,2.0,2.0,0.0,12.0,11.0,6.0,2.0,0.0,0.0,1.0,2.0,2.0,2.0,0.0,2.0,2.0,2.0,1.0,0.0,2.0,1.0,1.0,3.0,32.0,1
1.0,1.0,59.0,2.0,1.0,1.0,2.0,0.0,4.0,1.0,5.0,1.0,4.0,3481.0,3.0,3.0,1.0,0.0,56.0,0.0,2.0,0.0,2.0,1.0,2.0,2.0,0.0,12.0,4.0,6.0,2.0,0.0,0.0,2.0,2.0,2.0,2.0,5.0,2.0,2.0,2.0,2.0,5.0,2.0,1.0,1.0,3.0,32.0,1
2.0,2.0,54.0,2.0,1.0,1.0,2.0,0.0,7.0,1.0,5.0,1.0,6.0,2916.0,3.0,2.0,1.0,0.0,40.0,0.0,1.0,1.0,2.0,2.0,2.0,2.0,0.0,8.0,11.0,6.0,2.0,0.0,0.0,2.0,2.0,2.0,2.0,5.0,1.0,1.0,1.0,1.0,0.0,1.0,0.0,1.0,1.0,32.0,0
2.0,2.0,49.0,1.0,1.0,1.0,2.0,0.0,4.0,2.0,1.0,1.0,3.0,2401.0,3.0,1.0,1.0,0.0,7.0,0.0,1.0,1.0,1.0,1.0,2.0,2.0,0.0,99.0,6.0,3.0,1.0,9.0,4.0,2.0,2.0,2.0,2.0,5.0,2.0,2.0,2.0,2.0,5.0,2.0,2.0,1.0,4.0,33.0,1
3.0,2.0,55.0,3.0,1.0,1.0,2.0,0.0,6.0,1.0,1.0,1.0,6.0,3025.0,3.0,2.0,1.0,0.0,42.0,0.0,2.0,0.0,2.0,2.0,1.0,2.0,0.0,9.0,11.0,6.0,2.0,0.0,0.0,2.0,2.0,2.0,2.0,5.0,1.0,1.0,1.0,1.0,0.0,1.0,0.0,1.0,1.0,33.0,0
2.0,1.0,69.0,2.0,1.0,1.0,2.0,0.0,2.0,2.0,3.0,1.0,1.0,4761.0,3.0,2.0,1.0,0.0,40.0,0.0,2.0,0.0,2.0,2.0,2.0,2.0,0.0,1.0,4.0,5.0,2.0,0.0,0.0,2.0,2.0,2.0,2.0,5.0,2.0,2.0,2.0,2.0,5.0,2.0,2.0,1.0,4.0,33.0,1
3.0,1.0,37.0,5.0,4.0,1.0,2.0,0.0,4.0,2.0,2.0,1.0,3.0,1369.0,2.0,1.0,1.0,0.0,40.0,0.0,1.0,1.0,1.0,1.0,2.0,2.0,0.0,1.0,8.0,0.0,0.0,0.0,0.0,0.0,0.0,0.0,0.0,0.0,0.0,0.0,0.0,0.0,0.0,0.0,0.0,0.0,0.0,33.0,0
4.0,1.0,23.0,1.0,1.0,1.0,2.0,0.0,4.0,1.0,1.0,1.0,4.0,529.0,3.0,3.0,1.0,0.0,60.0,0.0,2.0,0.0,2.0,2.0,2.0,2.0,0.0,99.0,11.0,5.0,2.0,0.0,0.0,2.0,2.0,2.0,2.0,5.0,2.0,2.0,2.0,1.0,0.0,2.0,1.0,2.0,3.0,33.0,1
4.0,1.0,22.0,1.0,1.0,1.0,2.0,0.0,4.0,1.0,1.0,1.0,4.0,484.0,3.0,3.0,1.0,0.0,48.0,0.0,2.0,0.0,2.0,2.0,1.0,2.0,0.0,6.0,11.0,4.0,2.0,0.0,0.0,2.0,2.0,2.0,2.0,5.0,1.0,1.0,1.0,1.0,0.0,1.0,0.0,3.0,1.0,33.0,0
1.0,1.0,53.0,1.0,1.0,1.0,2.0,0.0,6.0,2.0,1.0,1.0,5.0,2809.0,1.0,3.0,1.0,0.0,48.0,0.0,1.0,1.0,1.0,2.0,2.0,2.0,0.0,5.0,11.0,0.0,0.0,0.0,0.0,0.0,0.0,0.0,0.0,0.0,0.0,0.0,0.0,0.0,0.0,0.0,0.0,0.0,0.0,33.0,0
1.0,2.0,59.0,3.0,1.0,1.0,2.0,0.0,6.0,1.0,1.0,1.0,6.0,3481.0,2.0,1.0,1.0,0.0,3.0,0.0,1.0,1.0,2.0,2.0,2.0,2.0,0.0,1.0,12.0,0.0,0.0,0.0,0.0,0.0,0.0,0.0,0.0,0.0,0.0,0.0,0.0,0.0,0.0,0.0,0.0,0.0,0.0,33.0,0
1.0,2.0,29.0,5.0,1.0,1.0,2.0,0.0,7.0,2.0,1.0,1.0,5.0,841.0,3.0,2.0,1.0,0.0,30.0,0.0,2.0,0.0,2.0,2.0,2.0,2.0,0.0,12.0,11.0,5.0,2.0,0.0,0.0,2.0,2.0,2.0,2.0,5.0,1.0,1.0,1.0,1.0,0.0,1.0,0.0,1.0,1.0,33.0,0
1.0,2.0,54.0,4.0,1.0,1.0,2.0,0.0,6.0,1.0,1.0,1.0,6.0,2916.0,3.0,2.0,2.0,4.0,11.0,28.0,2.0,0.0,2.0,2.0,1.0,2.0,0.0,99.0,11.0,4.0,1.0,5.0,4.0,2.0,2.0,2.0,2.0,5.0,1.0,1.0,1.0,1.0,0.0,1.0,0.0,1.0,1.0,33.0,0
3.0,1.0,23.0,5.0,4.0,1.0,2.0,0.0,4.0,1.0,1.0,1.0,4.0,529.0,3.0,1.0,1.0,0.0,10.0,0.0,1.0,1.0,1.0,1.0,2.0,2.0,0.0,99.0,4.0,1.0,1.0,9.0,4.0,2.0,2.0,2.0,2.0,5.0,2.0,2.0,2.0,2.0,5.0,2.0,2.0,1.0,4.0,33.0,1
1.0,1.0,18.0,1.0,4.0,1.0,2.0,0.0,4.0,2.0,1.0,1.0,3.0,324.0,2.0,2.0,1.0,0.0,42.0,0.0,1.0,1.0,1.0,1.0,2.0,2.0,0.0,1.0,12.0,0.0,0.0,0.0,0.0,0.0,0.0,0.0,0.0,0.0,0.0,0.0,0.0,0.0,0.0,0.0,0.0,0.0,0.0,33.0,0
2.0,2.0,19.0,1.0,4.0,1.0,2.0,0.0,4.0,1.0,1.0,1.0,4.0,361.0,3.0,1.0,1.0,0.0,20.0,0.0,1.0,1.0,1.0,2.0,2.0,2.0,0.0,4.0,11.0,4.0,2.0,0.0,0.0,2.0,2.0,2.0,2.0,5.0,2.0,2.0,2.0,2.0,5.0,1.0,0.0,2.0,4.0,33.0,0
1.0,1.0,64.0,3.0,4.0,1.0,2.0,0.0,2.0,1.0,4.0,1.0,2.0,4096.0,2.0,3.0,1.0,0.0,72.0,0.0,2.0,0.0,2.0,2.0,2.0,2.0,0.0,1.0,4.0,0.0,0.0,0.0,0.0,0.0,0.0,0.0,0.0,0.0,0.0,0.0,0.0,0.0,0.0,0.0,0.0,0.0,0.0,33.0,0
1.0,2.0,33.0,1.0,1.0,1.0,2.0,0.0,6.0,1.0,1.0,1.0,6.0,1089.0,1.0,3.0,1.0,0.0,60.0,0.0,2.0,0.0,2.0,2.0,2.0,2.0,0.0,6.0,12.0,0.0,0.0,0.0,0.0,0.0,0.0,0.0,0.0,0.0,0.0,0.0,0.0,0.0,0.0,0.0,0.0,0.0,0.0,33.0,0
1.0,1.0,20.0,1.0,4.0,1.0,2.0,0.0,4.0,2.0,1.0,1.0,3.0,400.0,3.0,2.0,1.0,0.0,40.0,0.0,1.0,1.0,1.0,1.0,2.0,2.0,0.0,2.0,8.0,1.0,2.0,0.0,0.0,1.0,2.0,2.0,2.0,0.0,2.0,2.0,2.0,2.0,5.0,2.0,2.0,1.0,4.0,33.0,1
1.0,1.0,43.0,1.0,2.0,1.0,2.0,0.0,4.0,2.0,1.0,1.0,3.0,1849.0,2.0,2.0,1.0,0.0,40.0,0.0,2.0,0.0,2.0,2.0,2.0,2.0,0.0,1.0,11.0,0.0,0.0,0.0,0.0,0.0,0.0,0.0,0.0,0.0,0.0,0.0,0.0,0.0,0.0,0.0,0.0,0.0,0.0,33.0,0
2.0,2.0,44.0,1.0,2.0,1.0,2.0,0.0,7.0,1.0,1.0,1.0,6.0,1936.0,3.0,2.0,1.0,0.0,40.0,0.0,2.0,0.0,2.0,2.0,2.0,2.0,0.0,10.0,11.0,6.0,2.0,0.0,0.0,2.0,2.0,2.0,2.0,5.0,1.0,1.0,1.0,1.0,0.0,1.0,0.0,1.0,1.0,33.0,0
1.0,1.0,65.0,2.0,1.0,1.0,2.0,0.0,4.0,1.0,3.0,1.0,4.0,4225.0,2.0,2.0,1.0,0.0,25.0,0.0,2.0,0.0,2.0,2.0,2.0,2.0,0.0,1.0,4.0,0.0,0.0,0.0,0.0,0.0,0.0,0.0,0.0,0.0,0.0,0.0,0.0,0.0,0.0,0.0,0.0,0.0,0.0,33.0,0
2.0,2.0,59.0,2.0,2.0,1.0,2.0,0.0,4.0,1.0,1.0,1.0,4.0,3481.0,3.0,2.0,1.0,0.0,45.0,0.0,2.0,0.0,2.0,2.0,2.0,2.0,0.0,12.0,11.0,6.0,2.0,0.0,0.0,2.0,2.0,2.0,2.0,5.0,1.0,1.0,1.0,1.0,0.0,1.0,0.0,1.0,1.0,33.0,0
2.0,1.0,31.0,1.0,4.0,1.0,2.0,0.0,4.0,1.0,1.0,1.0,4.0,961.0,3.0,1.0,1.0,0.0,30.0,0.0,1.0,1.0,1.0,1.0,2.0,2.0,0.0,2.0,8.0,5.0,1.0,1.0,4.0,1.0,2.0,2.0,2.0,0.0,2.0,2.0,2.0,2.0,5.0,2.0,2.0,1.0,4.0,33.0,1
3.0,1.0,25.0,5.0,1.0,1.0,2.0,0.0,4.0,1.0,1.0,1.0,4.0,625.0,3.0,3.0,1.0,0.0,48.0,0.0,2.0,0.0,2.0,2.0,2.0,2.0,0.0,99.0,11.0,6.0,2.0,0.0,0.0,2.0,2.0,2.0,2.0,5.0,1.0,1.0,1.0,1.0,0.0,1.0,0.0,1.0,1.0,33.0,0
3.0,1.0,19.0,5.0,1.0,1.0,1.0,1.0,7.0,2.0,1.0,1.0,5.0,361.0,2.0,2.0,1.0,0.0,6.0,0.0,2.0,0.0,2.0,2.0,2.0,2.0,0.0,2.0,6.0,0.0,0.0,0.0,0.0,0.0,0.0,0.0,0.0,0.0,0.0,0.0,0.0,0.0,0.0,0.0,0.0,0.0,0.0,33.0,0
1.0,1.0,46.0,1.0,1.0,1.0,2.0,0.0,4.0,1.0,3.0,1.0,4.0,2116.0,3.0,3.0,1.0,0.0,60.0,0.0,2.0,0.0,2.0,2.0,2.0,2.0,0.0,10.0,11.0,6.0,2.0,0.0,0.0,2.0,2.0,2.0,2.0,5.0,1.0,1.0,1.0,1.0,0.0,1.0,0.0,1.0,1.0,33.0,0
2.0,2.0,30.0,1.0,1.0,1.0,2.0,0.0,4.0,1.0,4.0,1.0,4.0,900.0,3.0,2.0,1.0,0.0,30.0,0.0,2.0,0.0,2.0,2.0,2.0,2.0,0.0,7.0,11.0,5.0,2.0,0.0,0.0,1.0,2.0,2.0,2.0,0.0,1.0,1.0,1.0,1.0,0.0,1.0,0.0,2.0,1.0,33.0,0
1.0,2.0,23.0,5.0,1.0,1.0,1.0,1.0,7.0,2.0,2.0,2.0,5.0,529.0,3.0,2.0,1.0,0.0,36.0,0.0,2.0,0.0,2.0,2.0,2.0,2.0,0.0,11.0,6.0,5.0,2.0,0.0,0.0,2.0,2.0,2.0,2.0,5.0,1.0,1.0,1.0,1.0,0.0,1.0,0.0,1.0,1.0,32.0,0
1.0,2.0,58.0,2.0,1.0,1.0,2.0,0.0,4.0,1.0,1.0,1.0,4.0,3364.0,3.0,3.0,2.0,4.0,40.0,7.0,1.0,3.0,2.0,2.0,2.0,1.0,4.0,0.0,0.0,0.0,0.0,0.0,0.0,1.0,2.0,2.0,2.0,0.0,1.0,1.0,1.0,1.0,0.0,1.0,0.0,1.0,1.0,32.0,0
1.0,1.0,56.0,5.0,1.0,1.0,2.0,0.0,6.0,1.0,1.0,1.0,6.0,3136.0,3.0,2.0,1.0,0.0,35.0,0.0,2.0,0.0,2.0,1.0,2.0,2.0,0.0,12.0,11.0,6.0,2.0,0.0,0.0,2.0,2.0,2.0,2.0,5.0,1.0,1.0,1.0,1.0,0.0,1.0,0.0,1.0,1.0,32.0,0
2.0,1.0,52.0,2.0,1.0,1.0,2.0,0.0,4.0,1.0,1.0,1.0,4.0,2704.0,3.0,3.0,1.0,0.0,50.0,0.0,1.0,1.0,1.0,2.0,2.0,2.0,0.0,4.0,4.0,6.0,2.0,0.0,0.0,1.0,2.0,2.0,1.0,0.0,1.0,1.0,1.0,1.0,0.0,1.0,0.0,1.0,1.0,33.0,0
1.0,1.0,65.0,3.0,4.0,1.0,2.0,0.0,2.0,1.0,3.0,1.0,2.0,4225.0,2.0,2.0,1.0,0.0,16.0,0.0,2.0,0.0,2.0,2.0,2.0,2.0,0.0,1.0,4.0,0.0,0.0,0.0,0.0,0.0,0.0,0.0,0.0,0.0,0.0,0.0,0.0,0.0,0.0,0.0,0.0,0.0,0.0,33.0,0
1.0,2.0,46.0,3.0,1.0,1.0,2.0,0.0,2.0,1.0,3.0,1.0,2.0,2116.0,3.0,3.0,1.0,0.0,50.0,0.0,2.0,0.0,2.0,2.0,2.0,1.0,1.0,0.0,0.0,0.0,0.0,0.0,0.0,1.0,2.0,2.0,2.0,0.0,1.0,1.0,1.0,1.0,0.0,1.0,0.0,1.0,1.0,33.0,0
3.0,1.0,22.0,5.0,4.0,1.0,2.0,0.0,4.0,2.0,1.0,1.0,3.0,484.0,3.0,3.0,1.0,0.0,48.0,0.0,2.0,0.0,2.0,2.0,2.0,2.0,0.0,7.0,11.0,5.0,2.0,0.0,0.0,2.0,2.0,2.0,2.0,5.0,2.0,1.0,2.0,2.0,0.0,2.0,2.0,1.0,2.0,33.0,1
1.0,2.0,36.0,1.0,4.0,1.0,2.0,0.0,2.0,1.0,1.0,1.0,2.0,1296.0,3.0,2.0,1.0,0.0,20.0,0.0,2.0,0.0,2.0,2.0,2.0,1.0,1.0,0.0,0.0,0.0,0.0,0.0,0.0,1.0,2.0,2.0,2.0,0.0,2.0,2.0,2.0,2.0,5.0,2.0,2.0,1.0,4.0,33.0,1
3.0,1.0,28.0,5.0,4.0,1.0,1.0,1.0,4.0,2.0,1.0,1.0,3.0,784.0,3.0,2.0,1.0,0.0,28.0,0.0,2.0,0.0,2.0,1.0,2.0,2.0,0.0,2.0,9.0,2.0,2.0,0.0,0.0,1.0,2.0,2.0,2.0,0.0,2.0,2.0,2.0,2.0,5.0,2.0,2.0,1.0,4.0,33.0,1
3.0,1.0,18.0,5.0,4.0,1.0,2.0,0.0,4.0,1.0,1.0,1.0,4.0,324.0,3.0,2.0,1.0,0.0,20.0,0.0,2.0,0.0,2.0,2.0,2.0,2.0,0.0,99.0,11.0,2.0,2.0,0.0,0.0,2.0,2.0,2.0,2.0,5.0,2.0,2.0,2.0,2.0,5.0,2.0,2.0,1.0,4.0,33.0,1
2.0,1.0,35.0,1.0,4.0,1.0,2.0,0.0,4.0,1.0,1.0,1.0,4.0,1225.0,3.0,3.0,1.0,0.0,56.0,0.0,2.0,0.0,2.0,2.0,2.0,2.0,0.0,12.0,3.0,3.0,2.0,0.0,0.0,2.0,2.0,2.0,2.0,5.0,2.0,2.0,2.0,2.0,5.0,2.0,2.0,3.0,4.0,33.0,1
1.0,2.0,33.0,5.0,4.0,1.0,1.0,1.0,4.0,2.0,1.0,1.0,3.0,1089.0,3.0,1.0,1.0,0.0,24.0,0.0,1.0,1.0,1.0,1.0,2.0,1.0,1.0,0.0,0.0,0.0,0.0,0.0,0.0,2.0,2.0,2.0,2.0,5.0,2.0,2.0,2.0,2.0,5.0,2.0,2.0,1.0,4.0,33.0,1
1.0,1.0,60.0,2.0,1.0,1.0,2.0,0.0,2.0,1.0,1.0,1.0,2.0,3600.0,2.0,1.0,2.0,2.0,28.0,6.0,1.0,1.0,1.0,1.0,2.0,2.0,0.0,3.0,11.0,0.0,0.0,0.0,0.0,0.0,0.0,0.0,0.0,0.0,0.0,0.0,0.0,0.0,0.0,0.0,0.0,0.0,0.0,33.0,0
2.0,2.0,59.0,2.0,1.0,1.0,2.0,0.0,4.0,1.0,1.0,1.0,4.0,3481.0,2.0,3.0,1.0,0.0,84.0,0.0,2.0,0.0,2.0,2.0,2.0,2.0,0.0,3.0,11.0,0.0,0.0,0.0,0.0,0.0,0.0,0.0,0.0,0.0,0.0,0.0,0.0,0.0,0.0,0.0,0.0,0.0,0.0,33.0,0
3.0,1.0,29.0,5.0,1.0,1.0,2.0,0.0,4.0,1.0,1.0,1.0,4.0,841.0,2.0,2.0,1.0,0.0,15.0,0.0,2.0,0.0,2.0,1.0,2.0,2.0,0.0,3.0,11.0,0.0,0.0,0.0,0.0,0.0,0.0,0.0,0.0,0.0,0.0,0.0,0.0,0.0,0.0,0.0,0.0,0.0,0.0,33.0,0
3.0,1.0,42.0,5.0,4.0,1.0,2.0,0.0,4.0,2.0,1.0,1.0,3.0,1764.0,3.0,3.0,1.0,0.0,50.0,0.0,2.0,0.0,2.0,2.0,2.0,2.0,0.0,3.0,5.0,3.0,9.0,1.0,4.0,2.0,2.0,2.0,2.0,5.0,2.0,2.0,2.0,2.0,5.0,2.0,2.0,1.0,4.0,33.0,1
1.0,2.0,48.0,5.0,12.0,1.0,2.0,0.0,8.0,1.0,3.0,3.0,6.0,2304.0,3.0,2.0,2.0,3.0,32.0,13.0,2.0,0.0,2.0,1.0,1.0,2.0,0.0,12.0,11.0,6.0,2.0,0.0,0.0,2.0,2.0,2.0,2.0,5.0,1.0,1.0,1.0,1.0,0.0,1.0,0.0,1.0,1.0,32.0,0
1.0,1.0,58.0,2.0,1.0,1.0,2.0,0.0,7.0,1.0,1.0,1.0,6.0,3364.0,3.0,2.0,1.0,0.0,32.0,0.0,2.0,0.0,2.0,2.0,2.0,2.0,0.0,12.0,6.0,6.0,2.0,0.0,0.0,1.0,2.0,1.0,2.0,0.0,1.0,1.0,1.0,1.0,0.0,1.0,0.0,1.0,1.0,32.0,0
2.0,2.0,52.0,2.0,1.0,1.0,2.0,0.0,7.0,1.0,1.0,1.0,6.0,2704.0,3.0,2.0,1.0,0.0,24.0,0.0,2.0,0.0,2.0,2.0,2.0,2.0,0.0,99.0,11.0,6.0,2.0,0.0,0.0,1.0,2.0,2.0,2.0,0.0,1.0,1.0,1.0,1.0,0.0,1.0,0.0,1.0,1.0,32.0,0
3.0,2.0,25.0,5.0,12.0,1.0,1.0,1.0,7.0,2.0,1.0,1.0,5.0,625.0,3.0,2.0,1.0,0.0,32.0,0.0,2.0,0.0,2.0,2.0,2.0,2.0,0.0,12.0,11.0,5.0,2.0,0.0,0.0,2.0,2.0,2.0,2.0,5.0,1.0,1.0,1.0,1.0,0.0,1.0,0.0,1.0,1.0,32.0,0
1.0,1.0,28.0,2.0,2.0,1.0,2.0,0.0,4.0,1.0,4.0,1.0,4.0,784.0,2.0,2.0,1.0,0.0,43.0,0.0,2.0,0.0,2.0,2.0,2.0,2.0,0.0,1.0,11.0,0.0,0.0,0.0,0.0,0.0,0.0,0.0,0.0,0.0,0.0,0.0,0.0,0.0,0.0,0.0,0.0,0.0,0.0,32.0,0
2.0,2.0,28.0,2.0,2.0,1.0,2.0,0.0,6.0,1.0,1.0,1.0,6.0,784.0,2.0,2.0,1.0,0.0,4.0,0.0,2.0,0.0,2.0,2.0,2.0,2.0,0.0,1.0,6.0,0.0,0.0,0.0,0.0,0.0,0.0,0.0,0.0,0.0,0.0,0.0,0.0,0.0,0.0,0.0,0.0,0.0,0.0,32.0,0
1.0,1.0,58.0,1.0,1.0,1.0,2.0,0.0,4.0,1.0,1.0,1.0,4.0,3364.0,2.0,2.0,1.0,0.0,38.0,0.0,2.0,0.0,2.0,2.0,2.0,2.0,0.0,1.0,11.0,0.0,0.0,0.0,0.0,0.0,0.0,0.0,0.0,0.0,0.0,0.0,0.0,0.0,0.0,0.0,0.0,0.0,0.0,32.0,0
1.0,1.0,56.0,2.0,1.0,1.0,2.0,0.0,4.0,2.0,1.0,1.0,3.0,3136.0,3.0,2.0,1.0,0.0,40.0,0.0,2.0,0.0,2.0,2.0,2.0,2.0,0.0,10.0,11.0,6.0,2.0,0.0,0.0,1.0,2.0,2.0,2.0,0.0,1.0,1.0,1.0,1.0,0.0,1.0,0.0,1.0,1.0,33.0,0
3.0,1.0,29.0,5.0,1.0,1.0,2.0,0.0,6.0,1.0,1.0,1.0,6.0,841.0,3.0,2.0,1.0,0.0,40.0,0.0,2.0,0.0,2.0,2.0,2.0,2.0,0.0,12.0,11.0,6.0,2.0,0.0,0.0,2.0,2.0,2.0,2.0,5.0,1.0,1.0,1.0,1.0,0.0,1.0,0.0,1.0,1.0,33.0,0
1.0,1.0,49.0,2.0,1.0,1.0,2.0,0.0,2.0,1.0,1.0,1.0,2.0,2401.0,3.0,2.0,1.0,0.0,40.0,0.0,2.0,0.0,2.0,2.0,2.0,2.0,0.0,99.0,11.0,6.0,2.0,0.0,0.0,2.0,2.0,2.0,2.0,5.0,1.0,1.0,1.0,1.0,0.0,1.0,0.0,1.0,1.0,33.0,0
1.0,2.0,44.0,5.0,1.0,1.0,2.0,0.0,7.0,1.0,1.0,1.0,6.0,1936.0,3.0,3.0,2.0,2.0,35.0,14.0,2.0,0.0,2.0,2.0,1.0,2.0,0.0,12.0,11.0,6.0,2.0,0.0,0.0,2.0,2.0,2.0,2.0,5.0,1.0,1.0,1.0,1.0,0.0,1.0,0.0,1.0,1.0,33.0,0
1.0,1.0,53.0,1.0,1.0,1.0,2.0,0.0,2.0,2.0,1.0,1.0,1.0,2809.0,3.0,3.0,1.0,0.0,108.0,0.0,2.0,0.0,2.0,1.0,2.0,2.0,0.0,99.0,4.0,5.0,2.0,0.0,0.0,2.0,2.0,2.0,2.0,5.0,1.0,1.0,1.0,1.0,0.0,1.0,0.0,3.0,1.0,33.0,0
2.0,2.0,52.0,1.0,1.0,1.0,2.0,0.0,2.0,2.0,1.0,1.0,1.0,2704.0,2.0,3.0,1.0,0.0,72.0,0.0,2.0,0.0,2.0,2.0,2.0,2.0,0.0,1.0,11.0,0.0,0.0,0.0,0.0,0.0,0.0,0.0,0.0,0.0,0.0,0.0,0.0,0.0,0.0,0.0,0.0,0.0,0.0,33.0,0
2.0,1.0,59.0,2.0,1.0,1.0,2.0,0.0,4.0,1.0,3.0,1.0,4.0,3481.0,3.0,2.0,1.0,0.0,30.0,0.0,2.0,0.0,2.0,2.0,2.0,2.0,0.0,11.0,11.0,6.0,2.0,0.0,0.0,2.0,2.0,2.0,2.0,5.0,1.0,1.0,1.0,1.0,0.0,1.0,0.0,1.0,1.0,33.0,0
3.0,2.0,27.0,5.0,1.0,1.0,2.0,0.0,4.0,1.0,1.0,1.0,4.0,729.0,3.0,3.0,1.0,0.0,54.0,0.0,2.0,0.0,2.0,2.0,2.0,2.0,0.0,6.0,11.0,5.0,2.0,0.0,0.0,1.0,2.0,2.0,2.0,0.0,1.0,1.0,1.0,1.0,0.0,1.0,0.0,1.0,1.0,33.0,0
4.0,1.0,21.0,1.0,4.0,1.0,2.0,0.0,4.0,2.0,1.0,1.0,3.0,441.0,3.0,2.0,1.0,0.0,44.0,0.0,1.0,1.0,1.0,2.0,2.0,2.0,0.0,4.0,11.0,6.0,2.0,0.0,0.0,2.0,2.0,2.0,2.0,5.0,2.0,2.0,2.0,2.0,5.0,2.0,2.0,1.0,4.0,33.0,1
1.0,1.0,56.0,2.0,1.0,1.0,2.0,0.0,4.0,1.0,3.0,1.0,4.0,3136.0,3.0,2.0,1.0,0.0,40.0,0.0,2.0,0.0,2.0,2.0,2.0,2.0,0.0,99.0,11.0,6.0,2.0,0.0,0.0,2.0,2.0,2.0,2.0,5.0,1.0,1.0,1.0,1.0,0.0,1.0,0.0,1.0,1.0,32.0,0
3.0,1.0,19.0,5.0,1.0,1.0,2.0,0.0,4.0,1.0,1.0,1.0,4.0,361.0,3.0,3.0,1.0,0.0,48.0,0.0,2.0,0.0,2.0,2.0,2.0,2.0,0.0,99.0,11.0,2.0,2.0,0.0,0.0,2.0,2.0,2.0,2.0,5.0,2.0,2.0,2.0,2.0,5.0,2.0,2.0,1.0,2.0,32.0,1
1.0,2.0,70.0,3.0,1.0,1.0,2.0,0.0,4.0,1.0,1.0,1.0,4.0,4900.0,3.0,2.0,1.0,0.0,42.0,0.0,2.0,0.0,2.0,2.0,2.0,2.0,0.0,5.0,11.0,6.0,2.0,0.0,0.0,1.0,2.0,2.0,2.0,0.0,1.0,1.0,2.0,2.0,0.0,2.0,2.0,1.0,4.0,33.0,1
1.0,1.0,40.0,5.0,1.0,1.0,1.0,1.0,6.0,2.0,1.0,1.0,5.0,1600.0,3.0,3.0,1.0,0.0,48.0,0.0,1.0,1.0,1.0,1.0,2.0,2.0,0.0,9.0,11.0,5.0,2.0,0.0,0.0,2.0,2.0,2.0,2.0,5.0,1.0,1.0,1.0,1.0,0.0,1.0,0.0,1.0,1.0,33.0,0
1.0,2.0,47.0,3.0,1.0,1.0,2.0,0.0,6.0,1.0,3.0,1.0,6.0,2209.0,3.0,2.0,1.0,0.0,32.0,0.0,2.0,0.0,2.0,2.0,1.0,2.0,0.0,12.0,11.0,6.0,2.0,0.0,0.0,2.0,2.0,2.0,2.0,5.0,1.0,1.0,1.0,1.0,0.0,1.0,0.0,1.0,1.0,32.0,0
1.0,1.0,71.0,2.0,1.0,1.0,2.0,0.0,7.0,1.0,1.0,1.0,6.0,5041.0,4.0,2.0,1.0,0.0,4.0,0.0,2.0,0.0,2.0,2.0,2.0,2.0,0.0,3.0,9.0,0.0,0.0,0.0,0.0,0.0,0.0,0.0,0.0,0.0,0.0,0.0,0.0,0.0,0.0,0.0,0.0,0.0,0.0,32.0,1
2.0,2.0,69.0,2.0,1.0,1.0,2.0,0.0,7.0,1.0,1.0,1.0,6.0,4761.0,2.0,2.0,1.0,0.0,12.0,0.0,2.0,0.0,2.0,2.0,2.0,2.0,0.0,1.0,6.0,0.0,0.0,0.0,0.0,0.0,0.0,0.0,0.0,0.0,0.0,0.0,0.0,0.0,0.0,0.0,0.0,0.0,0.0,32.0,0
1.0,2.0,57.0,5.0,4.0,1.0,2.0,0.0,7.0,2.0,1.0,1.0,5.0,3249.0,3.0,1.0,1.0,0.0,2.0,0.0,1.0,1.0,1.0,1.0,2.0,2.0,0.0,99.0,6.0,1.0,1.0,1.0,4.0,2.0,2.0,2.0,2.0,5.0,2.0,2.0,2.0,2.0,5.0,2.0,2.0,1.0,4.0,32.0,1
2.0,1.0,31.0,1.0,4.0,1.0,2.0,0.0,7.0,1.0,4.0,4.0,6.0,961.0,3.0,2.0,1.0,0.0,45.0,0.0,2.0,0.0,2.0,2.0,2.0,2.0,0.0,99.0,6.0,6.0,2.0,0.0,0.0,2.0,2.0,2.0,2.0,5.0,1.0,2.0,2.0,2.0,0.0,2.0,2.0,1.0,1.0,32.0,1
1.0,2.0,29.0,1.0,4.0,1.0,1.0,1.0,7.0,2.0,4.0,4.0,5.0,841.0,1.0,2.0,1.0,0.0,25.0,0.0,2.0,0.0,2.0,2.0,2.0,2.0,0.0,5.0,6.0,0.0,0.0,0.0,0.0,0.0,0.0,0.0,0.0,0.0,0.0,0.0,0.0,0.0,0.0,0.0,0.0,0.0,0.0,32.0,0
1.0,1.0,61.0,2.0,1.0,1.0,2.0,0.0,7.0,1.0,1.0,1.0,6.0,3721.0,3.0,2.0,1.0,0.0,40.0,0.0,2.0,0.0,2.0,2.0,1.0,2.0,0.0,12.0,11.0,6.0,2.0,0.0,0.0,2.0,2.0,2.0,2.0,5.0,1.0,2.0,1.0,2.0,0.0,2.0,1.0,1.0,3.0,32.0,1
2.0,2.0,49.0,2.0,1.0,1.0,2.0,0.0,4.0,1.0,1.0,1.0,4.0,2401.0,3.0,2.0,1.0,0.0,40.0,0.0,2.0,0.0,2.0,2.0,2.0,2.0,0.0,6.0,11.0,6.0,2.0,0.0,0.0,2.0,2.0,2.0,2.0,5.0,1.0,1.0,1.0,1.0,0.0,1.0,0.0,1.0,1.0,32.0,0
1.0,1.0,51.0,5.0,1.0,1.0,2.0,0.0,4.0,1.0,1.0,1.0,4.0,2601.0,3.0,2.0,1.0,0.0,40.0,0.0,2.0,0.0,2.0,2.0,2.0,2.0,0.0,12.0,11.0,6.0,2.0,0.0,0.0,2.0,2.0,2.0,2.0,5.0,1.0,1.0,1.0,1.0,0.0,1.0,0.0,1.0,1.0,33.0,0
1.0,2.0,51.0,3.0,4.0,1.0,2.0,0.0,4.0,2.0,1.0,1.0,3.0,2601.0,3.0,1.0,1.0,0.0,18.0,0.0,1.0,1.0,1.0,2.0,2.0,1.0,1.0,0.0,0.0,0.0,0.0,0.0,0.0,1.0,2.0,2.0,2.0,0.0,2.0,2.0,2.0,2.0,5.0,2.0,2.0,1.0,4.0,33.0,1
3.0,1.0,27.0,5.0,4.0,1.0,2.0,0.0,4.0,2.0,1.0,1.0,3.0,729.0,3.0,3.0,1.0,0.0,54.0,0.0,2.0,0.0,2.0,2.0,2.0,2.0,0.0,99.0,11.0,3.0,9.0,9.0,4.0,2.0,2.0,2.0,2.0,5.0,2.0,2.0,2.0,2.0,5.0,2.0,2.0,1.0,4.0,33.0,1
3.0,1.0,19.0,5.0,4.0,1.0,2.0,0.0,4.0,2.0,1.0,1.0,3.0,361.0,3.0,3.0,1.0,0.0,48.0,0.0,2.0,0.0,2.0,2.0,2.0,2.0,0.0,99.0,11.0,5.0,9.0,9.0,4.0,2.0,2.0,2.0,2.0,5.0,2.0,2.0,2.0,2.0,5.0,2.0,2.0,1.0,4.0,33.0,1
1.0,2.0,51.0,5.0,1.0,1.0,2.0,0.0,6.0,1.0,1.0,1.0,6.0,2601.0,3.0,2.0,2.0,7.0,7.0,19.0,2.0,0.0,2.0,2.0,2.0,2.0,0.0,99.0,11.0,6.0,2.0,0.0,0.0,2.0,2.0,2.0,2.0,5.0,1.0,1.0,1.0,1.0,0.0,1.0,0.0,1.0,1.0,33.0,0
1.0,2.0,74.0,3.0,1.0,1.0,2.0,0.0,4.0,1.0,1.0,1.0,4.0,5476.0,2.0,3.0,1.0,0.0,60.0,0.0,2.0,0.0,2.0,2.0,2.0,2.0,0.0,1.0,11.0,0.0,0.0,0.0,0.0,0.0,0.0,0.0,0.0,0.0,0.0,0.0,0.0,0.0,0.0,0.0,0.0,0.0,0.0,33.0,0
1.0,2.0,68.0,4.0,1.0,1.0,2.0,0.0,2.0,1.0,3.0,1.0,2.0,4624.0,3.0,3.0,2.0,2.0,36.0,16.0,2.0,0.0,2.0,2.0,2.0,2.0,0.0,9.0,11.0,5.0,9.0,9.0,4.0,1.0,2.0,2.0,2.0,0.0,2.0,2.0,2.0,2.0,5.0,2.0,2.0,1.0,4.0,33.0,1
2.0,2.0,50.0,2.0,1.0,1.0,2.0,0.0,2.0,1.0,1.0,1.0,2.0,2500.0,3.0,2.0,1.0,0.0,20.0,0.0,2.0,0.0,2.0,2.0,2.0,2.0,0.0,99.0,11.0,5.0,2.0,0.0,0.0,1.0,2.0,2.0,2.0,0.0,1.0,1.0,1.0,1.0,0.0,1.0,0.0,1.0,1.0,33.0,0
3.0,1.0,23.0,1.0,4.0,1.0,2.0,0.0,4.0,2.0,1.0,1.0,3.0,529.0,3.0,3.0,1.0,0.0,48.0,0.0,2.0,0.0,2.0,2.0,2.0,2.0,0.0,5.0,11.0,6.0,2.0,0.0,0.0,2.0,2.0,2.0,2.0,5.0,2.0,2.0,2.0,2.0,5.0,2.0,2.0,1.0,4.0,33.0,1
4.0,1.0,21.0,1.0,4.0,1.0,2.0,0.0,4.0,2.0,1.0,1.0,3.0,441.0,2.0,3.0,1.0,0.0,63.0,0.0,2.0,0.0,2.0,2.0,2.0,2.0,0.0,4.0,5.0,0.0,0.0,0.0,0.0,0.0,0.0,0.0,0.0,0.0,0.0,0.0,0.0,0.0,0.0,0.0,0.0,0.0,0.0,33.0,0
1.0,2.0,46.0,1.0,1.0,1.0,2.0,0.0,7.0,1.0,1.0,1.0,6.0,2116.0,3.0,2.0,1.0,0.0,24.0,0.0,2.0,0.0,2.0,2.0,1.0,2.0,0.0,9.0,11.0,6.0,2.0,0.0,0.0,2.0,2.0,2.0,2.0,5.0,1.0,1.0,1.0,1.0,0.0,1.0,0.0,1.0,1.0,33.0,0
2.0,1.0,46.0,1.0,1.0,1.0,2.0,0.0,7.0,1.0,1.0,1.0,6.0,2116.0,3.0,2.0,1.0,0.0,24.0,0.0,2.0,0.0,2.0,2.0,1.0,2.0,0.0,8.0,11.0,6.0,2.0,0.0,0.0,2.0,2.0,2.0,2.0,5.0,1.0,1.0,1.0,1.0,0.0,1.0,0.0,1.0,1.0,33.0,0
1.0,2.0,44.0,5.0,4.0,1.0,2.0,0.0,2.0,1.0,1.0,1.0,2.0,1936.0,2.0,1.0,1.0,0.0,3.0,0.0,1.0,1.0,2.0,2.0,2.0,2.0,0.0,1.0,6.0,0.0,0.0,0.0,0.0,0.0,0.0,0.0,0.0,0.0,0.0,0.0,0.0,0.0,0.0,0.0,0.0,0.0,0.0,33.0,0
1.0,1.0,57.0,2.0,12.0,1.0,2.0,0.0,6.0,1.0,1.0,1.0,6.0,3249.0,2.0,2.0,1.0,0.0,45.0,0.0,2.0,0.0,2.0,1.0,2.0,2.0,0.0,1.0,11.0,0.0,0.0,0.0,0.0,0.0,0.0,0.0,0.0,0.0,0.0,0.0,0.0,0.0,0.0,0.0,0.0,0.0,0.0,33.0,0
3.0,1.0,29.0,5.0,12.0,1.0,2.0,0.0,7.0,1.0,1.0,1.0,6.0,841.0,3.0,1.0,1.0,0.0,20.0,0.0,1.0,1.0,1.0,2.0,2.0,2.0,0.0,9.0,11.0,0.0,0.0,0.0,0.0,0.0,0.0,0.0,0.0,0.0,0.0,0.0,0.0,0.0,0.0,2.0,0.0,0.0,0.0,33.0,1
3.0,1.0,20.0,5.0,2.0,1.0,1.0,2.0,6.0,2.0,1.0,1.0,5.0,400.0,3.0,2.0,1.0,0.0,9.0,0.0,2.0,0.0,2.0,1.0,2.0,2.0,0.0,7.0,11.0,5.0,2.0,0.0,0.0,2.0,2.0,2.0,2.0,5.0,2.0,2.0,2.0,2.0,5.0,2.0,2.0,1.0,4.0,33.0,1
1.0,1.0,62.0,2.0,1.0,1.0,2.0,0.0,2.0,1.0,3.0,1.0,2.0,3844.0,3.0,2.0,1.0,0.0,40.0,0.0,2.0,0.0,2.0,2.0,2.0,2.0,0.0,99.0,11.0,6.0,2.0,0.0,0.0,2.0,2.0,2.0,2.0,5.0,1.0,1.0,1.0,1.0,0.0,1.0,0.0,1.0,1.0,33.0,0
3.0,1.0,36.0,3.0,4.0,1.0,2.0,0.0,2.0,1.0,1.0,1.0,2.0,1296.0,3.0,2.0,1.0,0.0,40.0,0.0,2.0,0.0,2.0,2.0,2.0,2.0,0.0,99.0,8.0,2.0,2.0,0.0,0.0,1.0,2.0,2.0,2.0,0.0,2.0,2.0,2.0,2.0,5.0,2.0,2.0,1.0,4.0,33.0,1
3.0,1.0,45.0,3.0,1.0,1.0,2.0,0.0,7.0,2.0,1.0,1.0,5.0,2025.0,3.0,3.0,1.0,0.0,48.0,0.0,2.0,0.0,2.0,2.0,2.0,2.0,0.0,11.0,11.0,6.0,2.0,0.0,0.0,2.0,2.0,2.0,1.0,0.0,1.0,1.0,1.0,1.0,0.0,1.0,0.0,1.0,1.0,33.0,0
8.0,1.0,44.0,5.0,4.0,1.0,2.0,0.0,4.0,1.0,1.0,1.0,4.0,1936.0,3.0,2.0,1.0,0.0,40.0,0.0,2.0,0.0,2.0,2.0,2.0,2.0,0.0,99.0,11.0,5.0,2.0,0.0,0.0,2.0,2.0,2.0,2.0,5.0,2.0,2.0,2.0,2.0,5.0,2.0,2.0,1.0,4.0,33.0,1
2.0,1.0,53.0,2.0,1.0,1.0,2.0,0.0,2.0,1.0,1.0,1.0,2.0,2809.0,3.0,3.0,1.0,0.0,40.0,0.0,2.0,0.0,2.0,2.0,2.0,2.0,0.0,1.0,4.0,6.0,2.0,0.0,0.0,2.0,2.0,2.0,2.0,5.0,1.0,1.0,1.0,1.0,0.0,1.0,0.0,3.0,1.0,33.0,0
1.0,2.0,53.0,1.0,4.0,1.0,2.0,0.0,4.0,1.0,1.0,1.0,4.0,2809.0,3.0,1.0,2.0,2.0,3.0,5.0,1.0,1.0,1.0,1.0,2.0,2.0,0.0,2.0,11.0,3.0,1.0,9.0,4.0,2.0,2.0,2.0,2.0,5.0,2.0,2.0,2.0,2.0,5.0,2.0,2.0,1.0,4.0,33.0,1
2.0,1.0,58.0,1.0,4.0,1.0,2.0,0.0,2.0,1.0,3.0,1.0,2.0,3364.0,2.0,1.0,1.0,0.0,12.0,0.0,1.0,1.0,1.0,1.0,2.0,2.0,0.0,99.0,6.0,0.0,0.0,0.0,0.0,0.0,0.0,0.0,0.0,0.0,0.0,0.0,0.0,0.0,0.0,0.0,0.0,0.0,0.0,33.0,0
1.0,1.0,53.0,1.0,1.0,1.0,2.0,0.0,2.0,1.0,2.0,1.0,2.0,2809.0,2.0,2.0,1.0,0.0,35.0,0.0,2.0,0.0,2.0,2.0,2.0,2.0,0.0,1.0,6.0,0.0,0.0,0.0,0.0,0.0,0.0,0.0,0.0,0.0,0.0,0.0,0.0,0.0,0.0,0.0,0.0,0.0,0.0,33.0,0
2.0,2.0,49.0,1.0,1.0,1.0,2.0,0.0,4.0,1.0,1.0,1.0,4.0,2401.0,2.0,3.0,1.0,0.0,68.0,0.0,2.0,0.0,2.0,2.0,2.0,2.0,0.0,1.0,11.0,0.0,0.0,0.0,0.0,0.0,0.0,0.0,0.0,0.0,0.0,0.0,0.0,0.0,0.0,0.0,0.0,0.0,0.0,33.0,0
3.0,2.0,24.0,5.0,1.0,1.0,1.0,1.0,7.0,2.0,1.0,1.0,5.0,576.0,2.0,2.0,1.0,0.0,35.0,0.0,2.0,0.0,2.0,2.0,2.0,2.0,0.0,1.0,6.0,0.0,0.0,0.0,0.0,0.0,0.0,0.0,0.0,0.0,0.0,0.0,0.0,0.0,0.0,0.0,0.0,0.0,0.0,33.0,0
1.0,2.0,64.0,4.0,1.0,1.0,2.0,0.0,4.0,2.0,1.0,1.0,3.0,4096.0,2.0,2.0,1.0,0.0,18.0,0.0,2.0,0.0,2.0,2.0,2.0,2.0,0.0,1.0,9.0,0.0,0.0,0.0,0.0,0.0,0.0,0.0,0.0,0.0,0.0,0.0,0.0,0.0,0.0,0.0,0.0,0.0,0.0,33.0,0
3.0,1.0,45.0,5.0,4.0,1.0,2.0,0.0,4.0,2.0,1.0,1.0,3.0,2025.0,3.0,1.0,1.0,0.0,27.0,0.0,1.0,1.0,1.0,1.0,2.0,2.0,0.0,3.0,11.0,5.0,2.0,0.0,0.0,2.0,2.0,2.0,2.0,5.0,2.0,2.0,2.0,2.0,5.0,2.0,2.0,1.0,4.0,33.0,1
1.0,1.0,39.0,1.0,2.0,1.0,2.0,0.0,6.0,1.0,3.0,1.0,6.0,1521.0,3.0,2.0,1.0,0.0,40.0,0.0,2.0,0.0,2.0,2.0,2.0,2.0,0.0,11.0,11.0,5.0,2.0,0.0,0.0,1.0,2.0,2.0,1.0,0.0,1.0,1.0,1.0,1.0,0.0,1.0,0.0,1.0,1.0,32.0,0
1.0,2.0,27.0,5.0,1.0,1.0,1.0,2.0,6.0,2.0,1.0,1.0,5.0,729.0,3.0,2.0,2.0,2.0,30.0,10.0,2.0,0.0,2.0,2.0,2.0,2.0,0.0,10.0,11.0,4.0,2.0,0.0,0.0,2.0,2.0,2.0,2.0,5.0,1.0,1.0,1.0,1.0,0.0,1.0,0.0,1.0,1.0,33.0,0
2.0,2.0,59.0,2.0,1.0,1.0,2.0,0.0,7.0,1.0,1.0,1.0,6.0,3481.0,3.0,2.0,2.0,2.0,18.0,10.0,2.0,0.0,2.0,2.0,1.0,2.0,0.0,99.0,11.0,6.0,2.0,0.0,0.0,2.0,2.0,2.0,2.0,5.0,1.0,1.0,1.0,1.0,0.0,2.0,1.0,1.0,1.0,32.0,1
3.0,2.0,28.0,5.0,1.0,1.0,2.0,0.0,7.0,1.0,2.0,1.0,6.0,784.0,3.0,2.0,1.0,0.0,16.0,0.0,2.0,0.0,2.0,2.0,2.0,2.0,0.0,99.0,11.0,5.0,2.0,0.0,0.0,2.0,2.0,2.0,2.0,5.0,1.0,1.0,1.0,1.0,0.0,1.0,0.0,1.0,1.0,32.0,0
1.0,1.0,65.0,2.0,1.0,1.0,2.0,0.0,7.0,1.0,1.0,1.0,6.0,4225.0,2.0,2.0,2.0,2.0,24.0,6.0,2.0,0.0,2.0,2.0,2.0,2.0,0.0,1.0,11.0,0.0,0.0,0.0,0.0,0.0,0.0,0.0,0.0,0.0,0.0,0.0,0.0,0.0,0.0,0.0,0.0,0.0,0.0,32.0,0
1.0,2.0,52.0,3.0,4.0,1.0,2.0,0.0,7.0,2.0,4.0,1.0,5.0,2704.0,2.0,3.0,1.0,0.0,60.0,0.0,2.0,0.0,2.0,2.0,2.0,2.0,0.0,99.0,9.0,0.0,0.0,0.0,0.0,0.0,0.0,0.0,0.0,0.0,0.0,0.0,0.0,0.0,0.0,0.0,0.0,0.0,0.0,33.0,0
3.0,1.0,46.0,5.0,1.0,1.0,2.0,0.0,4.0,1.0,1.0,1.0,4.0,2116.0,3.0,2.0,1.0,0.0,45.0,0.0,2.0,0.0,2.0,2.0,2.0,2.0,0.0,5.0,11.0,6.0,2.0,0.0,0.0,2.0,2.0,2.0,2.0,5.0,1.0,1.0,1.0,1.0,0.0,1.0,0.0,1.0,1.0,33.0,0
1.0,2.0,36.0,5.0,2.0,1.0,2.0,0.0,7.0,1.0,1.0,1.0,6.0,1296.0,3.0,1.0,2.0,2.0,15.0,12.0,1.0,1.0,1.0,1.0,2.0,2.0,0.0,9.0,11.0,5.0,2.0,0.0,0.0,2.0,2.0,2.0,2.0,5.0,1.0,1.0,1.0,1.0,0.0,2.0,1.0,1.0,1.0,32.0,1
1.0,1.0,46.0,3.0,1.0,1.0,2.0,0.0,8.0,1.0,3.0,1.0,6.0,2116.0,3.0,3.0,2.0,2.0,40.0,6.0,2.0,0.0,2.0,2.0,1.0,2.0,0.0,12.0,11.0,6.0,2.0,0.0,0.0,2.0,2.0,2.0,2.0,5.0,1.0,1.0,1.0,1.0,0.0,1.0,0.0,1.0,1.0,32.0,0
3.0,2.0,50.0,5.0,1.0,1.0,2.0,0.0,4.0,2.0,1.0,1.0,3.0,2500.0,3.0,2.0,1.0,0.0,30.0,0.0,2.0,0.0,2.0,2.0,2.0,2.0,0.0,99.0,11.0,5.0,2.0,0.0,0.0,2.0,2.0,2.0,2.0,5.0,1.0,1.0,1.0,1.0,0.0,1.0,0.0,1.0,1.0,33.0,0
1.0,2.0,75.0,4.0,1.0,1.0,2.0,0.0,7.0,2.0,1.0,1.0,5.0,5625.0,2.0,2.0,1.0,0.0,30.0,0.0,2.0,0.0,2.0,2.0,2.0,2.0,0.0,1.0,12.0,0.0,0.0,0.0,0.0,0.0,0.0,0.0,0.0,0.0,0.0,0.0,0.0,0.0,0.0,0.0,0.0,0.0,0.0,33.0,0
1.0,2.0,42.0,5.0,1.0,1.0,2.0,0.0,8.0,2.0,1.0,1.0,6.0,1764.0,3.0,2.0,1.0,0.0,36.0,0.0,2.0,0.0,2.0,2.0,1.0,2.0,0.0,11.0,11.0,6.0,2.0,0.0,0.0,2.0,2.0,2.0,1.0,0.0,1.0,1.0,1.0,1.0,0.0,1.0,0.0,1.0,1.0,33.0,0
1.0,2.0,57.0,4.0,2.0,1.0,2.0,0.0,4.0,1.0,2.0,1.0,4.0,3249.0,2.0,2.0,1.0,0.0,21.0,0.0,2.0,0.0,2.0,2.0,2.0,2.0,0.0,1.0,6.0,0.0,0.0,0.0,0.0,0.0,0.0,0.0,0.0,0.0,0.0,0.0,0.0,0.0,0.0,0.0,0.0,0.0,0.0,33.0,0
3.0,1.0,23.0,5.0,2.0,1.0,1.0,2.0,6.0,2.0,1.0,1.0,5.0,529.0,3.0,3.0,1.0,0.0,70.0,0.0,2.0,0.0,2.0,2.0,2.0,2.0,0.0,7.0,9.0,1.0,2.0,0.0,0.0,2.0,2.0,2.0,2.0,5.0,2.0,2.0,2.0,2.0,5.0,2.0,1.0,1.0,4.0,33.0,1
3.0,2.0,20.0,5.0,2.0,1.0,1.0,2.0,4.0,2.0,1.0,1.0,3.0,400.0,3.0,2.0,1.0,0.0,9.0,0.0,2.0,0.0,2.0,2.0,2.0,2.0,0.0,2.0,3.0,2.0,2.0,0.0,0.0,2.0,2.0,2.0,2.0,5.0,2.0,2.0,2.0,2.0,5.0,2.0,2.0,1.0,4.0,33.0,1
1.0,2.0,51.0,5.0,1.0,1.0,2.0,0.0,2.0,1.0,1.0,1.0,2.0,2601.0,3.0,4.0,0.0,0.0,0.0,0.0,2.0,0.0,2.0,2.0,2.0,1.0,1.0,0.0,0.0,0.0,0.0,0.0,0.0,1.0,2.0,2.0,2.0,0.0,1.0,1.0,1.0,1.0,0.0,1.0,0.0,1.0,1.0,33.0,0
3.0,2.0,21.0,5.0,4.0,1.0,2.0,0.0,4.0,2.0,1.0,1.0,3.0,441.0,3.0,3.0,1.0,0.0,54.0,0.0,2.0,0.0,2.0,2.0,2.0,2.0,0.0,99.0,11.0,1.0,1.0,2.0,2.0,2.0,2.0,2.0,2.0,5.0,2.0,2.0,2.0,2.0,5.0,2.0,2.0,1.0,4.0,33.0,1
1.0,1.0,38.0,2.0,1.0,1.0,2.0,0.0,7.0,2.0,3.0,1.0,5.0,1444.0,3.0,2.0,1.0,0.0,35.0,0.0,2.0,0.0,2.0,2.0,2.0,2.0,0.0,7.0,11.0,6.0,2.0,0.0,0.0,2.0,2.0,2.0,2.0,5.0,1.0,1.0,1.0,1.0,0.0,1.0,0.0,1.0,1.0,32.0,0
2.0,2.0,37.0,2.0,1.0,1.0,2.0,0.0,7.0,1.0,1.0,1.0,6.0,1369.0,3.0,2.0,1.0,0.0,40.0,0.0,2.0,0.0,2.0,2.0,2.0,2.0,0.0,11.0,6.0,6.0,2.0,0.0,0.0,1.0,2.0,2.0,2.0,0.0,1.0,1.0,1.0,1.0,0.0,1.0,0.0,1.0,1.0,32.0,0
1.0,2.0,84.0,4.0,1.0,1.0,2.0,0.0,7.0,1.0,1.0,1.0,6.0,7056.0,2.0,2.0,1.0,0.0,28.0,0.0,2.0,0.0,2.0,2.0,2.0,2.0,0.0,1.0,6.0,0.0,0.0,0.0,0.0,0.0,0.0,0.0,0.0,0.0,0.0,0.0,0.0,0.0,0.0,0.0,0.0,0.0,0.0,32.0,0
1.0,2.0,28.0,1.0,1.0,1.0,1.0,1.0,6.0,2.0,1.0,1.0,5.0,784.0,3.0,2.0,1.0,0.0,12.0,0.0,2.0,0.0,1.0,1.0,2.0,2.0,0.0,9.0,11.0,5.0,2.0,0.0,0.0,2.0,2.0,2.0,2.0,5.0,1.0,1.0,1.0,1.0,0.0,1.0,0.0,1.0,1.0,33.0,0
2.0,1.0,27.0,1.0,1.0,1.0,2.0,0.0,4.0,1.0,1.0,1.0,4.0,729.0,3.0,2.0,1.0,0.0,40.0,0.0,2.0,0.0,2.0,2.0,2.0,2.0,0.0,8.0,11.0,3.0,2.0,0.0,0.0,2.0,2.0,2.0,2.0,5.0,1.0,1.0,1.0,1.0,0.0,1.0,0.0,1.0,1.0,33.0,0
1.0,1.0,46.0,1.0,1.0,1.0,2.0,0.0,4.0,2.0,1.0,1.0,3.0,2116.0,3.0,3.0,1.0,0.0,66.0,0.0,2.0,0.0,2.0,2.0,2.0,2.0,0.0,11.0,11.0,6.0,2.0,0.0,0.0,1.0,2.0,2.0,2.0,0.0,1.0,1.0,1.0,1.0,0.0,1.0,0.0,1.0,1.0,33.0,0
2.0,2.0,46.0,1.0,1.0,1.0,2.0,0.0,6.0,1.0,1.0,1.0,6.0,2116.0,3.0,2.0,1.0,0.0,30.0,0.0,2.0,0.0,2.0,2.0,2.0,2.0,0.0,7.0,11.0,6.0,2.0,0.0,0.0,2.0,2.0,2.0,2.0,5.0,1.0,1.0,1.0,1.0,0.0,1.0,0.0,1.0,1.0,33.0,0
1.0,1.0,68.0,1.0,1.0,1.0,2.0,0.0,4.0,1.0,1.0,1.0,4.0,4624.0,2.0,3.0,1.0,0.0,50.0,0.0,2.0,0.0,2.0,2.0,2.0,2.0,0.0,2.0,11.0,0.0,0.0,0.0,0.0,0.0,0.0,0.0,0.0,0.0,0.0,0.0,0.0,0.0,0.0,0.0,0.0,0.0,0.0,32.0,0
2.0,2.0,64.0,1.0,1.0,1.0,2.0,0.0,4.0,1.0,1.0,1.0,4.0,4096.0,2.0,2.0,1.0,0.0,8.0,0.0,2.0,0.0,2.0,2.0,2.0,2.0,0.0,2.0,11.0,0.0,0.0,0.0,0.0,0.0,0.0,0.0,0.0,0.0,0.0,0.0,0.0,0.0,0.0,0.0,0.0,0.0,0.0,32.0,0
1.0,1.0,58.0,2.0,1.0,1.0,2.0,0.0,7.0,1.0,1.0,1.0,6.0,3364.0,3.0,2.0,1.0,0.0,40.0,0.0,2.0,0.0,2.0,2.0,2.0,2.0,0.0,4.0,11.0,6.0,2.0,0.0,0.0,2.0,2.0,2.0,2.0,5.0,1.0,1.0,1.0,1.0,0.0,1.0,0.0,1.0,1.0,32.0,0
2.0,1.0,55.0,1.0,4.0,1.0,2.0,0.0,4.0,2.0,3.0,1.0,3.0,3025.0,2.0,2.0,1.0,0.0,35.0,0.0,1.0,1.0,1.0,2.0,2.0,2.0,0.0,1.0,8.0,0.0,0.0,0.0,0.0,0.0,0.0,0.0,0.0,0.0,0.0,0.0,0.0,0.0,0.0,0.0,0.0,0.0,0.0,33.0,0
1.0,2.0,57.0,3.0,4.0,1.0,2.0,0.0,4.0,1.0,1.0,1.0,4.0,3249.0,2.0,4.0,0.0,0.0,0.0,0.0,1.0,1.0,1.0,1.0,2.0,2.0,0.0,1.0,6.0,0.0,0.0,0.0,0.0,0.0,0.0,0.0,0.0,0.0,0.0,0.0,0.0,0.0,0.0,0.0,0.0,0.0,0.0,33.0,0
3.0,2.0,35.0,5.0,1.0,1.0,2.0,0.0,4.0,1.0,1.0,1.0,4.0,1225.0,3.0,3.0,1.0,0.0,48.0,0.0,1.0,3.0,2.0,2.0,1.0,2.0,0.0,2.0,11.0,5.0,2.0,0.0,0.0,1.0,2.0,2.0,2.0,0.0,1.0,1.0,1.0,1.0,0.0,1.0,0.0,3.0,1.0,33.0,0
3.0,2.0,25.0,5.0,4.0,1.0,2.0,0.0,4.0,1.0,1.0,1.0,4.0,625.0,3.0,2.0,1.0,0.0,40.0,0.0,1.0,1.0,2.0,2.0,2.0,2.0,0.0,99.0,11.0,3.0,1.0,9.0,4.0,2.0,2.0,2.0,2.0,5.0,2.0,2.0,2.0,2.0,5.0,2.0,2.0,1.0,4.0,33.0,1
1.0,1.0,41.0,1.0,4.0,1.0,2.0,0.0,4.0,2.0,3.0,1.0,3.0,1681.0,3.0,3.0,2.0,2.0,40.0,16.0,1.0,1.0,1.0,1.0,2.0,2.0,0.0,99.0,11.0,5.0,2.0,0.0,0.0,2.0,2.0,2.0,2.0,5.0,1.0,2.0,1.0,2.0,0.0,2.0,2.0,1.0,4.0,33.0,1
2.0,2.0,35.0,1.0,4.0,1.0,2.0,0.0,3.0,1.0,3.0,1.0,3.0,1225.0,3.0,3.0,1.0,0.0,48.0,0.0,1.0,3.0,2.0,2.0,2.0,1.0,1.0,0.0,0.0,0.0,0.0,0.0,0.0,1.0,1.0,2.0,1.0,0.0,2.0,2.0,2.0,2.0,5.0,2.0,2.0,3.0,4.0,33.0,1
2.0,2.0,32.0,1.0,4.0,1.0,2.0,0.0,4.0,2.0,1.0,1.0,3.0,1024.0,2.0,3.0,1.0,0.0,84.0,0.0,2.0,0.0,2.0,2.0,2.0,2.0,0.0,1.0,6.0,0.0,0.0,0.0,0.0,0.0,0.0,0.0,0.0,0.0,0.0,0.0,0.0,0.0,0.0,0.0,0.0,0.0,0.0,33.0,0
1.0,1.0,35.0,1.0,1.0,1.0,2.0,0.0,2.0,2.0,1.0,1.0,1.0,1225.0,2.0,3.0,2.0,2.0,48.0,12.0,2.0,0.0,2.0,1.0,2.0,2.0,0.0,1.0,11.0,0.0,0.0,0.0,0.0,0.0,0.0,0.0,0.0,0.0,0.0,0.0,0.0,0.0,0.0,0.0,0.0,0.0,0.0,33.0,0
1.0,2.0,60.0,4.0,12.0,1.0,2.0,0.0,6.0,2.0,1.0,1.0,5.0,3600.0,2.0,2.0,1.0,0.0,4.0,0.0,2.0,0.0,2.0,2.0,2.0,2.0,0.0,1.0,8.0,0.0,0.0,0.0,0.0,0.0,0.0,0.0,0.0,0.0,0.0,0.0,0.0,0.0,0.0,0.0,0.0,0.0,0.0,33.0,0
3.0,1.0,28.0,5.0,2.0,1.0,2.0,0.0,4.0,1.0,1.0,1.0,4.0,784.0,3.0,2.0,1.0,0.0,40.0,0.0,2.0,0.0,2.0,2.0,1.0,2.0,0.0,99.0,11.0,6.0,2.0,0.0,0.0,2.0,2.0,2.0,2.0,5.0,1.0,1.0,1.0,1.0,0.0,1.0,0.0,1.0,1.0,33.0,0
4.0,1.0,34.0,2.0,1.0,1.0,2.0,0.0,4.0,1.0,1.0,1.0,4.0,1156.0,3.0,3.0,2.0,2.0,44.0,16.0,2.0,0.0,2.0,2.0,2.0,2.0,0.0,99.0,11.0,6.0,2.0,0.0,0.0,2.0,2.0,2.0,2.0,5.0,1.0,1.0,2.0,1.0,0.0,1.0,0.0,1.0,1.0,33.0,0
5.0,1.0,19.0,5.0,4.0,1.0,2.0,0.0,4.0,1.0,1.0,1.0,4.0,361.0,3.0,1.0,1.0,0.0,12.0,0.0,1.0,1.0,2.0,1.0,2.0,2.0,0.0,99.0,4.0,2.0,2.0,0.0,0.0,2.0,2.0,2.0,2.0,5.0,2.0,2.0,2.0,2.0,5.0,2.0,2.0,1.0,4.0,33.0,1
3.0,2.0,36.0,5.0,1.0,1.0,1.0,1.0,7.0,2.0,1.0,1.0,5.0,1296.0,3.0,2.0,1.0,0.0,40.0,0.0,2.0,0.0,2.0,2.0,2.0,2.0,0.0,5.0,11.0,6.0,2.0,0.0,0.0,1.0,2.0,2.0,2.0,0.0,1.0,1.0,1.0,1.0,0.0,1.0,0.0,1.0,1.0,32.0,0
3.0,1.0,26.0,5.0,1.0,1.0,2.0,0.0,4.0,1.0,1.0,1.0,4.0,676.0,3.0,3.0,1.0,0.0,48.0,0.0,2.0,0.0,2.0,2.0,2.0,2.0,0.0,12.0,11.0,6.0,2.0,0.0,0.0,1.0,2.0,2.0,2.0,0.0,1.0,1.0,1.0,1.0,0.0,1.0,0.0,1.0,1.0,32.0,0
1.0,2.0,49.0,1.0,2.0,1.0,2.0,0.0,6.0,2.0,1.0,1.0,5.0,2401.0,3.0,2.0,1.0,0.0,32.0,0.0,2.0,0.0,2.0,2.0,2.0,2.0,0.0,6.0,11.0,6.0,2.0,0.0,0.0,1.0,2.0,2.0,2.0,0.0,2.0,2.0,2.0,2.0,5.0,2.0,1.0,1.0,3.0,32.0,1
2.0,1.0,50.0,1.0,2.0,1.0,2.0,0.0,6.0,1.0,1.0,1.0,6.0,2500.0,3.0,2.0,1.0,0.0,32.0,0.0,2.0,0.0,2.0,2.0,2.0,2.0,0.0,6.0,11.0,6.0,2.0,0.0,0.0,1.0,2.0,2.0,2.0,0.0,2.0,2.0,2.0,2.0,5.0,2.0,1.0,1.0,3.0,32.0,1
2.0,2.0,57.0,2.0,1.0,1.0,2.0,0.0,7.0,1.0,1.0,1.0,6.0,3249.0,3.0,2.0,1.0,0.0,40.0,0.0,2.0,0.0,2.0,2.0,2.0,2.0,0.0,4.0,11.0,6.0,2.0,0.0,0.0,2.0,2.0,2.0,2.0,5.0,1.0,1.0,1.0,1.0,0.0,1.0,0.0,1.0,1.0,32.0,0
3.0,1.0,29.0,5.0,4.0,1.0,2.0,0.0,4.0,1.0,1.0,1.0,4.0,841.0,2.0,1.0,1.0,0.0,16.0,0.0,1.0,1.0,1.0,1.0,2.0,2.0,0.0,3.0,8.0,0.0,0.0,0.0,0.0,0.0,0.0,0.0,0.0,0.0,0.0,0.0,0.0,0.0,0.0,0.0,0.0,0.0,0.0,33.0,0
3.0,1.0,22.0,5.0,4.0,1.0,2.0,0.0,4.0,2.0,1.0,1.0,3.0,484.0,2.0,2.0,1.0,0.0,32.0,0.0,2.0,0.0,2.0,2.0,2.0,2.0,0.0,3.0,8.0,0.0,0.0,0.0,0.0,0.0,0.0,0.0,0.0,0.0,0.0,0.0,0.0,0.0,0.0,0.0,0.0,0.0,0.0,33.0,0
1.0,1.0,29.0,1.0,1.0,1.0,2.0,0.0,7.0,2.0,5.0,5.0,5.0,841.0,3.0,3.0,1.0,0.0,54.0,0.0,1.0,1.0,1.0,2.0,2.0,2.0,0.0,99.0,11.0,4.0,2.0,0.0,0.0,2.0,2.0,2.0,2.0,5.0,1.0,1.0,1.0,1.0,0.0,1.0,0.0,1.0,1.0,33.0,0
2.0,2.0,26.0,1.0,4.0,1.0,2.0,0.0,7.0,1.0,5.0,5.0,6.0,676.0,2.0,3.0,1.0,0.0,84.0,0.0,2.0,0.0,2.0,1.0,2.0,2.0,0.0,1.0,6.0,0.0,0.0,0.0,0.0,0.0,0.0,0.0,0.0,0.0,0.0,0.0,0.0,0.0,0.0,0.0,0.0,0.0,0.0,33.0,0
1.0,1.0,36.0,2.0,1.0,1.0,2.0,0.0,2.0,1.0,1.0,1.0,2.0,1296.0,3.0,3.0,1.0,0.0,60.0,0.0,2.0,0.0,2.0,2.0,2.0,2.0,0.0,4.0,4.0,6.0,2.0,0.0,0.0,2.0,2.0,2.0,2.0,5.0,2.0,2.0,2.0,2.0,5.0,2.0,2.0,3.0,2.0,33.0,1
1.0,2.0,63.0,3.0,1.0,1.0,2.0,0.0,2.0,1.0,3.0,1.0,2.0,3969.0,3.0,3.0,1.0,0.0,96.0,0.0,2.0,0.0,2.0,2.0,2.0,2.0,0.0,11.0,11.0,2.0,2.0,0.0,0.0,1.0,2.0,2.0,2.0,0.0,2.0,2.0,2.0,2.0,5.0,2.0,2.0,3.0,4.0,33.0,1
1.0,1.0,44.0,2.0,1.0,1.0,2.0,0.0,4.0,1.0,1.0,1.0,4.0,1936.0,3.0,3.0,1.0,0.0,48.0,0.0,2.0,0.0,2.0,2.0,2.0,2.0,0.0,8.0,11.0,6.0,2.0,0.0,0.0,2.0,2.0,2.0,2.0,5.0,1.0,1.0,1.0,1.0,0.0,1.0,0.0,1.0,1.0,33.0,0
2.0,2.0,44.0,2.0,1.0,1.0,2.0,0.0,6.0,1.0,1.0,1.0,6.0,1936.0,3.0,2.0,1.0,0.0,40.0,0.0,2.0,0.0,2.0,2.0,2.0,2.0,0.0,10.0,11.0,6.0,2.0,0.0,0.0,2.0,2.0,2.0,2.0,5.0,1.0,1.0,1.0,1.0,0.0,1.0,0.0,1.0,1.0,33.0,0
3.0,1.0,24.0,5.0,1.0,1.0,2.0,0.0,4.0,1.0,1.0,1.0,4.0,576.0,3.0,2.0,1.0,0.0,40.0,0.0,2.0,0.0,2.0,2.0,1.0,2.0,0.0,10.0,11.0,5.0,2.0,0.0,0.0,2.0,2.0,2.0,2.0,5.0,1.0,1.0,1.0,1.0,0.0,1.0,0.0,1.0,1.0,33.0,0
1.0,2.0,62.0,3.0,1.0,1.0,2.0,0.0,4.0,2.0,3.0,1.0,3.0,3844.0,3.0,1.0,1.0,0.0,8.0,0.0,1.0,1.0,1.0,1.0,2.0,1.0,1.0,0.0,0.0,0.0,0.0,0.0,0.0,2.0,2.0,2.0,2.0,5.0,2.0,2.0,2.0,2.0,5.0,2.0,2.0,1.0,4.0,32.0,1
1.0,1.0,48.0,2.0,1.0,1.0,2.0,0.0,4.0,1.0,1.0,1.0,4.0,2304.0,2.0,2.0,1.0,0.0,45.0,0.0,2.0,0.0,2.0,2.0,2.0,2.0,0.0,1.0,8.0,0.0,0.0,0.0,0.0,0.0,0.0,0.0,0.0,0.0,0.0,0.0,0.0,0.0,0.0,0.0,0.0,0.0,0.0,32.0,0
2.0,2.0,43.0,2.0,1.0,1.0,2.0,0.0,4.0,1.0,1.0,1.0,4.0,1849.0,3.0,2.0,1.0,0.0,45.0,0.0,2.0,0.0,2.0,2.0,2.0,2.0,0.0,12.0,11.0,6.0,2.0,0.0,0.0,1.0,2.0,2.0,2.0,0.0,1.0,1.0,1.0,1.0,0.0,1.0,0.0,1.0,1.0,32.0,0
3.0,1.0,19.0,5.0,1.0,1.0,2.0,0.0,4.0,1.0,1.0,1.0,4.0,361.0,3.0,1.0,1.0,0.0,30.0,0.0,1.0,1.0,1.0,1.0,2.0,2.0,0.0,2.0,11.0,4.0,2.0,0.0,0.0,2.0,2.0,2.0,2.0,5.0,2.0,2.0,2.0,2.0,5.0,2.0,2.0,1.0,4.0,32.0,1
1.0,1.0,50.0,1.0,1.0,1.0,2.0,0.0,4.0,2.0,1.0,1.0,3.0,2500.0,3.0,2.0,2.0,2.0,30.0,15.0,2.0,0.0,2.0,2.0,2.0,2.0,0.0,3.0,11.0,5.0,2.0,0.0,0.0,2.0,2.0,2.0,2.0,5.0,1.0,1.0,1.0,1.0,0.0,1.0,0.0,1.0,1.0,33.0,0
1.0,1.0,43.0,2.0,2.0,1.0,2.0,0.0,6.0,1.0,1.0,1.0,6.0,1849.0,3.0,4.0,0.0,0.0,0.0,0.0,2.0,0.0,2.0,2.0,2.0,2.0,0.0,12.0,11.0,6.0,2.0,0.0,0.0,2.0,2.0,2.0,2.0,5.0,1.0,1.0,1.0,1.0,0.0,1.0,0.0,1.0,1.0,33.0,0
1.0,1.0,46.0,2.0,1.0,1.0,2.0,0.0,7.0,2.0,1.0,1.0,5.0,2116.0,2.0,2.0,1.0,0.0,30.0,0.0,2.0,0.0,2.0,2.0,2.0,2.0,0.0,1.0,12.0,0.0,0.0,0.0,0.0,0.0,0.0,0.0,0.0,0.0,0.0,0.0,0.0,0.0,0.0,0.0,0.0,0.0,0.0,32.0,0
2.0,1.0,48.0,2.0,2.0,1.0,2.0,0.0,4.0,1.0,1.0,1.0,4.0,2304.0,1.0,2.0,1.0,0.0,40.0,0.0,2.0,0.0,2.0,2.0,2.0,2.0,0.0,6.0,11.0,0.0,0.0,0.0,0.0,0.0,0.0,0.0,0.0,0.0,0.0,0.0,0.0,0.0,0.0,0.0,0.0,0.0,0.0,32.0,0
3.0,1.0,40.0,3.0,4.0,1.0,2.0,0.0,4.0,2.0,1.0,1.0,3.0,1600.0,3.0,2.0,1.0,0.0,40.0,0.0,2.0,0.0,2.0,2.0,2.0,2.0,0.0,2.0,11.0,5.0,2.0,0.0,0.0,2.0,2.0,2.0,2.0,5.0,2.0,2.0,2.0,2.0,5.0,2.0,2.0,1.0,4.0,33.0,1
1.0,1.0,71.0,3.0,1.0,1.0,2.0,0.0,2.0,1.0,4.0,1.0,2.0,5041.0,2.0,1.0,1.0,0.0,8.0,0.0,1.0,1.0,1.0,1.0,2.0,2.0,0.0,1.0,8.0,0.0,0.0,0.0,0.0,0.0,0.0,0.0,0.0,0.0,0.0,0.0,0.0,0.0,0.0,0.0,0.0,0.0,0.0,33.0,0
1.0,1.0,68.0,3.0,1.0,1.0,2.0,0.0,4.0,1.0,1.0,1.0,4.0,4624.0,3.0,2.0,1.0,0.0,25.0,0.0,2.0,0.0,2.0,2.0,2.0,2.0,0.0,2.0,9.0,6.0,2.0,0.0,0.0,2.0,2.0,2.0,2.0,5.0,2.0,2.0,2.0,2.0,5.0,2.0,2.0,1.0,4.0,33.0,1
1.0,1.0,29.0,5.0,1.0,1.0,2.0,0.0,4.0,1.0,3.0,3.0,4.0,841.0,3.0,3.0,1.0,0.0,48.0,0.0,2.0,0.0,2.0,2.0,1.0,2.0,0.0,12.0,4.0,5.0,2.0,0.0,0.0,1.0,2.0,2.0,2.0,0.0,1.0,1.0,1.0,1.0,0.0,1.0,0.0,3.0,1.0,33.0,0
3.0,2.0,42.0,5.0,1.0,1.0,2.0,0.0,6.0,1.0,1.0,1.0,6.0,1764.0,3.0,2.0,2.0,3.0,20.0,2.0,2.0,0.0,2.0,2.0,2.0,2.0,0.0,7.0,11.0,6.0,2.0,0.0,0.0,2.0,2.0,2.0,2.0,5.0,1.0,1.0,1.0,1.0,0.0,1.0,0.0,1.0,1.0,33.0,0
1.0,2.0,44.0,5.0,4.0,1.0,2.0,0.0,4.0,1.0,1.0,1.0,4.0,1936.0,3.0,2.0,2.0,3.0,20.0,22.0,2.0,0.0,2.0,2.0,2.0,1.0,3.0,0.0,0.0,0.0,0.0,0.0,0.0,1.0,2.0,2.0,2.0,0.0,1.0,1.0,1.0,2.0,0.0,2.0,2.0,1.0,1.0,33.0,1
3.0,1.0,21.0,5.0,1.0,1.0,2.0,0.0,4.0,1.0,1.0,1.0,4.0,441.0,3.0,3.0,1.0,0.0,48.0,0.0,2.0,0.0,2.0,2.0,2.0,2.0,0.0,99.0,11.0,5.0,2.0,0.0,0.0,2.0,2.0,2.0,2.0,5.0,1.0,1.0,1.0,1.0,0.0,1.0,0.0,1.0,1.0,33.0,0
1.0,1.0,40.0,2.0,1.0,1.0,2.0,0.0,4.0,1.0,1.0,1.0,4.0,1600.0,3.0,3.0,1.0,0.0,50.0,0.0,2.0,0.0,2.0,2.0,2.0,2.0,0.0,99.0,5.0,6.0,2.0,0.0,0.0,2.0,2.0,2.0,2.0,5.0,1.0,1.0,1.0,1.0,0.0,1.0,0.0,1.0,1.0,33.0,0
3.0,2.0,41.0,5.0,1.0,1.0,2.0,0.0,4.0,1.0,1.0,1.0,4.0,1681.0,3.0,3.0,1.0,0.0,56.0,0.0,2.0,0.0,2.0,2.0,2.0,2.0,0.0,99.0,11.0,6.0,2.0,0.0,0.0,2.0,2.0,2.0,2.0,5.0,1.0,1.0,1.0,1.0,0.0,1.0,0.0,1.0,1.0,33.0,0
5.0,1.0,28.0,5.0,4.0,1.0,2.0,0.0,4.0,1.0,1.0,1.0,4.0,784.0,3.0,2.0,1.0,0.0,40.0,0.0,2.0,0.0,2.0,2.0,2.0,2.0,0.0,99.0,11.0,2.0,2.0,0.0,0.0,2.0,2.0,2.0,2.0,5.0,2.0,2.0,2.0,2.0,5.0,2.0,2.0,1.0,4.0,33.0,1
1.0,2.0,64.0,5.0,1.0,1.0,2.0,0.0,2.0,1.0,1.0,1.0,2.0,4096.0,3.0,2.0,1.0,0.0,30.0,0.0,2.0,0.0,2.0,2.0,1.0,2.0,0.0,10.0,11.0,5.0,2.0,0.0,0.0,1.0,2.0,2.0,2.0,0.0,1.0,1.0,1.0,1.0,0.0,1.0,0.0,2.0,2.0,33.0,0
1.0,1.0,46.0,1.0,1.0,1.0,2.0,0.0,4.0,2.0,3.0,1.0,3.0,2116.0,3.0,3.0,1.0,0.0,72.0,0.0,2.0,0.0,2.0,2.0,2.0,2.0,0.0,99.0,11.0,5.0,2.0,0.0,0.0,1.0,1.0,2.0,2.0,0.0,1.0,1.0,1.0,1.0,0.0,1.0,0.0,3.0,1.0,33.0,0
1.0,1.0,50.0,1.0,1.0,1.0,2.0,0.0,4.0,1.0,1.0,1.0,4.0,2500.0,3.0,3.0,1.0,0.0,54.0,0.0,2.0,0.0,2.0,2.0,2.0,2.0,0.0,8.0,3.0,6.0,2.0,0.0,0.0,2.0,2.0,2.0,2.0,5.0,1.0,1.0,1.0,1.0,0.0,1.0,0.0,1.0,1.0,33.0,0
2.0,2.0,47.0,1.0,4.0,1.0,2.0,0.0,4.0,1.0,1.0,1.0,4.0,2209.0,3.0,2.0,1.0,0.0,40.0,0.0,2.0,0.0,2.0,2.0,2.0,1.0,1.0,0.0,0.0,0.0,0.0,0.0,0.0,2.0,2.0,2.0,2.0,5.0,2.0,2.0,2.0,2.0,5.0,2.0,2.0,1.0,4.0,33.0,1
1.0,2.0,41.0,3.0,1.0,1.0,2.0,0.0,7.0,2.0,1.0,1.0,5.0,1681.0,2.0,1.0,1.0,0.0,5.0,0.0,1.0,1.0,2.0,2.0,2.0,2.0,0.0,1.0,9.0,0.0,0.0,0.0,0.0,0.0,0.0,0.0,0.0,0.0,0.0,0.0,0.0,0.0,0.0,0.0,0.0,0.0,0.0,33.0,0
1.0,1.0,65.0,2.0,1.0,1.0,2.0,0.0,2.0,1.0,1.0,1.0,2.0,4225.0,2.0,1.0,1.0,0.0,16.0,0.0,1.0,1.0,1.0,2.0,2.0,2.0,0.0,2.0,8.0,0.0,0.0,0.0,0.0,0.0,0.0,0.0,0.0,0.0,0.0,0.0,0.0,0.0,0.0,0.0,0.0,0.0,0.0,33.0,0
1.0,1.0,61.0,2.0,1.0,1.0,2.0,0.0,4.0,1.0,3.0,1.0,4.0,3721.0,3.0,3.0,1.0,0.0,48.0,0.0,2.0,0.0,2.0,2.0,2.0,2.0,0.0,10.0,11.0,6.0,2.0,0.0,0.0,2.0,2.0,2.0,2.0,5.0,1.0,1.0,1.0,1.0,0.0,1.0,0.0,1.0,1.0,33.0,0
3.0,1.0,28.0,5.0,1.0,1.0,1.0,1.0,7.0,2.0,1.0,1.0,5.0,784.0,3.0,2.0,1.0,0.0,25.0,0.0,2.0,0.0,2.0,2.0,2.0,2.0,0.0,99.0,11.0,6.0,2.0,0.0,0.0,2.0,2.0,2.0,2.0,5.0,1.0,1.0,1.0,1.0,0.0,1.0,0.0,3.0,1.0,33.0,0
1.0,1.0,57.0,1.0,1.0,1.0,2.0,0.0,2.0,1.0,3.0,1.0,2.0,3249.0,3.0,3.0,1.0,0.0,53.0,0.0,2.0,0.0,2.0,2.0,2.0,2.0,0.0,1.0,8.0,6.0,2.0,0.0,0.0,2.0,2.0,2.0,2.0,5.0,1.0,1.0,1.0,1.0,0.0,1.0,0.0,1.0,1.0,33.0,0
2.0,2.0,61.0,1.0,1.0,1.0,2.0,0.0,2.0,1.0,3.0,1.0,2.0,3721.0,3.0,2.0,1.0,0.0,16.0,0.0,2.0,0.0,2.0,2.0,2.0,1.0,1.0,0.0,0.0,0.0,0.0,0.0,0.0,2.0,2.0,2.0,2.0,5.0,2.0,2.0,2.0,2.0,5.0,2.0,2.0,1.0,4.0,33.0,1
3.0,1.0,28.0,5.0,4.0,1.0,2.0,0.0,4.0,2.0,1.0,1.0,3.0,784.0,3.0,3.0,1.0,0.0,66.0,0.0,2.0,0.0,2.0,2.0,2.0,2.0,0.0,1.0,8.0,2.0,2.0,0.0,0.0,2.0,2.0,2.0,2.0,5.0,2.0,2.0,2.0,2.0,5.0,2.0,2.0,1.0,4.0,33.0,1
1.0,2.0,62.0,4.0,1.0,1.0,2.0,0.0,2.0,1.0,1.0,1.0,2.0,3844.0,3.0,2.0,1.0,0.0,30.0,0.0,2.0,0.0,2.0,1.0,2.0,1.0,2.0,0.0,0.0,0.0,0.0,0.0,0.0,1.0,2.0,1.0,2.0,0.0,2.0,2.0,2.0,2.0,5.0,2.0,2.0,2.0,4.0,33.0,1
3.0,2.0,44.0,5.0,1.0,1.0,2.0,0.0,4.0,1.0,1.0,1.0,4.0,1936.0,3.0,2.0,1.0,0.0,40.0,0.0,2.0,0.0,2.0,2.0,2.0,2.0,0.0,11.0,11.0,6.0,2.0,0.0,0.0,2.0,2.0,2.0,2.0,5.0,1.0,1.0,1.0,1.0,0.0,2.0,2.0,2.0,1.0,33.0,1
3.0,1.0,39.0,5.0,1.0,1.0,2.0,0.0,4.0,1.0,1.0,1.0,4.0,1521.0,3.0,3.0,1.0,0.0,72.0,0.0,2.0,0.0,2.0,2.0,2.0,2.0,0.0,11.0,11.0,6.0,2.0,0.0,0.0,2.0,2.0,1.0,2.0,0.0,1.0,1.0,1.0,1.0,0.0,1.0,0.0,1.0,1.0,33.0,0
3.0,1.0,33.0,5.0,1.0,1.0,2.0,0.0,4.0,1.0,1.0,1.0,4.0,1089.0,3.0,3.0,1.0,0.0,48.0,0.0,2.0,0.0,2.0,2.0,2.0,2.0,0.0,11.0,4.0,6.0,2.0,0.0,0.0,2.0,2.0,1.0,2.0,0.0,1.0,1.0,1.0,1.0,0.0,1.0,0.0,1.0,1.0,33.0,0
1.0,1.0,75.0,4.0,1.0,1.0,2.0,0.0,2.0,1.0,1.0,1.0,2.0,5625.0,2.0,3.0,1.0,0.0,112.0,0.0,2.0,0.0,2.0,2.0,2.0,2.0,0.0,1.0,6.0,0.0,0.0,0.0,0.0,0.0,0.0,0.0,0.0,0.0,0.0,0.0,0.0,0.0,0.0,0.0,0.0,0.0,0.0,33.0,0
1.0,1.0,57.0,2.0,1.0,1.0,2.0,0.0,4.0,1.0,1.0,1.0,4.0,3249.0,3.0,3.0,1.0,0.0,60.0,0.0,2.0,0.0,2.0,2.0,2.0,2.0,0.0,99.0,11.0,6.0,2.0,0.0,0.0,1.0,2.0,2.0,2.0,0.0,1.0,1.0,1.0,1.0,0.0,1.0,0.0,3.0,1.0,33.0,0
2.0,2.0,51.0,2.0,1.0,1.0,2.0,0.0,4.0,1.0,1.0,1.0,4.0,2601.0,2.0,3.0,1.0,0.0,54.0,0.0,2.0,0.0,2.0,2.0,2.0,2.0,0.0,1.0,11.0,0.0,0.0,0.0,0.0,0.0,0.0,0.0,0.0,0.0,0.0,0.0,0.0,0.0,0.0,0.0,0.0,0.0,0.0,33.0,0
1.0,2.0,44.0,5.0,1.0,1.0,2.0,0.0,4.0,1.0,1.0,1.0,4.0,1936.0,3.0,2.0,1.0,0.0,33.0,0.0,2.0,0.0,2.0,2.0,2.0,2.0,0.0,4.0,11.0,6.0,2.0,0.0,0.0,2.0,2.0,2.0,2.0,5.0,1.0,1.0,1.0,1.0,0.0,1.0,0.0,1.0,1.0,33.0,0
3.0,2.0,22.0,5.0,1.0,1.0,1.0,1.0,7.0,2.0,1.0,1.0,5.0,484.0,3.0,2.0,1.0,0.0,39.0,0.0,2.0,0.0,2.0,2.0,2.0,2.0,0.0,6.0,11.0,5.0,2.0,0.0,0.0,2.0,2.0,2.0,2.0,5.0,1.0,1.0,1.0,1.0,0.0,1.0,0.0,1.0,1.0,33.0,0
3.0,2.0,24.0,5.0,1.0,1.0,2.0,0.0,4.0,1.0,1.0,1.0,4.0,576.0,3.0,2.0,1.0,0.0,30.0,0.0,2.0,0.0,2.0,2.0,2.0,2.0,0.0,2.0,11.0,5.0,2.0,0.0,0.0,2.0,2.0,2.0,2.0,5.0,1.0,1.0,1.0,1.0,0.0,1.0,0.0,1.0,1.0,33.0,0
2.0,1.0,39.0,1.0,4.0,1.0,2.0,0.0,3.0,2.0,1.0,1.0,3.0,1521.0,3.0,2.0,1.0,0.0,40.0,0.0,2.0,0.0,2.0,2.0,2.0,2.0,0.0,99.0,5.0,6.0,2.0,0.0,0.0,2.0,2.0,2.0,2.0,5.0,2.0,2.0,2.0,2.0,5.0,2.0,2.0,1.0,4.0,33.0,1
1.0,1.0,50.0,1.0,2.0,1.0,2.0,0.0,7.0,2.0,1.0,1.0,5.0,2500.0,1.0,2.0,1.0,0.0,45.0,0.0,2.0,0.0,2.0,2.0,2.0,2.0,0.0,3.0,11.0,0.0,0.0,0.0,0.0,0.0,0.0,0.0,0.0,0.0,0.0,0.0,0.0,0.0,0.0,0.0,0.0,0.0,0.0,33.0,0
2.0,2.0,53.0,1.0,2.0,1.0,2.0,0.0,7.0,1.0,1.0,1.0,6.0,2809.0,2.0,2.0,1.0,0.0,20.0,0.0,2.0,0.0,2.0,2.0,2.0,2.0,0.0,1.0,6.0,0.0,0.0,0.0,0.0,0.0,0.0,0.0,0.0,0.0,0.0,0.0,0.0,0.0,0.0,0.0,0.0,0.0,0.0,33.0,0
1.0,1.0,26.0,1.0,12.0,1.0,2.0,0.0,6.0,1.0,1.0,1.0,6.0,676.0,1.0,3.0,1.0,0.0,54.0,0.0,2.0,0.0,2.0,2.0,2.0,2.0,0.0,3.0,11.0,0.0,0.0,0.0,0.0,0.0,0.0,0.0,0.0,0.0,0.0,0.0,0.0,0.0,0.0,0.0,0.0,0.0,0.0,32.0,0
2.0,2.0,27.0,1.0,1.0,1.0,2.0,0.0,7.0,1.0,1.0,1.0,6.0,729.0,3.0,2.0,1.0,0.0,45.0,0.0,2.0,0.0,2.0,2.0,2.0,2.0,0.0,99.0,11.0,5.0,2.0,0.0,0.0,2.0,2.0,2.0,2.0,5.0,1.0,1.0,1.0,1.0,0.0,1.0,0.0,1.0,1.0,32.0,0
1.0,1.0,38.0,2.0,2.0,1.0,2.0,0.0,2.0,1.0,3.0,1.0,2.0,1444.0,3.0,3.0,1.0,0.0,72.0,0.0,2.0,0.0,2.0,2.0,2.0,2.0,0.0,99.0,11.0,6.0,2.0,0.0,0.0,2.0,2.0,2.0,2.0,5.0,2.0,2.0,2.0,2.0,5.0,2.0,2.0,1.0,4.0,33.0,1
1.0,1.0,40.0,1.0,1.0,1.0,2.0,0.0,4.0,1.0,1.0,1.0,4.0,1600.0,3.0,2.0,1.0,0.0,40.0,0.0,2.0,0.0,2.0,2.0,1.0,2.0,0.0,12.0,11.0,6.0,2.0,0.0,0.0,2.0,2.0,2.0,2.0,5.0,1.0,1.0,1.0,1.0,0.0,1.0,0.0,1.0,1.0,32.0,0
2.0,2.0,27.0,1.0,1.0,1.0,2.0,0.0,4.0,1.0,1.0,1.0,4.0,729.0,3.0,2.0,1.0,0.0,40.0,0.0,2.0,0.0,2.0,2.0,1.0,2.0,0.0,12.0,11.0,6.0,2.0,0.0,0.0,2.0,2.0,2.0,2.0,5.0,1.0,1.0,1.0,1.0,0.0,1.0,0.0,1.0,1.0,32.0,0
1.0,1.0,42.0,3.0,1.0,1.0,2.0,0.0,4.0,1.0,1.0,1.0,4.0,1764.0,3.0,3.0,1.0,0.0,48.0,0.0,2.0,0.0,2.0,2.0,2.0,2.0,0.0,8.0,11.0,5.0,2.0,0.0,0.0,2.0,2.0,1.0,2.0,0.0,1.0,1.0,1.0,1.0,0.0,1.0,0.0,1.0,1.0,33.0,0
1.0,2.0,52.0,5.0,1.0,1.0,2.0,0.0,7.0,2.0,1.0,1.0,5.0,2704.0,3.0,1.0,1.0,0.0,30.0,0.0,1.0,1.0,1.0,1.0,1.0,2.0,0.0,11.0,11.0,6.0,2.0,0.0,0.0,2.0,2.0,2.0,2.0,5.0,1.0,1.0,1.0,1.0,0.0,1.0,0.0,1.0,1.0,32.0,0
1.0,2.0,57.0,3.0,1.0,1.0,2.0,0.0,2.0,1.0,3.0,1.0,2.0,3249.0,3.0,2.0,1.0,0.0,40.0,0.0,2.0,0.0,2.0,2.0,2.0,1.0,1.0,0.0,0.0,0.0,0.0,0.0,0.0,1.0,2.0,2.0,2.0,0.0,1.0,1.0,1.0,1.0,0.0,1.0,0.0,1.0,1.0,32.0,0
1.0,1.0,62.0,4.0,1.0,1.0,2.0,0.0,4.0,1.0,1.0,1.0,4.0,3844.0,3.0,2.0,1.0,0.0,45.0,0.0,2.0,0.0,2.0,2.0,2.0,2.0,0.0,7.0,11.0,5.0,2.0,0.0,0.0,2.0,2.0,2.0,2.0,5.0,1.0,1.0,1.0,1.0,0.0,1.0,0.0,1.0,1.0,33.0,0
1.0,1.0,49.0,1.0,4.0,1.0,2.0,0.0,2.0,1.0,4.0,1.0,2.0,2401.0,1.0,1.0,1.0,0.0,16.0,0.0,1.0,1.0,2.0,2.0,2.0,2.0,0.0,99.0,5.0,0.0,0.0,0.0,0.0,0.0,0.0,0.0,0.0,0.0,0.0,0.0,0.0,0.0,0.0,0.0,0.0,0.0,0.0,33.0,0
1.0,1.0,25.0,5.0,1.0,1.0,2.0,0.0,4.0,1.0,1.0,1.0,4.0,625.0,3.0,2.0,2.0,3.0,18.0,10.0,2.0,0.0,2.0,2.0,2.0,2.0,0.0,9.0,6.0,5.0,2.0,0.0,0.0,2.0,2.0,2.0,2.0,5.0,2.0,2.0,2.0,2.0,5.0,2.0,1.0,3.0,3.0,32.0,1
3.0,1.0,43.0,5.0,4.0,1.0,2.0,0.0,2.0,1.0,1.0,1.0,2.0,1849.0,2.0,4.0,0.0,0.0,0.0,0.0,2.0,0.0,2.0,2.0,2.0,2.0,0.0,1.0,9.0,0.0,0.0,0.0,0.0,0.0,0.0,0.0,0.0,0.0,0.0,0.0,0.0,0.0,0.0,0.0,0.0,0.0,0.0,33.0,0
1.0,2.0,65.0,3.0,1.0,1.0,1.0,1.0,7.0,2.0,3.0,1.0,5.0,4225.0,3.0,2.0,1.0,0.0,18.0,0.0,2.0,0.0,2.0,2.0,2.0,1.0,1.0,0.0,0.0,0.0,0.0,0.0,0.0,1.0,2.0,2.0,2.0,0.0,2.0,2.0,2.0,2.0,5.0,2.0,2.0,1.0,4.0,33.0,1
2.0,2.0,52.0,2.0,1.0,1.0,2.0,0.0,4.0,1.0,2.0,1.0,4.0,2704.0,3.0,2.0,2.0,3.0,12.0,12.0,2.0,0.0,2.0,2.0,2.0,1.0,3.0,0.0,0.0,0.0,0.0,0.0,0.0,1.0,2.0,2.0,2.0,0.0,1.0,1.0,1.0,1.0,0.0,1.0,0.0,1.0,1.0,33.0,0
3.0,1.0,25.0,5.0,4.0,1.0,2.0,0.0,4.0,2.0,1.0,1.0,3.0,625.0,3.0,2.0,1.0,0.0,36.0,0.0,2.0,0.0,2.0,2.0,2.0,2.0,0.0,3.0,8.0,4.0,2.0,0.0,0.0,2.0,2.0,2.0,2.0,5.0,2.0,2.0,2.0,2.0,5.0,2.0,2.0,1.0,4.0,33.0,1
1.0,2.0,52.0,3.0,1.0,1.0,2.0,0.0,6.0,1.0,1.0,1.0,6.0,2704.0,3.0,3.0,2.0,2.0,40.0,12.0,2.0,0.0,2.0,2.0,1.0,2.0,0.0,9.0,11.0,6.0,2.0,0.0,0.0,2.0,2.0,2.0,2.0,5.0,1.0,1.0,1.0,1.0,0.0,1.0,0.0,1.0,1.0,33.0,0
3.0,1.0,19.0,5.0,1.0,1.0,2.0,0.0,4.0,1.0,1.0,1.0,4.0,361.0,3.0,2.0,1.0,0.0,24.0,0.0,2.0,0.0,2.0,2.0,2.0,2.0,0.0,2.0,11.0,5.0,2.0,0.0,0.0,2.0,2.0,2.0,2.0,5.0,2.0,2.0,2.0,2.0,5.0,2.0,2.0,1.0,4.0,33.0,1
1.0,1.0,50.0,5.0,1.0,1.0,2.0,0.0,7.0,2.0,1.0,1.0,5.0,2500.0,3.0,2.0,1.0,0.0,40.0,0.0,2.0,0.0,2.0,2.0,2.0,2.0,0.0,8.0,8.0,6.0,2.0,0.0,0.0,2.0,2.0,2.0,2.0,5.0,1.0,1.0,1.0,1.0,0.0,1.0,0.0,1.0,1.0,33.0,0
1.0,2.0,78.0,4.0,1.0,1.0,2.0,0.0,6.0,1.0,1.0,1.0,6.0,6084.0,3.0,2.0,1.0,0.0,24.0,0.0,2.0,0.0,2.0,2.0,2.0,2.0,0.0,3.0,11.0,9.0,9.0,9.0,4.0,9.0,9.0,9.0,9.0,0.0,9.0,9.0,9.0,9.0,0.0,2.0,2.0,9.0,9.0,33.0,1
1.0,2.0,22.0,1.0,12.0,1.0,1.0,1.0,7.0,2.0,1.0,1.0,5.0,484.0,3.0,2.0,1.0,0.0,45.0,0.0,2.0,0.0,2.0,2.0,2.0,2.0,0.0,99.0,6.0,5.0,2.0,0.0,0.0,2.0,2.0,2.0,2.0,5.0,1.0,1.0,1.0,1.0,0.0,1.0,0.0,1.0,1.0,33.0,0
2.0,1.0,27.0,1.0,12.0,1.0,2.0,0.0,7.0,2.0,1.0,1.0,5.0,729.0,3.0,2.0,1.0,0.0,16.0,0.0,2.0,0.0,2.0,2.0,2.0,2.0,0.0,99.0,6.0,5.0,2.0,0.0,0.0,2.0,2.0,2.0,2.0,5.0,1.0,1.0,1.0,1.0,0.0,1.0,0.0,1.0,1.0,33.0,0
1.0,1.0,52.0,5.0,1.0,1.0,2.0,0.0,4.0,1.0,5.0,1.0,4.0,2704.0,3.0,3.0,1.0,0.0,55.0,0.0,1.0,1.0,1.0,2.0,2.0,2.0,0.0,6.0,11.0,6.0,2.0,0.0,0.0,1.0,2.0,2.0,2.0,0.0,1.0,1.0,1.0,1.0,0.0,1.0,0.0,1.0,1.0,33.0,0
1.0,2.0,38.0,5.0,1.0,1.0,1.0,1.0,8.0,2.0,3.0,1.0,6.0,1444.0,3.0,2.0,2.0,3.0,12.0,12.0,2.0,0.0,1.0,1.0,2.0,1.0,3.0,0.0,0.0,0.0,0.0,0.0,0.0,2.0,2.0,2.0,2.0,5.0,2.0,2.0,2.0,2.0,5.0,2.0,1.0,1.0,3.0,33.0,1
1.0,1.0,28.0,2.0,4.0,1.0,2.0,0.0,4.0,1.0,1.0,1.0,4.0,784.0,1.0,1.0,1.0,0.0,30.0,0.0,1.0,1.0,1.0,2.0,2.0,2.0,0.0,2.0,6.0,0.0,0.0,0.0,0.0,0.0,0.0,0.0,0.0,0.0,0.0,0.0,0.0,0.0,0.0,0.0,0.0,0.0,0.0,33.0,0
1.0,1.0,37.0,5.0,1.0,1.0,2.0,0.0,7.0,1.0,1.0,1.0,6.0,1369.0,3.0,3.0,1.0,0.0,54.0,0.0,2.0,0.0,2.0,2.0,2.0,2.0,0.0,8.0,6.0,5.0,2.0,0.0,0.0,2.0,2.0,2.0,2.0,5.0,1.0,1.0,1.0,1.0,0.0,1.0,0.0,1.0,1.0,33.0,0
3.0,2.0,27.0,5.0,1.0,1.0,2.0,0.0,7.0,1.0,1.0,1.0,6.0,729.0,3.0,2.0,2.0,2.0,30.0,6.0,2.0,0.0,2.0,1.0,2.0,2.0,0.0,12.0,11.0,6.0,2.0,0.0,0.0,2.0,2.0,2.0,2.0,5.0,1.0,1.0,1.0,1.0,0.0,1.0,0.0,1.0,1.0,33.0,0
1.0,2.0,54.0,3.0,1.0,1.0,2.0,0.0,7.0,2.0,1.0,1.0,5.0,2916.0,3.0,2.0,1.0,0.0,40.0,0.0,2.0,0.0,2.0,2.0,2.0,2.0,0.0,7.0,11.0,6.0,2.0,0.0,0.0,2.0,2.0,2.0,2.0,5.0,1.0,1.0,1.0,1.0,0.0,1.0,0.0,1.0,1.0,33.0,0
1.0,1.0,41.0,1.0,1.0,1.0,2.0,0.0,4.0,2.0,1.0,1.0,3.0,1681.0,3.0,3.0,1.0,0.0,48.0,0.0,2.0,0.0,2.0,2.0,2.0,2.0,0.0,6.0,11.0,6.0,2.0,0.0,0.0,2.0,2.0,2.0,2.0,5.0,1.0,1.0,1.0,1.0,0.0,1.0,0.0,3.0,1.0,33.0,0
2.0,2.0,50.0,1.0,1.0,1.0,2.0,0.0,2.0,2.0,1.0,1.0,1.0,2500.0,3.0,2.0,1.0,0.0,40.0,0.0,2.0,0.0,2.0,2.0,2.0,2.0,0.0,99.0,11.0,5.0,2.0,0.0,0.0,2.0,2.0,2.0,2.0,5.0,1.0,1.0,1.0,1.0,0.0,1.0,0.0,2.0,1.0,33.0,0
1.0,2.0,53.0,4.0,1.0,1.0,2.0,0.0,4.0,1.0,1.0,1.0,4.0,2809.0,2.0,2.0,2.0,2.0,10.0,2.0,2.0,0.0,2.0,2.0,2.0,2.0,0.0,1.0,6.0,0.0,0.0,0.0,0.0,0.0,0.0,0.0,0.0,0.0,0.0,0.0,0.0,0.0,0.0,0.0,0.0,0.0,0.0,33.0,0
2.0,2.0,66.0,1.0,1.0,1.0,2.0,0.0,4.0,1.0,1.0,1.0,4.0,4356.0,3.0,2.0,1.0,0.0,28.0,0.0,2.0,0.0,2.0,2.0,2.0,2.0,0.0,6.0,11.0,6.0,2.0,0.0,0.0,2.0,2.0,2.0,2.0,5.0,1.0,1.0,1.0,1.0,0.0,1.0,0.0,1.0,1.0,32.0,0
1.0,2.0,52.0,3.0,1.0,1.0,2.0,0.0,7.0,1.0,1.0,1.0,6.0,2704.0,3.0,2.0,1.0,0.0,40.0,0.0,2.0,0.0,2.0,2.0,1.0,2.0,0.0,8.0,11.0,6.0,2.0,0.0,0.0,1.0,2.0,2.0,2.0,0.0,1.0,1.0,1.0,1.0,0.0,1.0,0.0,1.0,1.0,32.0,0
3.0,1.0,22.0,5.0,1.0,1.0,2.0,0.0,4.0,1.0,1.0,1.0,4.0,484.0,3.0,1.0,2.0,2.0,10.0,8.0,1.0,1.0,1.0,1.0,2.0,2.0,0.0,8.0,11.0,4.0,1.0,9.0,4.0,1.0,2.0,2.0,2.0,0.0,1.0,1.0,1.0,1.0,0.0,1.0,0.0,1.0,1.0,32.0,0
1.0,2.0,55.0,5.0,1.0,1.0,2.0,0.0,8.0,1.0,2.0,1.0,6.0,3025.0,3.0,3.0,2.0,2.0,50.0,0.0,2.0,0.0,2.0,2.0,2.0,2.0,0.0,12.0,9.0,5.0,2.0,0.0,0.0,2.0,2.0,2.0,1.0,0.0,1.0,1.0,1.0,1.0,0.0,1.0,0.0,1.0,1.0,32.0,0
1.0,2.0,25.0,1.0,4.0,1.0,2.0,0.0,4.0,1.0,5.0,5.0,4.0,625.0,2.0,2.0,1.0,0.0,40.0,0.0,2.0,0.0,2.0,2.0,2.0,2.0,0.0,1.0,6.0,0.0,0.0,0.0,0.0,0.0,0.0,0.0,0.0,0.0,0.0,0.0,0.0,0.0,0.0,0.0,0.0,0.0,0.0,32.0,0
2.0,1.0,27.0,1.0,1.0,1.0,2.0,0.0,7.0,1.0,5.0,5.0,6.0,729.0,3.0,3.0,1.0,0.0,46.0,0.0,2.0,0.0,2.0,2.0,2.0,2.0,0.0,7.0,11.0,5.0,2.0,0.0,0.0,2.0,2.0,2.0,2.0,5.0,1.0,1.0,1.0,1.0,0.0,1.0,0.0,1.0,1.0,32.0,0
3.0,1.0,27.0,1.0,4.0,1.0,1.0,2.0,7.0,2.0,1.0,1.0,5.0,729.0,3.0,3.0,1.0,0.0,72.0,0.0,2.0,0.0,2.0,2.0,2.0,2.0,0.0,4.0,11.0,6.0,2.0,0.0,0.0,2.0,2.0,1.0,2.0,0.0,2.0,1.0,2.0,2.0,0.0,2.0,2.0,1.0,4.0,32.0,1
3.0,1.0,24.0,5.0,4.0,1.0,1.0,1.0,7.0,2.0,1.0,1.0,5.0,576.0,3.0,2.0,1.0,0.0,36.0,0.0,2.0,0.0,2.0,2.0,2.0,2.0,0.0,4.0,11.0,6.0,2.0,0.0,0.0,2.0,2.0,1.0,2.0,0.0,2.0,1.0,2.0,2.0,0.0,2.0,2.0,1.0,4.0,32.0,1
4.0,2.0,26.0,1.0,1.0,1.0,2.0,0.0,4.0,2.0,3.0,1.0,3.0,676.0,3.0,3.0,1.0,0.0,48.0,0.0,2.0,0.0,2.0,2.0,2.0,2.0,0.0,99.0,8.0,4.0,9.0,9.0,4.0,2.0,2.0,2.0,2.0,5.0,2.0,2.0,2.0,2.0,5.0,2.0,2.0,1.0,4.0,32.0,1
3.0,2.0,29.0,5.0,1.0,1.0,2.0,0.0,4.0,1.0,1.0,1.0,4.0,841.0,3.0,2.0,1.0,0.0,40.0,0.0,1.0,1.0,1.0,2.0,2.0,2.0,0.0,99.0,11.0,5.0,2.0,0.0,0.0,2.0,2.0,2.0,2.0,5.0,1.0,1.0,1.0,1.0,0.0,1.0,0.0,1.0,1.0,33.0,0
1.0,1.0,44.0,1.0,4.0,1.0,2.0,0.0,2.0,1.0,1.0,1.0,2.0,1936.0,1.0,2.0,1.0,0.0,40.0,0.0,2.0,0.0,2.0,2.0,2.0,2.0,0.0,3.0,8.0,0.0,0.0,0.0,0.0,0.0,0.0,0.0,0.0,0.0,0.0,0.0,0.0,0.0,0.0,0.0,0.0,0.0,0.0,33.0,0
2.0,2.0,42.0,1.0,4.0,1.0,2.0,0.0,4.0,1.0,1.0,1.0,4.0,1764.0,3.0,3.0,1.0,0.0,54.0,0.0,2.0,0.0,2.0,2.0,2.0,2.0,0.0,6.0,11.0,5.0,2.0,0.0,0.0,1.0,2.0,2.0,2.0,0.0,2.0,2.0,2.0,2.0,5.0,2.0,2.0,1.0,4.0,33.0,1
3.0,2.0,22.0,1.0,4.0,1.0,2.0,0.0,2.0,1.0,1.0,1.0,2.0,484.0,2.0,2.0,1.0,0.0,42.0,0.0,2.0,0.0,2.0,2.0,2.0,2.0,0.0,1.0,6.0,0.0,0.0,0.0,0.0,0.0,0.0,0.0,0.0,0.0,0.0,0.0,0.0,0.0,0.0,0.0,0.0,0.0,0.0,33.0,0
1.0,2.0,44.0,1.0,1.0,1.0,2.0,0.0,4.0,1.0,1.0,1.0,4.0,1936.0,3.0,2.0,1.0,0.0,18.0,0.0,2.0,0.0,2.0,1.0,3.0,2.0,0.0,4.0,11.0,5.0,1.0,4.0,4.0,2.0,2.0,2.0,2.0,5.0,1.0,1.0,1.0,1.0,0.0,1.0,0.0,1.0,1.0,33.0,0
2.0,1.0,52.0,1.0,1.0,1.0,2.0,0.0,4.0,2.0,3.0,1.0,3.0,2704.0,3.0,2.0,1.0,0.0,40.0,0.0,2.0,0.0,2.0,2.0,2.0,2.0,0.0,2.0,11.0,6.0,2.0,0.0,0.0,2.0,2.0,2.0,2.0,5.0,1.0,1.0,1.0,1.0,0.0,1.0,0.0,1.0,1.0,33.0,0
3.0,2.0,31.0,5.0,1.0,1.0,2.0,0.0,7.0,1.0,1.0,1.0,6.0,961.0,3.0,2.0,1.0,0.0,40.0,0.0,2.0,0.0,2.0,2.0,2.0,2.0,0.0,99.0,11.0,5.0,2.0,0.0,0.0,2.0,2.0,2.0,2.0,5.0,1.0,1.0,1.0,1.0,0.0,1.0,0.0,1.0,1.0,33.0,0
3.0,1.0,37.0,5.0,1.0,1.0,2.0,0.0,7.0,1.0,1.0,1.0,6.0,1369.0,3.0,2.0,1.0,0.0,40.0,0.0,2.0,0.0,2.0,2.0,1.0,2.0,0.0,99.0,11.0,6.0,2.0,0.0,0.0,2.0,2.0,2.0,2.0,5.0,1.0,1.0,1.0,1.0,0.0,1.0,0.0,1.0,1.0,33.0,0
3.0,2.0,34.0,5.0,1.0,1.0,2.0,0.0,7.0,1.0,1.0,1.0,6.0,1156.0,3.0,2.0,1.0,0.0,30.0,0.0,2.0,0.0,2.0,2.0,1.0,2.0,0.0,99.0,11.0,6.0,2.0,0.0,0.0,2.0,2.0,2.0,2.0,5.0,1.0,1.0,1.0,1.0,0.0,1.0,0.0,1.0,1.0,33.0,0
1.0,2.0,45.0,2.0,12.0,1.0,1.0,1.0,7.0,2.0,1.0,1.0,5.0,2025.0,3.0,2.0,1.0,0.0,30.0,0.0,2.0,0.0,2.0,2.0,1.0,2.0,0.0,7.0,11.0,6.0,2.0,0.0,0.0,2.0,2.0,2.0,2.0,5.0,1.0,1.0,1.0,1.0,0.0,1.0,0.0,1.0,1.0,33.0,0
2.0,1.0,50.0,2.0,2.0,1.0,2.0,0.0,4.0,1.0,1.0,1.0,4.0,2500.0,2.0,3.0,1.0,0.0,58.0,0.0,2.0,0.0,2.0,2.0,2.0,2.0,0.0,2.0,11.0,0.0,0.0,0.0,0.0,0.0,0.0,0.0,0.0,0.0,0.0,0.0,0.0,0.0,0.0,0.0,0.0,0.0,0.0,33.0,0
3.0,1.0,19.0,5.0,12.0,1.0,2.0,0.0,7.0,2.0,1.0,1.0,5.0,361.0,3.0,2.0,1.0,0.0,30.0,0.0,2.0,0.0,2.0,2.0,2.0,2.0,0.0,3.0,11.0,2.0,2.0,0.0,0.0,2.0,2.0,2.0,2.0,5.0,1.0,1.0,1.0,1.0,0.0,1.0,0.0,1.0,1.0,33.0,0
1.0,1.0,45.0,1.0,1.0,1.0,2.0,0.0,4.0,1.0,5.0,1.0,4.0,2025.0,3.0,2.0,1.0,0.0,45.0,0.0,2.0,0.0,2.0,2.0,2.0,2.0,0.0,9.0,11.0,5.0,2.0,0.0,0.0,1.0,2.0,2.0,2.0,0.0,1.0,1.0,1.0,1.0,0.0,1.0,0.0,1.0,1.0,32.0,0
2.0,2.0,39.0,1.0,1.0,1.0,1.0,9.0,7.0,2.0,5.0,1.0,5.0,1521.0,3.0,2.0,1.0,0.0,45.0,0.0,2.0,0.0,2.0,2.0,2.0,2.0,0.0,9.0,11.0,5.0,2.0,0.0,0.0,1.0,2.0,2.0,2.0,0.0,1.0,1.0,1.0,1.0,0.0,1.0,0.0,1.0,1.0,32.0,0
2.0,2.0,64.0,1.0,1.0,1.0,2.0,0.0,2.0,2.0,4.0,1.0,1.0,4096.0,2.0,3.0,1.0,0.0,56.0,0.0,2.0,0.0,2.0,2.0,2.0,2.0,0.0,3.0,11.0,0.0,0.0,0.0,0.0,0.0,0.0,0.0,0.0,0.0,0.0,0.0,0.0,0.0,0.0,0.0,0.0,0.0,0.0,33.0,0
3.0,1.0,34.0,5.0,1.0,1.0,2.0,0.0,9.0,1.0,1.0,1.0,1.0,1156.0,4.0,2.0,1.0,0.0,7.0,0.0,2.0,0.0,2.0,2.0,2.0,2.0,0.0,3.0,11.0,0.0,0.0,0.0,0.0,0.0,0.0,0.0,0.0,0.0,0.0,0.0,0.0,0.0,0.0,0.0,0.0,0.0,0.0,33.0,1
1.0,1.0,84.0,1.0,1.0,1.0,2.0,0.0,2.0,1.0,4.0,1.0,2.0,7056.0,4.0,2.0,1.0,0.0,28.0,0.0,2.0,0.0,2.0,2.0,2.0,2.0,0.0,3.0,11.0,0.0,0.0,0.0,0.0,0.0,0.0,0.0,0.0,0.0,0.0,0.0,0.0,0.0,0.0,0.0,0.0,0.0,0.0,33.0,1
1.0,2.0,38.0,1.0,4.0,1.0,2.0,0.0,4.0,1.0,1.0,1.0,4.0,1444.0,3.0,2.0,1.0,0.0,4.0,0.0,2.0,0.0,2.0,1.0,2.0,2.0,0.0,1.0,11.0,4.0,2.0,0.0,0.0,1.0,2.0,1.0,2.0,0.0,2.0,1.0,2.0,2.0,0.0,2.0,2.0,1.0,4.0,33.0,1
2.0,1.0,43.0,1.0,4.0,1.0,2.0,0.0,2.0,1.0,1.0,1.0,2.0,1849.0,3.0,3.0,1.0,0.0,60.0,0.0,2.0,0.0,2.0,2.0,2.0,2.0,0.0,99.0,8.0,6.0,2.0,0.0,0.0,2.0,2.0,2.0,2.0,5.0,1.0,2.0,2.0,2.0,0.0,2.0,2.0,1.0,4.0,33.0,1
1.0,1.0,41.0,1.0,1.0,1.0,2.0,0.0,4.0,1.0,3.0,1.0,4.0,1681.0,3.0,3.0,1.0,0.0,60.0,0.0,2.0,0.0,2.0,2.0,2.0,2.0,0.0,99.0,11.0,6.0,2.0,0.0,0.0,2.0,2.0,2.0,1.0,0.0,1.0,1.0,1.0,1.0,0.0,1.0,0.0,2.0,1.0,32.0,0
5.0,1.0,22.0,1.0,4.0,1.0,2.0,0.0,2.0,1.0,1.0,1.0,2.0,484.0,3.0,2.0,1.0,0.0,40.0,0.0,2.0,0.0,2.0,2.0,2.0,2.0,0.0,3.0,8.0,5.0,2.0,0.0,0.0,2.0,2.0,2.0,2.0,5.0,2.0,2.0,2.0,2.0,5.0,2.0,2.0,1.0,4.0,33.0,1
1.0,1.0,35.0,1.0,1.0,1.0,2.0,0.0,4.0,2.0,1.0,1.0,3.0,1225.0,3.0,2.0,1.0,0.0,45.0,0.0,2.0,0.0,2.0,2.0,2.0,2.0,0.0,99.0,11.0,5.0,2.0,0.0,0.0,2.0,2.0,2.0,2.0,5.0,1.0,1.0,1.0,1.0,0.0,1.0,0.0,1.0,1.0,33.0,0
3.0,1.0,35.0,5.0,4.0,1.0,2.0,0.0,2.0,2.0,1.0,1.0,1.0,1225.0,2.0,1.0,1.0,0.0,5.0,0.0,1.0,1.0,1.0,1.0,2.0,2.0,0.0,1.0,8.0,0.0,0.0,0.0,0.0,0.0,0.0,0.0,0.0,0.0,0.0,0.0,0.0,0.0,0.0,0.0,0.0,0.0,0.0,33.0,0
1.0,2.0,50.0,5.0,1.0,1.0,2.0,0.0,4.0,1.0,1.0,1.0,4.0,2500.0,3.0,4.0,0.0,0.0,0.0,0.0,2.0,0.0,2.0,2.0,1.0,2.0,0.0,99.0,11.0,6.0,2.0,0.0,0.0,1.0,2.0,2.0,2.0,0.0,1.0,1.0,1.0,1.0,0.0,1.0,0.0,1.0,1.0,33.0,0
4.0,1.0,30.0,1.0,1.0,1.0,2.0,0.0,4.0,1.0,1.0,1.0,4.0,900.0,3.0,3.0,1.0,0.0,54.0,0.0,2.0,0.0,2.0,2.0,1.0,2.0,0.0,12.0,9.0,5.0,2.0,0.0,0.0,2.0,2.0,2.0,2.0,5.0,1.0,1.0,1.0,1.0,0.0,1.0,0.0,1.0,1.0,33.0,0
1.0,1.0,24.0,5.0,2.0,1.0,1.0,1.0,7.0,2.0,3.0,3.0,5.0,576.0,3.0,2.0,1.0,0.0,24.0,0.0,2.0,0.0,2.0,2.0,2.0,2.0,0.0,6.0,11.0,2.0,9.0,5.0,2.0,1.0,2.0,2.0,2.0,0.0,2.0,2.0,2.0,2.0,5.0,2.0,2.0,1.0,4.0,32.0,1
1.0,2.0,62.0,2.0,1.0,1.0,2.0,0.0,7.0,1.0,3.0,1.0,6.0,3844.0,3.0,2.0,2.0,2.0,24.0,12.0,2.0,0.0,2.0,2.0,1.0,2.0,0.0,12.0,11.0,6.0,2.0,0.0,0.0,1.0,2.0,2.0,2.0,0.0,1.0,1.0,1.0,1.0,0.0,1.0,0.0,3.0,1.0,32.0,0
3.0,1.0,54.0,5.0,1.0,1.0,2.0,0.0,4.0,1.0,1.0,1.0,4.0,2916.0,3.0,2.0,1.0,0.0,45.0,0.0,2.0,0.0,2.0,2.0,2.0,2.0,0.0,6.0,11.0,5.0,2.0,0.0,0.0,2.0,2.0,2.0,2.0,5.0,1.0,1.0,1.0,1.0,0.0,1.0,0.0,1.0,1.0,33.0,0
3.0,1.0,23.0,5.0,4.0,1.0,2.0,0.0,4.0,2.0,1.0,1.0,3.0,529.0,3.0,2.0,1.0,0.0,40.0,0.0,2.0,0.0,2.0,2.0,2.0,2.0,0.0,3.0,8.0,5.0,2.0,0.0,0.0,2.0,2.0,2.0,2.0,5.0,2.0,2.0,2.0,2.0,5.0,2.0,2.0,1.0,4.0,33.0,1
1.0,2.0,76.0,4.0,1.0,1.0,2.0,0.0,2.0,1.0,1.0,1.0,2.0,5776.0,3.0,2.0,1.0,0.0,40.0,0.0,2.0,0.0,2.0,2.0,2.0,2.0,0.0,4.0,11.0,5.0,2.0,0.0,0.0,2.0,2.0,2.0,2.0,5.0,1.0,1.0,1.0,1.0,0.0,1.0,0.0,1.0,1.0,33.0,0
1.0,2.0,50.0,1.0,1.0,1.0,2.0,0.0,2.0,1.0,3.0,1.0,2.0,2500.0,3.0,3.0,1.0,0.0,48.0,0.0,2.0,0.0,2.0,2.0,2.0,2.0,0.0,99.0,9.0,6.0,2.0,0.0,0.0,2.0,2.0,2.0,2.0,5.0,1.0,1.0,1.0,1.0,0.0,1.0,0.0,3.0,1.0,33.0,0
2.0,1.0,49.0,1.0,1.0,1.0,2.0,0.0,4.0,1.0,2.0,1.0,4.0,2401.0,3.0,3.0,1.0,0.0,48.0,0.0,2.0,0.0,2.0,2.0,2.0,2.0,0.0,99.0,10.0,6.0,2.0,0.0,0.0,2.0,2.0,2.0,2.0,5.0,1.0,1.0,1.0,1.0,0.0,1.0,0.0,2.0,1.0,33.0,0
2.0,2.0,57.0,2.0,1.0,1.0,2.0,0.0,2.0,1.0,3.0,1.0,2.0,3249.0,3.0,2.0,1.0,0.0,40.0,0.0,2.0,0.0,2.0,2.0,2.0,2.0,0.0,7.0,11.0,6.0,2.0,0.0,0.0,2.0,2.0,2.0,2.0,5.0,1.0,1.0,1.0,1.0,0.0,1.0,0.0,1.0,1.0,33.0,0
1.0,1.0,61.0,2.0,1.0,1.0,2.0,0.0,4.0,2.0,3.0,1.0,3.0,3721.0,3.0,2.0,1.0,0.0,30.0,0.0,2.0,0.0,2.0,2.0,2.0,2.0,0.0,7.0,8.0,6.0,2.0,0.0,0.0,2.0,2.0,2.0,2.0,5.0,2.0,2.0,2.0,2.0,5.0,2.0,2.0,1.0,4.0,33.0,1
1.0,2.0,34.0,1.0,1.0,1.0,2.0,0.0,7.0,1.0,1.0,1.0,6.0,1156.0,1.0,2.0,2.0,2.0,32.0,8.0,2.0,0.0,2.0,2.0,2.0,2.0,0.0,5.0,11.0,0.0,0.0,0.0,0.0,0.0,0.0,0.0,0.0,0.0,0.0,0.0,0.0,0.0,0.0,0.0,0.0,0.0,0.0,33.0,0
2.0,1.0,38.0,1.0,1.0,1.0,1.0,1.0,7.0,2.0,1.0,1.0,5.0,1444.0,3.0,2.0,1.0,0.0,40.0,0.0,2.0,0.0,2.0,2.0,1.0,2.0,0.0,12.0,11.0,6.0,2.0,0.0,0.0,2.0,2.0,2.0,2.0,5.0,1.0,1.0,1.0,1.0,0.0,1.0,0.0,1.0,1.0,33.0,0
1.0,2.0,47.0,5.0,1.0,1.0,2.0,0.0,7.0,1.0,1.0,1.0,6.0,2209.0,3.0,2.0,1.0,0.0,32.0,0.0,2.0,0.0,2.0,2.0,2.0,2.0,0.0,7.0,11.0,5.0,2.0,0.0,0.0,1.0,2.0,2.0,2.0,0.0,1.0,1.0,1.0,1.0,0.0,1.0,0.0,1.0,1.0,33.0,0
3.0,2.0,28.0,5.0,1.0,1.0,1.0,1.0,7.0,2.0,1.0,1.0,5.0,784.0,3.0,2.0,1.0,0.0,40.0,0.0,2.0,0.0,2.0,2.0,2.0,2.0,0.0,4.0,11.0,5.0,2.0,0.0,0.0,1.0,2.0,1.0,2.0,0.0,1.0,1.0,1.0,1.0,0.0,1.0,0.0,1.0,1.0,33.0,0
3.0,1.0,28.0,5.0,1.0,1.0,2.0,0.0,4.0,2.0,1.0,1.0,3.0,784.0,3.0,2.0,1.0,0.0,40.0,0.0,2.0,0.0,2.0,2.0,1.0,2.0,0.0,6.0,9.0,3.0,2.0,0.0,0.0,2.0,2.0,2.0,2.0,5.0,1.0,1.0,1.0,1.0,0.0,1.0,0.0,1.0,1.0,33.0,0
1.0,1.0,35.0,1.0,4.0,1.0,2.0,0.0,4.0,2.0,1.0,1.0,3.0,1225.0,2.0,3.0,1.0,0.0,65.0,0.0,2.0,0.0,2.0,2.0,2.0,2.0,0.0,2.0,9.0,0.0,0.0,0.0,0.0,0.0,0.0,0.0,0.0,0.0,0.0,0.0,0.0,0.0,0.0,0.0,0.0,0.0,0.0,33.0,0
2.0,2.0,31.0,1.0,4.0,1.0,2.0,0.0,4.0,2.0,1.0,1.0,3.0,961.0,2.0,3.0,1.0,0.0,65.0,0.0,2.0,0.0,2.0,2.0,2.0,2.0,0.0,2.0,9.0,0.0,0.0,0.0,0.0,0.0,0.0,0.0,0.0,0.0,0.0,0.0,0.0,0.0,0.0,0.0,0.0,0.0,0.0,33.0,0
1.0,1.0,38.0,1.0,1.0,1.0,2.0,0.0,6.0,1.0,1.0,1.0,6.0,1444.0,3.0,2.0,2.0,2.0,20.0,12.0,2.0,0.0,1.0,1.0,1.0,2.0,0.0,99.0,11.0,3.0,2.0,0.0,0.0,2.0,2.0,2.0,2.0,5.0,1.0,1.0,1.0,1.0,0.0,1.0,0.0,1.0,1.0,33.0,0
2.0,2.0,37.0,1.0,1.0,1.0,2.0,0.0,4.0,1.0,1.0,1.0,4.0,1369.0,3.0,1.0,2.0,3.0,10.0,11.0,1.0,1.0,1.0,1.0,2.0,2.0,0.0,99.0,11.0,5.0,2.0,0.0,0.0,2.0,2.0,2.0,2.0,5.0,1.0,1.0,1.0,1.0,0.0,1.0,0.0,1.0,1.0,33.0,0
1.0,1.0,46.0,1.0,4.0,1.0,2.0,0.0,4.0,2.0,1.0,1.0,3.0,2116.0,2.0,2.0,1.0,0.0,45.0,0.0,2.0,0.0,2.0,2.0,2.0,2.0,0.0,1.0,6.0,0.0,0.0,0.0,0.0,0.0,0.0,0.0,0.0,0.0,0.0,0.0,0.0,0.0,0.0,0.0,0.0,0.0,0.0,33.0,0
2.0,2.0,43.0,1.0,12.0,1.0,2.0,0.0,4.0,1.0,3.0,1.0,4.0,1849.0,3.0,2.0,2.0,2.0,15.0,4.0,2.0,0.0,2.0,2.0,2.0,2.0,0.0,2.0,11.0,5.0,2.0,0.0,0.0,2.0,2.0,2.0,2.0,5.0,2.0,2.0,2.0,2.0,5.0,2.0,2.0,1.0,4.0,33.0,1
1.0,2.0,58.0,3.0,4.0,1.0,2.0,0.0,2.0,1.0,1.0,1.0,2.0,3364.0,2.0,2.0,1.0,0.0,3.0,0.0,2.0,0.0,1.0,1.0,2.0,2.0,0.0,1.0,9.0,0.0,0.0,0.0,0.0,0.0,0.0,0.0,0.0,0.0,0.0,0.0,0.0,0.0,0.0,0.0,0.0,0.0,0.0,33.0,0
1.0,1.0,51.0,1.0,12.0,1.0,2.0,0.0,4.0,2.0,1.0,1.0,3.0,2601.0,3.0,3.0,1.0,0.0,48.0,0.0,2.0,0.0,2.0,2.0,2.0,2.0,0.0,9.0,11.0,6.0,2.0,0.0,0.0,2.0,2.0,2.0,2.0,5.0,1.0,1.0,1.0,1.0,0.0,1.0,0.0,1.0,1.0,33.0,0
2.0,1.0,57.0,1.0,4.0,1.0,2.0,0.0,2.0,1.0,1.0,1.0,2.0,3249.0,2.0,1.0,1.0,0.0,18.0,0.0,1.0,1.0,1.0,1.0,2.0,2.0,0.0,1.0,4.0,0.0,0.0,0.0,0.0,0.0,0.0,0.0,0.0,0.0,0.0,0.0,0.0,0.0,0.0,0.0,0.0,0.0,0.0,33.0,0
1.0,2.0,45.0,3.0,4.0,1.0,2.0,0.0,2.0,1.0,1.0,1.0,2.0,2025.0,3.0,1.0,1.0,0.0,10.0,0.0,1.0,1.0,1.0,1.0,2.0,1.0,1.0,0.0,0.0,0.0,0.0,0.0,0.0,1.0,2.0,2.0,2.0,0.0,2.0,2.0,2.0,2.0,5.0,2.0,2.0,1.0,4.0,33.0,1
1.0,2.0,62.0,2.0,1.0,1.0,2.0,0.0,4.0,2.0,1.0,1.0,3.0,3844.0,2.0,1.0,1.0,0.0,21.0,0.0,1.0,2.0,2.0,2.0,2.0,2.0,0.0,1.0,6.0,0.0,0.0,0.0,0.0,0.0,0.0,0.0,0.0,0.0,0.0,0.0,0.0,0.0,0.0,0.0,0.0,0.0,0.0,33.0,0
1.0,1.0,44.0,1.0,1.0,1.0,2.0,0.0,4.0,1.0,1.0,1.0,4.0,1936.0,3.0,3.0,1.0,0.0,55.0,0.0,2.0,0.0,2.0,2.0,2.0,2.0,0.0,10.0,11.0,6.0,2.0,0.0,0.0,2.0,2.0,2.0,2.0,5.0,1.0,1.0,1.0,1.0,0.0,1.0,0.0,1.0,1.0,33.0,0
3.0,1.0,23.0,5.0,1.0,1.0,2.0,0.0,4.0,1.0,1.0,1.0,4.0,529.0,3.0,2.0,1.0,0.0,40.0,0.0,2.0,0.0,2.0,2.0,2.0,2.0,0.0,9.0,11.0,5.0,2.0,0.0,0.0,2.0,2.0,2.0,2.0,5.0,1.0,1.0,1.0,1.0,0.0,1.0,0.0,1.0,1.0,33.0,0
2.0,1.0,35.0,1.0,1.0,1.0,2.0,0.0,4.0,1.0,1.0,1.0,4.0,1225.0,3.0,3.0,1.0,0.0,104.0,0.0,1.0,1.0,1.0,1.0,1.0,2.0,0.0,12.0,9.0,6.0,2.0,0.0,0.0,2.0,2.0,2.0,2.0,5.0,1.0,1.0,1.0,1.0,0.0,1.0,0.0,3.0,1.0,33.0,0
3.0,1.0,44.0,5.0,4.0,1.0,2.0,0.0,4.0,1.0,2.0,1.0,4.0,1936.0,3.0,2.0,1.0,0.0,45.0,0.0,2.0,0.0,2.0,2.0,2.0,2.0,0.0,3.0,11.0,6.0,2.0,0.0,0.0,2.0,2.0,2.0,2.0,5.0,2.0,2.0,2.0,2.0,5.0,2.0,2.0,1.0,4.0,33.0,1
2.0,2.0,56.0,2.0,1.0,1.0,2.0,0.0,2.0,1.0,1.0,1.0,2.0,3136.0,3.0,2.0,1.0,0.0,30.0,0.0,2.0,0.0,2.0,2.0,2.0,1.0,1.0,0.0,0.0,0.0,0.0,0.0,0.0,1.0,2.0,2.0,2.0,0.0,1.0,1.0,1.0,1.0,0.0,1.0,0.0,1.0,1.0,33.0,0
3.0,1.0,21.0,5.0,1.0,1.0,1.0,1.0,6.0,2.0,1.0,1.0,5.0,441.0,3.0,1.0,1.0,0.0,8.0,0.0,1.0,1.0,1.0,2.0,2.0,2.0,0.0,99.0,11.0,5.0,2.0,0.0,0.0,1.0,2.0,2.0,2.0,0.0,1.0,1.0,1.0,1.0,0.0,1.0,0.0,2.0,1.0,33.0,0
2.0,1.0,45.0,1.0,4.0,1.0,2.0,0.0,4.0,2.0,4.0,1.0,3.0,2025.0,2.0,3.0,1.0,0.0,48.0,0.0,2.0,0.0,2.0,2.0,2.0,2.0,0.0,1.0,11.0,0.0,0.0,0.0,0.0,0.0,0.0,0.0,0.0,0.0,0.0,0.0,0.0,0.0,0.0,0.0,0.0,0.0,0.0,33.0,0
1.0,1.0,34.0,5.0,1.0,1.0,2.0,0.0,7.0,1.0,3.0,1.0,6.0,1156.0,3.0,3.0,2.0,2.0,40.0,6.0,2.0,0.0,2.0,2.0,1.0,2.0,0.0,99.0,11.0,6.0,2.0,0.0,0.0,2.0,2.0,2.0,2.0,5.0,1.0,1.0,1.0,1.0,0.0,1.0,0.0,1.0,1.0,32.0,0
3.0,2.0,17.0,5.0,4.0,1.0,2.0,0.0,2.0,1.0,1.0,1.0,2.0,289.0,3.0,1.0,1.0,0.0,2.0,0.0,1.0,1.0,1.0,1.0,2.0,1.0,1.0,0.0,0.0,0.0,0.0,0.0,0.0,1.0,2.0,2.0,2.0,0.0,2.0,2.0,2.0,2.0,5.0,2.0,2.0,1.0,4.0,33.0,1
3.0,2.0,26.0,5.0,1.0,1.0,2.0,0.0,6.0,2.0,1.0,1.0,5.0,676.0,3.0,3.0,1.0,0.0,74.0,0.0,2.0,0.0,2.0,2.0,2.0,2.0,0.0,99.0,11.0,4.0,2.0,0.0,0.0,1.0,2.0,2.0,2.0,0.0,1.0,1.0,1.0,1.0,0.0,1.0,0.0,1.0,1.0,33.0,0
1.0,1.0,60.0,2.0,1.0,1.0,2.0,0.0,4.0,2.0,3.0,1.0,3.0,3600.0,3.0,2.0,1.0,0.0,32.0,0.0,2.0,0.0,2.0,2.0,2.0,2.0,0.0,7.0,11.0,6.0,2.0,0.0,0.0,2.0,2.0,2.0,1.0,0.0,1.0,1.0,1.0,1.0,0.0,1.0,0.0,1.0,1.0,33.0,0
2.0,2.0,65.0,2.0,1.0,1.0,2.0,0.0,6.0,1.0,1.0,1.0,6.0,4225.0,2.0,1.0,1.0,0.0,4.0,0.0,1.0,1.0,2.0,2.0,2.0,2.0,0.0,1.0,6.0,0.0,0.0,0.0,0.0,0.0,0.0,0.0,0.0,0.0,0.0,0.0,0.0,0.0,0.0,0.0,0.0,0.0,0.0,33.0,0
1.0,1.0,51.0,1.0,1.0,1.0,1.0,2.0,7.0,2.0,1.0,1.0,5.0,2601.0,3.0,3.0,1.0,0.0,50.0,0.0,2.0,0.0,2.0,2.0,2.0,2.0,0.0,12.0,11.0,6.0,2.0,0.0,0.0,2.0,2.0,2.0,1.0,0.0,1.0,1.0,1.0,1.0,0.0,1.0,0.0,1.0,1.0,33.0,0
2.0,2.0,47.0,1.0,1.0,1.0,2.0,0.0,7.0,1.0,1.0,1.0,6.0,2209.0,3.0,3.0,2.0,4.0,25.0,25.0,2.0,0.0,2.0,2.0,1.0,2.0,0.0,99.0,11.0,6.0,2.0,0.0,0.0,2.0,2.0,2.0,2.0,5.0,1.0,1.0,1.0,1.0,0.0,1.0,0.0,1.0,1.0,33.0,0
1.0,2.0,43.0,5.0,4.0,1.0,2.0,0.0,4.0,2.0,5.0,1.0,3.0,1849.0,3.0,1.0,1.0,0.0,9.0,0.0,1.0,1.0,1.0,1.0,3.0,2.0,0.0,99.0,11.0,2.0,2.0,0.0,0.0,2.0,2.0,1.0,2.0,0.0,2.0,2.0,2.0,2.0,5.0,2.0,2.0,1.0,4.0,33.0,1
1.0,2.0,55.0,1.0,1.0,1.0,2.0,0.0,2.0,1.0,1.0,1.0,2.0,3025.0,3.0,3.0,1.0,0.0,48.0,0.0,2.0,0.0,2.0,2.0,2.0,2.0,0.0,6.0,11.0,6.0,2.0,0.0,0.0,1.0,2.0,2.0,2.0,0.0,1.0,1.0,1.0,1.0,0.0,1.0,0.0,1.0,1.0,33.0,0
2.0,2.0,58.0,2.0,1.0,1.0,2.0,0.0,2.0,1.0,1.0,1.0,2.0,3364.0,3.0,2.0,1.0,0.0,25.0,0.0,2.0,0.0,2.0,2.0,2.0,2.0,0.0,7.0,11.0,6.0,2.0,0.0,0.0,2.0,2.0,2.0,2.0,5.0,1.0,1.0,1.0,1.0,0.0,1.0,0.0,1.0,1.0,33.0,0
3.0,2.0,27.0,1.0,1.0,1.0,2.0,0.0,2.0,1.0,1.0,1.0,2.0,729.0,3.0,3.0,1.0,0.0,58.0,0.0,2.0,0.0,2.0,2.0,2.0,2.0,0.0,7.0,11.0,5.0,2.0,0.0,0.0,2.0,2.0,2.0,2.0,5.0,1.0,1.0,1.0,1.0,0.0,1.0,0.0,1.0,1.0,33.0,0
4.0,1.0,26.0,1.0,1.0,1.0,2.0,0.0,2.0,1.0,1.0,1.0,2.0,676.0,3.0,3.0,1.0,0.0,50.0,0.0,2.0,0.0,2.0,2.0,2.0,2.0,0.0,99.0,11.0,6.0,2.0,0.0,0.0,2.0,2.0,2.0,2.0,5.0,1.0,1.0,1.0,1.0,0.0,1.0,0.0,1.0,1.0,33.0,0
3.0,1.0,32.0,5.0,1.0,1.0,2.0,0.0,4.0,1.0,1.0,1.0,4.0,1024.0,3.0,2.0,1.0,0.0,40.0,0.0,1.0,1.0,2.0,1.0,2.0,2.0,0.0,5.0,11.0,5.0,2.0,0.0,0.0,2.0,2.0,2.0,2.0,5.0,1.0,1.0,1.0,1.0,0.0,1.0,0.0,1.0,1.0,33.0,0
1.0,1.0,29.0,1.0,4.0,1.0,2.0,0.0,4.0,1.0,1.0,1.0,4.0,841.0,1.0,3.0,1.0,0.0,56.0,0.0,2.0,0.0,2.0,2.0,2.0,2.0,0.0,2.0,4.0,0.0,0.0,0.0,0.0,0.0,0.0,0.0,0.0,0.0,0.0,0.0,0.0,0.0,0.0,0.0,0.0,0.0,0.0,33.0,0
2.0,2.0,34.0,1.0,1.0,1.0,2.0,0.0,4.0,2.0,1.0,1.0,3.0,1156.0,3.0,2.0,1.0,0.0,24.0,0.0,2.0,0.0,2.0,2.0,2.0,2.0,0.0,2.0,4.0,5.0,2.0,0.0,0.0,2.0,2.0,2.0,2.0,5.0,2.0,2.0,2.0,2.0,5.0,2.0,2.0,1.0,4.0,33.0,1
1.0,1.0,65.0,2.0,1.0,1.0,2.0,0.0,2.0,1.0,3.0,1.0,2.0,4225.0,2.0,2.0,1.0,0.0,28.0,0.0,2.0,0.0,2.0,2.0,2.0,2.0,0.0,2.0,11.0,0.0,0.0,0.0,0.0,0.0,0.0,0.0,0.0,0.0,0.0,0.0,0.0,0.0,0.0,0.0,0.0,0.0,0.0,33.0,0
2.0,2.0,61.0,2.0,1.0,1.0,2.0,0.0,2.0,1.0,3.0,1.0,2.0,3721.0,2.0,2.0,1.0,0.0,28.0,0.0,2.0,0.0,2.0,2.0,2.0,2.0,0.0,2.0,11.0,0.0,0.0,0.0,0.0,0.0,0.0,0.0,0.0,0.0,0.0,0.0,0.0,0.0,0.0,0.0,0.0,0.0,0.0,33.0,0
3.0,2.0,40.0,5.0,4.0,1.0,2.0,0.0,2.0,1.0,1.0,1.0,2.0,1600.0,3.0,2.0,2.0,3.0,18.0,15.0,2.0,0.0,2.0,2.0,2.0,1.0,3.0,0.0,0.0,0.0,0.0,0.0,0.0,1.0,2.0,1.0,2.0,0.0,2.0,2.0,2.0,2.0,5.0,2.0,2.0,1.0,4.0,33.0,1
3.0,2.0,36.0,5.0,1.0,1.0,2.0,0.0,4.0,1.0,1.0,1.0,4.0,1296.0,3.0,2.0,1.0,0.0,40.0,0.0,2.0,0.0,2.0,2.0,2.0,2.0,0.0,99.0,11.0,6.0,2.0,0.0,0.0,2.0,2.0,1.0,2.0,0.0,1.0,1.0,1.0,1.0,0.0,1.0,0.0,1.0,4.0,33.0,0
1.0,2.0,45.0,1.0,4.0,1.0,2.0,0.0,4.0,1.0,1.0,1.0,4.0,2025.0,3.0,2.0,1.0,0.0,16.0,0.0,2.0,0.0,2.0,2.0,2.0,1.0,1.0,0.0,0.0,0.0,0.0,0.0,0.0,1.0,2.0,2.0,2.0,0.0,2.0,2.0,2.0,2.0,5.0,2.0,2.0,1.0,4.0,33.0,1
2.0,1.0,51.0,1.0,1.0,1.0,2.0,0.0,4.0,1.0,3.0,1.0,4.0,2601.0,3.0,3.0,1.0,0.0,48.0,0.0,2.0,0.0,2.0,2.0,2.0,2.0,0.0,7.0,11.0,5.0,2.0,0.0,0.0,2.0,2.0,2.0,1.0,0.0,1.0,1.0,1.0,1.0,0.0,1.0,0.0,2.0,1.0,33.0,0
1.0,1.0,68.0,5.0,1.0,1.0,2.0,0.0,2.0,2.0,2.0,1.0,1.0,4624.0,3.0,2.0,1.0,0.0,45.0,0.0,2.0,0.0,2.0,2.0,2.0,2.0,0.0,7.0,11.0,6.0,2.0,0.0,0.0,2.0,2.0,2.0,2.0,5.0,1.0,1.0,1.0,1.0,0.0,1.0,0.0,1.0,1.0,33.0,0
3.0,1.0,18.0,5.0,1.0,1.0,2.0,0.0,4.0,2.0,1.0,1.0,3.0,324.0,3.0,2.0,1.0,0.0,45.0,0.0,2.0,0.0,2.0,2.0,2.0,2.0,0.0,2.0,11.0,2.0,2.0,0.0,0.0,2.0,2.0,2.0,2.0,5.0,2.0,2.0,2.0,2.0,5.0,2.0,2.0,1.0,4.0,33.0,1
1.0,1.0,43.0,1.0,1.0,1.0,2.0,0.0,7.0,1.0,1.0,1.0,6.0,1849.0,3.0,2.0,1.0,0.0,40.0,0.0,2.0,0.0,2.0,2.0,2.0,2.0,0.0,5.0,11.0,6.0,2.0,0.0,0.0,2.0,2.0,2.0,2.0,5.0,1.0,1.0,1.0,1.0,0.0,1.0,0.0,1.0,1.0,32.0,0
2.0,1.0,50.0,2.0,1.0,1.0,2.0,0.0,7.0,1.0,5.0,1.0,6.0,2500.0,3.0,2.0,1.0,0.0,45.0,0.0,2.0,0.0,2.0,2.0,2.0,2.0,0.0,7.0,11.0,5.0,2.0,0.0,0.0,2.0,2.0,2.0,2.0,5.0,1.0,1.0,1.0,1.0,0.0,1.0,0.0,1.0,1.0,32.0,0
1.0,2.0,72.0,2.0,1.0,1.0,2.0,0.0,6.0,1.0,3.0,1.0,6.0,5184.0,3.0,2.0,1.0,0.0,40.0,0.0,2.0,0.0,2.0,2.0,2.0,2.0,0.0,7.0,11.0,6.0,2.0,0.0,0.0,2.0,2.0,2.0,2.0,5.0,2.0,2.0,2.0,2.0,5.0,2.0,2.0,1.0,3.0,32.0,1
1.0,1.0,40.0,1.0,2.0,1.0,2.0,0.0,4.0,2.0,1.0,1.0,3.0,1600.0,3.0,3.0,2.0,2.0,45.0,10.0,2.0,0.0,2.0,2.0,2.0,2.0,0.0,9.0,11.0,6.0,2.0,0.0,0.0,2.0,2.0,2.0,2.0,5.0,1.0,1.0,1.0,1.0,0.0,1.0,0.0,1.0,1.0,32.0,0
3.0,1.0,30.0,5.0,1.0,1.0,1.0,1.0,6.0,2.0,1.0,1.0,5.0,900.0,3.0,2.0,1.0,0.0,36.0,0.0,1.0,1.0,1.0,1.0,2.0,2.0,0.0,99.0,11.0,4.0,2.0,0.0,0.0,1.0,2.0,2.0,2.0,0.0,1.0,1.0,1.0,1.0,0.0,1.0,0.0,1.0,1.0,33.0,0
1.0,1.0,65.0,3.0,4.0,1.0,2.0,0.0,4.0,1.0,1.0,1.0,4.0,4225.0,3.0,2.0,1.0,0.0,18.0,0.0,2.0,0.0,2.0,2.0,1.0,2.0,0.0,7.0,9.0,6.0,2.0,0.0,0.0,2.0,2.0,2.0,2.0,5.0,1.0,2.0,1.0,2.0,0.0,1.0,0.0,1.0,4.0,33.0,0
1.0,2.0,56.0,4.0,1.0,1.0,2.0,0.0,2.0,1.0,2.0,1.0,2.0,3136.0,3.0,2.0,1.0,0.0,16.0,0.0,1.0,3.0,2.0,2.0,2.0,1.0,1.0,0.0,0.0,0.0,0.0,0.0,0.0,1.0,2.0,2.0,2.0,0.0,2.0,2.0,2.0,2.0,5.0,2.0,2.0,1.0,4.0,33.0,1
8.0,2.0,27.0,5.0,1.0,1.0,2.0,0.0,4.0,1.0,1.0,1.0,4.0,729.0,3.0,2.0,1.0,0.0,36.0,0.0,2.0,0.0,2.0,1.0,2.0,2.0,0.0,99.0,11.0,5.0,2.0,0.0,0.0,2.0,2.0,2.0,2.0,5.0,1.0,1.0,1.0,1.0,0.0,1.0,0.0,1.0,1.0,33.0,0
1.0,2.0,35.0,1.0,1.0,1.0,2.0,0.0,7.0,1.0,5.0,1.0,6.0,1225.0,3.0,2.0,1.0,0.0,45.0,0.0,2.0,0.0,2.0,2.0,2.0,2.0,0.0,99.0,11.0,5.0,2.0,0.0,0.0,2.0,2.0,2.0,2.0,5.0,1.0,1.0,1.0,1.0,0.0,1.0,0.0,1.0,1.0,32.0,0
2.0,2.0,35.0,1.0,1.0,1.0,2.0,0.0,7.0,1.0,5.0,1.0,6.0,1225.0,3.0,2.0,1.0,0.0,45.0,0.0,2.0,0.0,2.0,2.0,2.0,2.0,0.0,99.0,11.0,5.0,2.0,0.0,0.0,2.0,2.0,2.0,2.0,5.0,1.0,1.0,1.0,1.0,0.0,1.0,0.0,1.0,1.0,32.0,0
1.0,2.0,42.0,3.0,2.0,1.0,2.0,0.0,7.0,1.0,1.0,1.0,6.0,1764.0,2.0,2.0,1.0,0.0,18.0,0.0,2.0,0.0,2.0,2.0,2.0,2.0,0.0,1.0,6.0,0.0,0.0,0.0,0.0,0.0,0.0,0.0,0.0,0.0,0.0,0.0,0.0,0.0,0.0,0.0,0.0,0.0,0.0,32.0,0
1.0,2.0,42.0,1.0,1.0,1.0,1.0,1.0,7.0,2.0,1.0,1.0,5.0,1764.0,3.0,2.0,1.0,0.0,30.0,0.0,2.0,0.0,2.0,2.0,2.0,2.0,0.0,12.0,11.0,6.0,2.0,0.0,0.0,2.0,2.0,2.0,2.0,5.0,1.0,1.0,1.0,1.0,0.0,1.0,0.0,1.0,1.0,32.0,0
1.0,1.0,39.0,2.0,4.0,1.0,2.0,0.0,4.0,1.0,1.0,1.0,4.0,1521.0,2.0,3.0,1.0,0.0,72.0,0.0,2.0,0.0,2.0,2.0,2.0,2.0,0.0,1.0,5.0,0.0,0.0,0.0,0.0,0.0,0.0,0.0,0.0,0.0,0.0,0.0,0.0,0.0,0.0,0.0,0.0,0.0,0.0,33.0,0
1.0,2.0,47.0,4.0,4.0,1.0,2.0,0.0,4.0,2.0,3.0,1.0,3.0,2209.0,2.0,3.0,1.0,0.0,70.0,0.0,2.0,0.0,2.0,2.0,2.0,2.0,0.0,1.0,11.0,0.0,0.0,0.0,0.0,0.0,0.0,0.0,0.0,0.0,0.0,0.0,0.0,0.0,0.0,0.0,0.0,0.0,0.0,33.0,0
3.0,2.0,24.0,5.0,1.0,1.0,2.0,0.0,4.0,2.0,1.0,1.0,3.0,576.0,3.0,2.0,1.0,0.0,40.0,0.0,2.0,0.0,2.0,2.0,2.0,2.0,0.0,99.0,11.0,5.0,2.0,0.0,0.0,2.0,2.0,2.0,2.0,5.0,1.0,1.0,1.0,1.0,0.0,1.0,0.0,1.0,1.0,33.0,0
1.0,1.0,34.0,5.0,4.0,1.0,2.0,0.0,4.0,1.0,1.0,1.0,4.0,1156.0,3.0,1.0,1.0,0.0,12.0,0.0,1.0,1.0,1.0,1.0,2.0,2.0,0.0,2.0,8.0,4.0,1.0,9.0,4.0,1.0,2.0,2.0,2.0,0.0,2.0,2.0,2.0,2.0,5.0,2.0,2.0,1.0,4.0,33.0,1
1.0,1.0,35.0,3.0,4.0,1.0,2.0,0.0,7.0,2.0,3.0,1.0,5.0,1225.0,2.0,3.0,1.0,0.0,74.0,0.0,2.0,0.0,2.0,2.0,2.0,2.0,0.0,1.0,8.0,0.0,0.0,0.0,0.0,0.0,0.0,0.0,0.0,0.0,0.0,0.0,0.0,0.0,0.0,0.0,0.0,0.0,0.0,33.0,0
1.0,2.0,57.0,3.0,4.0,1.0,2.0,0.0,6.0,2.0,1.0,1.0,5.0,3249.0,3.0,1.0,1.0,0.0,5.0,0.0,1.0,1.0,1.0,1.0,2.0,1.0,1.0,0.0,0.0,0.0,0.0,0.0,0.0,2.0,2.0,2.0,2.0,5.0,2.0,2.0,2.0,2.0,5.0,2.0,2.0,1.0,4.0,33.0,1
1.0,2.0,45.0,1.0,1.0,1.0,2.0,0.0,6.0,1.0,1.0,1.0,6.0,2025.0,3.0,2.0,1.0,0.0,40.0,0.0,2.0,0.0,2.0,2.0,1.0,2.0,0.0,9.0,11.0,6.0,2.0,0.0,0.0,1.0,2.0,2.0,2.0,0.0,1.0,1.0,1.0,1.0,0.0,1.0,0.0,1.0,1.0,33.0,0
2.0,1.0,47.0,1.0,1.0,1.0,2.0,0.0,4.0,2.0,1.0,1.0,3.0,2209.0,3.0,1.0,1.0,0.0,30.0,0.0,1.0,1.0,1.0,1.0,1.0,2.0,0.0,12.0,4.0,6.0,2.0,0.0,0.0,2.0,2.0,2.0,2.0,5.0,1.0,1.0,1.0,1.0,0.0,1.0,0.0,1.0,1.0,33.0,0
1.0,2.0,68.0,5.0,12.0,1.0,2.0,0.0,7.0,1.0,1.0,1.0,6.0,4624.0,2.0,2.0,1.0,0.0,4.0,0.0,2.0,0.0,2.0,2.0,2.0,2.0,0.0,1.0,6.0,0.0,0.0,0.0,0.0,0.0,0.0,0.0,0.0,0.0,0.0,0.0,0.0,0.0,0.0,0.0,0.0,0.0,0.0,32.0,0
1.0,1.0,68.0,1.0,1.0,1.0,2.0,0.0,6.0,2.0,3.0,1.0,5.0,4624.0,2.0,3.0,1.0,0.0,54.0,0.0,2.0,0.0,2.0,2.0,2.0,2.0,0.0,1.0,2.0,0.0,0.0,0.0,0.0,0.0,0.0,0.0,0.0,0.0,0.0,0.0,0.0,0.0,0.0,0.0,0.0,0.0,0.0,32.0,0
1.0,2.0,44.0,5.0,2.0,1.0,2.0,0.0,6.0,1.0,1.0,1.0,6.0,1936.0,3.0,2.0,2.0,4.0,15.0,25.0,2.0,0.0,2.0,2.0,2.0,2.0,0.0,10.0,11.0,6.0,2.0,0.0,0.0,2.0,2.0,2.0,2.0,5.0,1.0,1.0,1.0,1.0,0.0,1.0,0.0,1.0,1.0,32.0,0
1.0,1.0,37.0,5.0,1.0,1.0,2.0,0.0,7.0,1.0,3.0,1.0,6.0,1369.0,2.0,1.0,1.0,0.0,25.0,0.0,1.0,1.0,1.0,1.0,2.0,2.0,0.0,99.0,8.0,0.0,0.0,0.0,0.0,0.0,0.0,0.0,0.0,0.0,0.0,0.0,0.0,0.0,0.0,0.0,0.0,0.0,0.0,32.0,0
1.0,1.0,43.0,2.0,1.0,1.0,2.0,0.0,7.0,2.0,1.0,1.0,5.0,1849.0,3.0,2.0,1.0,0.0,40.0,0.0,2.0,0.0,2.0,2.0,2.0,2.0,0.0,6.0,11.0,6.0,2.0,0.0,0.0,2.0,2.0,2.0,2.0,5.0,1.0,1.0,1.0,1.0,0.0,1.0,0.0,1.0,1.0,32.0,0
2.0,2.0,43.0,2.0,1.0,1.0,2.0,0.0,8.0,1.0,1.0,1.0,6.0,1849.0,3.0,2.0,2.0,3.0,12.0,9.0,2.0,0.0,2.0,2.0,2.0,2.0,0.0,99.0,11.0,6.0,2.0,0.0,0.0,2.0,2.0,2.0,2.0,5.0,1.0,1.0,1.0,1.0,0.0,1.0,0.0,1.0,1.0,32.0,0
1.0,1.0,77.0,2.0,12.0,1.0,2.0,0.0,8.0,1.0,1.0,1.0,6.0,5929.0,2.0,2.0,1.0,0.0,28.0,0.0,2.0,0.0,2.0,2.0,2.0,2.0,0.0,2.0,11.0,0.0,0.0,0.0,0.0,0.0,0.0,0.0,0.0,0.0,0.0,0.0,0.0,0.0,0.0,0.0,0.0,0.0,0.0,32.0,0
2.0,2.0,68.0,2.0,2.0,1.0,2.0,0.0,8.0,1.0,1.0,1.0,6.0,4624.0,2.0,2.0,1.0,0.0,40.0,0.0,2.0,0.0,2.0,2.0,2.0,2.0,0.0,3.0,11.0,0.0,0.0,0.0,0.0,0.0,0.0,0.0,0.0,0.0,0.0,0.0,0.0,0.0,0.0,0.0,0.0,0.0,0.0,32.0,0
2.0,1.0,43.0,1.0,1.0,1.0,2.0,0.0,7.0,2.0,1.0,1.0,5.0,1849.0,3.0,2.0,1.0,0.0,40.0,0.0,2.0,0.0,2.0,2.0,2.0,2.0,0.0,10.0,11.0,6.0,2.0,0.0,0.0,2.0,2.0,2.0,2.0,5.0,1.0,1.0,1.0,1.0,0.0,1.0,0.0,1.0,1.0,32.0,0
1.0,2.0,28.0,2.0,1.0,1.0,2.0,0.0,8.0,1.0,1.0,1.0,6.0,784.0,3.0,2.0,1.0,0.0,35.0,0.0,2.0,0.0,2.0,2.0,1.0,2.0,0.0,12.0,11.0,5.0,2.0,0.0,0.0,2.0,2.0,2.0,2.0,5.0,1.0,1.0,1.0,1.0,0.0,1.0,0.0,1.0,1.0,32.0,0
4.0,1.0,26.0,2.0,1.0,1.0,2.0,0.0,2.0,1.0,1.0,1.0,2.0,676.0,3.0,2.0,1.0,0.0,40.0,0.0,2.0,0.0,2.0,2.0,2.0,2.0,0.0,99.0,11.0,5.0,2.0,0.0,0.0,2.0,2.0,2.0,2.0,5.0,1.0,1.0,1.0,1.0,0.0,1.0,0.0,1.0,1.0,33.0,0
1.0,1.0,48.0,2.0,1.0,1.0,2.0,0.0,4.0,1.0,1.0,1.0,4.0,2304.0,3.0,2.0,1.0,0.0,36.0,0.0,2.0,0.0,2.0,2.0,1.0,2.0,0.0,10.0,4.0,6.0,2.0,0.0,0.0,2.0,2.0,2.0,2.0,5.0,1.0,1.0,1.0,1.0,0.0,1.0,0.0,3.0,1.0,33.0,0
3.0,1.0,21.0,5.0,1.0,1.0,1.0,2.0,7.0,2.0,1.0,1.0,5.0,441.0,3.0,2.0,1.0,0.0,40.0,0.0,2.0,0.0,2.0,2.0,2.0,2.0,0.0,10.0,11.0,5.0,2.0,0.0,0.0,2.0,2.0,2.0,2.0,5.0,1.0,1.0,1.0,1.0,0.0,1.0,0.0,3.0,1.0,33.0,0
3.0,2.0,17.0,5.0,4.0,1.0,1.0,1.0,4.0,2.0,1.0,1.0,3.0,289.0,3.0,2.0,1.0,0.0,10.0,0.0,2.0,0.0,2.0,2.0,2.0,2.0,0.0,2.0,11.0,1.0,1.0,1.0,4.0,2.0,2.0,2.0,2.0,5.0,2.0,2.0,2.0,2.0,5.0,2.0,2.0,1.0,5.0,33.0,1
1.0,2.0,54.0,3.0,4.0,1.0,2.0,0.0,4.0,2.0,1.0,1.0,3.0,2916.0,3.0,2.0,1.0,0.0,16.0,0.0,2.0,0.0,2.0,2.0,2.0,1.0,4.0,0.0,0.0,0.0,0.0,0.0,0.0,2.0,2.0,2.0,1.0,0.0,2.0,2.0,2.0,2.0,5.0,2.0,2.0,1.0,4.0,33.0,1
3.0,2.0,24.0,5.0,4.0,1.0,2.0,0.0,4.0,2.0,4.0,1.0,3.0,576.0,2.0,2.0,1.0,0.0,36.0,0.0,2.0,0.0,2.0,2.0,2.0,2.0,0.0,1.0,11.0,0.0,0.0,0.0,0.0,0.0,0.0,0.0,0.0,0.0,0.0,0.0,0.0,0.0,0.0,0.0,0.0,0.0,0.0,33.0,0
3.0,2.0,21.0,5.0,4.0,1.0,2.0,0.0,4.0,1.0,4.0,1.0,4.0,441.0,2.0,2.0,1.0,0.0,36.0,0.0,2.0,0.0,2.0,2.0,2.0,2.0,0.0,1.0,11.0,0.0,0.0,0.0,0.0,0.0,0.0,0.0,0.0,0.0,0.0,0.0,0.0,0.0,0.0,0.0,0.0,0.0,0.0,33.0,0
1.0,2.0,41.0,5.0,1.0,1.0,2.0,0.0,6.0,2.0,1.0,1.0,5.0,1681.0,3.0,2.0,1.0,0.0,35.0,0.0,2.0,0.0,2.0,2.0,1.0,2.0,0.0,12.0,11.0,6.0,2.0,0.0,0.0,2.0,2.0,2.0,2.0,5.0,1.0,1.0,1.0,1.0,0.0,1.0,0.0,1.0,1.0,32.0,0
1.0,1.0,23.0,5.0,1.0,1.0,1.0,2.0,7.0,2.0,1.0,1.0,5.0,529.0,3.0,2.0,1.0,0.0,36.0,0.0,2.0,0.0,2.0,2.0,2.0,2.0,0.0,6.0,11.0,5.0,2.0,0.0,0.0,2.0,2.0,2.0,2.0,5.0,1.0,1.0,1.0,1.0,0.0,1.0,0.0,1.0,1.0,32.0,0
8.0,1.0,20.0,5.0,1.0,1.0,1.0,2.0,7.0,2.0,1.0,1.0,5.0,400.0,3.0,2.0,1.0,0.0,12.0,0.0,2.0,0.0,2.0,2.0,2.0,2.0,0.0,6.0,11.0,5.0,2.0,0.0,0.0,2.0,2.0,2.0,2.0,5.0,1.0,1.0,1.0,1.0,0.0,1.0,0.0,1.0,1.0,32.0,0
1.0,1.0,29.0,1.0,4.0,1.0,2.0,0.0,4.0,1.0,4.0,1.0,4.0,841.0,3.0,3.0,1.0,0.0,60.0,0.0,2.0,0.0,2.0,1.0,2.0,2.0,0.0,2.0,8.0,6.0,2.0,0.0,0.0,1.0,2.0,2.0,2.0,0.0,2.0,2.0,2.0,2.0,5.0,2.0,2.0,1.0,4.0,33.0,1
3.0,2.0,41.0,5.0,1.0,1.0,2.0,0.0,7.0,1.0,3.0,1.0,6.0,1681.0,3.0,3.0,2.0,2.0,60.0,12.0,2.0,0.0,2.0,2.0,2.0,2.0,0.0,11.0,11.0,6.0,2.0,0.0,0.0,2.0,2.0,2.0,2.0,5.0,1.0,1.0,1.0,1.0,0.0,1.0,0.0,3.0,1.0,33.0,0
3.0,1.0,27.0,5.0,1.0,1.0,2.0,0.0,4.0,2.0,1.0,1.0,3.0,729.0,2.0,2.0,1.0,0.0,36.0,0.0,2.0,0.0,2.0,2.0,2.0,2.0,0.0,1.0,6.0,0.0,0.0,0.0,0.0,0.0,0.0,0.0,0.0,0.0,0.0,0.0,0.0,0.0,0.0,0.0,0.0,0.0,0.0,33.0,0
3.0,1.0,16.0,5.0,4.0,1.0,1.0,1.0,4.0,2.0,4.0,1.0,3.0,256.0,3.0,2.0,1.0,0.0,24.0,0.0,2.0,0.0,2.0,2.0,2.0,2.0,0.0,99.0,11.0,3.0,9.0,9.0,4.0,2.0,2.0,2.0,2.0,5.0,2.0,2.0,2.0,2.0,5.0,2.0,2.0,1.0,4.0,33.0,1
2.0,1.0,43.0,1.0,4.0,1.0,2.0,0.0,2.0,1.0,4.0,1.0,2.0,1849.0,2.0,3.0,1.0,0.0,46.0,0.0,2.0,0.0,2.0,2.0,2.0,2.0,0.0,1.0,5.0,0.0,0.0,0.0,0.0,0.0,0.0,0.0,0.0,0.0,0.0,0.0,0.0,0.0,0.0,0.0,0.0,0.0,0.0,33.0,0
1.0,1.0,49.0,2.0,1.0,1.0,2.0,0.0,7.0,1.0,1.0,1.0,6.0,2401.0,2.0,2.0,1.0,0.0,45.0,0.0,2.0,0.0,2.0,2.0,2.0,2.0,0.0,1.0,6.0,0.0,0.0,0.0,0.0,0.0,0.0,0.0,0.0,0.0,0.0,0.0,0.0,0.0,0.0,0.0,0.0,0.0,0.0,33.0,0
2.0,2.0,48.0,2.0,1.0,1.0,2.0,0.0,7.0,1.0,1.0,1.0,6.0,2304.0,3.0,2.0,2.0,2.0,30.0,10.0,2.0,0.0,2.0,2.0,1.0,2.0,0.0,10.0,11.0,5.0,2.0,0.0,0.0,2.0,2.0,2.0,2.0,5.0,1.0,1.0,1.0,1.0,0.0,1.0,0.0,1.0,1.0,33.0,0
3.0,1.0,21.0,5.0,4.0,1.0,2.0,0.0,4.0,2.0,1.0,1.0,3.0,441.0,3.0,3.0,1.0,0.0,84.0,0.0,1.0,1.0,1.0,2.0,2.0,2.0,0.0,5.0,11.0,5.0,2.0,0.0,0.0,2.0,2.0,2.0,2.0,5.0,2.0,2.0,2.0,2.0,5.0,2.0,2.0,1.0,4.0,33.0,1
1.0,1.0,54.0,4.0,1.0,1.0,2.0,0.0,2.0,2.0,1.0,1.0,1.0,2916.0,3.0,4.0,0.0,0.0,0.0,0.0,2.0,0.0,2.0,2.0,2.0,2.0,0.0,99.0,11.0,6.0,2.0,0.0,0.0,2.0,2.0,2.0,2.0,5.0,1.0,1.0,1.0,1.0,0.0,1.0,0.0,1.0,1.0,33.0,0
3.0,1.0,35.0,5.0,4.0,1.0,2.0,0.0,5.0,2.0,1.0,1.0,3.0,1225.0,2.0,1.0,1.0,0.0,24.0,0.0,1.0,1.0,1.0,1.0,2.0,2.0,0.0,1.0,11.0,0.0,0.0,0.0,0.0,0.0,0.0,0.0,0.0,0.0,0.0,0.0,0.0,0.0,0.0,0.0,0.0,0.0,0.0,33.0,0
3.0,1.0,24.0,5.0,1.0,1.0,2.0,0.0,4.0,1.0,1.0,1.0,4.0,576.0,3.0,3.0,1.0,0.0,56.0,0.0,2.0,0.0,2.0,2.0,2.0,2.0,0.0,6.0,11.0,5.0,2.0,0.0,0.0,2.0,2.0,2.0,2.0,5.0,1.0,1.0,1.0,1.0,0.0,1.0,0.0,1.0,1.0,33.0,0
3.0,1.0,22.0,5.0,4.0,1.0,2.0,0.0,4.0,1.0,1.0,1.0,4.0,484.0,3.0,2.0,1.0,0.0,45.0,0.0,2.0,0.0,2.0,2.0,2.0,2.0,0.0,99.0,11.0,3.0,1.0,1.0,4.0,2.0,2.0,2.0,2.0,5.0,2.0,2.0,2.0,2.0,5.0,2.0,2.0,1.0,4.0,33.0,1
1.0,1.0,34.0,5.0,4.0,1.0,2.0,0.0,2.0,1.0,1.0,1.0,2.0,1156.0,3.0,4.0,0.0,0.0,0.0,0.0,2.0,0.0,2.0,1.0,1.0,2.0,0.0,7.0,11.0,5.0,1.0,1.0,4.0,2.0,2.0,2.0,2.0,5.0,2.0,2.0,2.0,2.0,5.0,2.0,2.0,2.0,4.0,33.0,1
1.0,1.0,61.0,2.0,4.0,1.0,2.0,0.0,6.0,2.0,3.0,1.0,5.0,3721.0,2.0,1.0,1.0,0.0,22.0,0.0,1.0,1.0,2.0,2.0,2.0,2.0,0.0,1.0,12.0,0.0,0.0,0.0,0.0,0.0,0.0,0.0,0.0,0.0,0.0,0.0,0.0,0.0,0.0,0.0,0.0,0.0,0.0,33.0,0
3.0,1.0,28.0,5.0,1.0,1.0,2.0,0.0,4.0,1.0,1.0,1.0,4.0,784.0,3.0,2.0,1.0,0.0,45.0,0.0,2.0,0.0,2.0,2.0,2.0,2.0,0.0,99.0,11.0,5.0,2.0,0.0,0.0,2.0,2.0,2.0,2.0,5.0,1.0,1.0,1.0,1.0,0.0,1.0,0.0,1.0,1.0,33.0,0
3.0,2.0,25.0,5.0,1.0,1.0,1.0,1.0,7.0,2.0,1.0,1.0,5.0,625.0,3.0,2.0,1.0,0.0,38.0,0.0,2.0,0.0,2.0,2.0,2.0,2.0,0.0,11.0,11.0,5.0,2.0,0.0,0.0,1.0,2.0,2.0,2.0,0.0,1.0,1.0,1.0,1.0,0.0,1.0,0.0,1.0,1.0,33.0,0
3.0,2.0,20.0,5.0,1.0,1.0,1.0,1.0,7.0,2.0,1.0,1.0,5.0,400.0,2.0,1.0,1.0,0.0,10.0,0.0,1.0,1.0,1.0,1.0,2.0,2.0,0.0,1.0,6.0,0.0,0.0,0.0,0.0,0.0,0.0,0.0,0.0,0.0,0.0,0.0,0.0,0.0,0.0,0.0,0.0,0.0,0.0,33.0,0
1.0,2.0,39.0,5.0,1.0,1.0,2.0,0.0,4.0,1.0,3.0,1.0,4.0,1521.0,3.0,1.0,2.0,2.0,30.0,4.0,1.0,1.0,1.0,2.0,1.0,2.0,0.0,8.0,11.0,6.0,2.0,0.0,0.0,2.0,2.0,2.0,2.0,5.0,1.0,1.0,1.0,1.0,0.0,1.0,0.0,1.0,1.0,33.0,0
3.0,2.0,19.0,5.0,1.0,1.0,1.0,1.0,7.0,2.0,1.0,1.0,5.0,361.0,3.0,1.0,1.0,0.0,24.0,0.0,1.0,1.0,1.0,1.0,2.0,2.0,0.0,2.0,11.0,3.0,2.0,0.0,0.0,2.0,2.0,2.0,2.0,5.0,2.0,2.0,2.0,2.0,5.0,2.0,2.0,1.0,4.0,33.0,1
1.0,2.0,35.0,2.0,4.0,1.0,2.0,0.0,4.0,1.0,1.0,1.0,4.0,1225.0,3.0,4.0,0.0,0.0,0.0,0.0,2.0,0.0,2.0,2.0,2.0,1.0,1.0,0.0,0.0,0.0,0.0,0.0,0.0,2.0,2.0,2.0,2.0,5.0,2.0,2.0,2.0,2.0,5.0,2.0,2.0,1.0,4.0,32.0,1
2.0,1.0,52.0,2.0,4.0,1.0,2.0,0.0,4.0,1.0,1.0,1.0,4.0,2704.0,2.0,2.0,1.0,0.0,35.0,0.0,2.0,0.0,2.0,2.0,2.0,2.0,0.0,1.0,4.0,0.0,0.0,0.0,0.0,0.0,0.0,0.0,0.0,0.0,0.0,0.0,0.0,0.0,0.0,0.0,0.0,0.0,0.0,32.0,0
1.0,1.0,45.0,5.0,2.0,1.0,2.0,0.0,8.0,1.0,1.0,1.0,6.0,2025.0,1.0,1.0,1.0,0.0,20.0,0.0,1.0,1.0,1.0,2.0,2.0,2.0,0.0,6.0,11.0,0.0,0.0,0.0,0.0,0.0,0.0,0.0,0.0,0.0,0.0,0.0,0.0,0.0,0.0,0.0,0.0,0.0,0.0,33.0,0
2.0,2.0,48.0,2.0,1.0,1.0,2.0,0.0,7.0,1.0,2.0,1.0,6.0,2304.0,3.0,1.0,1.0,0.0,30.0,0.0,1.0,1.0,2.0,2.0,1.0,2.0,0.0,10.0,11.0,6.0,2.0,0.0,0.0,1.0,2.0,2.0,2.0,0.0,1.0,1.0,1.0,1.0,0.0,1.0,0.0,1.0,1.0,33.0,0
1.0,2.0,44.0,3.0,1.0,1.0,2.0,0.0,7.0,1.0,1.0,1.0,6.0,1936.0,3.0,2.0,1.0,0.0,30.0,0.0,2.0,0.0,2.0,2.0,2.0,2.0,0.0,12.0,11.0,6.0,2.0,0.0,0.0,1.0,2.0,2.0,2.0,0.0,1.0,1.0,1.0,1.0,0.0,1.0,0.0,2.0,1.0,33.0,0
1.0,1.0,56.0,2.0,2.0,1.0,2.0,0.0,4.0,1.0,3.0,1.0,4.0,3136.0,1.0,2.0,1.0,0.0,40.0,0.0,2.0,0.0,2.0,2.0,2.0,2.0,0.0,3.0,11.0,0.0,0.0,0.0,0.0,0.0,0.0,0.0,0.0,0.0,0.0,0.0,0.0,0.0,0.0,0.0,0.0,0.0,0.0,33.0,0
3.0,1.0,24.0,5.0,2.0,1.0,1.0,1.0,7.0,2.0,1.0,1.0,5.0,576.0,3.0,1.0,1.0,0.0,20.0,0.0,1.0,1.0,1.0,1.0,2.0,2.0,0.0,10.0,11.0,5.0,1.0,5.0,3.0,1.0,2.0,2.0,2.0,0.0,2.0,2.0,2.0,2.0,5.0,2.0,1.0,1.0,4.0,33.0,1
1.0,2.0,24.0,5.0,4.0,1.0,2.0,0.0,4.0,2.0,3.0,1.0,3.0,576.0,3.0,1.0,1.0,0.0,24.0,0.0,1.0,1.0,1.0,1.0,2.0,2.0,0.0,6.0,11.0,2.0,2.0,0.0,0.0,2.0,2.0,2.0,2.0,5.0,2.0,2.0,2.0,2.0,5.0,2.0,2.0,1.0,4.0,33.0,1
1.0,1.0,67.0,2.0,1.0,1.0,2.0,0.0,2.0,1.0,3.0,1.0,2.0,4489.0,3.0,3.0,1.0,0.0,64.0,0.0,2.0,0.0,2.0,2.0,2.0,2.0,0.0,99.0,4.0,6.0,2.0,0.0,0.0,2.0,2.0,2.0,2.0,5.0,1.0,1.0,1.0,1.0,0.0,1.0,0.0,1.0,1.0,33.0,0
2.0,1.0,37.0,1.0,4.0,1.0,2.0,0.0,2.0,1.0,1.0,1.0,2.0,1369.0,2.0,2.0,1.0,0.0,40.0,0.0,2.0,0.0,2.0,2.0,2.0,2.0,0.0,1.0,12.0,0.0,0.0,0.0,0.0,0.0,0.0,0.0,0.0,0.0,0.0,0.0,0.0,0.0,0.0,0.0,0.0,0.0,0.0,33.0,0
1.0,2.0,56.0,1.0,1.0,1.0,2.0,0.0,4.0,1.0,1.0,1.0,4.0,3136.0,3.0,2.0,1.0,0.0,40.0,0.0,2.0,0.0,2.0,2.0,1.0,2.0,0.0,9.0,11.0,5.0,9.0,9.0,4.0,2.0,2.0,2.0,2.0,5.0,2.0,2.0,2.0,2.0,5.0,2.0,1.0,1.0,3.0,33.0,1
2.0,1.0,60.0,1.0,4.0,1.0,2.0,0.0,2.0,1.0,1.0,1.0,2.0,3600.0,2.0,3.0,1.0,0.0,54.0,0.0,2.0,0.0,2.0,2.0,2.0,2.0,0.0,1.0,11.0,0.0,0.0,0.0,0.0,0.0,0.0,0.0,0.0,0.0,0.0,0.0,0.0,0.0,0.0,0.0,0.0,0.0,0.0,33.0,0
1.0,2.0,54.0,3.0,1.0,1.0,2.0,0.0,2.0,1.0,3.0,1.0,2.0,2916.0,3.0,3.0,2.0,3.0,32.0,16.0,2.0,0.0,2.0,2.0,2.0,1.0,3.0,0.0,0.0,0.0,0.0,0.0,0.0,1.0,2.0,2.0,2.0,0.0,1.0,1.0,1.0,1.0,0.0,1.0,0.0,1.0,1.0,32.0,0
3.0,2.0,38.0,1.0,1.0,1.0,2.0,0.0,6.0,1.0,3.0,1.0,6.0,1444.0,3.0,2.0,2.0,2.0,35.0,3.0,2.0,0.0,2.0,2.0,3.0,2.0,0.0,99.0,11.0,6.0,2.0,0.0,0.0,2.0,2.0,2.0,2.0,5.0,1.0,1.0,1.0,1.0,0.0,1.0,0.0,1.0,1.0,32.0,0
4.0,1.0,40.0,1.0,4.0,1.0,1.0,2.0,6.0,2.0,3.0,1.0,5.0,1600.0,3.0,1.0,1.0,0.0,18.0,0.0,1.0,1.0,1.0,1.0,2.0,2.0,0.0,2.0,8.0,2.0,1.0,1.0,4.0,2.0,2.0,2.0,2.0,5.0,2.0,2.0,2.0,2.0,5.0,2.0,2.0,1.0,4.0,32.0,1
3.0,1.0,33.0,1.0,1.0,1.0,2.0,0.0,4.0,2.0,1.0,1.0,3.0,1089.0,3.0,2.0,1.0,0.0,40.0,0.0,2.0,0.0,2.0,2.0,2.0,2.0,0.0,99.0,11.0,6.0,2.0,0.0,0.0,2.0,2.0,2.0,2.0,5.0,1.0,1.0,1.0,1.0,0.0,1.0,0.0,1.0,1.0,32.0,0
8.0,2.0,33.0,1.0,1.0,1.0,2.0,0.0,4.0,2.0,1.0,1.0,3.0,1089.0,3.0,2.0,1.0,0.0,40.0,0.0,2.0,0.0,2.0,2.0,2.0,2.0,0.0,99.0,11.0,6.0,9.0,9.0,4.0,2.0,2.0,2.0,2.0,5.0,1.0,1.0,1.0,1.0,0.0,1.0,0.0,1.0,1.0,32.0,0
3.0,1.0,53.0,5.0,1.0,1.0,2.0,0.0,2.0,1.0,1.0,1.0,2.0,2809.0,2.0,2.0,1.0,0.0,35.0,0.0,2.0,0.0,2.0,2.0,2.0,2.0,0.0,1.0,8.0,0.0,0.0,0.0,0.0,0.0,0.0,0.0,0.0,0.0,0.0,0.0,0.0,0.0,0.0,0.0,0.0,0.0,0.0,33.0,0
1.0,2.0,49.0,1.0,1.0,1.0,2.0,0.0,8.0,1.0,1.0,1.0,6.0,2401.0,3.0,2.0,1.0,0.0,40.0,0.0,1.0,1.0,1.0,1.0,1.0,2.0,0.0,12.0,11.0,6.0,2.0,0.0,0.0,2.0,2.0,2.0,2.0,5.0,1.0,1.0,1.0,1.0,0.0,1.0,0.0,1.0,1.0,33.0,0
2.0,1.0,48.0,1.0,1.0,1.0,2.0,0.0,7.0,1.0,3.0,1.0,6.0,2304.0,3.0,2.0,1.0,0.0,40.0,0.0,1.0,1.0,1.0,1.0,1.0,2.0,0.0,11.0,11.0,6.0,2.0,0.0,0.0,2.0,2.0,2.0,2.0,5.0,1.0,1.0,1.0,1.0,0.0,1.0,0.0,1.0,1.0,33.0,0
8.0,1.0,42.0,5.0,1.0,1.0,2.0,0.0,6.0,2.0,1.0,1.0,5.0,1764.0,3.0,3.0,1.0,0.0,50.0,0.0,2.0,0.0,2.0,2.0,2.0,2.0,0.0,99.0,11.0,6.0,2.0,0.0,0.0,2.0,2.0,2.0,2.0,5.0,1.0,1.0,1.0,1.0,0.0,1.0,0.0,1.0,1.0,33.0,0
3.0,1.0,36.0,5.0,4.0,1.0,2.0,0.0,4.0,2.0,1.0,1.0,3.0,1296.0,2.0,3.0,1.0,0.0,48.0,0.0,2.0,0.0,2.0,2.0,2.0,2.0,0.0,1.0,11.0,0.0,0.0,0.0,0.0,0.0,0.0,0.0,0.0,0.0,0.0,0.0,0.0,0.0,0.0,0.0,0.0,0.0,0.0,33.0,0
1.0,1.0,59.0,2.0,1.0,1.0,2.0,0.0,2.0,1.0,1.0,1.0,2.0,3481.0,3.0,3.0,1.0,0.0,50.0,0.0,2.0,0.0,2.0,2.0,2.0,2.0,0.0,6.0,4.0,6.0,2.0,0.0,0.0,2.0,2.0,2.0,2.0,5.0,2.0,2.0,2.0,2.0,5.0,2.0,1.0,1.0,3.0,33.0,1
3.0,1.0,31.0,5.0,4.0,1.0,2.0,0.0,7.0,2.0,1.0,1.0,5.0,961.0,3.0,1.0,1.0,0.0,24.0,0.0,1.0,1.0,1.0,1.0,2.0,2.0,0.0,99.0,11.0,5.0,2.0,0.0,0.0,1.0,2.0,2.0,2.0,0.0,2.0,2.0,2.0,2.0,5.0,2.0,2.0,2.0,4.0,33.0,1
3.0,1.0,24.0,5.0,1.0,1.0,2.0,0.0,7.0,2.0,1.0,1.0,5.0,576.0,3.0,2.0,1.0,0.0,24.0,0.0,2.0,0.0,2.0,2.0,2.0,2.0,0.0,7.0,4.0,5.0,2.0,0.0,0.0,2.0,2.0,2.0,2.0,5.0,1.0,1.0,1.0,1.0,0.0,1.0,0.0,3.0,1.0,33.0,0
1.0,1.0,30.0,2.0,1.0,1.0,1.0,1.0,7.0,2.0,1.0,1.0,5.0,900.0,3.0,2.0,1.0,0.0,36.0,0.0,2.0,0.0,2.0,2.0,1.0,2.0,0.0,12.0,11.0,6.0,2.0,0.0,0.0,2.0,2.0,2.0,2.0,5.0,1.0,1.0,1.0,1.0,0.0,1.0,0.0,3.0,1.0,33.0,0
1.0,1.0,28.0,1.0,1.0,1.0,2.0,0.0,4.0,1.0,1.0,1.0,4.0,784.0,3.0,2.0,1.0,0.0,40.0,0.0,2.0,0.0,2.0,2.0,2.0,2.0,0.0,7.0,8.0,5.0,2.0,0.0,0.0,2.0,2.0,2.0,2.0,5.0,1.0,1.0,1.0,1.0,0.0,1.0,0.0,1.0,1.0,33.0,0
8.0,2.0,19.0,5.0,1.0,1.0,1.0,1.0,7.0,2.0,1.0,1.0,5.0,361.0,2.0,2.0,1.0,0.0,36.0,0.0,2.0,0.0,2.0,2.0,2.0,2.0,0.0,1.0,6.0,0.0,0.0,0.0,0.0,0.0,0.0,0.0,0.0,0.0,0.0,0.0,0.0,0.0,0.0,0.0,0.0,0.0,0.0,32.0,0
1.0,1.0,42.0,1.0,4.0,1.0,2.0,0.0,4.0,1.0,1.0,1.0,4.0,1764.0,3.0,3.0,1.0,0.0,50.0,0.0,2.0,0.0,2.0,2.0,2.0,2.0,0.0,99.0,11.0,6.0,2.0,0.0,0.0,2.0,2.0,2.0,2.0,5.0,1.0,1.0,1.0,2.0,0.0,2.0,2.0,1.0,1.0,33.0,1
1.0,2.0,46.0,2.0,1.0,1.0,2.0,0.0,7.0,2.0,2.0,1.0,5.0,2116.0,3.0,2.0,1.0,0.0,40.0,0.0,2.0,0.0,2.0,2.0,1.0,2.0,0.0,12.0,11.0,6.0,2.0,0.0,0.0,2.0,2.0,2.0,2.0,5.0,1.0,1.0,1.0,1.0,0.0,1.0,0.0,1.0,1.0,33.0,0
1.0,1.0,44.0,1.0,1.0,1.0,2.0,0.0,4.0,1.0,1.0,1.0,4.0,1936.0,3.0,2.0,1.0,0.0,45.0,0.0,2.0,0.0,2.0,2.0,2.0,2.0,0.0,12.0,11.0,6.0,2.0,0.0,0.0,2.0,2.0,2.0,2.0,5.0,1.0,1.0,1.0,1.0,0.0,1.0,0.0,1.0,1.0,33.0,0
2.0,2.0,37.0,1.0,1.0,1.0,2.0,0.0,7.0,2.0,1.0,1.0,5.0,1369.0,3.0,3.0,1.0,0.0,48.0,0.0,2.0,0.0,2.0,2.0,2.0,2.0,0.0,12.0,11.0,6.0,2.0,0.0,0.0,2.0,2.0,2.0,2.0,5.0,1.0,1.0,1.0,1.0,0.0,1.0,0.0,1.0,1.0,33.0,0
1.0,1.0,50.0,2.0,1.0,1.0,2.0,0.0,4.0,1.0,1.0,1.0,4.0,2500.0,3.0,3.0,1.0,0.0,48.0,0.0,2.0,0.0,2.0,2.0,2.0,2.0,0.0,99.0,11.0,5.0,2.0,0.0,0.0,2.0,2.0,2.0,2.0,5.0,1.0,1.0,1.0,1.0,0.0,1.0,0.0,1.0,1.0,33.0,0
2.0,2.0,51.0,2.0,1.0,1.0,2.0,0.0,4.0,1.0,1.0,1.0,4.0,2601.0,3.0,4.0,0.0,0.0,0.0,0.0,1.0,3.0,1.0,1.0,2.0,1.0,1.0,0.0,0.0,0.0,0.0,0.0,0.0,2.0,2.0,2.0,2.0,5.0,1.0,1.0,1.0,1.0,0.0,1.0,0.0,1.0,1.0,33.0,0
1.0,1.0,34.0,1.0,1.0,1.0,2.0,0.0,7.0,1.0,1.0,1.0,6.0,1156.0,3.0,2.0,1.0,0.0,36.0,0.0,2.0,0.0,2.0,2.0,2.0,2.0,0.0,12.0,6.0,6.0,2.0,0.0,0.0,2.0,2.0,2.0,2.0,5.0,1.0,1.0,1.0,1.0,0.0,1.0,0.0,1.0,1.0,32.0,0
1.0,1.0,71.0,2.0,1.0,1.0,2.0,0.0,7.0,2.0,2.0,1.0,5.0,5041.0,3.0,4.0,0.0,0.0,0.0,0.0,2.0,0.0,2.0,2.0,1.0,2.0,0.0,99.0,11.0,5.0,2.0,0.0,0.0,2.0,2.0,2.0,2.0,5.0,2.0,2.0,2.0,2.0,5.0,2.0,2.0,1.0,4.0,33.0,1
2.0,2.0,59.0,2.0,1.0,1.0,2.0,0.0,7.0,2.0,1.0,1.0,5.0,3481.0,3.0,2.0,1.0,0.0,30.0,0.0,2.0,0.0,2.0,2.0,1.0,2.0,0.0,12.0,11.0,6.0,2.0,0.0,0.0,2.0,2.0,2.0,2.0,5.0,1.0,1.0,1.0,1.0,0.0,1.0,0.0,1.0,1.0,33.0,0
1.0,1.0,67.0,2.0,1.0,1.0,2.0,0.0,6.0,1.0,1.0,1.0,6.0,4489.0,3.0,4.0,0.0,0.0,0.0,0.0,2.0,0.0,2.0,2.0,1.0,2.0,0.0,8.0,11.0,6.0,2.0,0.0,0.0,2.0,1.0,2.0,2.0,0.0,1.0,1.0,1.0,1.0,0.0,1.0,0.0,3.0,1.0,33.0,0
1.0,1.0,40.0,5.0,1.0,1.0,2.0,0.0,8.0,2.0,1.0,1.0,6.0,1600.0,3.0,2.0,1.0,0.0,45.0,0.0,2.0,0.0,1.0,1.0,2.0,2.0,0.0,6.0,11.0,5.0,2.0,0.0,0.0,2.0,2.0,2.0,2.0,5.0,1.0,1.0,1.0,1.0,0.0,1.0,0.0,1.0,1.0,33.0,0
1.0,2.0,62.0,2.0,1.0,1.0,2.0,0.0,7.0,2.0,1.0,1.0,5.0,3844.0,3.0,2.0,1.0,0.0,40.0,0.0,2.0,0.0,2.0,2.0,1.0,2.0,0.0,9.0,11.0,6.0,2.0,0.0,0.0,2.0,2.0,2.0,2.0,5.0,1.0,1.0,1.0,1.0,0.0,1.0,0.0,1.0,1.0,33.0,0
2.0,1.0,58.0,2.0,1.0,1.0,2.0,0.0,6.0,2.0,1.0,1.0,5.0,3364.0,3.0,2.0,1.0,0.0,40.0,0.0,2.0,0.0,2.0,2.0,1.0,2.0,0.0,11.0,11.0,6.0,2.0,0.0,0.0,2.0,2.0,2.0,2.0,5.0,1.0,1.0,1.0,1.0,0.0,1.0,0.0,1.0,1.0,33.0,0
1.0,2.0,25.0,5.0,1.0,1.0,2.0,0.0,4.0,1.0,1.0,1.0,4.0,625.0,3.0,2.0,1.0,0.0,38.0,0.0,1.0,1.0,1.0,2.0,2.0,2.0,0.0,7.0,11.0,5.0,2.0,0.0,0.0,1.0,2.0,2.0,2.0,0.0,1.0,1.0,1.0,1.0,0.0,1.0,0.0,1.0,1.0,32.0,0
2.0,2.0,58.0,2.0,1.0,1.0,2.0,0.0,2.0,1.0,1.0,1.0,2.0,3364.0,3.0,3.0,2.0,2.0,42.0,28.0,2.0,0.0,2.0,2.0,2.0,2.0,0.0,12.0,9.0,6.0,2.0,0.0,0.0,2.0,2.0,2.0,2.0,5.0,2.0,2.0,2.0,2.0,5.0,2.0,2.0,1.0,4.0,33.0,1
3.0,1.0,30.0,5.0,4.0,1.0,2.0,0.0,5.0,2.0,1.0,1.0,3.0,900.0,3.0,2.0,1.0,0.0,45.0,0.0,2.0,0.0,2.0,2.0,2.0,2.0,0.0,6.0,8.0,2.0,1.0,9.0,4.0,2.0,2.0,2.0,2.0,5.0,2.0,2.0,2.0,2.0,5.0,2.0,2.0,1.0,4.0,33.0,1
5.0,1.0,18.0,5.0,1.0,1.0,2.0,0.0,4.0,2.0,1.0,1.0,3.0,324.0,3.0,1.0,1.0,0.0,27.0,0.0,1.0,1.0,1.0,1.0,2.0,2.0,0.0,6.0,8.0,1.0,1.0,9.0,4.0,2.0,2.0,2.0,2.0,5.0,2.0,2.0,2.0,2.0,5.0,2.0,2.0,1.0,4.0,33.0,1
1.0,1.0,47.0,2.0,1.0,1.0,2.0,0.0,4.0,1.0,1.0,1.0,4.0,2209.0,3.0,3.0,1.0,0.0,48.0,0.0,2.0,0.0,2.0,2.0,2.0,2.0,0.0,9.0,11.0,6.0,2.0,0.0,0.0,2.0,2.0,2.0,2.0,5.0,1.0,1.0,1.0,1.0,0.0,1.0,0.0,1.0,1.0,33.0,0
2.0,2.0,47.0,2.0,1.0,1.0,2.0,0.0,7.0,1.0,1.0,1.0,6.0,2209.0,3.0,2.0,1.0,0.0,40.0,0.0,2.0,0.0,2.0,2.0,2.0,2.0,0.0,99.0,11.0,6.0,2.0,0.0,0.0,2.0,2.0,2.0,2.0,5.0,1.0,1.0,1.0,1.0,0.0,1.0,0.0,1.0,1.0,33.0,0
1.0,1.0,33.0,2.0,1.0,1.0,2.0,0.0,4.0,1.0,1.0,1.0,4.0,1089.0,2.0,2.0,1.0,0.0,40.0,0.0,2.0,0.0,2.0,2.0,2.0,2.0,0.0,1.0,11.0,0.0,0.0,0.0,0.0,0.0,0.0,0.0,0.0,0.0,0.0,0.0,0.0,0.0,0.0,0.0,0.0,0.0,0.0,33.0,0
2.0,2.0,42.0,2.0,1.0,1.0,2.0,0.0,7.0,1.0,1.0,1.0,6.0,1764.0,3.0,2.0,1.0,0.0,40.0,0.0,2.0,0.0,2.0,2.0,2.0,2.0,0.0,99.0,11.0,6.0,2.0,0.0,0.0,2.0,2.0,2.0,2.0,5.0,1.0,1.0,1.0,1.0,0.0,1.0,0.0,1.0,1.0,33.0,0
1.0,2.0,62.0,5.0,1.0,1.0,2.0,0.0,6.0,1.0,1.0,1.0,6.0,3844.0,3.0,4.0,0.0,0.0,0.0,0.0,2.0,0.0,2.0,2.0,3.0,2.0,0.0,99.0,11.0,6.0,2.0,0.0,0.0,2.0,2.0,2.0,2.0,5.0,1.0,1.0,1.0,1.0,0.0,1.0,0.0,1.0,1.0,32.0,0
3.0,2.0,30.0,5.0,1.0,1.0,1.0,1.0,7.0,2.0,1.0,1.0,5.0,900.0,3.0,2.0,1.0,0.0,30.0,0.0,2.0,0.0,2.0,2.0,3.0,2.0,0.0,99.0,11.0,5.0,1.0,4.0,4.0,2.0,2.0,2.0,2.0,5.0,1.0,2.0,2.0,1.0,0.0,2.0,1.0,1.0,3.0,32.0,1
1.0,2.0,41.0,5.0,1.0,1.0,2.0,0.0,4.0,1.0,1.0,1.0,4.0,1681.0,3.0,2.0,1.0,0.0,45.0,0.0,2.0,0.0,2.0,2.0,2.0,2.0,0.0,10.0,11.0,6.0,2.0,0.0,0.0,2.0,2.0,2.0,2.0,5.0,1.0,1.0,1.0,1.0,0.0,1.0,0.0,1.0,1.0,32.0,0
8.0,1.0,31.0,1.0,4.0,1.0,2.0,0.0,4.0,2.0,1.0,1.0,3.0,961.0,3.0,2.0,2.0,2.0,38.0,6.0,2.0,0.0,2.0,2.0,2.0,2.0,0.0,4.0,11.0,5.0,2.0,0.0,0.0,2.0,2.0,2.0,2.0,5.0,2.0,2.0,2.0,2.0,5.0,2.0,2.0,3.0,4.0,32.0,1
9.0,2.0,26.0,1.0,1.0,1.0,1.0,1.0,7.0,2.0,2.0,2.0,5.0,676.0,3.0,2.0,1.0,0.0,20.0,0.0,2.0,0.0,2.0,2.0,2.0,2.0,0.0,99.0,11.0,5.0,2.0,0.0,0.0,1.0,2.0,2.0,2.0,0.0,1.0,1.0,1.0,1.0,0.0,1.0,0.0,1.0,1.0,32.0,0
3.0,1.0,20.0,5.0,1.0,1.0,2.0,0.0,4.0,1.0,1.0,1.0,4.0,400.0,2.0,3.0,1.0,0.0,56.0,0.0,2.0,0.0,2.0,2.0,2.0,2.0,0.0,1.0,6.0,0.0,0.0,0.0,0.0,0.0,0.0,0.0,0.0,0.0,0.0,0.0,0.0,0.0,0.0,0.0,0.0,0.0,0.0,32.0,0
2.0,2.0,34.0,1.0,1.0,1.0,2.0,0.0,6.0,1.0,1.0,1.0,6.0,1156.0,3.0,2.0,1.0,0.0,40.0,0.0,2.0,0.0,2.0,2.0,1.0,2.0,0.0,99.0,11.0,5.0,2.0,0.0,0.0,2.0,2.0,2.0,2.0,5.0,1.0,2.0,1.0,1.0,0.0,2.0,1.0,1.0,3.0,32.0,1
1.0,1.0,41.0,1.0,1.0,1.0,2.0,0.0,6.0,2.0,1.0,1.0,5.0,1681.0,2.0,2.0,1.0,0.0,40.0,0.0,2.0,0.0,2.0,2.0,2.0,2.0,0.0,1.0,6.0,0.0,0.0,0.0,0.0,0.0,0.0,0.0,0.0,0.0,0.0,0.0,0.0,0.0,0.0,0.0,0.0,0.0,0.0,32.0,0
1.0,2.0,47.0,2.0,4.0,1.0,2.0,0.0,7.0,1.0,5.0,1.0,6.0,2209.0,3.0,2.0,1.0,0.0,45.0,0.0,1.0,1.0,1.0,2.0,2.0,1.0,1.0,0.0,0.0,0.0,0.0,0.0,0.0,1.0,2.0,2.0,2.0,0.0,1.0,1.0,2.0,2.0,0.0,2.0,2.0,1.0,2.0,32.0,1
3.0,1.0,49.0,3.0,4.0,1.0,2.0,0.0,2.0,1.0,1.0,1.0,2.0,2401.0,3.0,1.0,1.0,0.0,5.0,0.0,1.0,1.0,1.0,1.0,2.0,2.0,0.0,3.0,8.0,1.0,1.0,9.0,4.0,1.0,2.0,2.0,2.0,0.0,2.0,2.0,2.0,2.0,5.0,2.0,2.0,1.0,4.0,33.0,1
3.0,1.0,44.0,5.0,4.0,1.0,2.0,0.0,4.0,1.0,1.0,1.0,4.0,1936.0,2.0,2.0,1.0,0.0,40.0,0.0,2.0,0.0,2.0,2.0,2.0,2.0,0.0,1.0,11.0,0.0,0.0,0.0,0.0,0.0,0.0,0.0,0.0,0.0,0.0,0.0,0.0,0.0,0.0,0.0,0.0,0.0,0.0,32.0,0
3.0,1.0,36.0,5.0,1.0,1.0,2.0,0.0,4.0,1.0,1.0,1.0,4.0,1296.0,3.0,2.0,1.0,0.0,40.0,0.0,2.0,0.0,2.0,2.0,2.0,2.0,0.0,99.0,4.0,6.0,2.0,0.0,0.0,2.0,2.0,2.0,1.0,0.0,1.0,1.0,1.0,1.0,0.0,1.0,0.0,1.0,1.0,32.0,0
2.0,2.0,70.0,2.0,1.0,1.0,2.0,0.0,7.0,1.0,3.0,1.0,6.0,4900.0,2.0,2.0,2.0,2.0,4.0,3.0,2.0,0.0,1.0,2.0,2.0,2.0,0.0,1.0,12.0,0.0,0.0,0.0,0.0,0.0,0.0,0.0,0.0,0.0,0.0,0.0,0.0,0.0,0.0,0.0,0.0,0.0,0.0,32.0,0
1.0,1.0,56.0,1.0,1.0,1.0,2.0,0.0,2.0,1.0,4.0,1.0,2.0,3136.0,2.0,3.0,1.0,0.0,66.0,0.0,2.0,0.0,2.0,2.0,2.0,2.0,0.0,1.0,12.0,0.0,0.0,0.0,0.0,0.0,0.0,0.0,0.0,0.0,0.0,0.0,0.0,0.0,0.0,0.0,0.0,0.0,0.0,33.0,0
1.0,1.0,45.0,1.0,4.0,1.0,2.0,0.0,4.0,1.0,4.0,1.0,4.0,2025.0,2.0,1.0,1.0,0.0,8.0,0.0,1.0,1.0,2.0,2.0,2.0,2.0,0.0,1.0,12.0,0.0,0.0,0.0,0.0,0.0,0.0,0.0,0.0,0.0,0.0,0.0,0.0,0.0,0.0,0.0,0.0,0.0,0.0,33.0,0
1.0,2.0,29.0,5.0,2.0,1.0,2.0,0.0,4.0,1.0,1.0,1.0,4.0,841.0,2.0,2.0,1.0,0.0,40.0,0.0,2.0,0.0,2.0,2.0,2.0,2.0,0.0,1.0,6.0,0.0,0.0,0.0,0.0,0.0,0.0,0.0,0.0,0.0,0.0,0.0,0.0,0.0,0.0,0.0,0.0,0.0,0.0,33.0,0
2.0,2.0,33.0,1.0,1.0,1.0,1.0,1.0,7.0,2.0,3.0,1.0,5.0,1089.0,3.0,2.0,1.0,0.0,32.0,0.0,2.0,0.0,2.0,2.0,2.0,2.0,0.0,8.0,11.0,5.0,2.0,0.0,0.0,2.0,2.0,2.0,2.0,5.0,1.0,1.0,1.0,1.0,0.0,1.0,0.0,1.0,1.0,32.0,0
1.0,2.0,47.0,5.0,1.0,1.0,2.0,0.0,7.0,1.0,1.0,1.0,6.0,2209.0,3.0,2.0,1.0,0.0,35.0,0.0,2.0,0.0,2.0,2.0,2.0,2.0,0.0,5.0,11.0,5.0,2.0,0.0,0.0,2.0,2.0,2.0,2.0,5.0,1.0,1.0,1.0,1.0,0.0,1.0,0.0,1.0,1.0,32.0,0
1.0,2.0,39.0,3.0,2.0,1.0,2.0,0.0,7.0,1.0,1.0,1.0,6.0,1521.0,3.0,2.0,1.0,0.0,45.0,0.0,2.0,0.0,2.0,2.0,2.0,2.0,0.0,10.0,11.0,5.0,2.0,0.0,0.0,2.0,2.0,2.0,1.0,0.0,1.0,1.0,1.0,1.0,0.0,1.0,0.0,1.0,1.0,33.0,0
1.0,1.0,76.0,4.0,1.0,1.0,2.0,0.0,2.0,1.0,1.0,1.0,2.0,5776.0,3.0,2.0,1.0,0.0,15.0,0.0,2.0,0.0,2.0,2.0,2.0,2.0,0.0,99.0,8.0,5.0,1.0,1.0,4.0,2.0,2.0,2.0,2.0,5.0,2.0,2.0,2.0,2.0,5.0,2.0,2.0,1.0,4.0,33.0,1
1.0,1.0,54.0,4.0,1.0,1.0,2.0,0.0,4.0,1.0,4.0,1.0,4.0,2916.0,3.0,3.0,1.0,0.0,60.0,0.0,2.0,0.0,2.0,2.0,2.0,2.0,0.0,7.0,11.0,6.0,2.0,0.0,0.0,2.0,2.0,2.0,2.0,5.0,1.0,1.0,1.0,1.0,0.0,1.0,0.0,2.0,1.0,33.0,0
1.0,1.0,68.0,1.0,2.0,1.0,2.0,0.0,4.0,1.0,1.0,1.0,4.0,4624.0,3.0,2.0,1.0,0.0,45.0,0.0,2.0,0.0,2.0,2.0,2.0,2.0,0.0,8.0,11.0,6.0,2.0,0.0,0.0,1.0,2.0,2.0,2.0,0.0,1.0,1.0,2.0,2.0,0.0,2.0,2.0,1.0,4.0,33.0,1
2.0,2.0,61.0,1.0,2.0,1.0,2.0,0.0,4.0,1.0,1.0,1.0,4.0,3721.0,3.0,2.0,1.0,0.0,30.0,0.0,2.0,0.0,2.0,2.0,2.0,2.0,0.0,8.0,11.0,6.0,2.0,0.0,0.0,2.0,2.0,2.0,2.0,5.0,1.0,1.0,2.0,2.0,0.0,2.0,2.0,1.0,4.0,33.0,1
2.0,2.0,55.0,2.0,1.0,1.0,2.0,0.0,2.0,1.0,1.0,1.0,2.0,3025.0,3.0,1.0,1.0,0.0,15.0,0.0,1.0,1.0,1.0,1.0,2.0,1.0,1.0,0.0,0.0,0.0,0.0,0.0,0.0,1.0,2.0,2.0,2.0,0.0,2.0,1.0,2.0,1.0,0.0,1.0,0.0,1.0,1.0,33.0,0
3.0,2.0,34.0,5.0,4.0,1.0,2.0,0.0,4.0,2.0,1.0,1.0,3.0,1156.0,2.0,1.0,1.0,0.0,12.0,0.0,1.0,1.0,1.0,2.0,2.0,2.0,0.0,1.0,12.0,0.0,0.0,0.0,0.0,0.0,0.0,0.0,0.0,0.0,0.0,0.0,0.0,0.0,0.0,0.0,0.0,0.0,0.0,33.0,0
1.0,1.0,56.0,2.0,4.0,1.0,2.0,0.0,2.0,1.0,4.0,1.0,2.0,3136.0,2.0,2.0,1.0,0.0,16.0,0.0,2.0,0.0,2.0,2.0,2.0,2.0,0.0,1.0,8.0,0.0,0.0,0.0,0.0,0.0,0.0,0.0,0.0,0.0,0.0,0.0,0.0,0.0,0.0,0.0,0.0,0.0,0.0,33.0,0
2.0,1.0,44.0,2.0,4.0,1.0,2.0,0.0,7.0,1.0,5.0,1.0,6.0,1936.0,3.0,2.0,1.0,0.0,40.0,0.0,2.0,0.0,2.0,2.0,2.0,2.0,0.0,7.0,11.0,2.0,2.0,0.0,0.0,2.0,2.0,2.0,2.0,5.0,1.0,2.0,2.0,2.0,0.0,2.0,2.0,1.0,4.0,32.0,1
1.0,1.0,21.0,2.0,4.0,1.0,2.0,0.0,4.0,2.0,1.0,1.0,3.0,441.0,3.0,2.0,1.0,0.0,40.0,0.0,2.0,0.0,2.0,2.0,2.0,2.0,0.0,4.0,4.0,5.0,2.0,0.0,0.0,2.0,2.0,2.0,2.0,5.0,2.0,2.0,2.0,2.0,5.0,2.0,2.0,1.0,4.0,33.0,1
1.0,2.0,66.0,3.0,1.0,1.0,2.0,0.0,4.0,2.0,3.0,1.0,3.0,4356.0,3.0,2.0,1.0,0.0,45.0,0.0,2.0,0.0,2.0,2.0,2.0,2.0,0.0,1.0,11.0,6.0,2.0,0.0,0.0,2.0,2.0,2.0,2.0,5.0,1.0,1.0,1.0,1.0,0.0,1.0,0.0,1.0,1.0,32.0,0
3.0,1.0,42.0,5.0,1.0,1.0,2.0,0.0,4.0,1.0,1.0,1.0,4.0,1764.0,3.0,2.0,1.0,0.0,33.0,0.0,2.0,0.0,2.0,2.0,2.0,2.0,0.0,6.0,8.0,6.0,2.0,0.0,0.0,2.0,2.0,2.0,2.0,5.0,1.0,1.0,1.0,1.0,0.0,1.0,0.0,1.0,1.0,32.0,0
2.0,2.0,58.0,2.0,12.0,1.0,2.0,0.0,8.0,1.0,1.0,1.0,6.0,3364.0,3.0,3.0,2.0,2.0,30.0,20.0,2.0,0.0,2.0,2.0,1.0,2.0,0.0,12.0,11.0,6.0,2.0,0.0,0.0,2.0,2.0,2.0,2.0,5.0,1.0,1.0,1.0,1.0,0.0,1.0,0.0,1.0,1.0,32.0,0
1.0,1.0,43.0,5.0,1.0,1.0,2.0,0.0,4.0,1.0,2.0,1.0,4.0,1849.0,3.0,2.0,1.0,0.0,35.0,0.0,2.0,0.0,2.0,2.0,2.0,2.0,0.0,7.0,10.0,1.0,2.0,0.0,0.0,2.0,2.0,2.0,2.0,5.0,2.0,2.0,2.0,2.0,5.0,2.0,1.0,1.0,3.0,32.0,1
1.0,1.0,43.0,2.0,1.0,1.0,2.0,0.0,6.0,1.0,1.0,1.0,6.0,1849.0,3.0,2.0,1.0,0.0,40.0,0.0,2.0,0.0,2.0,2.0,1.0,2.0,0.0,8.0,11.0,6.0,2.0,0.0,0.0,2.0,2.0,2.0,2.0,5.0,1.0,1.0,1.0,1.0,0.0,1.0,0.0,1.0,1.0,32.0,0
2.0,2.0,41.0,2.0,1.0,1.0,2.0,0.0,4.0,1.0,1.0,1.0,4.0,1681.0,3.0,2.0,1.0,0.0,40.0,0.0,2.0,0.0,2.0,2.0,2.0,2.0,0.0,7.0,11.0,9.0,2.0,0.0,0.0,2.0,2.0,2.0,2.0,5.0,2.0,1.0,1.0,1.0,0.0,1.0,0.0,1.0,1.0,32.0,0
1.0,2.0,56.0,5.0,1.0,1.0,2.0,0.0,7.0,1.0,2.0,1.0,6.0,3136.0,2.0,3.0,2.0,3.0,40.0,24.0,1.0,1.0,2.0,2.0,2.0,2.0,0.0,1.0,11.0,0.0,0.0,0.0,0.0,0.0,0.0,0.0,0.0,0.0,0.0,0.0,0.0,0.0,0.0,0.0,0.0,0.0,0.0,32.0,0
1.0,1.0,35.0,5.0,1.0,1.0,2.0,0.0,7.0,2.0,1.0,1.0,5.0,1225.0,3.0,2.0,1.0,0.0,40.0,0.0,2.0,0.0,2.0,2.0,2.0,2.0,0.0,11.0,11.0,3.0,2.0,0.0,0.0,2.0,2.0,2.0,2.0,5.0,1.0,1.0,1.0,1.0,0.0,1.0,0.0,1.0,1.0,32.0,0
1.0,1.0,31.0,5.0,2.0,1.0,2.0,0.0,7.0,2.0,1.0,1.0,5.0,961.0,2.0,3.0,1.0,0.0,50.0,0.0,2.0,0.0,2.0,2.0,2.0,2.0,0.0,9.0,11.0,0.0,0.0,0.0,0.0,0.0,0.0,0.0,0.0,0.0,0.0,0.0,0.0,0.0,0.0,0.0,0.0,0.0,0.0,33.0,0
1.0,2.0,47.0,5.0,1.0,1.0,2.0,0.0,4.0,1.0,3.0,1.0,4.0,2209.0,3.0,2.0,1.0,0.0,40.0,0.0,2.0,0.0,2.0,2.0,1.0,2.0,0.0,9.0,11.0,6.0,2.0,0.0,0.0,2.0,2.0,2.0,2.0,5.0,1.0,1.0,1.0,1.0,0.0,1.0,0.0,1.0,1.0,33.0,0
3.0,1.0,23.0,5.0,1.0,1.0,2.0,0.0,4.0,1.0,1.0,1.0,4.0,529.0,2.0,1.0,1.0,0.0,12.0,0.0,1.0,1.0,1.0,1.0,2.0,2.0,0.0,1.0,9.0,0.0,0.0,0.0,0.0,0.0,0.0,0.0,0.0,0.0,0.0,0.0,0.0,0.0,0.0,0.0,0.0,0.0,0.0,33.0,0
1.0,1.0,62.0,2.0,4.0,1.0,2.0,0.0,2.0,1.0,3.0,1.0,2.0,3844.0,2.0,1.0,1.0,0.0,5.0,0.0,1.0,1.0,1.0,1.0,2.0,2.0,0.0,1.0,8.0,0.0,0.0,0.0,0.0,0.0,0.0,0.0,0.0,0.0,0.0,0.0,0.0,0.0,0.0,0.0,0.0,0.0,0.0,33.0,0
2.0,2.0,61.0,2.0,1.0,1.0,2.0,0.0,2.0,1.0,3.0,1.0,2.0,3721.0,3.0,1.0,1.0,0.0,3.0,0.0,1.0,1.0,1.0,1.0,2.0,1.0,1.0,0.0,0.0,0.0,0.0,0.0,0.0,2.0,2.0,2.0,2.0,5.0,2.0,2.0,2.0,2.0,5.0,2.0,2.0,1.0,4.0,33.0,1
3.0,2.0,25.0,5.0,1.0,1.0,2.0,0.0,4.0,2.0,1.0,1.0,3.0,625.0,3.0,3.0,1.0,0.0,48.0,0.0,2.0,0.0,2.0,2.0,2.0,2.0,0.0,6.0,11.0,5.0,2.0,0.0,0.0,1.0,2.0,2.0,2.0,0.0,1.0,1.0,1.0,1.0,0.0,1.0,0.0,1.0,1.0,33.0,0
1.0,1.0,42.0,2.0,1.0,1.0,2.0,0.0,6.0,1.0,1.0,1.0,6.0,1764.0,2.0,2.0,2.0,2.0,32.0,8.0,2.0,0.0,2.0,2.0,2.0,2.0,0.0,2.0,6.0,0.0,0.0,0.0,0.0,0.0,0.0,0.0,0.0,0.0,0.0,0.0,0.0,0.0,0.0,0.0,0.0,0.0,0.0,33.0,0
2.0,2.0,44.0,2.0,1.0,1.0,2.0,0.0,7.0,1.0,1.0,1.0,6.0,1936.0,2.0,2.0,2.0,2.0,24.0,12.0,2.0,0.0,2.0,2.0,2.0,2.0,0.0,2.0,6.0,0.0,0.0,0.0,0.0,0.0,0.0,0.0,0.0,0.0,0.0,0.0,0.0,0.0,0.0,0.0,0.0,0.0,0.0,33.0,0
1.0,2.0,53.0,3.0,1.0,1.0,2.0,0.0,4.0,1.0,1.0,1.0,4.0,2809.0,3.0,3.0,1.0,0.0,48.0,0.0,2.0,0.0,2.0,2.0,2.0,2.0,0.0,7.0,11.0,6.0,2.0,0.0,0.0,1.0,2.0,2.0,2.0,0.0,1.0,1.0,1.0,1.0,0.0,1.0,0.0,1.0,1.0,33.0,0
1.0,1.0,40.0,1.0,2.0,1.0,2.0,0.0,4.0,1.0,1.0,1.0,4.0,1600.0,2.0,2.0,2.0,2.0,21.0,14.0,2.0,0.0,2.0,2.0,2.0,2.0,0.0,1.0,4.0,0.0,0.0,0.0,0.0,0.0,0.0,0.0,0.0,0.0,0.0,0.0,0.0,0.0,0.0,0.0,0.0,0.0,0.0,33.0,0
1.0,1.0,46.0,2.0,1.0,1.0,2.0,0.0,6.0,1.0,2.0,1.0,6.0,2116.0,1.0,2.0,1.0,0.0,37.0,0.0,2.0,0.0,2.0,2.0,2.0,2.0,0.0,6.0,11.0,0.0,0.0,0.0,0.0,0.0,0.0,0.0,0.0,0.0,0.0,0.0,0.0,0.0,0.0,0.0,0.0,0.0,0.0,33.0,0
2.0,2.0,47.0,2.0,1.0,1.0,2.0,0.0,7.0,2.0,1.0,1.0,5.0,2209.0,2.0,2.0,1.0,0.0,4.0,0.0,2.0,0.0,2.0,2.0,2.0,2.0,0.0,1.0,8.0,0.0,0.0,0.0,0.0,0.0,0.0,0.0,0.0,0.0,0.0,0.0,0.0,0.0,0.0,0.0,0.0,0.0,0.0,33.0,0
3.0,1.0,53.0,5.0,2.0,1.0,2.0,0.0,7.0,1.0,1.0,1.0,6.0,2809.0,2.0,1.0,1.0,0.0,20.0,0.0,1.0,1.0,1.0,1.0,2.0,2.0,0.0,1.0,8.0,0.0,0.0,0.0,0.0,0.0,0.0,0.0,0.0,0.0,0.0,0.0,0.0,0.0,0.0,0.0,0.0,0.0,0.0,33.0,0
1.0,1.0,49.0,3.0,1.0,1.0,2.0,0.0,4.0,1.0,1.0,1.0,4.0,2401.0,3.0,3.0,1.0,0.0,72.0,0.0,2.0,0.0,2.0,2.0,2.0,2.0,0.0,99.0,11.0,6.0,2.0,0.0,0.0,2.0,2.0,2.0,2.0,5.0,1.0,1.0,1.0,1.0,0.0,1.0,0.0,2.0,1.0,33.0,0
3.0,1.0,22.0,5.0,1.0,1.0,1.0,1.0,6.0,2.0,1.0,1.0,5.0,484.0,3.0,3.0,1.0,0.0,48.0,0.0,2.0,0.0,2.0,2.0,2.0,2.0,0.0,6.0,11.0,5.0,2.0,0.0,0.0,1.0,2.0,1.0,2.0,0.0,1.0,1.0,1.0,1.0,0.0,1.0,0.0,1.0,1.0,33.0,0
1.0,1.0,58.0,2.0,1.0,1.0,2.0,0.0,2.0,1.0,1.0,1.0,2.0,3364.0,3.0,2.0,1.0,0.0,40.0,0.0,2.0,0.0,2.0,2.0,2.0,2.0,0.0,6.0,11.0,6.0,2.0,0.0,0.0,1.0,2.0,2.0,2.0,0.0,1.0,1.0,1.0,1.0,0.0,1.0,0.0,1.0,1.0,33.0,0
1.0,1.0,39.0,1.0,1.0,1.0,2.0,0.0,4.0,1.0,1.0,1.0,4.0,1521.0,3.0,3.0,1.0,0.0,60.0,0.0,2.0,0.0,1.0,2.0,2.0,2.0,0.0,99.0,11.0,6.0,1.0,9.0,4.0,2.0,2.0,2.0,2.0,5.0,1.0,1.0,1.0,1.0,0.0,1.0,0.0,1.0,1.0,33.0,0
2.0,1.0,48.0,2.0,1.0,1.0,2.0,0.0,7.0,1.0,4.0,1.0,6.0,2304.0,3.0,2.0,1.0,0.0,45.0,0.0,2.0,0.0,2.0,2.0,2.0,2.0,0.0,12.0,11.0,6.0,2.0,0.0,0.0,2.0,2.0,2.0,2.0,5.0,1.0,1.0,1.0,1.0,0.0,1.0,0.0,1.0,1.0,33.0,0
1.0,1.0,30.0,1.0,1.0,1.0,2.0,0.0,4.0,1.0,1.0,1.0,4.0,900.0,3.0,2.0,1.0,0.0,40.0,0.0,2.0,0.0,2.0,2.0,2.0,2.0,0.0,10.0,11.0,6.0,2.0,0.0,0.0,2.0,2.0,2.0,2.0,5.0,1.0,1.0,1.0,1.0,0.0,1.0,0.0,1.0,1.0,33.0,0
2.0,2.0,34.0,1.0,1.0,1.0,2.0,0.0,4.0,1.0,1.0,1.0,4.0,1156.0,3.0,2.0,1.0,0.0,45.0,0.0,2.0,0.0,2.0,2.0,2.0,2.0,0.0,8.0,11.0,5.0,2.0,0.0,0.0,2.0,2.0,2.0,2.0,5.0,1.0,1.0,1.0,1.0,0.0,1.0,0.0,1.0,1.0,33.0,0
1.0,1.0,49.0,2.0,4.0,1.0,2.0,0.0,2.0,1.0,1.0,1.0,2.0,2401.0,2.0,3.0,1.0,0.0,60.0,0.0,2.0,0.0,2.0,2.0,2.0,2.0,0.0,1.0,3.0,0.0,0.0,0.0,0.0,0.0,0.0,0.0,0.0,0.0,0.0,0.0,0.0,0.0,0.0,0.0,0.0,0.0,0.0,33.0,0
2.0,2.0,50.0,2.0,1.0,1.0,2.0,0.0,4.0,1.0,1.0,1.0,4.0,2500.0,3.0,2.0,1.0,0.0,30.0,0.0,2.0,0.0,2.0,2.0,2.0,2.0,0.0,99.0,8.0,6.0,2.0,0.0,0.0,2.0,2.0,2.0,2.0,5.0,1.0,1.0,1.0,1.0,0.0,1.0,0.0,1.0,1.0,33.0,0
3.0,1.0,29.0,5.0,4.0,1.0,2.0,0.0,4.0,1.0,1.0,1.0,4.0,841.0,2.0,3.0,1.0,0.0,70.0,0.0,2.0,0.0,2.0,1.0,2.0,2.0,0.0,1.0,3.0,0.0,0.0,0.0,0.0,0.0,0.0,0.0,0.0,0.0,0.0,0.0,0.0,0.0,0.0,0.0,0.0,0.0,0.0,33.0,0
1.0,2.0,60.0,3.0,4.0,1.0,2.0,0.0,2.0,1.0,1.0,1.0,2.0,3600.0,3.0,2.0,1.0,0.0,24.0,0.0,2.0,0.0,2.0,2.0,2.0,1.0,1.0,0.0,0.0,0.0,0.0,0.0,0.0,2.0,2.0,2.0,2.0,5.0,2.0,2.0,2.0,2.0,5.0,2.0,2.0,1.0,4.0,33.0,1
3.0,1.0,30.0,1.0,1.0,1.0,2.0,0.0,4.0,1.0,1.0,1.0,4.0,900.0,3.0,2.0,1.0,0.0,40.0,0.0,2.0,0.0,2.0,2.0,2.0,2.0,0.0,6.0,11.0,6.0,2.0,0.0,0.0,1.0,2.0,2.0,2.0,0.0,1.0,1.0,1.0,1.0,0.0,1.0,0.0,1.0,1.0,33.0,0
3.0,1.0,25.0,5.0,1.0,1.0,2.0,0.0,4.0,1.0,1.0,1.0,4.0,625.0,3.0,2.0,1.0,0.0,40.0,0.0,2.0,0.0,2.0,2.0,2.0,2.0,0.0,6.0,8.0,6.0,2.0,0.0,0.0,1.0,2.0,2.0,2.0,0.0,1.0,1.0,1.0,1.0,0.0,1.0,0.0,1.0,1.0,33.0,0
2.0,2.0,43.0,2.0,1.0,1.0,2.0,0.0,6.0,1.0,1.0,1.0,6.0,1849.0,3.0,2.0,1.0,0.0,16.0,0.0,2.0,0.0,2.0,2.0,2.0,2.0,0.0,9.0,11.0,5.0,2.0,0.0,0.0,2.0,2.0,2.0,2.0,5.0,1.0,1.0,1.0,1.0,0.0,1.0,0.0,1.0,1.0,32.0,0
1.0,1.0,50.0,2.0,1.0,1.0,2.0,0.0,6.0,1.0,1.0,1.0,6.0,2500.0,3.0,2.0,2.0,2.0,16.0,10.0,2.0,0.0,2.0,2.0,2.0,2.0,0.0,6.0,11.0,1.0,2.0,0.0,0.0,2.0,2.0,2.0,2.0,5.0,1.0,1.0,1.0,1.0,0.0,1.0,0.0,1.0,1.0,32.0,0
1.0,2.0,50.0,5.0,4.0,1.0,2.0,0.0,4.0,2.0,1.0,1.0,3.0,2500.0,3.0,3.0,1.0,0.0,48.0,0.0,2.0,0.0,2.0,2.0,2.0,2.0,0.0,99.0,11.0,5.0,2.0,0.0,0.0,1.0,2.0,2.0,2.0,0.0,2.0,2.0,2.0,2.0,5.0,2.0,2.0,3.0,4.0,33.0,1
1.0,1.0,29.0,5.0,1.0,1.0,1.0,1.0,7.0,2.0,1.0,1.0,5.0,841.0,3.0,3.0,1.0,0.0,48.0,0.0,2.0,0.0,2.0,2.0,2.0,2.0,0.0,12.0,12.0,5.0,2.0,0.0,0.0,2.0,2.0,2.0,2.0,5.0,1.0,1.0,1.0,1.0,0.0,1.0,0.0,1.0,1.0,33.0,0
8.0,1.0,21.0,5.0,1.0,1.0,1.0,2.0,7.0,2.0,1.0,1.0,5.0,441.0,3.0,3.0,1.0,0.0,59.0,0.0,2.0,0.0,2.0,2.0,2.0,2.0,0.0,4.0,11.0,2.0,2.0,0.0,0.0,2.0,2.0,2.0,2.0,5.0,2.0,2.0,2.0,2.0,5.0,2.0,2.0,1.0,4.0,33.0,1
1.0,2.0,64.0,5.0,1.0,1.0,2.0,0.0,2.0,1.0,1.0,1.0,2.0,4096.0,3.0,1.0,1.0,0.0,14.0,0.0,1.0,1.0,1.0,1.0,2.0,1.0,1.0,0.0,0.0,0.0,0.0,0.0,0.0,1.0,2.0,2.0,2.0,0.0,2.0,2.0,2.0,2.0,5.0,2.0,2.0,3.0,4.0,33.0,1
1.0,1.0,27.0,2.0,4.0,1.0,2.0,0.0,2.0,1.0,1.0,1.0,2.0,729.0,3.0,3.0,2.0,2.0,40.0,19.0,2.0,0.0,2.0,2.0,2.0,2.0,0.0,1.0,4.0,0.0,0.0,0.0,0.0,0.0,0.0,0.0,0.0,0.0,0.0,0.0,0.0,0.0,0.0,2.0,0.0,0.0,0.0,33.0,1
2.0,2.0,38.0,1.0,2.0,1.0,2.0,0.0,4.0,1.0,5.0,1.0,4.0,1444.0,3.0,2.0,1.0,0.0,44.0,0.0,2.0,0.0,2.0,2.0,2.0,2.0,0.0,3.0,11.0,5.0,2.0,0.0,0.0,2.0,2.0,2.0,2.0,5.0,1.0,1.0,1.0,1.0,0.0,1.0,0.0,1.0,1.0,33.0,0
2.0,2.0,38.0,1.0,1.0,1.0,2.0,0.0,4.0,1.0,1.0,1.0,4.0,1444.0,3.0,2.0,1.0,0.0,20.0,0.0,2.0,0.0,2.0,2.0,2.0,1.0,1.0,0.0,0.0,0.0,0.0,0.0,0.0,2.0,2.0,2.0,2.0,5.0,1.0,1.0,1.0,1.0,0.0,1.0,0.0,1.0,1.0,33.0,0
1.0,1.0,29.0,1.0,4.0,1.0,2.0,0.0,4.0,2.0,1.0,1.0,3.0,841.0,3.0,1.0,1.0,0.0,16.0,0.0,1.0,1.0,1.0,1.0,2.0,2.0,0.0,6.0,5.0,1.0,2.0,0.0,0.0,2.0,2.0,2.0,2.0,5.0,2.0,2.0,2.0,2.0,5.0,2.0,2.0,1.0,4.0,33.0,1
2.0,1.0,57.0,2.0,4.0,1.0,2.0,0.0,4.0,2.0,1.0,1.0,3.0,3249.0,3.0,2.0,1.0,0.0,45.0,0.0,2.0,0.0,2.0,2.0,2.0,2.0,0.0,99.0,4.0,3.0,2.0,0.0,0.0,2.0,2.0,2.0,2.0,5.0,1.0,1.0,1.0,2.0,0.0,2.0,2.0,1.0,4.0,33.0,1
1.0,2.0,36.0,1.0,1.0,1.0,2.0,0.0,6.0,1.0,1.0,1.0,6.0,1296.0,3.0,1.0,2.0,5.0,4.0,11.0,1.0,1.0,1.0,2.0,1.0,2.0,0.0,99.0,11.0,5.0,2.0,0.0,0.0,2.0,2.0,2.0,2.0,5.0,1.0,1.0,1.0,1.0,0.0,1.0,0.0,1.0,1.0,33.0,0
2.0,1.0,38.0,1.0,1.0,1.0,2.0,0.0,4.0,1.0,1.0,1.0,4.0,1444.0,3.0,3.0,1.0,0.0,48.0,0.0,2.0,0.0,2.0,2.0,2.0,2.0,0.0,99.0,11.0,5.0,2.0,0.0,0.0,2.0,2.0,2.0,2.0,5.0,1.0,1.0,1.0,1.0,0.0,1.0,0.0,1.0,1.0,33.0,0
3.0,2.0,46.0,2.0,4.0,1.0,2.0,0.0,4.0,2.0,1.0,1.0,3.0,2116.0,3.0,2.0,1.0,0.0,32.0,0.0,2.0,0.0,2.0,2.0,2.0,2.0,0.0,6.0,11.0,6.0,9.0,9.0,4.0,2.0,2.0,2.0,2.0,5.0,2.0,2.0,2.0,2.0,5.0,2.0,2.0,1.0,4.0,33.0,1
4.0,1.0,47.0,2.0,4.0,1.0,2.0,0.0,4.0,2.0,1.0,1.0,3.0,2209.0,3.0,3.0,1.0,0.0,48.0,0.0,2.0,0.0,2.0,2.0,2.0,2.0,0.0,99.0,11.0,6.0,9.0,9.0,4.0,2.0,2.0,2.0,2.0,5.0,2.0,2.0,2.0,2.0,5.0,2.0,2.0,1.0,4.0,33.0,1
1.0,2.0,28.0,1.0,1.0,1.0,2.0,0.0,4.0,1.0,1.0,1.0,4.0,784.0,3.0,2.0,1.0,0.0,30.0,0.0,2.0,0.0,2.0,2.0,1.0,2.0,0.0,7.0,11.0,6.0,2.0,0.0,0.0,2.0,2.0,2.0,2.0,5.0,1.0,1.0,1.0,1.0,0.0,1.0,0.0,1.0,1.0,33.0,0
2.0,2.0,38.0,1.0,1.0,1.0,2.0,0.0,4.0,1.0,1.0,1.0,4.0,1444.0,2.0,2.0,1.0,0.0,6.0,0.0,2.0,0.0,2.0,1.0,2.0,2.0,0.0,1.0,5.0,0.0,0.0,0.0,0.0,0.0,0.0,0.0,0.0,0.0,0.0,0.0,0.0,0.0,0.0,0.0,0.0,0.0,0.0,33.0,0
8.0,1.0,30.0,5.0,1.0,1.0,2.0,0.0,4.0,2.0,1.0,1.0,3.0,900.0,3.0,3.0,1.0,0.0,60.0,0.0,2.0,0.0,2.0,2.0,2.0,2.0,0.0,12.0,4.0,5.0,2.0,0.0,0.0,2.0,2.0,2.0,2.0,5.0,2.0,2.0,2.0,2.0,5.0,2.0,2.0,3.0,4.0,33.0,1
1.0,2.0,50.0,5.0,1.0,1.0,2.0,0.0,4.0,1.0,1.0,1.0,4.0,2500.0,3.0,2.0,1.0,0.0,40.0,0.0,2.0,0.0,2.0,2.0,1.0,2.0,0.0,8.0,11.0,6.0,2.0,0.0,0.0,2.0,2.0,2.0,2.0,5.0,1.0,1.0,1.0,1.0,0.0,1.0,0.0,1.0,1.0,33.0,0
3.0,2.0,27.0,5.0,1.0,1.0,2.0,0.0,4.0,1.0,1.0,1.0,4.0,729.0,3.0,3.0,1.0,0.0,48.0,0.0,2.0,0.0,2.0,2.0,2.0,2.0,0.0,7.0,11.0,5.0,2.0,0.0,0.0,1.0,2.0,2.0,2.0,0.0,1.0,1.0,1.0,1.0,0.0,1.0,0.0,1.0,1.0,33.0,0
3.0,1.0,20.0,5.0,1.0,1.0,2.0,0.0,4.0,2.0,1.0,1.0,3.0,400.0,3.0,3.0,1.0,0.0,48.0,0.0,2.0,0.0,2.0,2.0,2.0,2.0,0.0,9.0,11.0,5.0,2.0,0.0,0.0,2.0,2.0,2.0,2.0,5.0,1.0,1.0,1.0,1.0,0.0,1.0,0.0,1.0,1.0,33.0,0
1.0,1.0,41.0,5.0,1.0,1.0,2.0,0.0,7.0,1.0,3.0,1.0,6.0,1681.0,3.0,3.0,2.0,2.0,40.0,8.0,2.0,0.0,2.0,2.0,1.0,2.0,0.0,10.0,11.0,6.0,2.0,0.0,0.0,2.0,2.0,2.0,2.0,5.0,1.0,1.0,1.0,1.0,0.0,1.0,0.0,1.0,1.0,33.0,0
1.0,1.0,64.0,1.0,4.0,1.0,2.0,0.0,2.0,1.0,1.0,1.0,2.0,4096.0,2.0,2.0,1.0,0.0,6.0,0.0,2.0,0.0,9.0,2.0,2.0,2.0,0.0,1.0,11.0,0.0,0.0,0.0,0.0,0.0,0.0,0.0,0.0,0.0,0.0,0.0,0.0,0.0,0.0,0.0,0.0,0.0,0.0,33.0,0
1.0,2.0,42.0,5.0,1.0,1.0,2.0,0.0,6.0,1.0,3.0,1.0,6.0,1764.0,3.0,2.0,1.0,0.0,35.0,0.0,2.0,0.0,2.0,2.0,2.0,2.0,0.0,9.0,11.0,6.0,2.0,0.0,0.0,1.0,2.0,2.0,2.0,0.0,1.0,1.0,1.0,1.0,0.0,1.0,0.0,1.0,1.0,33.0,0
8.0,2.0,34.0,5.0,1.0,1.0,1.0,2.0,7.0,2.0,1.0,1.0,5.0,1156.0,3.0,3.0,1.0,0.0,48.0,0.0,2.0,0.0,2.0,2.0,2.0,2.0,0.0,99.0,11.0,6.0,2.0,0.0,0.0,2.0,2.0,2.0,2.0,5.0,1.0,1.0,1.0,1.0,0.0,1.0,0.0,1.0,1.0,33.0,0
1.0,2.0,41.0,1.0,1.0,1.0,2.0,0.0,6.0,1.0,1.0,1.0,6.0,1681.0,3.0,2.0,1.0,0.0,25.0,0.0,2.0,0.0,2.0,2.0,2.0,2.0,0.0,9.0,11.0,6.0,2.0,0.0,0.0,2.0,2.0,2.0,2.0,5.0,1.0,1.0,1.0,1.0,0.0,1.0,0.0,1.0,1.0,32.0,0
2.0,1.0,32.0,1.0,1.0,1.0,2.0,0.0,4.0,1.0,1.0,1.0,4.0,1024.0,3.0,2.0,1.0,0.0,35.0,0.0,2.0,0.0,2.0,2.0,1.0,2.0,0.0,99.0,11.0,6.0,2.0,0.0,0.0,2.0,2.0,2.0,2.0,5.0,1.0,1.0,1.0,1.0,0.0,1.0,0.0,1.0,1.0,32.0,0
1.0,1.0,66.0,3.0,12.0,1.0,2.0,0.0,7.0,1.0,1.0,1.0,6.0,4356.0,2.0,2.0,1.0,0.0,30.0,0.0,2.0,0.0,2.0,2.0,2.0,2.0,0.0,1.0,11.0,0.0,0.0,0.0,0.0,0.0,0.0,0.0,0.0,0.0,0.0,0.0,0.0,0.0,0.0,0.0,0.0,0.0,0.0,32.0,0
1.0,1.0,51.0,5.0,4.0,1.0,2.0,0.0,4.0,1.0,1.0,1.0,4.0,2601.0,2.0,2.0,1.0,0.0,13.0,0.0,2.0,0.0,2.0,2.0,2.0,2.0,0.0,99.0,8.0,0.0,0.0,0.0,0.0,0.0,0.0,0.0,0.0,0.0,0.0,0.0,0.0,0.0,0.0,0.0,0.0,0.0,0.0,32.0,0
3.0,1.0,25.0,5.0,4.0,1.0,2.0,0.0,4.0,2.0,1.0,1.0,3.0,625.0,2.0,1.0,1.0,0.0,18.0,0.0,1.0,1.0,1.0,2.0,2.0,2.0,0.0,1.0,8.0,0.0,0.0,0.0,0.0,0.0,0.0,0.0,0.0,0.0,0.0,0.0,0.0,0.0,0.0,0.0,0.0,0.0,0.0,33.0,0
1.0,1.0,45.0,5.0,4.0,1.0,2.0,0.0,7.0,2.0,1.0,1.0,5.0,2025.0,2.0,2.0,1.0,0.0,15.0,0.0,2.0,0.0,2.0,2.0,2.0,2.0,0.0,1.0,9.0,0.0,0.0,0.0,0.0,0.0,0.0,0.0,0.0,0.0,0.0,0.0,0.0,0.0,0.0,0.0,0.0,0.0,0.0,33.0,0
1.0,1.0,66.0,1.0,1.0,1.0,2.0,0.0,4.0,1.0,4.0,1.0,4.0,4356.0,3.0,2.0,1.0,0.0,40.0,0.0,2.0,0.0,2.0,2.0,3.0,2.0,0.0,99.0,11.0,6.0,2.0,0.0,0.0,2.0,2.0,2.0,2.0,5.0,1.0,1.0,1.0,1.0,0.0,1.0,0.0,1.0,1.0,33.0,0
1.0,1.0,35.0,5.0,4.0,1.0,2.0,0.0,6.0,2.0,1.0,1.0,5.0,1225.0,3.0,1.0,1.0,0.0,5.0,0.0,1.0,1.0,1.0,2.0,2.0,2.0,0.0,7.0,11.0,4.0,1.0,1.0,4.0,2.0,2.0,2.0,2.0,5.0,2.0,2.0,2.0,2.0,5.0,2.0,2.0,1.0,4.0,33.0,1
1.0,1.0,66.0,2.0,1.0,1.0,2.0,0.0,2.0,1.0,1.0,1.0,2.0,4356.0,2.0,3.0,1.0,0.0,48.0,0.0,2.0,0.0,2.0,2.0,2.0,2.0,0.0,1.0,11.0,0.0,0.0,0.0,0.0,0.0,0.0,0.0,0.0,0.0,0.0,0.0,0.0,0.0,0.0,0.0,0.0,0.0,0.0,33.0,0
1.0,2.0,56.0,2.0,4.0,1.0,2.0,0.0,4.0,2.0,1.0,1.0,3.0,3136.0,3.0,1.0,2.0,2.0,17.0,6.0,1.0,1.0,2.0,2.0,2.0,1.0,2.0,0.0,0.0,0.0,0.0,0.0,0.0,2.0,2.0,2.0,2.0,5.0,2.0,2.0,2.0,2.0,5.0,2.0,2.0,1.0,4.0,33.0,1
3.0,1.0,28.0,5.0,4.0,1.0,2.0,0.0,4.0,1.0,1.0,1.0,4.0,784.0,3.0,4.0,0.0,0.0,0.0,0.0,2.0,0.0,2.0,2.0,2.0,2.0,0.0,4.0,11.0,6.0,2.0,0.0,0.0,2.0,2.0,2.0,2.0,5.0,2.0,2.0,2.0,2.0,5.0,2.0,2.0,1.0,4.0,33.0,1
1.0,2.0,56.0,5.0,4.0,1.0,2.0,0.0,6.0,2.0,3.0,1.0,5.0,3136.0,3.0,2.0,1.0,0.0,36.0,0.0,2.0,0.0,2.0,2.0,2.0,1.0,1.0,0.0,0.0,0.0,0.0,0.0,0.0,1.0,2.0,2.0,2.0,0.0,2.0,2.0,2.0,2.0,5.0,2.0,2.0,1.0,4.0,32.0,1
3.0,1.0,34.0,5.0,1.0,1.0,2.0,0.0,7.0,1.0,1.0,1.0,6.0,1156.0,3.0,2.0,1.0,0.0,45.0,0.0,2.0,0.0,2.0,2.0,2.0,2.0,0.0,99.0,6.0,4.0,2.0,0.0,0.0,2.0,2.0,2.0,2.0,5.0,2.0,2.0,2.0,2.0,5.0,2.0,1.0,1.0,2.0,32.0,1
1.0,2.0,60.0,2.0,1.0,1.0,2.0,0.0,4.0,2.0,3.0,1.0,3.0,3600.0,3.0,2.0,1.0,0.0,43.0,0.0,2.0,0.0,2.0,2.0,2.0,2.0,0.0,1.0,11.0,6.0,2.0,0.0,0.0,2.0,1.0,2.0,2.0,0.0,1.0,1.0,1.0,1.0,0.0,1.0,0.0,1.0,1.0,32.0,0
2.0,1.0,58.0,2.0,1.0,1.0,2.0,0.0,4.0,2.0,3.0,1.0,3.0,3364.0,3.0,2.0,1.0,0.0,27.0,0.0,2.0,0.0,2.0,2.0,2.0,2.0,0.0,2.0,8.0,5.0,2.0,0.0,0.0,2.0,2.0,2.0,2.0,5.0,2.0,2.0,2.0,2.0,5.0,2.0,2.0,1.0,4.0,32.0,1
1.0,2.0,30.0,3.0,1.0,1.0,2.0,0.0,6.0,1.0,1.0,1.0,6.0,900.0,3.0,2.0,2.0,2.0,12.0,10.0,2.0,0.0,2.0,1.0,2.0,2.0,0.0,99.0,8.0,2.0,1.0,3.0,3.0,2.0,2.0,2.0,2.0,5.0,2.0,2.0,2.0,1.0,0.0,2.0,1.0,1.0,3.0,33.0,1
1.0,1.0,37.0,1.0,1.0,1.0,2.0,0.0,7.0,2.0,1.0,1.0,5.0,1369.0,1.0,3.0,1.0,0.0,60.0,0.0,2.0,0.0,2.0,2.0,2.0,2.0,0.0,2.0,12.0,0.0,0.0,0.0,0.0,0.0,0.0,0.0,0.0,0.0,0.0,0.0,0.0,0.0,0.0,0.0,0.0,0.0,0.0,33.0,0
2.0,2.0,35.0,1.0,2.0,1.0,2.0,0.0,6.0,1.0,1.0,1.0,6.0,1225.0,3.0,2.0,1.0,0.0,12.0,0.0,2.0,0.0,2.0,2.0,2.0,2.0,0.0,2.0,12.0,6.0,2.0,0.0,0.0,2.0,2.0,2.0,2.0,5.0,2.0,2.0,2.0,2.0,5.0,2.0,2.0,1.0,4.0,33.0,1
1.0,1.0,51.0,1.0,1.0,1.0,2.0,0.0,2.0,1.0,3.0,1.0,2.0,2601.0,3.0,3.0,1.0,0.0,48.0,0.0,2.0,0.0,2.0,2.0,2.0,2.0,0.0,10.0,11.0,6.0,2.0,0.0,0.0,2.0,2.0,2.0,2.0,5.0,1.0,1.0,1.0,1.0,0.0,1.0,0.0,3.0,1.0,33.0,0
2.0,2.0,31.0,1.0,1.0,1.0,2.0,0.0,4.0,1.0,3.0,1.0,4.0,961.0,2.0,3.0,1.0,0.0,56.0,0.0,2.0,0.0,2.0,2.0,2.0,2.0,0.0,1.0,6.0,0.0,0.0,0.0,0.0,0.0,0.0,0.0,0.0,0.0,0.0,0.0,0.0,0.0,0.0,0.0,0.0,0.0,0.0,33.0,0
1.0,2.0,53.0,1.0,4.0,1.0,2.0,0.0,2.0,1.0,1.0,1.0,2.0,2809.0,2.0,2.0,1.0,0.0,30.0,0.0,2.0,0.0,2.0,2.0,2.0,2.0,0.0,1.0,12.0,0.0,0.0,0.0,0.0,0.0,0.0,0.0,0.0,0.0,0.0,0.0,0.0,0.0,0.0,0.0,0.0,0.0,0.0,33.0,0
2.0,1.0,48.0,1.0,4.0,1.0,2.0,0.0,4.0,1.0,1.0,1.0,4.0,2304.0,3.0,3.0,1.0,0.0,70.0,0.0,2.0,0.0,2.0,2.0,2.0,2.0,0.0,2.0,4.0,5.0,1.0,9.0,4.0,2.0,2.0,2.0,2.0,5.0,2.0,2.0,2.0,2.0,5.0,2.0,2.0,1.0,1.0,33.0,1
3.0,2.0,33.0,5.0,4.0,1.0,1.0,1.0,7.0,2.0,1.0,1.0,5.0,1089.0,3.0,2.0,1.0,0.0,12.0,0.0,2.0,0.0,2.0,2.0,1.0,2.0,0.0,99.0,11.0,5.0,1.0,5.0,4.0,2.0,2.0,2.0,2.0,5.0,2.0,2.0,2.0,2.0,5.0,2.0,2.0,1.0,4.0,33.0,1
2.0,1.0,50.0,1.0,4.0,1.0,2.0,0.0,2.0,1.0,1.0,1.0,2.0,2500.0,2.0,3.0,1.0,0.0,48.0,0.0,2.0,0.0,2.0,2.0,2.0,2.0,0.0,1.0,11.0,0.0,0.0,0.0,0.0,0.0,0.0,0.0,0.0,0.0,0.0,0.0,0.0,0.0,0.0,0.0,0.0,0.0,0.0,33.0,0
1.0,1.0,78.0,2.0,1.0,1.0,2.0,0.0,4.0,2.0,1.0,1.0,3.0,6084.0,3.0,2.0,1.0,0.0,40.0,0.0,2.0,0.0,2.0,2.0,1.0,2.0,0.0,12.0,11.0,6.0,2.0,0.0,0.0,2.0,2.0,2.0,2.0,5.0,1.0,1.0,1.0,1.0,0.0,1.0,0.0,1.0,1.0,32.0,0
1.0,1.0,47.0,1.0,4.0,1.0,2.0,0.0,2.0,1.0,1.0,1.0,2.0,2209.0,3.0,3.0,1.0,0.0,48.0,0.0,2.0,0.0,2.0,2.0,2.0,2.0,0.0,6.0,8.0,6.0,2.0,0.0,0.0,2.0,2.0,2.0,2.0,5.0,2.0,2.0,2.0,2.0,5.0,2.0,2.0,2.0,4.0,33.0,1
2.0,2.0,46.0,1.0,4.0,1.0,2.0,0.0,4.0,1.0,1.0,1.0,4.0,2116.0,3.0,2.0,1.0,0.0,18.0,0.0,2.0,0.0,2.0,2.0,2.0,2.0,0.0,4.0,11.0,1.0,2.0,0.0,0.0,2.0,2.0,2.0,2.0,5.0,2.0,2.0,2.0,2.0,5.0,2.0,2.0,1.0,4.0,33.0,1
8.0,2.0,19.0,5.0,4.0,1.0,2.0,0.0,4.0,1.0,1.0,1.0,4.0,361.0,3.0,2.0,1.0,0.0,30.0,0.0,2.0,0.0,2.0,2.0,2.0,2.0,0.0,6.0,11.0,1.0,2.0,0.0,0.0,2.0,2.0,2.0,2.0,5.0,2.0,2.0,2.0,2.0,5.0,2.0,2.0,1.0,4.0,33.0,1
1.0,1.0,55.0,5.0,1.0,1.0,2.0,0.0,4.0,1.0,1.0,1.0,4.0,3025.0,3.0,3.0,1.0,0.0,48.0,0.0,2.0,0.0,2.0,2.0,2.0,2.0,0.0,7.0,11.0,5.0,2.0,0.0,0.0,2.0,2.0,2.0,2.0,5.0,1.0,1.0,1.0,1.0,0.0,1.0,0.0,3.0,1.0,32.0,0
1.0,2.0,63.0,1.0,1.0,1.0,2.0,0.0,2.0,2.0,3.0,1.0,1.0,3969.0,3.0,1.0,2.0,6.0,8.0,10.0,1.0,1.0,2.0,2.0,2.0,1.0,6.0,0.0,0.0,0.0,0.0,0.0,0.0,1.0,2.0,2.0,2.0,0.0,1.0,1.0,1.0,2.0,0.0,2.0,2.0,1.0,4.0,32.0,1
2.0,1.0,52.0,1.0,1.0,1.0,2.0,0.0,4.0,1.0,3.0,1.0,4.0,2704.0,3.0,3.0,1.0,0.0,50.0,0.0,2.0,0.0,2.0,2.0,2.0,2.0,0.0,8.0,11.0,5.0,2.0,0.0,0.0,1.0,2.0,2.0,2.0,0.0,1.0,1.0,1.0,1.0,0.0,1.0,0.0,3.0,1.0,32.0,0
1.0,2.0,46.0,5.0,1.0,1.0,2.0,0.0,6.0,1.0,1.0,1.0,6.0,2116.0,3.0,2.0,1.0,0.0,16.0,0.0,1.0,9.0,1.0,1.0,2.0,1.0,1.0,0.0,0.0,0.0,0.0,0.0,0.0,2.0,2.0,2.0,2.0,5.0,2.0,2.0,2.0,2.0,5.0,2.0,2.0,1.0,4.0,33.0,1
1.0,1.0,49.0,1.0,4.0,1.0,2.0,0.0,2.0,1.0,1.0,1.0,2.0,2401.0,2.0,2.0,1.0,0.0,40.0,0.0,2.0,0.0,2.0,2.0,2.0,2.0,0.0,1.0,11.0,0.0,0.0,0.0,0.0,0.0,0.0,0.0,0.0,0.0,0.0,0.0,0.0,0.0,0.0,0.0,0.0,0.0,0.0,33.0,0
1.0,2.0,26.0,5.0,1.0,1.0,1.0,1.0,7.0,2.0,1.0,1.0,5.0,676.0,3.0,1.0,2.0,2.0,20.0,8.0,1.0,1.0,1.0,1.0,2.0,2.0,0.0,7.0,11.0,3.0,1.0,9.0,4.0,2.0,2.0,2.0,2.0,5.0,2.0,2.0,2.0,2.0,5.0,2.0,2.0,1.0,4.0,32.0,1
1.0,2.0,43.0,3.0,1.0,1.0,2.0,0.0,4.0,1.0,1.0,1.0,4.0,1849.0,3.0,2.0,1.0,0.0,35.0,0.0,2.0,0.0,2.0,2.0,1.0,2.0,0.0,9.0,11.0,6.0,2.0,0.0,0.0,2.0,2.0,2.0,2.0,5.0,1.0,1.0,1.0,1.0,0.0,1.0,0.0,1.0,1.0,33.0,0
3.0,2.0,22.0,5.0,2.0,1.0,2.0,0.0,6.0,2.0,1.0,1.0,5.0,484.0,3.0,2.0,1.0,0.0,40.0,0.0,2.0,0.0,2.0,2.0,2.0,2.0,0.0,99.0,11.0,3.0,2.0,0.0,0.0,2.0,2.0,2.0,2.0,5.0,2.0,2.0,2.0,2.0,5.0,2.0,2.0,1.0,4.0,33.0,1
1.0,2.0,33.0,1.0,1.0,1.0,2.0,0.0,6.0,1.0,3.0,1.0,6.0,1089.0,3.0,4.0,0.0,0.0,0.0,0.0,2.0,0.0,2.0,2.0,1.0,2.0,0.0,12.0,11.0,6.0,2.0,0.0,0.0,2.0,2.0,2.0,2.0,5.0,1.0,1.0,2.0,1.0,0.0,1.0,0.0,1.0,1.0,33.0,0
3.0,1.0,36.0,3.0,1.0,1.0,2.0,0.0,2.0,1.0,1.0,1.0,2.0,1296.0,3.0,2.0,1.0,0.0,40.0,0.0,2.0,0.0,2.0,2.0,2.0,2.0,0.0,99.0,11.0,6.0,2.0,0.0,0.0,1.0,2.0,2.0,2.0,0.0,1.0,1.0,1.0,1.0,0.0,1.0,0.0,1.0,1.0,33.0,0
1.0,1.0,43.0,1.0,1.0,1.0,1.0,2.0,7.0,2.0,4.0,1.0,5.0,1849.0,3.0,2.0,1.0,0.0,40.0,0.0,2.0,0.0,2.0,2.0,2.0,2.0,0.0,9.0,11.0,6.0,2.0,0.0,0.0,2.0,2.0,2.0,2.0,5.0,1.0,1.0,1.0,1.0,0.0,1.0,0.0,1.0,1.0,32.0,0
2.0,2.0,47.0,1.0,1.0,1.0,2.0,0.0,8.0,1.0,4.0,1.0,6.0,2209.0,3.0,3.0,2.0,2.0,40.0,24.0,2.0,0.0,2.0,2.0,1.0,2.0,0.0,12.0,11.0,6.0,2.0,0.0,0.0,1.0,2.0,2.0,2.0,0.0,1.0,1.0,1.0,1.0,0.0,1.0,0.0,1.0,1.0,32.0,0
1.0,2.0,37.0,1.0,1.0,1.0,2.0,0.0,6.0,1.0,1.0,1.0,6.0,1369.0,3.0,4.0,0.0,0.0,0.0,0.0,2.0,0.0,2.0,2.0,1.0,2.0,0.0,10.0,11.0,5.0,2.0,0.0,0.0,2.0,2.0,2.0,2.0,5.0,1.0,1.0,1.0,1.0,0.0,1.0,0.0,1.0,1.0,32.0,0
2.0,2.0,39.0,1.0,1.0,1.0,2.0,0.0,6.0,1.0,1.0,1.0,6.0,1521.0,3.0,4.0,0.0,0.0,0.0,0.0,2.0,0.0,2.0,2.0,1.0,2.0,0.0,10.0,11.0,5.0,2.0,0.0,0.0,2.0,2.0,2.0,2.0,5.0,1.0,1.0,1.0,1.0,0.0,1.0,0.0,1.0,1.0,32.0,0
1.0,1.0,40.0,2.0,1.0,1.0,2.0,0.0,4.0,2.0,1.0,1.0,3.0,1600.0,2.0,4.0,0.0,0.0,0.0,0.0,2.0,0.0,2.0,2.0,2.0,2.0,0.0,1.0,4.0,0.0,0.0,0.0,0.0,0.0,0.0,0.0,0.0,0.0,0.0,0.0,0.0,0.0,0.0,0.0,0.0,0.0,0.0,33.0,0
3.0,1.0,35.0,1.0,1.0,1.0,2.0,0.0,6.0,2.0,1.0,1.0,5.0,1225.0,2.0,1.0,1.0,0.0,16.0,0.0,1.0,1.0,1.0,1.0,2.0,2.0,0.0,1.0,12.0,0.0,0.0,0.0,0.0,0.0,0.0,0.0,0.0,0.0,0.0,0.0,0.0,0.0,0.0,0.0,0.0,0.0,0.0,33.0,0
1.0,1.0,71.0,2.0,1.0,1.0,2.0,0.0,7.0,2.0,1.0,1.0,5.0,5041.0,3.0,2.0,1.0,0.0,45.0,0.0,2.0,0.0,2.0,2.0,2.0,2.0,0.0,99.0,11.0,6.0,2.0,0.0,0.0,2.0,2.0,2.0,2.0,5.0,1.0,1.0,1.0,1.0,0.0,1.0,0.0,1.0,1.0,33.0,0
2.0,1.0,48.0,2.0,1.0,1.0,2.0,0.0,4.0,2.0,1.0,1.0,3.0,2304.0,3.0,2.0,1.0,0.0,40.0,0.0,2.0,0.0,2.0,2.0,2.0,2.0,0.0,99.0,8.0,1.0,9.0,9.0,4.0,2.0,2.0,2.0,2.0,5.0,1.0,1.0,1.0,1.0,0.0,1.0,0.0,1.0,1.0,33.0,0
3.0,2.0,24.0,5.0,1.0,1.0,2.0,0.0,4.0,1.0,1.0,1.0,4.0,576.0,3.0,2.0,1.0,0.0,24.0,0.0,2.0,0.0,2.0,2.0,2.0,2.0,0.0,99.0,8.0,5.0,9.0,9.0,4.0,2.0,2.0,2.0,2.0,5.0,1.0,1.0,1.0,1.0,0.0,1.0,0.0,1.0,1.0,33.0,0
1.0,1.0,54.0,1.0,1.0,1.0,2.0,0.0,4.0,1.0,1.0,1.0,4.0,2916.0,3.0,3.0,1.0,0.0,72.0,0.0,2.0,0.0,2.0,2.0,2.0,2.0,0.0,99.0,11.0,6.0,2.0,0.0,0.0,2.0,2.0,2.0,2.0,5.0,1.0,1.0,1.0,1.0,0.0,1.0,0.0,3.0,1.0,33.0,0
3.0,1.0,30.0,5.0,1.0,1.0,2.0,0.0,2.0,1.0,1.0,1.0,2.0,900.0,3.0,3.0,1.0,0.0,50.0,0.0,2.0,0.0,2.0,2.0,2.0,2.0,0.0,99.0,11.0,5.0,2.0,0.0,0.0,2.0,2.0,2.0,2.0,5.0,1.0,1.0,1.0,1.0,0.0,1.0,0.0,1.0,1.0,33.0,0
3.0,1.0,44.0,5.0,1.0,1.0,2.0,0.0,2.0,1.0,1.0,1.0,2.0,1936.0,3.0,3.0,1.0,0.0,48.0,0.0,2.0,0.0,2.0,2.0,2.0,2.0,0.0,99.0,4.0,6.0,2.0,0.0,0.0,2.0,2.0,2.0,2.0,5.0,1.0,1.0,1.0,1.0,0.0,1.0,0.0,1.0,1.0,33.0,0
1.0,1.0,27.0,5.0,2.0,1.0,1.0,1.0,7.0,2.0,1.0,1.0,5.0,729.0,3.0,1.0,1.0,0.0,22.0,0.0,1.0,1.0,2.0,1.0,2.0,2.0,0.0,12.0,6.0,5.0,2.0,0.0,0.0,2.0,2.0,2.0,2.0,5.0,2.0,2.0,2.0,2.0,5.0,2.0,2.0,1.0,4.0,33.0,1
1.0,1.0,41.0,1.0,4.0,1.0,2.0,0.0,2.0,1.0,4.0,1.0,2.0,1681.0,3.0,2.0,1.0,0.0,40.0,0.0,2.0,0.0,2.0,2.0,2.0,2.0,0.0,99.0,11.0,6.0,2.0,0.0,0.0,1.0,2.0,2.0,2.0,0.0,2.0,2.0,2.0,2.0,5.0,2.0,2.0,1.0,4.0,33.0,1
2.0,2.0,42.0,1.0,4.0,1.0,2.0,0.0,4.0,1.0,4.0,1.0,4.0,1764.0,3.0,2.0,2.0,2.0,15.0,15.0,2.0,0.0,2.0,2.0,2.0,1.0,2.0,0.0,0.0,0.0,0.0,0.0,0.0,1.0,2.0,2.0,2.0,0.0,2.0,2.0,2.0,2.0,5.0,2.0,2.0,1.0,4.0,33.0,1
3.0,2.0,58.0,5.0,4.0,1.0,2.0,0.0,4.0,1.0,1.0,1.0,4.0,3364.0,3.0,2.0,2.0,5.0,20.0,23.0,2.0,0.0,2.0,2.0,2.0,1.0,5.0,0.0,0.0,0.0,0.0,0.0,0.0,2.0,2.0,2.0,1.0,0.0,2.0,2.0,2.0,2.0,5.0,2.0,2.0,1.0,4.0,33.0,1
1.0,2.0,28.0,1.0,1.0,1.0,2.0,0.0,4.0,1.0,1.0,1.0,4.0,784.0,1.0,3.0,1.0,0.0,64.0,0.0,2.0,0.0,2.0,2.0,2.0,2.0,0.0,6.0,11.0,0.0,0.0,0.0,0.0,0.0,0.0,0.0,0.0,0.0,0.0,0.0,0.0,0.0,0.0,0.0,0.0,0.0,0.0,33.0,0
2.0,1.0,27.0,1.0,1.0,1.0,2.0,0.0,4.0,1.0,1.0,1.0,4.0,729.0,3.0,3.0,1.0,0.0,63.0,0.0,2.0,0.0,2.0,2.0,2.0,2.0,0.0,6.0,11.0,6.0,2.0,0.0,0.0,1.0,2.0,2.0,2.0,0.0,1.0,1.0,1.0,1.0,0.0,1.0,0.0,1.0,1.0,33.0,0
8.0,1.0,34.0,5.0,1.0,1.0,2.0,0.0,4.0,1.0,1.0,1.0,4.0,1156.0,3.0,3.0,1.0,0.0,69.0,0.0,2.0,0.0,2.0,2.0,2.0,2.0,0.0,6.0,3.0,6.0,2.0,0.0,0.0,1.0,2.0,2.0,2.0,0.0,1.0,1.0,1.0,1.0,0.0,1.0,0.0,1.0,1.0,33.0,0
1.0,2.0,30.0,1.0,1.0,1.0,2.0,0.0,7.0,1.0,1.0,1.0,6.0,900.0,3.0,2.0,1.0,0.0,40.0,0.0,2.0,0.0,2.0,2.0,2.0,2.0,0.0,12.0,11.0,5.0,2.0,0.0,0.0,2.0,2.0,1.0,2.0,0.0,1.0,1.0,1.0,1.0,0.0,1.0,0.0,1.0,1.0,33.0,0
2.0,1.0,32.0,1.0,1.0,1.0,1.0,1.0,7.0,2.0,1.0,1.0,5.0,1024.0,2.0,1.0,1.0,0.0,25.0,0.0,1.0,1.0,1.0,1.0,2.0,2.0,0.0,1.0,11.0,0.0,0.0,0.0,0.0,0.0,0.0,0.0,0.0,0.0,0.0,0.0,0.0,0.0,0.0,0.0,0.0,0.0,0.0,33.0,0
1.0,1.0,48.0,1.0,4.0,1.0,2.0,0.0,2.0,2.0,1.0,1.0,1.0,2304.0,3.0,3.0,1.0,0.0,50.0,0.0,2.0,0.0,2.0,2.0,2.0,2.0,0.0,3.0,8.0,6.0,2.0,0.0,0.0,2.0,2.0,2.0,2.0,5.0,2.0,2.0,2.0,2.0,5.0,2.0,2.0,1.0,2.0,33.0,1
3.0,1.0,20.0,5.0,4.0,1.0,2.0,0.0,4.0,2.0,1.0,1.0,3.0,400.0,3.0,2.0,1.0,0.0,36.0,0.0,2.0,0.0,2.0,2.0,2.0,2.0,0.0,4.0,6.0,5.0,9.0,9.0,4.0,2.0,2.0,2.0,2.0,5.0,2.0,2.0,2.0,2.0,5.0,2.0,2.0,1.0,4.0,33.0,1
1.0,2.0,48.0,1.0,1.0,1.0,2.0,0.0,2.0,1.0,1.0,1.0,2.0,2304.0,3.0,2.0,1.0,0.0,24.0,0.0,2.0,0.0,1.0,1.0,2.0,2.0,0.0,99.0,11.0,6.0,2.0,0.0,0.0,2.0,2.0,2.0,2.0,5.0,1.0,1.0,1.0,1.0,0.0,1.0,0.0,1.0,1.0,33.0,0
2.0,1.0,44.0,1.0,4.0,1.0,2.0,0.0,2.0,1.0,1.0,1.0,2.0,1936.0,2.0,1.0,1.0,0.0,18.0,0.0,1.0,1.0,1.0,1.0,2.0,2.0,0.0,1.0,6.0,0.0,0.0,0.0,0.0,0.0,0.0,0.0,0.0,0.0,0.0,0.0,0.0,0.0,0.0,0.0,0.0,0.0,0.0,33.0,0
2.0,2.0,43.0,2.0,1.0,1.0,2.0,0.0,4.0,1.0,1.0,1.0,4.0,1849.0,2.0,2.0,1.0,0.0,25.0,0.0,1.0,3.0,2.0,2.0,2.0,2.0,0.0,1.0,6.0,0.0,0.0,0.0,0.0,0.0,0.0,0.0,0.0,0.0,0.0,0.0,0.0,0.0,0.0,0.0,0.0,0.0,0.0,33.0,0
1.0,1.0,68.0,1.0,1.0,1.0,2.0,0.0,4.0,2.0,1.0,1.0,3.0,4624.0,2.0,1.0,1.0,0.0,6.0,0.0,1.0,1.0,1.0,1.0,2.0,2.0,0.0,1.0,4.0,0.0,0.0,0.0,0.0,0.0,0.0,0.0,0.0,0.0,0.0,0.0,0.0,0.0,0.0,0.0,0.0,0.0,0.0,33.0,0
2.0,2.0,45.0,1.0,4.0,1.0,2.0,0.0,4.0,1.0,1.0,1.0,4.0,2025.0,3.0,3.0,1.0,0.0,72.0,0.0,1.0,1.0,1.0,1.0,2.0,1.0,1.0,0.0,0.0,0.0,0.0,0.0,0.0,1.0,2.0,2.0,2.0,0.0,2.0,2.0,2.0,2.0,5.0,2.0,2.0,3.0,4.0,33.0,1
5.0,1.0,38.0,1.0,4.0,1.0,2.0,0.0,2.0,1.0,1.0,1.0,2.0,1444.0,3.0,3.0,1.0,0.0,48.0,0.0,2.0,0.0,2.0,2.0,2.0,2.0,0.0,7.0,11.0,2.0,2.0,0.0,0.0,2.0,2.0,2.0,2.0,5.0,2.0,2.0,2.0,2.0,5.0,2.0,2.0,1.0,4.0,33.0,1
10.0,2.0,37.0,1.0,4.0,1.0,2.0,0.0,4.0,1.0,1.0,1.0,4.0,1369.0,2.0,2.0,1.0,0.0,32.0,0.0,2.0,0.0,2.0,2.0,2.0,2.0,0.0,1.0,8.0,0.0,0.0,0.0,0.0,0.0,0.0,0.0,0.0,0.0,0.0,0.0,0.0,0.0,0.0,0.0,0.0,0.0,0.0,33.0,0
1.0,1.0,72.0,2.0,1.0,1.0,2.0,0.0,4.0,2.0,1.0,1.0,3.0,5184.0,2.0,2.0,1.0,0.0,28.0,0.0,2.0,0.0,2.0,2.0,2.0,2.0,0.0,1.0,4.0,0.0,0.0,0.0,0.0,0.0,0.0,0.0,0.0,0.0,0.0,0.0,0.0,0.0,0.0,0.0,0.0,0.0,0.0,32.0,0
1.0,2.0,60.0,3.0,1.0,1.0,2.0,0.0,7.0,1.0,1.0,1.0,6.0,3600.0,1.0,2.0,1.0,0.0,28.0,0.0,2.0,0.0,2.0,2.0,2.0,2.0,0.0,2.0,11.0,0.0,0.0,0.0,0.0,0.0,0.0,0.0,0.0,0.0,0.0,0.0,0.0,0.0,0.0,0.0,0.0,0.0,0.0,32.0,0
1.0,2.0,50.0,1.0,1.0,1.0,2.0,0.0,7.0,2.0,1.0,1.0,5.0,2500.0,3.0,2.0,1.0,0.0,36.0,0.0,2.0,0.0,2.0,2.0,2.0,2.0,0.0,99.0,11.0,6.0,2.0,0.0,0.0,2.0,2.0,2.0,2.0,5.0,1.0,1.0,1.0,1.0,0.0,1.0,0.0,1.0,1.0,32.0,0
2.0,1.0,49.0,1.0,1.0,1.0,2.0,0.0,4.0,2.0,1.0,1.0,3.0,2401.0,2.0,2.0,1.0,0.0,40.0,0.0,1.0,1.0,1.0,1.0,2.0,2.0,0.0,1.0,6.0,0.0,0.0,0.0,0.0,0.0,0.0,0.0,0.0,0.0,0.0,0.0,0.0,0.0,0.0,0.0,0.0,0.0,0.0,32.0,0
1.0,1.0,29.0,5.0,2.0,1.0,2.0,0.0,4.0,1.0,1.0,1.0,4.0,841.0,3.0,2.0,1.0,0.0,40.0,0.0,2.0,0.0,2.0,2.0,2.0,2.0,0.0,3.0,11.0,5.0,2.0,0.0,0.0,2.0,2.0,1.0,2.0,0.0,1.0,2.0,1.0,2.0,0.0,2.0,2.0,1.0,4.0,32.0,1
1.0,2.0,55.0,2.0,1.0,1.0,2.0,0.0,7.0,1.0,2.0,1.0,6.0,3025.0,3.0,2.0,1.0,0.0,45.0,0.0,2.0,0.0,2.0,2.0,2.0,2.0,0.0,8.0,11.0,6.0,2.0,0.0,0.0,2.0,2.0,2.0,1.0,0.0,1.0,1.0,1.0,1.0,0.0,1.0,0.0,1.0,1.0,32.0,0
2.0,1.0,59.0,2.0,1.0,1.0,2.0,0.0,7.0,1.0,1.0,1.0,6.0,3481.0,1.0,2.0,1.0,0.0,45.0,0.0,2.0,0.0,2.0,2.0,2.0,2.0,0.0,8.0,11.0,0.0,0.0,0.0,0.0,0.0,0.0,0.0,0.0,0.0,0.0,0.0,0.0,0.0,0.0,0.0,0.0,0.0,0.0,32.0,0
3.0,2.0,21.0,5.0,1.0,1.0,1.0,2.0,6.0,2.0,1.0,1.0,5.0,441.0,3.0,2.0,1.0,0.0,12.0,0.0,2.0,0.0,1.0,2.0,2.0,2.0,0.0,99.0,6.0,5.0,2.0,0.0,0.0,2.0,2.0,2.0,2.0,5.0,2.0,2.0,2.0,2.0,5.0,2.0,2.0,1.0,4.0,32.0,1
1.0,1.0,43.0,1.0,1.0,1.0,2.0,0.0,4.0,1.0,1.0,1.0,4.0,1849.0,2.0,2.0,1.0,0.0,40.0,0.0,2.0,0.0,2.0,2.0,2.0,2.0,0.0,3.0,11.0,0.0,0.0,0.0,0.0,0.0,0.0,0.0,0.0,0.0,0.0,0.0,0.0,0.0,0.0,0.0,0.0,0.0,0.0,32.0,0
1.0,2.0,62.0,4.0,2.0,1.0,2.0,0.0,6.0,2.0,1.0,1.0,5.0,3844.0,2.0,3.0,1.0,0.0,54.0,0.0,2.0,0.0,2.0,2.0,2.0,2.0,0.0,2.0,11.0,0.0,0.0,0.0,0.0,0.0,0.0,0.0,0.0,0.0,0.0,0.0,0.0,0.0,0.0,0.0,0.0,0.0,0.0,32.0,0
1.0,1.0,64.0,3.0,4.0,1.0,2.0,0.0,4.0,1.0,1.0,1.0,4.0,4096.0,2.0,3.0,1.0,0.0,70.0,0.0,2.0,0.0,2.0,2.0,2.0,2.0,0.0,1.0,12.0,0.0,0.0,0.0,0.0,0.0,0.0,0.0,0.0,0.0,0.0,0.0,0.0,0.0,0.0,0.0,0.0,0.0,0.0,32.0,0
1.0,1.0,78.0,2.0,12.0,1.0,2.0,0.0,6.0,1.0,1.0,1.0,6.0,6084.0,2.0,3.0,1.0,0.0,49.0,0.0,2.0,0.0,2.0,2.0,2.0,2.0,0.0,1.0,11.0,0.0,0.0,0.0,0.0,0.0,0.0,0.0,0.0,0.0,0.0,0.0,0.0,0.0,0.0,0.0,0.0,0.0,0.0,32.0,0
2.0,2.0,72.0,2.0,12.0,1.0,2.0,0.0,6.0,1.0,1.0,1.0,6.0,5184.0,2.0,1.0,2.0,2.0,14.0,3.0,1.0,1.0,1.0,2.0,2.0,2.0,0.0,1.0,6.0,0.0,0.0,0.0,0.0,0.0,0.0,0.0,0.0,0.0,0.0,0.0,0.0,0.0,0.0,0.0,0.0,0.0,0.0,32.0,0
2.0,2.0,51.0,2.0,4.0,1.0,2.0,0.0,2.0,1.0,1.0,1.0,2.0,2601.0,3.0,1.0,2.0,2.0,6.0,2.0,1.0,1.0,1.0,1.0,2.0,1.0,2.0,0.0,0.0,0.0,0.0,0.0,0.0,2.0,2.0,2.0,2.0,5.0,2.0,2.0,2.0,2.0,5.0,2.0,2.0,1.0,4.0,33.0,1
1.0,1.0,65.0,2.0,1.0,1.0,2.0,0.0,4.0,9.0,3.0,1.0,2.0,4225.0,3.0,2.0,1.0,0.0,40.0,0.0,2.0,0.0,2.0,2.0,3.0,2.0,0.0,99.0,11.0,6.0,2.0,0.0,0.0,2.0,2.0,2.0,2.0,5.0,1.0,1.0,1.0,1.0,0.0,1.0,0.0,1.0,1.0,33.0,0
1.0,1.0,77.0,1.0,1.0,1.0,2.0,0.0,2.0,2.0,1.0,1.0,1.0,5929.0,3.0,2.0,1.0,0.0,45.0,0.0,1.0,1.0,2.0,2.0,2.0,2.0,0.0,2.0,4.0,6.0,2.0,0.0,0.0,2.0,2.0,2.0,2.0,5.0,2.0,2.0,2.0,2.0,5.0,2.0,2.0,1.0,4.0,33.0,1
3.0,1.0,42.0,5.0,4.0,1.0,2.0,0.0,4.0,1.0,1.0,1.0,4.0,1764.0,3.0,2.0,1.0,0.0,40.0,0.0,2.0,0.0,2.0,2.0,2.0,2.0,0.0,99.0,11.0,5.0,2.0,0.0,0.0,1.0,2.0,2.0,2.0,0.0,2.0,2.0,2.0,2.0,5.0,2.0,2.0,1.0,4.0,33.0,1
3.0,1.0,20.0,5.0,4.0,1.0,2.0,0.0,4.0,1.0,5.0,4.0,4.0,400.0,3.0,3.0,1.0,0.0,54.0,0.0,2.0,0.0,2.0,1.0,2.0,2.0,0.0,2.0,11.0,3.0,1.0,3.0,4.0,2.0,2.0,2.0,2.0,5.0,2.0,2.0,2.0,2.0,5.0,2.0,2.0,1.0,4.0,33.0,1
1.0,1.0,31.0,1.0,4.0,1.0,2.0,0.0,4.0,1.0,1.0,1.0,4.0,961.0,3.0,3.0,1.0,0.0,70.0,0.0,2.0,0.0,2.0,2.0,2.0,2.0,0.0,99.0,4.0,3.0,1.0,2.0,4.0,2.0,2.0,2.0,2.0,5.0,2.0,2.0,2.0,2.0,5.0,2.0,2.0,3.0,4.0,33.0,1
2.0,1.0,42.0,1.0,4.0,1.0,2.0,0.0,2.0,1.0,4.0,1.0,2.0,1764.0,2.0,3.0,1.0,0.0,54.0,0.0,2.0,0.0,2.0,2.0,2.0,2.0,0.0,1.0,5.0,0.0,0.0,0.0,0.0,0.0,0.0,0.0,0.0,0.0,0.0,0.0,0.0,0.0,0.0,0.0,0.0,0.0,0.0,33.0,0
1.0,1.0,51.0,2.0,1.0,1.0,2.0,0.0,4.0,1.0,1.0,1.0,4.0,2601.0,2.0,2.0,1.0,0.0,12.0,0.0,2.0,0.0,2.0,2.0,2.0,2.0,0.0,1.0,8.0,0.0,0.0,0.0,0.0,0.0,0.0,0.0,0.0,0.0,0.0,0.0,0.0,0.0,0.0,0.0,0.0,0.0,0.0,33.0,0
2.0,2.0,52.0,2.0,1.0,1.0,2.0,0.0,4.0,1.0,1.0,1.0,4.0,2704.0,3.0,2.0,1.0,0.0,10.0,0.0,2.0,0.0,2.0,2.0,2.0,2.0,0.0,99.0,8.0,6.0,2.0,0.0,0.0,2.0,2.0,2.0,2.0,5.0,2.0,2.0,2.0,2.0,5.0,2.0,1.0,1.0,3.0,33.0,1
3.0,1.0,26.0,5.0,4.0,1.0,2.0,0.0,4.0,1.0,1.0,1.0,4.0,676.0,3.0,2.0,1.0,0.0,30.0,0.0,2.0,0.0,2.0,2.0,2.0,2.0,0.0,2.0,11.0,5.0,2.0,0.0,0.0,2.0,2.0,2.0,2.0,5.0,2.0,2.0,2.0,2.0,5.0,2.0,2.0,1.0,4.0,33.0,1
1.0,2.0,47.0,5.0,4.0,1.0,2.0,0.0,6.0,1.0,3.0,1.0,6.0,2209.0,3.0,1.0,2.0,2.0,8.0,4.0,1.0,1.0,1.0,1.0,2.0,1.0,2.0,0.0,0.0,0.0,0.0,0.0,0.0,1.0,2.0,2.0,2.0,0.0,2.0,2.0,2.0,2.0,5.0,2.0,2.0,1.0,4.0,33.0,1
1.0,1.0,58.0,2.0,2.0,1.0,2.0,0.0,6.0,2.0,2.0,1.0,5.0,3364.0,2.0,3.0,1.0,0.0,48.0,0.0,2.0,0.0,2.0,2.0,2.0,2.0,0.0,3.0,11.0,0.0,0.0,0.0,0.0,0.0,0.0,0.0,0.0,0.0,0.0,0.0,0.0,0.0,0.0,0.0,0.0,0.0,0.0,32.0,0
2.0,2.0,54.0,2.0,2.0,1.0,2.0,0.0,4.0,1.0,1.0,1.0,4.0,2916.0,2.0,2.0,2.0,2.0,30.0,10.0,2.0,0.0,2.0,2.0,2.0,2.0,0.0,1.0,11.0,0.0,0.0,0.0,0.0,0.0,0.0,0.0,0.0,0.0,0.0,0.0,0.0,0.0,0.0,0.0,0.0,0.0,0.0,32.0,0
1.0,2.0,45.0,3.0,2.0,1.0,1.0,1.0,7.0,2.0,1.0,1.0,5.0,2025.0,3.0,2.0,1.0,0.0,32.0,0.0,2.0,0.0,2.0,2.0,2.0,2.0,0.0,11.0,11.0,6.0,2.0,0.0,0.0,2.0,2.0,2.0,2.0,5.0,1.0,1.0,1.0,1.0,0.0,1.0,0.0,1.0,1.0,32.0,0
1.0,2.0,31.0,5.0,1.0,1.0,1.0,1.0,7.0,2.0,1.0,1.0,5.0,961.0,3.0,2.0,1.0,0.0,40.0,0.0,2.0,0.0,2.0,2.0,2.0,2.0,0.0,12.0,6.0,6.0,2.0,0.0,0.0,2.0,2.0,2.0,1.0,0.0,1.0,1.0,1.0,1.0,0.0,1.0,0.0,1.0,1.0,32.0,0
3.0,1.0,28.0,5.0,1.0,1.0,2.0,0.0,6.0,1.0,1.0,1.0,6.0,784.0,3.0,2.0,1.0,0.0,40.0,0.0,2.0,0.0,2.0,2.0,2.0,2.0,0.0,99.0,11.0,6.0,2.0,0.0,0.0,2.0,2.0,2.0,2.0,5.0,1.0,1.0,1.0,1.0,0.0,1.0,0.0,1.0,1.0,32.0,0
3.0,1.0,25.0,5.0,1.0,1.0,2.0,0.0,7.0,1.0,1.0,1.0,6.0,625.0,3.0,2.0,1.0,0.0,40.0,0.0,2.0,0.0,2.0,2.0,2.0,2.0,0.0,12.0,11.0,4.0,2.0,0.0,0.0,2.0,2.0,2.0,2.0,5.0,1.0,1.0,1.0,1.0,0.0,1.0,0.0,1.0,1.0,32.0,0
2.0,2.0,40.0,1.0,1.0,1.0,2.0,0.0,4.0,1.0,1.0,1.0,4.0,1600.0,3.0,2.0,1.0,0.0,45.0,0.0,2.0,0.0,2.0,2.0,2.0,2.0,0.0,9.0,6.0,6.0,2.0,0.0,0.0,2.0,2.0,2.0,2.0,5.0,1.0,1.0,1.0,1.0,0.0,1.0,0.0,1.0,1.0,32.0,0
1.0,1.0,65.0,1.0,1.0,1.0,2.0,0.0,6.0,2.0,1.0,1.0,5.0,4225.0,3.0,2.0,2.0,3.0,4.0,8.0,2.0,0.0,2.0,2.0,2.0,2.0,0.0,10.0,11.0,6.0,2.0,0.0,0.0,2.0,2.0,2.0,2.0,5.0,1.0,1.0,1.0,1.0,0.0,1.0,0.0,1.0,1.0,32.0,0
2.0,2.0,53.0,1.0,1.0,1.0,2.0,0.0,4.0,2.0,1.0,1.0,3.0,2809.0,3.0,2.0,1.0,0.0,36.0,0.0,2.0,0.0,2.0,2.0,2.0,2.0,0.0,5.0,11.0,6.0,2.0,0.0,0.0,1.0,2.0,2.0,2.0,0.0,1.0,1.0,1.0,1.0,0.0,1.0,0.0,1.0,1.0,32.0,0
1.0,2.0,35.0,1.0,1.0,1.0,2.0,0.0,4.0,1.0,1.0,1.0,4.0,1225.0,3.0,2.0,1.0,0.0,35.0,0.0,1.0,1.0,2.0,2.0,2.0,2.0,0.0,99.0,11.0,6.0,2.0,0.0,0.0,2.0,2.0,2.0,2.0,5.0,1.0,1.0,1.0,1.0,0.0,1.0,0.0,1.0,1.0,32.0,0
2.0,1.0,47.0,1.0,1.0,1.0,2.0,0.0,4.0,1.0,1.0,1.0,4.0,2209.0,3.0,2.0,1.0,0.0,35.0,0.0,2.0,0.0,2.0,2.0,1.0,2.0,0.0,12.0,11.0,6.0,2.0,0.0,0.0,2.0,2.0,2.0,2.0,5.0,1.0,1.0,1.0,1.0,0.0,1.0,0.0,1.0,1.0,32.0,0
3.0,1.0,27.0,5.0,4.0,1.0,2.0,0.0,4.0,2.0,1.0,1.0,3.0,729.0,3.0,2.0,1.0,0.0,40.0,0.0,2.0,0.0,2.0,2.0,2.0,2.0,0.0,2.0,8.0,1.0,1.0,9.0,2.0,2.0,2.0,2.0,2.0,5.0,2.0,2.0,2.0,2.0,5.0,2.0,2.0,1.0,4.0,33.0,1
3.0,2.0,45.0,5.0,1.0,1.0,2.0,0.0,8.0,1.0,1.0,1.0,6.0,2025.0,3.0,2.0,1.0,0.0,45.0,0.0,2.0,0.0,2.0,2.0,2.0,2.0,0.0,99.0,11.0,6.0,2.0,0.0,0.0,2.0,2.0,2.0,2.0,5.0,1.0,1.0,1.0,1.0,0.0,1.0,0.0,1.0,1.0,33.0,0
3.0,2.0,39.0,5.0,1.0,1.0,2.0,0.0,7.0,1.0,1.0,1.0,6.0,1521.0,3.0,3.0,1.0,0.0,47.0,0.0,2.0,0.0,2.0,2.0,2.0,2.0,0.0,99.0,11.0,5.0,2.0,0.0,0.0,2.0,2.0,2.0,2.0,5.0,1.0,1.0,1.0,1.0,0.0,1.0,0.0,1.0,1.0,33.0,0
1.0,2.0,47.0,1.0,1.0,1.0,2.0,0.0,2.0,1.0,1.0,1.0,2.0,2209.0,3.0,1.0,2.0,2.0,15.0,7.0,1.0,1.0,1.0,1.0,2.0,1.0,1.0,0.0,0.0,0.0,0.0,0.0,0.0,1.0,2.0,2.0,2.0,0.0,1.0,1.0,1.0,1.0,0.0,1.0,0.0,1.0,1.0,33.0,0
2.0,1.0,44.0,1.0,1.0,1.0,2.0,0.0,4.0,2.0,1.0,1.0,3.0,1936.0,3.0,1.0,1.0,0.0,5.0,0.0,1.0,1.0,1.0,1.0,2.0,2.0,0.0,2.0,4.0,5.0,2.0,0.0,0.0,2.0,2.0,2.0,2.0,5.0,1.0,1.0,1.0,1.0,0.0,1.0,0.0,1.0,1.0,33.0,0
1.0,2.0,31.0,5.0,1.0,1.0,2.0,0.0,4.0,1.0,4.0,1.0,4.0,961.0,3.0,2.0,1.0,0.0,40.0,0.0,2.0,0.0,2.0,2.0,2.0,1.0,1.0,0.0,0.0,0.0,0.0,0.0,0.0,1.0,1.0,2.0,2.0,0.0,1.0,1.0,1.0,1.0,0.0,1.0,0.0,1.0,1.0,33.0,0
2.0,1.0,62.0,2.0,4.0,1.0,2.0,0.0,2.0,1.0,4.0,1.0,2.0,3844.0,3.0,3.0,1.0,0.0,48.0,0.0,2.0,0.0,2.0,2.0,2.0,2.0,0.0,99.0,8.0,6.0,2.0,0.0,0.0,2.0,2.0,2.0,2.0,5.0,2.0,2.0,2.0,2.0,5.0,2.0,2.0,1.0,4.0,33.0,1
2.0,1.0,48.0,2.0,2.0,1.0,2.0,0.0,4.0,1.0,1.0,1.0,4.0,2304.0,3.0,2.0,1.0,0.0,45.0,0.0,2.0,0.0,2.0,2.0,2.0,2.0,0.0,6.0,11.0,6.0,1.0,9.0,4.0,1.0,2.0,2.0,2.0,0.0,1.0,1.0,1.0,1.0,0.0,1.0,0.0,1.0,1.0,33.0,0
1.0,1.0,39.0,2.0,1.0,1.0,2.0,0.0,4.0,1.0,1.0,1.0,4.0,1521.0,2.0,2.0,1.0,0.0,44.0,0.0,2.0,0.0,2.0,2.0,2.0,2.0,0.0,1.0,11.0,0.0,0.0,0.0,0.0,0.0,0.0,0.0,0.0,0.0,0.0,0.0,0.0,0.0,0.0,0.0,0.0,0.0,0.0,33.0,0
2.0,2.0,35.0,2.0,1.0,1.0,2.0,0.0,6.0,1.0,1.0,1.0,6.0,1225.0,3.0,2.0,1.0,0.0,24.0,0.0,2.0,0.0,2.0,2.0,2.0,2.0,0.0,99.0,11.0,6.0,2.0,0.0,0.0,2.0,2.0,2.0,2.0,5.0,1.0,1.0,1.0,1.0,0.0,1.0,0.0,1.0,1.0,33.0,0
1.0,1.0,43.0,1.0,4.0,1.0,2.0,0.0,4.0,1.0,1.0,1.0,4.0,1849.0,2.0,2.0,1.0,0.0,40.0,0.0,2.0,0.0,2.0,2.0,2.0,2.0,0.0,1.0,11.0,0.0,0.0,0.0,0.0,0.0,0.0,0.0,0.0,0.0,0.0,0.0,0.0,0.0,0.0,0.0,0.0,0.0,0.0,32.0,0
1.0,2.0,43.0,1.0,1.0,1.0,2.0,0.0,7.0,1.0,1.0,1.0,6.0,1849.0,3.0,4.0,0.0,0.0,0.0,0.0,2.0,0.0,2.0,2.0,2.0,2.0,0.0,2.0,12.0,6.0,2.0,0.0,0.0,1.0,2.0,2.0,1.0,0.0,1.0,1.0,1.0,1.0,0.0,1.0,0.0,1.0,1.0,33.0,0
2.0,1.0,46.0,1.0,1.0,1.0,2.0,0.0,7.0,2.0,1.0,1.0,5.0,2116.0,1.0,4.0,0.0,0.0,0.0,0.0,2.0,0.0,2.0,2.0,2.0,2.0,0.0,6.0,8.0,0.0,0.0,0.0,0.0,0.0,0.0,0.0,0.0,0.0,0.0,0.0,0.0,0.0,0.0,0.0,0.0,0.0,0.0,33.0,0
2.0,1.0,34.0,1.0,4.0,1.0,2.0,0.0,4.0,1.0,1.0,1.0,4.0,1156.0,2.0,2.0,1.0,0.0,35.0,0.0,2.0,0.0,2.0,2.0,2.0,2.0,0.0,1.0,9.0,0.0,0.0,0.0,0.0,0.0,0.0,0.0,0.0,0.0,0.0,0.0,0.0,0.0,0.0,0.0,0.0,0.0,0.0,33.0,0
2.0,1.0,53.0,1.0,4.0,1.0,2.0,0.0,2.0,2.0,1.0,1.0,1.0,2809.0,3.0,2.0,1.0,0.0,16.0,0.0,2.0,0.0,2.0,2.0,2.0,2.0,0.0,6.0,8.0,1.0,1.0,9.0,4.0,2.0,2.0,2.0,2.0,5.0,2.0,2.0,2.0,2.0,5.0,2.0,2.0,1.0,4.0,33.0,1
3.0,1.0,26.0,3.0,4.0,1.0,2.0,0.0,4.0,2.0,1.0,1.0,3.0,676.0,3.0,2.0,1.0,0.0,36.0,0.0,2.0,0.0,2.0,2.0,2.0,2.0,0.0,6.0,11.0,5.0,2.0,0.0,0.0,2.0,2.0,2.0,2.0,5.0,2.0,2.0,2.0,2.0,5.0,2.0,2.0,1.0,4.0,33.0,1
1.0,2.0,22.0,2.0,1.0,1.0,2.0,0.0,4.0,2.0,1.0,1.0,3.0,484.0,2.0,3.0,1.0,0.0,75.0,0.0,2.0,0.0,2.0,2.0,2.0,2.0,0.0,2.0,11.0,0.0,0.0,0.0,0.0,0.0,0.0,0.0,0.0,0.0,0.0,0.0,0.0,0.0,0.0,0.0,0.0,0.0,0.0,33.0,0
2.0,1.0,27.0,2.0,1.0,1.0,2.0,0.0,4.0,1.0,1.0,1.0,4.0,729.0,2.0,3.0,2.0,3.0,36.0,49.0,2.0,0.0,2.0,2.0,2.0,2.0,0.0,2.0,3.0,0.0,0.0,0.0,0.0,0.0,0.0,0.0,0.0,0.0,0.0,0.0,0.0,0.0,0.0,0.0,0.0,0.0,0.0,33.0,0
1.0,1.0,54.0,5.0,1.0,1.0,2.0,0.0,7.0,2.0,2.0,1.0,5.0,2916.0,3.0,2.0,1.0,0.0,40.0,0.0,2.0,0.0,2.0,2.0,1.0,2.0,0.0,6.0,11.0,6.0,2.0,0.0,0.0,2.0,2.0,2.0,2.0,5.0,1.0,1.0,1.0,1.0,0.0,1.0,0.0,1.0,1.0,33.0,0
1.0,2.0,35.0,5.0,1.0,1.0,2.0,0.0,6.0,1.0,1.0,1.0,6.0,1225.0,2.0,1.0,1.0,0.0,12.0,0.0,1.0,1.0,1.0,1.0,2.0,2.0,0.0,1.0,12.0,0.0,0.0,0.0,0.0,0.0,0.0,0.0,0.0,0.0,0.0,0.0,0.0,0.0,0.0,0.0,0.0,0.0,0.0,33.0,0
1.0,1.0,33.0,1.0,1.0,1.0,2.0,0.0,6.0,1.0,2.0,1.0,6.0,1089.0,3.0,3.0,1.0,0.0,48.0,0.0,2.0,0.0,2.0,2.0,2.0,2.0,0.0,99.0,11.0,5.0,2.0,0.0,0.0,1.0,2.0,2.0,2.0,0.0,1.0,1.0,1.0,1.0,0.0,1.0,0.0,1.0,1.0,33.0,0
1.0,1.0,57.0,2.0,1.0,1.0,2.0,0.0,2.0,1.0,1.0,1.0,2.0,3249.0,1.0,3.0,1.0,0.0,50.0,0.0,2.0,0.0,2.0,2.0,2.0,2.0,0.0,9.0,11.0,0.0,0.0,0.0,0.0,0.0,0.0,0.0,0.0,0.0,0.0,0.0,0.0,0.0,0.0,0.0,0.0,0.0,0.0,33.0,0
3.0,2.0,36.0,3.0,1.0,1.0,2.0,0.0,4.0,2.0,1.0,1.0,3.0,1296.0,3.0,3.0,1.0,0.0,50.0,0.0,2.0,0.0,2.0,2.0,2.0,2.0,0.0,7.0,11.0,5.0,2.0,0.0,0.0,1.0,2.0,2.0,2.0,0.0,1.0,1.0,1.0,1.0,0.0,1.0,0.0,1.0,1.0,33.0,0
1.0,2.0,38.0,1.0,4.0,1.0,2.0,0.0,2.0,1.0,1.0,1.0,2.0,1444.0,3.0,2.0,1.0,0.0,45.0,0.0,2.0,0.0,2.0,2.0,2.0,2.0,0.0,99.0,11.0,1.0,2.0,0.0,0.0,2.0,2.0,2.0,2.0,5.0,2.0,2.0,2.0,2.0,5.0,2.0,2.0,1.0,4.0,33.0,1
2.0,1.0,27.0,1.0,4.0,1.0,2.0,0.0,4.0,1.0,1.0,1.0,4.0,729.0,3.0,2.0,1.0,0.0,45.0,0.0,2.0,0.0,2.0,2.0,2.0,2.0,0.0,99.0,11.0,2.0,2.0,0.0,0.0,2.0,2.0,2.0,2.0,5.0,2.0,2.0,2.0,2.0,5.0,2.0,2.0,1.0,4.0,33.0,1
1.0,1.0,31.0,5.0,1.0,1.0,2.0,0.0,4.0,1.0,1.0,1.0,4.0,961.0,3.0,3.0,2.0,2.0,40.0,9.0,2.0,0.0,2.0,2.0,2.0,2.0,0.0,11.0,11.0,6.0,2.0,0.0,0.0,2.0,2.0,2.0,2.0,5.0,1.0,1.0,1.0,1.0,0.0,1.0,0.0,1.0,1.0,33.0,0
1.0,1.0,55.0,2.0,4.0,1.0,2.0,0.0,2.0,1.0,4.0,1.0,2.0,3025.0,2.0,2.0,1.0,0.0,30.0,0.0,2.0,0.0,2.0,2.0,2.0,2.0,0.0,1.0,8.0,0.0,0.0,0.0,0.0,0.0,0.0,0.0,0.0,0.0,0.0,0.0,0.0,0.0,0.0,0.0,0.0,0.0,0.0,33.0,0
3.0,1.0,28.0,5.0,4.0,1.0,2.0,0.0,4.0,1.0,4.0,1.0,4.0,784.0,3.0,2.0,1.0,0.0,35.0,0.0,2.0,0.0,2.0,2.0,2.0,2.0,0.0,99.0,3.0,2.0,1.0,4.0,2.0,2.0,2.0,2.0,2.0,5.0,2.0,2.0,2.0,2.0,5.0,2.0,2.0,1.0,4.0,33.0,1
3.0,1.0,26.0,5.0,1.0,1.0,1.0,1.0,7.0,2.0,4.0,1.0,5.0,676.0,3.0,2.0,1.0,0.0,23.0,0.0,2.0,0.0,2.0,2.0,2.0,2.0,0.0,99.0,11.0,4.0,2.0,0.0,0.0,2.0,2.0,2.0,2.0,5.0,1.0,1.0,1.0,1.0,0.0,1.0,0.0,1.0,1.0,33.0,0
3.0,2.0,21.0,5.0,1.0,1.0,1.0,1.0,7.0,2.0,4.0,1.0,5.0,441.0,3.0,2.0,1.0,0.0,35.0,0.0,1.0,1.0,1.0,2.0,2.0,2.0,0.0,12.0,11.0,2.0,9.0,2.0,2.0,2.0,2.0,2.0,2.0,5.0,1.0,1.0,1.0,1.0,0.0,1.0,0.0,1.0,1.0,33.0,0
1.0,1.0,62.0,3.0,2.0,1.0,2.0,0.0,7.0,1.0,1.0,1.0,6.0,3844.0,2.0,2.0,1.0,0.0,24.0,0.0,2.0,0.0,2.0,2.0,2.0,2.0,0.0,1.0,12.0,0.0,0.0,0.0,0.0,0.0,0.0,0.0,0.0,0.0,0.0,0.0,0.0,0.0,0.0,0.0,0.0,0.0,0.0,32.0,0
1.0,2.0,49.0,5.0,1.0,1.0,2.0,0.0,6.0,1.0,3.0,1.0,6.0,2401.0,3.0,2.0,1.0,0.0,40.0,0.0,2.0,0.0,2.0,2.0,3.0,2.0,0.0,5.0,11.0,6.0,2.0,0.0,0.0,2.0,2.0,2.0,2.0,5.0,1.0,1.0,1.0,1.0,0.0,1.0,0.0,1.0,1.0,33.0,0
1.0,1.0,35.0,1.0,1.0,1.0,2.0,0.0,8.0,1.0,1.0,1.0,6.0,1225.0,3.0,2.0,2.0,3.0,20.0,20.0,2.0,0.0,2.0,2.0,1.0,2.0,0.0,9.0,11.0,6.0,2.0,0.0,0.0,2.0,2.0,2.0,2.0,5.0,1.0,1.0,1.0,1.0,0.0,1.0,0.0,1.0,1.0,33.0,0
2.0,2.0,30.0,1.0,1.0,1.0,2.0,0.0,6.0,1.0,1.0,1.0,6.0,900.0,3.0,2.0,2.0,2.0,25.0,20.0,2.0,0.0,2.0,2.0,1.0,2.0,0.0,12.0,11.0,5.0,2.0,0.0,0.0,2.0,2.0,2.0,2.0,5.0,1.0,1.0,1.0,1.0,0.0,1.0,0.0,1.0,1.0,33.0,0
1.0,1.0,45.0,1.0,1.0,1.0,2.0,0.0,4.0,1.0,1.0,1.0,4.0,2025.0,3.0,2.0,1.0,0.0,45.0,0.0,2.0,0.0,2.0,2.0,2.0,2.0,0.0,2.0,11.0,5.0,2.0,0.0,0.0,2.0,2.0,2.0,2.0,5.0,2.0,2.0,2.0,2.0,5.0,2.0,1.0,1.0,3.0,33.0,1
2.0,2.0,70.0,2.0,1.0,1.0,2.0,0.0,2.0,1.0,1.0,1.0,2.0,4900.0,2.0,1.0,1.0,0.0,2.0,0.0,1.0,1.0,2.0,2.0,2.0,2.0,0.0,1.0,6.0,0.0,0.0,0.0,0.0,0.0,0.0,0.0,0.0,0.0,0.0,0.0,0.0,0.0,0.0,0.0,0.0,0.0,0.0,33.0,0
9.0,1.0,54.0,5.0,1.0,1.0,2.0,0.0,2.0,1.0,3.0,1.0,2.0,2916.0,2.0,3.0,1.0,0.0,60.0,0.0,2.0,0.0,2.0,2.0,2.0,2.0,0.0,1.0,4.0,0.0,0.0,0.0,0.0,0.0,0.0,0.0,0.0,0.0,0.0,0.0,0.0,0.0,0.0,0.0,0.0,0.0,0.0,32.0,0
1.0,1.0,58.0,1.0,1.0,1.0,2.0,0.0,4.0,1.0,1.0,1.0,4.0,3364.0,2.0,2.0,1.0,0.0,40.0,0.0,2.0,0.0,2.0,2.0,2.0,2.0,0.0,1.0,8.0,0.0,0.0,0.0,0.0,0.0,0.0,0.0,0.0,0.0,0.0,0.0,0.0,0.0,0.0,0.0,0.0,0.0,0.0,33.0,0
3.0,2.0,22.0,5.0,1.0,1.0,1.0,2.0,7.0,2.0,1.0,1.0,5.0,484.0,3.0,2.0,1.0,0.0,12.0,0.0,2.0,0.0,2.0,2.0,2.0,2.0,0.0,99.0,11.0,4.0,2.0,0.0,0.0,2.0,2.0,2.0,2.0,5.0,2.0,2.0,2.0,2.0,5.0,2.0,1.0,1.0,3.0,33.0,1
3.0,2.0,40.0,3.0,4.0,1.0,2.0,0.0,4.0,1.0,1.0,1.0,4.0,1600.0,3.0,1.0,1.0,0.0,5.0,0.0,1.0,1.0,1.0,1.0,2.0,1.0,1.0,0.0,0.0,0.0,0.0,0.0,0.0,1.0,2.0,2.0,2.0,0.0,2.0,2.0,2.0,2.0,5.0,2.0,2.0,1.0,4.0,33.0,1
1.0,1.0,41.0,1.0,1.0,1.0,2.0,0.0,4.0,2.0,1.0,1.0,3.0,1681.0,3.0,2.0,1.0,0.0,25.0,0.0,2.0,0.0,2.0,2.0,2.0,2.0,0.0,99.0,6.0,5.0,2.0,0.0,0.0,2.0,2.0,2.0,2.0,5.0,1.0,1.0,1.0,1.0,0.0,1.0,0.0,1.0,1.0,33.0,0
1.0,1.0,63.0,1.0,4.0,1.0,2.0,0.0,2.0,2.0,3.0,1.0,1.0,3969.0,3.0,2.0,1.0,0.0,10.0,0.0,2.0,0.0,2.0,2.0,2.0,2.0,0.0,7.0,9.0,6.0,2.0,0.0,0.0,2.0,2.0,2.0,2.0,5.0,2.0,2.0,2.0,2.0,5.0,2.0,2.0,1.0,4.0,33.0,1
1.0,2.0,53.0,2.0,1.0,1.0,2.0,0.0,6.0,2.0,1.0,1.0,5.0,2809.0,3.0,2.0,1.0,0.0,40.0,0.0,9.0,0.0,9.0,9.0,2.0,2.0,0.0,99.0,11.0,9.0,9.0,9.0,4.0,9.0,9.0,9.0,9.0,0.0,9.0,9.0,9.0,9.0,0.0,1.0,0.0,9.0,9.0,33.0,0
2.0,1.0,54.0,2.0,1.0,1.0,2.0,0.0,6.0,2.0,1.0,1.0,5.0,2916.0,3.0,2.0,1.0,0.0,40.0,0.0,9.0,0.0,9.0,9.0,2.0,2.0,0.0,99.0,11.0,9.0,9.0,9.0,4.0,9.0,9.0,9.0,9.0,0.0,9.0,9.0,9.0,9.0,0.0,1.0,0.0,9.0,9.0,33.0,0
1.0,1.0,33.0,2.0,1.0,1.0,2.0,0.0,4.0,2.0,1.0,1.0,3.0,1089.0,3.0,2.0,1.0,0.0,42.0,0.0,2.0,0.0,2.0,2.0,2.0,2.0,0.0,6.0,11.0,6.0,2.0,0.0,0.0,2.0,2.0,2.0,2.0,5.0,1.0,1.0,1.0,1.0,0.0,1.0,0.0,1.0,1.0,33.0,0
2.0,2.0,31.0,2.0,1.0,1.0,1.0,1.0,4.0,2.0,1.0,1.0,3.0,961.0,2.0,1.0,1.0,0.0,8.0,0.0,1.0,1.0,1.0,1.0,2.0,2.0,0.0,1.0,6.0,0.0,0.0,0.0,0.0,0.0,0.0,0.0,0.0,0.0,0.0,0.0,0.0,0.0,0.0,0.0,0.0,0.0,0.0,33.0,0
1.0,1.0,54.0,2.0,4.0,1.0,2.0,0.0,2.0,1.0,1.0,1.0,2.0,2916.0,2.0,4.0,0.0,0.0,0.0,0.0,1.0,1.0,1.0,2.0,2.0,2.0,0.0,1.0,12.0,0.0,0.0,0.0,0.0,0.0,0.0,0.0,0.0,0.0,0.0,0.0,0.0,0.0,0.0,0.0,0.0,0.0,0.0,33.0,0
1.0,1.0,43.0,1.0,2.0,1.0,2.0,0.0,7.0,1.0,1.0,1.0,6.0,1849.0,3.0,2.0,1.0,0.0,40.0,0.0,2.0,0.0,2.0,2.0,1.0,2.0,0.0,9.0,11.0,6.0,2.0,0.0,0.0,2.0,2.0,2.0,2.0,5.0,1.0,1.0,1.0,1.0,0.0,1.0,0.0,1.0,1.0,33.0,0
2.0,2.0,40.0,1.0,2.0,1.0,2.0,0.0,7.0,1.0,1.0,1.0,6.0,1600.0,3.0,2.0,1.0,0.0,45.0,0.0,2.0,0.0,2.0,2.0,2.0,2.0,0.0,99.0,11.0,5.0,2.0,0.0,0.0,2.0,2.0,2.0,2.0,5.0,1.0,1.0,1.0,1.0,0.0,1.0,0.0,1.0,1.0,33.0,0
1.0,1.0,42.0,1.0,2.0,1.0,2.0,0.0,7.0,2.0,1.0,1.0,5.0,1764.0,3.0,2.0,1.0,0.0,40.0,0.0,2.0,0.0,2.0,2.0,2.0,2.0,0.0,99.0,6.0,6.0,2.0,0.0,0.0,2.0,2.0,2.0,2.0,5.0,1.0,1.0,1.0,1.0,0.0,1.0,0.0,1.0,1.0,33.0,0
2.0,2.0,35.0,1.0,2.0,1.0,2.0,0.0,6.0,1.0,1.0,1.0,6.0,1225.0,2.0,3.0,1.0,0.0,48.0,0.0,2.0,0.0,2.0,2.0,2.0,2.0,0.0,1.0,11.0,0.0,0.0,0.0,0.0,0.0,0.0,0.0,0.0,0.0,0.0,0.0,0.0,0.0,0.0,0.0,0.0,0.0,0.0,33.0,0
2.0,2.0,34.0,1.0,1.0,1.0,2.0,0.0,4.0,1.0,1.0,1.0,4.0,1156.0,2.0,2.0,1.0,0.0,16.0,0.0,2.0,0.0,2.0,2.0,2.0,2.0,0.0,1.0,6.0,0.0,0.0,0.0,0.0,0.0,0.0,0.0,0.0,0.0,0.0,0.0,0.0,0.0,0.0,0.0,0.0,0.0,0.0,33.0,0
1.0,1.0,46.0,1.0,4.0,1.0,2.0,0.0,4.0,1.0,1.0,1.0,4.0,2116.0,2.0,3.0,1.0,0.0,72.0,0.0,2.0,0.0,2.0,2.0,2.0,2.0,0.0,1.0,9.0,0.0,0.0,0.0,0.0,0.0,0.0,0.0,0.0,0.0,0.0,0.0,0.0,0.0,0.0,0.0,0.0,0.0,0.0,33.0,0
4.0,1.0,23.0,1.0,4.0,1.0,2.0,0.0,4.0,1.0,1.0,1.0,4.0,529.0,2.0,3.0,1.0,0.0,48.0,0.0,2.0,0.0,2.0,2.0,2.0,2.0,0.0,1.0,9.0,0.0,0.0,0.0,0.0,0.0,0.0,0.0,0.0,0.0,0.0,0.0,0.0,0.0,0.0,0.0,0.0,0.0,0.0,33.0,0
3.0,1.0,26.0,5.0,4.0,1.0,2.0,0.0,4.0,1.0,3.0,1.0,4.0,676.0,2.0,1.0,1.0,0.0,22.0,0.0,1.0,1.0,2.0,2.0,2.0,2.0,0.0,1.0,6.0,0.0,0.0,0.0,0.0,0.0,0.0,0.0,0.0,0.0,0.0,0.0,0.0,0.0,0.0,0.0,0.0,0.0,0.0,33.0,0
1.0,2.0,43.0,5.0,1.0,1.0,2.0,0.0,7.0,1.0,1.0,1.0,6.0,1849.0,3.0,3.0,1.0,0.0,56.0,0.0,2.0,0.0,2.0,2.0,1.0,2.0,0.0,12.0,11.0,6.0,2.0,0.0,0.0,2.0,2.0,2.0,2.0,5.0,1.0,1.0,1.0,1.0,0.0,1.0,0.0,1.0,1.0,32.0,0
1.0,1.0,50.0,5.0,1.0,1.0,2.0,0.0,6.0,1.0,1.0,1.0,6.0,2500.0,3.0,2.0,1.0,0.0,40.0,0.0,2.0,0.0,2.0,2.0,2.0,2.0,0.0,8.0,11.0,5.0,2.0,0.0,0.0,2.0,2.0,2.0,2.0,5.0,1.0,1.0,1.0,1.0,0.0,1.0,0.0,1.0,1.0,32.0,0
2.0,2.0,40.0,1.0,4.0,1.0,2.0,0.0,4.0,1.0,1.0,1.0,4.0,1600.0,2.0,1.0,1.0,0.0,24.0,0.0,1.0,1.0,1.0,2.0,2.0,2.0,0.0,2.0,12.0,0.0,0.0,0.0,0.0,0.0,0.0,0.0,0.0,0.0,0.0,0.0,0.0,0.0,0.0,0.0,0.0,0.0,0.0,33.0,0
1.0,1.0,47.0,1.0,4.0,1.0,2.0,0.0,4.0,2.0,1.0,1.0,3.0,2209.0,2.0,1.0,1.0,0.0,30.0,0.0,1.0,1.0,1.0,1.0,2.0,2.0,0.0,2.0,12.0,0.0,0.0,0.0,0.0,0.0,0.0,0.0,0.0,0.0,0.0,0.0,0.0,0.0,0.0,0.0,0.0,0.0,0.0,33.0,0
1.0,2.0,35.0,1.0,1.0,1.0,2.0,0.0,7.0,1.0,1.0,1.0,6.0,1225.0,3.0,2.0,1.0,0.0,40.0,0.0,2.0,0.0,2.0,2.0,2.0,2.0,0.0,11.0,11.0,6.0,2.0,0.0,0.0,2.0,2.0,2.0,2.0,5.0,1.0,1.0,1.0,1.0,0.0,1.0,0.0,2.0,1.0,33.0,0
2.0,1.0,36.0,1.0,1.0,1.0,2.0,0.0,4.0,2.0,1.0,1.0,3.0,1296.0,3.0,2.0,1.0,0.0,40.0,0.0,2.0,0.0,2.0,2.0,2.0,2.0,0.0,99.0,11.0,5.0,2.0,0.0,0.0,2.0,2.0,2.0,2.0,5.0,1.0,1.0,1.0,1.0,0.0,1.0,0.0,1.0,1.0,33.0,0
1.0,1.0,26.0,5.0,1.0,1.0,2.0,0.0,7.0,1.0,1.0,1.0,6.0,676.0,2.0,2.0,1.0,0.0,40.0,0.0,2.0,0.0,2.0,2.0,2.0,2.0,0.0,1.0,12.0,0.0,0.0,0.0,0.0,0.0,0.0,0.0,0.0,0.0,0.0,0.0,0.0,0.0,0.0,0.0,0.0,0.0,0.0,33.0,0
1.0,1.0,56.0,2.0,1.0,1.0,2.0,0.0,7.0,1.0,1.0,1.0,6.0,3136.0,3.0,2.0,1.0,0.0,40.0,0.0,2.0,0.0,2.0,2.0,2.0,2.0,0.0,9.0,11.0,6.0,2.0,0.0,0.0,1.0,2.0,2.0,1.0,0.0,1.0,1.0,1.0,1.0,0.0,1.0,0.0,1.0,1.0,33.0,0
2.0,2.0,55.0,2.0,1.0,1.0,2.0,0.0,7.0,1.0,1.0,1.0,6.0,3025.0,3.0,2.0,1.0,0.0,40.0,0.0,2.0,0.0,2.0,2.0,2.0,2.0,0.0,8.0,11.0,6.0,2.0,0.0,0.0,1.0,2.0,2.0,2.0,0.0,1.0,1.0,1.0,1.0,0.0,1.0,0.0,1.0,1.0,33.0,0
3.0,2.0,26.0,5.0,1.0,1.0,2.0,0.0,7.0,1.0,1.0,1.0,6.0,676.0,3.0,2.0,1.0,0.0,40.0,0.0,2.0,0.0,2.0,2.0,2.0,2.0,0.0,9.0,11.0,5.0,2.0,0.0,0.0,1.0,2.0,2.0,2.0,0.0,1.0,1.0,1.0,1.0,0.0,1.0,0.0,1.0,1.0,33.0,0
1.0,1.0,49.0,1.0,1.0,1.0,2.0,0.0,4.0,2.0,4.0,1.0,3.0,2401.0,3.0,2.0,1.0,0.0,40.0,0.0,1.0,1.0,2.0,2.0,2.0,2.0,0.0,99.0,11.0,5.0,2.0,0.0,0.0,1.0,2.0,2.0,2.0,0.0,1.0,1.0,1.0,1.0,0.0,1.0,0.0,1.0,1.0,33.0,0
1.0,1.0,44.0,3.0,4.0,1.0,2.0,0.0,4.0,1.0,1.0,1.0,4.0,1936.0,2.0,3.0,1.0,0.0,40.0,0.0,1.0,1.0,1.0,1.0,2.0,2.0,0.0,1.0,6.0,0.0,0.0,0.0,0.0,0.0,0.0,0.0,0.0,0.0,0.0,0.0,0.0,0.0,0.0,0.0,0.0,0.0,0.0,33.0,0
3.0,2.0,19.0,5.0,4.0,1.0,2.0,0.0,4.0,2.0,1.0,1.0,3.0,361.0,2.0,2.0,1.0,0.0,20.0,0.0,1.0,3.0,1.0,1.0,2.0,2.0,0.0,1.0,6.0,0.0,0.0,0.0,0.0,0.0,0.0,0.0,0.0,0.0,0.0,0.0,0.0,0.0,0.0,0.0,0.0,0.0,0.0,33.0,0
1.0,1.0,43.0,2.0,2.0,1.0,2.0,0.0,4.0,1.0,4.0,1.0,4.0,1849.0,2.0,2.0,1.0,0.0,24.0,0.0,1.0,3.0,1.0,1.0,2.0,2.0,0.0,1.0,6.0,0.0,0.0,0.0,0.0,0.0,0.0,0.0,0.0,0.0,0.0,0.0,0.0,0.0,0.0,0.0,0.0,0.0,0.0,33.0,0
2.0,2.0,42.0,2.0,1.0,1.0,2.0,0.0,2.0,1.0,4.0,1.0,2.0,1764.0,3.0,2.0,1.0,0.0,15.0,0.0,1.0,3.0,1.0,1.0,2.0,1.0,1.0,0.0,0.0,0.0,0.0,0.0,0.0,1.0,2.0,2.0,2.0,0.0,1.0,1.0,1.0,1.0,0.0,1.0,0.0,1.0,1.0,33.0,0
2.0,1.0,65.0,1.0,4.0,2.0,2.0,0.0,2.0,2.0,3.0,1.0,1.0,4225.0,2.0,2.0,1.0,0.0,24.0,0.0,2.0,0.0,2.0,2.0,2.0,2.0,0.0,1.0,9.0,0.0,0.0,0.0,0.0,0.0,0.0,0.0,0.0,0.0,0.0,0.0,0.0,0.0,0.0,0.0,0.0,0.0,0.0,33.0,0
3.0,1.0,28.0,5.0,1.0,1.0,2.0,0.0,4.0,1.0,1.0,1.0,4.0,784.0,3.0,2.0,1.0,0.0,40.0,0.0,2.0,0.0,2.0,2.0,2.0,2.0,0.0,9.0,11.0,5.0,2.0,0.0,0.0,2.0,2.0,2.0,2.0,5.0,1.0,1.0,1.0,1.0,0.0,1.0,0.0,1.0,1.0,33.0,0
1.0,2.0,46.0,3.0,1.0,1.0,2.0,0.0,4.0,2.0,1.0,1.0,3.0,2116.0,3.0,3.0,1.0,0.0,50.0,0.0,2.0,0.0,2.0,2.0,2.0,2.0,0.0,6.0,11.0,6.0,2.0,0.0,0.0,2.0,2.0,2.0,2.0,5.0,1.0,1.0,1.0,1.0,0.0,1.0,0.0,1.0,1.0,33.0,0
3.0,2.0,26.0,5.0,4.0,1.0,2.0,0.0,4.0,1.0,1.0,1.0,4.0,676.0,2.0,1.0,1.0,0.0,12.0,0.0,1.0,1.0,1.0,1.0,2.0,2.0,0.0,1.0,6.0,0.0,0.0,0.0,0.0,0.0,0.0,0.0,0.0,0.0,0.0,0.0,0.0,0.0,0.0,0.0,0.0,0.0,0.0,33.0,0
3.0,2.0,23.0,5.0,4.0,1.0,2.0,0.0,4.0,2.0,1.0,1.0,3.0,529.0,3.0,2.0,1.0,0.0,15.0,0.0,2.0,0.0,2.0,2.0,2.0,2.0,0.0,5.0,11.0,5.0,2.0,0.0,0.0,2.0,2.0,2.0,2.0,5.0,2.0,2.0,2.0,2.0,5.0,2.0,2.0,1.0,4.0,33.0,1
1.0,1.0,50.0,1.0,1.0,1.0,2.0,0.0,4.0,1.0,1.0,1.0,4.0,2500.0,3.0,3.0,1.0,0.0,48.0,0.0,2.0,0.0,2.0,2.0,2.0,2.0,0.0,4.0,11.0,6.0,2.0,0.0,0.0,1.0,2.0,2.0,2.0,0.0,1.0,1.0,1.0,1.0,0.0,1.0,0.0,1.0,1.0,33.0,0
2.0,2.0,54.0,1.0,1.0,1.0,2.0,0.0,6.0,1.0,1.0,1.0,6.0,2916.0,3.0,2.0,1.0,0.0,40.0,0.0,2.0,0.0,2.0,2.0,2.0,2.0,0.0,9.0,11.0,6.0,2.0,0.0,0.0,2.0,2.0,2.0,2.0,5.0,1.0,1.0,1.0,1.0,0.0,1.0,0.0,1.0,1.0,33.0,0
1.0,1.0,65.0,5.0,1.0,1.0,2.0,0.0,2.0,1.0,1.0,1.0,2.0,4225.0,3.0,1.0,1.0,0.0,16.0,0.0,1.0,1.0,1.0,1.0,2.0,2.0,0.0,1.0,4.0,0.0,0.0,0.0,0.0,0.0,0.0,0.0,0.0,0.0,0.0,0.0,0.0,0.0,0.0,2.0,0.0,0.0,0.0,33.0,1
1.0,1.0,59.0,3.0,1.0,1.0,2.0,0.0,2.0,1.0,2.0,1.0,2.0,3481.0,2.0,3.0,1.0,0.0,48.0,0.0,2.0,0.0,2.0,2.0,2.0,2.0,0.0,1.0,8.0,0.0,0.0,0.0,0.0,0.0,0.0,0.0,0.0,0.0,0.0,0.0,0.0,0.0,0.0,0.0,0.0,0.0,0.0,33.0,0
3.0,1.0,37.0,5.0,1.0,1.0,2.0,0.0,4.0,1.0,1.0,1.0,4.0,1369.0,3.0,2.0,1.0,0.0,40.0,0.0,2.0,0.0,2.0,2.0,1.0,2.0,0.0,12.0,11.0,6.0,2.0,0.0,0.0,2.0,2.0,2.0,2.0,5.0,1.0,1.0,1.0,1.0,0.0,1.0,0.0,1.0,1.0,33.0,0
8.0,1.0,68.0,5.0,1.0,1.0,2.0,0.0,4.0,2.0,1.0,1.0,3.0,4624.0,2.0,2.0,1.0,0.0,12.0,0.0,2.0,0.0,2.0,1.0,2.0,2.0,0.0,1.0,8.0,0.0,0.0,0.0,0.0,0.0,0.0,0.0,0.0,0.0,0.0,0.0,0.0,0.0,0.0,0.0,0.0,0.0,0.0,33.0,0
2.0,2.0,64.0,2.0,2.0,1.0,2.0,0.0,4.0,1.0,1.0,1.0,4.0,4096.0,2.0,2.0,1.0,0.0,40.0,0.0,2.0,0.0,2.0,2.0,2.0,2.0,0.0,99.0,11.0,0.0,0.0,0.0,0.0,0.0,0.0,0.0,0.0,0.0,0.0,0.0,0.0,0.0,0.0,0.0,0.0,0.0,0.0,33.0,0
1.0,2.0,30.0,5.0,1.0,1.0,2.0,0.0,7.0,1.0,1.0,1.0,6.0,900.0,3.0,3.0,2.0,2.0,40.0,8.0,2.0,0.0,2.0,2.0,2.0,2.0,0.0,11.0,11.0,6.0,2.0,0.0,0.0,2.0,2.0,2.0,2.0,5.0,1.0,1.0,1.0,1.0,0.0,1.0,0.0,1.0,1.0,32.0,0
2.0,1.0,75.0,2.0,1.0,1.0,2.0,0.0,4.0,1.0,3.0,1.0,4.0,5625.0,2.0,2.0,1.0,0.0,10.0,0.0,2.0,0.0,2.0,2.0,2.0,2.0,0.0,1.0,8.0,0.0,0.0,0.0,0.0,0.0,0.0,0.0,0.0,0.0,0.0,0.0,0.0,0.0,0.0,0.0,0.0,0.0,0.0,33.0,0
3.0,1.0,45.0,5.0,1.0,1.0,2.0,0.0,7.0,1.0,1.0,1.0,6.0,2025.0,3.0,2.0,1.0,0.0,45.0,0.0,2.0,0.0,2.0,2.0,2.0,2.0,0.0,6.0,11.0,5.0,2.0,0.0,0.0,2.0,2.0,2.0,2.0,5.0,1.0,1.0,1.0,1.0,0.0,2.0,1.0,1.0,3.0,33.0,1
1.0,1.0,62.0,3.0,4.0,1.0,2.0,0.0,4.0,1.0,1.0,1.0,4.0,3844.0,3.0,3.0,1.0,0.0,84.0,0.0,2.0,0.0,2.0,2.0,2.0,2.0,0.0,99.0,4.0,5.0,9.0,9.0,4.0,2.0,2.0,2.0,2.0,5.0,2.0,2.0,2.0,2.0,5.0,2.0,2.0,1.0,4.0,33.0,1
3.0,2.0,25.0,3.0,4.0,1.0,2.0,0.0,4.0,1.0,1.0,1.0,4.0,625.0,3.0,3.0,1.0,0.0,72.0,0.0,2.0,0.0,2.0,2.0,2.0,2.0,0.0,99.0,6.0,5.0,9.0,9.0,4.0,2.0,2.0,2.0,2.0,5.0,2.0,2.0,2.0,2.0,5.0,2.0,2.0,1.0,4.0,33.0,1
1.0,2.0,63.0,4.0,1.0,1.0,2.0,0.0,7.0,1.0,1.0,1.0,6.0,3969.0,2.0,2.0,1.0,0.0,30.0,0.0,2.0,0.0,2.0,2.0,2.0,2.0,0.0,1.0,12.0,0.0,0.0,0.0,0.0,0.0,0.0,0.0,0.0,0.0,0.0,0.0,0.0,0.0,0.0,0.0,0.0,0.0,0.0,33.0,0
2.0,1.0,46.0,2.0,1.0,1.0,2.0,0.0,2.0,1.0,3.0,1.0,2.0,2116.0,2.0,1.0,1.0,0.0,12.0,0.0,1.0,1.0,2.0,2.0,2.0,2.0,0.0,1.0,11.0,0.0,0.0,0.0,0.0,0.0,0.0,0.0,0.0,0.0,0.0,0.0,0.0,0.0,0.0,0.0,0.0,0.0,0.0,33.0,0
1.0,2.0,49.0,1.0,4.0,1.0,2.0,0.0,2.0,1.0,1.0,1.0,2.0,2401.0,2.0,3.0,1.0,0.0,84.0,0.0,2.0,0.0,2.0,2.0,2.0,2.0,0.0,1.0,11.0,0.0,0.0,0.0,0.0,0.0,0.0,0.0,0.0,0.0,0.0,0.0,0.0,0.0,0.0,0.0,0.0,0.0,0.0,33.0,0
1.0,1.0,52.0,2.0,2.0,1.0,2.0,0.0,8.0,1.0,3.0,1.0,6.0,2704.0,2.0,2.0,1.0,0.0,35.0,0.0,2.0,0.0,2.0,2.0,2.0,2.0,0.0,99.0,6.0,0.0,0.0,0.0,0.0,0.0,0.0,0.0,0.0,0.0,0.0,0.0,0.0,0.0,0.0,0.0,0.0,0.0,0.0,32.0,0
2.0,2.0,55.0,2.0,12.0,1.0,2.0,0.0,8.0,1.0,2.0,1.0,6.0,3025.0,3.0,2.0,1.0,0.0,40.0,0.0,2.0,0.0,2.0,2.0,1.0,2.0,0.0,12.0,11.0,6.0,2.0,0.0,0.0,2.0,2.0,2.0,2.0,5.0,1.0,1.0,1.0,1.0,0.0,1.0,0.0,1.0,1.0,32.0,0
3.0,1.0,22.0,5.0,2.0,1.0,1.0,1.0,7.0,2.0,1.0,1.0,5.0,484.0,3.0,2.0,1.0,0.0,8.0,0.0,2.0,0.0,2.0,2.0,2.0,2.0,0.0,99.0,11.0,5.0,2.0,0.0,0.0,2.0,2.0,2.0,2.0,5.0,2.0,2.0,2.0,2.0,5.0,2.0,1.0,1.0,3.0,32.0,1
1.0,2.0,41.0,1.0,4.0,1.0,2.0,0.0,4.0,1.0,1.0,1.0,4.0,1681.0,3.0,2.0,1.0,0.0,40.0,0.0,2.0,0.0,2.0,2.0,2.0,2.0,0.0,99.0,11.0,3.0,2.0,0.0,0.0,2.0,2.0,2.0,2.0,5.0,2.0,2.0,2.0,2.0,5.0,2.0,2.0,1.0,4.0,33.0,1
2.0,1.0,32.0,1.0,4.0,1.0,2.0,0.0,4.0,1.0,1.0,1.0,4.0,1024.0,3.0,2.0,2.0,2.0,27.0,0.0,2.0,0.0,2.0,2.0,2.0,2.0,0.0,99.0,4.0,2.0,2.0,0.0,0.0,2.0,2.0,2.0,2.0,5.0,2.0,2.0,2.0,2.0,5.0,2.0,1.0,1.0,4.0,33.0,1
1.0,2.0,51.0,2.0,1.0,1.0,2.0,0.0,8.0,1.0,1.0,1.0,6.0,2601.0,3.0,2.0,2.0,2.0,30.0,4.0,2.0,0.0,2.0,2.0,1.0,2.0,0.0,12.0,11.0,6.0,2.0,0.0,0.0,2.0,2.0,2.0,2.0,5.0,1.0,1.0,1.0,1.0,0.0,1.0,0.0,1.0,1.0,33.0,0
2.0,1.0,53.0,2.0,1.0,1.0,2.0,0.0,7.0,2.0,1.0,1.0,5.0,2809.0,3.0,3.0,1.0,0.0,50.0,0.0,2.0,0.0,2.0,2.0,2.0,2.0,0.0,10.0,12.0,6.0,2.0,0.0,0.0,2.0,2.0,2.0,2.0,5.0,1.0,1.0,1.0,1.0,0.0,1.0,0.0,1.0,1.0,33.0,0
1.0,1.0,66.0,2.0,1.0,1.0,2.0,0.0,4.0,1.0,2.0,1.0,4.0,4356.0,3.0,2.0,1.0,0.0,40.0,0.0,2.0,0.0,2.0,2.0,2.0,2.0,0.0,99.0,11.0,6.0,2.0,0.0,0.0,1.0,2.0,2.0,1.0,0.0,1.0,1.0,1.0,1.0,0.0,1.0,0.0,1.0,1.0,33.0,0
1.0,1.0,34.0,1.0,1.0,1.0,2.0,0.0,4.0,2.0,1.0,1.0,3.0,1156.0,3.0,3.0,1.0,0.0,66.0,0.0,2.0,0.0,2.0,2.0,2.0,2.0,0.0,7.0,11.0,6.0,2.0,0.0,0.0,2.0,2.0,2.0,2.0,5.0,1.0,1.0,1.0,1.0,0.0,1.0,0.0,1.0,1.0,33.0,0
1.0,1.0,59.0,3.0,4.0,1.0,2.0,0.0,2.0,1.0,1.0,1.0,2.0,3481.0,2.0,2.0,1.0,0.0,40.0,0.0,2.0,0.0,2.0,2.0,2.0,2.0,0.0,2.0,11.0,0.0,0.0,0.0,0.0,0.0,0.0,0.0,0.0,0.0,0.0,0.0,0.0,0.0,0.0,0.0,0.0,0.0,0.0,33.0,0
1.0,1.0,52.0,1.0,1.0,1.0,2.0,0.0,2.0,1.0,1.0,1.0,2.0,2704.0,3.0,3.0,1.0,0.0,54.0,0.0,2.0,0.0,2.0,2.0,2.0,2.0,0.0,99.0,4.0,6.0,2.0,0.0,0.0,2.0,2.0,2.0,2.0,5.0,1.0,1.0,1.0,1.0,0.0,1.0,0.0,1.0,1.0,33.0,0
1.0,2.0,59.0,3.0,4.0,1.0,2.0,0.0,4.0,2.0,1.0,1.0,3.0,3481.0,2.0,3.0,1.0,0.0,66.0,0.0,2.0,0.0,2.0,2.0,2.0,2.0,0.0,1.0,11.0,0.0,0.0,0.0,0.0,0.0,0.0,0.0,0.0,0.0,0.0,0.0,0.0,0.0,0.0,0.0,0.0,0.0,0.0,33.0,0
3.0,1.0,24.0,5.0,4.0,1.0,1.0,1.0,7.0,2.0,1.0,1.0,5.0,576.0,3.0,3.0,1.0,0.0,54.0,0.0,2.0,0.0,2.0,2.0,2.0,2.0,0.0,99.0,11.0,5.0,2.0,0.0,0.0,2.0,2.0,2.0,2.0,5.0,2.0,2.0,2.0,2.0,5.0,2.0,2.0,1.0,4.0,33.0,1
1.0,1.0,56.0,1.0,1.0,1.0,2.0,0.0,2.0,1.0,1.0,1.0,2.0,3136.0,3.0,2.0,2.0,2.0,30.0,10.0,2.0,0.0,2.0,2.0,1.0,2.0,0.0,8.0,11.0,6.0,2.0,0.0,0.0,1.0,2.0,2.0,2.0,0.0,1.0,1.0,1.0,1.0,0.0,1.0,0.0,1.0,1.0,33.0,0
2.0,2.0,35.0,1.0,1.0,1.0,2.0,0.0,4.0,1.0,1.0,1.0,4.0,1225.0,3.0,2.0,1.0,0.0,36.0,0.0,1.0,1.0,2.0,2.0,2.0,1.0,1.0,0.0,0.0,0.0,0.0,0.0,0.0,1.0,2.0,2.0,2.0,0.0,1.0,1.0,1.0,1.0,0.0,1.0,0.0,1.0,1.0,33.0,0
1.0,2.0,40.0,5.0,4.0,1.0,2.0,0.0,4.0,1.0,1.0,1.0,4.0,1600.0,3.0,3.0,2.0,2.0,30.0,16.0,2.0,0.0,2.0,2.0,1.0,2.0,0.0,6.0,10.0,5.0,9.0,9.0,4.0,2.0,2.0,2.0,2.0,5.0,2.0,2.0,2.0,2.0,5.0,2.0,2.0,1.0,1.0,33.0,1
3.0,1.0,21.0,5.0,4.0,1.0,2.0,0.0,4.0,1.0,1.0,1.0,4.0,441.0,3.0,3.0,2.0,2.0,48.0,8.0,2.0,0.0,2.0,1.0,2.0,2.0,0.0,6.0,11.0,5.0,2.0,0.0,0.0,2.0,2.0,2.0,2.0,5.0,2.0,2.0,2.0,2.0,5.0,2.0,2.0,1.0,4.0,33.0,1
1.0,1.0,58.0,2.0,12.0,1.0,2.0,0.0,4.0,1.0,1.0,1.0,4.0,3364.0,2.0,2.0,1.0,0.0,30.0,0.0,2.0,0.0,2.0,2.0,2.0,2.0,0.0,1.0,6.0,0.0,0.0,0.0,0.0,0.0,0.0,0.0,0.0,0.0,0.0,0.0,0.0,0.0,0.0,0.0,0.0,0.0,0.0,33.0,0
2.0,2.0,57.0,2.0,12.0,1.0,2.0,0.0,7.0,1.0,1.0,1.0,6.0,3249.0,2.0,2.0,1.0,0.0,30.0,0.0,2.0,0.0,9.0,2.0,2.0,2.0,0.0,1.0,6.0,0.0,0.0,0.0,0.0,0.0,0.0,0.0,0.0,0.0,0.0,0.0,0.0,0.0,0.0,0.0,0.0,0.0,0.0,33.0,0
1.0,1.0,50.0,2.0,1.0,1.0,2.0,0.0,4.0,1.0,1.0,1.0,4.0,2500.0,2.0,2.0,1.0,0.0,40.0,0.0,2.0,0.0,2.0,2.0,2.0,2.0,0.0,1.0,8.0,0.0,0.0,0.0,0.0,0.0,0.0,0.0,0.0,0.0,0.0,0.0,0.0,0.0,0.0,0.0,0.0,0.0,0.0,33.0,0
2.0,2.0,47.0,2.0,1.0,1.0,2.0,0.0,6.0,1.0,1.0,1.0,6.0,2209.0,3.0,2.0,1.0,0.0,45.0,0.0,2.0,0.0,2.0,2.0,1.0,2.0,0.0,8.0,11.0,6.0,2.0,0.0,0.0,1.0,2.0,2.0,2.0,0.0,1.0,1.0,1.0,1.0,0.0,1.0,0.0,1.0,1.0,33.0,0
3.0,1.0,25.0,5.0,1.0,1.0,1.0,1.0,7.0,2.0,1.0,1.0,5.0,625.0,3.0,2.0,1.0,0.0,40.0,0.0,2.0,0.0,2.0,2.0,2.0,2.0,0.0,5.0,11.0,4.0,2.0,0.0,0.0,2.0,2.0,2.0,2.0,5.0,1.0,1.0,1.0,1.0,0.0,1.0,0.0,1.0,1.0,33.0,0
1.0,2.0,46.0,2.0,4.0,1.0,2.0,0.0,4.0,1.0,3.0,1.0,4.0,2116.0,3.0,2.0,1.0,0.0,20.0,0.0,2.0,0.0,2.0,2.0,2.0,1.0,1.0,0.0,0.0,0.0,0.0,0.0,0.0,2.0,2.0,2.0,2.0,5.0,2.0,2.0,2.0,2.0,5.0,2.0,2.0,1.0,4.0,33.0,1
2.0,1.0,47.0,2.0,4.0,1.0,2.0,0.0,4.0,1.0,3.0,1.0,4.0,2209.0,3.0,3.0,1.0,0.0,55.0,0.0,2.0,0.0,2.0,2.0,2.0,2.0,0.0,99.0,11.0,4.0,2.0,0.0,0.0,2.0,2.0,2.0,2.0,5.0,1.0,1.0,1.0,2.0,0.0,2.0,2.0,1.0,1.0,33.0,1
3.0,1.0,24.0,5.0,1.0,1.0,2.0,0.0,4.0,1.0,1.0,1.0,4.0,576.0,3.0,3.0,1.0,0.0,55.0,0.0,2.0,0.0,2.0,2.0,2.0,2.0,0.0,99.0,11.0,5.0,2.0,0.0,0.0,2.0,2.0,2.0,2.0,5.0,1.0,1.0,1.0,1.0,0.0,1.0,0.0,1.0,1.0,33.0,0
1.0,2.0,28.0,5.0,1.0,1.0,2.0,0.0,7.0,1.0,1.0,1.0,6.0,784.0,2.0,2.0,1.0,0.0,28.0,0.0,2.0,0.0,2.0,2.0,2.0,2.0,0.0,1.0,11.0,0.0,0.0,0.0,0.0,0.0,0.0,0.0,0.0,0.0,0.0,0.0,0.0,0.0,0.0,0.0,0.0,0.0,0.0,33.0,0
3.0,1.0,34.0,5.0,4.0,1.0,2.0,0.0,2.0,1.0,1.0,1.0,2.0,1156.0,2.0,2.0,1.0,0.0,45.0,0.0,2.0,0.0,2.0,1.0,2.0,2.0,0.0,1.0,8.0,0.0,0.0,0.0,0.0,0.0,0.0,0.0,0.0,0.0,0.0,0.0,0.0,0.0,0.0,0.0,0.0,0.0,0.0,33.0,0
1.0,1.0,36.0,1.0,4.0,1.0,2.0,0.0,2.0,1.0,1.0,1.0,2.0,1296.0,2.0,3.0,2.0,2.0,72.0,10.0,2.0,0.0,2.0,2.0,2.0,2.0,0.0,3.0,9.0,0.0,0.0,0.0,0.0,0.0,0.0,0.0,0.0,0.0,0.0,0.0,0.0,0.0,0.0,0.0,0.0,0.0,0.0,33.0,0
2.0,2.0,36.0,1.0,4.0,1.0,2.0,0.0,4.0,1.0,1.0,1.0,4.0,1296.0,2.0,3.0,2.0,2.0,72.0,10.0,2.0,0.0,2.0,2.0,2.0,2.0,0.0,3.0,9.0,0.0,0.0,0.0,0.0,0.0,0.0,0.0,0.0,0.0,0.0,0.0,0.0,0.0,0.0,0.0,0.0,0.0,0.0,33.0,0
1.0,1.0,57.0,2.0,4.0,1.0,2.0,0.0,2.0,1.0,1.0,1.0,2.0,3249.0,2.0,1.0,1.0,0.0,30.0,0.0,1.0,1.0,9.0,2.0,2.0,2.0,0.0,1.0,8.0,0.0,0.0,0.0,0.0,0.0,0.0,0.0,0.0,0.0,0.0,0.0,0.0,0.0,0.0,0.0,0.0,0.0,0.0,33.0,0
2.0,2.0,52.0,2.0,4.0,1.0,2.0,0.0,2.0,1.0,1.0,1.0,2.0,2704.0,2.0,1.0,1.0,0.0,3.0,0.0,1.0,1.0,1.0,2.0,2.0,2.0,0.0,1.0,8.0,0.0,0.0,0.0,0.0,0.0,0.0,0.0,0.0,0.0,0.0,0.0,0.0,0.0,0.0,0.0,0.0,0.0,0.0,33.0,0
3.0,1.0,34.0,1.0,4.0,1.0,2.0,0.0,2.0,1.0,1.0,1.0,2.0,1156.0,3.0,2.0,1.0,0.0,36.0,0.0,2.0,0.0,2.0,2.0,2.0,2.0,0.0,99.0,4.0,6.0,2.0,0.0,0.0,2.0,2.0,2.0,1.0,0.0,2.0,2.0,2.0,2.0,5.0,2.0,2.0,1.0,1.0,32.0,1
5.0,1.0,14.0,5.0,4.0,1.0,2.0,0.0,2.0,1.0,1.0,1.0,2.0,196.0,2.0,2.0,1.0,0.0,40.0,0.0,2.0,0.0,2.0,2.0,2.0,2.0,0.0,1.0,10.0,0.0,0.0,0.0,0.0,0.0,0.0,0.0,0.0,0.0,0.0,0.0,0.0,0.0,0.0,0.0,0.0,0.0,0.0,32.0,0
1.0,1.0,59.0,5.0,1.0,1.0,2.0,0.0,4.0,2.0,1.0,1.0,3.0,3481.0,2.0,1.0,1.0,0.0,20.0,0.0,1.0,1.0,1.0,1.0,2.0,2.0,0.0,1.0,8.0,0.0,0.0,0.0,0.0,0.0,0.0,0.0,0.0,0.0,0.0,0.0,0.0,0.0,0.0,0.0,0.0,0.0,0.0,33.0,0
8.0,1.0,53.0,5.0,1.0,1.0,2.0,0.0,4.0,1.0,1.0,1.0,4.0,2809.0,3.0,2.0,1.0,0.0,42.0,0.0,2.0,0.0,2.0,2.0,1.0,2.0,0.0,12.0,4.0,6.0,2.0,0.0,0.0,2.0,2.0,2.0,2.0,5.0,1.0,1.0,1.0,1.0,0.0,1.0,0.0,1.0,1.0,33.0,0
1.0,2.0,34.0,3.0,4.0,1.0,2.0,0.0,4.0,1.0,1.0,1.0,4.0,1156.0,3.0,1.0,1.0,0.0,15.0,0.0,1.0,1.0,1.0,2.0,2.0,2.0,0.0,4.0,11.0,5.0,2.0,0.0,0.0,2.0,2.0,2.0,2.0,5.0,2.0,2.0,2.0,2.0,5.0,2.0,2.0,1.0,4.0,33.0,1
1.0,1.0,61.0,2.0,2.0,1.0,2.0,0.0,7.0,2.0,1.0,1.0,5.0,3721.0,1.0,2.0,1.0,0.0,40.0,0.0,2.0,0.0,2.0,2.0,2.0,2.0,0.0,6.0,11.0,0.0,0.0,0.0,0.0,0.0,0.0,0.0,0.0,0.0,0.0,0.0,0.0,0.0,0.0,0.0,0.0,0.0,0.0,33.0,0
2.0,2.0,55.0,2.0,2.0,1.0,2.0,0.0,7.0,1.0,1.0,1.0,6.0,3025.0,3.0,2.0,1.0,0.0,40.0,0.0,2.0,0.0,2.0,2.0,1.0,2.0,0.0,7.0,11.0,6.0,2.0,0.0,0.0,2.0,2.0,2.0,2.0,5.0,1.0,1.0,1.0,1.0,0.0,1.0,0.0,1.0,1.0,33.0,0
3.0,1.0,21.0,5.0,2.0,1.0,1.0,1.0,7.0,2.0,1.0,1.0,5.0,441.0,3.0,2.0,1.0,0.0,40.0,0.0,2.0,0.0,2.0,2.0,2.0,2.0,0.0,99.0,6.0,5.0,2.0,0.0,0.0,2.0,2.0,2.0,2.0,5.0,1.0,2.0,2.0,2.0,0.0,2.0,1.0,1.0,3.0,33.0,1
3.0,2.0,22.0,5.0,2.0,1.0,1.0,1.0,7.0,2.0,1.0,1.0,5.0,484.0,3.0,2.0,1.0,0.0,40.0,0.0,2.0,0.0,2.0,2.0,2.0,2.0,0.0,99.0,6.0,4.0,2.0,0.0,0.0,2.0,2.0,2.0,2.0,5.0,1.0,1.0,1.0,1.0,0.0,1.0,0.0,1.0,1.0,33.0,0
1.0,2.0,47.0,3.0,1.0,1.0,2.0,0.0,6.0,2.0,1.0,1.0,5.0,2209.0,3.0,1.0,1.0,0.0,6.0,0.0,1.0,1.0,2.0,2.0,2.0,2.0,0.0,99.0,6.0,5.0,2.0,0.0,0.0,2.0,2.0,2.0,2.0,5.0,2.0,2.0,2.0,2.0,5.0,2.0,1.0,1.0,4.0,33.0,1
1.0,2.0,35.0,5.0,4.0,1.0,2.0,0.0,4.0,1.0,1.0,1.0,4.0,1225.0,2.0,3.0,1.0,0.0,72.0,0.0,2.0,0.0,2.0,2.0,2.0,2.0,0.0,1.0,11.0,0.0,0.0,0.0,0.0,0.0,0.0,0.0,0.0,0.0,0.0,0.0,0.0,0.0,0.0,0.0,0.0,0.0,0.0,33.0,0
1.0,2.0,42.0,3.0,1.0,1.0,2.0,0.0,4.0,2.0,5.0,1.0,3.0,1764.0,3.0,3.0,2.0,4.0,40.0,20.0,2.0,0.0,2.0,2.0,2.0,1.0,4.0,0.0,0.0,0.0,0.0,0.0,0.0,1.0,2.0,2.0,2.0,0.0,1.0,1.0,1.0,1.0,0.0,1.0,0.0,1.0,1.0,33.0,0
3.0,2.0,20.0,5.0,1.0,1.0,2.0,0.0,4.0,1.0,1.0,1.0,4.0,400.0,3.0,1.0,1.0,0.0,16.0,0.0,1.0,1.0,1.0,1.0,2.0,2.0,0.0,9.0,11.0,3.0,2.0,0.0,0.0,1.0,2.0,2.0,2.0,0.0,1.0,1.0,1.0,1.0,0.0,1.0,0.0,2.0,1.0,33.0,0
1.0,2.0,39.0,5.0,2.0,1.0,2.0,0.0,4.0,2.0,1.0,1.0,3.0,1521.0,2.0,3.0,2.0,2.0,42.0,15.0,2.0,0.0,2.0,2.0,2.0,2.0,0.0,1.0,6.0,0.0,0.0,0.0,0.0,0.0,0.0,0.0,0.0,0.0,0.0,0.0,0.0,0.0,0.0,0.0,0.0,0.0,0.0,33.0,0
1.0,1.0,53.0,5.0,4.0,1.0,2.0,0.0,2.0,1.0,1.0,1.0,2.0,2809.0,2.0,2.0,1.0,0.0,30.0,0.0,2.0,0.0,2.0,2.0,2.0,2.0,0.0,1.0,8.0,0.0,0.0,0.0,0.0,0.0,0.0,0.0,0.0,0.0,0.0,0.0,0.0,0.0,0.0,0.0,0.0,0.0,0.0,33.0,0
8.0,1.0,62.0,3.0,4.0,1.0,2.0,0.0,2.0,2.0,1.0,1.0,1.0,3844.0,2.0,2.0,1.0,0.0,40.0,0.0,1.0,1.0,2.0,2.0,2.0,2.0,0.0,1.0,8.0,0.0,0.0,0.0,0.0,0.0,0.0,0.0,0.0,0.0,0.0,0.0,0.0,0.0,0.0,0.0,0.0,0.0,0.0,33.0,0
1.0,1.0,81.0,3.0,1.0,1.0,2.0,0.0,7.0,2.0,1.0,1.0,5.0,6561.0,2.0,2.0,1.0,0.0,42.0,0.0,1.0,1.0,1.0,2.0,2.0,2.0,0.0,1.0,9.0,0.0,0.0,0.0,0.0,0.0,0.0,0.0,0.0,0.0,0.0,0.0,0.0,0.0,0.0,0.0,0.0,0.0,0.0,33.0,0
1.0,1.0,42.0,5.0,4.0,1.0,2.0,0.0,7.0,2.0,1.0,1.0,5.0,1764.0,2.0,1.0,1.0,0.0,15.0,0.0,1.0,1.0,2.0,2.0,2.0,2.0,0.0,1.0,4.0,0.0,0.0,0.0,0.0,0.0,0.0,0.0,0.0,0.0,0.0,0.0,0.0,0.0,0.0,0.0,0.0,0.0,0.0,33.0,0
1.0,1.0,58.0,2.0,12.0,1.0,2.0,0.0,7.0,2.0,5.0,1.0,5.0,3364.0,3.0,1.0,1.0,0.0,21.0,0.0,1.0,1.0,1.0,1.0,2.0,2.0,0.0,7.0,6.0,0.0,0.0,0.0,0.0,0.0,0.0,0.0,0.0,0.0,0.0,0.0,0.0,0.0,0.0,2.0,0.0,0.0,0.0,33.0,1
1.0,2.0,70.0,2.0,1.0,1.0,2.0,0.0,2.0,2.0,3.0,1.0,1.0,4900.0,2.0,2.0,1.0,0.0,9.0,0.0,2.0,0.0,2.0,2.0,2.0,2.0,0.0,1.0,12.0,0.0,0.0,0.0,0.0,0.0,0.0,0.0,0.0,0.0,0.0,0.0,0.0,0.0,0.0,0.0,0.0,0.0,0.0,33.0,0
2.0,1.0,68.0,2.0,1.0,1.0,2.0,0.0,2.0,1.0,3.0,1.0,2.0,4624.0,3.0,2.0,1.0,0.0,40.0,0.0,2.0,0.0,2.0,2.0,2.0,2.0,0.0,2.0,8.0,3.0,1.0,4.0,4.0,2.0,2.0,2.0,2.0,5.0,2.0,2.0,2.0,2.0,5.0,2.0,2.0,1.0,4.0,33.0,1
1.0,2.0,61.0,1.0,1.0,1.0,2.0,0.0,2.0,2.0,1.0,1.0,1.0,3721.0,2.0,2.0,1.0,0.0,15.0,0.0,2.0,0.0,2.0,2.0,2.0,2.0,0.0,1.0,9.0,0.0,0.0,0.0,0.0,0.0,0.0,0.0,0.0,0.0,0.0,0.0,0.0,0.0,0.0,0.0,0.0,0.0,0.0,33.0,0
2.0,1.0,59.0,1.0,4.0,1.0,2.0,0.0,2.0,1.0,3.0,1.0,2.0,3481.0,3.0,3.0,1.0,0.0,50.0,0.0,2.0,0.0,2.0,2.0,2.0,2.0,0.0,99.0,8.0,6.0,2.0,0.0,0.0,1.0,2.0,2.0,2.0,0.0,2.0,2.0,2.0,2.0,5.0,2.0,2.0,1.0,4.0,33.0,1
1.0,2.0,62.0,3.0,1.0,1.0,2.0,0.0,7.0,1.0,1.0,1.0,6.0,3844.0,3.0,3.0,1.0,0.0,60.0,0.0,2.0,0.0,2.0,2.0,1.0,2.0,0.0,7.0,11.0,6.0,2.0,0.0,0.0,2.0,2.0,2.0,2.0,5.0,1.0,1.0,1.0,1.0,0.0,1.0,0.0,1.0,1.0,33.0,0
3.0,1.0,25.0,5.0,1.0,1.0,2.0,0.0,7.0,1.0,1.0,1.0,6.0,625.0,3.0,2.0,1.0,0.0,40.0,0.0,2.0,0.0,2.0,2.0,2.0,2.0,0.0,99.0,11.0,5.0,2.0,0.0,0.0,2.0,2.0,2.0,1.0,0.0,1.0,1.0,1.0,1.0,0.0,1.0,0.0,1.0,1.0,33.0,0
1.0,2.0,50.0,3.0,4.0,1.0,2.0,0.0,6.0,2.0,1.0,1.0,5.0,2500.0,2.0,3.0,2.0,3.0,18.0,35.0,2.0,0.0,2.0,1.0,2.0,2.0,0.0,1.0,8.0,0.0,0.0,0.0,0.0,0.0,0.0,0.0,0.0,0.0,0.0,0.0,0.0,0.0,0.0,0.0,0.0,0.0,0.0,32.0,0
1.0,2.0,39.0,1.0,1.0,1.0,1.0,2.0,7.0,2.0,1.0,1.0,5.0,1521.0,2.0,3.0,1.0,0.0,84.0,0.0,2.0,0.0,2.0,2.0,2.0,2.0,0.0,1.0,11.0,0.0,0.0,0.0,0.0,0.0,0.0,0.0,0.0,0.0,0.0,0.0,0.0,0.0,0.0,0.0,0.0,0.0,0.0,33.0,0
2.0,1.0,47.0,1.0,1.0,1.0,2.0,0.0,4.0,2.0,1.0,1.0,3.0,2209.0,3.0,4.0,0.0,0.0,0.0,0.0,2.0,0.0,2.0,2.0,1.0,2.0,0.0,12.0,4.0,6.0,2.0,0.0,0.0,2.0,2.0,2.0,2.0,5.0,1.0,1.0,1.0,1.0,0.0,1.0,0.0,1.0,1.0,33.0,0
1.0,1.0,47.0,1.0,4.0,1.0,2.0,0.0,2.0,1.0,1.0,1.0,2.0,2209.0,2.0,4.0,0.0,0.0,0.0,0.0,2.0,0.0,2.0,2.0,2.0,2.0,0.0,1.0,6.0,0.0,0.0,0.0,0.0,0.0,0.0,0.0,0.0,0.0,0.0,0.0,0.0,0.0,0.0,0.0,0.0,0.0,0.0,33.0,0
3.0,2.0,27.0,5.0,1.0,1.0,2.0,0.0,4.0,1.0,1.0,1.0,4.0,729.0,3.0,1.0,1.0,0.0,40.0,0.0,2.0,0.0,2.0,2.0,1.0,2.0,0.0,12.0,11.0,5.0,1.0,5.0,4.0,1.0,2.0,2.0,2.0,0.0,1.0,1.0,1.0,1.0,0.0,1.0,0.0,3.0,1.0,33.0,0
3.0,2.0,20.0,5.0,4.0,1.0,2.0,0.0,4.0,1.0,1.0,1.0,4.0,400.0,2.0,1.0,1.0,0.0,21.0,0.0,1.0,1.0,2.0,1.0,2.0,2.0,0.0,1.0,6.0,0.0,0.0,0.0,0.0,0.0,0.0,0.0,0.0,0.0,0.0,0.0,0.0,0.0,0.0,0.0,0.0,0.0,0.0,33.0,0
3.0,1.0,61.0,5.0,4.0,1.0,2.0,0.0,2.0,2.0,1.0,1.0,1.0,3721.0,2.0,2.0,1.0,0.0,45.0,0.0,2.0,0.0,2.0,2.0,2.0,2.0,0.0,1.0,11.0,0.0,0.0,0.0,0.0,0.0,0.0,0.0,0.0,0.0,0.0,0.0,0.0,0.0,0.0,0.0,0.0,0.0,0.0,33.0,0
1.0,1.0,56.0,5.0,4.0,1.0,2.0,0.0,4.0,1.0,1.0,1.0,4.0,3136.0,2.0,3.0,1.0,0.0,60.0,0.0,2.0,0.0,2.0,2.0,2.0,2.0,0.0,1.0,8.0,0.0,0.0,0.0,0.0,0.0,0.0,0.0,0.0,0.0,0.0,0.0,0.0,0.0,0.0,0.0,0.0,0.0,0.0,33.0,0
2.0,1.0,53.0,1.0,1.0,1.0,2.0,0.0,6.0,2.0,1.0,1.0,5.0,2809.0,2.0,3.0,1.0,0.0,68.0,0.0,2.0,0.0,2.0,2.0,2.0,2.0,0.0,1.0,11.0,0.0,0.0,0.0,0.0,0.0,0.0,0.0,0.0,0.0,0.0,0.0,0.0,0.0,0.0,0.0,0.0,0.0,0.0,33.0,0
1.0,2.0,61.0,3.0,1.0,1.0,2.0,0.0,4.0,1.0,3.0,1.0,4.0,3721.0,2.0,1.0,1.0,0.0,4.0,0.0,1.0,1.0,1.0,1.0,2.0,2.0,0.0,1.0,6.0,0.0,0.0,0.0,0.0,0.0,0.0,0.0,0.0,0.0,0.0,0.0,0.0,0.0,0.0,0.0,0.0,0.0,0.0,33.0,0
1.0,1.0,40.0,1.0,1.0,1.0,2.0,0.0,1.0,1.0,5.0,1.0,7.0,1600.0,1.0,3.0,1.0,0.0,56.0,0.0,2.0,0.0,2.0,2.0,2.0,2.0,0.0,4.0,11.0,0.0,0.0,0.0,0.0,0.0,0.0,0.0,0.0,0.0,0.0,0.0,0.0,0.0,0.0,0.0,0.0,0.0,0.0,32.0,0
2.0,2.0,56.0,2.0,12.0,1.0,2.0,0.0,6.0,1.0,1.0,1.0,6.0,3136.0,2.0,1.0,1.0,0.0,18.0,0.0,1.0,1.0,2.0,2.0,2.0,2.0,0.0,1.0,6.0,0.0,0.0,0.0,0.0,0.0,0.0,0.0,0.0,0.0,0.0,0.0,0.0,0.0,0.0,0.0,0.0,0.0,0.0,33.0,0
3.0,2.0,25.0,5.0,12.0,1.0,1.0,2.0,7.0,2.0,1.0,1.0,5.0,625.0,3.0,2.0,1.0,0.0,40.0,0.0,2.0,0.0,2.0,2.0,2.0,2.0,0.0,12.0,11.0,1.0,2.0,0.0,0.0,1.0,2.0,2.0,2.0,0.0,1.0,1.0,1.0,1.0,0.0,1.0,0.0,1.0,1.0,33.0,0
3.0,1.0,21.0,5.0,12.0,1.0,1.0,2.0,7.0,2.0,1.0,1.0,5.0,441.0,3.0,2.0,1.0,0.0,45.0,0.0,2.0,0.0,2.0,1.0,2.0,2.0,0.0,12.0,11.0,5.0,2.0,0.0,0.0,2.0,2.0,2.0,2.0,5.0,1.0,1.0,1.0,1.0,0.0,1.0,0.0,1.0,1.0,33.0,0
2.0,2.0,58.0,2.0,4.0,1.0,2.0,0.0,4.0,1.0,1.0,1.0,4.0,3364.0,2.0,3.0,1.0,0.0,48.0,0.0,2.0,0.0,2.0,2.0,2.0,2.0,0.0,1.0,11.0,0.0,0.0,0.0,0.0,0.0,0.0,0.0,0.0,0.0,0.0,0.0,0.0,0.0,0.0,0.0,0.0,0.0,0.0,33.0,0
3.0,1.0,28.0,5.0,4.0,1.0,2.0,0.0,5.0,2.0,1.0,1.0,3.0,784.0,2.0,3.0,1.0,0.0,64.0,0.0,2.0,0.0,2.0,2.0,2.0,2.0,0.0,2.0,11.0,0.0,0.0,0.0,0.0,0.0,0.0,0.0,0.0,0.0,0.0,0.0,0.0,0.0,0.0,0.0,0.0,0.0,0.0,33.0,0
1.0,2.0,52.0,3.0,1.0,1.0,2.0,0.0,4.0,1.0,1.0,1.0,4.0,2704.0,3.0,3.0,1.0,0.0,54.0,0.0,2.0,0.0,1.0,1.0,2.0,2.0,0.0,3.0,6.0,0.0,0.0,0.0,0.0,0.0,0.0,0.0,0.0,0.0,0.0,0.0,0.0,0.0,0.0,2.0,0.0,0.0,0.0,33.0,1
3.0,1.0,21.0,5.0,1.0,1.0,1.0,1.0,7.0,2.0,1.0,1.0,5.0,441.0,4.0,2.0,1.0,0.0,4.0,0.0,2.0,0.0,1.0,1.0,2.0,2.0,0.0,3.0,4.0,0.0,0.0,0.0,0.0,0.0,0.0,0.0,0.0,0.0,0.0,0.0,0.0,0.0,0.0,0.0,0.0,0.0,0.0,33.0,1
3.0,2.0,19.0,5.0,1.0,1.0,1.0,1.0,7.0,2.0,1.0,1.0,5.0,361.0,4.0,2.0,1.0,0.0,6.0,0.0,2.0,0.0,2.0,2.0,2.0,2.0,0.0,3.0,6.0,0.0,0.0,0.0,0.0,0.0,0.0,0.0,0.0,0.0,0.0,0.0,0.0,0.0,0.0,0.0,0.0,0.0,0.0,33.0,1
1.0,2.0,50.0,3.0,4.0,1.0,2.0,0.0,2.0,1.0,3.0,1.0,2.0,2500.0,3.0,1.0,1.0,0.0,12.0,0.0,1.0,1.0,1.0,1.0,2.0,1.0,1.0,0.0,0.0,0.0,0.0,0.0,0.0,1.0,2.0,2.0,1.0,0.0,2.0,2.0,2.0,2.0,5.0,2.0,2.0,1.0,4.0,33.0,1
3.0,1.0,26.0,5.0,4.0,1.0,2.0,0.0,4.0,1.0,1.0,1.0,4.0,676.0,3.0,2.0,1.0,0.0,30.0,0.0,2.0,0.0,2.0,2.0,2.0,2.0,0.0,99.0,11.0,5.0,2.0,0.0,0.0,2.0,2.0,2.0,2.0,5.0,2.0,2.0,2.0,2.0,5.0,2.0,2.0,1.0,2.0,33.0,1
1.0,1.0,37.0,5.0,1.0,1.0,2.0,0.0,6.0,1.0,1.0,1.0,6.0,1369.0,3.0,2.0,2.0,5.0,14.0,16.0,2.0,0.0,2.0,2.0,2.0,2.0,0.0,10.0,11.0,6.0,2.0,0.0,0.0,2.0,2.0,2.0,2.0,5.0,1.0,1.0,1.0,1.0,0.0,1.0,0.0,1.0,1.0,33.0,0
1.0,1.0,49.0,1.0,12.0,1.0,2.0,0.0,6.0,1.0,1.0,1.0,6.0,2401.0,3.0,2.0,1.0,0.0,40.0,0.0,2.0,0.0,2.0,2.0,2.0,2.0,0.0,11.0,11.0,6.0,2.0,0.0,0.0,1.0,1.0,2.0,2.0,0.0,1.0,1.0,1.0,1.0,0.0,1.0,0.0,1.0,1.0,32.0,0
2.0,2.0,40.0,1.0,2.0,1.0,2.0,0.0,6.0,2.0,3.0,1.0,5.0,1600.0,2.0,2.0,1.0,0.0,10.0,0.0,2.0,0.0,2.0,2.0,2.0,2.0,0.0,1.0,6.0,0.0,0.0,0.0,0.0,0.0,0.0,0.0,0.0,0.0,0.0,0.0,0.0,0.0,0.0,0.0,0.0,0.0,0.0,32.0,0
1.0,1.0,64.0,1.0,1.0,1.0,2.0,0.0,6.0,1.0,1.0,1.0,6.0,4096.0,3.0,2.0,1.0,0.0,40.0,0.0,2.0,0.0,2.0,2.0,1.0,2.0,0.0,12.0,11.0,6.0,2.0,0.0,0.0,2.0,2.0,2.0,1.0,0.0,1.0,1.0,1.0,1.0,0.0,1.0,0.0,1.0,1.0,33.0,0
2.0,2.0,58.0,1.0,1.0,1.0,2.0,0.0,7.0,1.0,1.0,1.0,6.0,3364.0,3.0,3.0,1.0,0.0,50.0,0.0,2.0,0.0,2.0,2.0,1.0,2.0,0.0,12.0,11.0,6.0,2.0,0.0,0.0,2.0,2.0,2.0,2.0,5.0,1.0,1.0,1.0,1.0,0.0,1.0,0.0,1.0,1.0,33.0,0
3.0,2.0,57.0,5.0,1.0,1.0,2.0,0.0,4.0,1.0,2.0,1.0,4.0,3249.0,3.0,3.0,1.0,0.0,72.0,0.0,2.0,0.0,2.0,2.0,1.0,2.0,0.0,10.0,11.0,5.0,2.0,0.0,0.0,2.0,2.0,2.0,2.0,5.0,2.0,2.0,2.0,2.0,5.0,2.0,1.0,3.0,3.0,32.0,1
2.0,1.0,50.0,1.0,4.0,1.0,2.0,0.0,4.0,1.0,1.0,1.0,4.0,2500.0,3.0,2.0,1.0,0.0,40.0,0.0,2.0,0.0,2.0,2.0,2.0,2.0,0.0,4.0,11.0,6.0,2.0,0.0,0.0,2.0,2.0,2.0,2.0,5.0,2.0,2.0,2.0,2.0,5.0,2.0,2.0,3.0,4.0,33.0,1
1.0,1.0,44.0,2.0,1.0,1.0,2.0,0.0,7.0,1.0,1.0,1.0,6.0,1936.0,3.0,2.0,1.0,0.0,40.0,0.0,2.0,0.0,2.0,2.0,2.0,2.0,0.0,12.0,11.0,6.0,2.0,0.0,0.0,2.0,2.0,2.0,2.0,5.0,1.0,1.0,1.0,1.0,0.0,1.0,0.0,1.0,1.0,33.0,0
2.0,2.0,44.0,2.0,1.0,1.0,2.0,0.0,7.0,1.0,1.0,1.0,6.0,1936.0,3.0,2.0,1.0,0.0,40.0,0.0,2.0,0.0,1.0,2.0,2.0,2.0,0.0,11.0,11.0,6.0,2.0,0.0,0.0,2.0,2.0,2.0,2.0,5.0,1.0,1.0,1.0,1.0,0.0,1.0,0.0,1.0,1.0,33.0,0
1.0,1.0,32.0,5.0,2.0,1.0,1.0,1.0,4.0,2.0,1.0,1.0,3.0,1024.0,3.0,3.0,2.0,2.0,48.0,20.0,2.0,0.0,2.0,1.0,2.0,2.0,0.0,7.0,11.0,6.0,2.0,0.0,0.0,2.0,2.0,2.0,2.0,5.0,1.0,1.0,1.0,1.0,0.0,1.0,0.0,1.0,1.0,33.0,0
1.0,1.0,47.0,2.0,1.0,1.0,2.0,0.0,4.0,1.0,1.0,1.0,4.0,2209.0,3.0,2.0,1.0,0.0,35.0,0.0,2.0,0.0,2.0,2.0,1.0,2.0,0.0,10.0,11.0,6.0,2.0,0.0,0.0,1.0,2.0,2.0,2.0,0.0,1.0,1.0,1.0,1.0,0.0,1.0,0.0,1.0,1.0,33.0,0
2.0,2.0,46.0,2.0,1.0,1.0,2.0,0.0,4.0,1.0,1.0,1.0,4.0,2116.0,3.0,2.0,2.0,2.0,25.0,20.0,2.0,0.0,2.0,2.0,1.0,2.0,0.0,10.0,11.0,6.0,2.0,0.0,0.0,2.0,2.0,2.0,2.0,5.0,1.0,1.0,1.0,1.0,0.0,1.0,0.0,1.0,1.0,33.0,0
3.0,1.0,48.0,3.0,4.0,1.0,2.0,0.0,2.0,1.0,1.0,1.0,2.0,2304.0,3.0,3.0,1.0,0.0,60.0,0.0,2.0,0.0,2.0,2.0,2.0,2.0,0.0,99.0,4.0,2.0,2.0,0.0,0.0,2.0,2.0,2.0,2.0,5.0,2.0,2.0,2.0,2.0,5.0,2.0,2.0,1.0,4.0,33.0,1
1.0,1.0,27.0,5.0,4.0,1.0,2.0,0.0,4.0,2.0,1.0,1.0,3.0,729.0,2.0,2.0,1.0,0.0,40.0,0.0,2.0,0.0,2.0,1.0,2.0,2.0,0.0,2.0,9.0,0.0,0.0,0.0,0.0,0.0,0.0,0.0,0.0,0.0,0.0,0.0,0.0,0.0,0.0,0.0,0.0,0.0,0.0,33.0,0
8.0,1.0,25.0,5.0,1.0,1.0,2.0,0.0,4.0,2.0,1.0,1.0,3.0,625.0,3.0,2.0,1.0,0.0,40.0,0.0,2.0,0.0,2.0,2.0,2.0,2.0,0.0,11.0,11.0,6.0,2.0,0.0,0.0,1.0,2.0,2.0,2.0,0.0,1.0,1.0,1.0,1.0,0.0,1.0,0.0,1.0,1.0,33.0,0
1.0,2.0,49.0,1.0,4.0,1.0,2.0,0.0,2.0,1.0,1.0,1.0,2.0,2401.0,2.0,2.0,1.0,0.0,12.0,0.0,2.0,0.0,1.0,1.0,2.0,2.0,0.0,2.0,2.0,0.0,0.0,0.0,0.0,0.0,0.0,0.0,0.0,0.0,0.0,0.0,0.0,0.0,0.0,0.0,0.0,0.0,0.0,33.0,0
2.0,1.0,50.0,1.0,4.0,1.0,2.0,0.0,2.0,1.0,1.0,1.0,2.0,2500.0,2.0,2.0,1.0,0.0,12.0,0.0,2.0,0.0,2.0,2.0,2.0,2.0,0.0,2.0,2.0,0.0,0.0,0.0,0.0,0.0,0.0,0.0,0.0,0.0,0.0,0.0,0.0,0.0,0.0,0.0,0.0,0.0,0.0,33.0,0
9.0,1.0,19.0,5.0,4.0,1.0,2.0,0.0,2.0,1.0,1.0,1.0,2.0,361.0,3.0,2.0,1.0,0.0,24.0,0.0,2.0,0.0,1.0,1.0,2.0,2.0,0.0,6.0,8.0,5.0,2.0,0.0,0.0,2.0,2.0,2.0,2.0,5.0,2.0,2.0,2.0,2.0,5.0,2.0,2.0,1.0,4.0,33.0,1
2.0,2.0,40.0,1.0,4.0,1.0,2.0,0.0,4.0,1.0,1.0,1.0,4.0,1600.0,1.0,2.0,1.0,0.0,36.0,0.0,2.0,0.0,2.0,2.0,2.0,2.0,0.0,3.0,11.0,0.0,0.0,0.0,0.0,0.0,0.0,0.0,0.0,0.0,0.0,0.0,0.0,0.0,0.0,0.0,0.0,0.0,0.0,33.0,0
3.0,2.0,20.0,5.0,4.0,1.0,2.0,0.0,4.0,2.0,1.0,1.0,3.0,400.0,3.0,2.0,1.0,0.0,30.0,0.0,2.0,0.0,2.0,2.0,2.0,2.0,0.0,3.0,11.0,2.0,2.0,0.0,0.0,2.0,2.0,1.0,2.0,0.0,2.0,2.0,2.0,2.0,5.0,2.0,2.0,1.0,4.0,33.0,1
1.0,1.0,28.0,5.0,2.0,1.0,2.0,0.0,4.0,1.0,3.0,1.0,4.0,784.0,1.0,3.0,1.0,0.0,51.0,0.0,2.0,0.0,2.0,2.0,2.0,2.0,0.0,5.0,11.0,0.0,0.0,0.0,0.0,0.0,0.0,0.0,0.0,0.0,0.0,0.0,0.0,0.0,0.0,0.0,0.0,0.0,0.0,32.0,0
1.0,1.0,45.0,5.0,1.0,1.0,2.0,0.0,7.0,2.0,1.0,1.0,5.0,2025.0,3.0,2.0,1.0,0.0,40.0,0.0,2.0,0.0,2.0,2.0,2.0,2.0,0.0,9.0,6.0,1.0,2.0,0.0,0.0,1.0,2.0,2.0,1.0,0.0,1.0,1.0,1.0,1.0,0.0,1.0,0.0,1.0,1.0,32.0,0
1.0,1.0,47.0,5.0,1.0,1.0,2.0,0.0,6.0,2.0,1.0,1.0,5.0,2209.0,3.0,2.0,1.0,0.0,40.0,0.0,2.0,0.0,2.0,2.0,1.0,2.0,0.0,12.0,11.0,6.0,2.0,0.0,0.0,2.0,2.0,2.0,2.0,5.0,1.0,1.0,1.0,1.0,0.0,1.0,0.0,1.0,1.0,32.0,0
1.0,2.0,42.0,2.0,1.0,1.0,2.0,0.0,6.0,1.0,1.0,1.0,6.0,1764.0,3.0,3.0,1.0,0.0,48.0,0.0,2.0,0.0,2.0,2.0,1.0,2.0,0.0,7.0,11.0,6.0,2.0,0.0,0.0,2.0,2.0,2.0,2.0,5.0,1.0,1.0,1.0,1.0,0.0,1.0,0.0,1.0,1.0,32.0,0
2.0,1.0,42.0,2.0,1.0,1.0,2.0,0.0,6.0,2.0,1.0,1.0,5.0,1764.0,3.0,2.0,1.0,0.0,40.0,0.0,2.0,0.0,2.0,2.0,2.0,2.0,0.0,8.0,12.0,6.0,2.0,0.0,0.0,2.0,2.0,2.0,1.0,0.0,1.0,1.0,1.0,1.0,0.0,1.0,0.0,1.0,1.0,32.0,0
1.0,1.0,49.0,2.0,1.0,1.0,2.0,0.0,6.0,2.0,1.0,1.0,5.0,2401.0,3.0,3.0,1.0,0.0,50.0,0.0,2.0,0.0,2.0,2.0,2.0,2.0,0.0,6.0,11.0,6.0,2.0,0.0,0.0,2.0,2.0,2.0,2.0,5.0,1.0,1.0,1.0,1.0,0.0,1.0,0.0,1.0,1.0,32.0,0
2.0,2.0,48.0,2.0,1.0,1.0,2.0,0.0,7.0,2.0,1.0,1.0,5.0,2304.0,3.0,2.0,1.0,0.0,40.0,0.0,2.0,0.0,2.0,2.0,2.0,2.0,0.0,99.0,6.0,6.0,2.0,0.0,0.0,2.0,2.0,2.0,2.0,5.0,1.0,1.0,1.0,1.0,0.0,1.0,0.0,1.0,1.0,32.0,0
1.0,1.0,35.0,2.0,1.0,1.0,2.0,0.0,4.0,1.0,1.0,1.0,4.0,1225.0,3.0,2.0,1.0,0.0,45.0,0.0,2.0,0.0,2.0,2.0,2.0,2.0,0.0,99.0,8.0,5.0,2.0,0.0,0.0,2.0,2.0,2.0,2.0,5.0,1.0,1.0,1.0,1.0,0.0,1.0,0.0,1.0,1.0,33.0,0
1.0,1.0,55.0,2.0,1.0,1.0,2.0,0.0,2.0,1.0,1.0,1.0,2.0,3025.0,3.0,3.0,1.0,0.0,48.0,0.0,1.0,1.0,2.0,2.0,2.0,2.0,0.0,7.0,11.0,5.0,2.0,0.0,0.0,2.0,2.0,2.0,2.0,5.0,1.0,1.0,1.0,1.0,0.0,1.0,0.0,2.0,1.0,33.0,0
2.0,2.0,55.0,2.0,1.0,1.0,2.0,0.0,2.0,1.0,3.0,1.0,2.0,3025.0,3.0,2.0,1.0,0.0,40.0,0.0,2.0,0.0,2.0,2.0,2.0,2.0,0.0,99.0,11.0,6.0,2.0,0.0,0.0,2.0,2.0,2.0,2.0,5.0,1.0,1.0,1.0,1.0,0.0,1.0,0.0,1.0,1.0,33.0,0
3.0,1.0,32.0,5.0,1.0,1.0,2.0,0.0,4.0,1.0,1.0,1.0,4.0,1024.0,3.0,3.0,1.0,0.0,60.0,0.0,2.0,0.0,2.0,2.0,1.0,2.0,0.0,99.0,11.0,5.0,2.0,0.0,0.0,1.0,2.0,2.0,2.0,0.0,1.0,1.0,1.0,1.0,0.0,1.0,0.0,1.0,1.0,33.0,0
1.0,1.0,47.0,2.0,1.0,1.0,2.0,0.0,6.0,2.0,1.0,1.0,5.0,2209.0,2.0,2.0,1.0,0.0,40.0,0.0,2.0,0.0,2.0,2.0,2.0,2.0,0.0,2.0,11.0,0.0,0.0,0.0,0.0,0.0,0.0,0.0,0.0,0.0,0.0,0.0,0.0,0.0,0.0,0.0,0.0,0.0,0.0,33.0,0
2.0,2.0,41.0,2.0,1.0,1.0,2.0,0.0,6.0,1.0,1.0,1.0,6.0,1681.0,2.0,1.0,1.0,0.0,40.0,0.0,2.0,0.0,2.0,2.0,2.0,2.0,0.0,2.0,11.0,0.0,0.0,0.0,0.0,0.0,0.0,0.0,0.0,0.0,0.0,0.0,0.0,0.0,0.0,0.0,0.0,0.0,0.0,33.0,0
1.0,1.0,61.0,2.0,1.0,1.0,2.0,0.0,4.0,2.0,1.0,1.0,3.0,3721.0,3.0,2.0,1.0,0.0,40.0,0.0,2.0,0.0,2.0,1.0,2.0,2.0,0.0,1.0,7.0,6.0,2.0,0.0,0.0,2.0,2.0,2.0,2.0,5.0,1.0,1.0,1.0,1.0,0.0,1.0,0.0,1.0,1.0,33.0,0
2.0,2.0,63.0,2.0,1.0,1.0,2.0,0.0,2.0,1.0,3.0,1.0,2.0,3969.0,3.0,2.0,1.0,0.0,8.0,0.0,2.0,0.0,2.0,2.0,2.0,1.0,1.0,0.0,0.0,0.0,0.0,0.0,0.0,2.0,2.0,2.0,2.0,5.0,2.0,2.0,2.0,2.0,5.0,2.0,2.0,1.0,4.0,33.0,1
3.0,1.0,33.0,5.0,1.0,1.0,2.0,0.0,4.0,1.0,1.0,1.0,4.0,1089.0,3.0,2.0,1.0,0.0,40.0,0.0,1.0,1.0,1.0,2.0,2.0,2.0,0.0,6.0,11.0,3.0,2.0,0.0,0.0,2.0,2.0,2.0,2.0,5.0,1.0,1.0,1.0,1.0,0.0,1.0,0.0,1.0,1.0,33.0,0
1.0,2.0,59.0,2.0,1.0,1.0,2.0,0.0,2.0,2.0,3.0,1.0,1.0,3481.0,3.0,2.0,1.0,0.0,26.0,0.0,2.0,0.0,2.0,2.0,2.0,1.0,1.0,0.0,0.0,0.0,0.0,0.0,0.0,2.0,2.0,2.0,2.0,5.0,2.0,2.0,2.0,2.0,5.0,2.0,2.0,1.0,4.0,32.0,1
2.0,1.0,58.0,2.0,1.0,1.0,2.0,0.0,4.0,1.0,3.0,1.0,4.0,3364.0,3.0,2.0,1.0,0.0,45.0,0.0,2.0,0.0,2.0,2.0,1.0,2.0,0.0,99.0,11.0,5.0,2.0,0.0,0.0,2.0,2.0,2.0,2.0,5.0,1.0,1.0,1.0,1.0,0.0,1.0,0.0,1.0,1.0,32.0,0
2.0,1.0,42.0,1.0,1.0,1.0,2.0,0.0,5.0,1.0,1.0,1.0,4.0,1764.0,3.0,2.0,1.0,0.0,45.0,0.0,1.0,1.0,1.0,2.0,2.0,2.0,0.0,11.0,11.0,6.0,2.0,0.0,0.0,2.0,2.0,1.0,2.0,0.0,1.0,1.0,1.0,1.0,0.0,1.0,0.0,1.0,1.0,33.0,0
1.0,1.0,53.0,2.0,1.0,1.0,2.0,0.0,2.0,1.0,1.0,1.0,2.0,2809.0,3.0,2.0,1.0,0.0,40.0,0.0,2.0,0.0,2.0,1.0,2.0,2.0,0.0,6.0,11.0,6.0,2.0,0.0,0.0,2.0,2.0,2.0,2.0,5.0,1.0,1.0,2.0,2.0,0.0,1.0,0.0,1.0,2.0,33.0,0
1.0,1.0,35.0,1.0,1.0,1.0,2.0,0.0,4.0,2.0,1.0,1.0,3.0,1225.0,3.0,2.0,1.0,0.0,45.0,0.0,2.0,0.0,2.0,2.0,2.0,2.0,0.0,99.0,11.0,6.0,2.0,0.0,0.0,2.0,2.0,2.0,2.0,5.0,1.0,1.0,1.0,1.0,0.0,1.0,0.0,3.0,1.0,33.0,0
2.0,2.0,41.0,1.0,1.0,1.0,2.0,0.0,4.0,2.0,3.0,1.0,3.0,1681.0,3.0,2.0,1.0,0.0,40.0,0.0,2.0,0.0,2.0,2.0,2.0,2.0,0.0,99.0,11.0,6.0,2.0,0.0,0.0,1.0,2.0,2.0,2.0,0.0,1.0,1.0,1.0,1.0,0.0,1.0,0.0,1.0,1.0,33.0,0
1.0,2.0,44.0,2.0,1.0,1.0,2.0,0.0,7.0,1.0,1.0,1.0,6.0,1936.0,3.0,3.0,2.0,2.0,41.0,8.0,2.0,0.0,2.0,2.0,1.0,2.0,0.0,12.0,10.0,6.0,2.0,0.0,0.0,2.0,2.0,2.0,2.0,5.0,1.0,1.0,1.0,1.0,0.0,1.0,0.0,1.0,1.0,33.0,0
2.0,1.0,46.0,2.0,1.0,1.0,2.0,0.0,6.0,1.0,1.0,1.0,6.0,2116.0,3.0,2.0,2.0,2.0,28.0,8.0,2.0,0.0,2.0,2.0,1.0,2.0,0.0,12.0,11.0,5.0,2.0,0.0,0.0,2.0,2.0,2.0,2.0,5.0,1.0,1.0,1.0,1.0,0.0,1.0,0.0,1.0,1.0,33.0,0
2.0,1.0,40.0,2.0,4.0,1.0,2.0,0.0,2.0,1.0,1.0,1.0,2.0,1600.0,3.0,3.0,1.0,0.0,60.0,0.0,2.0,0.0,2.0,2.0,2.0,2.0,0.0,99.0,4.0,3.0,9.0,9.0,4.0,2.0,2.0,2.0,2.0,5.0,2.0,2.0,2.0,2.0,5.0,2.0,2.0,1.0,4.0,33.0,1
1.0,1.0,45.0,1.0,1.0,1.0,2.0,0.0,2.0,1.0,1.0,1.0,2.0,2025.0,3.0,3.0,1.0,0.0,48.0,0.0,2.0,0.0,2.0,2.0,2.0,2.0,0.0,99.0,9.0,6.0,2.0,0.0,0.0,2.0,2.0,2.0,2.0,5.0,1.0,2.0,2.0,2.0,0.0,2.0,1.0,3.0,3.0,33.0,1
3.0,2.0,35.0,5.0,1.0,1.0,1.0,2.0,6.0,2.0,1.0,1.0,5.0,1225.0,3.0,4.0,0.0,0.0,0.0,0.0,2.0,0.0,2.0,2.0,1.0,2.0,0.0,9.0,11.0,6.0,2.0,0.0,0.0,2.0,2.0,2.0,2.0,5.0,1.0,1.0,1.0,1.0,0.0,1.0,0.0,1.0,1.0,33.0,0
1.0,1.0,48.0,5.0,1.0,1.0,2.0,0.0,4.0,2.0,1.0,1.0,3.0,2304.0,2.0,2.0,1.0,0.0,36.0,0.0,2.0,0.0,2.0,2.0,2.0,2.0,0.0,1.0,9.0,0.0,0.0,0.0,0.0,0.0,0.0,0.0,0.0,0.0,0.0,0.0,0.0,0.0,0.0,0.0,0.0,0.0,0.0,32.0,0
1.0,2.0,29.0,5.0,1.0,1.0,2.0,0.0,4.0,1.0,1.0,1.0,4.0,841.0,3.0,3.0,1.0,0.0,60.0,0.0,2.0,0.0,2.0,2.0,2.0,2.0,0.0,6.0,11.0,5.0,2.0,0.0,0.0,2.0,2.0,2.0,2.0,5.0,2.0,1.0,1.0,1.0,0.0,1.0,0.0,1.0,1.0,32.0,0
2.0,2.0,58.0,1.0,1.0,1.0,2.0,0.0,4.0,2.0,1.0,1.0,3.0,3364.0,3.0,1.0,1.0,0.0,20.0,0.0,1.0,1.0,1.0,1.0,2.0,1.0,1.0,0.0,0.0,0.0,0.0,0.0,0.0,2.0,2.0,2.0,2.0,5.0,1.0,1.0,1.0,1.0,0.0,1.0,0.0,1.0,1.0,32.0,0
1.0,1.0,19.0,5.0,4.0,1.0,2.0,0.0,4.0,1.0,1.0,1.0,4.0,361.0,1.0,2.0,1.0,0.0,40.0,0.0,1.0,1.0,1.0,2.0,2.0,2.0,0.0,4.0,12.0,0.0,0.0,0.0,0.0,0.0,0.0,0.0,0.0,0.0,0.0,0.0,0.0,0.0,0.0,0.0,0.0,0.0,0.0,32.0,0
1.0,2.0,52.0,5.0,1.0,1.0,2.0,0.0,2.0,2.0,3.0,1.0,1.0,2704.0,3.0,3.0,1.0,0.0,54.0,0.0,1.0,1.0,1.0,1.0,2.0,2.0,0.0,99.0,11.0,6.0,2.0,0.0,0.0,1.0,2.0,2.0,2.0,0.0,1.0,1.0,1.0,1.0,0.0,1.0,0.0,1.0,1.0,33.0,0
3.0,2.0,23.0,5.0,1.0,1.0,1.0,1.0,4.0,2.0,1.0,1.0,3.0,529.0,2.0,1.0,1.0,0.0,32.0,0.0,1.0,1.0,1.0,1.0,2.0,2.0,0.0,1.0,6.0,0.0,0.0,0.0,0.0,0.0,0.0,0.0,0.0,0.0,0.0,0.0,0.0,0.0,0.0,0.0,0.0,0.0,0.0,33.0,0
3.0,2.0,10.0,5.0,1.0,1.0,1.0,1.0,2.0,2.0,1.0,1.0,1.0,100.0,2.0,2.0,1.0,0.0,4.0,0.0,2.0,0.0,2.0,2.0,2.0,2.0,0.0,1.0,6.0,0.0,0.0,0.0,0.0,0.0,0.0,0.0,0.0,0.0,0.0,0.0,0.0,0.0,0.0,0.0,0.0,0.0,0.0,33.0,0
1.0,1.0,37.0,1.0,1.0,1.0,2.0,0.0,4.0,1.0,4.0,1.0,4.0,1369.0,3.0,2.0,1.0,0.0,40.0,0.0,2.0,0.0,2.0,2.0,2.0,2.0,0.0,6.0,11.0,5.0,2.0,0.0,0.0,2.0,2.0,2.0,2.0,5.0,1.0,1.0,1.0,1.0,0.0,1.0,0.0,1.0,1.0,33.0,0
2.0,2.0,32.0,1.0,1.0,1.0,2.0,0.0,4.0,1.0,4.0,1.0,4.0,1024.0,3.0,3.0,1.0,0.0,50.0,0.0,1.0,1.0,1.0,1.0,2.0,1.0,1.0,0.0,0.0,0.0,0.0,0.0,0.0,1.0,2.0,2.0,2.0,0.0,1.0,1.0,1.0,1.0,0.0,1.0,0.0,1.0,1.0,33.0,0
1.0,1.0,63.0,5.0,4.0,1.0,2.0,0.0,4.0,2.0,1.0,1.0,3.0,3969.0,3.0,2.0,2.0,2.0,20.0,14.0,2.0,0.0,2.0,2.0,2.0,2.0,0.0,2.0,11.0,4.0,2.0,0.0,0.0,2.0,2.0,2.0,2.0,5.0,2.0,2.0,2.0,2.0,5.0,2.0,2.0,1.0,4.0,33.0,1
1.0,2.0,48.0,2.0,1.0,1.0,2.0,0.0,7.0,1.0,3.0,1.0,6.0,2304.0,2.0,2.0,1.0,0.0,24.0,0.0,2.0,0.0,2.0,2.0,2.0,2.0,0.0,1.0,6.0,0.0,0.0,0.0,0.0,0.0,0.0,0.0,0.0,0.0,0.0,0.0,0.0,0.0,0.0,0.0,0.0,0.0,0.0,32.0,0
3.0,2.0,36.0,5.0,1.0,1.0,2.0,0.0,6.0,1.0,1.0,1.0,6.0,1296.0,3.0,2.0,1.0,0.0,42.0,0.0,2.0,0.0,2.0,2.0,2.0,2.0,0.0,99.0,11.0,5.0,2.0,0.0,0.0,2.0,2.0,2.0,2.0,5.0,1.0,1.0,1.0,1.0,0.0,1.0,0.0,1.0,1.0,32.0,0
1.0,1.0,50.0,2.0,1.0,1.0,2.0,0.0,4.0,1.0,1.0,1.0,4.0,2500.0,3.0,2.0,1.0,0.0,16.0,0.0,2.0,0.0,2.0,2.0,2.0,2.0,0.0,3.0,6.0,6.0,2.0,0.0,0.0,2.0,2.0,2.0,2.0,5.0,2.0,2.0,2.0,2.0,5.0,2.0,1.0,1.0,3.0,32.0,1
2.0,2.0,48.0,2.0,1.0,1.0,2.0,0.0,4.0,1.0,1.0,1.0,4.0,2304.0,1.0,2.0,1.0,0.0,30.0,0.0,2.0,0.0,2.0,2.0,2.0,2.0,0.0,3.0,6.0,0.0,0.0,0.0,0.0,0.0,0.0,0.0,0.0,0.0,0.0,0.0,0.0,0.0,0.0,0.0,0.0,0.0,0.0,32.0,0
1.0,1.0,49.0,1.0,1.0,1.0,2.0,0.0,4.0,2.0,1.0,1.0,3.0,2401.0,3.0,2.0,1.0,0.0,40.0,0.0,2.0,0.0,2.0,2.0,2.0,2.0,0.0,7.0,11.0,6.0,2.0,0.0,0.0,2.0,2.0,2.0,2.0,5.0,1.0,1.0,1.0,1.0,0.0,1.0,0.0,1.0,1.0,33.0,0
2.0,1.0,45.0,1.0,4.0,1.0,2.0,0.0,4.0,2.0,1.0,1.0,3.0,2025.0,2.0,3.0,1.0,0.0,60.0,0.0,2.0,0.0,2.0,2.0,2.0,2.0,0.0,1.0,3.0,0.0,0.0,0.0,0.0,0.0,0.0,0.0,0.0,0.0,0.0,0.0,0.0,0.0,0.0,0.0,0.0,0.0,0.0,33.0,0
3.0,1.0,23.0,5.0,1.0,1.0,2.0,0.0,4.0,2.0,3.0,1.0,3.0,529.0,3.0,3.0,1.0,0.0,48.0,0.0,1.0,1.0,1.0,2.0,2.0,2.0,0.0,99.0,11.0,5.0,2.0,0.0,0.0,1.0,2.0,2.0,2.0,0.0,1.0,1.0,1.0,1.0,0.0,1.0,0.0,1.0,1.0,33.0,0
1.0,2.0,25.0,3.0,4.0,1.0,2.0,0.0,4.0,1.0,1.0,1.0,4.0,625.0,3.0,3.0,1.0,0.0,60.0,0.0,2.0,0.0,1.0,1.0,2.0,2.0,0.0,8.0,11.0,3.0,9.0,9.0,4.0,1.0,2.0,2.0,2.0,0.0,1.0,1.0,1.0,2.0,0.0,2.0,2.0,1.0,4.0,33.0,1
1.0,1.0,73.0,2.0,1.0,1.0,2.0,0.0,2.0,1.0,3.0,1.0,2.0,5329.0,2.0,3.0,1.0,0.0,60.0,0.0,2.0,0.0,2.0,2.0,2.0,2.0,0.0,1.0,11.0,0.0,0.0,0.0,0.0,0.0,0.0,0.0,0.0,0.0,0.0,0.0,0.0,0.0,0.0,0.0,0.0,0.0,0.0,33.0,0
3.0,2.0,27.0,5.0,1.0,1.0,2.0,0.0,4.0,1.0,1.0,1.0,4.0,729.0,3.0,3.0,1.0,0.0,48.0,0.0,2.0,0.0,2.0,2.0,2.0,2.0,0.0,99.0,11.0,5.0,2.0,0.0,0.0,2.0,2.0,2.0,2.0,5.0,1.0,1.0,1.0,1.0,0.0,1.0,0.0,1.0,1.0,33.0,0
2.0,1.0,46.0,2.0,1.0,1.0,2.0,0.0,7.0,2.0,1.0,1.0,5.0,2116.0,3.0,3.0,2.0,2.0,45.0,4.0,2.0,0.0,2.0,2.0,2.0,2.0,0.0,7.0,8.0,6.0,2.0,0.0,0.0,1.0,2.0,2.0,2.0,0.0,1.0,1.0,1.0,1.0,0.0,1.0,0.0,1.0,1.0,32.0,0
3.0,2.0,46.0,5.0,1.0,1.0,2.0,0.0,6.0,1.0,1.0,1.0,6.0,2116.0,3.0,2.0,1.0,0.0,30.0,0.0,1.0,9.0,1.0,1.0,2.0,2.0,0.0,4.0,11.0,6.0,2.0,0.0,0.0,2.0,2.0,2.0,2.0,5.0,1.0,1.0,1.0,1.0,0.0,1.0,0.0,1.0,1.0,32.0,0
1.0,2.0,36.0,1.0,1.0,1.0,2.0,0.0,4.0,1.0,4.0,1.0,4.0,1296.0,3.0,2.0,1.0,0.0,40.0,0.0,1.0,1.0,1.0,1.0,2.0,2.0,0.0,7.0,11.0,6.0,1.0,4.0,4.0,2.0,2.0,2.0,2.0,5.0,1.0,1.0,1.0,1.0,0.0,1.0,0.0,1.0,1.0,32.0,0
2.0,1.0,37.0,1.0,1.0,1.0,2.0,0.0,4.0,1.0,1.0,1.0,4.0,1369.0,3.0,3.0,1.0,0.0,50.0,0.0,1.0,1.0,1.0,1.0,2.0,2.0,0.0,6.0,3.0,6.0,1.0,4.0,4.0,2.0,2.0,2.0,2.0,5.0,1.0,1.0,1.0,1.0,0.0,1.0,0.0,1.0,1.0,32.0,0
1.0,2.0,67.0,2.0,2.0,1.0,2.0,0.0,7.0,1.0,1.0,1.0,6.0,4489.0,1.0,2.0,1.0,0.0,45.0,0.0,2.0,0.0,2.0,2.0,2.0,2.0,0.0,2.0,11.0,0.0,0.0,0.0,0.0,0.0,0.0,0.0,0.0,0.0,0.0,0.0,0.0,0.0,0.0,0.0,0.0,0.0,0.0,32.0,0
2.0,1.0,69.0,2.0,2.0,1.0,2.0,0.0,7.0,2.0,1.0,1.0,5.0,4761.0,2.0,3.0,1.0,0.0,72.0,0.0,2.0,0.0,2.0,2.0,2.0,2.0,0.0,1.0,8.0,0.0,0.0,0.0,0.0,0.0,0.0,0.0,0.0,0.0,0.0,0.0,0.0,0.0,0.0,0.0,0.0,0.0,0.0,32.0,0
3.0,1.0,34.0,5.0,1.0,1.0,2.0,0.0,7.0,1.0,1.0,1.0,6.0,1156.0,3.0,3.0,2.0,3.0,40.0,14.0,2.0,0.0,2.0,2.0,2.0,2.0,0.0,12.0,11.0,4.0,2.0,0.0,0.0,2.0,2.0,2.0,2.0,5.0,1.0,1.0,1.0,1.0,0.0,1.0,0.0,1.0,1.0,32.0,0
3.0,2.0,27.0,5.0,2.0,1.0,1.0,2.0,7.0,2.0,1.0,1.0,5.0,729.0,4.0,1.0,1.0,0.0,6.0,0.0,1.0,1.0,1.0,1.0,2.0,2.0,0.0,3.0,11.0,0.0,0.0,0.0,0.0,0.0,0.0,0.0,0.0,0.0,0.0,0.0,0.0,0.0,0.0,0.0,0.0,0.0,0.0,32.0,1
1.0,2.0,52.0,3.0,4.0,1.0,2.0,0.0,4.0,1.0,1.0,1.0,4.0,2704.0,3.0,2.0,1.0,0.0,40.0,0.0,2.0,0.0,2.0,2.0,2.0,2.0,0.0,3.0,11.0,4.0,2.0,0.0,0.0,2.0,2.0,2.0,2.0,5.0,2.0,2.0,2.0,2.0,5.0,2.0,2.0,3.0,4.0,33.0,1
3.0,1.0,22.0,5.0,1.0,1.0,2.0,0.0,4.0,1.0,1.0,1.0,4.0,484.0,3.0,2.0,1.0,0.0,45.0,0.0,2.0,0.0,2.0,2.0,2.0,2.0,0.0,8.0,5.0,5.0,2.0,0.0,0.0,2.0,2.0,2.0,2.0,5.0,1.0,1.0,1.0,1.0,0.0,1.0,0.0,1.0,1.0,33.0,0
1.0,1.0,78.0,2.0,1.0,1.0,2.0,0.0,2.0,2.0,3.0,1.0,1.0,6084.0,2.0,3.0,1.0,0.0,59.0,0.0,2.0,0.0,2.0,2.0,2.0,2.0,0.0,1.0,9.0,0.0,0.0,0.0,0.0,0.0,0.0,0.0,0.0,0.0,0.0,0.0,0.0,0.0,0.0,0.0,0.0,0.0,0.0,33.0,0
5.0,1.0,24.0,5.0,4.0,1.0,2.0,0.0,4.0,1.0,1.0,1.0,4.0,576.0,3.0,3.0,1.0,0.0,70.0,0.0,2.0,0.0,2.0,2.0,2.0,2.0,0.0,99.0,4.0,5.0,2.0,0.0,0.0,2.0,2.0,2.0,2.0,5.0,2.0,2.0,2.0,2.0,5.0,2.0,2.0,3.0,4.0,33.0,1
5.0,1.0,20.0,5.0,1.0,1.0,2.0,0.0,4.0,1.0,1.0,1.0,4.0,400.0,3.0,2.0,1.0,0.0,38.0,0.0,2.0,0.0,2.0,2.0,2.0,2.0,0.0,99.0,11.0,6.0,2.0,0.0,0.0,2.0,2.0,2.0,2.0,5.0,2.0,2.0,2.0,1.0,0.0,2.0,1.0,1.0,3.0,33.0,1
5.0,2.0,24.0,5.0,4.0,1.0,2.0,0.0,6.0,1.0,1.0,1.0,6.0,576.0,3.0,2.0,1.0,0.0,38.0,0.0,2.0,0.0,2.0,2.0,2.0,2.0,0.0,99.0,11.0,5.0,2.0,0.0,0.0,2.0,2.0,2.0,2.0,5.0,2.0,2.0,2.0,2.0,5.0,2.0,2.0,1.0,4.0,33.0,1
5.0,1.0,25.0,5.0,1.0,1.0,1.0,1.0,7.0,2.0,1.0,1.0,5.0,625.0,3.0,2.0,1.0,0.0,4.0,0.0,2.0,0.0,2.0,2.0,1.0,2.0,0.0,12.0,11.0,3.0,1.0,4.0,4.0,2.0,2.0,2.0,2.0,5.0,1.0,1.0,1.0,1.0,0.0,1.0,0.0,1.0,1.0,32.0,0
5.0,2.0,25.0,5.0,1.0,1.0,1.0,2.0,7.0,2.0,1.0,1.0,5.0,625.0,3.0,2.0,1.0,0.0,40.0,0.0,2.0,0.0,2.0,2.0,2.0,2.0,0.0,99.0,11.0,5.0,2.0,0.0,0.0,2.0,2.0,2.0,2.0,5.0,9.0,9.0,9.0,9.0,0.0,2.0,2.0,1.0,9.0,32.0,1
1.0,1.0,54.0,2.0,1.0,1.0,2.0,0.0,2.0,1.0,1.0,1.0,2.0,2916.0,2.0,3.0,1.0,0.0,84.0,0.0,2.0,0.0,2.0,2.0,2.0,2.0,0.0,1.0,11.0,0.0,0.0,0.0,0.0,0.0,0.0,0.0,0.0,0.0,0.0,0.0,0.0,0.0,0.0,0.0,0.0,0.0,0.0,33.0,0
8.0,2.0,46.0,5.0,1.0,1.0,2.0,0.0,9.0,1.0,1.0,1.0,1.0,2116.0,3.0,2.0,1.0,0.0,25.0,0.0,2.0,0.0,2.0,2.0,2.0,2.0,0.0,6.0,11.0,6.0,2.0,0.0,0.0,2.0,2.0,2.0,2.0,5.0,2.0,2.0,2.0,2.0,5.0,2.0,2.0,1.0,4.0,33.0,1
1.0,1.0,43.0,5.0,1.0,1.0,2.0,0.0,8.0,1.0,1.0,1.0,6.0,1849.0,3.0,2.0,2.0,2.0,25.0,0.0,2.0,0.0,2.0,2.0,2.0,2.0,0.0,10.0,11.0,6.0,1.0,9.0,4.0,2.0,2.0,2.0,2.0,5.0,1.0,2.0,2.0,2.0,0.0,2.0,2.0,1.0,1.0,32.0,1
1.0,2.0,58.0,5.0,1.0,1.0,2.0,0.0,4.0,2.0,3.0,1.0,3.0,3364.0,3.0,2.0,1.0,0.0,24.0,0.0,2.0,0.0,2.0,2.0,2.0,2.0,0.0,2.0,11.0,5.0,2.0,0.0,0.0,2.0,2.0,2.0,2.0,5.0,1.0,1.0,1.0,1.0,0.0,1.0,0.0,1.0,1.0,32.0,0
1.0,1.0,56.0,3.0,1.0,1.0,2.0,0.0,6.0,1.0,4.0,1.0,6.0,3136.0,3.0,2.0,1.0,0.0,45.0,0.0,2.0,0.0,2.0,2.0,2.0,2.0,0.0,6.0,11.0,6.0,2.0,0.0,0.0,2.0,2.0,2.0,2.0,5.0,1.0,1.0,1.0,1.0,0.0,1.0,0.0,1.0,1.0,33.0,0
1.0,1.0,47.0,3.0,1.0,1.0,2.0,0.0,6.0,1.0,1.0,1.0,6.0,2209.0,3.0,2.0,1.0,0.0,45.0,0.0,2.0,0.0,2.0,2.0,1.0,2.0,0.0,9.0,11.0,6.0,2.0,0.0,0.0,2.0,2.0,2.0,2.0,5.0,1.0,1.0,1.0,1.0,0.0,1.0,0.0,1.0,1.0,33.0,0
2.0,1.0,62.0,2.0,1.0,1.0,2.0,0.0,2.0,1.0,1.0,1.0,2.0,3844.0,3.0,3.0,1.0,0.0,48.0,0.0,2.0,0.0,2.0,2.0,1.0,2.0,0.0,99.0,4.0,6.0,2.0,0.0,0.0,2.0,2.0,2.0,2.0,5.0,1.0,1.0,1.0,1.0,0.0,1.0,0.0,1.0,1.0,33.0,0
1.0,2.0,71.0,2.0,1.0,1.0,2.0,0.0,4.0,2.0,1.0,1.0,3.0,5041.0,3.0,2.0,2.0,2.0,4.0,4.0,2.0,0.0,2.0,2.0,2.0,1.0,2.0,0.0,0.0,0.0,0.0,0.0,0.0,2.0,2.0,2.0,2.0,5.0,2.0,2.0,2.0,2.0,5.0,2.0,2.0,1.0,4.0,32.0,1
2.0,1.0,73.0,2.0,1.0,1.0,2.0,0.0,2.0,2.0,1.0,1.0,1.0,5329.0,3.0,3.0,1.0,0.0,60.0,0.0,2.0,0.0,2.0,2.0,2.0,2.0,0.0,99.0,11.0,6.0,2.0,0.0,0.0,2.0,2.0,2.0,2.0,5.0,1.0,1.0,1.0,1.0,0.0,1.0,0.0,2.0,1.0,32.0,0
3.0,1.0,52.0,5.0,1.0,1.0,2.0,0.0,4.0,1.0,1.0,1.0,4.0,2704.0,3.0,3.0,1.0,0.0,50.0,0.0,2.0,0.0,2.0,2.0,2.0,2.0,0.0,99.0,11.0,6.0,2.0,0.0,0.0,2.0,2.0,2.0,2.0,5.0,1.0,1.0,1.0,1.0,0.0,2.0,1.0,1.0,3.0,32.0,1
3.0,2.0,20.0,5.0,1.0,1.0,2.0,0.0,4.0,2.0,1.0,1.0,3.0,400.0,3.0,3.0,1.0,0.0,48.0,0.0,2.0,0.0,2.0,2.0,2.0,2.0,0.0,3.0,11.0,5.0,2.0,0.0,0.0,2.0,2.0,2.0,2.0,5.0,2.0,2.0,2.0,2.0,5.0,2.0,2.0,1.0,4.0,33.0,1
2.0,2.0,40.0,2.0,1.0,1.0,2.0,0.0,6.0,1.0,1.0,1.0,6.0,1600.0,3.0,2.0,1.0,0.0,24.0,0.0,2.0,0.0,2.0,2.0,1.0,2.0,0.0,9.0,11.0,6.0,2.0,0.0,0.0,1.0,2.0,2.0,2.0,0.0,1.0,1.0,1.0,1.0,0.0,1.0,0.0,3.0,1.0,33.0,0
1.0,1.0,44.0,2.0,1.0,1.0,2.0,0.0,6.0,1.0,1.0,1.0,6.0,1936.0,3.0,3.0,1.0,0.0,55.0,0.0,2.0,0.0,2.0,2.0,2.0,2.0,0.0,99.0,11.0,5.0,2.0,0.0,0.0,2.0,2.0,2.0,2.0,5.0,1.0,1.0,1.0,1.0,0.0,1.0,0.0,1.0,1.0,33.0,0
1.0,2.0,33.0,1.0,1.0,1.0,1.0,1.0,7.0,2.0,1.0,1.0,5.0,1089.0,3.0,2.0,1.0,0.0,42.0,0.0,2.0,0.0,2.0,1.0,2.0,2.0,0.0,7.0,11.0,5.0,2.0,0.0,0.0,2.0,2.0,2.0,2.0,5.0,1.0,1.0,1.0,1.0,0.0,2.0,1.0,1.0,3.0,32.0,1
2.0,1.0,36.0,1.0,1.0,1.0,2.0,0.0,7.0,2.0,1.0,1.0,5.0,1296.0,3.0,1.0,1.0,0.0,32.0,0.0,1.0,1.0,1.0,2.0,2.0,2.0,0.0,12.0,9.0,6.0,2.0,0.0,0.0,2.0,2.0,1.0,2.0,0.0,1.0,1.0,1.0,1.0,0.0,1.0,0.0,1.0,1.0,32.0,0
1.0,2.0,56.0,3.0,1.0,1.0,2.0,0.0,6.0,1.0,1.0,1.0,6.0,3136.0,3.0,2.0,2.0,2.0,32.0,5.0,2.0,0.0,2.0,2.0,1.0,2.0,0.0,99.0,11.0,6.0,2.0,0.0,0.0,2.0,2.0,2.0,2.0,5.0,1.0,1.0,1.0,1.0,0.0,1.0,0.0,1.0,1.0,32.0,0
3.0,1.0,32.0,5.0,1.0,1.0,2.0,0.0,2.0,1.0,1.0,1.0,2.0,1024.0,3.0,2.0,1.0,0.0,4.0,0.0,2.0,0.0,2.0,1.0,2.0,2.0,0.0,6.0,11.0,2.0,2.0,0.0,0.0,1.0,2.0,2.0,2.0,0.0,1.0,1.0,1.0,1.0,0.0,1.0,0.0,1.0,1.0,32.0,0
1.0,2.0,43.0,5.0,1.0,1.0,1.0,2.0,7.0,2.0,1.0,1.0,5.0,1849.0,3.0,3.0,1.0,0.0,60.0,0.0,2.0,0.0,2.0,2.0,1.0,2.0,0.0,12.0,11.0,6.0,2.0,0.0,0.0,2.0,2.0,2.0,2.0,5.0,1.0,1.0,1.0,1.0,0.0,1.0,0.0,1.0,1.0,32.0,0
1.0,2.0,52.0,5.0,1.0,1.0,2.0,0.0,4.0,2.0,4.0,1.0,3.0,2704.0,3.0,2.0,1.0,0.0,30.0,0.0,2.0,0.0,2.0,2.0,2.0,1.0,1.0,0.0,0.0,0.0,0.0,0.0,0.0,1.0,2.0,2.0,1.0,0.0,1.0,1.0,1.0,1.0,0.0,2.0,1.0,1.0,4.0,33.0,1
1.0,1.0,51.0,5.0,1.0,1.0,2.0,0.0,4.0,2.0,1.0,1.0,3.0,2601.0,1.0,2.0,1.0,0.0,40.0,0.0,2.0,0.0,2.0,2.0,2.0,2.0,0.0,2.0,8.0,0.0,0.0,0.0,0.0,0.0,0.0,0.0,0.0,0.0,0.0,0.0,0.0,0.0,0.0,0.0,0.0,0.0,0.0,33.0,0
1.0,2.0,40.0,5.0,1.0,1.0,2.0,0.0,7.0,1.0,1.0,1.0,6.0,1600.0,3.0,3.0,2.0,2.0,40.0,6.0,2.0,0.0,2.0,2.0,2.0,2.0,0.0,7.0,11.0,6.0,2.0,0.0,0.0,2.0,2.0,2.0,2.0,5.0,1.0,1.0,1.0,1.0,0.0,1.0,0.0,1.0,1.0,33.0,0
1.0,2.0,54.0,2.0,1.0,1.0,2.0,0.0,4.0,2.0,1.0,1.0,3.0,2916.0,2.0,2.0,1.0,0.0,30.0,0.0,2.0,0.0,2.0,2.0,2.0,2.0,0.0,1.0,6.0,0.0,0.0,0.0,0.0,0.0,0.0,0.0,0.0,0.0,0.0,0.0,0.0,0.0,0.0,0.0,0.0,0.0,0.0,33.0,0
2.0,1.0,56.0,2.0,1.0,1.0,2.0,0.0,2.0,1.0,1.0,1.0,2.0,3136.0,3.0,2.0,1.0,0.0,40.0,0.0,2.0,0.0,2.0,2.0,1.0,2.0,0.0,99.0,11.0,6.0,2.0,0.0,0.0,2.0,2.0,2.0,2.0,5.0,1.0,1.0,1.0,1.0,0.0,1.0,0.0,1.0,1.0,33.0,0
1.0,1.0,55.0,2.0,1.0,1.0,2.0,0.0,4.0,1.0,1.0,1.0,4.0,3025.0,3.0,2.0,1.0,0.0,45.0,0.0,2.0,0.0,2.0,2.0,2.0,2.0,0.0,99.0,4.0,6.0,2.0,0.0,0.0,2.0,2.0,2.0,2.0,5.0,1.0,2.0,2.0,2.0,0.0,1.0,0.0,1.0,1.0,33.0,0
1.0,1.0,40.0,2.0,1.0,1.0,2.0,0.0,6.0,1.0,1.0,1.0,6.0,1600.0,3.0,1.0,1.0,0.0,16.0,0.0,1.0,1.0,1.0,1.0,2.0,2.0,0.0,99.0,11.0,6.0,2.0,0.0,0.0,2.0,2.0,2.0,2.0,5.0,1.0,1.0,1.0,1.0,0.0,1.0,0.0,1.0,1.0,33.0,0
2.0,2.0,42.0,2.0,1.0,1.0,2.0,0.0,6.0,1.0,1.0,1.0,6.0,1764.0,3.0,2.0,2.0,3.0,40.0,0.0,2.0,0.0,2.0,2.0,1.0,2.0,0.0,99.0,11.0,5.0,2.0,0.0,0.0,2.0,2.0,2.0,2.0,5.0,1.0,1.0,1.0,1.0,0.0,1.0,0.0,1.0,1.0,33.0,0
3.0,1.0,47.0,5.0,4.0,1.0,2.0,0.0,4.0,1.0,1.0,1.0,4.0,2209.0,2.0,1.0,2.0,2.0,12.0,12.0,1.0,1.0,1.0,1.0,2.0,2.0,0.0,99.0,8.0,0.0,0.0,0.0,0.0,0.0,0.0,0.0,0.0,0.0,0.0,0.0,0.0,0.0,0.0,0.0,0.0,0.0,0.0,33.0,0
1.0,2.0,68.0,4.0,1.0,1.0,2.0,0.0,2.0,2.0,4.0,1.0,1.0,4624.0,3.0,2.0,2.0,2.0,18.0,16.0,2.0,0.0,2.0,2.0,2.0,1.0,2.0,0.0,0.0,0.0,0.0,0.0,0.0,1.0,2.0,2.0,2.0,0.0,1.0,1.0,1.0,1.0,0.0,1.0,0.0,1.0,1.0,33.0,0
3.0,1.0,35.0,5.0,1.0,1.0,1.0,1.0,7.0,2.0,4.0,1.0,5.0,1225.0,2.0,1.0,1.0,0.0,24.0,0.0,1.0,1.0,1.0,1.0,2.0,2.0,0.0,1.0,6.0,0.0,0.0,0.0,0.0,0.0,0.0,0.0,0.0,0.0,0.0,0.0,0.0,0.0,0.0,0.0,0.0,0.0,0.0,33.0,0
1.0,1.0,56.0,2.0,1.0,1.0,2.0,0.0,2.0,1.0,3.0,1.0,2.0,3136.0,3.0,3.0,1.0,0.0,48.0,0.0,2.0,0.0,2.0,2.0,2.0,2.0,0.0,8.0,11.0,6.0,2.0,0.0,0.0,1.0,2.0,2.0,2.0,0.0,1.0,1.0,1.0,1.0,0.0,1.0,0.0,3.0,1.0,33.0,0
2.0,2.0,50.0,2.0,1.0,1.0,2.0,0.0,6.0,1.0,3.0,1.0,6.0,2500.0,3.0,2.0,1.0,0.0,40.0,0.0,2.0,0.0,2.0,2.0,2.0,2.0,0.0,6.0,11.0,6.0,2.0,0.0,0.0,2.0,2.0,2.0,2.0,5.0,1.0,1.0,1.0,1.0,0.0,1.0,0.0,1.0,1.0,33.0,0
4.0,1.0,30.0,1.0,1.0,1.0,2.0,0.0,4.0,2.0,3.0,1.0,3.0,900.0,3.0,3.0,1.0,0.0,48.0,0.0,2.0,0.0,2.0,2.0,2.0,2.0,0.0,6.0,4.0,5.0,2.0,0.0,0.0,2.0,2.0,2.0,2.0,5.0,1.0,1.0,1.0,1.0,0.0,1.0,0.0,1.0,1.0,33.0,0
1.0,1.0,45.0,3.0,1.0,1.0,2.0,0.0,4.0,1.0,1.0,1.0,4.0,2025.0,1.0,2.0,1.0,0.0,42.0,0.0,2.0,0.0,2.0,2.0,2.0,2.0,0.0,6.0,8.0,0.0,0.0,0.0,0.0,0.0,0.0,0.0,0.0,0.0,0.0,0.0,0.0,0.0,0.0,0.0,0.0,0.0,0.0,33.0,0
3.0,1.0,22.0,1.0,1.0,1.0,2.0,0.0,4.0,1.0,1.0,1.0,4.0,484.0,3.0,3.0,1.0,0.0,51.0,0.0,2.0,0.0,2.0,2.0,2.0,2.0,0.0,6.0,8.0,2.0,2.0,0.0,0.0,2.0,2.0,2.0,2.0,5.0,1.0,1.0,1.0,1.0,0.0,1.0,0.0,1.0,1.0,33.0,0
8.0,2.0,22.0,1.0,1.0,1.0,2.0,0.0,4.0,1.0,1.0,1.0,4.0,484.0,3.0,3.0,1.0,0.0,55.0,0.0,2.0,0.0,2.0,2.0,2.0,1.0,1.0,0.0,0.0,0.0,0.0,0.0,0.0,1.0,2.0,2.0,2.0,0.0,2.0,2.0,2.0,2.0,5.0,2.0,2.0,1.0,4.0,33.0,1
3.0,2.0,65.0,3.0,1.0,1.0,2.0,0.0,4.0,1.0,1.0,1.0,4.0,4225.0,3.0,2.0,1.0,0.0,30.0,0.0,2.0,0.0,2.0,2.0,2.0,2.0,0.0,7.0,11.0,6.0,2.0,0.0,0.0,2.0,2.0,2.0,2.0,5.0,1.0,1.0,1.0,1.0,0.0,1.0,0.0,1.0,1.0,33.0,0
2.0,1.0,43.0,2.0,4.0,1.0,1.0,1.0,7.0,2.0,1.0,1.0,5.0,1849.0,3.0,2.0,1.0,0.0,40.0,0.0,2.0,0.0,2.0,2.0,2.0,2.0,0.0,8.0,5.0,5.0,9.0,9.0,4.0,2.0,2.0,2.0,2.0,5.0,2.0,2.0,2.0,2.0,5.0,2.0,2.0,1.0,4.0,33.0,1
4.0,1.0,41.0,2.0,1.0,1.0,2.0,0.0,4.0,1.0,1.0,1.0,4.0,1681.0,3.0,3.0,1.0,0.0,56.0,0.0,2.0,0.0,2.0,1.0,2.0,2.0,0.0,99.0,9.0,6.0,2.0,0.0,0.0,2.0,2.0,2.0,2.0,5.0,1.0,1.0,1.0,1.0,0.0,1.0,0.0,1.0,1.0,33.0,0
3.0,2.0,30.0,2.0,1.0,1.0,2.0,0.0,6.0,1.0,1.0,1.0,6.0,900.0,3.0,2.0,1.0,0.0,30.0,0.0,2.0,0.0,2.0,1.0,1.0,2.0,0.0,12.0,11.0,5.0,2.0,0.0,0.0,2.0,2.0,2.0,2.0,5.0,1.0,2.0,1.0,2.0,0.0,2.0,1.0,2.0,3.0,33.0,1
1.0,1.0,41.0,5.0,1.0,1.0,2.0,0.0,4.0,1.0,1.0,1.0,4.0,1681.0,2.0,3.0,2.0,2.0,39.0,30.0,2.0,0.0,2.0,2.0,2.0,2.0,0.0,1.0,11.0,0.0,0.0,0.0,0.0,0.0,0.0,0.0,0.0,0.0,0.0,0.0,0.0,0.0,0.0,0.0,0.0,0.0,0.0,33.0,0
3.0,1.0,22.0,5.0,1.0,1.0,1.0,1.0,6.0,2.0,1.0,1.0,5.0,484.0,3.0,2.0,1.0,0.0,35.0,0.0,2.0,0.0,2.0,2.0,2.0,2.0,0.0,99.0,11.0,5.0,2.0,0.0,0.0,2.0,2.0,2.0,2.0,5.0,2.0,2.0,2.0,2.0,5.0,2.0,2.0,1.0,3.0,33.0,1
1.0,1.0,46.0,1.0,1.0,1.0,2.0,0.0,2.0,1.0,1.0,1.0,2.0,2116.0,3.0,2.0,1.0,0.0,40.0,0.0,2.0,0.0,2.0,2.0,1.0,2.0,0.0,99.0,11.0,6.0,2.0,0.0,0.0,2.0,2.0,2.0,2.0,5.0,1.0,1.0,1.0,1.0,0.0,1.0,0.0,1.0,1.0,33.0,0
1.0,1.0,27.0,2.0,1.0,1.0,2.0,0.0,6.0,1.0,2.0,1.0,6.0,729.0,3.0,2.0,1.0,0.0,35.0,0.0,2.0,0.0,2.0,2.0,2.0,2.0,0.0,99.0,11.0,6.0,2.0,0.0,0.0,1.0,2.0,2.0,2.0,0.0,1.0,1.0,1.0,1.0,0.0,1.0,0.0,1.0,1.0,32.0,0
2.0,2.0,32.0,2.0,1.0,1.0,2.0,0.0,6.0,1.0,2.0,1.0,6.0,1024.0,3.0,2.0,1.0,0.0,30.0,0.0,2.0,0.0,2.0,2.0,2.0,2.0,0.0,99.0,11.0,6.0,2.0,0.0,0.0,1.0,2.0,2.0,2.0,0.0,1.0,1.0,1.0,1.0,0.0,1.0,0.0,1.0,1.0,32.0,0
1.0,2.0,28.0,5.0,4.0,1.0,2.0,0.0,4.0,1.0,3.0,1.0,4.0,784.0,3.0,2.0,1.0,0.0,40.0,0.0,2.0,0.0,2.0,2.0,2.0,2.0,0.0,5.0,11.0,2.0,2.0,0.0,0.0,1.0,2.0,1.0,2.0,0.0,2.0,2.0,2.0,2.0,5.0,2.0,2.0,1.0,4.0,32.0,1
1.0,1.0,34.0,1.0,1.0,1.0,2.0,0.0,6.0,2.0,1.0,1.0,5.0,1156.0,3.0,2.0,1.0,0.0,40.0,0.0,2.0,0.0,2.0,2.0,2.0,2.0,0.0,99.0,6.0,5.0,2.0,0.0,0.0,2.0,2.0,2.0,2.0,5.0,1.0,1.0,1.0,1.0,0.0,1.0,0.0,1.0,1.0,33.0,0
1.0,2.0,74.0,2.0,1.0,1.0,2.0,0.0,6.0,1.0,1.0,1.0,6.0,5476.0,3.0,2.0,1.0,0.0,40.0,0.0,2.0,0.0,2.0,1.0,1.0,2.0,0.0,7.0,11.0,6.0,2.0,0.0,0.0,2.0,2.0,2.0,2.0,5.0,1.0,1.0,1.0,1.0,0.0,1.0,0.0,1.0,1.0,33.0,0
2.0,1.0,56.0,2.0,1.0,1.0,2.0,0.0,6.0,1.0,1.0,1.0,6.0,3136.0,3.0,2.0,1.0,0.0,40.0,0.0,2.0,0.0,2.0,2.0,1.0,2.0,0.0,7.0,11.0,6.0,2.0,0.0,0.0,2.0,2.0,2.0,2.0,5.0,1.0,1.0,1.0,1.0,0.0,1.0,0.0,1.0,1.0,33.0,0
1.0,2.0,58.0,3.0,1.0,1.0,2.0,0.0,6.0,1.0,1.0,1.0,6.0,3364.0,3.0,3.0,1.0,0.0,56.0,0.0,2.0,0.0,2.0,2.0,2.0,2.0,0.0,8.0,11.0,6.0,2.0,0.0,0.0,2.0,2.0,2.0,2.0,5.0,1.0,1.0,1.0,1.0,0.0,1.0,0.0,1.0,1.0,33.0,0
3.0,2.0,25.0,5.0,1.0,1.0,2.0,0.0,7.0,1.0,1.0,1.0,6.0,625.0,3.0,2.0,1.0,0.0,45.0,0.0,2.0,0.0,2.0,2.0,2.0,2.0,0.0,9.0,11.0,5.0,2.0,0.0,0.0,2.0,2.0,2.0,2.0,5.0,1.0,1.0,1.0,1.0,0.0,1.0,0.0,1.0,1.0,33.0,0
1.0,1.0,54.0,1.0,1.0,1.0,2.0,0.0,4.0,1.0,1.0,1.0,4.0,2916.0,3.0,1.0,1.0,0.0,30.0,0.0,1.0,1.0,1.0,2.0,1.0,2.0,0.0,99.0,11.0,6.0,2.0,0.0,0.0,2.0,2.0,2.0,2.0,5.0,1.0,1.0,1.0,1.0,0.0,1.0,0.0,1.0,1.0,33.0,0
2.0,2.0,52.0,1.0,1.0,1.0,2.0,0.0,4.0,1.0,1.0,1.0,4.0,2704.0,3.0,1.0,1.0,0.0,30.0,0.0,1.0,1.0,1.0,2.0,1.0,2.0,0.0,99.0,11.0,6.0,2.0,0.0,0.0,2.0,2.0,2.0,2.0,5.0,1.0,1.0,1.0,1.0,0.0,1.0,0.0,1.0,1.0,33.0,0
2.0,2.0,42.0,2.0,1.0,1.0,2.0,0.0,7.0,1.0,3.0,1.0,6.0,1764.0,3.0,2.0,1.0,0.0,35.0,0.0,2.0,0.0,2.0,2.0,1.0,2.0,0.0,99.0,11.0,6.0,2.0,0.0,0.0,2.0,2.0,2.0,2.0,5.0,1.0,1.0,1.0,1.0,0.0,1.0,0.0,1.0,1.0,33.0,0
1.0,1.0,34.0,2.0,1.0,1.0,2.0,0.0,7.0,2.0,1.0,1.0,5.0,1156.0,2.0,2.0,1.0,0.0,40.0,0.0,2.0,0.0,2.0,2.0,2.0,2.0,0.0,1.0,12.0,0.0,0.0,0.0,0.0,0.0,0.0,0.0,0.0,0.0,0.0,0.0,0.0,0.0,0.0,0.0,0.0,0.0,0.0,33.0,0
1.0,2.0,56.0,4.0,4.0,1.0,2.0,0.0,2.0,2.0,4.0,1.0,1.0,3136.0,2.0,1.0,1.0,0.0,24.0,0.0,1.0,1.0,1.0,1.0,2.0,2.0,0.0,1.0,9.0,0.0,0.0,0.0,0.0,0.0,0.0,0.0,0.0,0.0,0.0,0.0,0.0,0.0,0.0,0.0,0.0,0.0,0.0,33.0,0
3.0,2.0,29.0,5.0,4.0,1.0,2.0,0.0,4.0,1.0,3.0,1.0,4.0,841.0,2.0,1.0,1.0,0.0,6.0,0.0,1.0,1.0,1.0,1.0,2.0,2.0,0.0,1.0,9.0,0.0,0.0,0.0,0.0,0.0,0.0,0.0,0.0,0.0,0.0,0.0,0.0,0.0,0.0,0.0,0.0,0.0,0.0,33.0,0
3.0,1.0,22.0,5.0,1.0,1.0,2.0,0.0,4.0,1.0,3.0,1.0,4.0,484.0,3.0,3.0,1.0,0.0,48.0,0.0,2.0,0.0,2.0,2.0,2.0,2.0,0.0,5.0,11.0,5.0,2.0,0.0,0.0,2.0,2.0,2.0,2.0,5.0,1.0,1.0,1.0,1.0,0.0,1.0,0.0,1.0,1.0,33.0,0
10.0,2.0,45.0,5.0,4.0,1.0,2.0,0.0,4.0,1.0,3.0,1.0,4.0,2025.0,3.0,3.0,1.0,0.0,96.0,0.0,2.0,0.0,2.0,2.0,2.0,1.0,1.0,0.0,0.0,0.0,0.0,0.0,0.0,1.0,2.0,2.0,2.0,0.0,2.0,2.0,2.0,2.0,5.0,2.0,2.0,3.0,4.0,33.0,1
1.0,1.0,61.0,2.0,1.0,1.0,2.0,0.0,2.0,1.0,3.0,1.0,2.0,3721.0,3.0,3.0,1.0,0.0,48.0,0.0,2.0,0.0,2.0,2.0,1.0,2.0,0.0,99.0,11.0,6.0,2.0,0.0,0.0,2.0,2.0,2.0,2.0,5.0,1.0,1.0,1.0,1.0,0.0,1.0,0.0,1.0,1.0,33.0,0
1.0,1.0,29.0,1.0,4.0,1.0,2.0,0.0,4.0,2.0,1.0,1.0,3.0,841.0,3.0,3.0,1.0,0.0,72.0,0.0,2.0,0.0,2.0,1.0,2.0,2.0,0.0,5.0,4.0,6.0,2.0,0.0,0.0,1.0,2.0,2.0,1.0,0.0,2.0,2.0,2.0,2.0,5.0,2.0,2.0,3.0,4.0,33.0,1
1.0,1.0,44.0,2.0,1.0,1.0,2.0,0.0,6.0,2.0,1.0,1.0,5.0,1936.0,2.0,2.0,1.0,0.0,40.0,0.0,2.0,0.0,2.0,2.0,2.0,2.0,0.0,4.0,11.0,0.0,0.0,0.0,0.0,0.0,0.0,0.0,0.0,0.0,0.0,0.0,0.0,0.0,0.0,0.0,0.0,0.0,0.0,33.0,0
1.0,1.0,67.0,3.0,4.0,1.0,2.0,0.0,2.0,2.0,4.0,1.0,1.0,4489.0,2.0,1.0,1.0,0.0,24.0,0.0,1.0,1.0,1.0,1.0,2.0,2.0,0.0,1.0,8.0,0.0,0.0,0.0,0.0,0.0,0.0,0.0,0.0,0.0,0.0,0.0,0.0,0.0,0.0,0.0,0.0,0.0,0.0,33.0,0
1.0,1.0,33.0,5.0,1.0,1.0,2.0,0.0,7.0,2.0,1.0,1.0,5.0,1089.0,3.0,2.0,1.0,0.0,28.0,0.0,2.0,0.0,2.0,2.0,2.0,2.0,0.0,12.0,11.0,5.0,2.0,0.0,0.0,1.0,2.0,2.0,2.0,0.0,1.0,1.0,1.0,1.0,0.0,1.0,0.0,1.0,1.0,33.0,0
1.0,1.0,36.0,1.0,1.0,1.0,2.0,0.0,4.0,1.0,1.0,1.0,4.0,1296.0,2.0,3.0,1.0,0.0,48.0,0.0,2.0,0.0,2.0,2.0,2.0,2.0,0.0,3.0,11.0,0.0,0.0,0.0,0.0,0.0,0.0,0.0,0.0,0.0,0.0,0.0,0.0,0.0,0.0,0.0,0.0,0.0,0.0,33.0,0
1.0,1.0,45.0,2.0,4.0,1.0,2.0,0.0,7.0,2.0,1.0,1.0,5.0,2025.0,3.0,2.0,1.0,0.0,40.0,0.0,1.0,1.0,1.0,1.0,2.0,2.0,0.0,12.0,6.0,5.0,1.0,9.0,3.0,2.0,2.0,2.0,2.0,5.0,2.0,2.0,2.0,2.0,5.0,2.0,2.0,1.0,4.0,33.0,1
3.0,1.0,51.0,5.0,4.0,1.0,2.0,0.0,99.0,2.0,1.0,1.0,6.0,2601.0,3.0,3.0,1.0,0.0,72.0,0.0,2.0,0.0,2.0,2.0,2.0,2.0,0.0,6.0,4.0,5.0,2.0,0.0,0.0,2.0,2.0,2.0,2.0,5.0,2.0,2.0,2.0,2.0,5.0,2.0,2.0,1.0,4.0,32.0,1
1.0,1.0,45.0,2.0,1.0,1.0,2.0,0.0,4.0,1.0,1.0,1.0,4.0,2025.0,3.0,3.0,1.0,0.0,70.0,0.0,2.0,0.0,2.0,2.0,2.0,2.0,0.0,99.0,11.0,6.0,2.0,0.0,0.0,2.0,2.0,2.0,2.0,5.0,1.0,1.0,1.0,1.0,0.0,1.0,0.0,1.0,1.0,32.0,0
2.0,2.0,50.0,2.0,1.0,1.0,2.0,0.0,6.0,2.0,1.0,1.0,5.0,2500.0,3.0,2.0,1.0,0.0,30.0,0.0,2.0,0.0,2.0,2.0,1.0,2.0,0.0,12.0,11.0,6.0,2.0,0.0,0.0,2.0,2.0,2.0,2.0,5.0,1.0,1.0,1.0,1.0,0.0,1.0,0.0,1.0,1.0,32.0,0
1.0,2.0,45.0,1.0,1.0,1.0,1.0,1.0,7.0,2.0,4.0,1.0,5.0,2025.0,3.0,2.0,1.0,0.0,45.0,0.0,2.0,0.0,2.0,2.0,2.0,2.0,0.0,12.0,12.0,6.0,2.0,0.0,0.0,2.0,2.0,2.0,2.0,5.0,1.0,1.0,1.0,1.0,0.0,1.0,0.0,1.0,1.0,33.0,0
2.0,1.0,36.0,1.0,1.0,1.0,2.0,0.0,4.0,1.0,1.0,1.0,4.0,1296.0,3.0,3.0,1.0,0.0,63.0,0.0,2.0,0.0,2.0,1.0,2.0,2.0,0.0,11.0,11.0,6.0,2.0,0.0,0.0,2.0,2.0,2.0,2.0,5.0,1.0,1.0,2.0,1.0,0.0,1.0,0.0,3.0,1.0,33.0,0
1.0,1.0,43.0,1.0,4.0,1.0,2.0,0.0,4.0,1.0,4.0,1.0,4.0,1849.0,2.0,3.0,1.0,0.0,48.0,0.0,2.0,0.0,2.0,2.0,2.0,2.0,0.0,99.0,3.0,0.0,0.0,0.0,0.0,0.0,0.0,0.0,0.0,0.0,0.0,0.0,0.0,0.0,0.0,0.0,0.0,0.0,0.0,33.0,0
1.0,1.0,39.0,2.0,1.0,1.0,2.0,0.0,7.0,1.0,1.0,1.0,6.0,1521.0,2.0,3.0,2.0,2.0,49.0,10.0,2.0,0.0,2.0,2.0,2.0,2.0,0.0,1.0,11.0,0.0,0.0,0.0,0.0,0.0,0.0,0.0,0.0,0.0,0.0,0.0,0.0,0.0,0.0,0.0,0.0,0.0,0.0,33.0,0
2.0,2.0,36.0,2.0,1.0,1.0,2.0,0.0,8.0,2.0,1.0,1.0,6.0,1296.0,3.0,2.0,1.0,0.0,45.0,0.0,2.0,0.0,2.0,2.0,2.0,2.0,0.0,8.0,11.0,6.0,2.0,0.0,0.0,2.0,2.0,2.0,2.0,5.0,1.0,1.0,1.0,1.0,0.0,1.0,0.0,1.0,1.0,33.0,0
1.0,1.0,48.0,1.0,1.0,1.0,2.0,0.0,7.0,1.0,1.0,1.0,6.0,2304.0,2.0,3.0,1.0,0.0,48.0,0.0,1.0,1.0,1.0,1.0,2.0,2.0,0.0,2.0,11.0,0.0,0.0,0.0,0.0,0.0,0.0,0.0,0.0,0.0,0.0,0.0,0.0,0.0,0.0,0.0,0.0,0.0,0.0,33.0,0
2.0,2.0,50.0,1.0,1.0,1.0,2.0,0.0,7.0,1.0,1.0,1.0,6.0,2500.0,3.0,4.0,0.0,0.0,0.0,0.0,2.0,0.0,2.0,2.0,1.0,2.0,0.0,7.0,11.0,6.0,2.0,0.0,0.0,2.0,2.0,2.0,2.0,5.0,1.0,1.0,1.0,1.0,0.0,1.0,0.0,1.0,1.0,33.0,0
3.0,1.0,26.0,5.0,4.0,1.0,2.0,0.0,4.0,2.0,4.0,1.0,3.0,676.0,3.0,2.0,1.0,0.0,8.0,0.0,2.0,0.0,2.0,2.0,2.0,2.0,0.0,3.0,8.0,1.0,1.0,1.0,4.0,2.0,2.0,2.0,2.0,5.0,2.0,2.0,2.0,2.0,5.0,2.0,2.0,1.0,4.0,33.0,1
1.0,1.0,41.0,5.0,1.0,1.0,2.0,0.0,7.0,2.0,1.0,1.0,5.0,1681.0,3.0,2.0,1.0,0.0,36.0,0.0,2.0,0.0,2.0,2.0,2.0,2.0,0.0,99.0,11.0,6.0,2.0,0.0,0.0,2.0,2.0,2.0,2.0,5.0,1.0,1.0,1.0,1.0,0.0,1.0,0.0,1.0,1.0,33.0,0
2.0,2.0,39.0,1.0,1.0,1.0,2.0,0.0,4.0,1.0,1.0,1.0,4.0,1521.0,2.0,3.0,1.0,0.0,48.0,0.0,2.0,0.0,2.0,2.0,2.0,2.0,0.0,1.0,11.0,0.0,0.0,0.0,0.0,0.0,0.0,0.0,0.0,0.0,0.0,0.0,0.0,0.0,0.0,0.0,0.0,0.0,0.0,33.0,0
6.0,2.0,63.0,4.0,1.0,1.0,2.0,0.0,6.0,1.0,3.0,1.0,6.0,3969.0,3.0,2.0,2.0,2.0,25.0,20.0,2.0,0.0,2.0,2.0,1.0,2.0,0.0,8.0,11.0,6.0,2.0,0.0,0.0,2.0,2.0,2.0,2.0,5.0,1.0,1.0,1.0,1.0,0.0,1.0,0.0,1.0,1.0,33.0,0
1.0,2.0,47.0,3.0,4.0,1.0,2.0,0.0,4.0,2.0,1.0,1.0,3.0,2209.0,3.0,1.0,2.0,2.0,19.0,2.0,1.0,1.0,1.0,2.0,2.0,2.0,0.0,5.0,11.0,5.0,2.0,0.0,0.0,1.0,2.0,2.0,2.0,0.0,2.0,2.0,2.0,2.0,5.0,2.0,2.0,1.0,4.0,33.0,1
1.0,2.0,36.0,3.0,4.0,1.0,2.0,0.0,4.0,2.0,4.0,1.0,3.0,1296.0,3.0,2.0,1.0,0.0,45.0,0.0,2.0,0.0,2.0,2.0,2.0,2.0,0.0,5.0,11.0,5.0,2.0,0.0,0.0,2.0,2.0,2.0,2.0,5.0,2.0,2.0,2.0,2.0,5.0,2.0,2.0,1.0,4.0,33.0,1
3.0,1.0,18.0,5.0,4.0,1.0,2.0,0.0,4.0,1.0,1.0,1.0,4.0,324.0,3.0,2.0,1.0,0.0,44.0,0.0,1.0,1.0,2.0,2.0,2.0,2.0,0.0,3.0,11.0,2.0,2.0,0.0,0.0,2.0,2.0,2.0,2.0,5.0,2.0,2.0,2.0,2.0,5.0,2.0,2.0,1.0,4.0,33.0,1
1.0,1.0,86.0,2.0,1.0,1.0,2.0,0.0,2.0,1.0,5.0,1.0,2.0,7396.0,2.0,2.0,1.0,0.0,3.0,0.0,2.0,0.0,2.0,2.0,2.0,2.0,0.0,1.0,4.0,0.0,0.0,0.0,0.0,0.0,0.0,0.0,0.0,0.0,0.0,0.0,0.0,0.0,0.0,0.0,0.0,0.0,0.0,33.0,0
1.0,1.0,44.0,1.0,1.0,1.0,2.0,0.0,4.0,1.0,1.0,1.0,4.0,1936.0,3.0,2.0,1.0,0.0,40.0,0.0,2.0,0.0,2.0,2.0,2.0,2.0,0.0,99.0,11.0,6.0,2.0,0.0,0.0,2.0,2.0,2.0,2.0,5.0,1.0,1.0,1.0,1.0,0.0,1.0,0.0,1.0,1.0,33.0,0
2.0,1.0,61.0,2.0,1.0,1.0,2.0,0.0,6.0,2.0,1.0,1.0,5.0,3721.0,3.0,2.0,1.0,0.0,30.0,0.0,2.0,0.0,2.0,2.0,2.0,2.0,0.0,6.0,11.0,6.0,2.0,0.0,0.0,1.0,2.0,2.0,2.0,0.0,1.0,1.0,1.0,1.0,0.0,1.0,0.0,1.0,1.0,33.0,0
1.0,1.0,35.0,5.0,1.0,1.0,2.0,0.0,4.0,1.0,1.0,1.0,4.0,1225.0,3.0,2.0,1.0,0.0,45.0,0.0,2.0,0.0,2.0,2.0,2.0,2.0,0.0,7.0,4.0,5.0,2.0,0.0,0.0,2.0,2.0,2.0,2.0,5.0,1.0,1.0,1.0,1.0,0.0,1.0,0.0,1.0,1.0,32.0,0
1.0,2.0,50.0,3.0,1.0,1.0,2.0,0.0,8.0,1.0,1.0,1.0,6.0,2500.0,2.0,2.0,1.0,0.0,36.0,0.0,2.0,0.0,2.0,2.0,2.0,2.0,0.0,1.0,11.0,0.0,0.0,0.0,0.0,0.0,0.0,0.0,0.0,0.0,0.0,0.0,0.0,0.0,0.0,0.0,0.0,0.0,0.0,32.0,0
3.0,1.0,27.0,5.0,1.0,1.0,2.0,0.0,4.0,1.0,1.0,1.0,4.0,729.0,3.0,3.0,1.0,0.0,48.0,0.0,2.0,0.0,2.0,2.0,2.0,2.0,0.0,99.0,11.0,2.0,1.0,9.0,4.0,2.0,2.0,2.0,2.0,5.0,1.0,1.0,1.0,1.0,0.0,1.0,0.0,1.0,1.0,32.0,0
3.0,2.0,22.0,5.0,1.0,1.0,1.0,1.0,7.0,2.0,2.0,1.0,5.0,484.0,2.0,1.0,1.0,0.0,4.0,0.0,1.0,1.0,1.0,1.0,2.0,2.0,0.0,1.0,11.0,0.0,0.0,0.0,0.0,0.0,0.0,0.0,0.0,0.0,0.0,0.0,0.0,0.0,0.0,0.0,0.0,0.0,0.0,32.0,0
1.0,2.0,26.0,2.0,2.0,1.0,2.0,0.0,4.0,1.0,1.0,1.0,4.0,676.0,3.0,2.0,1.0,0.0,40.0,0.0,2.0,0.0,2.0,1.0,2.0,2.0,0.0,4.0,11.0,5.0,2.0,0.0,0.0,1.0,2.0,2.0,2.0,0.0,1.0,1.0,1.0,1.0,0.0,1.0,0.0,1.0,1.0,32.0,0
2.0,1.0,26.0,2.0,1.0,1.0,2.0,0.0,4.0,1.0,1.0,1.0,4.0,676.0,1.0,2.0,1.0,0.0,28.0,0.0,2.0,0.0,2.0,1.0,2.0,2.0,0.0,4.0,11.0,0.0,0.0,0.0,0.0,0.0,0.0,0.0,0.0,0.0,0.0,0.0,0.0,0.0,0.0,0.0,0.0,0.0,0.0,32.0,0
1.0,2.0,40.0,3.0,1.0,1.0,2.0,0.0,4.0,1.0,1.0,1.0,4.0,1600.0,3.0,2.0,1.0,0.0,45.0,0.0,2.0,0.0,2.0,1.0,2.0,2.0,0.0,9.0,6.0,6.0,2.0,0.0,0.0,2.0,2.0,2.0,1.0,0.0,1.0,1.0,1.0,1.0,0.0,1.0,0.0,1.0,1.0,32.0,0
1.0,1.0,49.0,1.0,1.0,1.0,2.0,0.0,7.0,1.0,1.0,1.0,6.0,2401.0,3.0,2.0,1.0,0.0,35.0,0.0,2.0,0.0,2.0,2.0,2.0,2.0,0.0,12.0,11.0,6.0,2.0,0.0,0.0,2.0,2.0,2.0,2.0,5.0,1.0,1.0,1.0,1.0,0.0,1.0,0.0,1.0,1.0,32.0,0
2.0,2.0,53.0,1.0,1.0,1.0,2.0,0.0,7.0,1.0,1.0,1.0,6.0,2809.0,3.0,2.0,1.0,0.0,35.0,0.0,2.0,0.0,2.0,2.0,1.0,2.0,0.0,12.0,11.0,6.0,2.0,0.0,0.0,2.0,2.0,2.0,2.0,5.0,1.0,1.0,1.0,1.0,0.0,1.0,0.0,1.0,1.0,32.0,0
2.0,2.0,41.0,1.0,1.0,1.0,2.0,0.0,6.0,1.0,1.0,1.0,6.0,1681.0,3.0,3.0,1.0,0.0,50.0,0.0,2.0,0.0,2.0,2.0,1.0,2.0,0.0,99.0,11.0,6.0,2.0,0.0,0.0,2.0,2.0,2.0,2.0,5.0,1.0,1.0,1.0,1.0,0.0,1.0,0.0,1.0,1.0,33.0,0
5.0,1.0,24.0,5.0,4.0,1.0,1.0,1.0,7.0,2.0,1.0,1.0,5.0,576.0,2.0,1.0,1.0,0.0,12.0,0.0,1.0,1.0,1.0,1.0,2.0,2.0,0.0,1.0,6.0,0.0,0.0,0.0,0.0,0.0,0.0,0.0,0.0,0.0,0.0,0.0,0.0,0.0,0.0,0.0,0.0,0.0,0.0,33.0,0
1.0,1.0,32.0,1.0,1.0,1.0,2.0,0.0,4.0,2.0,1.0,1.0,3.0,1024.0,3.0,3.0,1.0,0.0,50.0,0.0,2.0,0.0,2.0,2.0,2.0,2.0,0.0,7.0,11.0,6.0,2.0,0.0,0.0,2.0,2.0,2.0,2.0,5.0,1.0,1.0,1.0,1.0,0.0,1.0,0.0,1.0,1.0,33.0,0
1.0,1.0,39.0,2.0,1.0,1.0,2.0,0.0,7.0,1.0,1.0,1.0,6.0,1521.0,2.0,3.0,1.0,0.0,54.0,0.0,2.0,0.0,2.0,2.0,2.0,2.0,0.0,1.0,11.0,0.0,0.0,0.0,0.0,0.0,0.0,0.0,0.0,0.0,0.0,0.0,0.0,0.0,0.0,0.0,0.0,0.0,0.0,33.0,0
2.0,2.0,40.0,2.0,1.0,1.0,2.0,0.0,6.0,1.0,1.0,1.0,6.0,1600.0,3.0,2.0,1.0,0.0,25.0,0.0,2.0,0.0,2.0,2.0,2.0,2.0,0.0,9.0,11.0,6.0,2.0,0.0,0.0,2.0,2.0,2.0,2.0,5.0,1.0,1.0,1.0,1.0,0.0,1.0,0.0,1.0,1.0,33.0,0
1.0,1.0,51.0,1.0,4.0,1.0,2.0,0.0,2.0,1.0,1.0,1.0,2.0,2601.0,2.0,3.0,1.0,0.0,51.0,0.0,2.0,0.0,2.0,2.0,2.0,2.0,0.0,1.0,9.0,0.0,0.0,0.0,0.0,0.0,0.0,0.0,0.0,0.0,0.0,0.0,0.0,0.0,0.0,0.0,0.0,0.0,0.0,33.0,0
1.0,1.0,43.0,3.0,1.0,1.0,2.0,0.0,7.0,2.0,5.0,1.0,5.0,1849.0,3.0,2.0,1.0,0.0,40.0,0.0,2.0,0.0,2.0,2.0,2.0,2.0,0.0,9.0,11.0,5.0,2.0,0.0,0.0,1.0,2.0,2.0,2.0,0.0,1.0,1.0,1.0,1.0,0.0,1.0,0.0,1.0,1.0,32.0,0
3.0,2.0,23.0,5.0,4.0,1.0,2.0,0.0,4.0,1.0,1.0,1.0,4.0,529.0,3.0,3.0,1.0,0.0,54.0,0.0,2.0,0.0,2.0,1.0,2.0,2.0,0.0,3.0,11.0,5.0,2.0,0.0,0.0,2.0,2.0,2.0,2.0,5.0,2.0,2.0,2.0,2.0,5.0,2.0,2.0,1.0,4.0,33.0,1
3.0,1.0,27.0,5.0,1.0,1.0,2.0,0.0,6.0,1.0,1.0,1.0,6.0,729.0,3.0,2.0,1.0,0.0,25.0,0.0,2.0,0.0,2.0,2.0,2.0,2.0,0.0,7.0,12.0,3.0,9.0,3.0,2.0,1.0,2.0,2.0,2.0,0.0,1.0,1.0,1.0,1.0,0.0,1.0,0.0,1.0,2.0,33.0,0
1.0,1.0,58.0,2.0,1.0,1.0,2.0,0.0,7.0,1.0,1.0,1.0,6.0,3364.0,3.0,3.0,1.0,0.0,52.0,0.0,2.0,0.0,2.0,2.0,2.0,2.0,0.0,99.0,12.0,6.0,2.0,0.0,0.0,2.0,2.0,2.0,2.0,5.0,1.0,1.0,1.0,1.0,0.0,1.0,0.0,1.0,1.0,33.0,0
3.0,1.0,21.0,5.0,1.0,1.0,1.0,1.0,7.0,2.0,1.0,1.0,5.0,441.0,3.0,2.0,1.0,0.0,28.0,0.0,2.0,0.0,2.0,2.0,2.0,2.0,0.0,12.0,11.0,2.0,1.0,3.0,2.0,2.0,2.0,2.0,2.0,5.0,1.0,1.0,1.0,1.0,0.0,1.0,0.0,1.0,1.0,32.0,0
1.0,2.0,45.0,5.0,1.0,1.0,2.0,0.0,6.0,1.0,3.0,1.0,6.0,2025.0,3.0,4.0,0.0,0.0,0.0,0.0,1.0,1.0,1.0,2.0,1.0,2.0,0.0,7.0,11.0,6.0,2.0,0.0,0.0,2.0,2.0,2.0,2.0,5.0,1.0,1.0,1.0,1.0,0.0,1.0,0.0,1.0,1.0,33.0,0
1.0,1.0,43.0,2.0,4.0,1.0,2.0,0.0,4.0,1.0,1.0,1.0,4.0,1849.0,2.0,2.0,2.0,2.0,40.0,4.0,2.0,0.0,2.0,2.0,2.0,2.0,0.0,1.0,8.0,0.0,0.0,0.0,0.0,0.0,0.0,0.0,0.0,0.0,0.0,0.0,0.0,0.0,0.0,0.0,0.0,0.0,0.0,33.0,0
2.0,2.0,43.0,2.0,2.0,1.0,2.0,0.0,4.0,1.0,1.0,1.0,4.0,1849.0,2.0,2.0,1.0,0.0,20.0,0.0,2.0,0.0,2.0,2.0,2.0,2.0,0.0,1.0,11.0,0.0,0.0,0.0,0.0,0.0,0.0,0.0,0.0,0.0,0.0,0.0,0.0,0.0,0.0,0.0,0.0,0.0,0.0,33.0,0
1.0,2.0,39.0,5.0,4.0,1.0,2.0,0.0,6.0,1.0,1.0,1.0,6.0,1521.0,2.0,2.0,1.0,0.0,33.0,0.0,2.0,0.0,2.0,2.0,2.0,2.0,0.0,1.0,6.0,0.0,0.0,0.0,0.0,0.0,0.0,0.0,0.0,0.0,0.0,0.0,0.0,0.0,0.0,0.0,0.0,0.0,0.0,33.0,0
1.0,1.0,75.0,2.0,12.0,1.0,2.0,0.0,4.0,1.0,1.0,1.0,4.0,5625.0,2.0,2.0,1.0,0.0,40.0,0.0,2.0,0.0,2.0,2.0,2.0,2.0,0.0,1.0,6.0,0.0,0.0,0.0,0.0,0.0,0.0,0.0,0.0,0.0,0.0,0.0,0.0,0.0,0.0,0.0,0.0,0.0,0.0,33.0,0
2.0,1.0,35.0,1.0,1.0,1.0,2.0,0.0,6.0,1.0,1.0,1.0,6.0,1225.0,3.0,2.0,1.0,0.0,26.0,0.0,2.0,0.0,2.0,2.0,2.0,2.0,0.0,3.0,11.0,6.0,2.0,0.0,0.0,2.0,2.0,2.0,2.0,5.0,1.0,1.0,1.0,1.0,0.0,1.0,0.0,1.0,1.0,33.0,0
1.0,2.0,34.0,1.0,1.0,1.0,2.0,0.0,6.0,1.0,1.0,1.0,6.0,1156.0,3.0,2.0,1.0,0.0,28.0,0.0,2.0,0.0,2.0,2.0,2.0,2.0,0.0,99.0,6.0,6.0,2.0,0.0,0.0,2.0,2.0,2.0,1.0,0.0,1.0,1.0,1.0,1.0,0.0,1.0,0.0,1.0,3.0,33.0,0
1.0,1.0,57.0,2.0,1.0,1.0,2.0,0.0,7.0,1.0,1.0,1.0,6.0,3249.0,3.0,2.0,1.0,0.0,32.0,0.0,2.0,0.0,2.0,2.0,3.0,2.0,0.0,99.0,11.0,6.0,2.0,0.0,0.0,2.0,2.0,2.0,2.0,5.0,1.0,1.0,1.0,1.0,0.0,1.0,0.0,1.0,1.0,33.0,0
2.0,2.0,57.0,2.0,1.0,1.0,2.0,0.0,7.0,1.0,1.0,1.0,6.0,3249.0,3.0,2.0,1.0,0.0,24.0,0.0,2.0,0.0,2.0,2.0,2.0,2.0,0.0,5.0,11.0,5.0,9.0,9.0,4.0,2.0,2.0,2.0,2.0,5.0,2.0,2.0,2.0,2.0,5.0,2.0,1.0,1.0,3.0,33.0,1
1.0,1.0,49.0,2.0,1.0,1.0,2.0,0.0,2.0,1.0,3.0,1.0,2.0,2401.0,3.0,3.0,1.0,0.0,48.0,0.0,2.0,0.0,2.0,2.0,2.0,2.0,0.0,99.0,11.0,6.0,2.0,0.0,0.0,2.0,2.0,2.0,2.0,5.0,1.0,1.0,1.0,1.0,0.0,1.0,0.0,1.0,1.0,32.0,0
3.0,2.0,25.0,5.0,1.0,1.0,2.0,0.0,4.0,2.0,1.0,1.0,3.0,625.0,3.0,3.0,1.0,0.0,56.0,0.0,2.0,0.0,2.0,2.0,2.0,2.0,0.0,99.0,11.0,5.0,2.0,0.0,0.0,1.0,2.0,2.0,2.0,0.0,1.0,1.0,1.0,1.0,0.0,1.0,0.0,1.0,1.0,32.0,0
3.0,1.0,22.0,5.0,4.0,1.0,2.0,0.0,4.0,2.0,1.0,1.0,3.0,484.0,3.0,3.0,1.0,0.0,48.0,0.0,2.0,0.0,2.0,2.0,2.0,2.0,0.0,99.0,3.0,5.0,2.0,0.0,0.0,2.0,2.0,2.0,2.0,5.0,2.0,2.0,2.0,2.0,5.0,2.0,2.0,1.0,4.0,32.0,1
3.0,2.0,20.0,5.0,1.0,1.0,2.0,0.0,4.0,1.0,1.0,1.0,4.0,400.0,3.0,3.0,1.0,0.0,48.0,0.0,2.0,0.0,2.0,2.0,2.0,2.0,0.0,99.0,11.0,4.0,2.0,0.0,0.0,2.0,2.0,2.0,2.0,5.0,1.0,1.0,1.0,1.0,0.0,1.0,0.0,1.0,1.0,32.0,0
2.0,1.0,48.0,1.0,1.0,1.0,2.0,0.0,4.0,1.0,1.0,1.0,4.0,2304.0,3.0,3.0,2.0,2.0,60.0,32.0,2.0,0.0,2.0,2.0,1.0,2.0,0.0,99.0,11.0,5.0,2.0,0.0,0.0,2.0,2.0,2.0,2.0,5.0,1.0,1.0,1.0,1.0,0.0,1.0,0.0,3.0,1.0,33.0,0
1.0,1.0,53.0,2.0,1.0,1.0,2.0,0.0,4.0,1.0,1.0,1.0,4.0,2809.0,3.0,3.0,1.0,0.0,48.0,0.0,2.0,0.0,2.0,2.0,2.0,2.0,0.0,12.0,11.0,6.0,2.0,0.0,0.0,2.0,2.0,2.0,1.0,0.0,1.0,1.0,1.0,1.0,0.0,1.0,0.0,2.0,1.0,32.0,0
2.0,2.0,48.0,2.0,1.0,1.0,2.0,0.0,4.0,2.0,1.0,1.0,3.0,2304.0,3.0,2.0,1.0,0.0,45.0,0.0,2.0,0.0,2.0,2.0,2.0,2.0,0.0,7.0,11.0,6.0,2.0,0.0,0.0,2.0,2.0,2.0,2.0,5.0,1.0,1.0,1.0,1.0,0.0,1.0,0.0,1.0,1.0,32.0,0
1.0,1.0,48.0,2.0,1.0,1.0,2.0,0.0,7.0,2.0,1.0,1.0,5.0,2304.0,3.0,2.0,1.0,0.0,40.0,0.0,2.0,0.0,2.0,2.0,2.0,2.0,0.0,6.0,11.0,6.0,2.0,0.0,0.0,1.0,2.0,2.0,2.0,0.0,1.0,1.0,1.0,1.0,0.0,1.0,0.0,1.0,1.0,32.0,0
2.0,2.0,45.0,2.0,1.0,1.0,2.0,0.0,7.0,2.0,3.0,1.0,5.0,2025.0,3.0,2.0,1.0,0.0,40.0,0.0,2.0,0.0,2.0,1.0,2.0,2.0,0.0,7.0,11.0,6.0,2.0,0.0,0.0,2.0,2.0,2.0,2.0,5.0,1.0,1.0,1.0,1.0,0.0,1.0,0.0,1.0,1.0,32.0,0
1.0,2.0,33.0,1.0,1.0,1.0,2.0,0.0,7.0,1.0,4.0,1.0,6.0,1089.0,3.0,2.0,1.0,0.0,35.0,0.0,2.0,0.0,2.0,1.0,2.0,2.0,0.0,7.0,11.0,5.0,2.0,0.0,0.0,2.0,2.0,2.0,2.0,5.0,1.0,1.0,1.0,1.0,0.0,1.0,0.0,1.0,1.0,32.0,0
2.0,1.0,34.0,1.0,4.0,1.0,2.0,0.0,4.0,1.0,1.0,1.0,4.0,1156.0,2.0,1.0,1.0,0.0,32.0,0.0,1.0,1.0,1.0,2.0,2.0,2.0,0.0,1.0,9.0,0.0,0.0,0.0,0.0,0.0,0.0,0.0,0.0,0.0,0.0,0.0,0.0,0.0,0.0,0.0,0.0,0.0,0.0,32.0,0
1.0,2.0,31.0,5.0,1.0,1.0,2.0,0.0,2.0,1.0,4.0,1.0,2.0,961.0,3.0,3.0,1.0,0.0,48.0,0.0,2.0,0.0,2.0,2.0,2.0,1.0,1.0,0.0,0.0,0.0,0.0,0.0,0.0,1.0,1.0,2.0,2.0,0.0,1.0,1.0,1.0,1.0,0.0,1.0,0.0,1.0,1.0,32.0,0
1.0,2.0,59.0,3.0,12.0,1.0,2.0,0.0,6.0,2.0,1.0,1.0,5.0,3481.0,3.0,2.0,1.0,0.0,35.0,0.0,2.0,0.0,2.0,2.0,2.0,2.0,0.0,9.0,11.0,6.0,2.0,0.0,0.0,2.0,2.0,2.0,2.0,5.0,1.0,1.0,1.0,1.0,0.0,1.0,0.0,1.0,1.0,32.0,0
3.0,2.0,20.0,5.0,2.0,1.0,1.0,1.0,7.0,2.0,1.0,1.0,5.0,400.0,2.0,1.0,1.0,0.0,5.0,0.0,1.0,1.0,1.0,1.0,2.0,2.0,0.0,1.0,8.0,0.0,0.0,0.0,0.0,0.0,0.0,0.0,0.0,0.0,0.0,0.0,0.0,0.0,0.0,0.0,0.0,0.0,0.0,32.0,0
1.0,2.0,49.0,5.0,2.0,1.0,2.0,0.0,7.0,2.0,1.0,1.0,5.0,2401.0,2.0,2.0,1.0,0.0,45.0,0.0,2.0,0.0,2.0,2.0,2.0,2.0,0.0,1.0,11.0,0.0,0.0,0.0,0.0,0.0,0.0,0.0,0.0,0.0,0.0,0.0,0.0,0.0,0.0,0.0,0.0,0.0,0.0,32.0,0
1.0,2.0,63.0,3.0,2.0,1.0,2.0,0.0,7.0,1.0,1.0,1.0,6.0,3969.0,3.0,3.0,2.0,3.0,40.0,6.0,2.0,0.0,2.0,2.0,2.0,2.0,0.0,99.0,11.0,5.0,2.0,0.0,0.0,2.0,2.0,2.0,2.0,5.0,2.0,2.0,2.0,2.0,5.0,2.0,1.0,1.0,3.0,32.0,1
1.0,1.0,60.0,5.0,1.0,1.0,2.0,0.0,7.0,1.0,1.0,1.0,6.0,3600.0,3.0,2.0,1.0,0.0,40.0,0.0,2.0,0.0,2.0,2.0,2.0,2.0,0.0,11.0,6.0,5.0,2.0,0.0,0.0,2.0,2.0,2.0,2.0,5.0,1.0,1.0,1.0,1.0,0.0,1.0,0.0,1.0,1.0,32.0,0
1.0,1.0,48.0,2.0,1.0,1.0,2.0,0.0,6.0,1.0,1.0,1.0,6.0,2304.0,2.0,2.0,1.0,0.0,37.0,0.0,1.0,1.0,1.0,2.0,2.0,2.0,0.0,1.0,6.0,0.0,0.0,0.0,0.0,0.0,0.0,0.0,0.0,0.0,0.0,0.0,0.0,0.0,0.0,0.0,0.0,0.0,0.0,33.0,0
2.0,2.0,47.0,2.0,1.0,1.0,2.0,0.0,7.0,1.0,1.0,1.0,6.0,2209.0,3.0,2.0,1.0,0.0,42.0,0.0,1.0,3.0,1.0,1.0,2.0,2.0,0.0,12.0,11.0,6.0,2.0,0.0,0.0,2.0,2.0,2.0,1.0,0.0,1.0,1.0,1.0,1.0,0.0,1.0,0.0,1.0,1.0,33.0,0
2.0,2.0,43.0,2.0,4.0,1.0,2.0,0.0,4.0,1.0,3.0,1.0,4.0,1849.0,2.0,1.0,1.0,0.0,20.0,0.0,1.0,1.0,2.0,2.0,2.0,2.0,0.0,1.0,4.0,0.0,0.0,0.0,0.0,0.0,0.0,0.0,0.0,0.0,0.0,0.0,0.0,0.0,0.0,0.0,0.0,0.0,0.0,33.0,0
3.0,1.0,20.0,5.0,4.0,1.0,2.0,0.0,6.0,1.0,1.0,1.0,6.0,400.0,3.0,2.0,1.0,0.0,44.0,0.0,2.0,0.0,2.0,2.0,2.0,2.0,0.0,99.0,4.0,2.0,9.0,9.0,2.0,2.0,2.0,2.0,2.0,5.0,2.0,2.0,2.0,2.0,5.0,2.0,2.0,1.0,4.0,33.0,1
1.0,1.0,49.0,2.0,1.0,1.0,2.0,0.0,4.0,1.0,1.0,1.0,4.0,2401.0,3.0,2.0,1.0,0.0,40.0,0.0,1.0,1.0,1.0,1.0,2.0,2.0,0.0,1.0,4.0,5.0,2.0,0.0,0.0,2.0,2.0,2.0,2.0,5.0,2.0,2.0,2.0,2.0,5.0,2.0,2.0,1.0,4.0,33.0,1
2.0,2.0,49.0,2.0,1.0,1.0,2.0,0.0,6.0,1.0,1.0,1.0,6.0,2401.0,3.0,2.0,1.0,0.0,32.0,0.0,2.0,0.0,2.0,2.0,1.0,2.0,0.0,8.0,11.0,6.0,2.0,0.0,0.0,2.0,2.0,2.0,2.0,5.0,1.0,1.0,1.0,1.0,0.0,1.0,0.0,1.0,1.0,33.0,0
3.0,2.0,19.0,5.0,1.0,1.0,1.0,1.0,7.0,2.0,1.0,1.0,5.0,361.0,3.0,2.0,1.0,0.0,20.0,0.0,2.0,0.0,2.0,2.0,2.0,2.0,0.0,9.0,11.0,5.0,2.0,0.0,0.0,2.0,2.0,2.0,2.0,5.0,1.0,1.0,1.0,1.0,0.0,1.0,0.0,2.0,1.0,33.0,0
1.0,1.0,53.0,2.0,1.0,1.0,2.0,0.0,6.0,1.0,5.0,1.0,6.0,2809.0,3.0,2.0,1.0,0.0,16.0,0.0,2.0,0.0,2.0,1.0,2.0,2.0,0.0,3.0,11.0,3.0,2.0,0.0,0.0,1.0,2.0,1.0,2.0,0.0,2.0,2.0,2.0,2.0,5.0,2.0,2.0,1.0,4.0,33.0,1
2.0,2.0,49.0,2.0,4.0,1.0,2.0,0.0,4.0,1.0,5.0,1.0,4.0,2401.0,3.0,3.0,2.0,3.0,25.0,35.0,2.0,0.0,2.0,2.0,2.0,1.0,1.0,0.0,0.0,0.0,0.0,0.0,0.0,1.0,2.0,2.0,2.0,0.0,2.0,2.0,2.0,2.0,5.0,2.0,2.0,1.0,4.0,33.0,1
3.0,2.0,23.0,5.0,4.0,1.0,2.0,0.0,4.0,1.0,5.0,1.0,4.0,529.0,3.0,3.0,1.0,0.0,58.0,0.0,2.0,0.0,2.0,2.0,2.0,2.0,0.0,99.0,11.0,5.0,2.0,0.0,0.0,2.0,2.0,2.0,2.0,5.0,1.0,1.0,2.0,2.0,0.0,2.0,2.0,1.0,4.0,33.0,1
9.0,1.0,23.0,5.0,4.0,1.0,2.0,0.0,4.0,1.0,5.0,5.0,4.0,529.0,2.0,1.0,1.0,0.0,3.0,0.0,1.0,1.0,1.0,1.0,2.0,2.0,0.0,2.0,9.0,0.0,0.0,0.0,0.0,0.0,0.0,0.0,0.0,0.0,0.0,0.0,0.0,0.0,0.0,0.0,0.0,0.0,0.0,33.0,0
1.0,2.0,77.0,4.0,1.0,1.0,2.0,0.0,4.0,2.0,1.0,1.0,3.0,5929.0,2.0,2.0,1.0,0.0,9.0,0.0,2.0,0.0,2.0,2.0,2.0,2.0,0.0,1.0,12.0,0.0,0.0,0.0,0.0,0.0,0.0,0.0,0.0,0.0,0.0,0.0,0.0,0.0,0.0,0.0,0.0,0.0,0.0,33.0,0
1.0,1.0,53.0,1.0,4.0,1.0,2.0,0.0,4.0,1.0,4.0,1.0,4.0,2809.0,2.0,2.0,1.0,0.0,30.0,0.0,2.0,0.0,2.0,2.0,2.0,2.0,0.0,1.0,6.0,0.0,0.0,0.0,0.0,0.0,0.0,0.0,0.0,0.0,0.0,0.0,0.0,0.0,0.0,0.0,0.0,0.0,0.0,33.0,0
2.0,2.0,51.0,1.0,4.0,1.0,2.0,0.0,4.0,1.0,3.0,1.0,4.0,2601.0,1.0,2.0,1.0,0.0,40.0,0.0,2.0,0.0,2.0,2.0,2.0,2.0,0.0,4.0,11.0,0.0,0.0,0.0,0.0,0.0,0.0,0.0,0.0,0.0,0.0,0.0,0.0,0.0,0.0,0.0,0.0,0.0,0.0,33.0,0
3.0,1.0,23.0,5.0,1.0,1.0,2.0,0.0,4.0,1.0,1.0,1.0,4.0,529.0,3.0,3.0,1.0,0.0,56.0,0.0,2.0,0.0,2.0,1.0,2.0,2.0,0.0,11.0,11.0,5.0,2.0,0.0,0.0,2.0,2.0,2.0,2.0,5.0,1.0,1.0,1.0,1.0,0.0,1.0,0.0,1.0,1.0,33.0,0
3.0,2.0,19.0,5.0,4.0,1.0,1.0,2.0,6.0,2.0,1.0,1.0,5.0,361.0,3.0,2.0,1.0,0.0,16.0,0.0,2.0,0.0,2.0,2.0,2.0,2.0,0.0,3.0,11.0,5.0,2.0,0.0,0.0,2.0,2.0,1.0,2.0,0.0,2.0,2.0,2.0,2.0,5.0,2.0,2.0,1.0,4.0,33.0,1
1.0,2.0,21.0,5.0,4.0,1.0,2.0,0.0,4.0,2.0,1.0,1.0,3.0,441.0,3.0,1.0,1.0,0.0,30.0,0.0,1.0,1.0,1.0,1.0,2.0,2.0,0.0,7.0,6.0,3.0,1.0,1.0,4.0,2.0,2.0,2.0,2.0,5.0,2.0,2.0,2.0,2.0,5.0,2.0,2.0,1.0,4.0,33.0,1
1.0,1.0,46.0,3.0,1.0,1.0,2.0,0.0,7.0,1.0,1.0,1.0,6.0,2116.0,3.0,2.0,1.0,0.0,40.0,0.0,2.0,0.0,2.0,2.0,1.0,2.0,0.0,12.0,11.0,6.0,2.0,0.0,0.0,2.0,2.0,2.0,2.0,5.0,1.0,1.0,1.0,1.0,0.0,1.0,0.0,1.0,1.0,33.0,0
1.0,1.0,44.0,5.0,1.0,1.0,2.0,0.0,6.0,2.0,1.0,1.0,5.0,1936.0,3.0,3.0,1.0,0.0,46.0,0.0,2.0,0.0,2.0,2.0,2.0,2.0,0.0,9.0,11.0,6.0,2.0,0.0,0.0,2.0,2.0,2.0,2.0,5.0,1.0,1.0,1.0,1.0,0.0,1.0,0.0,1.0,1.0,32.0,0
1.0,2.0,43.0,3.0,1.0,1.0,2.0,0.0,7.0,2.0,1.0,1.0,5.0,1849.0,3.0,3.0,1.0,0.0,48.0,0.0,2.0,0.0,2.0,2.0,2.0,2.0,0.0,11.0,11.0,6.0,2.0,0.0,0.0,2.0,2.0,2.0,2.0,5.0,1.0,1.0,1.0,1.0,0.0,1.0,0.0,3.0,1.0,32.0,0
3.0,1.0,31.0,5.0,1.0,1.0,2.0,0.0,4.0,1.0,1.0,1.0,4.0,961.0,3.0,2.0,1.0,0.0,36.0,0.0,2.0,0.0,2.0,2.0,1.0,2.0,0.0,12.0,4.0,6.0,2.0,0.0,0.0,2.0,2.0,2.0,2.0,5.0,1.0,1.0,1.0,1.0,0.0,1.0,0.0,2.0,1.0,33.0,0
8.0,1.0,22.0,5.0,1.0,1.0,2.0,0.0,7.0,2.0,1.0,1.0,5.0,484.0,3.0,2.0,1.0,0.0,40.0,0.0,1.0,1.0,1.0,1.0,2.0,2.0,0.0,99.0,11.0,5.0,2.0,0.0,0.0,2.0,2.0,2.0,2.0,5.0,1.0,1.0,1.0,1.0,0.0,1.0,0.0,1.0,1.0,33.0,0
1.0,1.0,25.0,1.0,1.0,1.0,2.0,0.0,7.0,2.0,1.0,1.0,5.0,625.0,3.0,2.0,1.0,0.0,40.0,0.0,2.0,0.0,2.0,2.0,2.0,2.0,0.0,7.0,11.0,4.0,2.0,0.0,0.0,2.0,2.0,2.0,2.0,5.0,1.0,1.0,1.0,1.0,0.0,1.0,0.0,1.0,1.0,33.0,0
2.0,2.0,27.0,1.0,1.0,1.0,2.0,0.0,7.0,2.0,1.0,1.0,5.0,729.0,2.0,2.0,1.0,0.0,21.0,0.0,2.0,0.0,2.0,2.0,2.0,2.0,0.0,1.0,12.0,0.0,0.0,0.0,0.0,0.0,0.0,0.0,0.0,0.0,0.0,0.0,0.0,0.0,0.0,0.0,0.0,0.0,0.0,33.0,0
1.0,2.0,54.0,4.0,1.0,1.0,2.0,0.0,7.0,2.0,1.0,1.0,5.0,2916.0,3.0,2.0,2.0,2.0,30.0,10.0,1.0,1.0,1.0,2.0,1.0,2.0,0.0,6.0,11.0,6.0,2.0,0.0,0.0,2.0,2.0,2.0,2.0,5.0,1.0,1.0,1.0,1.0,0.0,1.0,0.0,1.0,1.0,33.0,0
1.0,2.0,47.0,4.0,4.0,1.0,2.0,0.0,4.0,1.0,2.0,1.0,4.0,2209.0,2.0,2.0,1.0,0.0,28.0,0.0,2.0,0.0,2.0,2.0,2.0,2.0,0.0,1.0,9.0,0.0,0.0,0.0,0.0,0.0,0.0,0.0,0.0,0.0,0.0,0.0,0.0,0.0,0.0,0.0,0.0,0.0,0.0,33.0,0
1.0,2.0,44.0,2.0,1.0,1.0,2.0,0.0,7.0,1.0,1.0,1.0,6.0,1936.0,3.0,2.0,1.0,0.0,40.0,0.0,2.0,0.0,2.0,1.0,2.0,2.0,0.0,11.0,11.0,6.0,2.0,0.0,0.0,2.0,2.0,2.0,1.0,0.0,1.0,1.0,1.0,1.0,0.0,1.0,0.0,1.0,1.0,32.0,0
2.0,1.0,47.0,2.0,1.0,1.0,2.0,0.0,6.0,1.0,1.0,1.0,6.0,2209.0,3.0,2.0,2.0,3.0,18.0,12.0,2.0,0.0,2.0,2.0,2.0,2.0,0.0,9.0,11.0,6.0,2.0,0.0,0.0,2.0,2.0,2.0,2.0,5.0,1.0,1.0,1.0,1.0,0.0,1.0,0.0,1.0,1.0,32.0,0
1.0,2.0,47.0,3.0,1.0,1.0,2.0,0.0,7.0,1.0,1.0,1.0,6.0,2209.0,2.0,2.0,1.0,0.0,36.0,0.0,2.0,0.0,2.0,2.0,2.0,2.0,0.0,1.0,11.0,0.0,0.0,0.0,0.0,0.0,0.0,0.0,0.0,0.0,0.0,0.0,0.0,0.0,0.0,0.0,0.0,0.0,0.0,32.0,0
1.0,2.0,48.0,3.0,2.0,1.0,2.0,0.0,7.0,1.0,1.0,1.0,6.0,2304.0,2.0,3.0,1.0,0.0,54.0,0.0,2.0,0.0,2.0,2.0,2.0,2.0,0.0,1.0,12.0,0.0,0.0,0.0,0.0,0.0,0.0,0.0,0.0,0.0,0.0,0.0,0.0,0.0,0.0,0.0,0.0,0.0,0.0,33.0,0
1.0,2.0,45.0,3.0,1.0,1.0,2.0,0.0,7.0,1.0,1.0,1.0,6.0,2025.0,3.0,2.0,1.0,0.0,40.0,0.0,2.0,0.0,2.0,2.0,2.0,2.0,0.0,99.0,11.0,6.0,2.0,0.0,0.0,2.0,2.0,2.0,2.0,5.0,1.0,1.0,1.0,1.0,0.0,1.0,0.0,1.0,1.0,33.0,0
1.0,2.0,54.0,5.0,4.0,1.0,2.0,0.0,7.0,2.0,1.0,1.0,5.0,2916.0,2.0,3.0,1.0,0.0,78.0,0.0,2.0,0.0,2.0,2.0,2.0,2.0,0.0,1.0,11.0,0.0,0.0,0.0,0.0,0.0,0.0,0.0,0.0,0.0,0.0,0.0,0.0,0.0,0.0,0.0,0.0,0.0,0.0,33.0,0
2.0,2.0,71.0,2.0,1.0,1.0,2.0,0.0,6.0,1.0,1.0,1.0,6.0,5041.0,3.0,2.0,1.0,0.0,15.0,0.0,2.0,0.0,2.0,2.0,1.0,2.0,0.0,99.0,11.0,6.0,2.0,0.0,0.0,2.0,2.0,2.0,2.0,5.0,1.0,1.0,1.0,1.0,0.0,1.0,0.0,1.0,1.0,33.0,0
2.0,2.0,51.0,2.0,1.0,1.0,2.0,0.0,4.0,1.0,3.0,1.0,4.0,2601.0,3.0,2.0,1.0,0.0,25.0,0.0,2.0,0.0,2.0,2.0,2.0,1.0,1.0,0.0,0.0,0.0,0.0,0.0,0.0,1.0,2.0,2.0,2.0,0.0,1.0,1.0,1.0,1.0,0.0,1.0,0.0,1.0,1.0,33.0,0
3.0,1.0,24.0,5.0,4.0,1.0,2.0,0.0,4.0,1.0,1.0,1.0,4.0,576.0,3.0,2.0,1.0,0.0,40.0,0.0,2.0,0.0,1.0,1.0,2.0,2.0,0.0,8.0,11.0,5.0,9.0,9.0,4.0,1.0,2.0,2.0,2.0,0.0,1.0,1.0,2.0,2.0,0.0,2.0,2.0,3.0,4.0,33.0,1
1.0,1.0,38.0,1.0,1.0,1.0,9.0,9.0,4.0,1.0,1.0,1.0,3.0,1444.0,3.0,2.0,1.0,0.0,40.0,0.0,2.0,0.0,2.0,2.0,2.0,2.0,0.0,12.0,11.0,6.0,2.0,0.0,0.0,2.0,2.0,2.0,2.0,5.0,1.0,1.0,1.0,1.0,0.0,1.0,0.0,1.0,1.0,33.0,0
2.0,2.0,37.0,1.0,1.0,1.0,9.0,9.0,4.0,1.0,1.0,1.0,2.0,1369.0,3.0,2.0,1.0,0.0,45.0,0.0,2.0,0.0,2.0,2.0,2.0,2.0,0.0,10.0,11.0,6.0,2.0,0.0,0.0,2.0,2.0,2.0,2.0,5.0,1.0,1.0,1.0,1.0,0.0,1.0,0.0,1.0,1.0,33.0,0
2.0,2.0,40.0,2.0,1.0,1.0,2.0,0.0,4.0,1.0,1.0,1.0,4.0,1600.0,3.0,2.0,1.0,0.0,30.0,0.0,2.0,0.0,2.0,2.0,1.0,2.0,0.0,8.0,11.0,6.0,2.0,0.0,0.0,1.0,2.0,2.0,2.0,0.0,1.0,1.0,1.0,1.0,0.0,1.0,0.0,1.0,1.0,33.0,0
3.0,1.0,19.0,5.0,1.0,1.0,2.0,0.0,4.0,1.0,1.0,1.0,4.0,361.0,3.0,2.0,1.0,0.0,30.0,0.0,2.0,0.0,2.0,2.0,1.0,2.0,0.0,11.0,11.0,1.0,2.0,0.0,0.0,2.0,2.0,2.0,2.0,5.0,1.0,1.0,1.0,1.0,0.0,1.0,0.0,1.0,1.0,33.0,0
1.0,1.0,44.0,2.0,1.0,1.0,2.0,0.0,4.0,1.0,1.0,1.0,4.0,1936.0,3.0,3.0,1.0,0.0,54.0,0.0,1.0,1.0,1.0,1.0,2.0,2.0,0.0,99.0,11.0,1.0,2.0,0.0,0.0,1.0,2.0,2.0,2.0,0.0,1.0,1.0,1.0,1.0,0.0,1.0,0.0,1.0,1.0,33.0,0
1.0,2.0,46.0,2.0,1.0,1.0,2.0,0.0,4.0,2.0,1.0,1.0,3.0,2116.0,3.0,1.0,1.0,0.0,6.0,0.0,1.0,1.0,1.0,1.0,2.0,1.0,1.0,0.0,0.0,0.0,0.0,0.0,0.0,1.0,2.0,2.0,1.0,0.0,2.0,2.0,2.0,2.0,5.0,2.0,2.0,1.0,4.0,33.0,1
3.0,2.0,24.0,5.0,1.0,1.0,1.0,1.0,7.0,2.0,1.0,1.0,5.0,576.0,3.0,2.0,1.0,0.0,30.0,0.0,2.0,0.0,2.0,2.0,2.0,2.0,0.0,99.0,11.0,5.0,2.0,0.0,0.0,1.0,2.0,2.0,2.0,0.0,1.0,1.0,1.0,1.0,0.0,1.0,0.0,1.0,1.0,33.0,0
1.0,1.0,39.0,2.0,2.0,1.0,2.0,0.0,6.0,1.0,1.0,1.0,6.0,1521.0,2.0,3.0,1.0,0.0,72.0,0.0,2.0,0.0,2.0,2.0,2.0,2.0,0.0,3.0,11.0,0.0,0.0,0.0,0.0,0.0,0.0,0.0,0.0,0.0,0.0,0.0,0.0,0.0,0.0,0.0,0.0,0.0,0.0,33.0,0
2.0,2.0,37.0,2.0,2.0,1.0,2.0,0.0,7.0,1.0,1.0,1.0,6.0,1369.0,3.0,2.0,1.0,0.0,22.0,0.0,2.0,0.0,2.0,2.0,2.0,2.0,0.0,99.0,11.0,5.0,2.0,0.0,0.0,2.0,2.0,2.0,2.0,5.0,1.0,1.0,1.0,1.0,0.0,1.0,0.0,1.0,1.0,33.0,0
1.0,1.0,69.0,3.0,1.0,1.0,2.0,0.0,6.0,2.0,1.0,1.0,5.0,4761.0,3.0,4.0,0.0,0.0,0.0,0.0,2.0,0.0,2.0,2.0,2.0,2.0,0.0,11.0,11.0,5.0,2.0,0.0,0.0,2.0,2.0,2.0,2.0,5.0,2.0,2.0,2.0,1.0,0.0,2.0,1.0,1.0,4.0,33.0,1
3.0,1.0,25.0,5.0,1.0,1.0,2.0,0.0,6.0,2.0,1.0,1.0,5.0,625.0,3.0,2.0,1.0,0.0,40.0,0.0,2.0,0.0,2.0,2.0,2.0,2.0,0.0,11.0,11.0,5.0,2.0,0.0,0.0,2.0,2.0,2.0,2.0,5.0,2.0,2.0,2.0,1.0,0.0,2.0,1.0,1.0,4.0,33.0,1
1.0,2.0,50.0,5.0,1.0,1.0,2.0,0.0,4.0,1.0,1.0,1.0,4.0,2500.0,3.0,2.0,1.0,0.0,40.0,0.0,2.0,0.0,2.0,2.0,2.0,2.0,0.0,7.0,11.0,6.0,2.0,0.0,0.0,1.0,2.0,2.0,2.0,0.0,1.0,1.0,1.0,1.0,0.0,1.0,0.0,3.0,1.0,33.0,0
8.0,2.0,48.0,5.0,1.0,1.0,2.0,0.0,4.0,1.0,1.0,1.0,4.0,2304.0,3.0,2.0,1.0,0.0,40.0,0.0,2.0,0.0,2.0,2.0,2.0,2.0,0.0,99.0,11.0,6.0,2.0,0.0,0.0,1.0,2.0,2.0,2.0,0.0,1.0,1.0,1.0,1.0,0.0,1.0,0.0,1.0,1.0,33.0,0
1.0,1.0,31.0,5.0,4.0,1.0,1.0,2.0,7.0,2.0,4.0,4.0,5.0,961.0,3.0,2.0,1.0,0.0,40.0,0.0,2.0,0.0,2.0,2.0,2.0,2.0,0.0,8.0,11.0,5.0,2.0,0.0,0.0,2.0,2.0,2.0,2.0,5.0,2.0,2.0,2.0,2.0,5.0,2.0,2.0,3.0,4.0,32.0,1
1.0,2.0,72.0,4.0,1.0,1.0,2.0,0.0,2.0,1.0,3.0,1.0,2.0,5184.0,3.0,2.0,1.0,0.0,12.0,0.0,2.0,0.0,2.0,2.0,2.0,1.0,1.0,0.0,0.0,0.0,0.0,0.0,0.0,1.0,2.0,2.0,1.0,0.0,2.0,2.0,2.0,2.0,5.0,2.0,2.0,1.0,4.0,33.0,1
1.0,2.0,34.0,1.0,4.0,1.0,2.0,0.0,5.0,1.0,1.0,1.0,4.0,1156.0,3.0,3.0,1.0,0.0,56.0,0.0,2.0,0.0,2.0,2.0,2.0,2.0,0.0,5.0,5.0,2.0,1.0,9.0,4.0,2.0,2.0,2.0,2.0,5.0,2.0,2.0,1.0,2.0,0.0,2.0,2.0,1.0,4.0,33.0,1
1.0,1.0,43.0,2.0,1.0,1.0,2.0,0.0,4.0,2.0,3.0,1.0,3.0,1849.0,2.0,1.0,1.0,0.0,24.0,0.0,1.0,1.0,1.0,2.0,2.0,2.0,0.0,2.0,11.0,0.0,0.0,0.0,0.0,0.0,0.0,0.0,0.0,0.0,0.0,0.0,0.0,0.0,0.0,0.0,0.0,0.0,0.0,32.0,0
2.0,2.0,46.0,2.0,1.0,1.0,1.0,1.0,7.0,2.0,1.0,1.0,5.0,2116.0,2.0,1.0,1.0,0.0,24.0,0.0,1.0,1.0,1.0,2.0,2.0,2.0,0.0,2.0,11.0,0.0,0.0,0.0,0.0,0.0,0.0,0.0,0.0,0.0,0.0,0.0,0.0,0.0,0.0,0.0,0.0,0.0,0.0,32.0,0
3.0,1.0,23.0,5.0,1.0,1.0,2.0,0.0,4.0,1.0,1.0,1.0,4.0,529.0,3.0,2.0,1.0,0.0,24.0,0.0,1.0,3.0,1.0,1.0,2.0,2.0,0.0,12.0,11.0,1.0,2.0,0.0,0.0,2.0,2.0,2.0,2.0,5.0,1.0,1.0,1.0,1.0,0.0,1.0,0.0,1.0,1.0,32.0,0
1.0,1.0,43.0,5.0,2.0,1.0,2.0,0.0,7.0,1.0,1.0,1.0,6.0,1849.0,3.0,3.0,1.0,0.0,50.0,0.0,2.0,0.0,2.0,2.0,2.0,2.0,0.0,12.0,6.0,6.0,2.0,0.0,0.0,2.0,2.0,2.0,2.0,5.0,1.0,1.0,1.0,1.0,0.0,1.0,0.0,1.0,1.0,32.0,0
1.0,1.0,76.0,2.0,1.0,1.0,2.0,0.0,8.0,1.0,1.0,1.0,6.0,5776.0,1.0,2.0,1.0,0.0,8.0,0.0,2.0,0.0,2.0,2.0,2.0,2.0,0.0,2.0,11.0,0.0,0.0,0.0,0.0,0.0,0.0,0.0,0.0,0.0,0.0,0.0,0.0,0.0,0.0,0.0,0.0,0.0,0.0,32.0,0
1.0,2.0,47.0,1.0,1.0,1.0,2.0,0.0,8.0,1.0,1.0,1.0,6.0,2209.0,3.0,2.0,1.0,0.0,40.0,0.0,2.0,0.0,2.0,2.0,1.0,2.0,0.0,12.0,11.0,6.0,2.0,0.0,0.0,2.0,2.0,2.0,2.0,5.0,1.0,1.0,1.0,1.0,0.0,1.0,0.0,1.0,1.0,32.0,0
1.0,1.0,23.0,5.0,4.0,1.0,2.0,0.0,4.0,1.0,1.0,1.0,4.0,529.0,2.0,2.0,1.0,0.0,24.0,0.0,2.0,0.0,1.0,1.0,2.0,2.0,0.0,1.0,8.0,0.0,0.0,0.0,0.0,0.0,0.0,0.0,0.0,0.0,0.0,0.0,0.0,0.0,0.0,0.0,0.0,0.0,0.0,32.0,0
3.0,1.0,26.0,5.0,1.0,1.0,2.0,0.0,7.0,1.0,1.0,1.0,6.0,676.0,2.0,2.0,1.0,0.0,30.0,0.0,2.0,0.0,2.0,2.0,2.0,2.0,0.0,1.0,12.0,0.0,0.0,0.0,0.0,0.0,0.0,0.0,0.0,0.0,0.0,0.0,0.0,0.0,0.0,0.0,0.0,0.0,0.0,32.0,0
3.0,2.0,20.0,5.0,1.0,1.0,1.0,2.0,6.0,2.0,1.0,1.0,5.0,400.0,3.0,2.0,1.0,0.0,20.0,0.0,2.0,0.0,2.0,2.0,2.0,2.0,0.0,99.0,11.0,3.0,9.0,9.0,3.0,2.0,2.0,2.0,1.0,0.0,2.0,2.0,2.0,1.0,0.0,2.0,2.0,1.0,4.0,32.0,1
1.0,1.0,61.0,4.0,4.0,1.0,2.0,0.0,2.0,1.0,1.0,1.0,2.0,3721.0,3.0,3.0,2.0,2.0,60.0,8.0,2.0,0.0,2.0,2.0,2.0,2.0,0.0,5.0,11.0,3.0,1.0,9.0,4.0,2.0,2.0,2.0,2.0,5.0,2.0,2.0,2.0,2.0,5.0,2.0,2.0,2.0,4.0,33.0,1
1.0,1.0,40.0,1.0,1.0,1.0,2.0,0.0,6.0,1.0,1.0,1.0,6.0,1600.0,3.0,1.0,1.0,0.0,28.0,0.0,1.0,1.0,1.0,1.0,2.0,2.0,0.0,12.0,11.0,6.0,2.0,0.0,0.0,1.0,2.0,2.0,2.0,0.0,1.0,1.0,1.0,1.0,0.0,1.0,0.0,1.0,1.0,33.0,0
2.0,2.0,36.0,1.0,1.0,1.0,2.0,0.0,7.0,1.0,1.0,1.0,6.0,1296.0,3.0,2.0,2.0,3.0,30.0,14.0,2.0,0.0,1.0,1.0,2.0,2.0,0.0,5.0,11.0,6.0,2.0,0.0,0.0,2.0,2.0,2.0,2.0,5.0,2.0,1.0,1.0,1.0,0.0,1.0,0.0,1.0,1.0,33.0,0
1.0,1.0,40.0,1.0,1.0,1.0,2.0,0.0,6.0,1.0,1.0,1.0,6.0,1600.0,3.0,2.0,1.0,0.0,35.0,0.0,2.0,0.0,2.0,2.0,1.0,2.0,0.0,12.0,11.0,6.0,2.0,0.0,0.0,2.0,2.0,2.0,2.0,5.0,1.0,1.0,1.0,1.0,0.0,1.0,0.0,1.0,1.0,33.0,0
2.0,2.0,39.0,1.0,1.0,1.0,2.0,0.0,4.0,1.0,1.0,1.0,4.0,1521.0,3.0,2.0,1.0,0.0,35.0,0.0,2.0,0.0,2.0,2.0,1.0,2.0,0.0,12.0,11.0,5.0,2.0,0.0,0.0,2.0,2.0,2.0,2.0,5.0,1.0,1.0,1.0,1.0,0.0,1.0,0.0,1.0,1.0,33.0,0
3.0,2.0,19.0,5.0,1.0,1.0,1.0,2.0,7.0,2.0,1.0,1.0,5.0,361.0,3.0,2.0,1.0,0.0,27.0,0.0,2.0,0.0,2.0,2.0,2.0,2.0,0.0,12.0,11.0,2.0,1.0,4.0,2.0,2.0,2.0,2.0,1.0,0.0,1.0,1.0,1.0,1.0,0.0,1.0,0.0,1.0,1.0,33.0,0
1.0,1.0,66.0,2.0,1.0,1.0,2.0,0.0,7.0,1.0,1.0,1.0,6.0,4356.0,1.0,2.0,1.0,0.0,35.0,0.0,2.0,0.0,2.0,2.0,2.0,2.0,0.0,7.0,11.0,0.0,0.0,0.0,0.0,0.0,0.0,0.0,0.0,0.0,0.0,0.0,0.0,0.0,0.0,0.0,0.0,0.0,0.0,33.0,0
3.0,2.0,25.0,5.0,1.0,1.0,1.0,2.0,7.0,2.0,1.0,1.0,5.0,625.0,3.0,2.0,1.0,0.0,20.0,0.0,2.0,0.0,2.0,2.0,2.0,2.0,0.0,2.0,7.0,1.0,2.0,0.0,0.0,2.0,2.0,2.0,2.0,5.0,2.0,2.0,2.0,2.0,5.0,2.0,2.0,1.0,2.0,33.0,1
3.0,2.0,22.0,5.0,1.0,1.0,1.0,2.0,7.0,2.0,1.0,1.0,5.0,484.0,3.0,2.0,1.0,0.0,30.0,0.0,2.0,0.0,2.0,2.0,2.0,2.0,0.0,99.0,11.0,5.0,2.0,0.0,0.0,2.0,2.0,2.0,2.0,5.0,1.0,1.0,1.0,1.0,0.0,1.0,0.0,1.0,1.0,33.0,0
3.0,2.0,22.0,5.0,1.0,1.0,1.0,2.0,6.0,2.0,1.0,1.0,5.0,484.0,3.0,2.0,1.0,0.0,30.0,0.0,2.0,0.0,2.0,2.0,2.0,2.0,0.0,99.0,11.0,4.0,2.0,0.0,0.0,2.0,2.0,2.0,2.0,5.0,1.0,1.0,1.0,1.0,0.0,1.0,0.0,1.0,1.0,33.0,0
1.0,1.0,66.0,2.0,1.0,1.0,2.0,0.0,8.0,1.0,1.0,1.0,6.0,4356.0,3.0,3.0,2.0,3.0,30.0,27.0,2.0,0.0,2.0,2.0,1.0,2.0,0.0,12.0,11.0,6.0,2.0,0.0,0.0,1.0,2.0,2.0,2.0,0.0,1.0,1.0,1.0,1.0,0.0,1.0,0.0,1.0,1.0,33.0,0
1.0,2.0,51.0,5.0,1.0,1.0,2.0,0.0,7.0,1.0,1.0,1.0,6.0,2601.0,2.0,4.0,0.0,0.0,0.0,0.0,2.0,0.0,2.0,2.0,2.0,2.0,0.0,1.0,11.0,0.0,0.0,0.0,0.0,0.0,0.0,0.0,0.0,0.0,0.0,0.0,0.0,0.0,0.0,0.0,0.0,0.0,0.0,33.0,0
1.0,1.0,50.0,2.0,1.0,1.0,2.0,0.0,4.0,2.0,1.0,1.0,3.0,2500.0,3.0,2.0,1.0,0.0,40.0,0.0,2.0,0.0,2.0,2.0,2.0,2.0,0.0,8.0,5.0,3.0,1.0,4.0,4.0,1.0,2.0,2.0,2.0,0.0,1.0,1.0,1.0,1.0,0.0,1.0,0.0,1.0,1.0,33.0,0
2.0,2.0,48.0,2.0,1.0,1.0,2.0,0.0,4.0,1.0,1.0,1.0,4.0,2304.0,3.0,2.0,1.0,0.0,40.0,0.0,2.0,0.0,2.0,2.0,2.0,2.0,0.0,99.0,11.0,6.0,2.0,0.0,0.0,2.0,2.0,2.0,2.0,5.0,1.0,1.0,1.0,1.0,0.0,1.0,0.0,1.0,1.0,33.0,0
1.0,1.0,45.0,2.0,1.0,1.0,2.0,0.0,2.0,1.0,1.0,1.0,2.0,2025.0,3.0,4.0,0.0,0.0,0.0,0.0,2.0,0.0,2.0,2.0,2.0,2.0,0.0,4.0,11.0,6.0,2.0,0.0,0.0,1.0,2.0,2.0,2.0,0.0,1.0,1.0,1.0,1.0,0.0,1.0,0.0,1.0,1.0,33.0,0
1.0,2.0,35.0,1.0,1.0,1.0,2.0,0.0,6.0,1.0,1.0,1.0,6.0,1225.0,3.0,2.0,1.0,0.0,40.0,0.0,2.0,0.0,2.0,2.0,2.0,2.0,0.0,6.0,12.0,5.0,2.0,0.0,0.0,2.0,2.0,2.0,2.0,5.0,2.0,2.0,2.0,2.0,5.0,2.0,1.0,1.0,3.0,32.0,1
2.0,1.0,38.0,1.0,1.0,1.0,2.0,0.0,4.0,1.0,1.0,1.0,4.0,1444.0,3.0,2.0,1.0,0.0,40.0,0.0,2.0,0.0,2.0,2.0,2.0,2.0,0.0,99.0,12.0,5.0,2.0,0.0,0.0,2.0,2.0,2.0,2.0,5.0,2.0,2.0,2.0,2.0,5.0,2.0,1.0,1.0,4.0,32.0,1
1.0,2.0,47.0,5.0,1.0,1.0,2.0,0.0,6.0,1.0,1.0,1.0,6.0,2209.0,3.0,1.0,1.0,0.0,28.0,0.0,1.0,1.0,2.0,2.0,2.0,2.0,0.0,11.0,11.0,6.0,2.0,0.0,0.0,1.0,2.0,2.0,2.0,0.0,1.0,1.0,1.0,1.0,0.0,1.0,0.0,3.0,1.0,33.0,0
1.0,2.0,56.0,3.0,1.0,1.0,2.0,0.0,8.0,1.0,1.0,1.0,6.0,3136.0,3.0,2.0,1.0,0.0,24.0,0.0,2.0,0.0,2.0,2.0,1.0,2.0,0.0,9.0,11.0,6.0,2.0,0.0,0.0,2.0,2.0,2.0,2.0,5.0,1.0,1.0,1.0,1.0,0.0,1.0,0.0,1.0,1.0,32.0,0
1.0,2.0,59.0,3.0,1.0,1.0,2.0,0.0,6.0,1.0,3.0,1.0,6.0,3481.0,3.0,2.0,1.0,0.0,40.0,0.0,2.0,0.0,2.0,2.0,2.0,2.0,0.0,7.0,11.0,6.0,2.0,0.0,0.0,2.0,2.0,2.0,2.0,5.0,1.0,1.0,1.0,1.0,0.0,1.0,0.0,1.0,1.0,32.0,0
1.0,2.0,39.0,5.0,1.0,1.0,2.0,0.0,6.0,1.0,1.0,1.0,6.0,1521.0,3.0,1.0,1.0,0.0,30.0,0.0,1.0,1.0,1.0,1.0,2.0,2.0,0.0,9.0,11.0,6.0,2.0,0.0,0.0,1.0,2.0,2.0,2.0,0.0,1.0,1.0,1.0,1.0,0.0,1.0,0.0,1.0,1.0,32.0,0
1.0,2.0,53.0,3.0,4.0,1.0,2.0,0.0,4.0,1.0,1.0,1.0,4.0,2809.0,3.0,2.0,2.0,3.0,4.0,6.0,2.0,0.0,2.0,1.0,2.0,1.0,3.0,0.0,0.0,0.0,0.0,0.0,0.0,2.0,2.0,2.0,2.0,5.0,2.0,2.0,2.0,2.0,5.0,2.0,2.0,1.0,4.0,33.0,1
3.0,1.0,19.0,5.0,4.0,1.0,1.0,1.0,4.0,2.0,1.0,1.0,3.0,361.0,3.0,2.0,1.0,0.0,12.0,0.0,2.0,0.0,2.0,2.0,2.0,2.0,0.0,6.0,11.0,3.0,9.0,9.0,4.0,1.0,2.0,2.0,2.0,0.0,2.0,2.0,2.0,2.0,5.0,2.0,2.0,2.0,4.0,33.0,1
2.0,1.0,45.0,1.0,4.0,1.0,2.0,0.0,4.0,2.0,4.0,1.0,3.0,2025.0,3.0,3.0,1.0,0.0,48.0,0.0,2.0,0.0,2.0,2.0,2.0,2.0,0.0,7.0,4.0,5.0,1.0,5.0,4.0,2.0,2.0,2.0,2.0,5.0,2.0,2.0,2.0,2.0,5.0,2.0,2.0,1.0,4.0,32.0,1
1.0,2.0,47.0,5.0,1.0,1.0,2.0,0.0,4.0,2.0,2.0,1.0,3.0,2209.0,3.0,2.0,1.0,0.0,40.0,0.0,2.0,0.0,2.0,2.0,2.0,2.0,0.0,2.0,11.0,6.0,2.0,0.0,0.0,2.0,1.0,2.0,2.0,0.0,1.0,1.0,1.0,1.0,0.0,1.0,0.0,1.0,1.0,33.0,0
2.0,1.0,45.0,2.0,1.0,1.0,2.0,0.0,4.0,2.0,4.0,1.0,3.0,2025.0,3.0,3.0,1.0,0.0,55.0,0.0,2.0,0.0,2.0,2.0,2.0,2.0,0.0,7.0,11.0,6.0,2.0,0.0,0.0,2.0,2.0,2.0,2.0,5.0,1.0,1.0,1.0,1.0,0.0,1.0,0.0,1.0,1.0,32.0,0
1.0,2.0,34.0,1.0,1.0,1.0,2.0,0.0,7.0,1.0,1.0,1.0,6.0,1156.0,3.0,2.0,1.0,0.0,40.0,0.0,1.0,1.0,1.0,2.0,2.0,2.0,0.0,11.0,6.0,6.0,2.0,0.0,0.0,2.0,2.0,2.0,2.0,5.0,1.0,1.0,1.0,1.0,0.0,1.0,0.0,1.0,1.0,33.0,0
2.0,1.0,44.0,1.0,1.0,1.0,2.0,0.0,7.0,2.0,1.0,1.0,5.0,1936.0,3.0,3.0,1.0,0.0,50.0,0.0,1.0,1.0,1.0,1.0,2.0,2.0,0.0,10.0,8.0,6.0,2.0,0.0,0.0,2.0,2.0,2.0,2.0,5.0,1.0,1.0,1.0,1.0,0.0,1.0,0.0,1.0,1.0,33.0,0
1.0,1.0,42.0,2.0,4.0,1.0,2.0,0.0,4.0,2.0,1.0,3.0,3.0,1764.0,3.0,3.0,1.0,0.0,49.0,0.0,1.0,1.0,1.0,2.0,2.0,2.0,0.0,3.0,11.0,5.0,2.0,0.0,0.0,1.0,2.0,2.0,2.0,0.0,2.0,1.0,2.0,2.0,0.0,2.0,2.0,3.0,4.0,33.0,1
5.0,2.0,19.0,5.0,4.0,1.0,1.0,1.0,7.0,2.0,1.0,1.0,5.0,361.0,3.0,3.0,1.0,0.0,15.0,0.0,1.0,9.0,1.0,2.0,2.0,1.0,1.0,0.0,0.0,0.0,0.0,0.0,0.0,1.0,2.0,2.0,2.0,0.0,2.0,2.0,2.0,2.0,5.0,2.0,2.0,1.0,4.0,33.0,1
2.0,1.0,29.0,2.0,4.0,1.0,2.0,0.0,4.0,2.0,1.0,1.0,3.0,841.0,3.0,3.0,1.0,0.0,72.0,0.0,2.0,0.0,2.0,2.0,2.0,2.0,0.0,99.0,4.0,4.0,9.0,9.0,4.0,2.0,2.0,2.0,2.0,5.0,2.0,2.0,2.0,2.0,5.0,2.0,2.0,1.0,4.0,33.0,1
2.0,1.0,52.0,2.0,4.0,1.0,2.0,0.0,4.0,2.0,1.0,1.0,3.0,2704.0,2.0,3.0,1.0,0.0,72.0,0.0,2.0,0.0,2.0,2.0,2.0,2.0,0.0,1.0,12.0,0.0,0.0,0.0,0.0,0.0,0.0,0.0,0.0,0.0,0.0,0.0,0.0,0.0,0.0,0.0,0.0,0.0,0.0,33.0,0
1.0,1.0,58.0,2.0,2.0,1.0,2.0,0.0,6.0,2.0,1.0,1.0,5.0,3364.0,3.0,2.0,1.0,0.0,45.0,0.0,2.0,0.0,2.0,2.0,2.0,2.0,0.0,10.0,11.0,6.0,2.0,0.0,0.0,2.0,2.0,2.0,2.0,5.0,1.0,1.0,1.0,1.0,0.0,1.0,0.0,1.0,1.0,33.0,0
1.0,1.0,31.0,5.0,1.0,1.0,2.0,0.0,4.0,1.0,1.0,1.0,4.0,961.0,3.0,2.0,1.0,0.0,35.0,0.0,2.0,0.0,2.0,2.0,2.0,2.0,0.0,8.0,4.0,6.0,2.0,0.0,0.0,2.0,2.0,2.0,2.0,5.0,1.0,1.0,2.0,2.0,0.0,2.0,1.0,9.0,9.0,33.0,1
8.0,1.0,33.0,5.0,1.0,1.0,2.0,0.0,4.0,1.0,1.0,1.0,4.0,1089.0,3.0,1.0,2.0,2.0,3.0,4.0,1.0,1.0,1.0,1.0,2.0,1.0,2.0,0.0,0.0,0.0,0.0,0.0,0.0,2.0,2.0,2.0,2.0,5.0,2.0,2.0,2.0,2.0,5.0,2.0,2.0,1.0,4.0,33.0,1
1.0,1.0,35.0,1.0,1.0,1.0,2.0,0.0,4.0,1.0,1.0,1.0,4.0,1225.0,3.0,2.0,1.0,0.0,45.0,0.0,2.0,0.0,2.0,2.0,2.0,2.0,0.0,9.0,11.0,6.0,2.0,0.0,0.0,2.0,2.0,2.0,2.0,5.0,1.0,1.0,1.0,1.0,0.0,1.0,0.0,1.0,1.0,33.0,0
1.0,2.0,47.0,1.0,4.0,1.0,2.0,0.0,4.0,1.0,1.0,1.0,4.0,2209.0,3.0,2.0,1.0,0.0,42.0,0.0,1.0,1.0,1.0,1.0,2.0,2.0,0.0,7.0,11.0,3.0,2.0,0.0,0.0,1.0,2.0,2.0,2.0,0.0,2.0,2.0,2.0,2.0,5.0,2.0,2.0,1.0,4.0,33.0,1
2.0,1.0,46.0,1.0,4.0,1.0,2.0,0.0,4.0,1.0,1.0,1.0,4.0,2116.0,3.0,3.0,1.0,0.0,62.0,0.0,1.0,1.0,1.0,1.0,2.0,2.0,0.0,99.0,4.0,5.0,2.0,0.0,0.0,2.0,2.0,2.0,2.0,5.0,2.0,2.0,2.0,2.0,5.0,2.0,2.0,1.0,4.0,33.0,1
1.0,2.0,55.0,3.0,4.0,1.0,2.0,0.0,4.0,1.0,1.0,1.0,4.0,3025.0,3.0,2.0,1.0,0.0,20.0,0.0,2.0,0.0,2.0,2.0,2.0,1.0,1.0,0.0,0.0,0.0,0.0,0.0,0.0,2.0,2.0,2.0,2.0,5.0,2.0,2.0,2.0,2.0,5.0,2.0,2.0,1.0,4.0,33.0,1
3.0,1.0,25.0,5.0,1.0,1.0,1.0,1.0,7.0,2.0,1.0,1.0,5.0,625.0,3.0,2.0,1.0,0.0,40.0,0.0,2.0,0.0,2.0,2.0,2.0,2.0,0.0,12.0,11.0,5.0,2.0,0.0,0.0,1.0,2.0,2.0,2.0,0.0,1.0,1.0,1.0,1.0,0.0,1.0,0.0,1.0,1.0,33.0,0
3.0,2.0,24.0,5.0,4.0,1.0,2.0,0.0,4.0,1.0,1.0,1.0,4.0,576.0,3.0,2.0,1.0,0.0,36.0,0.0,2.0,0.0,2.0,2.0,2.0,2.0,0.0,5.0,11.0,3.0,2.0,0.0,0.0,1.0,2.0,2.0,2.0,0.0,2.0,2.0,2.0,2.0,5.0,2.0,2.0,1.0,4.0,33.0,1
3.0,1.0,38.0,5.0,1.0,1.0,2.0,0.0,7.0,1.0,1.0,1.0,6.0,1444.0,3.0,2.0,1.0,0.0,45.0,0.0,2.0,0.0,2.0,2.0,2.0,2.0,0.0,99.0,11.0,2.0,2.0,0.0,0.0,2.0,2.0,2.0,2.0,5.0,1.0,1.0,1.0,1.0,0.0,1.0,0.0,1.0,1.0,33.0,0
1.0,1.0,72.0,5.0,1.0,1.0,2.0,0.0,2.0,1.0,3.0,1.0,2.0,5184.0,1.0,1.0,1.0,0.0,10.0,0.0,1.0,1.0,1.0,1.0,2.0,2.0,0.0,2.0,8.0,0.0,0.0,0.0,0.0,0.0,0.0,0.0,0.0,0.0,0.0,0.0,0.0,0.0,0.0,0.0,0.0,0.0,0.0,33.0,0
1.0,2.0,24.0,5.0,4.0,1.0,2.0,0.0,4.0,1.0,1.0,1.0,4.0,576.0,3.0,2.0,1.0,0.0,35.0,0.0,2.0,0.0,2.0,2.0,2.0,2.0,0.0,5.0,6.0,5.0,2.0,0.0,0.0,1.0,2.0,2.0,2.0,0.0,2.0,2.0,2.0,2.0,5.0,2.0,2.0,1.0,4.0,33.0,1
6.0,1.0,37.0,1.0,4.0,1.0,2.0,0.0,4.0,2.0,1.0,1.0,3.0,1369.0,3.0,2.0,1.0,0.0,36.0,0.0,2.0,0.0,2.0,2.0,2.0,2.0,0.0,5.0,6.0,5.0,2.0,0.0,0.0,1.0,2.0,2.0,2.0,0.0,2.0,2.0,2.0,2.0,5.0,2.0,2.0,1.0,4.0,33.0,1
2.0,2.0,59.0,2.0,1.0,1.0,2.0,0.0,2.0,1.0,3.0,1.0,2.0,3481.0,3.0,2.0,1.0,0.0,40.0,0.0,2.0,0.0,2.0,2.0,2.0,1.0,1.0,0.0,0.0,0.0,0.0,0.0,0.0,2.0,2.0,2.0,2.0,5.0,1.0,1.0,1.0,1.0,0.0,1.0,0.0,1.0,1.0,33.0,0
3.0,2.0,39.0,3.0,1.0,1.0,2.0,0.0,4.0,1.0,1.0,1.0,4.0,1521.0,3.0,2.0,1.0,0.0,40.0,0.0,2.0,0.0,1.0,1.0,2.0,2.0,0.0,99.0,11.0,5.0,2.0,0.0,0.0,2.0,2.0,2.0,2.0,5.0,1.0,1.0,1.0,1.0,0.0,1.0,0.0,1.0,1.0,33.0,0
1.0,1.0,62.0,4.0,1.0,1.0,2.0,0.0,2.0,1.0,3.0,1.0,2.0,3844.0,3.0,2.0,1.0,0.0,40.0,0.0,1.0,1.0,1.0,2.0,2.0,2.0,0.0,7.0,11.0,6.0,2.0,0.0,0.0,2.0,2.0,2.0,2.0,5.0,1.0,1.0,1.0,1.0,0.0,1.0,0.0,1.0,1.0,33.0,0
3.0,2.0,25.0,5.0,1.0,1.0,2.0,0.0,7.0,1.0,1.0,1.0,6.0,625.0,3.0,1.0,1.0,0.0,20.0,0.0,1.0,2.0,1.0,2.0,2.0,2.0,0.0,6.0,11.0,5.0,2.0,0.0,0.0,2.0,2.0,2.0,2.0,5.0,1.0,1.0,1.0,1.0,0.0,1.0,0.0,1.0,1.0,33.0,0
3.0,2.0,33.0,5.0,1.0,1.0,1.0,1.0,6.0,2.0,3.0,1.0,5.0,1089.0,3.0,2.0,1.0,0.0,20.0,0.0,2.0,0.0,2.0,1.0,2.0,2.0,0.0,7.0,11.0,4.0,2.0,0.0,0.0,2.0,2.0,2.0,2.0,5.0,1.0,1.0,1.0,1.0,0.0,1.0,0.0,1.0,1.0,33.0,0
1.0,1.0,42.0,1.0,1.0,1.0,2.0,0.0,4.0,2.0,1.0,1.0,3.0,1764.0,3.0,3.0,1.0,0.0,72.0,0.0,2.0,0.0,2.0,2.0,2.0,2.0,0.0,99.0,4.0,5.0,2.0,0.0,0.0,2.0,2.0,2.0,2.0,5.0,2.0,2.0,2.0,2.0,5.0,2.0,1.0,2.0,3.0,33.0,1
3.0,1.0,16.0,5.0,4.0,1.0,2.0,0.0,4.0,2.0,1.0,1.0,3.0,256.0,3.0,2.0,1.0,0.0,40.0,0.0,1.0,1.0,1.0,1.0,2.0,2.0,0.0,5.0,11.0,4.0,2.0,0.0,0.0,2.0,2.0,1.0,2.0,0.0,2.0,2.0,2.0,2.0,5.0,2.0,2.0,1.0,4.0,33.0,1
1.0,1.0,46.0,3.0,1.0,1.0,2.0,0.0,4.0,2.0,1.0,1.0,3.0,2116.0,3.0,2.0,1.0,0.0,40.0,0.0,2.0,0.0,2.0,2.0,1.0,2.0,0.0,12.0,11.0,6.0,2.0,0.0,0.0,2.0,2.0,2.0,2.0,5.0,1.0,1.0,1.0,1.0,0.0,1.0,0.0,1.0,1.0,33.0,0
3.0,1.0,19.0,5.0,4.0,1.0,1.0,1.0,4.0,2.0,1.0,1.0,3.0,361.0,3.0,3.0,1.0,0.0,48.0,0.0,2.0,0.0,2.0,2.0,2.0,2.0,0.0,3.0,11.0,3.0,2.0,0.0,0.0,2.0,2.0,2.0,2.0,5.0,2.0,2.0,2.0,2.0,5.0,2.0,2.0,1.0,4.0,33.0,1
1.0,1.0,46.0,3.0,4.0,1.0,2.0,0.0,4.0,1.0,1.0,1.0,4.0,2116.0,2.0,3.0,1.0,0.0,70.0,0.0,2.0,0.0,2.0,2.0,2.0,2.0,0.0,1.0,4.0,0.0,0.0,0.0,0.0,0.0,0.0,0.0,0.0,0.0,0.0,0.0,0.0,0.0,0.0,0.0,0.0,0.0,0.0,33.0,0
1.0,1.0,48.0,1.0,1.0,1.0,2.0,0.0,4.0,2.0,1.0,1.0,3.0,2304.0,2.0,3.0,1.0,0.0,64.0,0.0,2.0,0.0,2.0,2.0,2.0,2.0,0.0,2.0,6.0,0.0,0.0,0.0,0.0,0.0,0.0,0.0,0.0,0.0,0.0,0.0,0.0,0.0,0.0,0.0,0.0,0.0,0.0,33.0,0
2.0,2.0,45.0,1.0,1.0,1.0,2.0,0.0,4.0,1.0,1.0,1.0,4.0,2025.0,2.0,3.0,1.0,0.0,48.0,0.0,2.0,0.0,2.0,2.0,2.0,2.0,0.0,2.0,6.0,0.0,0.0,0.0,0.0,0.0,0.0,0.0,0.0,0.0,0.0,0.0,0.0,0.0,0.0,0.0,0.0,0.0,0.0,33.0,0
1.0,1.0,36.0,1.0,1.0,1.0,2.0,0.0,4.0,1.0,1.0,1.0,4.0,1296.0,2.0,2.0,1.0,0.0,42.0,0.0,2.0,0.0,2.0,2.0,2.0,2.0,0.0,1.0,6.0,0.0,0.0,0.0,0.0,0.0,0.0,0.0,0.0,0.0,0.0,0.0,0.0,0.0,0.0,0.0,0.0,0.0,0.0,33.0,0
2.0,2.0,35.0,1.0,1.0,1.0,2.0,0.0,4.0,1.0,1.0,1.0,4.0,1225.0,3.0,3.0,1.0,0.0,54.0,0.0,2.0,0.0,2.0,2.0,2.0,2.0,0.0,99.0,8.0,5.0,2.0,0.0,0.0,2.0,2.0,2.0,2.0,5.0,2.0,2.0,2.0,2.0,5.0,2.0,1.0,1.0,3.0,33.0,1
1.0,2.0,39.0,3.0,1.0,1.0,2.0,0.0,6.0,1.0,3.0,1.0,6.0,1521.0,3.0,3.0,2.0,2.0,20.0,53.0,2.0,0.0,2.0,2.0,2.0,2.0,0.0,11.0,11.0,6.0,2.0,0.0,0.0,2.0,2.0,2.0,2.0,5.0,2.0,2.0,2.0,2.0,5.0,2.0,1.0,1.0,3.0,33.0,1
3.0,2.0,24.0,5.0,1.0,1.0,1.0,1.0,6.0,2.0,1.0,1.0,5.0,576.0,3.0,2.0,1.0,0.0,40.0,0.0,2.0,0.0,2.0,2.0,2.0,2.0,0.0,10.0,11.0,5.0,2.0,0.0,0.0,2.0,2.0,2.0,2.0,5.0,2.0,2.0,2.0,2.0,5.0,2.0,1.0,1.0,3.0,33.0,1
1.0,2.0,36.0,5.0,4.0,1.0,1.0,2.0,7.0,2.0,1.0,1.0,5.0,1296.0,3.0,2.0,2.0,3.0,16.0,18.0,2.0,0.0,2.0,2.0,2.0,2.0,0.0,99.0,11.0,1.0,1.0,9.0,4.0,1.0,2.0,2.0,2.0,0.0,2.0,2.0,2.0,2.0,5.0,2.0,2.0,3.0,4.0,33.0,1
3.0,1.0,14.0,5.0,1.0,1.0,1.0,1.0,4.0,2.0,1.0,1.0,3.0,196.0,2.0,2.0,1.0,0.0,42.0,0.0,1.0,1.0,2.0,2.0,2.0,2.0,0.0,1.0,6.0,0.0,0.0,0.0,0.0,0.0,0.0,0.0,0.0,0.0,0.0,0.0,0.0,0.0,0.0,0.0,0.0,0.0,0.0,33.0,0
1.0,2.0,41.0,1.0,4.0,1.0,2.0,0.0,4.0,1.0,1.0,1.0,4.0,1681.0,3.0,3.0,1.0,0.0,78.0,0.0,2.0,0.0,2.0,2.0,2.0,1.0,1.0,0.0,0.0,0.0,0.0,0.0,0.0,1.0,2.0,2.0,2.0,0.0,2.0,2.0,2.0,2.0,5.0,2.0,2.0,2.0,4.0,33.0,1
3.0,1.0,18.0,5.0,4.0,1.0,1.0,1.0,4.0,2.0,1.0,1.0,3.0,324.0,3.0,1.0,1.0,0.0,3.0,0.0,1.0,1.0,1.0,1.0,2.0,2.0,0.0,4.0,8.0,1.0,1.0,1.0,4.0,2.0,2.0,2.0,2.0,5.0,2.0,2.0,2.0,2.0,5.0,2.0,2.0,1.0,4.0,33.0,1
2.0,1.0,37.0,1.0,4.0,1.0,2.0,0.0,4.0,1.0,1.0,1.0,4.0,1369.0,3.0,2.0,1.0,0.0,40.0,0.0,2.0,0.0,2.0,1.0,2.0,2.0,0.0,99.0,4.0,5.0,2.0,0.0,0.0,2.0,2.0,2.0,2.0,5.0,2.0,2.0,2.0,2.0,5.0,2.0,2.0,3.0,4.0,33.0,1
1.0,1.0,21.0,1.0,1.0,1.0,2.0,0.0,4.0,1.0,1.0,1.0,4.0,441.0,3.0,2.0,1.0,0.0,21.0,0.0,2.0,0.0,2.0,2.0,2.0,2.0,0.0,99.0,11.0,5.0,2.0,0.0,0.0,2.0,2.0,2.0,2.0,5.0,1.0,1.0,1.0,1.0,0.0,1.0,0.0,3.0,1.0,32.0,0
3.0,2.0,24.0,5.0,4.0,1.0,2.0,0.0,4.0,2.0,1.0,1.0,3.0,576.0,3.0,2.0,1.0,0.0,26.0,0.0,2.0,0.0,2.0,2.0,2.0,2.0,0.0,7.0,8.0,5.0,1.0,1.0,4.0,2.0,2.0,2.0,2.0,5.0,2.0,2.0,2.0,2.0,5.0,2.0,2.0,2.0,4.0,33.0,1
1.0,1.0,32.0,5.0,1.0,1.0,2.0,0.0,7.0,2.0,1.0,1.0,5.0,1024.0,3.0,2.0,1.0,0.0,40.0,0.0,2.0,0.0,2.0,2.0,2.0,2.0,0.0,9.0,11.0,6.0,2.0,0.0,0.0,2.0,2.0,2.0,2.0,5.0,1.0,1.0,1.0,1.0,0.0,1.0,0.0,2.0,1.0,33.0,0
1.0,1.0,28.0,1.0,4.0,1.0,2.0,0.0,9.0,1.0,1.0,1.0,1.0,784.0,3.0,2.0,1.0,0.0,36.0,0.0,2.0,0.0,2.0,1.0,2.0,2.0,0.0,8.0,11.0,5.0,1.0,9.0,4.0,2.0,2.0,2.0,2.0,5.0,2.0,2.0,2.0,2.0,5.0,2.0,2.0,2.0,4.0,33.0,1
2.0,2.0,27.0,1.0,1.0,1.0,2.0,0.0,6.0,1.0,1.0,1.0,6.0,729.0,3.0,2.0,1.0,0.0,40.0,0.0,2.0,0.0,2.0,2.0,1.0,2.0,0.0,12.0,9.0,3.0,2.0,0.0,0.0,2.0,2.0,2.0,2.0,5.0,1.0,1.0,1.0,1.0,0.0,1.0,0.0,3.0,1.0,33.0,0
1.0,1.0,43.0,5.0,1.0,1.0,2.0,0.0,6.0,2.0,1.0,1.0,5.0,1849.0,3.0,3.0,1.0,0.0,48.0,0.0,2.0,0.0,2.0,2.0,2.0,2.0,0.0,99.0,11.0,6.0,2.0,0.0,0.0,2.0,2.0,2.0,2.0,5.0,1.0,1.0,1.0,1.0,0.0,1.0,0.0,1.0,1.0,33.0,0
3.0,1.0,28.0,5.0,1.0,1.0,2.0,0.0,4.0,1.0,1.0,1.0,4.0,784.0,3.0,2.0,1.0,0.0,44.0,0.0,2.0,0.0,2.0,2.0,2.0,2.0,0.0,99.0,11.0,6.0,2.0,0.0,0.0,2.0,2.0,2.0,2.0,5.0,1.0,1.0,1.0,1.0,0.0,1.0,0.0,1.0,1.0,33.0,0
3.0,1.0,48.0,5.0,1.0,1.0,2.0,0.0,4.0,2.0,1.0,1.0,3.0,2304.0,3.0,3.0,2.0,2.0,45.0,9.0,2.0,0.0,2.0,2.0,2.0,2.0,0.0,7.0,11.0,6.0,2.0,0.0,0.0,2.0,2.0,2.0,2.0,5.0,1.0,1.0,1.0,1.0,0.0,1.0,0.0,1.0,1.0,33.0,0
1.0,2.0,46.0,3.0,12.0,1.0,2.0,0.0,7.0,1.0,1.0,1.0,6.0,2116.0,2.0,2.0,1.0,0.0,20.0,0.0,2.0,0.0,2.0,1.0,2.0,2.0,0.0,1.0,6.0,0.0,0.0,0.0,0.0,0.0,0.0,0.0,0.0,0.0,0.0,0.0,0.0,0.0,0.0,0.0,0.0,0.0,0.0,33.0,0
1.0,2.0,56.0,3.0,1.0,1.0,2.0,0.0,4.0,2.0,2.0,1.0,3.0,3136.0,3.0,2.0,1.0,0.0,24.0,0.0,2.0,0.0,2.0,2.0,2.0,2.0,0.0,99.0,8.0,6.0,2.0,0.0,0.0,2.0,2.0,2.0,2.0,5.0,1.0,1.0,1.0,1.0,0.0,1.0,0.0,3.0,1.0,33.0,0
3.0,1.0,31.0,5.0,1.0,1.0,2.0,0.0,4.0,1.0,1.0,1.0,4.0,961.0,3.0,1.0,1.0,0.0,20.0,0.0,1.0,1.0,1.0,1.0,1.0,2.0,0.0,12.0,9.0,5.0,2.0,0.0,0.0,2.0,2.0,2.0,2.0,5.0,1.0,1.0,1.0,1.0,0.0,1.0,0.0,1.0,1.0,33.0,0
1.0,1.0,55.0,2.0,1.0,1.0,1.0,1.0,7.0,2.0,1.0,1.0,5.0,3025.0,3.0,2.0,1.0,0.0,36.0,0.0,2.0,0.0,2.0,2.0,2.0,2.0,0.0,99.0,11.0,6.0,2.0,0.0,0.0,2.0,2.0,2.0,2.0,5.0,1.0,1.0,1.0,1.0,0.0,1.0,0.0,1.0,1.0,33.0,0
2.0,2.0,49.0,2.0,1.0,1.0,1.0,1.0,7.0,2.0,1.0,1.0,5.0,2401.0,3.0,3.0,2.0,3.0,40.0,0.0,2.0,0.0,2.0,2.0,2.0,1.0,3.0,0.0,0.0,0.0,0.0,0.0,0.0,2.0,2.0,2.0,2.0,5.0,2.0,2.0,2.0,2.0,5.0,2.0,2.0,1.0,4.0,33.0,1
3.0,1.0,30.0,1.0,1.0,1.0,2.0,0.0,5.0,1.0,1.0,1.0,4.0,900.0,3.0,2.0,1.0,0.0,36.0,0.0,2.0,0.0,2.0,2.0,2.0,2.0,0.0,99.0,11.0,6.0,2.0,0.0,0.0,2.0,2.0,2.0,2.0,5.0,1.0,1.0,1.0,1.0,0.0,1.0,0.0,2.0,1.0,33.0,0
3.0,1.0,28.0,1.0,4.0,1.0,2.0,0.0,4.0,1.0,1.0,1.0,4.0,784.0,3.0,2.0,1.0,0.0,40.0,0.0,1.0,1.0,1.0,1.0,2.0,2.0,0.0,2.0,8.0,3.0,1.0,9.0,4.0,2.0,2.0,2.0,2.0,5.0,2.0,2.0,2.0,2.0,5.0,2.0,2.0,1.0,4.0,33.0,1
3.0,1.0,27.0,5.0,1.0,1.0,2.0,0.0,4.0,1.0,1.0,1.0,4.0,729.0,3.0,2.0,1.0,0.0,44.0,0.0,1.0,1.0,2.0,2.0,2.0,2.0,0.0,6.0,8.0,5.0,2.0,0.0,0.0,2.0,2.0,2.0,2.0,5.0,1.0,1.0,1.0,1.0,0.0,1.0,0.0,1.0,1.0,33.0,0
3.0,1.0,23.0,5.0,4.0,1.0,2.0,0.0,4.0,1.0,1.0,1.0,4.0,529.0,2.0,3.0,1.0,0.0,56.0,0.0,2.0,0.0,2.0,2.0,2.0,2.0,0.0,1.0,6.0,0.0,0.0,0.0,0.0,0.0,0.0,0.0,0.0,0.0,0.0,0.0,0.0,0.0,0.0,0.0,0.0,0.0,0.0,33.0,0
1.0,2.0,61.0,2.0,1.0,1.0,2.0,0.0,4.0,2.0,3.0,1.0,3.0,3721.0,3.0,2.0,1.0,0.0,6.0,0.0,2.0,0.0,2.0,2.0,2.0,2.0,0.0,4.0,11.0,3.0,2.0,0.0,0.0,2.0,2.0,2.0,2.0,5.0,2.0,2.0,2.0,2.0,5.0,2.0,2.0,1.0,4.0,32.0,1
2.0,1.0,62.0,2.0,1.0,1.0,2.0,0.0,4.0,1.0,1.0,1.0,4.0,3844.0,3.0,2.0,1.0,0.0,30.0,0.0,2.0,0.0,2.0,2.0,1.0,2.0,0.0,11.0,11.0,6.0,2.0,0.0,0.0,2.0,2.0,2.0,2.0,5.0,1.0,1.0,1.0,1.0,0.0,1.0,0.0,1.0,1.0,32.0,0
3.0,1.0,41.0,2.0,1.0,1.0,2.0,0.0,4.0,1.0,1.0,1.0,4.0,1681.0,2.0,2.0,2.0,2.0,20.0,4.0,2.0,0.0,2.0,2.0,2.0,2.0,0.0,1.0,12.0,0.0,0.0,0.0,0.0,0.0,0.0,0.0,0.0,0.0,0.0,0.0,0.0,0.0,0.0,0.0,0.0,0.0,0.0,32.0,0
4.0,2.0,32.0,2.0,1.0,1.0,2.0,0.0,6.0,1.0,1.0,1.0,6.0,1024.0,2.0,2.0,1.0,0.0,40.0,0.0,1.0,1.0,1.0,2.0,2.0,2.0,0.0,1.0,8.0,0.0,0.0,0.0,0.0,0.0,0.0,0.0,0.0,0.0,0.0,0.0,0.0,0.0,0.0,0.0,0.0,0.0,0.0,32.0,0
3.0,1.0,39.0,5.0,1.0,1.0,2.0,0.0,2.0,1.0,1.0,1.0,2.0,1521.0,3.0,2.0,1.0,0.0,6.0,0.0,2.0,0.0,2.0,2.0,2.0,2.0,0.0,99.0,4.0,6.0,2.0,0.0,0.0,2.0,2.0,2.0,2.0,5.0,1.0,1.0,1.0,1.0,0.0,1.0,0.0,1.0,1.0,33.0,0
3.0,1.0,27.0,5.0,1.0,1.0,2.0,0.0,7.0,2.0,5.0,1.0,5.0,729.0,3.0,2.0,1.0,0.0,40.0,0.0,2.0,0.0,2.0,2.0,2.0,2.0,0.0,99.0,11.0,5.0,2.0,0.0,0.0,2.0,2.0,2.0,2.0,5.0,1.0,1.0,1.0,1.0,0.0,1.0,0.0,1.0,1.0,33.0,0
1.0,1.0,58.0,2.0,1.0,1.0,2.0,0.0,4.0,1.0,5.0,1.0,4.0,3364.0,3.0,2.0,1.0,0.0,45.0,0.0,2.0,0.0,2.0,2.0,2.0,2.0,0.0,8.0,11.0,5.0,2.0,0.0,0.0,2.0,2.0,2.0,2.0,5.0,1.0,1.0,1.0,1.0,0.0,1.0,0.0,1.0,1.0,33.0,0
1.0,1.0,48.0,5.0,4.0,1.0,2.0,0.0,4.0,1.0,1.0,1.0,4.0,2304.0,2.0,1.0,1.0,0.0,27.0,0.0,1.0,1.0,1.0,1.0,2.0,2.0,0.0,1.0,12.0,0.0,0.0,0.0,0.0,0.0,0.0,0.0,0.0,0.0,0.0,0.0,0.0,0.0,0.0,0.0,0.0,0.0,0.0,33.0,0
1.0,1.0,38.0,2.0,1.0,1.0,2.0,0.0,2.0,1.0,2.0,1.0,2.0,1444.0,3.0,4.0,0.0,0.0,0.0,0.0,1.0,1.0,2.0,2.0,2.0,2.0,0.0,12.0,4.0,6.0,2.0,0.0,0.0,2.0,2.0,2.0,1.0,0.0,1.0,1.0,1.0,1.0,0.0,1.0,0.0,1.0,1.0,33.0,0
3.0,2.0,20.0,5.0,1.0,1.0,1.0,1.0,7.0,2.0,1.0,1.0,5.0,400.0,3.0,2.0,1.0,0.0,35.0,0.0,2.0,0.0,2.0,2.0,2.0,2.0,0.0,4.0,11.0,3.0,2.0,0.0,0.0,2.0,2.0,2.0,2.0,5.0,1.0,1.0,1.0,1.0,0.0,1.0,0.0,1.0,1.0,33.0,0
4.0,2.0,27.0,1.0,4.0,1.0,2.0,0.0,4.0,1.0,3.0,3.0,4.0,729.0,3.0,2.0,2.0,2.0,40.0,0.0,1.0,1.0,1.0,1.0,2.0,1.0,2.0,0.0,0.0,0.0,0.0,0.0,0.0,2.0,2.0,2.0,2.0,5.0,2.0,2.0,2.0,2.0,5.0,2.0,2.0,1.0,4.0,33.0,1
1.0,1.0,48.0,1.0,1.0,1.0,2.0,0.0,7.0,1.0,1.0,1.0,6.0,2304.0,3.0,3.0,2.0,2.0,45.0,21.0,2.0,0.0,2.0,2.0,1.0,2.0,0.0,12.0,11.0,6.0,2.0,0.0,0.0,2.0,2.0,2.0,2.0,5.0,1.0,1.0,1.0,1.0,0.0,1.0,0.0,1.0,1.0,33.0,0
2.0,2.0,50.0,1.0,1.0,1.0,2.0,0.0,7.0,1.0,1.0,1.0,6.0,2500.0,3.0,2.0,1.0,0.0,45.0,0.0,2.0,0.0,2.0,2.0,1.0,2.0,0.0,12.0,11.0,6.0,2.0,0.0,0.0,2.0,2.0,2.0,2.0,5.0,1.0,1.0,1.0,1.0,0.0,1.0,0.0,1.0,1.0,33.0,0
5.0,2.0,41.0,2.0,1.0,1.0,2.0,0.0,4.0,1.0,1.0,1.0,4.0,1681.0,3.0,2.0,1.0,0.0,40.0,0.0,2.0,0.0,2.0,2.0,1.0,2.0,0.0,12.0,11.0,6.0,2.0,0.0,0.0,2.0,2.0,2.0,2.0,5.0,1.0,1.0,1.0,1.0,0.0,1.0,0.0,1.0,1.0,33.0,0
1.0,1.0,68.0,2.0,1.0,1.0,2.0,0.0,7.0,1.0,1.0,1.0,6.0,4624.0,2.0,2.0,1.0,0.0,18.0,0.0,1.0,9.0,2.0,2.0,2.0,2.0,0.0,6.0,11.0,0.0,0.0,0.0,0.0,0.0,0.0,0.0,0.0,0.0,0.0,0.0,0.0,0.0,0.0,0.0,0.0,0.0,0.0,33.0,0
2.0,2.0,65.0,2.0,1.0,1.0,2.0,0.0,7.0,1.0,1.0,1.0,6.0,4225.0,3.0,2.0,1.0,0.0,24.0,0.0,2.0,0.0,2.0,2.0,1.0,2.0,0.0,99.0,11.0,6.0,2.0,0.0,0.0,2.0,2.0,2.0,1.0,0.0,1.0,1.0,1.0,1.0,0.0,1.0,0.0,1.0,1.0,33.0,0
1.0,1.0,70.0,1.0,1.0,1.0,2.0,0.0,2.0,1.0,1.0,1.0,2.0,4900.0,2.0,2.0,1.0,0.0,42.0,0.0,2.0,0.0,2.0,2.0,2.0,2.0,0.0,1.0,11.0,0.0,0.0,0.0,0.0,0.0,0.0,0.0,0.0,0.0,0.0,0.0,0.0,0.0,0.0,0.0,0.0,0.0,0.0,33.0,0
1.0,1.0,61.0,2.0,12.0,1.0,2.0,0.0,4.0,2.0,1.0,1.0,3.0,3721.0,2.0,3.0,1.0,0.0,70.0,0.0,2.0,0.0,2.0,2.0,2.0,2.0,0.0,1.0,11.0,0.0,0.0,0.0,0.0,0.0,0.0,0.0,0.0,0.0,0.0,0.0,0.0,0.0,0.0,0.0,0.0,0.0,0.0,33.0,0
1.0,2.0,23.0,3.0,4.0,1.0,2.0,0.0,4.0,1.0,1.0,1.0,4.0,529.0,2.0,1.0,1.0,0.0,10.0,0.0,1.0,1.0,1.0,1.0,2.0,2.0,0.0,1.0,9.0,0.0,0.0,0.0,0.0,0.0,0.0,0.0,0.0,0.0,0.0,0.0,0.0,0.0,0.0,0.0,0.0,0.0,0.0,33.0,0
2.0,1.0,31.0,1.0,1.0,1.0,2.0,0.0,4.0,1.0,3.0,1.0,4.0,961.0,3.0,3.0,1.0,0.0,48.0,0.0,2.0,0.0,2.0,2.0,2.0,2.0,0.0,99.0,4.0,5.0,1.0,9.0,4.0,2.0,2.0,2.0,1.0,0.0,1.0,1.0,1.0,1.0,0.0,1.0,0.0,1.0,1.0,33.0,0
1.0,2.0,48.0,5.0,4.0,1.0,2.0,0.0,4.0,2.0,3.0,1.0,3.0,2304.0,2.0,2.0,1.0,0.0,14.0,0.0,2.0,0.0,2.0,1.0,2.0,2.0,0.0,1.0,6.0,0.0,0.0,0.0,0.0,0.0,0.0,0.0,0.0,0.0,0.0,0.0,0.0,0.0,0.0,0.0,0.0,0.0,0.0,33.0,0
3.0,2.0,24.0,5.0,4.0,1.0,1.0,1.0,4.0,2.0,1.0,1.0,3.0,576.0,2.0,2.0,1.0,0.0,14.0,0.0,2.0,0.0,2.0,2.0,2.0,2.0,0.0,1.0,6.0,0.0,0.0,0.0,0.0,0.0,0.0,0.0,0.0,0.0,0.0,0.0,0.0,0.0,0.0,0.0,0.0,0.0,0.0,33.0,0
3.0,1.0,30.0,3.0,4.0,1.0,2.0,0.0,4.0,2.0,1.0,1.0,3.0,900.0,3.0,2.0,1.0,0.0,40.0,0.0,2.0,0.0,2.0,2.0,2.0,2.0,0.0,4.0,8.0,2.0,1.0,2.0,4.0,2.0,2.0,2.0,2.0,5.0,2.0,2.0,2.0,2.0,5.0,2.0,2.0,1.0,4.0,33.0,1
1.0,2.0,26.0,1.0,4.0,1.0,2.0,0.0,4.0,2.0,1.0,1.0,3.0,676.0,2.0,2.0,1.0,0.0,21.0,0.0,2.0,0.0,2.0,1.0,2.0,2.0,0.0,1.0,9.0,0.0,0.0,0.0,0.0,0.0,0.0,0.0,0.0,0.0,0.0,0.0,0.0,0.0,0.0,0.0,0.0,0.0,0.0,33.0,0
2.0,1.0,25.0,1.0,4.0,1.0,2.0,0.0,2.0,1.0,4.0,1.0,2.0,625.0,3.0,3.0,1.0,0.0,84.0,0.0,1.0,2.0,1.0,1.0,2.0,2.0,0.0,12.0,11.0,5.0,2.0,0.0,0.0,2.0,2.0,2.0,2.0,5.0,2.0,2.0,2.0,2.0,5.0,2.0,2.0,3.0,4.0,33.0,1
1.0,2.0,54.0,3.0,1.0,1.0,2.0,0.0,6.0,1.0,1.0,1.0,6.0,2916.0,3.0,2.0,1.0,0.0,40.0,0.0,2.0,0.0,2.0,2.0,2.0,2.0,0.0,8.0,11.0,6.0,2.0,0.0,0.0,2.0,2.0,2.0,2.0,5.0,1.0,1.0,1.0,1.0,0.0,1.0,0.0,1.0,1.0,33.0,0
3.0,2.0,20.0,5.0,1.0,1.0,2.0,0.0,4.0,1.0,1.0,1.0,4.0,400.0,3.0,2.0,2.0,2.0,25.0,8.0,2.0,0.0,2.0,2.0,2.0,2.0,0.0,3.0,11.0,1.0,2.0,0.0,0.0,2.0,2.0,2.0,2.0,5.0,2.0,2.0,2.0,2.0,5.0,2.0,2.0,1.0,4.0,33.0,1
3.0,2.0,20.0,5.0,1.0,1.0,2.0,0.0,4.0,1.0,1.0,1.0,4.0,400.0,3.0,2.0,1.0,0.0,20.0,0.0,2.0,0.0,2.0,2.0,2.0,2.0,0.0,6.0,11.0,2.0,2.0,0.0,0.0,1.0,2.0,2.0,2.0,0.0,1.0,1.0,1.0,1.0,0.0,1.0,0.0,1.0,1.0,33.0,0
1.0,1.0,48.0,1.0,4.0,1.0,2.0,0.0,2.0,1.0,1.0,1.0,2.0,2304.0,3.0,3.0,1.0,0.0,50.0,0.0,2.0,0.0,2.0,2.0,2.0,2.0,0.0,5.0,8.0,6.0,1.0,9.0,2.0,2.0,2.0,2.0,2.0,5.0,2.0,2.0,2.0,2.0,5.0,2.0,2.0,1.0,4.0,33.0,1
1.0,2.0,64.0,3.0,1.0,1.0,2.0,0.0,4.0,2.0,3.0,1.0,3.0,4096.0,3.0,2.0,1.0,0.0,25.0,0.0,2.0,0.0,2.0,2.0,2.0,2.0,0.0,99.0,11.0,5.0,2.0,0.0,0.0,2.0,2.0,2.0,2.0,5.0,1.0,1.0,1.0,1.0,0.0,1.0,0.0,1.0,1.0,33.0,0
1.0,1.0,42.0,1.0,4.0,1.0,2.0,0.0,2.0,1.0,3.0,1.0,2.0,1764.0,2.0,3.0,1.0,0.0,48.0,0.0,2.0,0.0,2.0,2.0,2.0,2.0,0.0,1.0,8.0,0.0,0.0,0.0,0.0,0.0,0.0,0.0,0.0,0.0,0.0,0.0,0.0,0.0,0.0,0.0,0.0,0.0,0.0,32.0,0
1.0,1.0,43.0,2.0,4.0,1.0,2.0,0.0,4.0,1.0,4.0,1.0,4.0,1849.0,2.0,3.0,1.0,0.0,60.0,0.0,2.0,0.0,2.0,2.0,2.0,2.0,0.0,1.0,4.0,0.0,0.0,0.0,0.0,0.0,0.0,0.0,0.0,0.0,0.0,0.0,0.0,0.0,0.0,0.0,0.0,0.0,0.0,33.0,0
3.0,1.0,38.0,2.0,1.0,1.0,2.0,0.0,4.0,1.0,1.0,1.0,4.0,1444.0,3.0,2.0,1.0,0.0,40.0,0.0,2.0,0.0,2.0,2.0,1.0,2.0,0.0,12.0,11.0,6.0,2.0,0.0,0.0,2.0,2.0,2.0,2.0,5.0,1.0,1.0,1.0,1.0,0.0,1.0,0.0,1.0,1.0,33.0,0
3.0,2.0,31.0,5.0,1.0,1.0,2.0,0.0,7.0,1.0,1.0,1.0,6.0,961.0,3.0,2.0,2.0,3.0,24.0,8.0,2.0,0.0,2.0,2.0,1.0,2.0,0.0,12.0,11.0,6.0,2.0,0.0,0.0,2.0,2.0,2.0,2.0,5.0,2.0,1.0,1.0,1.0,0.0,1.0,0.0,1.0,1.0,33.0,0
1.0,2.0,43.0,2.0,1.0,1.0,2.0,0.0,6.0,1.0,1.0,1.0,6.0,1849.0,3.0,3.0,1.0,0.0,50.0,0.0,2.0,0.0,2.0,2.0,2.0,2.0,0.0,7.0,11.0,6.0,2.0,0.0,0.0,2.0,2.0,2.0,2.0,5.0,1.0,1.0,1.0,1.0,0.0,1.0,0.0,1.0,1.0,33.0,0
2.0,1.0,43.0,2.0,1.0,1.0,2.0,0.0,7.0,1.0,1.0,1.0,6.0,1849.0,3.0,1.0,1.0,0.0,21.0,0.0,1.0,1.0,1.0,2.0,2.0,2.0,0.0,8.0,11.0,6.0,2.0,0.0,0.0,2.0,2.0,2.0,2.0,5.0,1.0,1.0,1.0,1.0,0.0,1.0,0.0,1.0,1.0,33.0,0
1.0,1.0,60.0,2.0,1.0,1.0,2.0,0.0,2.0,1.0,1.0,1.0,2.0,3600.0,2.0,2.0,1.0,0.0,42.0,0.0,2.0,0.0,2.0,2.0,2.0,2.0,0.0,1.0,8.0,0.0,0.0,0.0,0.0,0.0,0.0,0.0,0.0,0.0,0.0,0.0,0.0,0.0,0.0,0.0,0.0,0.0,0.0,33.0,0
2.0,2.0,58.0,2.0,1.0,1.0,2.0,0.0,4.0,1.0,1.0,1.0,4.0,3364.0,3.0,2.0,1.0,0.0,16.0,0.0,2.0,0.0,2.0,2.0,1.0,2.0,0.0,12.0,11.0,6.0,2.0,0.0,0.0,2.0,2.0,2.0,2.0,5.0,1.0,1.0,1.0,1.0,0.0,1.0,0.0,1.0,1.0,33.0,0
1.0,2.0,29.0,5.0,4.0,1.0,1.0,2.0,6.0,2.0,1.0,1.0,5.0,841.0,3.0,2.0,1.0,0.0,20.0,0.0,2.0,0.0,2.0,2.0,2.0,2.0,0.0,10.0,11.0,3.0,2.0,0.0,0.0,2.0,2.0,2.0,2.0,5.0,2.0,2.0,2.0,2.0,5.0,2.0,1.0,1.0,4.0,33.0,1
1.0,2.0,31.0,1.0,2.0,1.0,2.0,0.0,7.0,1.0,1.0,1.0,6.0,961.0,3.0,2.0,1.0,0.0,45.0,0.0,2.0,0.0,2.0,2.0,2.0,2.0,0.0,99.0,6.0,5.0,2.0,0.0,0.0,2.0,2.0,2.0,2.0,5.0,1.0,1.0,1.0,1.0,0.0,1.0,0.0,1.0,1.0,33.0,0
2.0,1.0,31.0,1.0,2.0,1.0,2.0,0.0,7.0,1.0,3.0,1.0,6.0,961.0,2.0,2.0,2.0,2.0,30.0,8.0,1.0,1.0,1.0,1.0,2.0,2.0,0.0,1.0,6.0,0.0,0.0,0.0,0.0,0.0,0.0,0.0,0.0,0.0,0.0,0.0,0.0,0.0,0.0,0.0,0.0,0.0,0.0,33.0,0
1.0,1.0,73.0,2.0,1.0,1.0,2.0,0.0,2.0,2.0,3.0,1.0,1.0,5329.0,2.0,2.0,1.0,0.0,30.0,0.0,2.0,0.0,2.0,2.0,2.0,2.0,0.0,1.0,8.0,0.0,0.0,0.0,0.0,0.0,0.0,0.0,0.0,0.0,0.0,0.0,0.0,0.0,0.0,0.0,0.0,0.0,0.0,33.0,0
2.0,2.0,73.0,2.0,1.0,1.0,2.0,0.0,4.0,2.0,3.0,1.0,3.0,5329.0,2.0,2.0,1.0,0.0,30.0,0.0,1.0,3.0,2.0,2.0,2.0,2.0,0.0,3.0,11.0,0.0,0.0,0.0,0.0,0.0,0.0,0.0,0.0,0.0,0.0,0.0,0.0,0.0,0.0,0.0,0.0,0.0,0.0,33.0,0
3.0,2.0,44.0,2.0,1.0,1.0,2.0,0.0,7.0,2.0,1.0,1.0,5.0,1936.0,2.0,3.0,1.0,0.0,60.0,0.0,1.0,1.0,1.0,1.0,2.0,2.0,0.0,3.0,11.0,0.0,0.0,0.0,0.0,0.0,0.0,0.0,0.0,0.0,0.0,0.0,0.0,0.0,0.0,0.0,0.0,0.0,0.0,33.0,0
4.0,1.0,44.0,2.0,1.0,1.0,2.0,0.0,4.0,1.0,1.0,1.0,4.0,1936.0,2.0,3.0,1.0,0.0,60.0,0.0,1.0,1.0,1.0,1.0,2.0,2.0,0.0,3.0,11.0,0.0,0.0,0.0,0.0,0.0,0.0,0.0,0.0,0.0,0.0,0.0,0.0,0.0,0.0,0.0,0.0,0.0,0.0,33.0,0
5.0,1.0,21.0,5.0,1.0,1.0,1.0,1.0,7.0,2.0,1.0,1.0,5.0,441.0,3.0,1.0,1.0,0.0,28.0,0.0,1.0,1.0,1.0,1.0,2.0,2.0,0.0,2.0,11.0,5.0,9.0,9.0,4.0,2.0,2.0,2.0,2.0,5.0,2.0,2.0,2.0,2.0,5.0,2.0,2.0,1.0,4.0,33.0,1
3.0,1.0,23.0,5.0,1.0,1.0,2.0,0.0,4.0,1.0,1.0,1.0,4.0,529.0,3.0,2.0,1.0,0.0,40.0,0.0,2.0,0.0,2.0,2.0,2.0,2.0,0.0,7.0,11.0,5.0,2.0,0.0,0.0,2.0,2.0,2.0,2.0,5.0,1.0,1.0,1.0,1.0,0.0,1.0,0.0,1.0,1.0,33.0,0
1.0,1.0,60.0,2.0,4.0,1.0,2.0,0.0,2.0,1.0,3.0,1.0,2.0,3600.0,3.0,1.0,1.0,0.0,8.0,0.0,1.0,1.0,1.0,1.0,2.0,2.0,0.0,2.0,8.0,5.0,1.0,1.0,3.0,2.0,2.0,2.0,2.0,5.0,2.0,2.0,2.0,2.0,5.0,2.0,2.0,1.0,4.0,33.0,1
1.0,1.0,44.0,2.0,1.0,1.0,2.0,0.0,2.0,1.0,1.0,1.0,2.0,1936.0,3.0,3.0,1.0,0.0,48.0,0.0,2.0,0.0,2.0,2.0,2.0,2.0,0.0,10.0,4.0,6.0,2.0,0.0,0.0,2.0,2.0,2.0,2.0,5.0,1.0,1.0,2.0,1.0,0.0,1.0,0.0,1.0,1.0,33.0,0
3.0,1.0,25.0,5.0,1.0,1.0,2.0,0.0,4.0,2.0,1.0,1.0,3.0,625.0,3.0,3.0,1.0,0.0,48.0,0.0,2.0,0.0,2.0,9.0,2.0,2.0,0.0,10.0,4.0,6.0,2.0,0.0,0.0,2.0,2.0,2.0,2.0,5.0,1.0,1.0,2.0,1.0,0.0,1.0,0.0,1.0,1.0,33.0,0
1.0,1.0,56.0,5.0,1.0,1.0,2.0,0.0,6.0,2.0,1.0,1.0,5.0,3136.0,2.0,2.0,1.0,0.0,42.0,0.0,1.0,1.0,1.0,1.0,2.0,2.0,0.0,1.0,8.0,0.0,0.0,0.0,0.0,0.0,0.0,0.0,0.0,0.0,0.0,0.0,0.0,0.0,0.0,0.0,0.0,0.0,0.0,33.0,0
1.0,1.0,64.0,2.0,1.0,1.0,2.0,0.0,2.0,1.0,3.0,1.0,2.0,4096.0,3.0,2.0,1.0,0.0,45.0,0.0,2.0,0.0,2.0,2.0,2.0,2.0,0.0,4.0,11.0,5.0,2.0,0.0,0.0,2.0,2.0,2.0,2.0,5.0,1.0,1.0,1.0,1.0,0.0,1.0,0.0,1.0,1.0,33.0,0
2.0,2.0,59.0,2.0,1.0,1.0,2.0,0.0,2.0,1.0,3.0,1.0,2.0,3481.0,3.0,1.0,1.0,0.0,21.0,0.0,1.0,1.0,1.0,1.0,2.0,1.0,1.0,0.0,0.0,0.0,0.0,0.0,0.0,2.0,2.0,2.0,2.0,5.0,1.0,1.0,1.0,1.0,0.0,1.0,0.0,1.0,4.0,33.0,0
1.0,1.0,36.0,1.0,12.0,1.0,2.0,0.0,7.0,1.0,4.0,1.0,6.0,1296.0,3.0,2.0,1.0,0.0,32.0,0.0,2.0,0.0,2.0,2.0,1.0,2.0,0.0,12.0,11.0,6.0,2.0,0.0,0.0,2.0,2.0,2.0,2.0,5.0,1.0,1.0,1.0,1.0,0.0,1.0,0.0,1.0,1.0,33.0,0
1.0,1.0,55.0,2.0,1.0,2.0,2.0,0.0,2.0,2.0,3.0,1.0,1.0,3025.0,3.0,2.0,1.0,0.0,40.0,0.0,2.0,0.0,2.0,2.0,1.0,2.0,0.0,2.0,9.0,6.0,2.0,0.0,0.0,2.0,2.0,2.0,2.0,5.0,1.0,1.0,1.0,1.0,0.0,1.0,0.0,1.0,1.0,33.0,0
2.0,2.0,50.0,2.0,1.0,1.0,2.0,0.0,4.0,1.0,3.0,1.0,4.0,2500.0,3.0,2.0,1.0,0.0,36.0,0.0,2.0,0.0,2.0,2.0,2.0,1.0,2.0,0.0,0.0,0.0,0.0,0.0,0.0,2.0,2.0,2.0,2.0,5.0,2.0,2.0,2.0,2.0,5.0,2.0,2.0,1.0,4.0,33.0,1
3.0,2.0,23.0,5.0,1.0,1.0,1.0,1.0,7.0,2.0,1.0,1.0,5.0,529.0,3.0,2.0,1.0,0.0,40.0,0.0,2.0,0.0,2.0,2.0,1.0,2.0,0.0,99.0,11.0,4.0,2.0,0.0,0.0,2.0,2.0,2.0,2.0,5.0,2.0,2.0,2.0,2.0,5.0,2.0,2.0,1.0,4.0,33.0,1
3.0,1.0,18.0,5.0,4.0,1.0,2.0,0.0,4.0,2.0,1.0,1.0,3.0,324.0,3.0,2.0,1.0,0.0,45.0,0.0,2.0,0.0,2.0,2.0,2.0,2.0,0.0,2.0,8.0,4.0,1.0,1.0,4.0,2.0,2.0,2.0,2.0,5.0,2.0,2.0,2.0,2.0,5.0,2.0,2.0,1.0,4.0,33.0,1
1.0,2.0,88.0,4.0,1.0,1.0,2.0,0.0,4.0,2.0,2.0,1.0,3.0,7744.0,2.0,2.0,1.0,0.0,6.0,0.0,2.0,0.0,2.0,2.0,2.0,2.0,0.0,1.0,6.0,0.0,0.0,0.0,0.0,0.0,0.0,0.0,0.0,0.0,0.0,0.0,0.0,0.0,0.0,0.0,0.0,0.0,0.0,32.0,0
1.0,2.0,50.0,2.0,4.0,1.0,2.0,0.0,7.0,1.0,5.0,1.0,6.0,2500.0,3.0,2.0,2.0,2.0,24.0,12.0,2.0,0.0,2.0,2.0,2.0,1.0,2.0,0.0,0.0,0.0,0.0,0.0,0.0,1.0,2.0,2.0,2.0,0.0,1.0,1.0,2.0,2.0,0.0,2.0,2.0,1.0,4.0,32.0,1
2.0,1.0,48.0,2.0,1.0,1.0,2.0,0.0,7.0,1.0,5.0,1.0,6.0,2304.0,2.0,2.0,1.0,0.0,30.0,0.0,2.0,0.0,2.0,2.0,2.0,2.0,0.0,1.0,4.0,0.0,0.0,0.0,0.0,0.0,0.0,0.0,0.0,0.0,0.0,0.0,0.0,0.0,0.0,0.0,0.0,0.0,0.0,32.0,0
3.0,2.0,23.0,5.0,4.0,1.0,1.0,1.0,7.0,2.0,1.0,1.0,5.0,529.0,2.0,2.0,1.0,0.0,6.0,0.0,2.0,0.0,2.0,2.0,2.0,2.0,0.0,2.0,8.0,0.0,0.0,0.0,0.0,0.0,0.0,0.0,0.0,0.0,0.0,0.0,0.0,0.0,0.0,0.0,0.0,0.0,0.0,32.0,0
1.0,1.0,53.0,2.0,1.0,1.0,2.0,0.0,6.0,1.0,1.0,1.0,6.0,2809.0,3.0,2.0,1.0,0.0,40.0,0.0,1.0,1.0,1.0,1.0,1.0,2.0,0.0,12.0,11.0,6.0,2.0,0.0,0.0,2.0,2.0,2.0,2.0,5.0,1.0,1.0,1.0,1.0,0.0,1.0,0.0,1.0,1.0,32.0,0
2.0,1.0,38.0,2.0,2.0,1.0,2.0,0.0,4.0,1.0,1.0,1.0,4.0,1444.0,3.0,4.0,0.0,0.0,0.0,0.0,2.0,0.0,2.0,2.0,2.0,2.0,0.0,10.0,11.0,5.0,2.0,0.0,0.0,2.0,2.0,2.0,2.0,5.0,1.0,1.0,1.0,1.0,0.0,1.0,0.0,1.0,1.0,33.0,0
3.0,2.0,43.0,3.0,4.0,1.0,2.0,0.0,2.0,1.0,1.0,1.0,2.0,1849.0,3.0,2.0,1.0,0.0,40.0,0.0,2.0,0.0,2.0,2.0,2.0,2.0,0.0,2.0,4.0,5.0,2.0,0.0,0.0,2.0,2.0,2.0,2.0,5.0,2.0,2.0,2.0,2.0,5.0,2.0,2.0,1.0,4.0,33.0,1
2.0,2.0,70.0,2.0,1.0,1.0,2.0,0.0,2.0,1.0,1.0,1.0,2.0,4900.0,2.0,4.0,0.0,0.0,0.0,0.0,2.0,0.0,2.0,2.0,2.0,2.0,0.0,1.0,11.0,0.0,0.0,0.0,0.0,0.0,0.0,0.0,0.0,0.0,0.0,0.0,0.0,0.0,0.0,0.0,0.0,0.0,0.0,33.0,0
1.0,2.0,35.0,2.0,1.0,1.0,2.0,0.0,7.0,1.0,5.0,1.0,6.0,1225.0,3.0,3.0,2.0,2.0,40.0,6.0,2.0,0.0,2.0,2.0,2.0,2.0,0.0,9.0,11.0,6.0,2.0,0.0,0.0,2.0,2.0,2.0,2.0,5.0,1.0,1.0,1.0,1.0,0.0,1.0,0.0,1.0,1.0,33.0,0
2.0,1.0,35.0,2.0,1.0,1.0,2.0,0.0,7.0,1.0,1.0,1.0,6.0,1225.0,3.0,2.0,1.0,0.0,40.0,0.0,2.0,0.0,2.0,2.0,2.0,2.0,0.0,10.0,11.0,6.0,2.0,0.0,0.0,2.0,2.0,2.0,2.0,5.0,1.0,1.0,1.0,1.0,0.0,1.0,0.0,1.0,1.0,33.0,0
3.0,1.0,49.0,3.0,1.0,1.0,2.0,0.0,4.0,1.0,1.0,1.0,4.0,2401.0,3.0,3.0,1.0,0.0,48.0,0.0,2.0,0.0,2.0,2.0,2.0,2.0,0.0,99.0,11.0,6.0,2.0,0.0,0.0,2.0,2.0,2.0,2.0,5.0,1.0,1.0,1.0,1.0,0.0,1.0,0.0,1.0,1.0,33.0,0
9.0,1.0,60.0,5.0,4.0,1.0,2.0,0.0,2.0,1.0,1.0,1.0,2.0,3600.0,2.0,2.0,1.0,0.0,16.0,0.0,2.0,0.0,2.0,2.0,2.0,2.0,0.0,1.0,5.0,0.0,0.0,0.0,0.0,0.0,0.0,0.0,0.0,0.0,0.0,0.0,0.0,0.0,0.0,0.0,0.0,0.0,0.0,33.0,0
8.0,1.0,60.0,5.0,4.0,1.0,2.0,0.0,2.0,1.0,1.0,1.0,2.0,3600.0,3.0,3.0,1.0,0.0,48.0,0.0,2.0,0.0,2.0,2.0,2.0,2.0,0.0,99.0,11.0,5.0,2.0,0.0,0.0,1.0,2.0,2.0,2.0,0.0,2.0,2.0,2.0,2.0,5.0,2.0,2.0,1.0,4.0,33.0,1
1.0,2.0,72.0,4.0,1.0,1.0,2.0,0.0,4.0,1.0,1.0,1.0,4.0,5184.0,2.0,2.0,1.0,0.0,20.0,0.0,2.0,0.0,2.0,2.0,2.0,2.0,0.0,1.0,6.0,0.0,0.0,0.0,0.0,0.0,0.0,0.0,0.0,0.0,0.0,0.0,0.0,0.0,0.0,0.0,0.0,0.0,0.0,33.0,0
1.0,1.0,44.0,2.0,1.0,1.0,2.0,0.0,6.0,1.0,1.0,1.0,6.0,1936.0,3.0,2.0,2.0,2.0,20.0,20.0,2.0,0.0,2.0,2.0,1.0,2.0,0.0,99.0,11.0,5.0,1.0,9.0,4.0,2.0,2.0,2.0,2.0,5.0,1.0,1.0,1.0,1.0,0.0,1.0,0.0,1.0,1.0,33.0,0
2.0,2.0,53.0,2.0,1.0,1.0,2.0,0.0,6.0,1.0,1.0,1.0,6.0,2809.0,3.0,1.0,1.0,0.0,20.0,0.0,1.0,1.0,2.0,2.0,1.0,2.0,0.0,7.0,11.0,6.0,2.0,0.0,0.0,2.0,2.0,2.0,2.0,5.0,1.0,1.0,1.0,1.0,0.0,1.0,0.0,1.0,1.0,33.0,0
1.0,2.0,52.0,3.0,4.0,1.0,2.0,0.0,4.0,2.0,2.0,1.0,3.0,2704.0,3.0,2.0,2.0,2.0,15.0,8.0,2.0,0.0,2.0,2.0,2.0,1.0,1.0,0.0,0.0,0.0,0.0,0.0,0.0,1.0,2.0,1.0,1.0,0.0,2.0,2.0,2.0,2.0,5.0,2.0,2.0,1.0,4.0,33.0,1
3.0,2.0,19.0,5.0,4.0,1.0,1.0,1.0,4.0,2.0,1.0,1.0,3.0,361.0,3.0,1.0,1.0,0.0,21.0,0.0,1.0,1.0,1.0,1.0,2.0,2.0,0.0,4.0,11.0,1.0,1.0,2.0,4.0,1.0,2.0,1.0,2.0,0.0,2.0,2.0,2.0,2.0,5.0,2.0,2.0,1.0,2.0,33.0,1
3.0,2.0,23.0,5.0,1.0,1.0,2.0,0.0,4.0,2.0,1.0,1.0,3.0,529.0,3.0,2.0,1.0,0.0,30.0,0.0,2.0,0.0,2.0,2.0,2.0,2.0,0.0,8.0,11.0,5.0,1.0,9.0,4.0,1.0,2.0,2.0,2.0,0.0,1.0,1.0,1.0,1.0,0.0,1.0,0.0,1.0,1.0,33.0,0
3.0,1.0,21.0,5.0,1.0,1.0,2.0,0.0,4.0,1.0,1.0,1.0,4.0,441.0,3.0,2.0,1.0,0.0,40.0,0.0,2.0,0.0,2.0,2.0,1.0,2.0,0.0,9.0,11.0,4.0,2.0,0.0,0.0,2.0,2.0,2.0,2.0,5.0,1.0,1.0,1.0,1.0,0.0,1.0,0.0,2.0,1.0,33.0,0
1.0,1.0,44.0,1.0,1.0,1.0,2.0,0.0,4.0,1.0,1.0,1.0,4.0,1936.0,3.0,3.0,1.0,0.0,56.0,0.0,2.0,0.0,2.0,2.0,2.0,2.0,0.0,12.0,4.0,6.0,2.0,0.0,0.0,2.0,2.0,2.0,2.0,5.0,1.0,1.0,1.0,1.0,0.0,1.0,0.0,1.0,1.0,33.0,0
2.0,2.0,44.0,1.0,1.0,1.0,2.0,0.0,4.0,1.0,1.0,1.0,4.0,1936.0,3.0,2.0,1.0,0.0,45.0,0.0,2.0,0.0,2.0,2.0,2.0,2.0,0.0,7.0,11.0,5.0,2.0,0.0,0.0,2.0,2.0,2.0,1.0,0.0,1.0,1.0,1.0,1.0,0.0,1.0,0.0,1.0,1.0,33.0,0
3.0,1.0,24.0,5.0,1.0,1.0,1.0,1.0,7.0,2.0,1.0,1.0,5.0,576.0,3.0,2.0,1.0,0.0,45.0,0.0,2.0,0.0,2.0,2.0,2.0,2.0,0.0,9.0,11.0,5.0,2.0,0.0,0.0,2.0,2.0,2.0,2.0,5.0,1.0,1.0,1.0,1.0,0.0,1.0,0.0,1.0,1.0,33.0,0
1.0,2.0,22.0,5.0,1.0,1.0,1.0,1.0,7.0,2.0,1.0,1.0,5.0,484.0,3.0,2.0,1.0,0.0,40.0,0.0,2.0,0.0,2.0,2.0,2.0,2.0,0.0,7.0,11.0,4.0,2.0,0.0,0.0,1.0,2.0,2.0,2.0,0.0,1.0,1.0,1.0,1.0,0.0,1.0,0.0,1.0,1.0,33.0,0
1.0,1.0,57.0,2.0,1.0,1.0,2.0,0.0,4.0,1.0,1.0,1.0,4.0,3249.0,3.0,2.0,1.0,0.0,40.0,0.0,2.0,0.0,2.0,1.0,2.0,2.0,0.0,1.0,4.0,5.0,2.0,0.0,0.0,2.0,2.0,2.0,2.0,5.0,2.0,2.0,2.0,2.0,5.0,2.0,1.0,1.0,4.0,33.0,1
1.0,2.0,33.0,1.0,4.0,1.0,2.0,0.0,4.0,2.0,1.0,1.0,3.0,1089.0,3.0,2.0,1.0,0.0,41.0,0.0,1.0,1.0,1.0,1.0,2.0,2.0,0.0,7.0,11.0,3.0,2.0,0.0,0.0,1.0,2.0,1.0,2.0,0.0,2.0,2.0,2.0,2.0,5.0,2.0,2.0,2.0,4.0,32.0,1
2.0,1.0,34.0,1.0,1.0,1.0,2.0,0.0,4.0,2.0,1.0,1.0,3.0,1156.0,3.0,3.0,2.0,2.0,63.0,16.0,2.0,0.0,2.0,1.0,2.0,2.0,0.0,6.0,4.0,5.0,2.0,0.0,0.0,2.0,2.0,2.0,2.0,5.0,2.0,2.0,2.0,2.0,5.0,2.0,2.0,3.0,4.0,32.0,1
2.0,2.0,47.0,1.0,12.0,1.0,2.0,0.0,7.0,2.0,1.0,1.0,5.0,2209.0,2.0,1.0,1.0,0.0,21.0,0.0,1.0,1.0,1.0,2.0,2.0,2.0,0.0,2.0,8.0,0.0,0.0,0.0,0.0,0.0,0.0,0.0,0.0,0.0,0.0,0.0,0.0,0.0,0.0,0.0,0.0,0.0,0.0,33.0,0
1.0,2.0,58.0,2.0,4.0,1.0,2.0,0.0,2.0,1.0,3.0,1.0,2.0,3364.0,3.0,2.0,1.0,0.0,36.0,0.0,2.0,0.0,2.0,2.0,2.0,1.0,1.0,0.0,0.0,0.0,0.0,0.0,0.0,1.0,2.0,2.0,2.0,0.0,2.0,2.0,2.0,2.0,5.0,2.0,2.0,3.0,4.0,33.0,1
3.0,1.0,27.0,5.0,1.0,1.0,2.0,0.0,4.0,1.0,1.0,1.0,4.0,729.0,3.0,3.0,1.0,0.0,48.0,0.0,1.0,1.0,2.0,2.0,2.0,2.0,0.0,11.0,4.0,6.0,2.0,0.0,0.0,2.0,2.0,2.0,2.0,5.0,1.0,1.0,1.0,1.0,0.0,1.0,0.0,1.0,1.0,33.0,0
3.0,2.0,19.0,5.0,1.0,1.0,2.0,0.0,4.0,1.0,1.0,1.0,4.0,361.0,3.0,3.0,1.0,0.0,60.0,0.0,2.0,0.0,2.0,2.0,2.0,2.0,0.0,4.0,11.0,1.0,2.0,0.0,0.0,2.0,2.0,2.0,2.0,5.0,1.0,1.0,1.0,1.0,0.0,1.0,0.0,1.0,1.0,33.0,0
2.0,1.0,52.0,2.0,4.0,1.0,2.0,0.0,2.0,1.0,1.0,1.0,2.0,2704.0,2.0,2.0,1.0,0.0,35.0,0.0,2.0,0.0,2.0,2.0,2.0,2.0,0.0,1.0,8.0,0.0,0.0,0.0,0.0,0.0,0.0,0.0,0.0,0.0,0.0,0.0,0.0,0.0,0.0,0.0,0.0,0.0,0.0,33.0,0
1.0,2.0,53.0,3.0,1.0,1.0,2.0,0.0,6.0,1.0,1.0,1.0,6.0,2809.0,3.0,4.0,0.0,0.0,0.0,0.0,1.0,1.0,1.0,1.0,2.0,2.0,0.0,9.0,11.0,5.0,1.0,5.0,4.0,2.0,2.0,2.0,2.0,5.0,1.0,1.0,1.0,1.0,0.0,1.0,0.0,1.0,1.0,33.0,0
1.0,2.0,62.0,3.0,1.0,1.0,2.0,0.0,6.0,1.0,1.0,1.0,6.0,3844.0,2.0,3.0,1.0,0.0,50.0,0.0,2.0,0.0,2.0,2.0,2.0,2.0,0.0,1.0,9.0,0.0,0.0,0.0,0.0,0.0,0.0,0.0,0.0,0.0,0.0,0.0,0.0,0.0,0.0,0.0,0.0,0.0,0.0,33.0,0
9.0,2.0,30.0,5.0,1.0,1.0,2.0,0.0,7.0,2.0,3.0,1.0,5.0,900.0,3.0,2.0,1.0,0.0,40.0,0.0,2.0,0.0,2.0,2.0,2.0,2.0,0.0,99.0,11.0,6.0,2.0,0.0,0.0,2.0,2.0,2.0,2.0,5.0,1.0,1.0,1.0,1.0,0.0,1.0,0.0,1.0,1.0,33.0,0
1.0,1.0,35.0,2.0,1.0,1.0,2.0,0.0,6.0,1.0,3.0,1.0,6.0,1225.0,3.0,2.0,1.0,0.0,40.0,0.0,2.0,0.0,2.0,2.0,1.0,2.0,0.0,9.0,11.0,6.0,2.0,0.0,0.0,2.0,2.0,2.0,2.0,5.0,1.0,1.0,1.0,1.0,0.0,1.0,0.0,1.0,1.0,33.0,0
2.0,2.0,41.0,2.0,1.0,1.0,2.0,0.0,6.0,1.0,3.0,1.0,6.0,1681.0,3.0,2.0,1.0,0.0,40.0,0.0,2.0,0.0,2.0,2.0,1.0,2.0,0.0,6.0,11.0,6.0,2.0,0.0,0.0,2.0,2.0,2.0,2.0,5.0,1.0,1.0,1.0,1.0,0.0,1.0,0.0,1.0,1.0,33.0,0
2.0,2.0,54.0,2.0,1.0,1.0,2.0,0.0,7.0,1.0,1.0,1.0,6.0,2916.0,3.0,2.0,2.0,2.0,20.0,20.0,2.0,0.0,2.0,2.0,1.0,2.0,0.0,8.0,11.0,6.0,2.0,0.0,0.0,2.0,2.0,2.0,2.0,5.0,1.0,1.0,1.0,1.0,0.0,1.0,0.0,1.0,1.0,32.0,0
1.0,2.0,58.0,5.0,1.0,1.0,2.0,0.0,6.0,1.0,1.0,1.0,6.0,3364.0,3.0,2.0,1.0,0.0,40.0,0.0,2.0,0.0,2.0,2.0,2.0,2.0,0.0,4.0,6.0,6.0,2.0,0.0,0.0,2.0,2.0,2.0,1.0,0.0,1.0,1.0,1.0,1.0,0.0,1.0,0.0,1.0,1.0,32.0,0
3.0,2.0,27.0,5.0,1.0,1.0,2.0,0.0,6.0,1.0,5.0,1.0,6.0,729.0,3.0,2.0,1.0,0.0,45.0,0.0,2.0,0.0,1.0,1.0,2.0,2.0,0.0,4.0,11.0,5.0,2.0,0.0,0.0,1.0,2.0,2.0,2.0,0.0,1.0,1.0,1.0,1.0,0.0,1.0,0.0,1.0,1.0,32.0,0
1.0,2.0,39.0,5.0,4.0,1.0,2.0,0.0,4.0,2.0,3.0,1.0,3.0,1521.0,3.0,3.0,1.0,0.0,55.0,0.0,2.0,0.0,2.0,2.0,2.0,2.0,0.0,2.0,11.0,6.0,2.0,0.0,0.0,1.0,2.0,2.0,2.0,0.0,2.0,2.0,2.0,2.0,5.0,2.0,2.0,1.0,4.0,33.0,1
3.0,1.0,29.0,1.0,4.0,1.0,2.0,0.0,2.0,1.0,1.0,1.0,2.0,841.0,3.0,3.0,1.0,0.0,50.0,0.0,2.0,0.0,2.0,2.0,2.0,2.0,0.0,99.0,8.0,5.0,2.0,0.0,0.0,2.0,2.0,2.0,2.0,5.0,2.0,2.0,2.0,2.0,5.0,2.0,2.0,1.0,4.0,33.0,1
1.0,2.0,41.0,3.0,4.0,1.0,2.0,0.0,4.0,2.0,1.0,1.0,3.0,1681.0,3.0,1.0,2.0,2.0,4.0,4.0,1.0,1.0,1.0,1.0,2.0,1.0,2.0,0.0,0.0,0.0,0.0,0.0,0.0,2.0,2.0,2.0,2.0,5.0,2.0,2.0,2.0,2.0,5.0,2.0,2.0,1.0,4.0,33.0,1
1.0,2.0,55.0,4.0,1.0,1.0,2.0,0.0,6.0,1.0,1.0,1.0,6.0,3025.0,3.0,2.0,2.0,3.0,8.0,8.0,2.0,0.0,2.0,2.0,1.0,2.0,0.0,8.0,11.0,6.0,2.0,0.0,0.0,2.0,2.0,2.0,2.0,5.0,1.0,1.0,1.0,1.0,0.0,1.0,0.0,1.0,1.0,33.0,0
1.0,1.0,48.0,1.0,1.0,1.0,2.0,0.0,2.0,1.0,1.0,1.0,2.0,2304.0,3.0,2.0,1.0,0.0,45.0,0.0,2.0,0.0,2.0,2.0,2.0,2.0,0.0,99.0,11.0,6.0,2.0,0.0,0.0,2.0,2.0,2.0,2.0,5.0,1.0,1.0,1.0,1.0,0.0,1.0,0.0,1.0,1.0,33.0,0
1.0,1.0,33.0,1.0,4.0,1.0,2.0,0.0,2.0,2.0,3.0,1.0,1.0,1089.0,3.0,3.0,1.0,0.0,72.0,0.0,1.0,2.0,2.0,2.0,2.0,2.0,0.0,3.0,11.0,6.0,2.0,0.0,0.0,1.0,2.0,2.0,2.0,0.0,1.0,1.0,2.0,2.0,0.0,2.0,2.0,1.0,4.0,33.0,1
1.0,2.0,39.0,1.0,1.0,1.0,1.0,1.0,7.0,2.0,1.0,1.0,5.0,1521.0,3.0,2.0,1.0,0.0,40.0,0.0,2.0,0.0,2.0,2.0,2.0,2.0,0.0,9.0,11.0,5.0,2.0,0.0,0.0,2.0,2.0,2.0,2.0,5.0,1.0,1.0,1.0,1.0,0.0,1.0,0.0,1.0,1.0,33.0,0
2.0,1.0,47.0,1.0,1.0,1.0,2.0,0.0,4.0,2.0,1.0,1.0,3.0,2209.0,3.0,3.0,1.0,0.0,48.0,0.0,2.0,0.0,2.0,2.0,2.0,2.0,0.0,12.0,4.0,6.0,2.0,0.0,0.0,2.0,2.0,2.0,2.0,5.0,1.0,1.0,1.0,1.0,0.0,1.0,0.0,1.0,1.0,33.0,0
1.0,1.0,23.0,5.0,1.0,1.0,1.0,1.0,7.0,2.0,1.0,1.0,5.0,529.0,3.0,2.0,2.0,2.0,12.0,2.0,2.0,0.0,2.0,2.0,2.0,2.0,0.0,8.0,11.0,5.0,2.0,0.0,0.0,2.0,2.0,2.0,2.0,5.0,1.0,1.0,1.0,1.0,0.0,1.0,0.0,1.0,1.0,33.0,0
6.0,1.0,52.0,2.0,1.0,1.0,2.0,0.0,4.0,2.0,1.0,1.0,3.0,2704.0,3.0,3.0,1.0,0.0,48.0,0.0,2.0,0.0,2.0,2.0,2.0,2.0,0.0,7.0,4.0,6.0,2.0,0.0,0.0,2.0,2.0,2.0,2.0,5.0,1.0,1.0,1.0,1.0,0.0,1.0,0.0,1.0,1.0,33.0,0
2.0,2.0,55.0,2.0,2.0,1.0,2.0,0.0,4.0,2.0,3.0,1.0,3.0,3025.0,3.0,3.0,1.0,0.0,50.0,0.0,2.0,0.0,2.0,2.0,2.0,2.0,0.0,99.0,11.0,6.0,2.0,0.0,0.0,2.0,2.0,2.0,1.0,0.0,1.0,1.0,1.0,1.0,0.0,1.0,0.0,1.0,1.0,33.0,0
3.0,2.0,24.0,5.0,2.0,1.0,2.0,0.0,7.0,1.0,1.0,1.0,6.0,576.0,3.0,1.0,2.0,2.0,40.0,0.0,2.0,0.0,2.0,2.0,2.0,2.0,0.0,99.0,11.0,9.0,2.0,0.0,0.0,2.0,2.0,2.0,2.0,5.0,1.0,1.0,1.0,1.0,0.0,1.0,0.0,1.0,1.0,33.0,0
1.0,1.0,67.0,2.0,3.0,1.0,2.0,0.0,7.0,1.0,1.0,1.0,6.0,4489.0,2.0,4.0,0.0,0.0,0.0,0.0,2.0,0.0,2.0,2.0,2.0,2.0,0.0,4.0,11.0,0.0,0.0,0.0,0.0,0.0,0.0,0.0,0.0,0.0,0.0,0.0,0.0,0.0,0.0,0.0,0.0,0.0,0.0,33.0,0
2.0,2.0,67.0,2.0,3.0,1.0,2.0,0.0,8.0,1.0,1.0,1.0,6.0,4489.0,3.0,4.0,0.0,0.0,0.0,0.0,2.0,0.0,2.0,2.0,2.0,2.0,0.0,8.0,11.0,6.0,2.0,0.0,0.0,2.0,2.0,2.0,2.0,5.0,2.0,2.0,2.0,1.0,0.0,2.0,1.0,1.0,3.0,33.0,1
1.0,2.0,45.0,3.0,1.0,1.0,1.0,1.0,6.0,2.0,1.0,1.0,5.0,2025.0,3.0,2.0,2.0,2.0,20.0,16.0,2.0,0.0,2.0,2.0,1.0,2.0,0.0,99.0,11.0,3.0,2.0,0.0,0.0,1.0,2.0,2.0,2.0,0.0,1.0,1.0,1.0,1.0,0.0,1.0,0.0,1.0,1.0,32.0,0
1.0,1.0,49.0,2.0,1.0,1.0,2.0,0.0,7.0,1.0,2.0,1.0,6.0,2401.0,3.0,2.0,1.0,0.0,40.0,0.0,2.0,0.0,2.0,2.0,2.0,2.0,0.0,10.0,11.0,6.0,2.0,0.0,0.0,2.0,2.0,2.0,2.0,5.0,1.0,1.0,1.0,1.0,0.0,1.0,0.0,1.0,1.0,32.0,0
2.0,2.0,44.0,2.0,1.0,1.0,2.0,0.0,7.0,1.0,3.0,1.0,6.0,1936.0,3.0,2.0,1.0,0.0,32.0,0.0,2.0,0.0,2.0,2.0,2.0,2.0,0.0,8.0,11.0,6.0,2.0,0.0,0.0,2.0,2.0,2.0,2.0,5.0,1.0,1.0,1.0,1.0,0.0,1.0,0.0,1.0,1.0,32.0,0
1.0,2.0,26.0,1.0,4.0,1.0,2.0,0.0,4.0,2.0,3.0,3.0,3.0,676.0,3.0,1.0,1.0,0.0,20.0,0.0,1.0,1.0,2.0,2.0,2.0,2.0,0.0,2.0,11.0,5.0,2.0,0.0,0.0,2.0,2.0,2.0,2.0,5.0,2.0,2.0,1.0,2.0,0.0,2.0,2.0,1.0,4.0,32.0,1
2.0,1.0,32.0,1.0,1.0,1.0,2.0,0.0,4.0,1.0,1.0,1.0,4.0,1024.0,3.0,3.0,1.0,0.0,48.0,0.0,2.0,0.0,2.0,2.0,2.0,2.0,0.0,5.0,11.0,3.0,2.0,0.0,0.0,2.0,2.0,2.0,2.0,5.0,1.0,1.0,1.0,1.0,0.0,1.0,0.0,1.0,1.0,32.0,0
1.0,1.0,69.0,2.0,1.0,1.0,2.0,0.0,7.0,1.0,1.0,1.0,6.0,4761.0,2.0,2.0,1.0,0.0,20.0,0.0,2.0,0.0,2.0,2.0,2.0,2.0,0.0,1.0,11.0,0.0,0.0,0.0,0.0,0.0,0.0,0.0,0.0,0.0,0.0,0.0,0.0,0.0,0.0,0.0,0.0,0.0,0.0,33.0,0
6.0,2.0,52.0,2.0,1.0,1.0,2.0,0.0,4.0,1.0,1.0,1.0,4.0,2704.0,3.0,2.0,1.0,0.0,40.0,0.0,2.0,0.0,2.0,2.0,2.0,2.0,0.0,8.0,11.0,6.0,2.0,0.0,0.0,2.0,2.0,2.0,2.0,5.0,1.0,1.0,1.0,1.0,0.0,1.0,0.0,1.0,1.0,33.0,0
3.0,1.0,63.0,3.0,1.0,1.0,2.0,0.0,4.0,1.0,1.0,1.0,4.0,3969.0,3.0,2.0,1.0,0.0,40.0,0.0,2.0,0.0,2.0,2.0,2.0,2.0,0.0,4.0,11.0,6.0,2.0,0.0,0.0,2.0,2.0,2.0,2.0,5.0,1.0,1.0,1.0,1.0,0.0,1.0,0.0,1.0,1.0,33.0,0
1.0,1.0,56.0,2.0,1.0,1.0,2.0,0.0,4.0,1.0,2.0,1.0,4.0,3136.0,3.0,2.0,1.0,0.0,45.0,0.0,1.0,3.0,2.0,2.0,2.0,2.0,0.0,6.0,11.0,6.0,2.0,0.0,0.0,2.0,2.0,2.0,2.0,5.0,1.0,1.0,1.0,1.0,0.0,1.0,0.0,1.0,1.0,33.0,0
3.0,2.0,31.0,1.0,1.0,1.0,2.0,0.0,4.0,1.0,1.0,1.0,4.0,961.0,3.0,2.0,1.0,0.0,8.0,0.0,2.0,0.0,2.0,2.0,2.0,2.0,0.0,99.0,11.0,5.0,2.0,0.0,0.0,2.0,2.0,2.0,2.0,5.0,2.0,2.0,2.0,2.0,5.0,2.0,1.0,1.0,3.0,33.0,1
4.0,1.0,27.0,1.0,1.0,1.0,2.0,0.0,4.0,1.0,1.0,1.0,4.0,729.0,3.0,2.0,1.0,0.0,40.0,0.0,2.0,0.0,2.0,2.0,2.0,2.0,0.0,99.0,11.0,5.0,2.0,0.0,0.0,1.0,2.0,2.0,2.0,0.0,1.0,1.0,1.0,1.0,0.0,1.0,0.0,1.0,1.0,33.0,0
1.0,2.0,38.0,5.0,2.0,1.0,2.0,0.0,7.0,1.0,1.0,1.0,6.0,1444.0,3.0,2.0,1.0,0.0,36.0,0.0,2.0,0.0,2.0,2.0,2.0,2.0,0.0,6.0,11.0,5.0,2.0,0.0,0.0,2.0,2.0,2.0,2.0,5.0,2.0,2.0,2.0,2.0,5.0,2.0,1.0,1.0,3.0,33.0,1
1.0,2.0,60.0,3.0,1.0,1.0,2.0,0.0,7.0,1.0,1.0,1.0,6.0,3600.0,3.0,3.0,2.0,2.0,40.0,12.0,2.0,0.0,2.0,2.0,2.0,2.0,0.0,12.0,11.0,5.0,2.0,0.0,0.0,2.0,2.0,2.0,2.0,5.0,1.0,1.0,1.0,1.0,0.0,1.0,0.0,1.0,1.0,33.0,0
3.0,1.0,27.0,5.0,1.0,1.0,2.0,0.0,7.0,1.0,1.0,1.0,6.0,729.0,3.0,2.0,1.0,0.0,35.0,0.0,2.0,0.0,2.0,1.0,2.0,2.0,0.0,12.0,6.0,6.0,2.0,0.0,0.0,2.0,2.0,2.0,2.0,5.0,1.0,1.0,2.0,2.0,0.0,2.0,1.0,1.0,3.0,33.0,1
3.0,1.0,22.0,5.0,1.0,1.0,1.0,1.0,7.0,2.0,1.0,1.0,5.0,484.0,3.0,2.0,1.0,0.0,36.0,0.0,2.0,0.0,2.0,2.0,2.0,2.0,0.0,5.0,11.0,5.0,2.0,0.0,0.0,2.0,2.0,2.0,2.0,5.0,1.0,1.0,1.0,1.0,0.0,1.0,0.0,1.0,9.0,33.0,0
3.0,1.0,51.0,5.0,4.0,1.0,2.0,0.0,4.0,1.0,1.0,1.0,4.0,2601.0,2.0,3.0,1.0,0.0,84.0,0.0,1.0,1.0,2.0,2.0,2.0,2.0,0.0,1.0,4.0,0.0,0.0,0.0,0.0,0.0,0.0,0.0,0.0,0.0,0.0,0.0,0.0,0.0,0.0,0.0,0.0,0.0,0.0,33.0,0
1.0,2.0,42.0,3.0,1.0,1.0,2.0,0.0,4.0,1.0,1.0,1.0,4.0,1764.0,3.0,3.0,2.0,2.0,40.0,15.0,2.0,0.0,2.0,2.0,2.0,2.0,0.0,99.0,4.0,5.0,2.0,0.0,0.0,2.0,2.0,2.0,2.0,5.0,1.0,1.0,1.0,1.0,0.0,1.0,0.0,1.0,1.0,33.0,0
1.0,1.0,43.0,1.0,1.0,1.0,2.0,0.0,2.0,1.0,1.0,1.0,2.0,1849.0,3.0,2.0,1.0,0.0,42.0,0.0,2.0,0.0,2.0,2.0,1.0,2.0,0.0,11.0,9.0,6.0,2.0,0.0,0.0,2.0,2.0,2.0,2.0,5.0,1.0,1.0,1.0,1.0,0.0,1.0,0.0,1.0,1.0,33.0,0
2.0,2.0,36.0,1.0,4.0,1.0,2.0,0.0,4.0,1.0,1.0,1.0,4.0,1296.0,2.0,1.0,1.0,0.0,4.0,0.0,1.0,1.0,1.0,1.0,2.0,2.0,0.0,1.0,6.0,0.0,0.0,0.0,0.0,0.0,0.0,0.0,0.0,0.0,0.0,0.0,0.0,0.0,0.0,0.0,0.0,0.0,0.0,33.0,0
1.0,1.0,43.0,1.0,1.0,1.0,2.0,0.0,4.0,1.0,1.0,1.0,4.0,1849.0,3.0,2.0,1.0,0.0,45.0,0.0,1.0,1.0,2.0,2.0,2.0,2.0,0.0,11.0,11.0,6.0,2.0,0.0,0.0,2.0,2.0,2.0,1.0,0.0,1.0,1.0,1.0,1.0,0.0,1.0,0.0,3.0,1.0,33.0,0
3.0,1.0,30.0,5.0,1.0,1.0,2.0,0.0,4.0,1.0,1.0,1.0,4.0,900.0,3.0,3.0,1.0,0.0,54.0,0.0,2.0,0.0,2.0,2.0,2.0,2.0,0.0,99.0,11.0,6.0,2.0,0.0,0.0,2.0,2.0,2.0,2.0,5.0,1.0,1.0,1.0,1.0,0.0,1.0,0.0,1.0,1.0,33.0,0
1.0,1.0,35.0,1.0,2.0,1.0,2.0,0.0,4.0,1.0,1.0,1.0,4.0,1225.0,2.0,2.0,1.0,0.0,40.0,0.0,2.0,0.0,2.0,2.0,2.0,2.0,0.0,3.0,6.0,0.0,0.0,0.0,0.0,0.0,0.0,0.0,0.0,0.0,0.0,0.0,0.0,0.0,0.0,0.0,0.0,0.0,0.0,32.0,0
2.0,2.0,30.0,1.0,2.0,1.0,1.0,1.0,7.0,2.0,1.0,1.0,5.0,900.0,2.0,2.0,1.0,0.0,20.0,0.0,2.0,0.0,2.0,2.0,2.0,2.0,0.0,1.0,6.0,0.0,0.0,0.0,0.0,0.0,0.0,0.0,0.0,0.0,0.0,0.0,0.0,0.0,0.0,0.0,0.0,0.0,0.0,32.0,0
3.0,1.0,25.0,5.0,4.0,1.0,2.0,0.0,4.0,2.0,1.0,1.0,3.0,625.0,3.0,1.0,1.0,0.0,10.0,0.0,1.0,1.0,1.0,1.0,2.0,2.0,0.0,99.0,4.0,5.0,1.0,1.0,4.0,2.0,2.0,2.0,2.0,5.0,2.0,2.0,2.0,2.0,5.0,2.0,2.0,1.0,4.0,33.0,1
1.0,2.0,41.0,5.0,1.0,1.0,2.0,0.0,7.0,1.0,5.0,5.0,6.0,1681.0,3.0,2.0,1.0,0.0,38.0,0.0,2.0,0.0,2.0,2.0,2.0,2.0,0.0,5.0,11.0,5.0,2.0,0.0,0.0,2.0,2.0,2.0,2.0,5.0,1.0,1.0,1.0,1.0,0.0,1.0,0.0,1.0,1.0,33.0,0
1.0,1.0,72.0,2.0,1.0,1.0,2.0,0.0,7.0,1.0,1.0,1.0,6.0,5184.0,2.0,2.0,1.0,0.0,20.0,0.0,2.0,0.0,2.0,2.0,2.0,2.0,0.0,1.0,6.0,0.0,0.0,0.0,0.0,0.0,0.0,0.0,0.0,0.0,0.0,0.0,0.0,0.0,0.0,0.0,0.0,0.0,0.0,32.0,0
1.0,1.0,60.0,2.0,1.0,1.0,2.0,0.0,4.0,2.0,1.0,1.0,3.0,3600.0,3.0,2.0,1.0,0.0,40.0,0.0,2.0,0.0,2.0,2.0,2.0,2.0,0.0,2.0,11.0,5.0,2.0,0.0,0.0,2.0,2.0,2.0,2.0,5.0,2.0,2.0,2.0,2.0,5.0,2.0,2.0,1.0,4.0,32.0,1
2.0,2.0,60.0,2.0,1.0,1.0,2.0,0.0,4.0,2.0,1.0,1.0,3.0,3600.0,2.0,2.0,1.0,0.0,36.0,0.0,2.0,0.0,2.0,2.0,2.0,2.0,0.0,1.0,11.0,0.0,0.0,0.0,0.0,0.0,0.0,0.0,0.0,0.0,0.0,0.0,0.0,0.0,0.0,0.0,0.0,0.0,0.0,32.0,0
1.0,1.0,52.0,3.0,12.0,1.0,2.0,0.0,4.0,1.0,1.0,1.0,4.0,2704.0,3.0,2.0,1.0,0.0,45.0,0.0,2.0,0.0,2.0,2.0,2.0,2.0,0.0,8.0,11.0,6.0,2.0,0.0,0.0,2.0,2.0,2.0,1.0,0.0,1.0,1.0,1.0,1.0,0.0,1.0,0.0,1.0,1.0,32.0,0
3.0,1.0,23.0,5.0,12.0,1.0,1.0,1.0,6.0,2.0,1.0,1.0,5.0,529.0,3.0,2.0,1.0,0.0,45.0,0.0,2.0,0.0,2.0,1.0,2.0,2.0,0.0,8.0,11.0,5.0,2.0,0.0,0.0,2.0,2.0,2.0,1.0,0.0,1.0,1.0,1.0,1.0,0.0,1.0,0.0,1.0,1.0,32.0,0
1.0,2.0,68.0,2.0,4.0,2.0,2.0,0.0,2.0,2.0,4.0,1.0,1.0,4624.0,2.0,4.0,0.0,0.0,0.0,0.0,1.0,9.0,2.0,2.0,2.0,2.0,0.0,1.0,9.0,0.0,0.0,0.0,0.0,0.0,0.0,0.0,0.0,0.0,0.0,0.0,0.0,0.0,0.0,0.0,0.0,0.0,0.0,33.0,0
3.0,2.0,27.0,5.0,4.0,1.0,2.0,0.0,4.0,1.0,4.0,1.0,4.0,729.0,3.0,1.0,1.0,0.0,6.0,0.0,1.0,1.0,1.0,2.0,2.0,1.0,1.0,0.0,0.0,0.0,0.0,0.0,0.0,1.0,2.0,2.0,2.0,0.0,2.0,2.0,2.0,2.0,5.0,2.0,2.0,1.0,4.0,33.0,1
3.0,2.0,26.0,5.0,4.0,1.0,2.0,0.0,4.0,2.0,1.0,1.0,3.0,676.0,2.0,2.0,1.0,0.0,18.0,0.0,2.0,0.0,2.0,2.0,2.0,2.0,0.0,1.0,12.0,0.0,0.0,0.0,0.0,0.0,0.0,0.0,0.0,0.0,0.0,0.0,0.0,0.0,0.0,0.0,0.0,0.0,0.0,33.0,0
1.0,1.0,57.0,3.0,4.0,1.0,2.0,0.0,4.0,2.0,1.0,1.0,3.0,3249.0,2.0,2.0,1.0,0.0,20.0,0.0,2.0,0.0,1.0,1.0,2.0,2.0,0.0,2.0,8.0,0.0,0.0,0.0,0.0,0.0,0.0,0.0,0.0,0.0,0.0,0.0,0.0,0.0,0.0,0.0,0.0,0.0,0.0,33.0,0
3.0,2.0,27.0,5.0,4.0,1.0,2.0,0.0,4.0,2.0,1.0,1.0,3.0,729.0,3.0,3.0,1.0,0.0,48.0,0.0,2.0,0.0,2.0,2.0,2.0,2.0,0.0,2.0,11.0,4.0,2.0,0.0,0.0,1.0,2.0,1.0,2.0,0.0,2.0,2.0,2.0,2.0,5.0,2.0,2.0,1.0,4.0,33.0,1
2.0,1.0,66.0,2.0,4.0,1.0,2.0,0.0,2.0,1.0,4.0,1.0,2.0,4356.0,2.0,1.0,1.0,0.0,20.0,0.0,1.0,1.0,1.0,1.0,2.0,2.0,0.0,1.0,8.0,0.0,0.0,0.0,0.0,0.0,0.0,0.0,0.0,0.0,0.0,0.0,0.0,0.0,0.0,0.0,0.0,0.0,0.0,33.0,0
3.0,2.0,21.0,5.0,4.0,1.0,1.0,1.0,4.0,2.0,1.0,1.0,3.0,441.0,3.0,1.0,1.0,0.0,6.0,0.0,1.0,1.0,1.0,1.0,2.0,2.0,0.0,5.0,11.0,5.0,2.0,0.0,0.0,1.0,2.0,2.0,2.0,0.0,2.0,2.0,1.0,2.0,0.0,2.0,2.0,3.0,4.0,33.0,1
3.0,2.0,43.0,3.0,1.0,1.0,2.0,0.0,4.0,1.0,1.0,1.0,4.0,1849.0,3.0,2.0,1.0,0.0,30.0,0.0,2.0,0.0,2.0,2.0,1.0,2.0,0.0,99.0,9.0,1.0,2.0,0.0,0.0,2.0,2.0,2.0,2.0,5.0,1.0,1.0,1.0,1.0,0.0,1.0,0.0,1.0,1.0,33.0,0
1.0,2.0,59.0,5.0,1.0,1.0,2.0,0.0,4.0,1.0,1.0,1.0,4.0,3481.0,3.0,2.0,1.0,0.0,45.0,0.0,2.0,0.0,2.0,2.0,2.0,2.0,0.0,9.0,11.0,5.0,2.0,0.0,0.0,2.0,2.0,2.0,2.0,5.0,1.0,1.0,1.0,1.0,0.0,1.0,0.0,1.0,1.0,33.0,0
1.0,1.0,48.0,1.0,1.0,1.0,2.0,0.0,7.0,1.0,3.0,1.0,6.0,2304.0,3.0,2.0,2.0,3.0,24.0,16.0,2.0,0.0,2.0,2.0,2.0,2.0,0.0,99.0,11.0,6.0,2.0,0.0,0.0,2.0,2.0,2.0,2.0,5.0,2.0,2.0,2.0,2.0,5.0,2.0,1.0,1.0,3.0,32.0,1
2.0,2.0,50.0,1.0,1.0,1.0,2.0,0.0,7.0,1.0,1.0,1.0,6.0,2500.0,3.0,2.0,1.0,0.0,30.0,0.0,2.0,0.0,2.0,2.0,1.0,2.0,0.0,12.0,11.0,6.0,2.0,0.0,0.0,2.0,2.0,2.0,2.0,5.0,1.0,1.0,1.0,1.0,0.0,1.0,0.0,1.0,1.0,32.0,0
3.0,1.0,19.0,5.0,1.0,1.0,1.0,2.0,7.0,2.0,1.0,1.0,5.0,361.0,3.0,2.0,1.0,0.0,20.0,0.0,2.0,0.0,2.0,2.0,2.0,2.0,0.0,99.0,11.0,4.0,2.0,0.0,0.0,2.0,2.0,2.0,2.0,5.0,1.0,1.0,1.0,1.0,0.0,1.0,0.0,1.0,1.0,32.0,0
1.0,2.0,28.0,1.0,1.0,1.0,2.0,0.0,7.0,1.0,1.0,1.0,6.0,784.0,3.0,2.0,1.0,0.0,45.0,0.0,2.0,0.0,2.0,2.0,1.0,2.0,0.0,12.0,11.0,5.0,1.0,5.0,4.0,1.0,2.0,2.0,2.0,0.0,1.0,1.0,1.0,1.0,0.0,1.0,0.0,1.0,1.0,32.0,0
2.0,1.0,29.0,1.0,1.0,1.0,2.0,0.0,4.0,1.0,1.0,1.0,4.0,841.0,3.0,3.0,2.0,2.0,45.0,6.0,2.0,0.0,2.0,2.0,2.0,2.0,0.0,99.0,11.0,6.0,2.0,0.0,0.0,2.0,2.0,2.0,2.0,5.0,1.0,1.0,1.0,1.0,0.0,1.0,0.0,1.0,1.0,32.0,0
1.0,1.0,25.0,5.0,1.0,1.0,2.0,0.0,4.0,1.0,1.0,1.0,4.0,625.0,3.0,2.0,1.0,0.0,35.0,0.0,2.0,0.0,2.0,2.0,2.0,2.0,0.0,6.0,11.0,6.0,2.0,0.0,0.0,1.0,2.0,2.0,2.0,0.0,1.0,1.0,1.0,1.0,0.0,1.0,0.0,1.0,1.0,32.0,0
1.0,1.0,50.0,5.0,1.0,1.0,2.0,0.0,7.0,1.0,5.0,1.0,6.0,2500.0,3.0,2.0,1.0,0.0,40.0,0.0,2.0,0.0,2.0,2.0,2.0,2.0,0.0,6.0,11.0,5.0,2.0,0.0,0.0,2.0,2.0,2.0,2.0,5.0,1.0,1.0,1.0,1.0,0.0,1.0,0.0,1.0,1.0,32.0,0
3.0,1.0,22.0,5.0,1.0,1.0,2.0,0.0,7.0,2.0,5.0,5.0,5.0,484.0,3.0,2.0,1.0,0.0,44.0,0.0,2.0,0.0,2.0,2.0,2.0,2.0,0.0,7.0,11.0,5.0,2.0,0.0,0.0,1.0,2.0,2.0,2.0,0.0,1.0,1.0,1.0,1.0,0.0,1.0,0.0,1.0,1.0,32.0,0
1.0,2.0,34.0,3.0,1.0,1.0,2.0,0.0,7.0,1.0,1.0,1.0,6.0,1156.0,3.0,3.0,1.0,0.0,56.0,0.0,2.0,0.0,2.0,2.0,1.0,2.0,0.0,12.0,11.0,6.0,2.0,0.0,0.0,2.0,2.0,2.0,2.0,5.0,1.0,1.0,1.0,1.0,0.0,1.0,0.0,1.0,1.0,32.0,0
1.0,1.0,57.0,5.0,4.0,1.0,2.0,0.0,4.0,1.0,1.0,1.0,4.0,3249.0,3.0,3.0,1.0,0.0,47.0,0.0,2.0,0.0,2.0,2.0,2.0,2.0,0.0,12.0,4.0,5.0,2.0,0.0,0.0,2.0,2.0,2.0,2.0,5.0,2.0,2.0,2.0,2.0,5.0,2.0,2.0,1.0,4.0,32.0,1
1.0,1.0,61.0,3.0,1.0,1.0,2.0,0.0,7.0,1.0,1.0,1.0,6.0,3721.0,3.0,2.0,1.0,0.0,45.0,0.0,2.0,0.0,2.0,2.0,2.0,2.0,0.0,12.0,12.0,6.0,2.0,0.0,0.0,2.0,2.0,1.0,1.0,0.0,1.0,1.0,1.0,1.0,0.0,1.0,0.0,1.0,1.0,32.0,0
1.0,2.0,63.0,4.0,1.0,1.0,2.0,0.0,2.0,1.0,1.0,1.0,2.0,3969.0,2.0,2.0,1.0,0.0,42.0,0.0,2.0,0.0,2.0,2.0,2.0,2.0,0.0,1.0,6.0,0.0,0.0,0.0,0.0,0.0,0.0,0.0,0.0,0.0,0.0,0.0,0.0,0.0,0.0,0.0,0.0,0.0,0.0,33.0,0
3.0,1.0,30.0,1.0,1.0,1.0,1.0,2.0,7.0,2.0,1.0,1.0,5.0,900.0,3.0,2.0,1.0,0.0,40.0,0.0,2.0,0.0,2.0,2.0,2.0,2.0,0.0,99.0,11.0,6.0,2.0,0.0,0.0,2.0,2.0,2.0,2.0,5.0,1.0,1.0,1.0,1.0,0.0,1.0,0.0,3.0,1.0,33.0,0
1.0,1.0,64.0,5.0,1.0,1.0,2.0,0.0,2.0,1.0,1.0,1.0,2.0,4096.0,3.0,3.0,1.0,0.0,60.0,0.0,2.0,0.0,2.0,2.0,2.0,2.0,0.0,9.0,11.0,5.0,2.0,0.0,0.0,2.0,2.0,2.0,2.0,5.0,2.0,2.0,1.0,1.0,0.0,1.0,0.0,3.0,1.0,33.0,0
2.0,1.0,34.0,1.0,4.0,1.0,2.0,0.0,4.0,2.0,1.0,1.0,3.0,1156.0,3.0,3.0,1.0,0.0,50.0,0.0,2.0,0.0,2.0,2.0,2.0,2.0,0.0,9.0,11.0,1.0,1.0,9.0,2.0,2.0,2.0,2.0,1.0,0.0,2.0,2.0,2.0,2.0,5.0,2.0,2.0,1.0,1.0,33.0,1
1.0,1.0,58.0,2.0,1.0,1.0,2.0,0.0,4.0,2.0,1.0,1.0,3.0,3364.0,3.0,3.0,1.0,0.0,84.0,0.0,2.0,0.0,2.0,2.0,2.0,2.0,0.0,6.0,8.0,6.0,2.0,0.0,0.0,1.0,2.0,2.0,2.0,0.0,1.0,1.0,1.0,1.0,0.0,1.0,0.0,2.0,1.0,33.0,0
3.0,1.0,31.0,5.0,1.0,1.0,2.0,0.0,6.0,1.0,1.0,1.0,6.0,961.0,3.0,2.0,1.0,0.0,40.0,0.0,2.0,0.0,2.0,2.0,2.0,2.0,0.0,99.0,11.0,6.0,2.0,0.0,0.0,2.0,2.0,2.0,2.0,5.0,1.0,1.0,1.0,1.0,0.0,1.0,0.0,1.0,1.0,33.0,0
3.0,1.0,20.0,5.0,4.0,1.0,2.0,0.0,4.0,1.0,1.0,1.0,4.0,400.0,3.0,3.0,1.0,0.0,50.0,0.0,2.0,0.0,2.0,2.0,2.0,2.0,0.0,3.0,11.0,3.0,2.0,0.0,0.0,2.0,2.0,2.0,2.0,5.0,2.0,2.0,2.0,2.0,5.0,2.0,2.0,1.0,1.0,33.0,1
1.0,2.0,41.0,3.0,1.0,1.0,2.0,0.0,4.0,1.0,1.0,1.0,4.0,1681.0,3.0,2.0,1.0,0.0,40.0,0.0,2.0,0.0,2.0,2.0,2.0,2.0,0.0,8.0,11.0,6.0,2.0,0.0,0.0,2.0,2.0,2.0,2.0,5.0,1.0,1.0,1.0,1.0,0.0,1.0,0.0,1.0,1.0,33.0,0
2.0,1.0,63.0,2.0,1.0,1.0,2.0,0.0,6.0,1.0,1.0,1.0,6.0,3969.0,3.0,2.0,1.0,0.0,40.0,0.0,2.0,0.0,2.0,2.0,2.0,2.0,0.0,6.0,8.0,6.0,2.0,0.0,0.0,2.0,2.0,2.0,2.0,5.0,1.0,1.0,1.0,1.0,0.0,1.0,0.0,1.0,1.0,33.0,0
1.0,2.0,39.0,1.0,1.0,1.0,2.0,0.0,4.0,1.0,1.0,1.0,4.0,1521.0,3.0,1.0,2.0,2.0,4.0,4.0,1.0,1.0,1.0,1.0,2.0,2.0,0.0,7.0,11.0,6.0,2.0,0.0,0.0,2.0,2.0,2.0,2.0,5.0,1.0,1.0,1.0,1.0,0.0,1.0,0.0,1.0,1.0,33.0,0
2.0,1.0,38.0,1.0,1.0,1.0,2.0,0.0,2.0,1.0,1.0,1.0,2.0,1444.0,3.0,2.0,1.0,0.0,32.0,0.0,2.0,0.0,2.0,2.0,2.0,2.0,0.0,7.0,11.0,6.0,2.0,0.0,0.0,2.0,2.0,2.0,2.0,5.0,1.0,1.0,1.0,1.0,0.0,1.0,0.0,1.0,1.0,33.0,0
3.0,1.0,28.0,5.0,1.0,1.0,2.0,0.0,4.0,1.0,1.0,1.0,4.0,784.0,3.0,3.0,1.0,0.0,48.0,0.0,2.0,0.0,2.0,2.0,2.0,2.0,0.0,99.0,11.0,5.0,2.0,0.0,0.0,2.0,2.0,2.0,2.0,5.0,1.0,1.0,1.0,1.0,0.0,1.0,0.0,1.0,1.0,33.0,0
3.0,1.0,38.0,5.0,4.0,1.0,2.0,0.0,2.0,1.0,1.0,1.0,2.0,1444.0,2.0,2.0,1.0,0.0,40.0,0.0,2.0,0.0,2.0,2.0,2.0,2.0,0.0,1.0,8.0,0.0,0.0,0.0,0.0,0.0,0.0,0.0,0.0,0.0,0.0,0.0,0.0,0.0,0.0,0.0,0.0,0.0,0.0,33.0,0
3.0,1.0,36.0,5.0,4.0,1.0,2.0,0.0,2.0,1.0,1.0,1.0,2.0,1296.0,2.0,1.0,1.0,0.0,21.0,0.0,1.0,1.0,1.0,2.0,2.0,2.0,0.0,1.0,8.0,0.0,0.0,0.0,0.0,0.0,0.0,0.0,0.0,0.0,0.0,0.0,0.0,0.0,0.0,0.0,0.0,0.0,0.0,33.0,0
1.0,1.0,38.0,1.0,1.0,1.0,1.0,1.0,4.0,2.0,1.0,1.0,3.0,1444.0,3.0,3.0,1.0,0.0,53.0,0.0,2.0,0.0,2.0,2.0,2.0,2.0,0.0,6.0,11.0,4.0,2.0,0.0,0.0,1.0,2.0,2.0,2.0,0.0,1.0,1.0,1.0,1.0,0.0,1.0,0.0,1.0,1.0,33.0,0
2.0,2.0,36.0,1.0,1.0,1.0,1.0,1.0,7.0,2.0,1.0,1.0,5.0,1296.0,3.0,1.0,1.0,0.0,30.0,0.0,1.0,1.0,1.0,1.0,2.0,2.0,0.0,12.0,4.0,1.0,1.0,9.0,4.0,2.0,2.0,2.0,2.0,5.0,2.0,2.0,2.0,2.0,5.0,2.0,2.0,1.0,4.0,33.0,1
3.0,1.0,35.0,5.0,1.0,1.0,1.0,1.0,6.0,2.0,1.0,1.0,5.0,1225.0,3.0,2.0,1.0,0.0,40.0,0.0,2.0,0.0,2.0,2.0,1.0,2.0,0.0,99.0,11.0,5.0,2.0,0.0,0.0,2.0,2.0,2.0,2.0,5.0,1.0,1.0,1.0,1.0,0.0,1.0,0.0,1.0,1.0,33.0,0
3.0,2.0,30.0,5.0,1.0,1.0,2.0,0.0,7.0,1.0,1.0,1.0,6.0,900.0,3.0,2.0,1.0,0.0,40.0,0.0,2.0,0.0,2.0,2.0,2.0,2.0,0.0,10.0,8.0,5.0,2.0,0.0,0.0,2.0,2.0,2.0,2.0,5.0,1.0,1.0,1.0,1.0,0.0,1.0,0.0,1.0,1.0,33.0,0
1.0,1.0,65.0,2.0,1.0,1.0,2.0,0.0,8.0,1.0,1.0,1.0,6.0,4225.0,1.0,3.0,2.0,3.0,35.0,39.0,2.0,0.0,2.0,2.0,2.0,2.0,0.0,2.0,6.0,0.0,0.0,0.0,0.0,0.0,0.0,0.0,0.0,0.0,0.0,0.0,0.0,0.0,0.0,0.0,0.0,0.0,0.0,33.0,0
2.0,2.0,63.0,2.0,1.0,1.0,2.0,0.0,7.0,1.0,1.0,1.0,6.0,3969.0,3.0,3.0,2.0,2.0,42.0,20.0,2.0,0.0,2.0,2.0,2.0,2.0,0.0,2.0,6.0,6.0,2.0,0.0,0.0,1.0,2.0,2.0,1.0,0.0,2.0,2.0,2.0,2.0,5.0,2.0,1.0,1.0,3.0,33.0,1
1.0,2.0,47.0,5.0,1.0,1.0,2.0,0.0,7.0,1.0,1.0,1.0,6.0,2209.0,3.0,2.0,1.0,0.0,40.0,0.0,2.0,0.0,2.0,2.0,2.0,2.0,0.0,9.0,11.0,5.0,2.0,0.0,0.0,2.0,2.0,2.0,2.0,5.0,1.0,1.0,1.0,1.0,0.0,1.0,0.0,1.0,1.0,33.0,0
3.0,1.0,45.0,5.0,1.0,1.0,2.0,0.0,7.0,1.0,1.0,1.0,6.0,2025.0,2.0,1.0,1.0,0.0,20.0,0.0,1.0,1.0,1.0,1.0,2.0,2.0,0.0,1.0,6.0,0.0,0.0,0.0,0.0,0.0,0.0,0.0,0.0,0.0,0.0,0.0,0.0,0.0,0.0,0.0,0.0,0.0,0.0,33.0,0
1.0,2.0,67.0,5.0,1.0,1.0,2.0,0.0,6.0,1.0,1.0,1.0,6.0,4489.0,3.0,2.0,1.0,0.0,12.0,0.0,2.0,0.0,2.0,2.0,2.0,1.0,1.0,0.0,0.0,0.0,0.0,0.0,0.0,1.0,2.0,2.0,2.0,0.0,2.0,2.0,2.0,2.0,5.0,2.0,2.0,1.0,4.0,33.0,1
1.0,1.0,56.0,3.0,1.0,1.0,2.0,0.0,2.0,1.0,1.0,1.0,2.0,3136.0,3.0,2.0,1.0,0.0,40.0,0.0,2.0,0.0,2.0,2.0,2.0,2.0,0.0,6.0,5.0,5.0,1.0,2.0,4.0,2.0,2.0,2.0,2.0,5.0,2.0,2.0,2.0,2.0,5.0,2.0,1.0,1.0,4.0,33.0,1
8.0,2.0,58.0,3.0,1.0,1.0,2.0,0.0,2.0,1.0,1.0,1.0,2.0,3364.0,3.0,3.0,1.0,0.0,48.0,0.0,2.0,0.0,2.0,2.0,2.0,1.0,1.0,0.0,0.0,0.0,0.0,0.0,0.0,1.0,2.0,2.0,2.0,0.0,1.0,1.0,1.0,1.0,0.0,1.0,0.0,1.0,1.0,33.0,0
3.0,1.0,37.0,3.0,4.0,1.0,2.0,0.0,4.0,1.0,1.0,1.0,4.0,1369.0,3.0,2.0,1.0,0.0,28.0,0.0,2.0,0.0,2.0,1.0,2.0,2.0,0.0,2.0,3.0,4.0,1.0,9.0,4.0,2.0,2.0,2.0,2.0,5.0,2.0,2.0,2.0,2.0,5.0,2.0,2.0,1.0,4.0,33.0,1
1.0,1.0,56.0,5.0,4.0,1.0,2.0,0.0,4.0,2.0,3.0,1.0,3.0,3136.0,2.0,3.0,1.0,0.0,60.0,0.0,2.0,0.0,2.0,1.0,2.0,2.0,0.0,1.0,8.0,0.0,0.0,0.0,0.0,0.0,0.0,0.0,0.0,0.0,0.0,0.0,0.0,0.0,0.0,0.0,0.0,0.0,0.0,33.0,0
1.0,2.0,52.0,3.0,1.0,1.0,2.0,0.0,4.0,1.0,1.0,1.0,4.0,2704.0,3.0,2.0,1.0,0.0,32.0,0.0,2.0,0.0,2.0,2.0,2.0,2.0,0.0,12.0,11.0,6.0,2.0,0.0,0.0,1.0,2.0,2.0,2.0,0.0,1.0,1.0,1.0,1.0,0.0,1.0,0.0,1.0,1.0,33.0,0
8.0,1.0,45.0,5.0,1.0,1.0,2.0,0.0,4.0,1.0,1.0,1.0,4.0,2025.0,3.0,2.0,1.0,0.0,32.0,0.0,2.0,0.0,2.0,2.0,2.0,2.0,0.0,99.0,11.0,6.0,2.0,0.0,0.0,1.0,2.0,2.0,2.0,0.0,1.0,1.0,1.0,1.0,0.0,1.0,0.0,1.0,1.0,33.0,0
1.0,1.0,53.0,3.0,1.0,1.0,2.0,0.0,4.0,2.0,1.0,1.0,3.0,2809.0,3.0,3.0,1.0,0.0,48.0,0.0,2.0,0.0,2.0,2.0,2.0,2.0,0.0,12.0,11.0,6.0,2.0,0.0,0.0,2.0,2.0,2.0,2.0,5.0,1.0,1.0,1.0,1.0,0.0,1.0,0.0,1.0,1.0,33.0,0
3.0,1.0,25.0,5.0,4.0,1.0,2.0,0.0,4.0,1.0,1.0,1.0,4.0,625.0,3.0,2.0,1.0,0.0,40.0,0.0,2.0,0.0,2.0,2.0,2.0,2.0,0.0,8.0,11.0,3.0,2.0,0.0,0.0,2.0,2.0,2.0,2.0,5.0,2.0,2.0,2.0,2.0,5.0,2.0,2.0,1.0,4.0,33.0,1
1.0,2.0,40.0,3.0,1.0,1.0,2.0,0.0,6.0,1.0,1.0,1.0,6.0,1600.0,3.0,2.0,1.0,0.0,40.0,0.0,2.0,0.0,2.0,2.0,2.0,2.0,0.0,99.0,11.0,6.0,2.0,0.0,0.0,2.0,2.0,2.0,2.0,5.0,1.0,1.0,1.0,1.0,0.0,1.0,0.0,1.0,1.0,33.0,0
1.0,2.0,31.0,1.0,4.0,1.0,2.0,0.0,4.0,1.0,1.0,1.0,4.0,961.0,2.0,3.0,1.0,0.0,70.0,0.0,2.0,0.0,2.0,2.0,2.0,2.0,0.0,2.0,9.0,0.0,0.0,0.0,0.0,0.0,0.0,0.0,0.0,0.0,0.0,0.0,0.0,0.0,0.0,0.0,0.0,0.0,0.0,33.0,0
2.0,1.0,32.0,1.0,4.0,1.0,2.0,0.0,2.0,1.0,1.0,1.0,2.0,1024.0,2.0,3.0,1.0,0.0,70.0,0.0,2.0,0.0,2.0,2.0,2.0,2.0,0.0,2.0,9.0,0.0,0.0,0.0,0.0,0.0,0.0,0.0,0.0,0.0,0.0,0.0,0.0,0.0,0.0,0.0,0.0,0.0,0.0,33.0,0
2.0,2.0,24.0,1.0,1.0,1.0,2.0,0.0,4.0,1.0,1.0,1.0,4.0,576.0,3.0,3.0,1.0,0.0,48.0,0.0,2.0,0.0,2.0,2.0,2.0,2.0,0.0,4.0,11.0,5.0,2.0,0.0,0.0,2.0,2.0,2.0,2.0,5.0,1.0,1.0,1.0,1.0,0.0,1.0,0.0,1.0,1.0,33.0,0
1.0,2.0,47.0,2.0,1.0,1.0,2.0,0.0,8.0,1.0,1.0,1.0,6.0,2209.0,3.0,2.0,2.0,2.0,40.0,3.0,2.0,0.0,2.0,2.0,1.0,2.0,0.0,7.0,11.0,6.0,2.0,0.0,0.0,2.0,2.0,2.0,2.0,5.0,1.0,1.0,1.0,1.0,0.0,1.0,0.0,1.0,1.0,33.0,0
2.0,1.0,55.0,2.0,1.0,1.0,2.0,0.0,8.0,1.0,1.0,1.0,6.0,3025.0,3.0,2.0,1.0,0.0,40.0,0.0,2.0,0.0,2.0,2.0,1.0,2.0,0.0,9.0,11.0,5.0,2.0,0.0,0.0,2.0,2.0,2.0,2.0,5.0,1.0,1.0,1.0,1.0,0.0,1.0,0.0,1.0,1.0,33.0,0
1.0,1.0,53.0,3.0,1.0,1.0,2.0,0.0,4.0,1.0,3.0,1.0,4.0,2809.0,3.0,3.0,2.0,2.0,40.0,10.0,2.0,0.0,2.0,2.0,2.0,2.0,0.0,12.0,11.0,6.0,2.0,0.0,0.0,2.0,2.0,2.0,2.0,5.0,1.0,1.0,1.0,1.0,0.0,1.0,0.0,1.0,1.0,33.0,0
10.0,2.0,52.0,3.0,1.0,1.0,2.0,0.0,4.0,2.0,3.0,1.0,3.0,2704.0,3.0,2.0,2.0,3.0,16.0,20.0,2.0,0.0,2.0,2.0,2.0,1.0,3.0,0.0,0.0,0.0,0.0,0.0,0.0,1.0,2.0,2.0,2.0,0.0,1.0,1.0,1.0,1.0,0.0,1.0,0.0,1.0,1.0,33.0,0
3.0,1.0,32.0,1.0,1.0,1.0,2.0,0.0,6.0,1.0,3.0,1.0,6.0,1024.0,3.0,2.0,2.0,4.0,20.0,22.0,2.0,0.0,2.0,2.0,1.0,2.0,0.0,99.0,11.0,6.0,2.0,0.0,0.0,2.0,2.0,2.0,2.0,5.0,1.0,1.0,1.0,1.0,0.0,1.0,0.0,1.0,1.0,33.0,0
1.0,1.0,62.0,3.0,4.0,1.0,2.0,0.0,2.0,1.0,1.0,1.0,2.0,3844.0,2.0,2.0,1.0,0.0,30.0,0.0,2.0,0.0,2.0,2.0,2.0,2.0,0.0,3.0,8.0,0.0,0.0,0.0,0.0,0.0,0.0,0.0,0.0,0.0,0.0,0.0,0.0,0.0,0.0,0.0,0.0,0.0,0.0,33.0,0
1.0,1.0,62.0,3.0,1.0,1.0,2.0,0.0,7.0,1.0,1.0,1.0,6.0,3844.0,3.0,2.0,1.0,0.0,40.0,0.0,2.0,0.0,2.0,2.0,2.0,2.0,0.0,6.0,11.0,6.0,2.0,0.0,0.0,2.0,2.0,2.0,2.0,5.0,1.0,1.0,1.0,1.0,0.0,1.0,0.0,1.0,1.0,33.0,0
3.0,1.0,48.0,5.0,1.0,1.0,2.0,0.0,4.0,2.0,1.0,1.0,3.0,2304.0,2.0,3.0,1.0,0.0,84.0,0.0,2.0,0.0,2.0,2.0,2.0,2.0,0.0,1.0,8.0,0.0,0.0,0.0,0.0,0.0,0.0,0.0,0.0,0.0,0.0,0.0,0.0,0.0,0.0,0.0,0.0,0.0,0.0,33.0,0
1.0,2.0,65.0,2.0,2.0,1.0,2.0,0.0,4.0,1.0,1.0,1.0,4.0,4225.0,2.0,2.0,1.0,0.0,30.0,0.0,2.0,0.0,2.0,2.0,2.0,2.0,0.0,2.0,11.0,0.0,0.0,0.0,0.0,0.0,0.0,0.0,0.0,0.0,0.0,0.0,0.0,0.0,0.0,0.0,0.0,0.0,0.0,33.0,0
2.0,1.0,61.0,2.0,2.0,1.0,2.0,0.0,7.0,2.0,1.0,1.0,5.0,3721.0,2.0,2.0,1.0,0.0,45.0,0.0,2.0,0.0,2.0,2.0,2.0,2.0,0.0,2.0,11.0,0.0,0.0,0.0,0.0,0.0,0.0,0.0,0.0,0.0,0.0,0.0,0.0,0.0,0.0,0.0,0.0,0.0,0.0,33.0,0
1.0,1.0,77.0,2.0,1.0,1.0,2.0,0.0,4.0,1.0,1.0,1.0,4.0,5929.0,2.0,2.0,1.0,0.0,40.0,0.0,2.0,0.0,2.0,2.0,2.0,2.0,0.0,99.0,8.0,0.0,0.0,0.0,0.0,0.0,0.0,0.0,0.0,0.0,0.0,0.0,0.0,0.0,0.0,0.0,0.0,0.0,0.0,32.0,0
3.0,1.0,22.0,5.0,1.0,1.0,2.0,0.0,4.0,1.0,1.0,1.0,4.0,484.0,3.0,2.0,1.0,0.0,20.0,0.0,2.0,0.0,2.0,2.0,2.0,2.0,0.0,99.0,8.0,5.0,2.0,0.0,0.0,2.0,2.0,2.0,2.0,5.0,1.0,1.0,1.0,1.0,0.0,1.0,0.0,1.0,1.0,32.0,0
1.0,1.0,40.0,1.0,12.0,1.0,2.0,0.0,7.0,1.0,1.0,1.0,6.0,1600.0,2.0,4.0,0.0,0.0,0.0,0.0,2.0,0.0,2.0,2.0,2.0,2.0,0.0,1.0,12.0,0.0,0.0,0.0,0.0,0.0,0.0,0.0,0.0,0.0,0.0,0.0,0.0,0.0,0.0,0.0,0.0,0.0,0.0,32.0,0
2.0,2.0,38.0,1.0,12.0,1.0,2.0,0.0,6.0,1.0,1.0,1.0,6.0,1444.0,3.0,4.0,0.0,0.0,0.0,0.0,1.0,1.0,1.0,1.0,2.0,2.0,0.0,3.0,6.0,6.0,2.0,0.0,0.0,2.0,2.0,2.0,2.0,5.0,2.0,2.0,1.0,2.0,0.0,2.0,1.0,1.0,3.0,32.0,1
1.0,1.0,52.0,2.0,1.0,1.0,2.0,0.0,8.0,1.0,1.0,1.0,6.0,2704.0,2.0,2.0,2.0,2.0,25.0,16.0,2.0,0.0,2.0,2.0,2.0,2.0,0.0,1.0,6.0,0.0,0.0,0.0,0.0,0.0,0.0,0.0,0.0,0.0,0.0,0.0,0.0,0.0,0.0,0.0,0.0,0.0,0.0,32.0,0
2.0,2.0,56.0,2.0,1.0,1.0,2.0,0.0,4.0,1.0,1.0,1.0,4.0,3136.0,3.0,2.0,1.0,0.0,40.0,0.0,2.0,0.0,2.0,2.0,2.0,2.0,0.0,7.0,11.0,6.0,2.0,0.0,0.0,2.0,2.0,2.0,2.0,5.0,1.0,1.0,1.0,1.0,0.0,1.0,0.0,1.0,1.0,32.0,0
1.0,2.0,49.0,3.0,1.0,1.0,2.0,0.0,4.0,2.0,4.0,1.0,3.0,2401.0,3.0,2.0,1.0,0.0,40.0,0.0,1.0,1.0,1.0,1.0,1.0,2.0,0.0,10.0,11.0,6.0,2.0,0.0,0.0,2.0,2.0,2.0,2.0,5.0,1.0,1.0,1.0,1.0,0.0,1.0,0.0,1.0,1.0,33.0,0
3.0,1.0,32.0,3.0,4.0,1.0,1.0,1.0,7.0,2.0,1.0,1.0,5.0,1024.0,2.0,3.0,1.0,0.0,52.0,0.0,1.0,1.0,2.0,1.0,2.0,2.0,0.0,1.0,8.0,0.0,0.0,0.0,0.0,0.0,0.0,0.0,0.0,0.0,0.0,0.0,0.0,0.0,0.0,0.0,0.0,0.0,0.0,33.0,0
1.0,1.0,35.0,5.0,1.0,1.0,2.0,0.0,4.0,1.0,2.0,1.0,4.0,1225.0,3.0,2.0,1.0,0.0,36.0,0.0,2.0,0.0,2.0,1.0,1.0,2.0,0.0,12.0,4.0,6.0,2.0,0.0,0.0,2.0,2.0,2.0,1.0,0.0,1.0,1.0,1.0,1.0,0.0,1.0,0.0,1.0,1.0,33.0,0
1.0,1.0,63.0,2.0,1.0,1.0,2.0,0.0,4.0,1.0,1.0,1.0,4.0,3969.0,2.0,2.0,1.0,0.0,30.0,0.0,2.0,0.0,2.0,2.0,2.0,2.0,0.0,99.0,11.0,0.0,0.0,0.0,0.0,0.0,0.0,0.0,0.0,0.0,0.0,0.0,0.0,0.0,0.0,0.0,0.0,0.0,0.0,33.0,0
2.0,2.0,62.0,2.0,1.0,1.0,2.0,0.0,6.0,1.0,1.0,1.0,6.0,3844.0,3.0,2.0,1.0,0.0,25.0,0.0,2.0,0.0,2.0,2.0,2.0,2.0,0.0,99.0,11.0,0.0,0.0,0.0,0.0,0.0,0.0,0.0,0.0,0.0,0.0,0.0,0.0,0.0,0.0,2.0,0.0,0.0,0.0,33.0,1
1.0,1.0,21.0,1.0,4.0,1.0,2.0,0.0,4.0,2.0,1.0,1.0,3.0,441.0,3.0,3.0,1.0,0.0,70.0,0.0,2.0,0.0,2.0,2.0,2.0,2.0,0.0,5.0,11.0,4.0,9.0,9.0,4.0,1.0,2.0,2.0,2.0,0.0,2.0,2.0,2.0,2.0,5.0,2.0,2.0,1.0,4.0,33.0,1
1.0,2.0,35.0,3.0,4.0,1.0,1.0,1.0,7.0,2.0,1.0,1.0,5.0,1225.0,3.0,1.0,1.0,0.0,5.0,0.0,1.0,1.0,1.0,1.0,2.0,1.0,1.0,0.0,0.0,0.0,0.0,0.0,0.0,2.0,2.0,2.0,2.0,5.0,2.0,2.0,2.0,2.0,5.0,2.0,2.0,1.0,4.0,33.0,1
